num_k=227
num_nodes=20
duration=24.0 hours
ipn_node_to_planet_map={0: '1', 1: '1'}
nodes=['1001', '1002', '2001', '2002', '2003', '2004', '2005', '2006', '2007', '2008', '2009', '2010', '2011', '2012', '2013', '2014', '2015', '2016', '9001', '9002']
oi to node={0: 0, 1: 0, 2: 1, 3: 1, 4: 2, 5: 3, 6: 4, 7: 5, 8: 6, 9: 7, 10: 8, 11: 9, 12: 10, 13: 11, 14: 12, 15: 13, 16: 14, 17: 15, 18: 16, 19: 17, 20: 18, 21: 19}
node to oi={0: [0, 1], 1: [2, 3], 2: [4], 3: [5], 4: [6], 5: [7], 6: [8], 7: [9], 8: [10], 9: [11], 10: [12], 11: [13], 12: [14], 13: [15], 14: [16], 15: [17], 16: [18], 17: [19], 18: [20], 19: [21]}

  0,1,2,3,4,5,6,7,8,9,10,11,12,13,14,15,16,17,18,19,20,21,
0 *,0,0,0,0,0,0,0,0,0,0,0,0,0,0,0,0,0,0,0,0,0,
1 0,*,0,0,0,0,0,0,0,0,0,0,0,0,0,0,0,0,0,0,0,0,
2 0,0,*,0,0,0,0,0,0,0,0,0,0,0,0,0,0,0,0,0,1,0,
3 0,0,0,*,0,0,0,0,0,0,0,0,0,0,0,0,0,0,0,0,1,0,
4 1,1,1,1,*,0,0,0,0,0,0,0,0,0,0,0,0,0,0,0,1,1,
5 1,1,1,1,0,*,0,0,0,0,0,0,0,0,0,0,0,0,0,0,1,1,
6 1,1,1,1,0,0,*,0,0,0,0,0,0,0,0,0,0,0,0,0,1,1,
7 1,1,1,1,0,0,0,*,0,0,0,0,0,0,0,0,0,0,0,0,1,1,
8 0,0,0,0,0,0,0,0,*,0,0,0,0,0,0,0,0,0,0,0,0,0,
9 1,1,1,1,0,0,0,0,0,*,0,0,0,0,0,0,0,0,0,0,1,1,
10 1,1,1,1,0,0,0,0,0,0,*,0,0,0,0,0,0,0,0,0,1,1,
11 1,1,1,1,0,0,0,0,0,0,0,*,0,0,0,0,0,0,0,0,1,1,
12 1,1,1,1,0,0,0,0,0,0,0,0,*,0,0,0,0,0,0,0,1,1,
13 1,1,1,1,0,0,0,0,0,0,0,0,0,*,0,0,0,0,0,0,1,1,
14 1,1,1,1,0,0,0,0,0,0,0,0,0,0,*,0,0,0,0,0,1,1,
15 1,1,1,1,0,0,0,0,0,0,0,0,0,0,0,*,0,0,0,0,1,1,
16 1,1,1,1,0,0,0,0,0,0,0,0,0,0,0,0,*,0,0,0,1,1,
17 1,1,1,1,0,0,0,0,0,0,0,0,0,0,0,0,0,*,0,0,1,1,
18 0,0,0,0,0,0,0,0,0,0,0,0,0,0,0,0,0,0,*,0,0,0,
19 1,1,1,1,0,0,0,0,0,0,0,0,0,0,0,0,0,0,0,*,1,1,
20 0,0,0,0,0,0,0,0,0,0,0,0,0,0,0,0,0,0,0,0,*,0,
21 0,0,0,0,0,0,0,0,0,0,0,0,0,0,0,0,0,0,0,0,0,*,
k=1
t=100

  0,1,2,3,4,5,6,7,8,9,10,11,12,13,14,15,16,17,18,19,20,21,
0 *,0,0,0,0,0,0,0,0,0,0,0,0,0,0,0,0,0,0,0,0,0,
1 0,*,0,0,0,0,0,0,0,0,0,0,0,0,0,0,0,0,0,0,0,0,
2 0,0,*,0,0,0,0,0,0,0,0,0,0,0,0,0,0,0,0,0,1,0,
3 0,0,0,*,0,0,0,0,0,0,0,0,0,0,0,0,0,0,0,0,1,0,
4 1,1,1,1,*,0,0,0,0,0,0,0,0,0,0,0,0,0,0,0,1,1,
5 1,1,1,1,0,*,0,0,0,0,0,0,0,0,0,0,0,0,0,0,1,1,
6 1,1,1,1,0,0,*,0,0,0,0,0,0,0,0,0,0,0,0,0,1,1,
7 1,1,1,1,0,0,0,*,0,0,0,0,0,0,0,0,0,0,0,0,1,1,
8 0,0,0,0,0,0,0,0,*,0,0,0,0,0,0,0,0,0,0,0,0,0,
9 1,1,1,1,0,0,0,0,0,*,0,0,0,0,0,0,0,0,0,0,1,1,
10 1,1,1,1,0,0,0,0,0,0,*,0,0,0,0,0,0,0,0,0,1,1,
11 1,1,1,1,0,0,0,0,0,0,0,*,0,0,0,0,0,0,0,0,1,1,
12 1,1,1,1,0,0,0,0,0,0,0,0,*,0,0,0,0,0,0,0,1,1,
13 1,1,1,1,0,0,0,0,0,0,0,0,0,*,0,0,0,0,0,0,1,1,
14 1,1,1,1,0,0,0,0,0,0,0,0,0,0,*,0,0,0,0,0,1,1,
15 1,1,1,1,0,0,0,0,0,0,0,0,0,0,0,*,0,0,0,0,1,1,
16 1,1,1,1,0,0,0,0,0,0,0,0,0,0,0,0,*,0,0,0,1,1,
17 1,1,1,1,0,0,0,0,0,0,0,0,0,0,0,0,0,*,0,0,1,1,
18 0,0,0,0,0,0,0,0,0,0,0,0,0,0,0,0,0,0,*,0,0,0,
19 1,1,1,1,0,0,0,0,0,0,0,0,0,0,0,0,0,0,0,*,1,1,
20 0,0,0,0,0,0,0,0,0,0,0,0,0,0,0,0,0,0,0,0,*,0,
21 0,0,0,0,0,0,0,0,0,0,0,0,0,0,0,0,0,0,0,0,0,*,
k=2
t=600

  0,1,2,3,4,5,6,7,8,9,10,11,12,13,14,15,16,17,18,19,20,21,
0 *,0,0,0,0,0,0,0,0,0,0,0,0,0,0,0,0,0,0,0,0,0,
1 0,*,0,0,0,0,0,0,0,0,0,0,0,0,0,0,0,0,0,0,0,0,
2 0,0,*,0,0,0,0,0,0,0,0,0,0,0,0,0,0,0,0,0,1,0,
3 0,0,0,*,0,0,0,0,0,0,0,0,0,0,0,0,0,0,0,0,1,0,
4 1,1,1,1,*,0,0,0,0,0,0,0,0,0,0,0,0,0,0,0,1,1,
5 1,1,1,1,0,*,0,0,0,0,0,0,0,0,0,0,0,0,0,0,1,1,
6 1,1,1,1,0,0,*,0,0,0,0,0,0,0,0,0,0,0,0,0,1,1,
7 1,1,1,1,0,0,0,*,0,0,0,0,0,0,0,0,0,0,0,0,1,1,
8 0,0,0,0,0,0,0,0,*,0,0,0,0,0,0,0,0,0,0,0,0,0,
9 1,1,1,1,0,0,0,0,0,*,0,0,0,0,0,0,0,0,0,0,1,1,
10 1,1,1,1,0,0,0,0,0,0,*,0,0,0,0,0,0,0,0,0,1,1,
11 1,1,1,1,0,0,0,0,0,0,0,*,0,0,0,0,0,0,0,0,1,1,
12 1,1,1,1,0,0,0,0,0,0,0,0,*,0,0,0,0,0,0,0,1,1,
13 1,1,1,1,0,0,0,0,0,0,0,0,0,*,0,0,0,0,0,0,1,1,
14 1,1,1,1,0,0,0,0,0,0,0,0,0,0,*,0,0,0,0,0,1,1,
15 1,1,1,1,0,0,0,0,0,0,0,0,0,0,0,*,0,0,0,0,1,1,
16 1,1,1,1,0,0,0,0,0,0,0,0,0,0,0,0,*,0,0,0,1,1,
17 1,1,1,1,0,0,0,0,0,0,0,0,0,0,0,0,0,*,0,0,1,1,
18 0,0,0,0,0,0,0,0,0,0,0,0,0,0,0,0,0,0,*,0,0,0,
19 1,1,1,1,0,0,0,0,0,0,0,0,0,0,0,0,0,0,0,*,1,1,
20 0,0,0,0,0,0,0,0,0,0,0,0,0,0,0,0,0,0,0,0,*,0,
21 0,0,0,0,0,0,0,0,0,0,0,0,0,0,0,0,0,0,0,0,0,*,
k=3
t=300

  0,1,2,3,4,5,6,7,8,9,10,11,12,13,14,15,16,17,18,19,20,21,
0 *,0,0,0,0,0,0,0,0,0,0,0,0,0,0,0,0,0,0,0,0,0,
1 0,*,0,0,0,0,0,0,0,0,0,0,0,0,0,0,0,0,0,0,0,0,
2 0,0,*,0,0,0,0,0,0,0,0,0,0,0,0,0,0,0,0,0,1,1,
3 0,0,0,*,0,0,0,0,0,0,0,0,0,0,0,0,0,0,0,0,1,1,
4 1,1,1,1,*,0,0,0,0,0,0,0,0,0,0,0,0,0,0,0,1,1,
5 1,1,1,1,0,*,0,0,0,0,0,0,0,0,0,0,0,0,0,0,1,1,
6 1,1,1,1,0,0,*,0,0,0,0,0,0,0,0,0,0,0,0,0,1,1,
7 1,1,1,1,0,0,0,*,0,0,0,0,0,0,0,0,0,0,0,0,1,1,
8 0,0,0,0,0,0,0,0,*,0,0,0,0,0,0,0,0,0,0,0,0,0,
9 1,1,1,1,0,0,0,0,0,*,0,0,0,0,0,0,0,0,0,0,1,1,
10 1,1,1,1,0,0,0,0,0,0,*,0,0,0,0,0,0,0,0,0,1,1,
11 1,1,1,1,0,0,0,0,0,0,0,*,0,0,0,0,0,0,0,0,1,1,
12 1,1,1,1,0,0,0,0,0,0,0,0,*,0,0,0,0,0,0,0,1,1,
13 1,1,1,1,0,0,0,0,0,0,0,0,0,*,0,0,0,0,0,0,1,1,
14 1,1,1,1,0,0,0,0,0,0,0,0,0,0,*,0,0,0,0,0,1,1,
15 1,1,1,1,0,0,0,0,0,0,0,0,0,0,0,*,0,0,0,0,1,1,
16 1,1,1,1,0,0,0,0,0,0,0,0,0,0,0,0,*,0,0,0,1,1,
17 1,1,1,1,0,0,0,0,0,0,0,0,0,0,0,0,0,*,0,0,1,1,
18 0,0,0,0,0,0,0,0,0,0,0,0,0,0,0,0,0,0,*,0,0,0,
19 1,1,1,1,0,0,0,0,0,0,0,0,0,0,0,0,0,0,0,*,1,1,
20 0,0,0,0,0,0,0,0,0,0,0,0,0,0,0,0,0,0,0,0,*,0,
21 0,0,0,0,0,0,0,0,0,0,0,0,0,0,0,0,0,0,0,0,0,*,
k=4
t=200

  0,1,2,3,4,5,6,7,8,9,10,11,12,13,14,15,16,17,18,19,20,21,
0 *,0,0,0,0,0,0,0,0,0,0,0,0,0,0,0,0,0,0,0,0,0,
1 0,*,0,0,0,0,0,0,0,0,0,0,0,0,0,0,0,0,0,0,0,0,
2 0,0,*,0,0,0,0,0,0,0,0,0,0,0,0,0,0,0,0,0,1,1,
3 0,0,0,*,0,0,0,0,0,0,0,0,0,0,0,0,0,0,0,0,1,1,
4 1,1,1,1,*,0,0,0,0,0,0,0,0,0,0,0,0,0,0,0,1,1,
5 1,1,1,1,0,*,0,0,0,0,0,0,0,0,0,0,0,0,0,0,1,1,
6 1,1,1,1,0,0,*,0,0,0,0,0,0,0,0,0,0,0,0,0,1,1,
7 1,1,1,1,0,0,0,*,0,0,0,0,0,0,0,0,0,0,0,0,1,1,
8 1,1,1,1,0,0,0,0,*,0,0,0,0,0,0,0,0,0,0,0,1,1,
9 1,1,1,1,0,0,0,0,0,*,0,0,0,0,0,0,0,0,0,0,1,1,
10 1,1,1,1,0,0,0,0,0,0,*,0,0,0,0,0,0,0,0,0,1,1,
11 1,1,1,1,0,0,0,0,0,0,0,*,0,0,0,0,0,0,0,0,1,1,
12 1,1,1,1,0,0,0,0,0,0,0,0,*,0,0,0,0,0,0,0,1,1,
13 1,1,1,1,0,0,0,0,0,0,0,0,0,*,0,0,0,0,0,0,1,1,
14 1,1,1,1,0,0,0,0,0,0,0,0,0,0,*,0,0,0,0,0,1,1,
15 1,1,1,1,0,0,0,0,0,0,0,0,0,0,0,*,0,0,0,0,1,1,
16 1,1,1,1,0,0,0,0,0,0,0,0,0,0,0,0,*,0,0,0,1,1,
17 1,1,1,1,0,0,0,0,0,0,0,0,0,0,0,0,0,*,0,0,1,1,
18 1,1,1,1,0,0,0,0,0,0,0,0,0,0,0,0,0,0,*,0,1,1,
19 1,1,1,1,0,0,0,0,0,0,0,0,0,0,0,0,0,0,0,*,1,1,
20 0,0,0,0,0,0,0,0,0,0,0,0,0,0,0,0,0,0,0,0,*,0,
21 0,0,0,0,0,0,0,0,0,0,0,0,0,0,0,0,0,0,0,0,0,*,
k=5
t=600

  0,1,2,3,4,5,6,7,8,9,10,11,12,13,14,15,16,17,18,19,20,21,
0 *,0,0,0,0,0,0,0,0,0,0,0,0,0,0,0,0,0,0,0,0,0,
1 0,*,0,0,0,0,0,0,0,0,0,0,0,0,0,0,0,0,0,0,0,0,
2 0,0,*,0,0,0,0,0,0,0,0,0,0,0,0,0,0,0,0,0,1,1,
3 0,0,0,*,0,0,0,0,0,0,0,0,0,0,0,0,0,0,0,0,1,1,
4 1,1,1,1,*,0,0,0,0,0,0,0,0,0,0,0,0,0,0,0,1,1,
5 1,1,1,1,0,*,0,0,0,0,0,0,0,0,0,0,0,0,0,0,1,1,
6 1,1,1,1,0,0,*,0,0,0,0,0,0,0,0,0,0,0,0,0,1,1,
7 1,1,1,1,0,0,0,*,0,0,0,0,0,0,0,0,0,0,0,0,1,1,
8 1,1,1,1,0,0,0,0,*,0,0,0,0,0,0,0,0,0,0,0,1,1,
9 1,1,1,1,0,0,0,0,0,*,0,0,0,0,0,0,0,0,0,0,1,1,
10 1,1,1,1,0,0,0,0,0,0,*,0,0,0,0,0,0,0,0,0,1,1,
11 1,1,1,1,0,0,0,0,0,0,0,*,0,0,0,0,0,0,0,0,1,1,
12 1,1,1,1,0,0,0,0,0,0,0,0,*,0,0,0,0,0,0,0,1,1,
13 1,1,1,1,0,0,0,0,0,0,0,0,0,*,0,0,0,0,0,0,1,1,
14 1,1,1,1,0,0,0,0,0,0,0,0,0,0,*,0,0,0,0,0,1,1,
15 1,1,1,1,0,0,0,0,0,0,0,0,0,0,0,*,0,0,0,0,1,1,
16 1,1,1,1,0,0,0,0,0,0,0,0,0,0,0,0,*,0,0,0,1,1,
17 1,1,1,1,0,0,0,0,0,0,0,0,0,0,0,0,0,*,0,0,1,1,
18 1,1,1,1,0,0,0,0,0,0,0,0,0,0,0,0,0,0,*,0,1,1,
19 1,1,1,1,0,0,0,0,0,0,0,0,0,0,0,0,0,0,0,*,1,1,
20 0,0,0,0,0,0,0,0,0,0,0,0,0,0,0,0,0,0,0,0,*,0,
21 0,0,0,0,0,0,0,0,0,0,0,0,0,0,0,0,0,0,0,0,0,*,
k=6
t=100

  0,1,2,3,4,5,6,7,8,9,10,11,12,13,14,15,16,17,18,19,20,21,
0 *,0,0,0,0,0,0,0,0,0,0,0,0,0,0,0,0,0,0,0,0,0,
1 0,*,0,0,0,0,0,0,0,0,0,0,0,0,0,0,0,0,0,0,0,0,
2 0,0,*,0,0,0,0,0,0,0,0,0,0,0,0,0,0,0,0,0,1,1,
3 0,0,0,*,0,0,0,0,0,0,0,0,0,0,0,0,0,0,0,0,1,1,
4 1,1,1,1,*,0,0,0,0,0,0,0,0,0,0,0,0,0,0,0,1,1,
5 1,1,1,1,0,*,0,0,0,0,0,0,0,0,0,0,0,0,0,0,1,1,
6 1,1,1,1,0,0,*,0,0,0,0,0,0,0,0,0,0,0,0,0,1,1,
7 1,1,1,1,0,0,0,*,0,0,0,0,0,0,0,0,0,0,0,0,1,1,
8 1,1,1,1,0,0,0,0,*,0,0,0,0,0,0,0,0,0,0,0,1,1,
9 1,1,1,1,0,0,0,0,0,*,0,0,0,0,0,0,0,0,0,0,1,1,
10 1,1,1,1,0,0,0,0,0,0,*,0,0,0,0,0,0,0,0,0,1,1,
11 1,1,1,1,0,0,0,0,0,0,0,*,0,0,0,0,0,0,0,0,1,1,
12 1,1,1,1,0,0,0,0,0,0,0,0,*,0,0,0,0,0,0,0,1,1,
13 1,1,1,1,0,0,0,0,0,0,0,0,0,*,0,0,0,0,0,0,1,1,
14 1,1,1,1,0,0,0,0,0,0,0,0,0,0,*,0,0,0,0,0,1,1,
15 1,1,1,1,0,0,0,0,0,0,0,0,0,0,0,*,0,0,0,0,1,1,
16 1,1,1,1,0,0,0,0,0,0,0,0,0,0,0,0,*,0,0,0,1,1,
17 1,1,1,1,0,0,0,0,0,0,0,0,0,0,0,0,0,*,0,0,1,1,
18 1,1,1,1,0,0,0,0,0,0,0,0,0,0,0,0,0,0,*,0,1,1,
19 1,1,1,1,0,0,0,0,0,0,0,0,0,0,0,0,0,0,0,*,1,1,
20 0,0,0,0,0,0,0,0,0,0,0,0,0,0,0,0,0,0,0,0,*,0,
21 0,0,0,0,0,0,0,0,0,0,0,0,0,0,0,0,0,0,0,0,0,*,
k=7
t=500

  0,1,2,3,4,5,6,7,8,9,10,11,12,13,14,15,16,17,18,19,20,21,
0 *,0,0,0,0,0,0,0,0,0,0,0,0,0,0,0,0,0,0,0,0,0,
1 0,*,0,0,0,0,0,0,0,0,0,0,0,0,0,0,0,0,0,0,0,0,
2 0,0,*,0,0,0,0,0,0,0,0,0,0,0,0,0,0,0,0,0,1,1,
3 0,0,0,*,0,0,0,0,0,0,0,0,0,0,0,0,0,0,0,0,1,1,
4 1,1,1,1,*,0,0,0,0,0,0,0,0,0,0,0,0,0,0,0,0,1,
5 1,1,1,1,0,*,0,0,0,0,0,0,0,0,0,0,0,0,0,0,0,1,
6 1,1,1,1,0,0,*,0,0,0,0,0,0,0,0,0,0,0,0,0,0,1,
7 1,1,1,1,0,0,0,*,0,0,0,0,0,0,0,0,0,0,0,0,0,1,
8 1,1,1,1,0,0,0,0,*,0,0,0,0,0,0,0,0,0,0,0,0,1,
9 1,1,1,1,0,0,0,0,0,*,0,0,0,0,0,0,0,0,0,0,0,1,
10 1,1,1,1,0,0,0,0,0,0,*,0,0,0,0,0,0,0,0,0,0,1,
11 1,1,1,1,0,0,0,0,0,0,0,*,0,0,0,0,0,0,0,0,0,1,
12 1,1,1,1,0,0,0,0,0,0,0,0,*,0,0,0,0,0,0,0,0,1,
13 1,1,1,1,0,0,0,0,0,0,0,0,0,*,0,0,0,0,0,0,0,1,
14 1,1,1,1,0,0,0,0,0,0,0,0,0,0,*,0,0,0,0,0,0,1,
15 1,1,1,1,0,0,0,0,0,0,0,0,0,0,0,*,0,0,0,0,0,1,
16 1,1,1,1,0,0,0,0,0,0,0,0,0,0,0,0,*,0,0,0,0,1,
17 1,1,1,1,0,0,0,0,0,0,0,0,0,0,0,0,0,*,0,0,0,1,
18 1,1,1,1,0,0,0,0,0,0,0,0,0,0,0,0,0,0,*,0,0,1,
19 1,1,1,1,0,0,0,0,0,0,0,0,0,0,0,0,0,0,0,*,0,1,
20 0,0,0,0,0,0,0,0,0,0,0,0,0,0,0,0,0,0,0,0,*,0,
21 0,0,0,0,0,0,0,0,0,0,0,0,0,0,0,0,0,0,0,0,0,*,
k=8
t=600

  0,1,2,3,4,5,6,7,8,9,10,11,12,13,14,15,16,17,18,19,20,21,
0 *,0,0,0,0,0,0,0,0,0,0,0,0,0,0,0,0,0,0,0,0,0,
1 0,*,0,0,0,0,0,0,0,0,0,0,0,0,0,0,0,0,0,0,0,0,
2 0,0,*,0,0,0,0,0,0,0,0,0,0,0,0,0,0,0,0,0,1,1,
3 0,0,0,*,0,0,0,0,0,0,0,0,0,0,0,0,0,0,0,0,1,1,
4 1,1,1,1,*,0,0,0,0,0,0,0,0,0,0,0,0,0,0,0,0,1,
5 1,1,1,1,0,*,0,0,0,0,0,0,0,0,0,0,0,0,0,0,0,1,
6 1,1,1,1,0,0,*,0,0,0,0,0,0,0,0,0,0,0,0,0,0,1,
7 1,1,1,1,0,0,0,*,0,0,0,0,0,0,0,0,0,0,0,0,0,1,
8 1,1,1,1,0,0,0,0,*,0,0,0,0,0,0,0,0,0,0,0,0,1,
9 1,1,1,1,0,0,0,0,0,*,0,0,0,0,0,0,0,0,0,0,0,1,
10 1,1,1,1,0,0,0,0,0,0,*,0,0,0,0,0,0,0,0,0,0,1,
11 1,1,1,1,0,0,0,0,0,0,0,*,0,0,0,0,0,0,0,0,0,1,
12 1,1,1,1,0,0,0,0,0,0,0,0,*,0,0,0,0,0,0,0,0,1,
13 1,1,1,1,0,0,0,0,0,0,0,0,0,*,0,0,0,0,0,0,0,1,
14 1,1,1,1,0,0,0,0,0,0,0,0,0,0,*,0,0,0,0,0,0,1,
15 1,1,1,1,0,0,0,0,0,0,0,0,0,0,0,*,0,0,0,0,0,1,
16 1,1,1,1,0,0,0,0,0,0,0,0,0,0,0,0,*,0,0,0,0,1,
17 1,1,1,1,0,0,0,0,0,0,0,0,0,0,0,0,0,*,0,0,0,1,
18 1,1,1,1,0,0,0,0,0,0,0,0,0,0,0,0,0,0,*,0,0,1,
19 1,1,1,1,0,0,0,0,0,0,0,0,0,0,0,0,0,0,0,*,0,1,
20 0,0,0,0,0,0,0,0,0,0,0,0,0,0,0,0,0,0,0,0,*,0,
21 0,0,0,0,0,0,0,0,0,0,0,0,0,0,0,0,0,0,0,0,0,*,
k=9
t=200

  0,1,2,3,4,5,6,7,8,9,10,11,12,13,14,15,16,17,18,19,20,21,
0 *,0,0,0,0,0,0,0,0,0,0,0,0,0,0,0,0,0,0,0,0,0,
1 0,*,0,0,0,0,0,0,0,0,0,0,0,0,0,0,0,0,0,0,0,0,
2 0,0,*,0,0,0,0,0,0,0,0,0,0,0,0,0,0,0,0,0,1,1,
3 0,0,0,*,0,0,0,0,0,0,0,0,0,0,0,0,0,0,0,0,1,1,
4 1,1,1,1,*,0,0,0,0,0,0,0,0,0,0,0,0,0,0,0,0,1,
5 1,1,1,1,0,*,0,0,0,0,0,0,0,0,0,0,0,0,0,0,0,1,
6 1,1,1,1,0,0,*,0,0,0,0,0,0,0,0,0,0,0,0,0,0,1,
7 1,1,1,1,0,0,0,*,0,0,0,0,0,0,0,0,0,0,0,0,0,1,
8 1,1,1,1,0,0,0,0,*,0,0,0,0,0,0,0,0,0,0,0,0,1,
9 1,1,1,1,0,0,0,0,0,*,0,0,0,0,0,0,0,0,0,0,0,1,
10 1,1,1,1,0,0,0,0,0,0,*,0,0,0,0,0,0,0,0,0,0,1,
11 1,1,1,1,0,0,0,0,0,0,0,*,0,0,0,0,0,0,0,0,0,1,
12 1,1,1,1,0,0,0,0,0,0,0,0,*,0,0,0,0,0,0,0,0,1,
13 1,1,1,1,0,0,0,0,0,0,0,0,0,*,0,0,0,0,0,0,0,1,
14 1,1,1,1,0,0,0,0,0,0,0,0,0,0,*,0,0,0,0,0,0,1,
15 1,1,1,1,0,0,0,0,0,0,0,0,0,0,0,*,0,0,0,0,0,1,
16 1,1,1,1,0,0,0,0,0,0,0,0,0,0,0,0,*,0,0,0,0,1,
17 1,1,1,1,0,0,0,0,0,0,0,0,0,0,0,0,0,*,0,0,0,1,
18 1,1,1,1,0,0,0,0,0,0,0,0,0,0,0,0,0,0,*,0,0,1,
19 1,1,1,1,0,0,0,0,0,0,0,0,0,0,0,0,0,0,0,*,0,1,
20 0,0,0,0,0,0,0,0,0,0,0,0,0,0,0,0,0,0,0,0,*,0,
21 0,0,0,0,0,0,0,0,0,0,0,0,0,0,0,0,0,0,0,0,0,*,
k=10
t=100

  0,1,2,3,4,5,6,7,8,9,10,11,12,13,14,15,16,17,18,19,20,21,
0 *,0,0,0,0,0,0,0,0,0,0,0,0,0,0,0,0,0,0,0,0,0,
1 0,*,0,0,0,0,0,0,0,0,0,0,0,0,0,0,0,0,0,0,0,0,
2 0,0,*,0,0,0,0,0,0,0,0,0,0,0,0,0,0,0,0,0,0,1,
3 0,0,0,*,0,0,0,0,0,0,0,0,0,0,0,0,0,0,0,0,0,1,
4 1,1,1,1,*,0,0,0,0,0,0,0,0,0,0,0,0,0,0,0,0,1,
5 1,1,1,1,0,*,0,0,0,0,0,0,0,0,0,0,0,0,0,0,0,1,
6 1,1,1,1,0,0,*,0,0,0,0,0,0,0,0,0,0,0,0,0,0,1,
7 1,1,1,1,0,0,0,*,0,0,0,0,0,0,0,0,0,0,0,0,0,1,
8 1,1,1,1,0,0,0,0,*,0,0,0,0,0,0,0,0,0,0,0,0,1,
9 1,1,1,1,0,0,0,0,0,*,0,0,0,0,0,0,0,0,0,0,0,1,
10 1,1,1,1,0,0,0,0,0,0,*,0,0,0,0,0,0,0,0,0,0,1,
11 1,1,1,1,0,0,0,0,0,0,0,*,0,0,0,0,0,0,0,0,0,1,
12 1,1,1,1,0,0,0,0,0,0,0,0,*,0,0,0,0,0,0,0,0,1,
13 1,1,1,1,0,0,0,0,0,0,0,0,0,*,0,0,0,0,0,0,0,1,
14 1,1,1,1,0,0,0,0,0,0,0,0,0,0,*,0,0,0,0,0,0,1,
15 1,1,1,1,0,0,0,0,0,0,0,0,0,0,0,*,0,0,0,0,0,1,
16 1,1,1,1,0,0,0,0,0,0,0,0,0,0,0,0,*,0,0,0,0,1,
17 1,1,1,1,0,0,0,0,0,0,0,0,0,0,0,0,0,*,0,0,0,1,
18 1,1,1,1,0,0,0,0,0,0,0,0,0,0,0,0,0,0,*,0,0,1,
19 1,1,1,1,0,0,0,0,0,0,0,0,0,0,0,0,0,0,0,*,0,1,
20 0,0,0,0,0,0,0,0,0,0,0,0,0,0,0,0,0,0,0,0,*,0,
21 0,0,0,0,0,0,0,0,0,0,0,0,0,0,0,0,0,0,0,0,0,*,
k=11
t=300

  0,1,2,3,4,5,6,7,8,9,10,11,12,13,14,15,16,17,18,19,20,21,
0 *,0,0,0,0,0,0,0,0,0,0,0,0,0,0,0,0,0,0,0,0,0,
1 0,*,0,0,0,0,0,0,0,0,0,0,0,0,0,0,0,0,0,0,0,0,
2 0,0,*,0,0,0,0,0,0,0,0,0,0,0,0,0,0,0,0,0,0,1,
3 0,0,0,*,0,0,0,0,0,0,0,0,0,0,0,0,0,0,0,0,0,1,
4 1,1,1,1,*,0,0,0,0,0,0,0,0,0,0,0,0,0,0,0,0,1,
5 1,1,1,1,0,*,0,0,0,0,0,0,0,0,0,0,0,0,0,0,0,1,
6 1,1,1,1,0,0,*,0,0,0,0,0,0,0,0,0,0,0,0,0,0,1,
7 1,1,1,1,0,0,0,*,0,0,0,0,0,0,0,0,0,0,0,0,0,1,
8 1,1,1,1,0,0,0,0,*,0,0,0,0,0,0,0,0,0,0,0,0,1,
9 1,1,1,1,0,0,0,0,0,*,0,0,0,0,0,0,0,0,0,0,0,1,
10 1,1,1,1,0,0,0,0,0,0,*,0,0,0,0,0,0,0,0,0,0,1,
11 1,1,1,1,0,0,0,0,0,0,0,*,0,0,0,0,0,0,0,0,0,1,
12 1,1,1,1,0,0,0,0,0,0,0,0,*,0,0,0,0,0,0,0,0,1,
13 1,1,1,1,0,0,0,0,0,0,0,0,0,*,0,0,0,0,0,0,0,1,
14 1,1,1,1,0,0,0,0,0,0,0,0,0,0,*,0,0,0,0,0,0,1,
15 1,1,1,1,0,0,0,0,0,0,0,0,0,0,0,*,0,0,0,0,0,1,
16 1,1,1,1,0,0,0,0,0,0,0,0,0,0,0,0,*,0,0,0,0,1,
17 0,0,0,0,0,0,0,0,0,0,0,0,0,0,0,0,0,*,0,0,0,0,
18 1,1,1,1,0,0,0,0,0,0,0,0,0,0,0,0,0,0,*,0,0,1,
19 1,1,1,1,0,0,0,0,0,0,0,0,0,0,0,0,0,0,0,*,0,1,
20 0,0,0,0,0,0,0,0,0,0,0,0,0,0,0,0,0,0,0,0,*,0,
21 0,0,0,0,0,0,0,0,0,0,0,0,0,0,0,0,0,0,0,0,0,*,
k=12
t=100

  0,1,2,3,4,5,6,7,8,9,10,11,12,13,14,15,16,17,18,19,20,21,
0 *,0,0,0,0,0,0,0,0,0,0,0,0,0,0,0,0,0,0,0,0,0,
1 0,*,0,0,0,0,0,0,0,0,0,0,0,0,0,0,0,0,0,0,0,0,
2 0,0,*,0,0,0,0,0,0,0,0,0,0,0,0,0,0,0,0,0,0,1,
3 0,0,0,*,0,0,0,0,0,0,0,0,0,0,0,0,0,0,0,0,0,1,
4 1,1,1,1,*,0,0,0,0,0,0,0,0,0,0,0,0,0,0,0,0,1,
5 1,1,1,1,0,*,0,0,0,0,0,0,0,0,0,0,0,0,0,0,0,1,
6 1,1,1,1,0,0,*,0,0,0,0,0,0,0,0,0,0,0,0,0,0,1,
7 1,1,1,1,0,0,0,*,0,0,0,0,0,0,0,0,0,0,0,0,0,1,
8 1,1,1,1,0,0,0,0,*,0,0,0,0,0,0,0,0,0,0,0,0,1,
9 1,1,1,1,0,0,0,0,0,*,0,0,0,0,0,0,0,0,0,0,0,1,
10 1,1,1,1,0,0,0,0,0,0,*,0,0,0,0,0,0,0,0,0,0,1,
11 0,0,0,0,0,0,0,0,0,0,0,*,0,0,0,0,0,0,0,0,0,0,
12 1,1,1,1,0,0,0,0,0,0,0,0,*,0,0,0,0,0,0,0,0,1,
13 1,1,1,1,0,0,0,0,0,0,0,0,0,*,0,0,0,0,0,0,0,1,
14 1,1,1,1,0,0,0,0,0,0,0,0,0,0,*,0,0,0,0,0,0,1,
15 1,1,1,1,0,0,0,0,0,0,0,0,0,0,0,*,0,0,0,0,0,1,
16 1,1,1,1,0,0,0,0,0,0,0,0,0,0,0,0,*,0,0,0,0,1,
17 0,0,0,0,0,0,0,0,0,0,0,0,0,0,0,0,0,*,0,0,0,0,
18 1,1,1,1,0,0,0,0,0,0,0,0,0,0,0,0,0,0,*,0,0,1,
19 1,1,1,1,0,0,0,0,0,0,0,0,0,0,0,0,0,0,0,*,0,1,
20 0,0,0,0,0,0,0,0,0,0,0,0,0,0,0,0,0,0,0,0,*,0,
21 0,0,0,0,0,0,0,0,0,0,0,0,0,0,0,0,0,0,0,0,0,*,
k=13
t=600

  0,1,2,3,4,5,6,7,8,9,10,11,12,13,14,15,16,17,18,19,20,21,
0 *,0,0,0,0,0,0,0,0,0,0,0,0,0,0,0,0,0,0,0,0,0,
1 0,*,0,0,0,0,0,0,0,0,0,0,0,0,0,0,0,0,0,0,0,0,
2 0,0,*,0,0,0,0,0,0,0,0,0,0,0,0,0,0,0,0,0,0,1,
3 0,0,0,*,0,0,0,0,0,0,0,0,0,0,0,0,0,0,0,0,0,1,
4 0,0,1,1,*,0,0,0,0,0,0,0,0,0,0,0,0,0,0,0,0,1,
5 0,0,1,1,0,*,0,0,0,0,0,0,0,0,0,0,0,0,0,0,0,1,
6 0,0,1,1,0,0,*,0,0,0,0,0,0,0,0,0,0,0,0,0,0,1,
7 0,0,1,1,0,0,0,*,0,0,0,0,0,0,0,0,0,0,0,0,0,1,
8 0,0,1,1,0,0,0,0,*,0,0,0,0,0,0,0,0,0,0,0,0,1,
9 0,0,1,1,0,0,0,0,0,*,0,0,0,0,0,0,0,0,0,0,0,1,
10 0,0,1,1,0,0,0,0,0,0,*,0,0,0,0,0,0,0,0,0,0,1,
11 0,0,0,0,0,0,0,0,0,0,0,*,0,0,0,0,0,0,0,0,0,0,
12 0,0,1,1,0,0,0,0,0,0,0,0,*,0,0,0,0,0,0,0,0,1,
13 0,0,1,1,0,0,0,0,0,0,0,0,0,*,0,0,0,0,0,0,0,1,
14 0,0,1,1,0,0,0,0,0,0,0,0,0,0,*,0,0,0,0,0,0,1,
15 0,0,1,1,0,0,0,0,0,0,0,0,0,0,0,*,0,0,0,0,0,1,
16 0,0,1,1,0,0,0,0,0,0,0,0,0,0,0,0,*,0,0,0,0,1,
17 0,0,0,0,0,0,0,0,0,0,0,0,0,0,0,0,0,*,0,0,0,0,
18 0,0,1,1,0,0,0,0,0,0,0,0,0,0,0,0,0,0,*,0,0,1,
19 0,0,1,1,0,0,0,0,0,0,0,0,0,0,0,0,0,0,0,*,0,1,
20 0,0,0,0,0,0,0,0,0,0,0,0,0,0,0,0,0,0,0,0,*,0,
21 0,0,0,0,0,0,0,0,0,0,0,0,0,0,0,0,0,0,0,0,0,*,
k=14
t=600

  0,1,2,3,4,5,6,7,8,9,10,11,12,13,14,15,16,17,18,19,20,21,
0 *,0,0,0,0,0,0,0,0,0,0,0,0,0,0,0,0,0,0,0,0,0,
1 0,*,0,0,0,0,0,0,0,0,0,0,0,0,0,0,0,0,0,0,0,0,
2 0,0,*,0,0,0,0,0,0,0,0,0,0,0,0,0,0,0,0,0,0,1,
3 0,0,0,*,0,0,0,0,0,0,0,0,0,0,0,0,0,0,0,0,0,1,
4 0,0,1,1,*,0,0,0,0,0,0,0,0,0,0,0,0,0,0,0,0,1,
5 0,0,1,1,0,*,0,0,0,0,0,0,0,0,0,0,0,0,0,0,0,1,
6 0,0,1,1,0,0,*,0,0,0,0,0,0,0,0,0,0,0,0,0,0,1,
7 0,0,1,1,0,0,0,*,0,0,0,0,0,0,0,0,0,0,0,0,0,1,
8 0,0,1,1,0,0,0,0,*,0,0,0,0,0,0,0,0,0,0,0,0,1,
9 0,0,1,1,0,0,0,0,0,*,0,0,0,0,0,0,0,0,0,0,0,1,
10 0,0,1,1,0,0,0,0,0,0,*,0,0,0,0,0,0,0,0,0,0,1,
11 0,0,0,0,0,0,0,0,0,0,0,*,0,0,0,0,0,0,0,0,0,0,
12 0,0,1,1,0,0,0,0,0,0,0,0,*,0,0,0,0,0,0,0,0,1,
13 0,0,1,1,0,0,0,0,0,0,0,0,0,*,0,0,0,0,0,0,0,1,
14 0,0,1,1,0,0,0,0,0,0,0,0,0,0,*,0,0,0,0,0,0,1,
15 0,0,1,1,0,0,0,0,0,0,0,0,0,0,0,*,0,0,0,0,0,1,
16 0,0,1,1,0,0,0,0,0,0,0,0,0,0,0,0,*,0,0,0,0,1,
17 0,0,0,0,0,0,0,0,0,0,0,0,0,0,0,0,0,*,0,0,0,0,
18 0,0,1,1,0,0,0,0,0,0,0,0,0,0,0,0,0,0,*,0,0,1,
19 0,0,1,1,0,0,0,0,0,0,0,0,0,0,0,0,0,0,0,*,0,1,
20 0,0,0,0,0,0,0,0,0,0,0,0,0,0,0,0,0,0,0,0,*,0,
21 0,0,0,0,0,0,0,0,0,0,0,0,0,0,0,0,0,0,0,0,0,*,
k=15
t=600

  0,1,2,3,4,5,6,7,8,9,10,11,12,13,14,15,16,17,18,19,20,21,
0 *,0,0,0,0,0,0,0,0,0,0,0,0,0,0,0,0,0,0,0,0,0,
1 0,*,0,0,0,0,0,0,0,0,0,0,0,0,0,0,0,0,0,0,0,0,
2 0,0,*,0,0,0,0,0,0,0,0,0,0,0,0,0,0,0,0,0,0,1,
3 0,0,0,*,0,0,0,0,0,0,0,0,0,0,0,0,0,0,0,0,0,1,
4 0,0,1,1,*,0,0,0,0,0,0,0,0,0,0,0,0,0,0,0,0,1,
5 0,0,1,1,0,*,0,0,0,0,0,0,0,0,0,0,0,0,0,0,0,1,
6 0,0,1,1,0,0,*,0,0,0,0,0,0,0,0,0,0,0,0,0,0,1,
7 0,0,1,1,0,0,0,*,0,0,0,0,0,0,0,0,0,0,0,0,0,1,
8 0,0,1,1,0,0,0,0,*,0,0,0,0,0,0,0,0,0,0,0,0,1,
9 0,0,1,1,0,0,0,0,0,*,0,0,0,0,0,0,0,0,0,0,0,1,
10 0,0,1,1,0,0,0,0,0,0,*,0,0,0,0,0,0,0,0,0,0,1,
11 0,0,0,0,0,0,0,0,0,0,0,*,0,0,0,0,0,0,0,0,0,0,
12 0,0,1,1,0,0,0,0,0,0,0,0,*,0,0,0,0,0,0,0,0,1,
13 0,0,1,1,0,0,0,0,0,0,0,0,0,*,0,0,0,0,0,0,0,1,
14 0,0,1,1,0,0,0,0,0,0,0,0,0,0,*,0,0,0,0,0,0,1,
15 0,0,1,1,0,0,0,0,0,0,0,0,0,0,0,*,0,0,0,0,0,1,
16 0,0,1,1,0,0,0,0,0,0,0,0,0,0,0,0,*,0,0,0,0,1,
17 0,0,0,0,0,0,0,0,0,0,0,0,0,0,0,0,0,*,0,0,0,0,
18 0,0,1,1,0,0,0,0,0,0,0,0,0,0,0,0,0,0,*,0,0,1,
19 0,0,1,1,0,0,0,0,0,0,0,0,0,0,0,0,0,0,0,*,0,1,
20 0,0,0,0,0,0,0,0,0,0,0,0,0,0,0,0,0,0,0,0,*,0,
21 0,0,0,0,0,0,0,0,0,0,0,0,0,0,0,0,0,0,0,0,0,*,
k=16
t=100

  0,1,2,3,4,5,6,7,8,9,10,11,12,13,14,15,16,17,18,19,20,21,
0 *,0,0,0,0,0,0,0,0,0,0,0,0,0,0,0,0,0,0,0,1,0,
1 0,*,0,0,0,0,0,0,0,0,0,0,0,0,0,0,0,0,0,0,1,0,
2 0,0,*,0,0,0,0,0,0,0,0,0,0,0,0,0,0,0,0,0,0,1,
3 0,0,0,*,0,0,0,0,0,0,0,0,0,0,0,0,0,0,0,0,0,1,
4 0,0,1,1,*,0,0,0,0,0,0,0,0,0,0,0,0,0,0,0,0,1,
5 0,0,1,1,0,*,0,0,0,0,0,0,0,0,0,0,0,0,0,0,0,1,
6 0,0,1,1,0,0,*,0,0,0,0,0,0,0,0,0,0,0,0,0,0,1,
7 0,0,1,1,0,0,0,*,0,0,0,0,0,0,0,0,0,0,0,0,0,1,
8 0,0,1,1,0,0,0,0,*,0,0,0,0,0,0,0,0,0,0,0,0,1,
9 0,0,1,1,0,0,0,0,0,*,0,0,0,0,0,0,0,0,0,0,0,1,
10 0,0,1,1,0,0,0,0,0,0,*,0,0,0,0,0,0,0,0,0,0,1,
11 0,0,0,0,0,0,0,0,0,0,0,*,0,0,0,0,0,0,0,0,0,0,
12 0,0,1,1,0,0,0,0,0,0,0,0,*,0,0,0,0,0,0,0,0,1,
13 0,0,1,1,0,0,0,0,0,0,0,0,0,*,0,0,0,0,0,0,0,1,
14 0,0,1,1,0,0,0,0,0,0,0,0,0,0,*,0,0,0,0,0,0,1,
15 0,0,1,1,0,0,0,0,0,0,0,0,0,0,0,*,0,0,0,0,0,1,
16 0,0,1,1,0,0,0,0,0,0,0,0,0,0,0,0,*,0,0,0,0,1,
17 0,0,0,0,0,0,0,0,0,0,0,0,0,0,0,0,0,*,0,0,0,0,
18 0,0,1,1,0,0,0,0,0,0,0,0,0,0,0,0,0,0,*,0,0,1,
19 0,0,1,1,0,0,0,0,0,0,0,0,0,0,0,0,0,0,0,*,0,1,
20 0,0,0,0,0,0,0,0,0,0,0,0,0,0,0,0,0,0,0,0,*,0,
21 0,0,0,0,0,0,0,0,0,0,0,0,0,0,0,0,0,0,0,0,0,*,
k=17
t=100

  0,1,2,3,4,5,6,7,8,9,10,11,12,13,14,15,16,17,18,19,20,21,
0 *,0,0,0,0,0,0,0,0,0,0,0,0,0,0,0,0,0,0,0,1,0,
1 0,*,0,0,0,0,0,0,0,0,0,0,0,0,0,0,0,0,0,0,1,0,
2 0,0,*,0,0,0,0,0,0,0,0,0,0,0,0,0,0,0,0,0,0,1,
3 0,0,0,*,0,0,0,0,0,0,0,0,0,0,0,0,0,0,0,0,0,1,
4 1,1,1,1,*,0,0,0,0,0,0,0,0,0,0,0,0,0,0,0,0,1,
5 1,1,1,1,0,*,0,0,0,0,0,0,0,0,0,0,0,0,0,0,0,1,
6 1,1,1,1,0,0,*,0,0,0,0,0,0,0,0,0,0,0,0,0,0,1,
7 1,1,1,1,0,0,0,*,0,0,0,0,0,0,0,0,0,0,0,0,0,1,
8 1,1,1,1,0,0,0,0,*,0,0,0,0,0,0,0,0,0,0,0,0,1,
9 1,1,1,1,0,0,0,0,0,*,0,0,0,0,0,0,0,0,0,0,0,1,
10 1,1,1,1,0,0,0,0,0,0,*,0,0,0,0,0,0,0,0,0,0,1,
11 0,0,0,0,0,0,0,0,0,0,0,*,0,0,0,0,0,0,0,0,0,0,
12 1,1,1,1,0,0,0,0,0,0,0,0,*,0,0,0,0,0,0,0,0,1,
13 1,1,1,1,0,0,0,0,0,0,0,0,0,*,0,0,0,0,0,0,0,1,
14 1,1,1,1,0,0,0,0,0,0,0,0,0,0,*,0,0,0,0,0,0,1,
15 1,1,1,1,0,0,0,0,0,0,0,0,0,0,0,*,0,0,0,0,0,1,
16 1,1,1,1,0,0,0,0,0,0,0,0,0,0,0,0,*,0,0,0,0,1,
17 0,0,0,0,0,0,0,0,0,0,0,0,0,0,0,0,0,*,0,0,0,0,
18 1,1,1,1,0,0,0,0,0,0,0,0,0,0,0,0,0,0,*,0,0,1,
19 1,1,1,1,0,0,0,0,0,0,0,0,0,0,0,0,0,0,0,*,0,1,
20 0,0,0,0,0,0,0,0,0,0,0,0,0,0,0,0,0,0,0,0,*,0,
21 0,0,0,0,0,0,0,0,0,0,0,0,0,0,0,0,0,0,0,0,0,*,
k=18
t=200

  0,1,2,3,4,5,6,7,8,9,10,11,12,13,14,15,16,17,18,19,20,21,
0 *,0,0,0,0,0,0,0,0,0,0,0,0,0,0,0,0,0,0,0,1,0,
1 0,*,0,0,0,0,0,0,0,0,0,0,0,0,0,0,0,0,0,0,1,0,
2 0,0,*,0,0,0,0,0,0,0,0,0,0,0,0,0,0,0,0,0,0,1,
3 0,0,0,*,0,0,0,0,0,0,0,0,0,0,0,0,0,0,0,0,0,1,
4 1,1,1,1,*,0,0,0,0,0,0,0,0,0,0,0,0,0,0,0,0,1,
5 1,1,1,1,0,*,0,0,0,0,0,0,0,0,0,0,0,0,0,0,0,1,
6 1,1,1,1,0,0,*,0,0,0,0,0,0,0,0,0,0,0,0,0,0,1,
7 1,1,1,1,0,0,0,*,0,0,0,0,0,0,0,0,0,0,0,0,0,1,
8 1,1,1,1,0,0,0,0,*,0,0,0,0,0,0,0,0,0,0,0,0,1,
9 1,1,1,1,0,0,0,0,0,*,0,0,0,0,0,0,0,0,0,0,0,1,
10 1,1,1,1,0,0,0,0,0,0,*,0,0,0,0,0,0,0,0,0,0,1,
11 1,1,1,1,0,0,0,0,0,0,0,*,0,0,0,0,0,0,0,0,0,1,
12 1,1,1,1,0,0,0,0,0,0,0,0,*,0,0,0,0,0,0,0,0,1,
13 1,1,1,1,0,0,0,0,0,0,0,0,0,*,0,0,0,0,0,0,0,1,
14 1,1,1,1,0,0,0,0,0,0,0,0,0,0,*,0,0,0,0,0,0,1,
15 1,1,1,1,0,0,0,0,0,0,0,0,0,0,0,*,0,0,0,0,0,1,
16 1,1,1,1,0,0,0,0,0,0,0,0,0,0,0,0,*,0,0,0,0,1,
17 1,1,1,1,0,0,0,0,0,0,0,0,0,0,0,0,0,*,0,0,0,1,
18 1,1,1,1,0,0,0,0,0,0,0,0,0,0,0,0,0,0,*,0,0,1,
19 1,1,1,1,0,0,0,0,0,0,0,0,0,0,0,0,0,0,0,*,0,1,
20 0,0,0,0,0,0,0,0,0,0,0,0,0,0,0,0,0,0,0,0,*,0,
21 0,0,0,0,0,0,0,0,0,0,0,0,0,0,0,0,0,0,0,0,0,*,
k=19
t=600

  0,1,2,3,4,5,6,7,8,9,10,11,12,13,14,15,16,17,18,19,20,21,
0 *,0,0,0,0,0,0,0,0,0,0,0,0,0,0,0,0,0,0,0,1,0,
1 0,*,0,0,0,0,0,0,0,0,0,0,0,0,0,0,0,0,0,0,1,0,
2 0,0,*,0,0,0,0,0,0,0,0,0,0,0,0,0,0,0,0,0,0,1,
3 0,0,0,*,0,0,0,0,0,0,0,0,0,0,0,0,0,0,0,0,0,1,
4 1,1,1,1,*,0,0,0,0,0,0,0,0,0,0,0,0,0,0,0,0,1,
5 1,1,1,1,0,*,0,0,0,0,0,0,0,0,0,0,0,0,0,0,0,1,
6 1,1,1,1,0,0,*,0,0,0,0,0,0,0,0,0,0,0,0,0,0,1,
7 1,1,1,1,0,0,0,*,0,0,0,0,0,0,0,0,0,0,0,0,0,1,
8 1,1,1,1,0,0,0,0,*,0,0,0,0,0,0,0,0,0,0,0,0,1,
9 1,1,1,1,0,0,0,0,0,*,0,0,0,0,0,0,0,0,0,0,0,1,
10 1,1,1,1,0,0,0,0,0,0,*,0,0,0,0,0,0,0,0,0,0,1,
11 1,1,1,1,0,0,0,0,0,0,0,*,0,0,0,0,0,0,0,0,0,1,
12 1,1,1,1,0,0,0,0,0,0,0,0,*,0,0,0,0,0,0,0,0,1,
13 1,1,1,1,0,0,0,0,0,0,0,0,0,*,0,0,0,0,0,0,0,1,
14 1,1,1,1,0,0,0,0,0,0,0,0,0,0,*,0,0,0,0,0,0,1,
15 1,1,1,1,0,0,0,0,0,0,0,0,0,0,0,*,0,0,0,0,0,1,
16 1,1,1,1,0,0,0,0,0,0,0,0,0,0,0,0,*,0,0,0,0,1,
17 1,1,1,1,0,0,0,0,0,0,0,0,0,0,0,0,0,*,0,0,0,1,
18 1,1,1,1,0,0,0,0,0,0,0,0,0,0,0,0,0,0,*,0,0,1,
19 1,1,1,1,0,0,0,0,0,0,0,0,0,0,0,0,0,0,0,*,0,1,
20 0,0,0,0,0,0,0,0,0,0,0,0,0,0,0,0,0,0,0,0,*,0,
21 0,0,0,0,0,0,0,0,0,0,0,0,0,0,0,0,0,0,0,0,0,*,
k=20
t=100

  0,1,2,3,4,5,6,7,8,9,10,11,12,13,14,15,16,17,18,19,20,21,
0 *,0,0,0,0,0,0,0,0,0,0,0,0,0,0,0,0,0,0,0,1,0,
1 0,*,0,0,0,0,0,0,0,0,0,0,0,0,0,0,0,0,0,0,1,0,
2 0,0,*,0,0,0,0,0,0,0,0,0,0,0,0,0,0,0,0,0,0,1,
3 0,0,0,*,0,0,0,0,0,0,0,0,0,0,0,0,0,0,0,0,0,1,
4 1,1,1,1,*,0,0,0,0,0,0,0,0,0,0,0,0,0,0,0,0,1,
5 1,1,1,1,0,*,0,0,0,0,0,0,0,0,0,0,0,0,0,0,0,1,
6 1,1,1,1,0,0,*,0,0,0,0,0,0,0,0,0,0,0,0,0,0,1,
7 1,1,1,1,0,0,0,*,0,0,0,0,0,0,0,0,0,0,0,0,0,1,
8 1,1,1,1,0,0,0,0,*,0,0,0,0,0,0,0,0,0,0,0,0,1,
9 1,1,1,1,0,0,0,0,0,*,0,0,0,0,0,0,0,0,0,0,0,1,
10 1,1,1,1,0,0,0,0,0,0,*,0,0,0,0,0,0,0,0,0,0,1,
11 1,1,1,1,0,0,0,0,0,0,0,*,0,0,0,0,0,0,0,0,0,1,
12 1,1,1,1,0,0,0,0,0,0,0,0,*,0,0,0,0,0,0,0,0,1,
13 1,1,1,1,0,0,0,0,0,0,0,0,0,*,0,0,0,0,0,0,0,1,
14 1,1,1,1,0,0,0,0,0,0,0,0,0,0,*,0,0,0,0,0,0,1,
15 1,1,1,1,0,0,0,0,0,0,0,0,0,0,0,*,0,0,0,0,0,1,
16 1,1,1,1,0,0,0,0,0,0,0,0,0,0,0,0,*,0,0,0,0,1,
17 1,1,1,1,0,0,0,0,0,0,0,0,0,0,0,0,0,*,0,0,0,1,
18 1,1,1,1,0,0,0,0,0,0,0,0,0,0,0,0,0,0,*,0,0,1,
19 1,1,1,1,0,0,0,0,0,0,0,0,0,0,0,0,0,0,0,*,0,1,
20 0,0,0,0,0,0,0,0,0,0,0,0,0,0,0,0,0,0,0,0,*,0,
21 0,0,0,0,0,0,0,0,0,0,0,0,0,0,0,0,0,0,0,0,0,*,
k=21
t=300

  0,1,2,3,4,5,6,7,8,9,10,11,12,13,14,15,16,17,18,19,20,21,
0 *,0,0,0,0,0,0,0,0,0,0,0,0,0,0,0,0,0,0,0,1,0,
1 0,*,0,0,0,0,0,0,0,0,0,0,0,0,0,0,0,0,0,0,1,0,
2 0,0,*,0,0,0,0,0,0,0,0,0,0,0,0,0,0,0,0,0,0,0,
3 0,0,0,*,0,0,0,0,0,0,0,0,0,0,0,0,0,0,0,0,0,0,
4 1,1,1,1,*,0,0,0,0,0,0,0,0,0,0,0,0,0,0,0,0,1,
5 1,1,1,1,0,*,0,0,0,0,0,0,0,0,0,0,0,0,0,0,0,1,
6 1,1,1,1,0,0,*,0,0,0,0,0,0,0,0,0,0,0,0,0,0,1,
7 1,1,1,1,0,0,0,*,0,0,0,0,0,0,0,0,0,0,0,0,0,1,
8 1,1,1,1,0,0,0,0,*,0,0,0,0,0,0,0,0,0,0,0,0,1,
9 1,1,1,1,0,0,0,0,0,*,0,0,0,0,0,0,0,0,0,0,0,1,
10 1,1,1,1,0,0,0,0,0,0,*,0,0,0,0,0,0,0,0,0,0,1,
11 1,1,1,1,0,0,0,0,0,0,0,*,0,0,0,0,0,0,0,0,0,1,
12 1,1,1,1,0,0,0,0,0,0,0,0,*,0,0,0,0,0,0,0,0,1,
13 1,1,1,1,0,0,0,0,0,0,0,0,0,*,0,0,0,0,0,0,0,1,
14 1,1,1,1,0,0,0,0,0,0,0,0,0,0,*,0,0,0,0,0,0,1,
15 1,1,1,1,0,0,0,0,0,0,0,0,0,0,0,*,0,0,0,0,0,1,
16 1,1,1,1,0,0,0,0,0,0,0,0,0,0,0,0,*,0,0,0,0,1,
17 1,1,1,1,0,0,0,0,0,0,0,0,0,0,0,0,0,*,0,0,0,1,
18 1,1,1,1,0,0,0,0,0,0,0,0,0,0,0,0,0,0,*,0,0,1,
19 1,1,1,1,0,0,0,0,0,0,0,0,0,0,0,0,0,0,0,*,0,1,
20 0,0,0,0,0,0,0,0,0,0,0,0,0,0,0,0,0,0,0,0,*,0,
21 0,0,0,0,0,0,0,0,0,0,0,0,0,0,0,0,0,0,0,0,0,*,
k=22
t=100

  0,1,2,3,4,5,6,7,8,9,10,11,12,13,14,15,16,17,18,19,20,21,
0 *,0,0,0,0,0,0,0,0,0,0,0,0,0,0,0,0,0,0,0,1,1,
1 0,*,0,0,0,0,0,0,0,0,0,0,0,0,0,0,0,0,0,0,1,1,
2 0,0,*,0,0,0,0,0,0,0,0,0,0,0,0,0,0,0,0,0,0,0,
3 0,0,0,*,0,0,0,0,0,0,0,0,0,0,0,0,0,0,0,0,0,0,
4 1,1,1,1,*,0,0,0,0,0,0,0,0,0,0,0,0,0,0,0,0,1,
5 1,1,1,1,0,*,0,0,0,0,0,0,0,0,0,0,0,0,0,0,0,1,
6 1,1,1,1,0,0,*,0,0,0,0,0,0,0,0,0,0,0,0,0,0,1,
7 1,1,1,1,0,0,0,*,0,0,0,0,0,0,0,0,0,0,0,0,0,1,
8 1,1,1,1,0,0,0,0,*,0,0,0,0,0,0,0,0,0,0,0,0,1,
9 1,1,1,1,0,0,0,0,0,*,0,0,0,0,0,0,0,0,0,0,0,1,
10 1,1,1,1,0,0,0,0,0,0,*,0,0,0,0,0,0,0,0,0,0,1,
11 1,1,1,1,0,0,0,0,0,0,0,*,0,0,0,0,0,0,0,0,0,1,
12 1,1,1,1,0,0,0,0,0,0,0,0,*,0,0,0,0,0,0,0,0,1,
13 1,1,1,1,0,0,0,0,0,0,0,0,0,*,0,0,0,0,0,0,0,1,
14 1,1,1,1,0,0,0,0,0,0,0,0,0,0,*,0,0,0,0,0,0,1,
15 1,1,1,1,0,0,0,0,0,0,0,0,0,0,0,*,0,0,0,0,0,1,
16 1,1,1,1,0,0,0,0,0,0,0,0,0,0,0,0,*,0,0,0,0,1,
17 1,1,1,1,0,0,0,0,0,0,0,0,0,0,0,0,0,*,0,0,0,1,
18 1,1,1,1,0,0,0,0,0,0,0,0,0,0,0,0,0,0,*,0,0,1,
19 1,1,1,1,0,0,0,0,0,0,0,0,0,0,0,0,0,0,0,*,0,1,
20 0,0,0,0,0,0,0,0,0,0,0,0,0,0,0,0,0,0,0,0,*,0,
21 0,0,0,0,0,0,0,0,0,0,0,0,0,0,0,0,0,0,0,0,0,*,
k=23
t=600

  0,1,2,3,4,5,6,7,8,9,10,11,12,13,14,15,16,17,18,19,20,21,
0 *,0,0,0,0,0,0,0,0,0,0,0,0,0,0,0,0,0,0,0,1,1,
1 0,*,0,0,0,0,0,0,0,0,0,0,0,0,0,0,0,0,0,0,1,1,
2 0,0,*,0,0,0,0,0,0,0,0,0,0,0,0,0,0,0,0,0,0,0,
3 0,0,0,*,0,0,0,0,0,0,0,0,0,0,0,0,0,0,0,0,0,0,
4 1,1,1,1,*,0,0,0,0,0,0,0,0,0,0,0,0,0,0,0,0,1,
5 1,1,1,1,0,*,0,0,0,0,0,0,0,0,0,0,0,0,0,0,0,1,
6 1,1,1,1,0,0,*,0,0,0,0,0,0,0,0,0,0,0,0,0,0,1,
7 1,1,1,1,0,0,0,*,0,0,0,0,0,0,0,0,0,0,0,0,0,1,
8 1,1,1,1,0,0,0,0,*,0,0,0,0,0,0,0,0,0,0,0,0,1,
9 1,1,1,1,0,0,0,0,0,*,0,0,0,0,0,0,0,0,0,0,0,1,
10 1,1,1,1,0,0,0,0,0,0,*,0,0,0,0,0,0,0,0,0,0,1,
11 1,1,1,1,0,0,0,0,0,0,0,*,0,0,0,0,0,0,0,0,0,1,
12 1,1,1,1,0,0,0,0,0,0,0,0,*,0,0,0,0,0,0,0,0,1,
13 1,1,1,1,0,0,0,0,0,0,0,0,0,*,0,0,0,0,0,0,0,1,
14 1,1,1,1,0,0,0,0,0,0,0,0,0,0,*,0,0,0,0,0,0,1,
15 1,1,1,1,0,0,0,0,0,0,0,0,0,0,0,*,0,0,0,0,0,1,
16 1,1,1,1,0,0,0,0,0,0,0,0,0,0,0,0,*,0,0,0,0,1,
17 1,1,1,1,0,0,0,0,0,0,0,0,0,0,0,0,0,*,0,0,0,1,
18 1,1,1,1,0,0,0,0,0,0,0,0,0,0,0,0,0,0,*,0,0,1,
19 1,1,1,1,0,0,0,0,0,0,0,0,0,0,0,0,0,0,0,*,0,1,
20 0,0,0,0,0,0,0,0,0,0,0,0,0,0,0,0,0,0,0,0,*,0,
21 0,0,0,0,0,0,0,0,0,0,0,0,0,0,0,0,0,0,0,0,0,*,
k=24
t=300

  0,1,2,3,4,5,6,7,8,9,10,11,12,13,14,15,16,17,18,19,20,21,
0 *,0,0,0,0,0,0,0,0,0,0,0,0,0,0,0,0,0,0,0,1,1,
1 0,*,0,0,0,0,0,0,0,0,0,0,0,0,0,0,0,0,0,0,1,1,
2 0,0,*,0,0,0,0,0,0,0,0,0,0,0,0,0,0,0,0,0,0,0,
3 0,0,0,*,0,0,0,0,0,0,0,0,0,0,0,0,0,0,0,0,0,0,
4 1,1,1,1,*,0,0,0,0,0,0,0,0,0,0,0,0,0,0,0,0,1,
5 1,1,1,1,0,*,0,0,0,0,0,0,0,0,0,0,0,0,0,0,0,1,
6 1,1,1,1,0,0,*,0,0,0,0,0,0,0,0,0,0,0,0,0,0,1,
7 1,1,1,1,0,0,0,*,0,0,0,0,0,0,0,0,0,0,0,0,0,1,
8 1,1,1,1,0,0,0,0,*,0,0,0,0,0,0,0,0,0,0,0,0,1,
9 1,1,1,1,0,0,0,0,0,*,0,0,0,0,0,0,0,0,0,0,0,1,
10 1,1,1,1,0,0,0,0,0,0,*,0,0,0,0,0,0,0,0,0,0,1,
11 1,1,1,1,0,0,0,0,0,0,0,*,0,0,0,0,0,0,0,0,0,1,
12 1,1,1,1,0,0,0,0,0,0,0,0,*,0,0,0,0,0,0,0,0,1,
13 1,1,1,1,0,0,0,0,0,0,0,0,0,*,0,0,0,0,0,0,0,1,
14 1,1,1,1,0,0,0,0,0,0,0,0,0,0,*,0,0,0,0,0,0,1,
15 1,1,1,1,0,0,0,0,0,0,0,0,0,0,0,*,0,0,0,0,0,1,
16 1,1,1,1,0,0,0,0,0,0,0,0,0,0,0,0,*,0,0,0,0,1,
17 1,1,1,1,0,0,0,0,0,0,0,0,0,0,0,0,0,*,0,0,0,1,
18 1,1,1,1,0,0,0,0,0,0,0,0,0,0,0,0,0,0,*,0,0,1,
19 1,1,1,1,0,0,0,0,0,0,0,0,0,0,0,0,0,0,0,*,0,1,
20 0,0,0,0,0,0,0,0,0,0,0,0,0,0,0,0,0,0,0,0,*,0,
21 0,0,0,0,0,0,0,0,0,0,0,0,0,0,0,0,0,0,0,0,0,*,
k=25
t=400

  0,1,2,3,4,5,6,7,8,9,10,11,12,13,14,15,16,17,18,19,20,21,
0 *,0,0,0,0,0,0,0,0,0,0,0,0,0,0,0,0,0,0,0,1,1,
1 0,*,0,0,0,0,0,0,0,0,0,0,0,0,0,0,0,0,0,0,1,1,
2 0,0,*,0,0,0,0,0,0,0,0,0,0,0,0,0,0,0,0,0,0,0,
3 0,0,0,*,0,0,0,0,0,0,0,0,0,0,0,0,0,0,0,0,0,0,
4 1,1,1,1,*,0,0,0,0,0,0,0,0,0,0,0,0,0,0,0,0,1,
5 1,1,1,1,0,*,0,0,0,0,0,0,0,0,0,0,0,0,0,0,0,1,
6 1,1,1,1,0,0,*,0,0,0,0,0,0,0,0,0,0,0,0,0,0,1,
7 1,1,1,1,0,0,0,*,0,0,0,0,0,0,0,0,0,0,0,0,0,1,
8 1,1,1,1,0,0,0,0,*,0,0,0,0,0,0,0,0,0,0,0,0,1,
9 1,1,1,1,0,0,0,0,0,*,0,0,0,0,0,0,0,0,0,0,0,1,
10 1,1,1,1,0,0,0,0,0,0,*,0,0,0,0,0,0,0,0,0,0,1,
11 1,1,1,1,0,0,0,0,0,0,0,*,0,0,0,0,0,0,0,0,0,1,
12 1,1,1,1,0,0,0,0,0,0,0,0,*,0,0,0,0,0,0,0,0,1,
13 1,1,1,1,0,0,0,0,0,0,0,0,0,*,0,0,0,0,0,0,0,1,
14 1,1,1,1,0,0,0,0,0,0,0,0,0,0,*,0,0,0,0,0,0,1,
15 1,1,1,1,0,0,0,0,0,0,0,0,0,0,0,*,0,0,0,0,0,1,
16 0,0,0,0,0,0,0,0,0,0,0,0,0,0,0,0,*,0,0,0,0,0,
17 1,1,1,1,0,0,0,0,0,0,0,0,0,0,0,0,0,*,0,0,0,1,
18 1,1,1,1,0,0,0,0,0,0,0,0,0,0,0,0,0,0,*,0,0,1,
19 1,1,1,1,0,0,0,0,0,0,0,0,0,0,0,0,0,0,0,*,0,1,
20 0,0,0,0,0,0,0,0,0,0,0,0,0,0,0,0,0,0,0,0,*,0,
21 0,0,0,0,0,0,0,0,0,0,0,0,0,0,0,0,0,0,0,0,0,*,
k=26
t=100

  0,1,2,3,4,5,6,7,8,9,10,11,12,13,14,15,16,17,18,19,20,21,
0 *,0,0,0,0,0,0,0,0,0,0,0,0,0,0,0,0,0,0,0,1,1,
1 0,*,0,0,0,0,0,0,0,0,0,0,0,0,0,0,0,0,0,0,1,1,
2 0,0,*,0,0,0,0,0,0,0,0,0,0,0,0,0,0,0,0,0,0,0,
3 0,0,0,*,0,0,0,0,0,0,0,0,0,0,0,0,0,0,0,0,0,0,
4 1,1,1,1,*,0,0,0,0,0,0,0,0,0,0,0,0,0,0,0,0,1,
5 1,1,1,1,0,*,0,0,0,0,0,0,0,0,0,0,0,0,0,0,0,1,
6 1,1,1,1,0,0,*,0,0,0,0,0,0,0,0,0,0,0,0,0,0,1,
7 1,1,1,1,0,0,0,*,0,0,0,0,0,0,0,0,0,0,0,0,0,1,
8 1,1,1,1,0,0,0,0,*,0,0,0,0,0,0,0,0,0,0,0,0,1,
9 1,1,1,1,0,0,0,0,0,*,0,0,0,0,0,0,0,0,0,0,0,1,
10 0,0,0,0,0,0,0,0,0,0,*,0,0,0,0,0,0,0,0,0,0,0,
11 1,1,1,1,0,0,0,0,0,0,0,*,0,0,0,0,0,0,0,0,0,1,
12 1,1,1,1,0,0,0,0,0,0,0,0,*,0,0,0,0,0,0,0,0,1,
13 1,1,1,1,0,0,0,0,0,0,0,0,0,*,0,0,0,0,0,0,0,1,
14 1,1,1,1,0,0,0,0,0,0,0,0,0,0,*,0,0,0,0,0,0,1,
15 1,1,1,1,0,0,0,0,0,0,0,0,0,0,0,*,0,0,0,0,0,1,
16 0,0,0,0,0,0,0,0,0,0,0,0,0,0,0,0,*,0,0,0,0,0,
17 1,1,1,1,0,0,0,0,0,0,0,0,0,0,0,0,0,*,0,0,0,1,
18 1,1,1,1,0,0,0,0,0,0,0,0,0,0,0,0,0,0,*,0,0,1,
19 1,1,1,1,0,0,0,0,0,0,0,0,0,0,0,0,0,0,0,*,0,1,
20 0,0,0,0,0,0,0,0,0,0,0,0,0,0,0,0,0,0,0,0,*,0,
21 0,0,0,0,0,0,0,0,0,0,0,0,0,0,0,0,0,0,0,0,0,*,
k=27
t=600

  0,1,2,3,4,5,6,7,8,9,10,11,12,13,14,15,16,17,18,19,20,21,
0 *,0,0,0,0,0,0,0,0,0,0,0,0,0,0,0,0,0,0,0,1,1,
1 0,*,0,0,0,0,0,0,0,0,0,0,0,0,0,0,0,0,0,0,1,1,
2 0,0,*,0,0,0,0,0,0,0,0,0,0,0,0,0,0,0,0,0,0,0,
3 0,0,0,*,0,0,0,0,0,0,0,0,0,0,0,0,0,0,0,0,0,0,
4 1,1,1,1,*,0,0,0,0,0,0,0,0,0,0,0,0,0,0,0,0,1,
5 1,1,1,1,0,*,0,0,0,0,0,0,0,0,0,0,0,0,0,0,0,1,
6 1,1,1,1,0,0,*,0,0,0,0,0,0,0,0,0,0,0,0,0,0,1,
7 1,1,1,1,0,0,0,*,0,0,0,0,0,0,0,0,0,0,0,0,0,1,
8 1,1,1,1,0,0,0,0,*,0,0,0,0,0,0,0,0,0,0,0,0,1,
9 1,1,1,1,0,0,0,0,0,*,0,0,0,0,0,0,0,0,0,0,0,1,
10 0,0,0,0,0,0,0,0,0,0,*,0,0,0,0,0,0,0,0,0,0,0,
11 1,1,1,1,0,0,0,0,0,0,0,*,0,0,0,0,0,0,0,0,0,1,
12 1,1,1,1,0,0,0,0,0,0,0,0,*,0,0,0,0,0,0,0,0,1,
13 1,1,1,1,0,0,0,0,0,0,0,0,0,*,0,0,0,0,0,0,0,1,
14 1,1,1,1,0,0,0,0,0,0,0,0,0,0,*,0,0,0,0,0,0,1,
15 1,1,1,1,0,0,0,0,0,0,0,0,0,0,0,*,0,0,0,0,0,1,
16 0,0,0,0,0,0,0,0,0,0,0,0,0,0,0,0,*,0,0,0,0,0,
17 1,1,1,1,0,0,0,0,0,0,0,0,0,0,0,0,0,*,0,0,0,1,
18 1,1,1,1,0,0,0,0,0,0,0,0,0,0,0,0,0,0,*,0,0,1,
19 1,1,1,1,0,0,0,0,0,0,0,0,0,0,0,0,0,0,0,*,0,1,
20 0,0,0,0,0,0,0,0,0,0,0,0,0,0,0,0,0,0,0,0,*,0,
21 0,0,0,0,0,0,0,0,0,0,0,0,0,0,0,0,0,0,0,0,0,*,
k=28
t=600

  0,1,2,3,4,5,6,7,8,9,10,11,12,13,14,15,16,17,18,19,20,21,
0 *,0,0,0,0,0,0,0,0,0,0,0,0,0,0,0,0,0,0,0,1,1,
1 0,*,0,0,0,0,0,0,0,0,0,0,0,0,0,0,0,0,0,0,1,1,
2 0,0,*,0,0,0,0,0,0,0,0,0,0,0,0,0,0,0,0,0,0,0,
3 0,0,0,*,0,0,0,0,0,0,0,0,0,0,0,0,0,0,0,0,0,0,
4 1,1,1,1,*,0,0,0,0,0,0,0,0,0,0,0,0,0,0,0,0,1,
5 1,1,1,1,0,*,0,0,0,0,0,0,0,0,0,0,0,0,0,0,0,1,
6 1,1,1,1,0,0,*,0,0,0,0,0,0,0,0,0,0,0,0,0,0,1,
7 1,1,1,1,0,0,0,*,0,0,0,0,0,0,0,0,0,0,0,0,0,1,
8 1,1,1,1,0,0,0,0,*,0,0,0,0,0,0,0,0,0,0,0,0,1,
9 1,1,1,1,0,0,0,0,0,*,0,0,0,0,0,0,0,0,0,0,0,1,
10 0,0,0,0,0,0,0,0,0,0,*,0,0,0,0,0,0,0,0,0,0,0,
11 1,1,1,1,0,0,0,0,0,0,0,*,0,0,0,0,0,0,0,0,0,1,
12 1,1,1,1,0,0,0,0,0,0,0,0,*,0,0,0,0,0,0,0,0,1,
13 1,1,1,1,0,0,0,0,0,0,0,0,0,*,0,0,0,0,0,0,0,1,
14 1,1,1,1,0,0,0,0,0,0,0,0,0,0,*,0,0,0,0,0,0,1,
15 1,1,1,1,0,0,0,0,0,0,0,0,0,0,0,*,0,0,0,0,0,1,
16 0,0,0,0,0,0,0,0,0,0,0,0,0,0,0,0,*,0,0,0,0,0,
17 1,1,1,1,0,0,0,0,0,0,0,0,0,0,0,0,0,*,0,0,0,1,
18 1,1,1,1,0,0,0,0,0,0,0,0,0,0,0,0,0,0,*,0,0,1,
19 1,1,1,1,0,0,0,0,0,0,0,0,0,0,0,0,0,0,0,*,0,1,
20 0,0,0,0,0,0,0,0,0,0,0,0,0,0,0,0,0,0,0,0,*,0,
21 0,0,0,0,0,0,0,0,0,0,0,0,0,0,0,0,0,0,0,0,0,*,
k=29
t=600

  0,1,2,3,4,5,6,7,8,9,10,11,12,13,14,15,16,17,18,19,20,21,
0 *,0,0,0,0,0,0,0,0,0,0,0,0,0,0,0,0,0,0,0,1,1,
1 0,*,0,0,0,0,0,0,0,0,0,0,0,0,0,0,0,0,0,0,1,1,
2 0,0,*,0,0,0,0,0,0,0,0,0,0,0,0,0,0,0,0,0,0,0,
3 0,0,0,*,0,0,0,0,0,0,0,0,0,0,0,0,0,0,0,0,0,0,
4 1,1,1,1,*,0,0,0,0,0,0,0,0,0,0,0,0,0,0,0,0,1,
5 1,1,1,1,0,*,0,0,0,0,0,0,0,0,0,0,0,0,0,0,0,1,
6 1,1,1,1,0,0,*,0,0,0,0,0,0,0,0,0,0,0,0,0,0,1,
7 1,1,1,1,0,0,0,*,0,0,0,0,0,0,0,0,0,0,0,0,0,1,
8 1,1,1,1,0,0,0,0,*,0,0,0,0,0,0,0,0,0,0,0,0,1,
9 1,1,1,1,0,0,0,0,0,*,0,0,0,0,0,0,0,0,0,0,0,1,
10 0,0,0,0,0,0,0,0,0,0,*,0,0,0,0,0,0,0,0,0,0,0,
11 1,1,1,1,0,0,0,0,0,0,0,*,0,0,0,0,0,0,0,0,0,1,
12 1,1,1,1,0,0,0,0,0,0,0,0,*,0,0,0,0,0,0,0,0,1,
13 1,1,1,1,0,0,0,0,0,0,0,0,0,*,0,0,0,0,0,0,0,1,
14 1,1,1,1,0,0,0,0,0,0,0,0,0,0,*,0,0,0,0,0,0,1,
15 1,1,1,1,0,0,0,0,0,0,0,0,0,0,0,*,0,0,0,0,0,1,
16 0,0,0,0,0,0,0,0,0,0,0,0,0,0,0,0,*,0,0,0,0,0,
17 1,1,1,1,0,0,0,0,0,0,0,0,0,0,0,0,0,*,0,0,0,1,
18 1,1,1,1,0,0,0,0,0,0,0,0,0,0,0,0,0,0,*,0,0,1,
19 1,1,1,1,0,0,0,0,0,0,0,0,0,0,0,0,0,0,0,*,0,1,
20 0,0,0,0,0,0,0,0,0,0,0,0,0,0,0,0,0,0,0,0,*,0,
21 0,0,0,0,0,0,0,0,0,0,0,0,0,0,0,0,0,0,0,0,0,*,
k=30
t=300

  0,1,2,3,4,5,6,7,8,9,10,11,12,13,14,15,16,17,18,19,20,21,
0 *,0,0,0,0,0,0,0,0,0,0,0,0,0,0,0,0,0,0,0,0,1,
1 0,*,0,0,0,0,0,0,0,0,0,0,0,0,0,0,0,0,0,0,0,1,
2 0,0,*,0,0,0,0,0,0,0,0,0,0,0,0,0,0,0,0,0,0,0,
3 0,0,0,*,0,0,0,0,0,0,0,0,0,0,0,0,0,0,0,0,0,0,
4 1,1,1,1,*,0,0,0,0,0,0,0,0,0,0,0,0,0,0,0,0,1,
5 1,1,1,1,0,*,0,0,0,0,0,0,0,0,0,0,0,0,0,0,0,1,
6 1,1,1,1,0,0,*,0,0,0,0,0,0,0,0,0,0,0,0,0,0,1,
7 1,1,1,1,0,0,0,*,0,0,0,0,0,0,0,0,0,0,0,0,0,1,
8 1,1,1,1,0,0,0,0,*,0,0,0,0,0,0,0,0,0,0,0,0,1,
9 1,1,1,1,0,0,0,0,0,*,0,0,0,0,0,0,0,0,0,0,0,1,
10 0,0,0,0,0,0,0,0,0,0,*,0,0,0,0,0,0,0,0,0,0,0,
11 1,1,1,1,0,0,0,0,0,0,0,*,0,0,0,0,0,0,0,0,0,1,
12 1,1,1,1,0,0,0,0,0,0,0,0,*,0,0,0,0,0,0,0,0,1,
13 1,1,1,1,0,0,0,0,0,0,0,0,0,*,0,0,0,0,0,0,0,1,
14 1,1,1,1,0,0,0,0,0,0,0,0,0,0,*,0,0,0,0,0,0,1,
15 1,1,1,1,0,0,0,0,0,0,0,0,0,0,0,*,0,0,0,0,0,1,
16 0,0,0,0,0,0,0,0,0,0,0,0,0,0,0,0,*,0,0,0,0,0,
17 1,1,1,1,0,0,0,0,0,0,0,0,0,0,0,0,0,*,0,0,0,1,
18 1,1,1,1,0,0,0,0,0,0,0,0,0,0,0,0,0,0,*,0,0,1,
19 1,1,1,1,0,0,0,0,0,0,0,0,0,0,0,0,0,0,0,*,0,1,
20 0,0,0,0,0,0,0,0,0,0,0,0,0,0,0,0,0,0,0,0,*,0,
21 0,0,0,0,0,0,0,0,0,0,0,0,0,0,0,0,0,0,0,0,0,*,
k=31
t=100

  0,1,2,3,4,5,6,7,8,9,10,11,12,13,14,15,16,17,18,19,20,21,
0 *,0,0,0,0,0,0,0,0,0,0,0,0,0,0,0,0,0,0,0,0,1,
1 0,*,0,0,0,0,0,0,0,0,0,0,0,0,0,0,0,0,0,0,0,1,
2 0,0,*,0,0,0,0,0,0,0,0,0,0,0,0,0,0,0,0,0,0,0,
3 0,0,0,*,0,0,0,0,0,0,0,0,0,0,0,0,0,0,0,0,0,0,
4 1,1,1,1,*,0,0,0,0,0,0,0,0,0,0,0,0,0,0,0,0,1,
5 1,1,1,1,0,*,0,0,0,0,0,0,0,0,0,0,0,0,0,0,0,1,
6 1,1,1,1,0,0,*,0,0,0,0,0,0,0,0,0,0,0,0,0,0,1,
7 1,1,1,1,0,0,0,*,0,0,0,0,0,0,0,0,0,0,0,0,0,1,
8 1,1,1,1,0,0,0,0,*,0,0,0,0,0,0,0,0,0,0,0,0,1,
9 1,1,1,1,0,0,0,0,0,*,0,0,0,0,0,0,0,0,0,0,0,1,
10 1,1,1,1,0,0,0,0,0,0,*,0,0,0,0,0,0,0,0,0,0,1,
11 1,1,1,1,0,0,0,0,0,0,0,*,0,0,0,0,0,0,0,0,0,1,
12 1,1,1,1,0,0,0,0,0,0,0,0,*,0,0,0,0,0,0,0,0,1,
13 1,1,1,1,0,0,0,0,0,0,0,0,0,*,0,0,0,0,0,0,0,1,
14 1,1,1,1,0,0,0,0,0,0,0,0,0,0,*,0,0,0,0,0,0,1,
15 1,1,1,1,0,0,0,0,0,0,0,0,0,0,0,*,0,0,0,0,0,1,
16 1,1,1,1,0,0,0,0,0,0,0,0,0,0,0,0,*,0,0,0,0,1,
17 1,1,1,1,0,0,0,0,0,0,0,0,0,0,0,0,0,*,0,0,0,1,
18 1,1,1,1,0,0,0,0,0,0,0,0,0,0,0,0,0,0,*,0,0,1,
19 1,1,1,1,0,0,0,0,0,0,0,0,0,0,0,0,0,0,0,*,0,1,
20 0,0,0,0,0,0,0,0,0,0,0,0,0,0,0,0,0,0,0,0,*,0,
21 0,0,0,0,0,0,0,0,0,0,0,0,0,0,0,0,0,0,0,0,0,*,
k=32
t=600

  0,1,2,3,4,5,6,7,8,9,10,11,12,13,14,15,16,17,18,19,20,21,
0 *,0,0,0,0,0,0,0,0,0,0,0,0,0,0,0,0,0,0,0,0,1,
1 0,*,0,0,0,0,0,0,0,0,0,0,0,0,0,0,0,0,0,0,0,1,
2 0,0,*,0,0,0,0,0,0,0,0,0,0,0,0,0,0,0,0,0,0,0,
3 0,0,0,*,0,0,0,0,0,0,0,0,0,0,0,0,0,0,0,0,0,0,
4 1,1,1,1,*,0,0,0,0,0,0,0,0,0,0,0,0,0,0,0,0,1,
5 1,1,1,1,0,*,0,0,0,0,0,0,0,0,0,0,0,0,0,0,0,1,
6 1,1,1,1,0,0,*,0,0,0,0,0,0,0,0,0,0,0,0,0,0,1,
7 1,1,1,1,0,0,0,*,0,0,0,0,0,0,0,0,0,0,0,0,0,1,
8 1,1,1,1,0,0,0,0,*,0,0,0,0,0,0,0,0,0,0,0,0,1,
9 1,1,1,1,0,0,0,0,0,*,0,0,0,0,0,0,0,0,0,0,0,1,
10 1,1,1,1,0,0,0,0,0,0,*,0,0,0,0,0,0,0,0,0,0,1,
11 1,1,1,1,0,0,0,0,0,0,0,*,0,0,0,0,0,0,0,0,0,1,
12 1,1,1,1,0,0,0,0,0,0,0,0,*,0,0,0,0,0,0,0,0,1,
13 1,1,1,1,0,0,0,0,0,0,0,0,0,*,0,0,0,0,0,0,0,1,
14 1,1,1,1,0,0,0,0,0,0,0,0,0,0,*,0,0,0,0,0,0,1,
15 1,1,1,1,0,0,0,0,0,0,0,0,0,0,0,*,0,0,0,0,0,1,
16 1,1,1,1,0,0,0,0,0,0,0,0,0,0,0,0,*,0,0,0,0,1,
17 1,1,1,1,0,0,0,0,0,0,0,0,0,0,0,0,0,*,0,0,0,1,
18 1,1,1,1,0,0,0,0,0,0,0,0,0,0,0,0,0,0,*,0,0,1,
19 1,1,1,1,0,0,0,0,0,0,0,0,0,0,0,0,0,0,0,*,0,1,
20 0,0,0,0,0,0,0,0,0,0,0,0,0,0,0,0,0,0,0,0,*,0,
21 0,0,0,0,0,0,0,0,0,0,0,0,0,0,0,0,0,0,0,0,0,*,
k=33
t=200

  0,1,2,3,4,5,6,7,8,9,10,11,12,13,14,15,16,17,18,19,20,21,
0 *,0,0,0,0,0,0,0,0,0,0,0,0,0,0,0,0,0,0,0,0,1,
1 0,*,0,0,0,0,0,0,0,0,0,0,0,0,0,0,0,0,0,0,0,1,
2 0,0,*,0,0,0,0,0,0,0,0,0,0,0,0,0,0,0,0,0,0,0,
3 0,0,0,*,0,0,0,0,0,0,0,0,0,0,0,0,0,0,0,0,0,0,
4 1,1,1,1,*,0,0,0,0,0,0,0,0,0,0,0,0,0,0,0,0,1,
5 1,1,1,1,0,*,0,0,0,0,0,0,0,0,0,0,0,0,0,0,0,1,
6 1,1,1,1,0,0,*,0,0,0,0,0,0,0,0,0,0,0,0,0,0,1,
7 1,1,1,1,0,0,0,*,0,0,0,0,0,0,0,0,0,0,0,0,0,1,
8 1,1,1,1,0,0,0,0,*,0,0,0,0,0,0,0,0,0,0,0,0,1,
9 1,1,1,1,0,0,0,0,0,*,0,0,0,0,0,0,0,0,0,0,0,1,
10 1,1,1,1,0,0,0,0,0,0,*,0,0,0,0,0,0,0,0,0,0,1,
11 1,1,1,1,0,0,0,0,0,0,0,*,0,0,0,0,0,0,0,0,0,1,
12 1,1,1,1,0,0,0,0,0,0,0,0,*,0,0,0,0,0,0,0,0,1,
13 1,1,1,1,0,0,0,0,0,0,0,0,0,*,0,0,0,0,0,0,0,1,
14 1,1,1,1,0,0,0,0,0,0,0,0,0,0,*,0,0,0,0,0,0,1,
15 1,1,1,1,0,0,0,0,0,0,0,0,0,0,0,*,0,0,0,0,0,1,
16 1,1,1,1,0,0,0,0,0,0,0,0,0,0,0,0,*,0,0,0,0,1,
17 1,1,1,1,0,0,0,0,0,0,0,0,0,0,0,0,0,*,0,0,0,1,
18 1,1,1,1,0,0,0,0,0,0,0,0,0,0,0,0,0,0,*,0,0,1,
19 1,1,1,1,0,0,0,0,0,0,0,0,0,0,0,0,0,0,0,*,0,1,
20 0,0,0,0,0,0,0,0,0,0,0,0,0,0,0,0,0,0,0,0,*,0,
21 0,0,0,0,0,0,0,0,0,0,0,0,0,0,0,0,0,0,0,0,0,*,
k=34
t=400

  0,1,2,3,4,5,6,7,8,9,10,11,12,13,14,15,16,17,18,19,20,21,
0 *,0,0,0,0,0,0,0,0,0,0,0,0,0,0,0,0,0,0,0,0,1,
1 0,*,0,0,0,0,0,0,0,0,0,0,0,0,0,0,0,0,0,0,0,1,
2 0,0,*,0,0,0,0,0,0,0,0,0,0,0,0,0,0,0,0,0,1,0,
3 0,0,0,*,0,0,0,0,0,0,0,0,0,0,0,0,0,0,0,0,1,0,
4 1,1,1,1,*,0,0,0,0,0,0,0,0,0,0,0,0,0,0,0,0,1,
5 1,1,1,1,0,*,0,0,0,0,0,0,0,0,0,0,0,0,0,0,0,1,
6 1,1,1,1,0,0,*,0,0,0,0,0,0,0,0,0,0,0,0,0,0,1,
7 1,1,1,1,0,0,0,*,0,0,0,0,0,0,0,0,0,0,0,0,0,1,
8 1,1,1,1,0,0,0,0,*,0,0,0,0,0,0,0,0,0,0,0,0,1,
9 1,1,1,1,0,0,0,0,0,*,0,0,0,0,0,0,0,0,0,0,0,1,
10 1,1,1,1,0,0,0,0,0,0,*,0,0,0,0,0,0,0,0,0,0,1,
11 1,1,1,1,0,0,0,0,0,0,0,*,0,0,0,0,0,0,0,0,0,1,
12 1,1,1,1,0,0,0,0,0,0,0,0,*,0,0,0,0,0,0,0,0,1,
13 1,1,1,1,0,0,0,0,0,0,0,0,0,*,0,0,0,0,0,0,0,1,
14 1,1,1,1,0,0,0,0,0,0,0,0,0,0,*,0,0,0,0,0,0,1,
15 1,1,1,1,0,0,0,0,0,0,0,0,0,0,0,*,0,0,0,0,0,1,
16 1,1,1,1,0,0,0,0,0,0,0,0,0,0,0,0,*,0,0,0,0,1,
17 1,1,1,1,0,0,0,0,0,0,0,0,0,0,0,0,0,*,0,0,0,1,
18 1,1,1,1,0,0,0,0,0,0,0,0,0,0,0,0,0,0,*,0,0,1,
19 1,1,1,1,0,0,0,0,0,0,0,0,0,0,0,0,0,0,0,*,0,1,
20 0,0,0,0,0,0,0,0,0,0,0,0,0,0,0,0,0,0,0,0,*,0,
21 0,0,0,0,0,0,0,0,0,0,0,0,0,0,0,0,0,0,0,0,0,*,
k=35
t=600

  0,1,2,3,4,5,6,7,8,9,10,11,12,13,14,15,16,17,18,19,20,21,
0 *,0,0,0,0,0,0,0,0,0,0,0,0,0,0,0,0,0,0,0,0,1,
1 0,*,0,0,0,0,0,0,0,0,0,0,0,0,0,0,0,0,0,0,0,1,
2 0,0,*,0,0,0,0,0,0,0,0,0,0,0,0,0,0,0,0,0,1,0,
3 0,0,0,*,0,0,0,0,0,0,0,0,0,0,0,0,0,0,0,0,1,0,
4 1,1,1,1,*,0,0,0,0,0,0,0,0,0,0,0,0,0,0,0,0,1,
5 1,1,1,1,0,*,0,0,0,0,0,0,0,0,0,0,0,0,0,0,0,1,
6 1,1,1,1,0,0,*,0,0,0,0,0,0,0,0,0,0,0,0,0,0,1,
7 1,1,1,1,0,0,0,*,0,0,0,0,0,0,0,0,0,0,0,0,0,1,
8 1,1,1,1,0,0,0,0,*,0,0,0,0,0,0,0,0,0,0,0,0,1,
9 1,1,1,1,0,0,0,0,0,*,0,0,0,0,0,0,0,0,0,0,0,1,
10 1,1,1,1,0,0,0,0,0,0,*,0,0,0,0,0,0,0,0,0,0,1,
11 1,1,1,1,0,0,0,0,0,0,0,*,0,0,0,0,0,0,0,0,0,1,
12 1,1,1,1,0,0,0,0,0,0,0,0,*,0,0,0,0,0,0,0,0,1,
13 1,1,1,1,0,0,0,0,0,0,0,0,0,*,0,0,0,0,0,0,0,1,
14 1,1,1,1,0,0,0,0,0,0,0,0,0,0,*,0,0,0,0,0,0,1,
15 1,1,1,1,0,0,0,0,0,0,0,0,0,0,0,*,0,0,0,0,0,1,
16 1,1,1,1,0,0,0,0,0,0,0,0,0,0,0,0,*,0,0,0,0,1,
17 1,1,1,1,0,0,0,0,0,0,0,0,0,0,0,0,0,*,0,0,0,1,
18 1,1,1,1,0,0,0,0,0,0,0,0,0,0,0,0,0,0,*,0,0,1,
19 1,1,1,1,0,0,0,0,0,0,0,0,0,0,0,0,0,0,0,*,0,1,
20 0,0,0,0,0,0,0,0,0,0,0,0,0,0,0,0,0,0,0,0,*,0,
21 0,0,0,0,0,0,0,0,0,0,0,0,0,0,0,0,0,0,0,0,0,*,
k=36
t=200

  0,1,2,3,4,5,6,7,8,9,10,11,12,13,14,15,16,17,18,19,20,21,
0 *,0,0,0,0,0,0,0,0,0,0,0,0,0,0,0,0,0,0,0,0,0,
1 0,*,0,0,0,0,0,0,0,0,0,0,0,0,0,0,0,0,0,0,0,0,
2 0,0,*,0,0,0,0,0,0,0,0,0,0,0,0,0,0,0,0,0,1,0,
3 0,0,0,*,0,0,0,0,0,0,0,0,0,0,0,0,0,0,0,0,1,0,
4 1,1,1,1,*,0,0,0,0,0,0,0,0,0,0,0,0,0,0,0,0,1,
5 1,1,1,1,0,*,0,0,0,0,0,0,0,0,0,0,0,0,0,0,0,1,
6 1,1,1,1,0,0,*,0,0,0,0,0,0,0,0,0,0,0,0,0,0,1,
7 1,1,1,1,0,0,0,*,0,0,0,0,0,0,0,0,0,0,0,0,0,1,
8 1,1,1,1,0,0,0,0,*,0,0,0,0,0,0,0,0,0,0,0,0,1,
9 1,1,1,1,0,0,0,0,0,*,0,0,0,0,0,0,0,0,0,0,0,1,
10 1,1,1,1,0,0,0,0,0,0,*,0,0,0,0,0,0,0,0,0,0,1,
11 1,1,1,1,0,0,0,0,0,0,0,*,0,0,0,0,0,0,0,0,0,1,
12 1,1,1,1,0,0,0,0,0,0,0,0,*,0,0,0,0,0,0,0,0,1,
13 1,1,1,1,0,0,0,0,0,0,0,0,0,*,0,0,0,0,0,0,0,1,
14 1,1,1,1,0,0,0,0,0,0,0,0,0,0,*,0,0,0,0,0,0,1,
15 1,1,1,1,0,0,0,0,0,0,0,0,0,0,0,*,0,0,0,0,0,1,
16 1,1,1,1,0,0,0,0,0,0,0,0,0,0,0,0,*,0,0,0,0,1,
17 1,1,1,1,0,0,0,0,0,0,0,0,0,0,0,0,0,*,0,0,0,1,
18 1,1,1,1,0,0,0,0,0,0,0,0,0,0,0,0,0,0,*,0,0,1,
19 1,1,1,1,0,0,0,0,0,0,0,0,0,0,0,0,0,0,0,*,0,1,
20 0,0,0,0,0,0,0,0,0,0,0,0,0,0,0,0,0,0,0,0,*,0,
21 0,0,0,0,0,0,0,0,0,0,0,0,0,0,0,0,0,0,0,0,0,*,
k=37
t=200

  0,1,2,3,4,5,6,7,8,9,10,11,12,13,14,15,16,17,18,19,20,21,
0 *,0,0,0,0,0,0,0,0,0,0,0,0,0,0,0,0,0,0,0,0,0,
1 0,*,0,0,0,0,0,0,0,0,0,0,0,0,0,0,0,0,0,0,0,0,
2 0,0,*,0,0,0,0,0,0,0,0,0,0,0,0,0,0,0,0,0,1,0,
3 0,0,0,*,0,0,0,0,0,0,0,0,0,0,0,0,0,0,0,0,1,0,
4 1,1,0,0,*,0,0,0,0,0,0,0,0,0,0,0,0,0,0,0,0,1,
5 1,1,0,0,0,*,0,0,0,0,0,0,0,0,0,0,0,0,0,0,0,1,
6 1,1,0,0,0,0,*,0,0,0,0,0,0,0,0,0,0,0,0,0,0,1,
7 1,1,0,0,0,0,0,*,0,0,0,0,0,0,0,0,0,0,0,0,0,1,
8 1,1,0,0,0,0,0,0,*,0,0,0,0,0,0,0,0,0,0,0,0,1,
9 1,1,0,0,0,0,0,0,0,*,0,0,0,0,0,0,0,0,0,0,0,1,
10 1,1,0,0,0,0,0,0,0,0,*,0,0,0,0,0,0,0,0,0,0,1,
11 1,1,0,0,0,0,0,0,0,0,0,*,0,0,0,0,0,0,0,0,0,1,
12 1,1,0,0,0,0,0,0,0,0,0,0,*,0,0,0,0,0,0,0,0,1,
13 1,1,0,0,0,0,0,0,0,0,0,0,0,*,0,0,0,0,0,0,0,1,
14 1,1,0,0,0,0,0,0,0,0,0,0,0,0,*,0,0,0,0,0,0,1,
15 1,1,0,0,0,0,0,0,0,0,0,0,0,0,0,*,0,0,0,0,0,1,
16 1,1,0,0,0,0,0,0,0,0,0,0,0,0,0,0,*,0,0,0,0,1,
17 1,1,0,0,0,0,0,0,0,0,0,0,0,0,0,0,0,*,0,0,0,1,
18 1,1,0,0,0,0,0,0,0,0,0,0,0,0,0,0,0,0,*,0,0,1,
19 1,1,0,0,0,0,0,0,0,0,0,0,0,0,0,0,0,0,0,*,0,1,
20 0,0,0,0,0,0,0,0,0,0,0,0,0,0,0,0,0,0,0,0,*,0,
21 0,0,0,0,0,0,0,0,0,0,0,0,0,0,0,0,0,0,0,0,0,*,
k=38
t=200

  0,1,2,3,4,5,6,7,8,9,10,11,12,13,14,15,16,17,18,19,20,21,
0 *,0,0,0,0,0,0,0,0,0,0,0,0,0,0,0,0,0,0,0,0,0,
1 0,*,0,0,0,0,0,0,0,0,0,0,0,0,0,0,0,0,0,0,0,0,
2 0,0,*,0,0,0,0,0,0,0,0,0,0,0,0,0,0,0,0,0,1,0,
3 0,0,0,*,0,0,0,0,0,0,0,0,0,0,0,0,0,0,0,0,1,0,
4 1,1,0,0,*,0,0,0,0,0,0,0,0,0,0,0,0,0,0,0,0,1,
5 1,1,0,0,0,*,0,0,0,0,0,0,0,0,0,0,0,0,0,0,0,1,
6 1,1,0,0,0,0,*,0,0,0,0,0,0,0,0,0,0,0,0,0,0,1,
7 1,1,0,0,0,0,0,*,0,0,0,0,0,0,0,0,0,0,0,0,0,1,
8 1,1,0,0,0,0,0,0,*,0,0,0,0,0,0,0,0,0,0,0,0,1,
9 1,1,0,0,0,0,0,0,0,*,0,0,0,0,0,0,0,0,0,0,0,1,
10 1,1,0,0,0,0,0,0,0,0,*,0,0,0,0,0,0,0,0,0,0,1,
11 1,1,0,0,0,0,0,0,0,0,0,*,0,0,0,0,0,0,0,0,0,1,
12 1,1,0,0,0,0,0,0,0,0,0,0,*,0,0,0,0,0,0,0,0,1,
13 1,1,0,0,0,0,0,0,0,0,0,0,0,*,0,0,0,0,0,0,0,1,
14 1,1,0,0,0,0,0,0,0,0,0,0,0,0,*,0,0,0,0,0,0,1,
15 1,1,0,0,0,0,0,0,0,0,0,0,0,0,0,*,0,0,0,0,0,1,
16 1,1,0,0,0,0,0,0,0,0,0,0,0,0,0,0,*,0,0,0,0,1,
17 1,1,0,0,0,0,0,0,0,0,0,0,0,0,0,0,0,*,0,0,0,1,
18 1,1,0,0,0,0,0,0,0,0,0,0,0,0,0,0,0,0,*,0,0,1,
19 0,0,0,0,0,0,0,0,0,0,0,0,0,0,0,0,0,0,0,*,0,0,
20 0,0,0,0,0,0,0,0,0,0,0,0,0,0,0,0,0,0,0,0,*,0,
21 0,0,0,0,0,0,0,0,0,0,0,0,0,0,0,0,0,0,0,0,0,*,
k=39
t=100

  0,1,2,3,4,5,6,7,8,9,10,11,12,13,14,15,16,17,18,19,20,21,
0 *,0,0,0,0,0,0,0,0,0,0,0,0,0,0,0,0,0,0,0,0,0,
1 0,*,0,0,0,0,0,0,0,0,0,0,0,0,0,0,0,0,0,0,0,0,
2 0,0,*,0,0,0,0,0,0,0,0,0,0,0,0,0,0,0,0,0,1,0,
3 0,0,0,*,0,0,0,0,0,0,0,0,0,0,0,0,0,0,0,0,1,0,
4 1,1,0,0,*,0,0,0,0,0,0,0,0,0,0,0,0,0,0,0,0,1,
5 1,1,0,0,0,*,0,0,0,0,0,0,0,0,0,0,0,0,0,0,0,1,
6 1,1,0,0,0,0,*,0,0,0,0,0,0,0,0,0,0,0,0,0,0,1,
7 1,1,0,0,0,0,0,*,0,0,0,0,0,0,0,0,0,0,0,0,0,1,
8 1,1,0,0,0,0,0,0,*,0,0,0,0,0,0,0,0,0,0,0,0,1,
9 0,0,0,0,0,0,0,0,0,*,0,0,0,0,0,0,0,0,0,0,0,0,
10 1,1,0,0,0,0,0,0,0,0,*,0,0,0,0,0,0,0,0,0,0,1,
11 1,1,0,0,0,0,0,0,0,0,0,*,0,0,0,0,0,0,0,0,0,1,
12 1,1,0,0,0,0,0,0,0,0,0,0,*,0,0,0,0,0,0,0,0,1,
13 1,1,0,0,0,0,0,0,0,0,0,0,0,*,0,0,0,0,0,0,0,1,
14 1,1,0,0,0,0,0,0,0,0,0,0,0,0,*,0,0,0,0,0,0,1,
15 1,1,0,0,0,0,0,0,0,0,0,0,0,0,0,*,0,0,0,0,0,1,
16 1,1,0,0,0,0,0,0,0,0,0,0,0,0,0,0,*,0,0,0,0,1,
17 1,1,0,0,0,0,0,0,0,0,0,0,0,0,0,0,0,*,0,0,0,1,
18 1,1,0,0,0,0,0,0,0,0,0,0,0,0,0,0,0,0,*,0,0,1,
19 0,0,0,0,0,0,0,0,0,0,0,0,0,0,0,0,0,0,0,*,0,0,
20 0,0,0,0,0,0,0,0,0,0,0,0,0,0,0,0,0,0,0,0,*,0,
21 0,0,0,0,0,0,0,0,0,0,0,0,0,0,0,0,0,0,0,0,0,*,
k=40
t=600

  0,1,2,3,4,5,6,7,8,9,10,11,12,13,14,15,16,17,18,19,20,21,
0 *,0,0,0,0,0,0,0,0,0,0,0,0,0,0,0,0,0,0,0,0,0,
1 0,*,0,0,0,0,0,0,0,0,0,0,0,0,0,0,0,0,0,0,0,0,
2 0,0,*,0,0,0,0,0,0,0,0,0,0,0,0,0,0,0,0,0,1,0,
3 0,0,0,*,0,0,0,0,0,0,0,0,0,0,0,0,0,0,0,0,1,0,
4 1,1,0,0,*,0,0,0,0,0,0,0,0,0,0,0,0,0,0,0,0,1,
5 1,1,0,0,0,*,0,0,0,0,0,0,0,0,0,0,0,0,0,0,0,1,
6 1,1,0,0,0,0,*,0,0,0,0,0,0,0,0,0,0,0,0,0,0,1,
7 1,1,0,0,0,0,0,*,0,0,0,0,0,0,0,0,0,0,0,0,0,1,
8 1,1,0,0,0,0,0,0,*,0,0,0,0,0,0,0,0,0,0,0,0,1,
9 0,0,0,0,0,0,0,0,0,*,0,0,0,0,0,0,0,0,0,0,0,0,
10 1,1,0,0,0,0,0,0,0,0,*,0,0,0,0,0,0,0,0,0,0,1,
11 1,1,0,0,0,0,0,0,0,0,0,*,0,0,0,0,0,0,0,0,0,1,
12 1,1,0,0,0,0,0,0,0,0,0,0,*,0,0,0,0,0,0,0,0,1,
13 1,1,0,0,0,0,0,0,0,0,0,0,0,*,0,0,0,0,0,0,0,1,
14 1,1,0,0,0,0,0,0,0,0,0,0,0,0,*,0,0,0,0,0,0,1,
15 1,1,0,0,0,0,0,0,0,0,0,0,0,0,0,*,0,0,0,0,0,1,
16 1,1,0,0,0,0,0,0,0,0,0,0,0,0,0,0,*,0,0,0,0,1,
17 1,1,0,0,0,0,0,0,0,0,0,0,0,0,0,0,0,*,0,0,0,1,
18 1,1,0,0,0,0,0,0,0,0,0,0,0,0,0,0,0,0,*,0,0,1,
19 0,0,0,0,0,0,0,0,0,0,0,0,0,0,0,0,0,0,0,*,0,0,
20 0,0,0,0,0,0,0,0,0,0,0,0,0,0,0,0,0,0,0,0,*,0,
21 0,0,0,0,0,0,0,0,0,0,0,0,0,0,0,0,0,0,0,0,0,*,
k=41
t=400

  0,1,2,3,4,5,6,7,8,9,10,11,12,13,14,15,16,17,18,19,20,21,
0 *,0,0,0,0,0,0,0,0,0,0,0,0,0,0,0,0,0,0,0,0,0,
1 0,*,0,0,0,0,0,0,0,0,0,0,0,0,0,0,0,0,0,0,0,0,
2 0,0,*,0,0,0,0,0,0,0,0,0,0,0,0,0,0,0,0,0,1,0,
3 0,0,0,*,0,0,0,0,0,0,0,0,0,0,0,0,0,0,0,0,1,0,
4 1,1,1,1,*,0,0,0,0,0,0,0,0,0,0,0,0,0,0,0,0,1,
5 1,1,1,1,0,*,0,0,0,0,0,0,0,0,0,0,0,0,0,0,0,1,
6 1,1,1,1,0,0,*,0,0,0,0,0,0,0,0,0,0,0,0,0,0,1,
7 1,1,1,1,0,0,0,*,0,0,0,0,0,0,0,0,0,0,0,0,0,1,
8 1,1,1,1,0,0,0,0,*,0,0,0,0,0,0,0,0,0,0,0,0,1,
9 0,0,0,0,0,0,0,0,0,*,0,0,0,0,0,0,0,0,0,0,0,0,
10 1,1,1,1,0,0,0,0,0,0,*,0,0,0,0,0,0,0,0,0,0,1,
11 1,1,1,1,0,0,0,0,0,0,0,*,0,0,0,0,0,0,0,0,0,1,
12 1,1,1,1,0,0,0,0,0,0,0,0,*,0,0,0,0,0,0,0,0,1,
13 1,1,1,1,0,0,0,0,0,0,0,0,0,*,0,0,0,0,0,0,0,1,
14 1,1,1,1,0,0,0,0,0,0,0,0,0,0,*,0,0,0,0,0,0,1,
15 1,1,1,1,0,0,0,0,0,0,0,0,0,0,0,*,0,0,0,0,0,1,
16 1,1,1,1,0,0,0,0,0,0,0,0,0,0,0,0,*,0,0,0,0,1,
17 1,1,1,1,0,0,0,0,0,0,0,0,0,0,0,0,0,*,0,0,0,1,
18 1,1,1,1,0,0,0,0,0,0,0,0,0,0,0,0,0,0,*,0,0,1,
19 0,0,0,0,0,0,0,0,0,0,0,0,0,0,0,0,0,0,0,*,0,0,
20 0,0,0,0,0,0,0,0,0,0,0,0,0,0,0,0,0,0,0,0,*,0,
21 0,0,0,0,0,0,0,0,0,0,0,0,0,0,0,0,0,0,0,0,0,*,
k=42
t=200

  0,1,2,3,4,5,6,7,8,9,10,11,12,13,14,15,16,17,18,19,20,21,
0 *,0,0,0,0,0,0,0,0,0,0,0,0,0,0,0,0,0,0,0,0,0,
1 0,*,0,0,0,0,0,0,0,0,0,0,0,0,0,0,0,0,0,0,0,0,
2 0,0,*,0,0,0,0,0,0,0,0,0,0,0,0,0,0,0,0,0,1,0,
3 0,0,0,*,0,0,0,0,0,0,0,0,0,0,0,0,0,0,0,0,1,0,
4 1,1,1,1,*,0,0,0,0,0,0,0,0,0,0,0,0,0,0,0,0,1,
5 1,1,1,1,0,*,0,0,0,0,0,0,0,0,0,0,0,0,0,0,0,1,
6 1,1,1,1,0,0,*,0,0,0,0,0,0,0,0,0,0,0,0,0,0,1,
7 1,1,1,1,0,0,0,*,0,0,0,0,0,0,0,0,0,0,0,0,0,1,
8 1,1,1,1,0,0,0,0,*,0,0,0,0,0,0,0,0,0,0,0,0,1,
9 0,0,0,0,0,0,0,0,0,*,0,0,0,0,0,0,0,0,0,0,0,0,
10 1,1,1,1,0,0,0,0,0,0,*,0,0,0,0,0,0,0,0,0,0,1,
11 1,1,1,1,0,0,0,0,0,0,0,*,0,0,0,0,0,0,0,0,0,1,
12 1,1,1,1,0,0,0,0,0,0,0,0,*,0,0,0,0,0,0,0,0,1,
13 1,1,1,1,0,0,0,0,0,0,0,0,0,*,0,0,0,0,0,0,0,1,
14 1,1,1,1,0,0,0,0,0,0,0,0,0,0,*,0,0,0,0,0,0,1,
15 1,1,1,1,0,0,0,0,0,0,0,0,0,0,0,*,0,0,0,0,0,1,
16 1,1,1,1,0,0,0,0,0,0,0,0,0,0,0,0,*,0,0,0,0,1,
17 1,1,1,1,0,0,0,0,0,0,0,0,0,0,0,0,0,*,0,0,0,1,
18 1,1,1,1,0,0,0,0,0,0,0,0,0,0,0,0,0,0,*,0,0,1,
19 0,0,0,0,0,0,0,0,0,0,0,0,0,0,0,0,0,0,0,*,0,0,
20 0,0,0,0,0,0,0,0,0,0,0,0,0,0,0,0,0,0,0,0,*,0,
21 0,0,0,0,0,0,0,0,0,0,0,0,0,0,0,0,0,0,0,0,0,*,
k=43
t=600

  0,1,2,3,4,5,6,7,8,9,10,11,12,13,14,15,16,17,18,19,20,21,
0 *,0,0,0,0,0,0,0,0,0,0,0,0,0,0,0,0,0,0,0,0,0,
1 0,*,0,0,0,0,0,0,0,0,0,0,0,0,0,0,0,0,0,0,0,0,
2 0,0,*,0,0,0,0,0,0,0,0,0,0,0,0,0,0,0,0,0,1,0,
3 0,0,0,*,0,0,0,0,0,0,0,0,0,0,0,0,0,0,0,0,1,0,
4 1,1,1,1,*,0,0,0,0,0,0,0,0,0,0,0,0,0,0,0,0,1,
5 1,1,1,1,0,*,0,0,0,0,0,0,0,0,0,0,0,0,0,0,0,1,
6 1,1,1,1,0,0,*,0,0,0,0,0,0,0,0,0,0,0,0,0,0,1,
7 1,1,1,1,0,0,0,*,0,0,0,0,0,0,0,0,0,0,0,0,0,1,
8 1,1,1,1,0,0,0,0,*,0,0,0,0,0,0,0,0,0,0,0,0,1,
9 0,0,0,0,0,0,0,0,0,*,0,0,0,0,0,0,0,0,0,0,0,0,
10 1,1,1,1,0,0,0,0,0,0,*,0,0,0,0,0,0,0,0,0,0,1,
11 1,1,1,1,0,0,0,0,0,0,0,*,0,0,0,0,0,0,0,0,0,1,
12 1,1,1,1,0,0,0,0,0,0,0,0,*,0,0,0,0,0,0,0,0,1,
13 1,1,1,1,0,0,0,0,0,0,0,0,0,*,0,0,0,0,0,0,0,1,
14 1,1,1,1,0,0,0,0,0,0,0,0,0,0,*,0,0,0,0,0,0,1,
15 1,1,1,1,0,0,0,0,0,0,0,0,0,0,0,*,0,0,0,0,0,1,
16 1,1,1,1,0,0,0,0,0,0,0,0,0,0,0,0,*,0,0,0,0,1,
17 1,1,1,1,0,0,0,0,0,0,0,0,0,0,0,0,0,*,0,0,0,1,
18 1,1,1,1,0,0,0,0,0,0,0,0,0,0,0,0,0,0,*,0,0,1,
19 0,0,0,0,0,0,0,0,0,0,0,0,0,0,0,0,0,0,0,*,0,0,
20 0,0,0,0,0,0,0,0,0,0,0,0,0,0,0,0,0,0,0,0,*,0,
21 0,0,0,0,0,0,0,0,0,0,0,0,0,0,0,0,0,0,0,0,0,*,
k=44
t=400

  0,1,2,3,4,5,6,7,8,9,10,11,12,13,14,15,16,17,18,19,20,21,
0 *,0,0,0,0,0,0,0,0,0,0,0,0,0,0,0,0,0,0,0,0,0,
1 0,*,0,0,0,0,0,0,0,0,0,0,0,0,0,0,0,0,0,0,0,0,
2 0,0,*,0,0,0,0,0,0,0,0,0,0,0,0,0,0,0,0,0,1,0,
3 0,0,0,*,0,0,0,0,0,0,0,0,0,0,0,0,0,0,0,0,1,0,
4 1,1,1,1,*,0,0,0,0,0,0,0,0,0,0,0,0,0,0,0,0,1,
5 1,1,1,1,0,*,0,0,0,0,0,0,0,0,0,0,0,0,0,0,0,1,
6 1,1,1,1,0,0,*,0,0,0,0,0,0,0,0,0,0,0,0,0,0,1,
7 1,1,1,1,0,0,0,*,0,0,0,0,0,0,0,0,0,0,0,0,0,1,
8 1,1,1,1,0,0,0,0,*,0,0,0,0,0,0,0,0,0,0,0,0,1,
9 1,1,1,1,0,0,0,0,0,*,0,0,0,0,0,0,0,0,0,0,0,1,
10 1,1,1,1,0,0,0,0,0,0,*,0,0,0,0,0,0,0,0,0,0,1,
11 1,1,1,1,0,0,0,0,0,0,0,*,0,0,0,0,0,0,0,0,0,1,
12 1,1,1,1,0,0,0,0,0,0,0,0,*,0,0,0,0,0,0,0,0,1,
13 1,1,1,1,0,0,0,0,0,0,0,0,0,*,0,0,0,0,0,0,0,1,
14 1,1,1,1,0,0,0,0,0,0,0,0,0,0,*,0,0,0,0,0,0,1,
15 1,1,1,1,0,0,0,0,0,0,0,0,0,0,0,*,0,0,0,0,0,1,
16 1,1,1,1,0,0,0,0,0,0,0,0,0,0,0,0,*,0,0,0,0,1,
17 1,1,1,1,0,0,0,0,0,0,0,0,0,0,0,0,0,*,0,0,0,1,
18 1,1,1,1,0,0,0,0,0,0,0,0,0,0,0,0,0,0,*,0,0,1,
19 1,1,1,1,0,0,0,0,0,0,0,0,0,0,0,0,0,0,0,*,0,1,
20 0,0,0,0,0,0,0,0,0,0,0,0,0,0,0,0,0,0,0,0,*,0,
21 0,0,0,0,0,0,0,0,0,0,0,0,0,0,0,0,0,0,0,0,0,*,
k=45
t=600

  0,1,2,3,4,5,6,7,8,9,10,11,12,13,14,15,16,17,18,19,20,21,
0 *,0,0,0,0,0,0,0,0,0,0,0,0,0,0,0,0,0,0,0,0,0,
1 0,*,0,0,0,0,0,0,0,0,0,0,0,0,0,0,0,0,0,0,0,0,
2 0,0,*,0,0,0,0,0,0,0,0,0,0,0,0,0,0,0,0,0,1,1,
3 0,0,0,*,0,0,0,0,0,0,0,0,0,0,0,0,0,0,0,0,1,1,
4 1,1,1,1,*,0,0,0,0,0,0,0,0,0,0,0,0,0,0,0,0,1,
5 1,1,1,1,0,*,0,0,0,0,0,0,0,0,0,0,0,0,0,0,0,1,
6 1,1,1,1,0,0,*,0,0,0,0,0,0,0,0,0,0,0,0,0,0,1,
7 1,1,1,1,0,0,0,*,0,0,0,0,0,0,0,0,0,0,0,0,0,1,
8 1,1,1,1,0,0,0,0,*,0,0,0,0,0,0,0,0,0,0,0,0,1,
9 1,1,1,1,0,0,0,0,0,*,0,0,0,0,0,0,0,0,0,0,0,1,
10 1,1,1,1,0,0,0,0,0,0,*,0,0,0,0,0,0,0,0,0,0,1,
11 1,1,1,1,0,0,0,0,0,0,0,*,0,0,0,0,0,0,0,0,0,1,
12 1,1,1,1,0,0,0,0,0,0,0,0,*,0,0,0,0,0,0,0,0,1,
13 1,1,1,1,0,0,0,0,0,0,0,0,0,*,0,0,0,0,0,0,0,1,
14 1,1,1,1,0,0,0,0,0,0,0,0,0,0,*,0,0,0,0,0,0,1,
15 1,1,1,1,0,0,0,0,0,0,0,0,0,0,0,*,0,0,0,0,0,1,
16 1,1,1,1,0,0,0,0,0,0,0,0,0,0,0,0,*,0,0,0,0,1,
17 1,1,1,1,0,0,0,0,0,0,0,0,0,0,0,0,0,*,0,0,0,1,
18 1,1,1,1,0,0,0,0,0,0,0,0,0,0,0,0,0,0,*,0,0,1,
19 1,1,1,1,0,0,0,0,0,0,0,0,0,0,0,0,0,0,0,*,0,1,
20 0,0,0,0,0,0,0,0,0,0,0,0,0,0,0,0,0,0,0,0,*,0,
21 0,0,0,0,0,0,0,0,0,0,0,0,0,0,0,0,0,0,0,0,0,*,
k=46
t=200

  0,1,2,3,4,5,6,7,8,9,10,11,12,13,14,15,16,17,18,19,20,21,
0 *,0,0,0,0,0,0,0,0,0,0,0,0,0,0,0,0,0,0,0,0,0,
1 0,*,0,0,0,0,0,0,0,0,0,0,0,0,0,0,0,0,0,0,0,0,
2 0,0,*,0,0,0,0,0,0,0,0,0,0,0,0,0,0,0,0,0,1,1,
3 0,0,0,*,0,0,0,0,0,0,0,0,0,0,0,0,0,0,0,0,1,1,
4 1,1,1,1,*,0,0,0,0,0,0,0,0,0,0,0,0,0,0,0,0,1,
5 1,1,1,1,0,*,0,0,0,0,0,0,0,0,0,0,0,0,0,0,0,1,
6 1,1,1,1,0,0,*,0,0,0,0,0,0,0,0,0,0,0,0,0,0,1,
7 1,1,1,1,0,0,0,*,0,0,0,0,0,0,0,0,0,0,0,0,0,1,
8 1,1,1,1,0,0,0,0,*,0,0,0,0,0,0,0,0,0,0,0,0,1,
9 1,1,1,1,0,0,0,0,0,*,0,0,0,0,0,0,0,0,0,0,0,1,
10 1,1,1,1,0,0,0,0,0,0,*,0,0,0,0,0,0,0,0,0,0,1,
11 1,1,1,1,0,0,0,0,0,0,0,*,0,0,0,0,0,0,0,0,0,1,
12 1,1,1,1,0,0,0,0,0,0,0,0,*,0,0,0,0,0,0,0,0,1,
13 1,1,1,1,0,0,0,0,0,0,0,0,0,*,0,0,0,0,0,0,0,1,
14 1,1,1,1,0,0,0,0,0,0,0,0,0,0,*,0,0,0,0,0,0,1,
15 1,1,1,1,0,0,0,0,0,0,0,0,0,0,0,*,0,0,0,0,0,1,
16 1,1,1,1,0,0,0,0,0,0,0,0,0,0,0,0,*,0,0,0,0,1,
17 1,1,1,1,0,0,0,0,0,0,0,0,0,0,0,0,0,*,0,0,0,1,
18 1,1,1,1,0,0,0,0,0,0,0,0,0,0,0,0,0,0,*,0,0,1,
19 1,1,1,1,0,0,0,0,0,0,0,0,0,0,0,0,0,0,0,*,0,1,
20 0,0,0,0,0,0,0,0,0,0,0,0,0,0,0,0,0,0,0,0,*,0,
21 0,0,0,0,0,0,0,0,0,0,0,0,0,0,0,0,0,0,0,0,0,*,
k=47
t=600

  0,1,2,3,4,5,6,7,8,9,10,11,12,13,14,15,16,17,18,19,20,21,
0 *,0,0,0,0,0,0,0,0,0,0,0,0,0,0,0,0,0,0,0,0,0,
1 0,*,0,0,0,0,0,0,0,0,0,0,0,0,0,0,0,0,0,0,0,0,
2 0,0,*,0,0,0,0,0,0,0,0,0,0,0,0,0,0,0,0,0,1,1,
3 0,0,0,*,0,0,0,0,0,0,0,0,0,0,0,0,0,0,0,0,1,1,
4 1,1,1,1,*,0,0,0,0,0,0,0,0,0,0,0,0,0,0,0,0,1,
5 1,1,1,1,0,*,0,0,0,0,0,0,0,0,0,0,0,0,0,0,0,1,
6 1,1,1,1,0,0,*,0,0,0,0,0,0,0,0,0,0,0,0,0,0,1,
7 1,1,1,1,0,0,0,*,0,0,0,0,0,0,0,0,0,0,0,0,0,1,
8 1,1,1,1,0,0,0,0,*,0,0,0,0,0,0,0,0,0,0,0,0,1,
9 1,1,1,1,0,0,0,0,0,*,0,0,0,0,0,0,0,0,0,0,0,1,
10 1,1,1,1,0,0,0,0,0,0,*,0,0,0,0,0,0,0,0,0,0,1,
11 1,1,1,1,0,0,0,0,0,0,0,*,0,0,0,0,0,0,0,0,0,1,
12 1,1,1,1,0,0,0,0,0,0,0,0,*,0,0,0,0,0,0,0,0,1,
13 1,1,1,1,0,0,0,0,0,0,0,0,0,*,0,0,0,0,0,0,0,1,
14 1,1,1,1,0,0,0,0,0,0,0,0,0,0,*,0,0,0,0,0,0,1,
15 1,1,1,1,0,0,0,0,0,0,0,0,0,0,0,*,0,0,0,0,0,1,
16 1,1,1,1,0,0,0,0,0,0,0,0,0,0,0,0,*,0,0,0,0,1,
17 1,1,1,1,0,0,0,0,0,0,0,0,0,0,0,0,0,*,0,0,0,1,
18 1,1,1,1,0,0,0,0,0,0,0,0,0,0,0,0,0,0,*,0,0,1,
19 1,1,1,1,0,0,0,0,0,0,0,0,0,0,0,0,0,0,0,*,0,1,
20 0,0,0,0,0,0,0,0,0,0,0,0,0,0,0,0,0,0,0,0,*,0,
21 0,0,0,0,0,0,0,0,0,0,0,0,0,0,0,0,0,0,0,0,0,*,
k=48
t=600

  0,1,2,3,4,5,6,7,8,9,10,11,12,13,14,15,16,17,18,19,20,21,
0 *,0,0,0,0,0,0,0,0,0,0,0,0,0,0,0,0,0,0,0,0,0,
1 0,*,0,0,0,0,0,0,0,0,0,0,0,0,0,0,0,0,0,0,0,0,
2 0,0,*,0,0,0,0,0,0,0,0,0,0,0,0,0,0,0,0,0,1,1,
3 0,0,0,*,0,0,0,0,0,0,0,0,0,0,0,0,0,0,0,0,1,1,
4 1,1,1,1,*,0,0,0,0,0,0,0,0,0,0,0,0,0,0,0,0,1,
5 1,1,1,1,0,*,0,0,0,0,0,0,0,0,0,0,0,0,0,0,0,1,
6 1,1,1,1,0,0,*,0,0,0,0,0,0,0,0,0,0,0,0,0,0,1,
7 1,1,1,1,0,0,0,*,0,0,0,0,0,0,0,0,0,0,0,0,0,1,
8 1,1,1,1,0,0,0,0,*,0,0,0,0,0,0,0,0,0,0,0,0,1,
9 1,1,1,1,0,0,0,0,0,*,0,0,0,0,0,0,0,0,0,0,0,1,
10 1,1,1,1,0,0,0,0,0,0,*,0,0,0,0,0,0,0,0,0,0,1,
11 1,1,1,1,0,0,0,0,0,0,0,*,0,0,0,0,0,0,0,0,0,1,
12 1,1,1,1,0,0,0,0,0,0,0,0,*,0,0,0,0,0,0,0,0,1,
13 1,1,1,1,0,0,0,0,0,0,0,0,0,*,0,0,0,0,0,0,0,1,
14 1,1,1,1,0,0,0,0,0,0,0,0,0,0,*,0,0,0,0,0,0,1,
15 1,1,1,1,0,0,0,0,0,0,0,0,0,0,0,*,0,0,0,0,0,1,
16 1,1,1,1,0,0,0,0,0,0,0,0,0,0,0,0,*,0,0,0,0,1,
17 1,1,1,1,0,0,0,0,0,0,0,0,0,0,0,0,0,*,0,0,0,1,
18 1,1,1,1,0,0,0,0,0,0,0,0,0,0,0,0,0,0,*,0,0,1,
19 1,1,1,1,0,0,0,0,0,0,0,0,0,0,0,0,0,0,0,*,0,1,
20 0,0,0,0,0,0,0,0,0,0,0,0,0,0,0,0,0,0,0,0,*,0,
21 0,0,0,0,0,0,0,0,0,0,0,0,0,0,0,0,0,0,0,0,0,*,
k=49
t=400

  0,1,2,3,4,5,6,7,8,9,10,11,12,13,14,15,16,17,18,19,20,21,
0 *,0,0,0,0,0,0,0,0,0,0,0,0,0,0,0,0,0,0,0,0,0,
1 0,*,0,0,0,0,0,0,0,0,0,0,0,0,0,0,0,0,0,0,0,0,
2 0,0,*,0,0,0,0,0,0,0,0,0,0,0,0,0,0,0,0,0,0,1,
3 0,0,0,*,0,0,0,0,0,0,0,0,0,0,0,0,0,0,0,0,0,1,
4 1,1,1,1,*,0,0,0,0,0,0,0,0,0,0,0,0,0,0,0,0,1,
5 1,1,1,1,0,*,0,0,0,0,0,0,0,0,0,0,0,0,0,0,0,1,
6 1,1,1,1,0,0,*,0,0,0,0,0,0,0,0,0,0,0,0,0,0,1,
7 1,1,1,1,0,0,0,*,0,0,0,0,0,0,0,0,0,0,0,0,0,1,
8 1,1,1,1,0,0,0,0,*,0,0,0,0,0,0,0,0,0,0,0,0,1,
9 1,1,1,1,0,0,0,0,0,*,0,0,0,0,0,0,0,0,0,0,0,1,
10 1,1,1,1,0,0,0,0,0,0,*,0,0,0,0,0,0,0,0,0,0,1,
11 1,1,1,1,0,0,0,0,0,0,0,*,0,0,0,0,0,0,0,0,0,1,
12 1,1,1,1,0,0,0,0,0,0,0,0,*,0,0,0,0,0,0,0,0,1,
13 1,1,1,1,0,0,0,0,0,0,0,0,0,*,0,0,0,0,0,0,0,1,
14 1,1,1,1,0,0,0,0,0,0,0,0,0,0,*,0,0,0,0,0,0,1,
15 1,1,1,1,0,0,0,0,0,0,0,0,0,0,0,*,0,0,0,0,0,1,
16 1,1,1,1,0,0,0,0,0,0,0,0,0,0,0,0,*,0,0,0,0,1,
17 1,1,1,1,0,0,0,0,0,0,0,0,0,0,0,0,0,*,0,0,0,1,
18 0,0,0,0,0,0,0,0,0,0,0,0,0,0,0,0,0,0,*,0,0,0,
19 1,1,1,1,0,0,0,0,0,0,0,0,0,0,0,0,0,0,0,*,0,1,
20 0,0,0,0,0,0,0,0,0,0,0,0,0,0,0,0,0,0,0,0,*,0,
21 0,0,0,0,0,0,0,0,0,0,0,0,0,0,0,0,0,0,0,0,0,*,
k=50
t=100

  0,1,2,3,4,5,6,7,8,9,10,11,12,13,14,15,16,17,18,19,20,21,
0 *,0,0,0,0,0,0,0,0,0,0,0,0,0,0,0,0,0,0,0,0,0,
1 0,*,0,0,0,0,0,0,0,0,0,0,0,0,0,0,0,0,0,0,0,0,
2 0,0,*,0,0,0,0,0,0,0,0,0,0,0,0,0,0,0,0,0,0,1,
3 0,0,0,*,0,0,0,0,0,0,0,0,0,0,0,0,0,0,0,0,0,1,
4 1,1,1,1,*,0,0,0,0,0,0,0,0,0,0,0,0,0,0,0,0,1,
5 1,1,1,1,0,*,0,0,0,0,0,0,0,0,0,0,0,0,0,0,0,1,
6 1,1,1,1,0,0,*,0,0,0,0,0,0,0,0,0,0,0,0,0,0,1,
7 1,1,1,1,0,0,0,*,0,0,0,0,0,0,0,0,0,0,0,0,0,1,
8 0,0,0,0,0,0,0,0,*,0,0,0,0,0,0,0,0,0,0,0,0,0,
9 1,1,1,1,0,0,0,0,0,*,0,0,0,0,0,0,0,0,0,0,0,1,
10 1,1,1,1,0,0,0,0,0,0,*,0,0,0,0,0,0,0,0,0,0,1,
11 1,1,1,1,0,0,0,0,0,0,0,*,0,0,0,0,0,0,0,0,0,1,
12 1,1,1,1,0,0,0,0,0,0,0,0,*,0,0,0,0,0,0,0,0,1,
13 1,1,1,1,0,0,0,0,0,0,0,0,0,*,0,0,0,0,0,0,0,1,
14 1,1,1,1,0,0,0,0,0,0,0,0,0,0,*,0,0,0,0,0,0,1,
15 1,1,1,1,0,0,0,0,0,0,0,0,0,0,0,*,0,0,0,0,0,1,
16 1,1,1,1,0,0,0,0,0,0,0,0,0,0,0,0,*,0,0,0,0,1,
17 1,1,1,1,0,0,0,0,0,0,0,0,0,0,0,0,0,*,0,0,0,1,
18 0,0,0,0,0,0,0,0,0,0,0,0,0,0,0,0,0,0,*,0,0,0,
19 1,1,1,1,0,0,0,0,0,0,0,0,0,0,0,0,0,0,0,*,0,1,
20 0,0,0,0,0,0,0,0,0,0,0,0,0,0,0,0,0,0,0,0,*,0,
21 0,0,0,0,0,0,0,0,0,0,0,0,0,0,0,0,0,0,0,0,0,*,
k=51
t=600

  0,1,2,3,4,5,6,7,8,9,10,11,12,13,14,15,16,17,18,19,20,21,
0 *,0,0,0,0,0,0,0,0,0,0,0,0,0,0,0,0,0,0,0,0,0,
1 0,*,0,0,0,0,0,0,0,0,0,0,0,0,0,0,0,0,0,0,0,0,
2 0,0,*,0,0,0,0,0,0,0,0,0,0,0,0,0,0,0,0,0,0,1,
3 0,0,0,*,0,0,0,0,0,0,0,0,0,0,0,0,0,0,0,0,0,1,
4 1,1,1,1,*,0,0,0,0,0,0,0,0,0,0,0,0,0,0,0,0,1,
5 1,1,1,1,0,*,0,0,0,0,0,0,0,0,0,0,0,0,0,0,0,1,
6 1,1,1,1,0,0,*,0,0,0,0,0,0,0,0,0,0,0,0,0,0,1,
7 1,1,1,1,0,0,0,*,0,0,0,0,0,0,0,0,0,0,0,0,0,1,
8 0,0,0,0,0,0,0,0,*,0,0,0,0,0,0,0,0,0,0,0,0,0,
9 1,1,1,1,0,0,0,0,0,*,0,0,0,0,0,0,0,0,0,0,0,1,
10 1,1,1,1,0,0,0,0,0,0,*,0,0,0,0,0,0,0,0,0,0,1,
11 1,1,1,1,0,0,0,0,0,0,0,*,0,0,0,0,0,0,0,0,0,1,
12 1,1,1,1,0,0,0,0,0,0,0,0,*,0,0,0,0,0,0,0,0,1,
13 1,1,1,1,0,0,0,0,0,0,0,0,0,*,0,0,0,0,0,0,0,1,
14 1,1,1,1,0,0,0,0,0,0,0,0,0,0,*,0,0,0,0,0,0,1,
15 1,1,1,1,0,0,0,0,0,0,0,0,0,0,0,*,0,0,0,0,0,1,
16 1,1,1,1,0,0,0,0,0,0,0,0,0,0,0,0,*,0,0,0,0,1,
17 1,1,1,1,0,0,0,0,0,0,0,0,0,0,0,0,0,*,0,0,0,1,
18 0,0,0,0,0,0,0,0,0,0,0,0,0,0,0,0,0,0,*,0,0,0,
19 1,1,1,1,0,0,0,0,0,0,0,0,0,0,0,0,0,0,0,*,0,1,
20 0,0,0,0,0,0,0,0,0,0,0,0,0,0,0,0,0,0,0,0,*,0,
21 0,0,0,0,0,0,0,0,0,0,0,0,0,0,0,0,0,0,0,0,0,*,
k=52
t=600

  0,1,2,3,4,5,6,7,8,9,10,11,12,13,14,15,16,17,18,19,20,21,
0 *,0,0,0,0,0,0,0,0,0,0,0,0,0,0,0,0,0,0,0,1,0,
1 0,*,0,0,0,0,0,0,0,0,0,0,0,0,0,0,0,0,0,0,1,0,
2 0,0,*,0,0,0,0,0,0,0,0,0,0,0,0,0,0,0,0,0,0,1,
3 0,0,0,*,0,0,0,0,0,0,0,0,0,0,0,0,0,0,0,0,0,1,
4 1,1,1,1,*,0,0,0,0,0,0,0,0,0,0,0,0,0,0,0,0,1,
5 1,1,1,1,0,*,0,0,0,0,0,0,0,0,0,0,0,0,0,0,0,1,
6 1,1,1,1,0,0,*,0,0,0,0,0,0,0,0,0,0,0,0,0,0,1,
7 1,1,1,1,0,0,0,*,0,0,0,0,0,0,0,0,0,0,0,0,0,1,
8 0,0,0,0,0,0,0,0,*,0,0,0,0,0,0,0,0,0,0,0,0,0,
9 1,1,1,1,0,0,0,0,0,*,0,0,0,0,0,0,0,0,0,0,0,1,
10 1,1,1,1,0,0,0,0,0,0,*,0,0,0,0,0,0,0,0,0,0,1,
11 1,1,1,1,0,0,0,0,0,0,0,*,0,0,0,0,0,0,0,0,0,1,
12 1,1,1,1,0,0,0,0,0,0,0,0,*,0,0,0,0,0,0,0,0,1,
13 1,1,1,1,0,0,0,0,0,0,0,0,0,*,0,0,0,0,0,0,0,1,
14 1,1,1,1,0,0,0,0,0,0,0,0,0,0,*,0,0,0,0,0,0,1,
15 1,1,1,1,0,0,0,0,0,0,0,0,0,0,0,*,0,0,0,0,0,1,
16 1,1,1,1,0,0,0,0,0,0,0,0,0,0,0,0,*,0,0,0,0,1,
17 1,1,1,1,0,0,0,0,0,0,0,0,0,0,0,0,0,*,0,0,0,1,
18 0,0,0,0,0,0,0,0,0,0,0,0,0,0,0,0,0,0,*,0,0,0,
19 1,1,1,1,0,0,0,0,0,0,0,0,0,0,0,0,0,0,0,*,0,1,
20 0,0,0,0,0,0,0,0,0,0,0,0,0,0,0,0,0,0,0,0,*,0,
21 0,0,0,0,0,0,0,0,0,0,0,0,0,0,0,0,0,0,0,0,0,*,
k=53
t=600

  0,1,2,3,4,5,6,7,8,9,10,11,12,13,14,15,16,17,18,19,20,21,
0 *,0,0,0,0,0,0,0,0,0,0,0,0,0,0,0,0,0,0,0,1,0,
1 0,*,0,0,0,0,0,0,0,0,0,0,0,0,0,0,0,0,0,0,1,0,
2 0,0,*,0,0,0,0,0,0,0,0,0,0,0,0,0,0,0,0,0,0,1,
3 0,0,0,*,0,0,0,0,0,0,0,0,0,0,0,0,0,0,0,0,0,1,
4 1,1,1,1,*,0,0,0,0,0,0,0,0,0,0,0,0,0,0,0,0,0,
5 1,1,1,1,0,*,0,0,0,0,0,0,0,0,0,0,0,0,0,0,0,0,
6 1,1,1,1,0,0,*,0,0,0,0,0,0,0,0,0,0,0,0,0,0,0,
7 1,1,1,1,0,0,0,*,0,0,0,0,0,0,0,0,0,0,0,0,0,0,
8 0,0,0,0,0,0,0,0,*,0,0,0,0,0,0,0,0,0,0,0,0,0,
9 1,1,1,1,0,0,0,0,0,*,0,0,0,0,0,0,0,0,0,0,0,0,
10 1,1,1,1,0,0,0,0,0,0,*,0,0,0,0,0,0,0,0,0,0,0,
11 1,1,1,1,0,0,0,0,0,0,0,*,0,0,0,0,0,0,0,0,0,0,
12 1,1,1,1,0,0,0,0,0,0,0,0,*,0,0,0,0,0,0,0,0,0,
13 1,1,1,1,0,0,0,0,0,0,0,0,0,*,0,0,0,0,0,0,0,0,
14 1,1,1,1,0,0,0,0,0,0,0,0,0,0,*,0,0,0,0,0,0,0,
15 1,1,1,1,0,0,0,0,0,0,0,0,0,0,0,*,0,0,0,0,0,0,
16 1,1,1,1,0,0,0,0,0,0,0,0,0,0,0,0,*,0,0,0,0,0,
17 1,1,1,1,0,0,0,0,0,0,0,0,0,0,0,0,0,*,0,0,0,0,
18 0,0,0,0,0,0,0,0,0,0,0,0,0,0,0,0,0,0,*,0,0,0,
19 1,1,1,1,0,0,0,0,0,0,0,0,0,0,0,0,0,0,0,*,0,0,
20 0,0,0,0,0,0,0,0,0,0,0,0,0,0,0,0,0,0,0,0,*,0,
21 0,0,0,0,0,0,0,0,0,0,0,0,0,0,0,0,0,0,0,0,0,*,
k=54
t=400

  0,1,2,3,4,5,6,7,8,9,10,11,12,13,14,15,16,17,18,19,20,21,
0 *,0,0,0,0,0,0,0,0,0,0,0,0,0,0,0,0,0,0,0,1,0,
1 0,*,0,0,0,0,0,0,0,0,0,0,0,0,0,0,0,0,0,0,1,0,
2 0,0,*,0,0,0,0,0,0,0,0,0,0,0,0,0,0,0,0,0,0,1,
3 0,0,0,*,0,0,0,0,0,0,0,0,0,0,0,0,0,0,0,0,0,1,
4 1,1,1,1,*,0,0,0,0,0,0,0,0,0,0,0,0,0,0,0,0,0,
5 1,1,1,1,0,*,0,0,0,0,0,0,0,0,0,0,0,0,0,0,0,0,
6 1,1,1,1,0,0,*,0,0,0,0,0,0,0,0,0,0,0,0,0,0,0,
7 1,1,1,1,0,0,0,*,0,0,0,0,0,0,0,0,0,0,0,0,0,0,
8 1,1,1,1,0,0,0,0,*,0,0,0,0,0,0,0,0,0,0,0,0,0,
9 1,1,1,1,0,0,0,0,0,*,0,0,0,0,0,0,0,0,0,0,0,0,
10 1,1,1,1,0,0,0,0,0,0,*,0,0,0,0,0,0,0,0,0,0,0,
11 1,1,1,1,0,0,0,0,0,0,0,*,0,0,0,0,0,0,0,0,0,0,
12 1,1,1,1,0,0,0,0,0,0,0,0,*,0,0,0,0,0,0,0,0,0,
13 1,1,1,1,0,0,0,0,0,0,0,0,0,*,0,0,0,0,0,0,0,0,
14 1,1,1,1,0,0,0,0,0,0,0,0,0,0,*,0,0,0,0,0,0,0,
15 1,1,1,1,0,0,0,0,0,0,0,0,0,0,0,*,0,0,0,0,0,0,
16 1,1,1,1,0,0,0,0,0,0,0,0,0,0,0,0,*,0,0,0,0,0,
17 1,1,1,1,0,0,0,0,0,0,0,0,0,0,0,0,0,*,0,0,0,0,
18 1,1,1,1,0,0,0,0,0,0,0,0,0,0,0,0,0,0,*,0,0,0,
19 1,1,1,1,0,0,0,0,0,0,0,0,0,0,0,0,0,0,0,*,0,0,
20 0,0,0,0,0,0,0,0,0,0,0,0,0,0,0,0,0,0,0,0,*,0,
21 0,0,0,0,0,0,0,0,0,0,0,0,0,0,0,0,0,0,0,0,0,*,
k=55
t=600

  0,1,2,3,4,5,6,7,8,9,10,11,12,13,14,15,16,17,18,19,20,21,
0 *,0,0,0,0,0,0,0,0,0,0,0,0,0,0,0,0,0,0,0,1,0,
1 0,*,0,0,0,0,0,0,0,0,0,0,0,0,0,0,0,0,0,0,1,0,
2 0,0,*,0,0,0,0,0,0,0,0,0,0,0,0,0,0,0,0,0,0,1,
3 0,0,0,*,0,0,0,0,0,0,0,0,0,0,0,0,0,0,0,0,0,1,
4 1,1,1,1,*,0,0,0,0,0,0,0,0,0,0,0,0,0,0,0,0,0,
5 1,1,1,1,0,*,0,0,0,0,0,0,0,0,0,0,0,0,0,0,0,0,
6 1,1,1,1,0,0,*,0,0,0,0,0,0,0,0,0,0,0,0,0,0,0,
7 1,1,1,1,0,0,0,*,0,0,0,0,0,0,0,0,0,0,0,0,0,0,
8 1,1,1,1,0,0,0,0,*,0,0,0,0,0,0,0,0,0,0,0,0,0,
9 1,1,1,1,0,0,0,0,0,*,0,0,0,0,0,0,0,0,0,0,0,0,
10 1,1,1,1,0,0,0,0,0,0,*,0,0,0,0,0,0,0,0,0,0,0,
11 1,1,1,1,0,0,0,0,0,0,0,*,0,0,0,0,0,0,0,0,0,0,
12 1,1,1,1,0,0,0,0,0,0,0,0,*,0,0,0,0,0,0,0,0,0,
13 1,1,1,1,0,0,0,0,0,0,0,0,0,*,0,0,0,0,0,0,0,0,
14 1,1,1,1,0,0,0,0,0,0,0,0,0,0,*,0,0,0,0,0,0,0,
15 1,1,1,1,0,0,0,0,0,0,0,0,0,0,0,*,0,0,0,0,0,0,
16 1,1,1,1,0,0,0,0,0,0,0,0,0,0,0,0,*,0,0,0,0,0,
17 1,1,1,1,0,0,0,0,0,0,0,0,0,0,0,0,0,*,0,0,0,0,
18 1,1,1,1,0,0,0,0,0,0,0,0,0,0,0,0,0,0,*,0,0,0,
19 1,1,1,1,0,0,0,0,0,0,0,0,0,0,0,0,0,0,0,*,0,0,
20 0,0,0,0,0,0,0,0,0,0,0,0,0,0,0,0,0,0,0,0,*,0,
21 0,0,0,0,0,0,0,0,0,0,0,0,0,0,0,0,0,0,0,0,0,*,
k=56
t=200

  0,1,2,3,4,5,6,7,8,9,10,11,12,13,14,15,16,17,18,19,20,21,
0 *,0,0,0,0,0,0,0,0,0,0,0,0,0,0,0,0,0,0,0,1,0,
1 0,*,0,0,0,0,0,0,0,0,0,0,0,0,0,0,0,0,0,0,1,0,
2 0,0,*,0,0,0,0,0,0,0,0,0,0,0,0,0,0,0,0,0,0,1,
3 0,0,0,*,0,0,0,0,0,0,0,0,0,0,0,0,0,0,0,0,0,1,
4 1,1,1,1,*,0,0,0,0,0,0,0,0,0,0,0,0,0,0,0,0,0,
5 1,1,1,1,0,*,0,0,0,0,0,0,0,0,0,0,0,0,0,0,0,0,
6 1,1,1,1,0,0,*,0,0,0,0,0,0,0,0,0,0,0,0,0,0,0,
7 1,1,1,1,0,0,0,*,0,0,0,0,0,0,0,0,0,0,0,0,0,0,
8 1,1,1,1,0,0,0,0,*,0,0,0,0,0,0,0,0,0,0,0,0,0,
9 1,1,1,1,0,0,0,0,0,*,0,0,0,0,0,0,0,0,0,0,0,0,
10 1,1,1,1,0,0,0,0,0,0,*,0,0,0,0,0,0,0,0,0,0,0,
11 1,1,1,1,0,0,0,0,0,0,0,*,0,0,0,0,0,0,0,0,0,0,
12 1,1,1,1,0,0,0,0,0,0,0,0,*,0,0,0,0,0,0,0,0,0,
13 1,1,1,1,0,0,0,0,0,0,0,0,0,*,0,0,0,0,0,0,0,0,
14 1,1,1,1,0,0,0,0,0,0,0,0,0,0,*,0,0,0,0,0,0,0,
15 1,1,1,1,0,0,0,0,0,0,0,0,0,0,0,*,0,0,0,0,0,0,
16 1,1,1,1,0,0,0,0,0,0,0,0,0,0,0,0,*,0,0,0,0,0,
17 1,1,1,1,0,0,0,0,0,0,0,0,0,0,0,0,0,*,0,0,0,0,
18 1,1,1,1,0,0,0,0,0,0,0,0,0,0,0,0,0,0,*,0,0,0,
19 1,1,1,1,0,0,0,0,0,0,0,0,0,0,0,0,0,0,0,*,0,0,
20 0,0,0,0,0,0,0,0,0,0,0,0,0,0,0,0,0,0,0,0,*,0,
21 0,0,0,0,0,0,0,0,0,0,0,0,0,0,0,0,0,0,0,0,0,*,
k=57
t=100

  0,1,2,3,4,5,6,7,8,9,10,11,12,13,14,15,16,17,18,19,20,21,
0 *,0,0,0,0,0,0,0,0,0,0,0,0,0,0,0,0,0,0,0,1,0,
1 0,*,0,0,0,0,0,0,0,0,0,0,0,0,0,0,0,0,0,0,1,0,
2 0,0,*,0,0,0,0,0,0,0,0,0,0,0,0,0,0,0,0,0,0,0,
3 0,0,0,*,0,0,0,0,0,0,0,0,0,0,0,0,0,0,0,0,0,0,
4 1,1,1,1,*,0,0,0,0,0,0,0,0,0,0,0,0,0,0,0,0,0,
5 1,1,1,1,0,*,0,0,0,0,0,0,0,0,0,0,0,0,0,0,0,0,
6 1,1,1,1,0,0,*,0,0,0,0,0,0,0,0,0,0,0,0,0,0,0,
7 1,1,1,1,0,0,0,*,0,0,0,0,0,0,0,0,0,0,0,0,0,0,
8 1,1,1,1,0,0,0,0,*,0,0,0,0,0,0,0,0,0,0,0,0,0,
9 1,1,1,1,0,0,0,0,0,*,0,0,0,0,0,0,0,0,0,0,0,0,
10 1,1,1,1,0,0,0,0,0,0,*,0,0,0,0,0,0,0,0,0,0,0,
11 1,1,1,1,0,0,0,0,0,0,0,*,0,0,0,0,0,0,0,0,0,0,
12 1,1,1,1,0,0,0,0,0,0,0,0,*,0,0,0,0,0,0,0,0,0,
13 1,1,1,1,0,0,0,0,0,0,0,0,0,*,0,0,0,0,0,0,0,0,
14 1,1,1,1,0,0,0,0,0,0,0,0,0,0,*,0,0,0,0,0,0,0,
15 1,1,1,1,0,0,0,0,0,0,0,0,0,0,0,*,0,0,0,0,0,0,
16 1,1,1,1,0,0,0,0,0,0,0,0,0,0,0,0,*,0,0,0,0,0,
17 1,1,1,1,0,0,0,0,0,0,0,0,0,0,0,0,0,*,0,0,0,0,
18 1,1,1,1,0,0,0,0,0,0,0,0,0,0,0,0,0,0,*,0,0,0,
19 1,1,1,1,0,0,0,0,0,0,0,0,0,0,0,0,0,0,0,*,0,0,
20 0,0,0,0,0,0,0,0,0,0,0,0,0,0,0,0,0,0,0,0,*,0,
21 0,0,0,0,0,0,0,0,0,0,0,0,0,0,0,0,0,0,0,0,0,*,
k=58
t=300

  0,1,2,3,4,5,6,7,8,9,10,11,12,13,14,15,16,17,18,19,20,21,
0 *,0,0,0,0,0,0,0,0,0,0,0,0,0,0,0,0,0,0,0,1,0,
1 0,*,0,0,0,0,0,0,0,0,0,0,0,0,0,0,0,0,0,0,1,0,
2 0,0,*,0,0,0,0,0,0,0,0,0,0,0,0,0,0,0,0,0,0,0,
3 0,0,0,*,0,0,0,0,0,0,0,0,0,0,0,0,0,0,0,0,0,0,
4 0,0,1,1,*,0,0,0,0,0,0,0,0,0,0,0,0,0,0,0,0,0,
5 0,0,1,1,0,*,0,0,0,0,0,0,0,0,0,0,0,0,0,0,0,0,
6 0,0,1,1,0,0,*,0,0,0,0,0,0,0,0,0,0,0,0,0,0,0,
7 0,0,1,1,0,0,0,*,0,0,0,0,0,0,0,0,0,0,0,0,0,0,
8 0,0,1,1,0,0,0,0,*,0,0,0,0,0,0,0,0,0,0,0,0,0,
9 0,0,1,1,0,0,0,0,0,*,0,0,0,0,0,0,0,0,0,0,0,0,
10 0,0,1,1,0,0,0,0,0,0,*,0,0,0,0,0,0,0,0,0,0,0,
11 0,0,1,1,0,0,0,0,0,0,0,*,0,0,0,0,0,0,0,0,0,0,
12 0,0,1,1,0,0,0,0,0,0,0,0,*,0,0,0,0,0,0,0,0,0,
13 0,0,1,1,0,0,0,0,0,0,0,0,0,*,0,0,0,0,0,0,0,0,
14 0,0,1,1,0,0,0,0,0,0,0,0,0,0,*,0,0,0,0,0,0,0,
15 0,0,1,1,0,0,0,0,0,0,0,0,0,0,0,*,0,0,0,0,0,0,
16 0,0,1,1,0,0,0,0,0,0,0,0,0,0,0,0,*,0,0,0,0,0,
17 0,0,1,1,0,0,0,0,0,0,0,0,0,0,0,0,0,*,0,0,0,0,
18 0,0,1,1,0,0,0,0,0,0,0,0,0,0,0,0,0,0,*,0,0,0,
19 0,0,1,1,0,0,0,0,0,0,0,0,0,0,0,0,0,0,0,*,0,0,
20 0,0,0,0,0,0,0,0,0,0,0,0,0,0,0,0,0,0,0,0,*,0,
21 0,0,0,0,0,0,0,0,0,0,0,0,0,0,0,0,0,0,0,0,0,*,
k=59
t=200

  0,1,2,3,4,5,6,7,8,9,10,11,12,13,14,15,16,17,18,19,20,21,
0 *,0,0,0,0,0,0,0,0,0,0,0,0,0,0,0,0,0,0,0,1,1,
1 0,*,0,0,0,0,0,0,0,0,0,0,0,0,0,0,0,0,0,0,1,1,
2 0,0,*,0,0,0,0,0,0,0,0,0,0,0,0,0,0,0,0,0,0,0,
3 0,0,0,*,0,0,0,0,0,0,0,0,0,0,0,0,0,0,0,0,0,0,
4 0,0,1,1,*,0,0,0,0,0,0,0,0,0,0,0,0,0,0,0,0,0,
5 0,0,1,1,0,*,0,0,0,0,0,0,0,0,0,0,0,0,0,0,0,0,
6 0,0,1,1,0,0,*,0,0,0,0,0,0,0,0,0,0,0,0,0,0,0,
7 0,0,1,1,0,0,0,*,0,0,0,0,0,0,0,0,0,0,0,0,0,0,
8 0,0,1,1,0,0,0,0,*,0,0,0,0,0,0,0,0,0,0,0,0,0,
9 0,0,1,1,0,0,0,0,0,*,0,0,0,0,0,0,0,0,0,0,0,0,
10 0,0,1,1,0,0,0,0,0,0,*,0,0,0,0,0,0,0,0,0,0,0,
11 0,0,1,1,0,0,0,0,0,0,0,*,0,0,0,0,0,0,0,0,0,0,
12 0,0,1,1,0,0,0,0,0,0,0,0,*,0,0,0,0,0,0,0,0,0,
13 0,0,1,1,0,0,0,0,0,0,0,0,0,*,0,0,0,0,0,0,0,0,
14 0,0,1,1,0,0,0,0,0,0,0,0,0,0,*,0,0,0,0,0,0,0,
15 0,0,1,1,0,0,0,0,0,0,0,0,0,0,0,*,0,0,0,0,0,0,
16 0,0,1,1,0,0,0,0,0,0,0,0,0,0,0,0,*,0,0,0,0,0,
17 0,0,1,1,0,0,0,0,0,0,0,0,0,0,0,0,0,*,0,0,0,0,
18 0,0,1,1,0,0,0,0,0,0,0,0,0,0,0,0,0,0,*,0,0,0,
19 0,0,1,1,0,0,0,0,0,0,0,0,0,0,0,0,0,0,0,*,0,0,
20 0,0,0,0,0,0,0,0,0,0,0,0,0,0,0,0,0,0,0,0,*,0,
21 0,0,0,0,0,0,0,0,0,0,0,0,0,0,0,0,0,0,0,0,0,*,
k=60
t=600

  0,1,2,3,4,5,6,7,8,9,10,11,12,13,14,15,16,17,18,19,20,21,
0 *,0,0,0,0,0,0,0,0,0,0,0,0,0,0,0,0,0,0,0,1,1,
1 0,*,0,0,0,0,0,0,0,0,0,0,0,0,0,0,0,0,0,0,1,1,
2 0,0,*,0,0,0,0,0,0,0,0,0,0,0,0,0,0,0,0,0,0,0,
3 0,0,0,*,0,0,0,0,0,0,0,0,0,0,0,0,0,0,0,0,0,0,
4 0,0,1,1,*,0,0,0,0,0,0,0,0,0,0,0,0,0,0,0,0,0,
5 0,0,1,1,0,*,0,0,0,0,0,0,0,0,0,0,0,0,0,0,0,0,
6 0,0,1,1,0,0,*,0,0,0,0,0,0,0,0,0,0,0,0,0,0,0,
7 0,0,1,1,0,0,0,*,0,0,0,0,0,0,0,0,0,0,0,0,0,0,
8 0,0,1,1,0,0,0,0,*,0,0,0,0,0,0,0,0,0,0,0,0,0,
9 0,0,1,1,0,0,0,0,0,*,0,0,0,0,0,0,0,0,0,0,0,0,
10 0,0,1,1,0,0,0,0,0,0,*,0,0,0,0,0,0,0,0,0,0,0,
11 0,0,1,1,0,0,0,0,0,0,0,*,0,0,0,0,0,0,0,0,0,0,
12 0,0,1,1,0,0,0,0,0,0,0,0,*,0,0,0,0,0,0,0,0,0,
13 0,0,1,1,0,0,0,0,0,0,0,0,0,*,0,0,0,0,0,0,0,0,
14 0,0,1,1,0,0,0,0,0,0,0,0,0,0,*,0,0,0,0,0,0,0,
15 0,0,1,1,0,0,0,0,0,0,0,0,0,0,0,*,0,0,0,0,0,0,
16 0,0,1,1,0,0,0,0,0,0,0,0,0,0,0,0,*,0,0,0,0,0,
17 0,0,1,1,0,0,0,0,0,0,0,0,0,0,0,0,0,*,0,0,0,0,
18 0,0,1,1,0,0,0,0,0,0,0,0,0,0,0,0,0,0,*,0,0,0,
19 0,0,1,1,0,0,0,0,0,0,0,0,0,0,0,0,0,0,0,*,0,0,
20 0,0,0,0,0,0,0,0,0,0,0,0,0,0,0,0,0,0,0,0,*,0,
21 0,0,0,0,0,0,0,0,0,0,0,0,0,0,0,0,0,0,0,0,0,*,
k=61
t=400

  0,1,2,3,4,5,6,7,8,9,10,11,12,13,14,15,16,17,18,19,20,21,
0 *,0,0,0,0,0,0,0,0,0,0,0,0,0,0,0,0,0,0,0,1,1,
1 0,*,0,0,0,0,0,0,0,0,0,0,0,0,0,0,0,0,0,0,1,1,
2 0,0,*,0,0,0,0,0,0,0,0,0,0,0,0,0,0,0,0,0,0,0,
3 0,0,0,*,0,0,0,0,0,0,0,0,0,0,0,0,0,0,0,0,0,0,
4 0,0,1,1,*,0,0,0,0,0,0,0,0,0,0,0,0,0,0,0,0,0,
5 0,0,1,1,0,*,0,0,0,0,0,0,0,0,0,0,0,0,0,0,0,0,
6 0,0,1,1,0,0,*,0,0,0,0,0,0,0,0,0,0,0,0,0,0,0,
7 0,0,1,1,0,0,0,*,0,0,0,0,0,0,0,0,0,0,0,0,0,0,
8 0,0,1,1,0,0,0,0,*,0,0,0,0,0,0,0,0,0,0,0,0,0,
9 0,0,1,1,0,0,0,0,0,*,0,0,0,0,0,0,0,0,0,0,0,0,
10 0,0,1,1,0,0,0,0,0,0,*,0,0,0,0,0,0,0,0,0,0,0,
11 0,0,1,1,0,0,0,0,0,0,0,*,0,0,0,0,0,0,0,0,0,0,
12 0,0,1,1,0,0,0,0,0,0,0,0,*,0,0,0,0,0,0,0,0,0,
13 0,0,1,1,0,0,0,0,0,0,0,0,0,*,0,0,0,0,0,0,0,0,
14 0,0,1,1,0,0,0,0,0,0,0,0,0,0,*,0,0,0,0,0,0,0,
15 0,0,1,1,0,0,0,0,0,0,0,0,0,0,0,*,0,0,0,0,0,0,
16 0,0,1,1,0,0,0,0,0,0,0,0,0,0,0,0,*,0,0,0,0,0,
17 0,0,1,1,0,0,0,0,0,0,0,0,0,0,0,0,0,*,0,0,0,0,
18 0,0,1,1,0,0,0,0,0,0,0,0,0,0,0,0,0,0,*,0,0,0,
19 0,0,1,1,0,0,0,0,0,0,0,0,0,0,0,0,0,0,0,*,0,0,
20 0,0,0,0,0,0,0,0,0,0,0,0,0,0,0,0,0,0,0,0,*,0,
21 0,0,0,0,0,0,0,0,0,0,0,0,0,0,0,0,0,0,0,0,0,*,
k=62
t=100

  0,1,2,3,4,5,6,7,8,9,10,11,12,13,14,15,16,17,18,19,20,21,
0 *,0,0,0,0,0,0,0,0,0,0,0,0,0,0,0,0,0,0,0,1,1,
1 0,*,0,0,0,0,0,0,0,0,0,0,0,0,0,0,0,0,0,0,1,1,
2 0,0,*,0,0,0,0,0,0,0,0,0,0,0,0,0,0,0,0,0,0,0,
3 0,0,0,*,0,0,0,0,0,0,0,0,0,0,0,0,0,0,0,0,0,0,
4 0,0,1,1,*,0,0,0,0,0,0,0,0,0,0,0,0,0,0,0,0,0,
5 0,0,1,1,0,*,0,0,0,0,0,0,0,0,0,0,0,0,0,0,0,0,
6 0,0,1,1,0,0,*,0,0,0,0,0,0,0,0,0,0,0,0,0,0,0,
7 0,0,1,1,0,0,0,*,0,0,0,0,0,0,0,0,0,0,0,0,0,0,
8 0,0,1,1,0,0,0,0,*,0,0,0,0,0,0,0,0,0,0,0,0,0,
9 0,0,1,1,0,0,0,0,0,*,0,0,0,0,0,0,0,0,0,0,0,0,
10 0,0,1,1,0,0,0,0,0,0,*,0,0,0,0,0,0,0,0,0,0,0,
11 0,0,0,0,0,0,0,0,0,0,0,*,0,0,0,0,0,0,0,0,0,0,
12 0,0,1,1,0,0,0,0,0,0,0,0,*,0,0,0,0,0,0,0,0,0,
13 0,0,1,1,0,0,0,0,0,0,0,0,0,*,0,0,0,0,0,0,0,0,
14 0,0,1,1,0,0,0,0,0,0,0,0,0,0,*,0,0,0,0,0,0,0,
15 0,0,1,1,0,0,0,0,0,0,0,0,0,0,0,*,0,0,0,0,0,0,
16 0,0,1,1,0,0,0,0,0,0,0,0,0,0,0,0,*,0,0,0,0,0,
17 0,0,0,0,0,0,0,0,0,0,0,0,0,0,0,0,0,*,0,0,0,0,
18 0,0,1,1,0,0,0,0,0,0,0,0,0,0,0,0,0,0,*,0,0,0,
19 0,0,1,1,0,0,0,0,0,0,0,0,0,0,0,0,0,0,0,*,0,0,
20 0,0,0,0,0,0,0,0,0,0,0,0,0,0,0,0,0,0,0,0,*,0,
21 0,0,0,0,0,0,0,0,0,0,0,0,0,0,0,0,0,0,0,0,0,*,
k=63
t=100

  0,1,2,3,4,5,6,7,8,9,10,11,12,13,14,15,16,17,18,19,20,21,
0 *,0,0,0,0,0,0,0,0,0,0,0,0,0,0,0,0,0,0,0,1,1,
1 0,*,0,0,0,0,0,0,0,0,0,0,0,0,0,0,0,0,0,0,1,1,
2 0,0,*,0,0,0,0,0,0,0,0,0,0,0,0,0,0,0,0,0,0,0,
3 0,0,0,*,0,0,0,0,0,0,0,0,0,0,0,0,0,0,0,0,0,0,
4 1,1,1,1,*,0,0,0,0,0,0,0,0,0,0,0,0,0,0,0,0,0,
5 1,1,1,1,0,*,0,0,0,0,0,0,0,0,0,0,0,0,0,0,0,0,
6 1,1,1,1,0,0,*,0,0,0,0,0,0,0,0,0,0,0,0,0,0,0,
7 1,1,1,1,0,0,0,*,0,0,0,0,0,0,0,0,0,0,0,0,0,0,
8 1,1,1,1,0,0,0,0,*,0,0,0,0,0,0,0,0,0,0,0,0,0,
9 1,1,1,1,0,0,0,0,0,*,0,0,0,0,0,0,0,0,0,0,0,0,
10 1,1,1,1,0,0,0,0,0,0,*,0,0,0,0,0,0,0,0,0,0,0,
11 0,0,0,0,0,0,0,0,0,0,0,*,0,0,0,0,0,0,0,0,0,0,
12 1,1,1,1,0,0,0,0,0,0,0,0,*,0,0,0,0,0,0,0,0,0,
13 1,1,1,1,0,0,0,0,0,0,0,0,0,*,0,0,0,0,0,0,0,0,
14 1,1,1,1,0,0,0,0,0,0,0,0,0,0,*,0,0,0,0,0,0,0,
15 1,1,1,1,0,0,0,0,0,0,0,0,0,0,0,*,0,0,0,0,0,0,
16 1,1,1,1,0,0,0,0,0,0,0,0,0,0,0,0,*,0,0,0,0,0,
17 0,0,0,0,0,0,0,0,0,0,0,0,0,0,0,0,0,*,0,0,0,0,
18 1,1,1,1,0,0,0,0,0,0,0,0,0,0,0,0,0,0,*,0,0,0,
19 1,1,1,1,0,0,0,0,0,0,0,0,0,0,0,0,0,0,0,*,0,0,
20 0,0,0,0,0,0,0,0,0,0,0,0,0,0,0,0,0,0,0,0,*,0,
21 0,0,0,0,0,0,0,0,0,0,0,0,0,0,0,0,0,0,0,0,0,*,
k=64
t=600

  0,1,2,3,4,5,6,7,8,9,10,11,12,13,14,15,16,17,18,19,20,21,
0 *,0,0,0,0,0,0,0,0,0,0,0,0,0,0,0,0,0,0,0,1,1,
1 0,*,0,0,0,0,0,0,0,0,0,0,0,0,0,0,0,0,0,0,1,1,
2 0,0,*,0,0,0,0,0,0,0,0,0,0,0,0,0,0,0,0,0,0,0,
3 0,0,0,*,0,0,0,0,0,0,0,0,0,0,0,0,0,0,0,0,0,0,
4 1,1,1,1,*,0,0,0,0,0,0,0,0,0,0,0,0,0,0,0,0,0,
5 1,1,1,1,0,*,0,0,0,0,0,0,0,0,0,0,0,0,0,0,0,0,
6 1,1,1,1,0,0,*,0,0,0,0,0,0,0,0,0,0,0,0,0,0,0,
7 1,1,1,1,0,0,0,*,0,0,0,0,0,0,0,0,0,0,0,0,0,0,
8 1,1,1,1,0,0,0,0,*,0,0,0,0,0,0,0,0,0,0,0,0,0,
9 1,1,1,1,0,0,0,0,0,*,0,0,0,0,0,0,0,0,0,0,0,0,
10 1,1,1,1,0,0,0,0,0,0,*,0,0,0,0,0,0,0,0,0,0,0,
11 0,0,0,0,0,0,0,0,0,0,0,*,0,0,0,0,0,0,0,0,0,0,
12 1,1,1,1,0,0,0,0,0,0,0,0,*,0,0,0,0,0,0,0,0,0,
13 1,1,1,1,0,0,0,0,0,0,0,0,0,*,0,0,0,0,0,0,0,0,
14 1,1,1,1,0,0,0,0,0,0,0,0,0,0,*,0,0,0,0,0,0,0,
15 1,1,1,1,0,0,0,0,0,0,0,0,0,0,0,*,0,0,0,0,0,0,
16 1,1,1,1,0,0,0,0,0,0,0,0,0,0,0,0,*,0,0,0,0,0,
17 0,0,0,0,0,0,0,0,0,0,0,0,0,0,0,0,0,*,0,0,0,0,
18 1,1,1,1,0,0,0,0,0,0,0,0,0,0,0,0,0,0,*,0,0,0,
19 1,1,1,1,0,0,0,0,0,0,0,0,0,0,0,0,0,0,0,*,0,0,
20 0,0,0,0,0,0,0,0,0,0,0,0,0,0,0,0,0,0,0,0,*,0,
21 0,0,0,0,0,0,0,0,0,0,0,0,0,0,0,0,0,0,0,0,0,*,
k=65
t=500

  0,1,2,3,4,5,6,7,8,9,10,11,12,13,14,15,16,17,18,19,20,21,
0 *,0,0,0,0,0,0,0,0,0,0,0,0,0,0,0,0,0,0,0,1,1,
1 0,*,0,0,0,0,0,0,0,0,0,0,0,0,0,0,0,0,0,0,1,1,
2 0,0,*,0,0,0,0,0,0,0,0,0,0,0,0,0,0,0,0,0,0,0,
3 0,0,0,*,0,0,0,0,0,0,0,0,0,0,0,0,0,0,0,0,0,0,
4 1,1,1,1,*,0,0,0,0,0,0,0,0,0,0,0,0,0,0,0,0,0,
5 1,1,1,1,0,*,0,0,0,0,0,0,0,0,0,0,0,0,0,0,0,0,
6 1,1,1,1,0,0,*,0,0,0,0,0,0,0,0,0,0,0,0,0,0,0,
7 1,1,1,1,0,0,0,*,0,0,0,0,0,0,0,0,0,0,0,0,0,0,
8 1,1,1,1,0,0,0,0,*,0,0,0,0,0,0,0,0,0,0,0,0,0,
9 1,1,1,1,0,0,0,0,0,*,0,0,0,0,0,0,0,0,0,0,0,0,
10 1,1,1,1,0,0,0,0,0,0,*,0,0,0,0,0,0,0,0,0,0,0,
11 0,0,0,0,0,0,0,0,0,0,0,*,0,0,0,0,0,0,0,0,0,0,
12 1,1,1,1,0,0,0,0,0,0,0,0,*,0,0,0,0,0,0,0,0,0,
13 1,1,1,1,0,0,0,0,0,0,0,0,0,*,0,0,0,0,0,0,0,0,
14 1,1,1,1,0,0,0,0,0,0,0,0,0,0,*,0,0,0,0,0,0,0,
15 1,1,1,1,0,0,0,0,0,0,0,0,0,0,0,*,0,0,0,0,0,0,
16 1,1,1,1,0,0,0,0,0,0,0,0,0,0,0,0,*,0,0,0,0,0,
17 0,0,0,0,0,0,0,0,0,0,0,0,0,0,0,0,0,*,0,0,0,0,
18 1,1,1,1,0,0,0,0,0,0,0,0,0,0,0,0,0,0,*,0,0,0,
19 1,1,1,1,0,0,0,0,0,0,0,0,0,0,0,0,0,0,0,*,0,0,
20 0,0,0,0,0,0,0,0,0,0,0,0,0,0,0,0,0,0,0,0,*,0,
21 0,0,0,0,0,0,0,0,0,0,0,0,0,0,0,0,0,0,0,0,0,*,
k=66
t=300

  0,1,2,3,4,5,6,7,8,9,10,11,12,13,14,15,16,17,18,19,20,21,
0 *,0,0,0,0,0,0,0,0,0,0,0,0,0,0,0,0,0,0,0,0,1,
1 0,*,0,0,0,0,0,0,0,0,0,0,0,0,0,0,0,0,0,0,0,1,
2 0,0,*,0,0,0,0,0,0,0,0,0,0,0,0,0,0,0,0,0,0,0,
3 0,0,0,*,0,0,0,0,0,0,0,0,0,0,0,0,0,0,0,0,0,0,
4 1,1,1,1,*,0,0,0,0,0,0,0,0,0,0,0,0,0,0,0,0,0,
5 1,1,1,1,0,*,0,0,0,0,0,0,0,0,0,0,0,0,0,0,0,0,
6 1,1,1,1,0,0,*,0,0,0,0,0,0,0,0,0,0,0,0,0,0,0,
7 1,1,1,1,0,0,0,*,0,0,0,0,0,0,0,0,0,0,0,0,0,0,
8 1,1,1,1,0,0,0,0,*,0,0,0,0,0,0,0,0,0,0,0,0,0,
9 1,1,1,1,0,0,0,0,0,*,0,0,0,0,0,0,0,0,0,0,0,0,
10 1,1,1,1,0,0,0,0,0,0,*,0,0,0,0,0,0,0,0,0,0,0,
11 0,0,0,0,0,0,0,0,0,0,0,*,0,0,0,0,0,0,0,0,0,0,
12 1,1,1,1,0,0,0,0,0,0,0,0,*,0,0,0,0,0,0,0,0,0,
13 1,1,1,1,0,0,0,0,0,0,0,0,0,*,0,0,0,0,0,0,0,0,
14 1,1,1,1,0,0,0,0,0,0,0,0,0,0,*,0,0,0,0,0,0,0,
15 1,1,1,1,0,0,0,0,0,0,0,0,0,0,0,*,0,0,0,0,0,0,
16 1,1,1,1,0,0,0,0,0,0,0,0,0,0,0,0,*,0,0,0,0,0,
17 0,0,0,0,0,0,0,0,0,0,0,0,0,0,0,0,0,*,0,0,0,0,
18 1,1,1,1,0,0,0,0,0,0,0,0,0,0,0,0,0,0,*,0,0,0,
19 1,1,1,1,0,0,0,0,0,0,0,0,0,0,0,0,0,0,0,*,0,0,
20 0,0,0,0,0,0,0,0,0,0,0,0,0,0,0,0,0,0,0,0,*,0,
21 0,0,0,0,0,0,0,0,0,0,0,0,0,0,0,0,0,0,0,0,0,*,
k=67
t=600

  0,1,2,3,4,5,6,7,8,9,10,11,12,13,14,15,16,17,18,19,20,21,
0 *,0,0,0,0,0,0,0,0,0,0,0,0,0,0,0,0,0,0,0,0,1,
1 0,*,0,0,0,0,0,0,0,0,0,0,0,0,0,0,0,0,0,0,0,1,
2 0,0,*,0,0,0,0,0,0,0,0,0,0,0,0,0,0,0,0,0,0,0,
3 0,0,0,*,0,0,0,0,0,0,0,0,0,0,0,0,0,0,0,0,0,0,
4 1,1,1,1,*,0,0,0,0,0,0,0,0,0,0,0,0,0,0,0,0,0,
5 1,1,1,1,0,*,0,0,0,0,0,0,0,0,0,0,0,0,0,0,0,0,
6 1,1,1,1,0,0,*,0,0,0,0,0,0,0,0,0,0,0,0,0,0,0,
7 1,1,1,1,0,0,0,*,0,0,0,0,0,0,0,0,0,0,0,0,0,0,
8 1,1,1,1,0,0,0,0,*,0,0,0,0,0,0,0,0,0,0,0,0,0,
9 1,1,1,1,0,0,0,0,0,*,0,0,0,0,0,0,0,0,0,0,0,0,
10 1,1,1,1,0,0,0,0,0,0,*,0,0,0,0,0,0,0,0,0,0,0,
11 0,0,0,0,0,0,0,0,0,0,0,*,0,0,0,0,0,0,0,0,0,0,
12 1,1,1,1,0,0,0,0,0,0,0,0,*,0,0,0,0,0,0,0,0,0,
13 1,1,1,1,0,0,0,0,0,0,0,0,0,*,0,0,0,0,0,0,0,0,
14 1,1,1,1,0,0,0,0,0,0,0,0,0,0,*,0,0,0,0,0,0,0,
15 1,1,1,1,0,0,0,0,0,0,0,0,0,0,0,*,0,0,0,0,0,0,
16 1,1,1,1,0,0,0,0,0,0,0,0,0,0,0,0,*,0,0,0,0,0,
17 0,0,0,0,0,0,0,0,0,0,0,0,0,0,0,0,0,*,0,0,0,0,
18 1,1,1,1,0,0,0,0,0,0,0,0,0,0,0,0,0,0,*,0,0,0,
19 1,1,1,1,0,0,0,0,0,0,0,0,0,0,0,0,0,0,0,*,0,0,
20 0,0,0,0,0,0,0,0,0,0,0,0,0,0,0,0,0,0,0,0,*,0,
21 0,0,0,0,0,0,0,0,0,0,0,0,0,0,0,0,0,0,0,0,0,*,
k=68
t=100

  0,1,2,3,4,5,6,7,8,9,10,11,12,13,14,15,16,17,18,19,20,21,
0 *,0,0,0,0,0,0,0,0,0,0,0,0,0,0,0,0,0,0,0,0,1,
1 0,*,0,0,0,0,0,0,0,0,0,0,0,0,0,0,0,0,0,0,0,1,
2 0,0,*,0,0,0,0,0,0,0,0,0,0,0,0,0,0,0,0,0,0,0,
3 0,0,0,*,0,0,0,0,0,0,0,0,0,0,0,0,0,0,0,0,0,0,
4 1,1,1,1,*,0,0,0,0,0,0,0,0,0,0,0,0,0,0,0,0,0,
5 1,1,1,1,0,*,0,0,0,0,0,0,0,0,0,0,0,0,0,0,0,0,
6 1,1,1,1,0,0,*,0,0,0,0,0,0,0,0,0,0,0,0,0,0,0,
7 1,1,1,1,0,0,0,*,0,0,0,0,0,0,0,0,0,0,0,0,0,0,
8 1,1,1,1,0,0,0,0,*,0,0,0,0,0,0,0,0,0,0,0,0,0,
9 1,1,1,1,0,0,0,0,0,*,0,0,0,0,0,0,0,0,0,0,0,0,
10 1,1,1,1,0,0,0,0,0,0,*,0,0,0,0,0,0,0,0,0,0,0,
11 1,1,1,1,0,0,0,0,0,0,0,*,0,0,0,0,0,0,0,0,0,0,
12 1,1,1,1,0,0,0,0,0,0,0,0,*,0,0,0,0,0,0,0,0,0,
13 1,1,1,1,0,0,0,0,0,0,0,0,0,*,0,0,0,0,0,0,0,0,
14 1,1,1,1,0,0,0,0,0,0,0,0,0,0,*,0,0,0,0,0,0,0,
15 1,1,1,1,0,0,0,0,0,0,0,0,0,0,0,*,0,0,0,0,0,0,
16 1,1,1,1,0,0,0,0,0,0,0,0,0,0,0,0,*,0,0,0,0,0,
17 1,1,1,1,0,0,0,0,0,0,0,0,0,0,0,0,0,*,0,0,0,0,
18 1,1,1,1,0,0,0,0,0,0,0,0,0,0,0,0,0,0,*,0,0,0,
19 1,1,1,1,0,0,0,0,0,0,0,0,0,0,0,0,0,0,0,*,0,0,
20 0,0,0,0,0,0,0,0,0,0,0,0,0,0,0,0,0,0,0,0,*,0,
21 0,0,0,0,0,0,0,0,0,0,0,0,0,0,0,0,0,0,0,0,0,*,
k=69
t=600

  0,1,2,3,4,5,6,7,8,9,10,11,12,13,14,15,16,17,18,19,20,21,
0 *,0,0,0,0,0,0,0,0,0,0,0,0,0,0,0,0,0,0,0,0,1,
1 0,*,0,0,0,0,0,0,0,0,0,0,0,0,0,0,0,0,0,0,0,1,
2 0,0,*,0,0,0,0,0,0,0,0,0,0,0,0,0,0,0,0,0,0,0,
3 0,0,0,*,0,0,0,0,0,0,0,0,0,0,0,0,0,0,0,0,0,0,
4 1,1,1,1,*,0,0,0,0,0,0,0,0,0,0,0,0,0,0,0,0,0,
5 1,1,1,1,0,*,0,0,0,0,0,0,0,0,0,0,0,0,0,0,0,0,
6 1,1,1,1,0,0,*,0,0,0,0,0,0,0,0,0,0,0,0,0,0,0,
7 1,1,1,1,0,0,0,*,0,0,0,0,0,0,0,0,0,0,0,0,0,0,
8 1,1,1,1,0,0,0,0,*,0,0,0,0,0,0,0,0,0,0,0,0,0,
9 1,1,1,1,0,0,0,0,0,*,0,0,0,0,0,0,0,0,0,0,0,0,
10 1,1,1,1,0,0,0,0,0,0,*,0,0,0,0,0,0,0,0,0,0,0,
11 1,1,1,1,0,0,0,0,0,0,0,*,0,0,0,0,0,0,0,0,0,0,
12 1,1,1,1,0,0,0,0,0,0,0,0,*,0,0,0,0,0,0,0,0,0,
13 1,1,1,1,0,0,0,0,0,0,0,0,0,*,0,0,0,0,0,0,0,0,
14 1,1,1,1,0,0,0,0,0,0,0,0,0,0,*,0,0,0,0,0,0,0,
15 1,1,1,1,0,0,0,0,0,0,0,0,0,0,0,*,0,0,0,0,0,0,
16 1,1,1,1,0,0,0,0,0,0,0,0,0,0,0,0,*,0,0,0,0,0,
17 1,1,1,1,0,0,0,0,0,0,0,0,0,0,0,0,0,*,0,0,0,0,
18 1,1,1,1,0,0,0,0,0,0,0,0,0,0,0,0,0,0,*,0,0,0,
19 1,1,1,1,0,0,0,0,0,0,0,0,0,0,0,0,0,0,0,*,0,0,
20 0,0,0,0,0,0,0,0,0,0,0,0,0,0,0,0,0,0,0,0,*,0,
21 0,0,0,0,0,0,0,0,0,0,0,0,0,0,0,0,0,0,0,0,0,*,
k=70
t=200

  0,1,2,3,4,5,6,7,8,9,10,11,12,13,14,15,16,17,18,19,20,21,
0 *,0,0,0,0,0,0,0,0,0,0,0,0,0,0,0,0,0,0,0,0,1,
1 0,*,0,0,0,0,0,0,0,0,0,0,0,0,0,0,0,0,0,0,0,1,
2 0,0,*,0,0,0,0,0,0,0,0,0,0,0,0,0,0,0,0,0,0,0,
3 0,0,0,*,0,0,0,0,0,0,0,0,0,0,0,0,0,0,0,0,0,0,
4 1,1,1,1,*,0,0,0,0,0,0,0,0,0,0,0,0,0,0,0,0,0,
5 1,1,1,1,0,*,0,0,0,0,0,0,0,0,0,0,0,0,0,0,0,0,
6 1,1,1,1,0,0,*,0,0,0,0,0,0,0,0,0,0,0,0,0,0,0,
7 1,1,1,1,0,0,0,*,0,0,0,0,0,0,0,0,0,0,0,0,0,0,
8 1,1,1,1,0,0,0,0,*,0,0,0,0,0,0,0,0,0,0,0,0,0,
9 1,1,1,1,0,0,0,0,0,*,0,0,0,0,0,0,0,0,0,0,0,0,
10 1,1,1,1,0,0,0,0,0,0,*,0,0,0,0,0,0,0,0,0,0,0,
11 1,1,1,1,0,0,0,0,0,0,0,*,0,0,0,0,0,0,0,0,0,0,
12 1,1,1,1,0,0,0,0,0,0,0,0,*,0,0,0,0,0,0,0,0,0,
13 1,1,1,1,0,0,0,0,0,0,0,0,0,*,0,0,0,0,0,0,0,0,
14 1,1,1,1,0,0,0,0,0,0,0,0,0,0,*,0,0,0,0,0,0,0,
15 1,1,1,1,0,0,0,0,0,0,0,0,0,0,0,*,0,0,0,0,0,0,
16 1,1,1,1,0,0,0,0,0,0,0,0,0,0,0,0,*,0,0,0,0,0,
17 1,1,1,1,0,0,0,0,0,0,0,0,0,0,0,0,0,*,0,0,0,0,
18 1,1,1,1,0,0,0,0,0,0,0,0,0,0,0,0,0,0,*,0,0,0,
19 1,1,1,1,0,0,0,0,0,0,0,0,0,0,0,0,0,0,0,*,0,0,
20 0,0,0,0,0,0,0,0,0,0,0,0,0,0,0,0,0,0,0,0,*,0,
21 0,0,0,0,0,0,0,0,0,0,0,0,0,0,0,0,0,0,0,0,0,*,
k=71
t=600

  0,1,2,3,4,5,6,7,8,9,10,11,12,13,14,15,16,17,18,19,20,21,
0 *,0,0,0,0,0,0,0,0,0,0,0,0,0,0,0,0,0,0,0,0,1,
1 0,*,0,0,0,0,0,0,0,0,0,0,0,0,0,0,0,0,0,0,0,1,
2 0,0,*,0,0,0,0,0,0,0,0,0,0,0,0,0,0,0,0,0,0,0,
3 0,0,0,*,0,0,0,0,0,0,0,0,0,0,0,0,0,0,0,0,0,0,
4 1,1,1,1,*,0,0,0,0,0,0,0,0,0,0,0,0,0,0,0,0,0,
5 1,1,1,1,0,*,0,0,0,0,0,0,0,0,0,0,0,0,0,0,0,0,
6 1,1,1,1,0,0,*,0,0,0,0,0,0,0,0,0,0,0,0,0,0,0,
7 1,1,1,1,0,0,0,*,0,0,0,0,0,0,0,0,0,0,0,0,0,0,
8 1,1,1,1,0,0,0,0,*,0,0,0,0,0,0,0,0,0,0,0,0,0,
9 1,1,1,1,0,0,0,0,0,*,0,0,0,0,0,0,0,0,0,0,0,0,
10 1,1,1,1,0,0,0,0,0,0,*,0,0,0,0,0,0,0,0,0,0,0,
11 1,1,1,1,0,0,0,0,0,0,0,*,0,0,0,0,0,0,0,0,0,0,
12 1,1,1,1,0,0,0,0,0,0,0,0,*,0,0,0,0,0,0,0,0,0,
13 1,1,1,1,0,0,0,0,0,0,0,0,0,*,0,0,0,0,0,0,0,0,
14 1,1,1,1,0,0,0,0,0,0,0,0,0,0,*,0,0,0,0,0,0,0,
15 1,1,1,1,0,0,0,0,0,0,0,0,0,0,0,*,0,0,0,0,0,0,
16 1,1,1,1,0,0,0,0,0,0,0,0,0,0,0,0,*,0,0,0,0,0,
17 1,1,1,1,0,0,0,0,0,0,0,0,0,0,0,0,0,*,0,0,0,0,
18 1,1,1,1,0,0,0,0,0,0,0,0,0,0,0,0,0,0,*,0,0,0,
19 1,1,1,1,0,0,0,0,0,0,0,0,0,0,0,0,0,0,0,*,0,0,
20 0,0,0,0,0,0,0,0,0,0,0,0,0,0,0,0,0,0,0,0,*,0,
21 0,0,0,0,0,0,0,0,0,0,0,0,0,0,0,0,0,0,0,0,0,*,
k=72
t=100

  0,1,2,3,4,5,6,7,8,9,10,11,12,13,14,15,16,17,18,19,20,21,
0 *,0,0,0,0,0,0,0,0,0,0,0,0,0,0,0,0,0,0,0,0,1,
1 0,*,0,0,0,0,0,0,0,0,0,0,0,0,0,0,0,0,0,0,0,1,
2 0,0,*,0,0,0,0,0,0,0,0,0,0,0,0,0,0,0,0,0,1,0,
3 0,0,0,*,0,0,0,0,0,0,0,0,0,0,0,0,0,0,0,0,1,0,
4 1,1,1,1,*,0,0,0,0,0,0,0,0,0,0,0,0,0,0,0,0,0,
5 1,1,1,1,0,*,0,0,0,0,0,0,0,0,0,0,0,0,0,0,0,0,
6 1,1,1,1,0,0,*,0,0,0,0,0,0,0,0,0,0,0,0,0,0,0,
7 1,1,1,1,0,0,0,*,0,0,0,0,0,0,0,0,0,0,0,0,0,0,
8 1,1,1,1,0,0,0,0,*,0,0,0,0,0,0,0,0,0,0,0,0,0,
9 1,1,1,1,0,0,0,0,0,*,0,0,0,0,0,0,0,0,0,0,0,0,
10 1,1,1,1,0,0,0,0,0,0,*,0,0,0,0,0,0,0,0,0,0,0,
11 1,1,1,1,0,0,0,0,0,0,0,*,0,0,0,0,0,0,0,0,0,0,
12 1,1,1,1,0,0,0,0,0,0,0,0,*,0,0,0,0,0,0,0,0,0,
13 1,1,1,1,0,0,0,0,0,0,0,0,0,*,0,0,0,0,0,0,0,0,
14 1,1,1,1,0,0,0,0,0,0,0,0,0,0,*,0,0,0,0,0,0,0,
15 1,1,1,1,0,0,0,0,0,0,0,0,0,0,0,*,0,0,0,0,0,0,
16 1,1,1,1,0,0,0,0,0,0,0,0,0,0,0,0,*,0,0,0,0,0,
17 1,1,1,1,0,0,0,0,0,0,0,0,0,0,0,0,0,*,0,0,0,0,
18 1,1,1,1,0,0,0,0,0,0,0,0,0,0,0,0,0,0,*,0,0,0,
19 1,1,1,1,0,0,0,0,0,0,0,0,0,0,0,0,0,0,0,*,0,0,
20 0,0,0,0,0,0,0,0,0,0,0,0,0,0,0,0,0,0,0,0,*,0,
21 0,0,0,0,0,0,0,0,0,0,0,0,0,0,0,0,0,0,0,0,0,*,
k=73
t=600

  0,1,2,3,4,5,6,7,8,9,10,11,12,13,14,15,16,17,18,19,20,21,
0 *,0,0,0,0,0,0,0,0,0,0,0,0,0,0,0,0,0,0,0,0,1,
1 0,*,0,0,0,0,0,0,0,0,0,0,0,0,0,0,0,0,0,0,0,1,
2 0,0,*,0,0,0,0,0,0,0,0,0,0,0,0,0,0,0,0,0,1,0,
3 0,0,0,*,0,0,0,0,0,0,0,0,0,0,0,0,0,0,0,0,1,0,
4 1,1,1,1,*,0,0,0,0,0,0,0,0,0,0,0,0,0,0,0,0,0,
5 1,1,1,1,0,*,0,0,0,0,0,0,0,0,0,0,0,0,0,0,0,0,
6 1,1,1,1,0,0,*,0,0,0,0,0,0,0,0,0,0,0,0,0,0,0,
7 1,1,1,1,0,0,0,*,0,0,0,0,0,0,0,0,0,0,0,0,0,0,
8 1,1,1,1,0,0,0,0,*,0,0,0,0,0,0,0,0,0,0,0,0,0,
9 1,1,1,1,0,0,0,0,0,*,0,0,0,0,0,0,0,0,0,0,0,0,
10 1,1,1,1,0,0,0,0,0,0,*,0,0,0,0,0,0,0,0,0,0,0,
11 1,1,1,1,0,0,0,0,0,0,0,*,0,0,0,0,0,0,0,0,0,0,
12 1,1,1,1,0,0,0,0,0,0,0,0,*,0,0,0,0,0,0,0,0,0,
13 1,1,1,1,0,0,0,0,0,0,0,0,0,*,0,0,0,0,0,0,0,0,
14 1,1,1,1,0,0,0,0,0,0,0,0,0,0,*,0,0,0,0,0,0,0,
15 1,1,1,1,0,0,0,0,0,0,0,0,0,0,0,*,0,0,0,0,0,0,
16 1,1,1,1,0,0,0,0,0,0,0,0,0,0,0,0,*,0,0,0,0,0,
17 1,1,1,1,0,0,0,0,0,0,0,0,0,0,0,0,0,*,0,0,0,0,
18 1,1,1,1,0,0,0,0,0,0,0,0,0,0,0,0,0,0,*,0,0,0,
19 1,1,1,1,0,0,0,0,0,0,0,0,0,0,0,0,0,0,0,*,0,0,
20 0,0,0,0,0,0,0,0,0,0,0,0,0,0,0,0,0,0,0,0,*,0,
21 0,0,0,0,0,0,0,0,0,0,0,0,0,0,0,0,0,0,0,0,0,*,
k=74
t=400

  0,1,2,3,4,5,6,7,8,9,10,11,12,13,14,15,16,17,18,19,20,21,
0 *,0,0,0,0,0,0,0,0,0,0,0,0,0,0,0,0,0,0,0,0,1,
1 0,*,0,0,0,0,0,0,0,0,0,0,0,0,0,0,0,0,0,0,0,1,
2 0,0,*,0,0,0,0,0,0,0,0,0,0,0,0,0,0,0,0,0,1,0,
3 0,0,0,*,0,0,0,0,0,0,0,0,0,0,0,0,0,0,0,0,1,0,
4 1,1,1,1,*,0,0,0,0,0,0,0,0,0,0,0,0,0,0,0,0,0,
5 1,1,1,1,0,*,0,0,0,0,0,0,0,0,0,0,0,0,0,0,0,0,
6 1,1,1,1,0,0,*,0,0,0,0,0,0,0,0,0,0,0,0,0,0,0,
7 1,1,1,1,0,0,0,*,0,0,0,0,0,0,0,0,0,0,0,0,0,0,
8 1,1,1,1,0,0,0,0,*,0,0,0,0,0,0,0,0,0,0,0,0,0,
9 1,1,1,1,0,0,0,0,0,*,0,0,0,0,0,0,0,0,0,0,0,0,
10 0,0,0,0,0,0,0,0,0,0,*,0,0,0,0,0,0,0,0,0,0,0,
11 1,1,1,1,0,0,0,0,0,0,0,*,0,0,0,0,0,0,0,0,0,0,
12 1,1,1,1,0,0,0,0,0,0,0,0,*,0,0,0,0,0,0,0,0,0,
13 1,1,1,1,0,0,0,0,0,0,0,0,0,*,0,0,0,0,0,0,0,0,
14 1,1,1,1,0,0,0,0,0,0,0,0,0,0,*,0,0,0,0,0,0,0,
15 1,1,1,1,0,0,0,0,0,0,0,0,0,0,0,*,0,0,0,0,0,0,
16 0,0,0,0,0,0,0,0,0,0,0,0,0,0,0,0,*,0,0,0,0,0,
17 1,1,1,1,0,0,0,0,0,0,0,0,0,0,0,0,0,*,0,0,0,0,
18 1,1,1,1,0,0,0,0,0,0,0,0,0,0,0,0,0,0,*,0,0,0,
19 1,1,1,1,0,0,0,0,0,0,0,0,0,0,0,0,0,0,0,*,0,0,
20 0,0,0,0,0,0,0,0,0,0,0,0,0,0,0,0,0,0,0,0,*,0,
21 0,0,0,0,0,0,0,0,0,0,0,0,0,0,0,0,0,0,0,0,0,*,
k=75
t=100

  0,1,2,3,4,5,6,7,8,9,10,11,12,13,14,15,16,17,18,19,20,21,
0 *,0,0,0,0,0,0,0,0,0,0,0,0,0,0,0,0,0,0,0,0,0,
1 0,*,0,0,0,0,0,0,0,0,0,0,0,0,0,0,0,0,0,0,0,0,
2 0,0,*,0,0,0,0,0,0,0,0,0,0,0,0,0,0,0,0,0,1,0,
3 0,0,0,*,0,0,0,0,0,0,0,0,0,0,0,0,0,0,0,0,1,0,
4 1,1,1,1,*,0,0,0,0,0,0,0,0,0,0,0,0,0,0,0,0,0,
5 1,1,1,1,0,*,0,0,0,0,0,0,0,0,0,0,0,0,0,0,0,0,
6 1,1,1,1,0,0,*,0,0,0,0,0,0,0,0,0,0,0,0,0,0,0,
7 1,1,1,1,0,0,0,*,0,0,0,0,0,0,0,0,0,0,0,0,0,0,
8 1,1,1,1,0,0,0,0,*,0,0,0,0,0,0,0,0,0,0,0,0,0,
9 1,1,1,1,0,0,0,0,0,*,0,0,0,0,0,0,0,0,0,0,0,0,
10 0,0,0,0,0,0,0,0,0,0,*,0,0,0,0,0,0,0,0,0,0,0,
11 1,1,1,1,0,0,0,0,0,0,0,*,0,0,0,0,0,0,0,0,0,0,
12 1,1,1,1,0,0,0,0,0,0,0,0,*,0,0,0,0,0,0,0,0,0,
13 1,1,1,1,0,0,0,0,0,0,0,0,0,*,0,0,0,0,0,0,0,0,
14 1,1,1,1,0,0,0,0,0,0,0,0,0,0,*,0,0,0,0,0,0,0,
15 1,1,1,1,0,0,0,0,0,0,0,0,0,0,0,*,0,0,0,0,0,0,
16 0,0,0,0,0,0,0,0,0,0,0,0,0,0,0,0,*,0,0,0,0,0,
17 1,1,1,1,0,0,0,0,0,0,0,0,0,0,0,0,0,*,0,0,0,0,
18 1,1,1,1,0,0,0,0,0,0,0,0,0,0,0,0,0,0,*,0,0,0,
19 1,1,1,1,0,0,0,0,0,0,0,0,0,0,0,0,0,0,0,*,0,0,
20 0,0,0,0,0,0,0,0,0,0,0,0,0,0,0,0,0,0,0,0,*,0,
21 0,0,0,0,0,0,0,0,0,0,0,0,0,0,0,0,0,0,0,0,0,*,
k=76
t=600

  0,1,2,3,4,5,6,7,8,9,10,11,12,13,14,15,16,17,18,19,20,21,
0 *,0,0,0,0,0,0,0,0,0,0,0,0,0,0,0,0,0,0,0,0,0,
1 0,*,0,0,0,0,0,0,0,0,0,0,0,0,0,0,0,0,0,0,0,0,
2 0,0,*,0,0,0,0,0,0,0,0,0,0,0,0,0,0,0,0,0,1,0,
3 0,0,0,*,0,0,0,0,0,0,0,0,0,0,0,0,0,0,0,0,1,0,
4 1,1,1,1,*,0,0,0,0,0,0,0,0,0,0,0,0,0,0,0,0,0,
5 1,1,1,1,0,*,0,0,0,0,0,0,0,0,0,0,0,0,0,0,0,0,
6 1,1,1,1,0,0,*,0,0,0,0,0,0,0,0,0,0,0,0,0,0,0,
7 1,1,1,1,0,0,0,*,0,0,0,0,0,0,0,0,0,0,0,0,0,0,
8 1,1,1,1,0,0,0,0,*,0,0,0,0,0,0,0,0,0,0,0,0,0,
9 1,1,1,1,0,0,0,0,0,*,0,0,0,0,0,0,0,0,0,0,0,0,
10 0,0,0,0,0,0,0,0,0,0,*,0,0,0,0,0,0,0,0,0,0,0,
11 1,1,1,1,0,0,0,0,0,0,0,*,0,0,0,0,0,0,0,0,0,0,
12 1,1,1,1,0,0,0,0,0,0,0,0,*,0,0,0,0,0,0,0,0,0,
13 1,1,1,1,0,0,0,0,0,0,0,0,0,*,0,0,0,0,0,0,0,0,
14 1,1,1,1,0,0,0,0,0,0,0,0,0,0,*,0,0,0,0,0,0,0,
15 1,1,1,1,0,0,0,0,0,0,0,0,0,0,0,*,0,0,0,0,0,0,
16 0,0,0,0,0,0,0,0,0,0,0,0,0,0,0,0,*,0,0,0,0,0,
17 1,1,1,1,0,0,0,0,0,0,0,0,0,0,0,0,0,*,0,0,0,0,
18 1,1,1,1,0,0,0,0,0,0,0,0,0,0,0,0,0,0,*,0,0,0,
19 1,1,1,1,0,0,0,0,0,0,0,0,0,0,0,0,0,0,0,*,0,0,
20 0,0,0,0,0,0,0,0,0,0,0,0,0,0,0,0,0,0,0,0,*,0,
21 0,0,0,0,0,0,0,0,0,0,0,0,0,0,0,0,0,0,0,0,0,*,
k=77
t=500

  0,1,2,3,4,5,6,7,8,9,10,11,12,13,14,15,16,17,18,19,20,21,
0 *,0,0,0,0,0,0,0,0,0,0,0,0,0,0,0,0,0,0,0,0,0,
1 0,*,0,0,0,0,0,0,0,0,0,0,0,0,0,0,0,0,0,0,0,0,
2 0,0,*,0,0,0,0,0,0,0,0,0,0,0,0,0,0,0,0,0,1,0,
3 0,0,0,*,0,0,0,0,0,0,0,0,0,0,0,0,0,0,0,0,1,0,
4 1,1,1,1,*,0,0,0,0,0,0,0,0,0,0,0,0,0,0,0,0,0,
5 1,1,1,1,0,*,0,0,0,0,0,0,0,0,0,0,0,0,0,0,0,0,
6 1,1,1,1,0,0,*,0,0,0,0,0,0,0,0,0,0,0,0,0,0,0,
7 1,1,1,1,0,0,0,*,0,0,0,0,0,0,0,0,0,0,0,0,0,0,
8 1,1,1,1,0,0,0,0,*,0,0,0,0,0,0,0,0,0,0,0,0,0,
9 1,1,1,1,0,0,0,0,0,*,0,0,0,0,0,0,0,0,0,0,0,0,
10 0,0,0,0,0,0,0,0,0,0,*,0,0,0,0,0,0,0,0,0,0,0,
11 1,1,1,1,0,0,0,0,0,0,0,*,0,0,0,0,0,0,0,0,0,0,
12 1,1,1,1,0,0,0,0,0,0,0,0,*,0,0,0,0,0,0,0,0,0,
13 1,1,1,1,0,0,0,0,0,0,0,0,0,*,0,0,0,0,0,0,0,0,
14 1,1,1,1,0,0,0,0,0,0,0,0,0,0,*,0,0,0,0,0,0,0,
15 1,1,1,1,0,0,0,0,0,0,0,0,0,0,0,*,0,0,0,0,0,0,
16 0,0,0,0,0,0,0,0,0,0,0,0,0,0,0,0,*,0,0,0,0,0,
17 1,1,1,1,0,0,0,0,0,0,0,0,0,0,0,0,0,*,0,0,0,0,
18 1,1,1,1,0,0,0,0,0,0,0,0,0,0,0,0,0,0,*,0,0,0,
19 1,1,1,1,0,0,0,0,0,0,0,0,0,0,0,0,0,0,0,*,0,0,
20 0,0,0,0,0,0,0,0,0,0,0,0,0,0,0,0,0,0,0,0,*,0,
21 0,0,0,0,0,0,0,0,0,0,0,0,0,0,0,0,0,0,0,0,0,*,
k=78
t=600

  0,1,2,3,4,5,6,7,8,9,10,11,12,13,14,15,16,17,18,19,20,21,
0 *,0,0,0,0,0,0,0,0,0,0,0,0,0,0,0,0,0,0,0,0,0,
1 0,*,0,0,0,0,0,0,0,0,0,0,0,0,0,0,0,0,0,0,0,0,
2 0,0,*,0,0,0,0,0,0,0,0,0,0,0,0,0,0,0,0,0,1,0,
3 0,0,0,*,0,0,0,0,0,0,0,0,0,0,0,0,0,0,0,0,1,0,
4 1,1,1,1,*,0,0,0,0,0,0,0,0,0,0,0,0,0,0,0,0,0,
5 1,1,1,1,0,*,0,0,0,0,0,0,0,0,0,0,0,0,0,0,0,0,
6 1,1,1,1,0,0,*,0,0,0,0,0,0,0,0,0,0,0,0,0,0,0,
7 1,1,1,1,0,0,0,*,0,0,0,0,0,0,0,0,0,0,0,0,0,0,
8 1,1,1,1,0,0,0,0,*,0,0,0,0,0,0,0,0,0,0,0,0,0,
9 1,1,1,1,0,0,0,0,0,*,0,0,0,0,0,0,0,0,0,0,0,0,
10 0,0,0,0,0,0,0,0,0,0,*,0,0,0,0,0,0,0,0,0,0,0,
11 1,1,1,1,0,0,0,0,0,0,0,*,0,0,0,0,0,0,0,0,0,0,
12 1,1,1,1,0,0,0,0,0,0,0,0,*,0,0,0,0,0,0,0,0,0,
13 1,1,1,1,0,0,0,0,0,0,0,0,0,*,0,0,0,0,0,0,0,0,
14 1,1,1,1,0,0,0,0,0,0,0,0,0,0,*,0,0,0,0,0,0,0,
15 1,1,1,1,0,0,0,0,0,0,0,0,0,0,0,*,0,0,0,0,0,0,
16 0,0,0,0,0,0,0,0,0,0,0,0,0,0,0,0,*,0,0,0,0,0,
17 1,1,1,1,0,0,0,0,0,0,0,0,0,0,0,0,0,*,0,0,0,0,
18 1,1,1,1,0,0,0,0,0,0,0,0,0,0,0,0,0,0,*,0,0,0,
19 1,1,1,1,0,0,0,0,0,0,0,0,0,0,0,0,0,0,0,*,0,0,
20 0,0,0,0,0,0,0,0,0,0,0,0,0,0,0,0,0,0,0,0,*,0,
21 0,0,0,0,0,0,0,0,0,0,0,0,0,0,0,0,0,0,0,0,0,*,
k=79
t=500

  0,1,2,3,4,5,6,7,8,9,10,11,12,13,14,15,16,17,18,19,20,21,
0 *,0,0,0,0,0,0,0,0,0,0,0,0,0,0,0,0,0,0,0,0,0,
1 0,*,0,0,0,0,0,0,0,0,0,0,0,0,0,0,0,0,0,0,0,0,
2 0,0,*,0,0,0,0,0,0,0,0,0,0,0,0,0,0,0,0,0,1,0,
3 0,0,0,*,0,0,0,0,0,0,0,0,0,0,0,0,0,0,0,0,1,0,
4 1,1,1,1,*,0,0,0,0,0,0,0,0,0,0,0,0,0,0,0,0,0,
5 1,1,1,1,0,*,0,0,0,0,0,0,0,0,0,0,0,0,0,0,0,0,
6 1,1,1,1,0,0,*,0,0,0,0,0,0,0,0,0,0,0,0,0,0,0,
7 1,1,1,1,0,0,0,*,0,0,0,0,0,0,0,0,0,0,0,0,0,0,
8 1,1,1,1,0,0,0,0,*,0,0,0,0,0,0,0,0,0,0,0,0,0,
9 1,1,1,1,0,0,0,0,0,*,0,0,0,0,0,0,0,0,0,0,0,0,
10 1,1,1,1,0,0,0,0,0,0,*,0,0,0,0,0,0,0,0,0,0,0,
11 1,1,1,1,0,0,0,0,0,0,0,*,0,0,0,0,0,0,0,0,0,0,
12 1,1,1,1,0,0,0,0,0,0,0,0,*,0,0,0,0,0,0,0,0,0,
13 1,1,1,1,0,0,0,0,0,0,0,0,0,*,0,0,0,0,0,0,0,0,
14 1,1,1,1,0,0,0,0,0,0,0,0,0,0,*,0,0,0,0,0,0,0,
15 1,1,1,1,0,0,0,0,0,0,0,0,0,0,0,*,0,0,0,0,0,0,
16 1,1,1,1,0,0,0,0,0,0,0,0,0,0,0,0,*,0,0,0,0,0,
17 1,1,1,1,0,0,0,0,0,0,0,0,0,0,0,0,0,*,0,0,0,0,
18 1,1,1,1,0,0,0,0,0,0,0,0,0,0,0,0,0,0,*,0,0,0,
19 1,1,1,1,0,0,0,0,0,0,0,0,0,0,0,0,0,0,0,*,0,0,
20 0,0,0,0,0,0,0,0,0,0,0,0,0,0,0,0,0,0,0,0,*,0,
21 0,0,0,0,0,0,0,0,0,0,0,0,0,0,0,0,0,0,0,0,0,*,
k=80
t=200

  0,1,2,3,4,5,6,7,8,9,10,11,12,13,14,15,16,17,18,19,20,21,
0 *,0,0,0,0,0,0,0,0,0,0,0,0,0,0,0,0,0,0,0,0,0,
1 0,*,0,0,0,0,0,0,0,0,0,0,0,0,0,0,0,0,0,0,0,0,
2 0,0,*,0,0,0,0,0,0,0,0,0,0,0,0,0,0,0,0,0,1,0,
3 0,0,0,*,0,0,0,0,0,0,0,0,0,0,0,0,0,0,0,0,1,0,
4 1,1,0,0,*,0,0,0,0,0,0,0,0,0,0,0,0,0,0,0,0,0,
5 1,1,0,0,0,*,0,0,0,0,0,0,0,0,0,0,0,0,0,0,0,0,
6 1,1,0,0,0,0,*,0,0,0,0,0,0,0,0,0,0,0,0,0,0,0,
7 1,1,0,0,0,0,0,*,0,0,0,0,0,0,0,0,0,0,0,0,0,0,
8 1,1,0,0,0,0,0,0,*,0,0,0,0,0,0,0,0,0,0,0,0,0,
9 1,1,0,0,0,0,0,0,0,*,0,0,0,0,0,0,0,0,0,0,0,0,
10 1,1,0,0,0,0,0,0,0,0,*,0,0,0,0,0,0,0,0,0,0,0,
11 1,1,0,0,0,0,0,0,0,0,0,*,0,0,0,0,0,0,0,0,0,0,
12 1,1,0,0,0,0,0,0,0,0,0,0,*,0,0,0,0,0,0,0,0,0,
13 1,1,0,0,0,0,0,0,0,0,0,0,0,*,0,0,0,0,0,0,0,0,
14 1,1,0,0,0,0,0,0,0,0,0,0,0,0,*,0,0,0,0,0,0,0,
15 1,1,0,0,0,0,0,0,0,0,0,0,0,0,0,*,0,0,0,0,0,0,
16 1,1,0,0,0,0,0,0,0,0,0,0,0,0,0,0,*,0,0,0,0,0,
17 1,1,0,0,0,0,0,0,0,0,0,0,0,0,0,0,0,*,0,0,0,0,
18 1,1,0,0,0,0,0,0,0,0,0,0,0,0,0,0,0,0,*,0,0,0,
19 1,1,0,0,0,0,0,0,0,0,0,0,0,0,0,0,0,0,0,*,0,0,
20 0,0,0,0,0,0,0,0,0,0,0,0,0,0,0,0,0,0,0,0,*,0,
21 0,0,0,0,0,0,0,0,0,0,0,0,0,0,0,0,0,0,0,0,0,*,
k=81
t=300

  0,1,2,3,4,5,6,7,8,9,10,11,12,13,14,15,16,17,18,19,20,21,
0 *,0,0,0,0,0,0,0,0,0,0,0,0,0,0,0,0,0,0,0,0,0,
1 0,*,0,0,0,0,0,0,0,0,0,0,0,0,0,0,0,0,0,0,0,0,
2 0,0,*,0,0,0,0,0,0,0,0,0,0,0,0,0,0,0,0,0,1,1,
3 0,0,0,*,0,0,0,0,0,0,0,0,0,0,0,0,0,0,0,0,1,1,
4 1,1,0,0,*,0,0,0,0,0,0,0,0,0,0,0,0,0,0,0,0,0,
5 1,1,0,0,0,*,0,0,0,0,0,0,0,0,0,0,0,0,0,0,0,0,
6 1,1,0,0,0,0,*,0,0,0,0,0,0,0,0,0,0,0,0,0,0,0,
7 1,1,0,0,0,0,0,*,0,0,0,0,0,0,0,0,0,0,0,0,0,0,
8 1,1,0,0,0,0,0,0,*,0,0,0,0,0,0,0,0,0,0,0,0,0,
9 1,1,0,0,0,0,0,0,0,*,0,0,0,0,0,0,0,0,0,0,0,0,
10 1,1,0,0,0,0,0,0,0,0,*,0,0,0,0,0,0,0,0,0,0,0,
11 1,1,0,0,0,0,0,0,0,0,0,*,0,0,0,0,0,0,0,0,0,0,
12 1,1,0,0,0,0,0,0,0,0,0,0,*,0,0,0,0,0,0,0,0,0,
13 1,1,0,0,0,0,0,0,0,0,0,0,0,*,0,0,0,0,0,0,0,0,
14 1,1,0,0,0,0,0,0,0,0,0,0,0,0,*,0,0,0,0,0,0,0,
15 1,1,0,0,0,0,0,0,0,0,0,0,0,0,0,*,0,0,0,0,0,0,
16 1,1,0,0,0,0,0,0,0,0,0,0,0,0,0,0,*,0,0,0,0,0,
17 1,1,0,0,0,0,0,0,0,0,0,0,0,0,0,0,0,*,0,0,0,0,
18 1,1,0,0,0,0,0,0,0,0,0,0,0,0,0,0,0,0,*,0,0,0,
19 1,1,0,0,0,0,0,0,0,0,0,0,0,0,0,0,0,0,0,*,0,0,
20 0,0,0,0,0,0,0,0,0,0,0,0,0,0,0,0,0,0,0,0,*,0,
21 0,0,0,0,0,0,0,0,0,0,0,0,0,0,0,0,0,0,0,0,0,*,
k=82
t=200

  0,1,2,3,4,5,6,7,8,9,10,11,12,13,14,15,16,17,18,19,20,21,
0 *,0,0,0,0,0,0,0,0,0,0,0,0,0,0,0,0,0,0,0,0,0,
1 0,*,0,0,0,0,0,0,0,0,0,0,0,0,0,0,0,0,0,0,0,0,
2 0,0,*,0,0,0,0,0,0,0,0,0,0,0,0,0,0,0,0,0,1,1,
3 0,0,0,*,0,0,0,0,0,0,0,0,0,0,0,0,0,0,0,0,1,1,
4 1,1,0,0,*,0,0,0,0,0,0,0,0,0,0,0,0,0,0,0,0,0,
5 1,1,0,0,0,*,0,0,0,0,0,0,0,0,0,0,0,0,0,0,0,0,
6 1,1,0,0,0,0,*,0,0,0,0,0,0,0,0,0,0,0,0,0,0,0,
7 1,1,0,0,0,0,0,*,0,0,0,0,0,0,0,0,0,0,0,0,0,0,
8 1,1,0,0,0,0,0,0,*,0,0,0,0,0,0,0,0,0,0,0,0,0,
9 1,1,0,0,0,0,0,0,0,*,0,0,0,0,0,0,0,0,0,0,0,0,
10 1,1,0,0,0,0,0,0,0,0,*,0,0,0,0,0,0,0,0,0,0,0,
11 1,1,0,0,0,0,0,0,0,0,0,*,0,0,0,0,0,0,0,0,0,0,
12 1,1,0,0,0,0,0,0,0,0,0,0,*,0,0,0,0,0,0,0,0,0,
13 1,1,0,0,0,0,0,0,0,0,0,0,0,*,0,0,0,0,0,0,0,0,
14 1,1,0,0,0,0,0,0,0,0,0,0,0,0,*,0,0,0,0,0,0,0,
15 1,1,0,0,0,0,0,0,0,0,0,0,0,0,0,*,0,0,0,0,0,0,
16 1,1,0,0,0,0,0,0,0,0,0,0,0,0,0,0,*,0,0,0,0,0,
17 1,1,0,0,0,0,0,0,0,0,0,0,0,0,0,0,0,*,0,0,0,0,
18 1,1,0,0,0,0,0,0,0,0,0,0,0,0,0,0,0,0,*,0,0,0,
19 1,1,0,0,0,0,0,0,0,0,0,0,0,0,0,0,0,0,0,*,0,0,
20 0,0,0,0,0,0,0,0,0,0,0,0,0,0,0,0,0,0,0,0,*,0,
21 0,0,0,0,0,0,0,0,0,0,0,0,0,0,0,0,0,0,0,0,0,*,
k=83
t=600

  0,1,2,3,4,5,6,7,8,9,10,11,12,13,14,15,16,17,18,19,20,21,
0 *,0,0,0,0,0,0,0,0,0,0,0,0,0,0,0,0,0,0,0,0,0,
1 0,*,0,0,0,0,0,0,0,0,0,0,0,0,0,0,0,0,0,0,0,0,
2 0,0,*,0,0,0,0,0,0,0,0,0,0,0,0,0,0,0,0,0,1,1,
3 0,0,0,*,0,0,0,0,0,0,0,0,0,0,0,0,0,0,0,0,1,1,
4 1,1,0,0,*,0,0,0,0,0,0,0,0,0,0,0,0,0,0,0,0,0,
5 1,1,0,0,0,*,0,0,0,0,0,0,0,0,0,0,0,0,0,0,0,0,
6 1,1,0,0,0,0,*,0,0,0,0,0,0,0,0,0,0,0,0,0,0,0,
7 1,1,0,0,0,0,0,*,0,0,0,0,0,0,0,0,0,0,0,0,0,0,
8 1,1,0,0,0,0,0,0,*,0,0,0,0,0,0,0,0,0,0,0,0,0,
9 1,1,0,0,0,0,0,0,0,*,0,0,0,0,0,0,0,0,0,0,0,0,
10 1,1,0,0,0,0,0,0,0,0,*,0,0,0,0,0,0,0,0,0,0,0,
11 1,1,0,0,0,0,0,0,0,0,0,*,0,0,0,0,0,0,0,0,0,0,
12 1,1,0,0,0,0,0,0,0,0,0,0,*,0,0,0,0,0,0,0,0,0,
13 1,1,0,0,0,0,0,0,0,0,0,0,0,*,0,0,0,0,0,0,0,0,
14 1,1,0,0,0,0,0,0,0,0,0,0,0,0,*,0,0,0,0,0,0,0,
15 1,1,0,0,0,0,0,0,0,0,0,0,0,0,0,*,0,0,0,0,0,0,
16 1,1,0,0,0,0,0,0,0,0,0,0,0,0,0,0,*,0,0,0,0,0,
17 1,1,0,0,0,0,0,0,0,0,0,0,0,0,0,0,0,*,0,0,0,0,
18 1,1,0,0,0,0,0,0,0,0,0,0,0,0,0,0,0,0,*,0,0,0,
19 1,1,0,0,0,0,0,0,0,0,0,0,0,0,0,0,0,0,0,*,0,0,
20 0,0,0,0,0,0,0,0,0,0,0,0,0,0,0,0,0,0,0,0,*,0,
21 0,0,0,0,0,0,0,0,0,0,0,0,0,0,0,0,0,0,0,0,0,*,
k=84
t=200

  0,1,2,3,4,5,6,7,8,9,10,11,12,13,14,15,16,17,18,19,20,21,
0 *,0,0,0,0,0,0,0,0,0,0,0,0,0,0,0,0,0,0,0,0,0,
1 0,*,0,0,0,0,0,0,0,0,0,0,0,0,0,0,0,0,0,0,0,0,
2 0,0,*,0,0,0,0,0,0,0,0,0,0,0,0,0,0,0,0,0,1,1,
3 0,0,0,*,0,0,0,0,0,0,0,0,0,0,0,0,0,0,0,0,1,1,
4 1,1,1,1,*,0,0,0,0,0,0,0,0,0,0,0,0,0,0,0,0,0,
5 1,1,1,1,0,*,0,0,0,0,0,0,0,0,0,0,0,0,0,0,0,0,
6 1,1,1,1,0,0,*,0,0,0,0,0,0,0,0,0,0,0,0,0,0,0,
7 1,1,1,1,0,0,0,*,0,0,0,0,0,0,0,0,0,0,0,0,0,0,
8 1,1,1,1,0,0,0,0,*,0,0,0,0,0,0,0,0,0,0,0,0,0,
9 1,1,1,1,0,0,0,0,0,*,0,0,0,0,0,0,0,0,0,0,0,0,
10 1,1,1,1,0,0,0,0,0,0,*,0,0,0,0,0,0,0,0,0,0,0,
11 1,1,1,1,0,0,0,0,0,0,0,*,0,0,0,0,0,0,0,0,0,0,
12 1,1,1,1,0,0,0,0,0,0,0,0,*,0,0,0,0,0,0,0,0,0,
13 1,1,1,1,0,0,0,0,0,0,0,0,0,*,0,0,0,0,0,0,0,0,
14 1,1,1,1,0,0,0,0,0,0,0,0,0,0,*,0,0,0,0,0,0,0,
15 1,1,1,1,0,0,0,0,0,0,0,0,0,0,0,*,0,0,0,0,0,0,
16 1,1,1,1,0,0,0,0,0,0,0,0,0,0,0,0,*,0,0,0,0,0,
17 1,1,1,1,0,0,0,0,0,0,0,0,0,0,0,0,0,*,0,0,0,0,
18 1,1,1,1,0,0,0,0,0,0,0,0,0,0,0,0,0,0,*,0,0,0,
19 1,1,1,1,0,0,0,0,0,0,0,0,0,0,0,0,0,0,0,*,0,0,
20 0,0,0,0,0,0,0,0,0,0,0,0,0,0,0,0,0,0,0,0,*,0,
21 0,0,0,0,0,0,0,0,0,0,0,0,0,0,0,0,0,0,0,0,0,*,
k=85
t=500

  0,1,2,3,4,5,6,7,8,9,10,11,12,13,14,15,16,17,18,19,20,21,
0 *,0,0,0,0,0,0,0,0,0,0,0,0,0,0,0,0,0,0,0,0,0,
1 0,*,0,0,0,0,0,0,0,0,0,0,0,0,0,0,0,0,0,0,0,0,
2 0,0,*,0,0,0,0,0,0,0,0,0,0,0,0,0,0,0,0,0,1,1,
3 0,0,0,*,0,0,0,0,0,0,0,0,0,0,0,0,0,0,0,0,1,1,
4 1,1,1,1,*,0,0,0,0,0,0,0,0,0,0,0,0,0,0,0,0,0,
5 1,1,1,1,0,*,0,0,0,0,0,0,0,0,0,0,0,0,0,0,0,0,
6 1,1,1,1,0,0,*,0,0,0,0,0,0,0,0,0,0,0,0,0,0,0,
7 1,1,1,1,0,0,0,*,0,0,0,0,0,0,0,0,0,0,0,0,0,0,
8 1,1,1,1,0,0,0,0,*,0,0,0,0,0,0,0,0,0,0,0,0,0,
9 1,1,1,1,0,0,0,0,0,*,0,0,0,0,0,0,0,0,0,0,0,0,
10 1,1,1,1,0,0,0,0,0,0,*,0,0,0,0,0,0,0,0,0,0,0,
11 1,1,1,1,0,0,0,0,0,0,0,*,0,0,0,0,0,0,0,0,0,0,
12 1,1,1,1,0,0,0,0,0,0,0,0,*,0,0,0,0,0,0,0,0,0,
13 1,1,1,1,0,0,0,0,0,0,0,0,0,*,0,0,0,0,0,0,0,0,
14 1,1,1,1,0,0,0,0,0,0,0,0,0,0,*,0,0,0,0,0,0,0,
15 1,1,1,1,0,0,0,0,0,0,0,0,0,0,0,*,0,0,0,0,0,0,
16 1,1,1,1,0,0,0,0,0,0,0,0,0,0,0,0,*,0,0,0,0,0,
17 1,1,1,1,0,0,0,0,0,0,0,0,0,0,0,0,0,*,0,0,0,0,
18 1,1,1,1,0,0,0,0,0,0,0,0,0,0,0,0,0,0,*,0,0,0,
19 1,1,1,1,0,0,0,0,0,0,0,0,0,0,0,0,0,0,0,*,0,0,
20 0,0,0,0,0,0,0,0,0,0,0,0,0,0,0,0,0,0,0,0,*,0,
21 0,0,0,0,0,0,0,0,0,0,0,0,0,0,0,0,0,0,0,0,0,*,
k=86
t=400

  0,1,2,3,4,5,6,7,8,9,10,11,12,13,14,15,16,17,18,19,20,21,
0 *,0,0,0,0,0,0,0,0,0,0,0,0,0,0,0,0,0,0,0,0,0,
1 0,*,0,0,0,0,0,0,0,0,0,0,0,0,0,0,0,0,0,0,0,0,
2 0,0,*,0,0,0,0,0,0,0,0,0,0,0,0,0,0,0,0,0,1,1,
3 0,0,0,*,0,0,0,0,0,0,0,0,0,0,0,0,0,0,0,0,1,1,
4 1,1,1,1,*,0,0,0,0,0,0,0,0,0,0,0,0,0,0,0,0,0,
5 1,1,1,1,0,*,0,0,0,0,0,0,0,0,0,0,0,0,0,0,0,0,
6 1,1,1,1,0,0,*,0,0,0,0,0,0,0,0,0,0,0,0,0,0,0,
7 1,1,1,1,0,0,0,*,0,0,0,0,0,0,0,0,0,0,0,0,0,0,
8 1,1,1,1,0,0,0,0,*,0,0,0,0,0,0,0,0,0,0,0,0,0,
9 0,0,0,0,0,0,0,0,0,*,0,0,0,0,0,0,0,0,0,0,0,0,
10 1,1,1,1,0,0,0,0,0,0,*,0,0,0,0,0,0,0,0,0,0,0,
11 1,1,1,1,0,0,0,0,0,0,0,*,0,0,0,0,0,0,0,0,0,0,
12 1,1,1,1,0,0,0,0,0,0,0,0,*,0,0,0,0,0,0,0,0,0,
13 1,1,1,1,0,0,0,0,0,0,0,0,0,*,0,0,0,0,0,0,0,0,
14 1,1,1,1,0,0,0,0,0,0,0,0,0,0,*,0,0,0,0,0,0,0,
15 1,1,1,1,0,0,0,0,0,0,0,0,0,0,0,*,0,0,0,0,0,0,
16 1,1,1,1,0,0,0,0,0,0,0,0,0,0,0,0,*,0,0,0,0,0,
17 1,1,1,1,0,0,0,0,0,0,0,0,0,0,0,0,0,*,0,0,0,0,
18 1,1,1,1,0,0,0,0,0,0,0,0,0,0,0,0,0,0,*,0,0,0,
19 0,0,0,0,0,0,0,0,0,0,0,0,0,0,0,0,0,0,0,*,0,0,
20 0,0,0,0,0,0,0,0,0,0,0,0,0,0,0,0,0,0,0,0,*,0,
21 0,0,0,0,0,0,0,0,0,0,0,0,0,0,0,0,0,0,0,0,0,*,
k=87
t=200

  0,1,2,3,4,5,6,7,8,9,10,11,12,13,14,15,16,17,18,19,20,21,
0 *,0,0,0,0,0,0,0,0,0,0,0,0,0,0,0,0,0,0,0,0,0,
1 0,*,0,0,0,0,0,0,0,0,0,0,0,0,0,0,0,0,0,0,0,0,
2 0,0,*,0,0,0,0,0,0,0,0,0,0,0,0,0,0,0,0,0,0,1,
3 0,0,0,*,0,0,0,0,0,0,0,0,0,0,0,0,0,0,0,0,0,1,
4 1,1,1,1,*,0,0,0,0,0,0,0,0,0,0,0,0,0,0,0,0,0,
5 1,1,1,1,0,*,0,0,0,0,0,0,0,0,0,0,0,0,0,0,0,0,
6 1,1,1,1,0,0,*,0,0,0,0,0,0,0,0,0,0,0,0,0,0,0,
7 1,1,1,1,0,0,0,*,0,0,0,0,0,0,0,0,0,0,0,0,0,0,
8 1,1,1,1,0,0,0,0,*,0,0,0,0,0,0,0,0,0,0,0,0,0,
9 0,0,0,0,0,0,0,0,0,*,0,0,0,0,0,0,0,0,0,0,0,0,
10 1,1,1,1,0,0,0,0,0,0,*,0,0,0,0,0,0,0,0,0,0,0,
11 1,1,1,1,0,0,0,0,0,0,0,*,0,0,0,0,0,0,0,0,0,0,
12 1,1,1,1,0,0,0,0,0,0,0,0,*,0,0,0,0,0,0,0,0,0,
13 1,1,1,1,0,0,0,0,0,0,0,0,0,*,0,0,0,0,0,0,0,0,
14 1,1,1,1,0,0,0,0,0,0,0,0,0,0,*,0,0,0,0,0,0,0,
15 1,1,1,1,0,0,0,0,0,0,0,0,0,0,0,*,0,0,0,0,0,0,
16 1,1,1,1,0,0,0,0,0,0,0,0,0,0,0,0,*,0,0,0,0,0,
17 1,1,1,1,0,0,0,0,0,0,0,0,0,0,0,0,0,*,0,0,0,0,
18 1,1,1,1,0,0,0,0,0,0,0,0,0,0,0,0,0,0,*,0,0,0,
19 0,0,0,0,0,0,0,0,0,0,0,0,0,0,0,0,0,0,0,*,0,0,
20 0,0,0,0,0,0,0,0,0,0,0,0,0,0,0,0,0,0,0,0,*,0,
21 0,0,0,0,0,0,0,0,0,0,0,0,0,0,0,0,0,0,0,0,0,*,
k=88
t=600

  0,1,2,3,4,5,6,7,8,9,10,11,12,13,14,15,16,17,18,19,20,21,
0 *,0,0,0,0,0,0,0,0,0,0,0,0,0,0,0,0,0,0,0,1,0,
1 0,*,0,0,0,0,0,0,0,0,0,0,0,0,0,0,0,0,0,0,1,0,
2 0,0,*,0,0,0,0,0,0,0,0,0,0,0,0,0,0,0,0,0,0,1,
3 0,0,0,*,0,0,0,0,0,0,0,0,0,0,0,0,0,0,0,0,0,1,
4 1,1,1,1,*,0,0,0,0,0,0,0,0,0,0,0,0,0,0,0,0,0,
5 1,1,1,1,0,*,0,0,0,0,0,0,0,0,0,0,0,0,0,0,0,0,
6 1,1,1,1,0,0,*,0,0,0,0,0,0,0,0,0,0,0,0,0,0,0,
7 1,1,1,1,0,0,0,*,0,0,0,0,0,0,0,0,0,0,0,0,0,0,
8 1,1,1,1,0,0,0,0,*,0,0,0,0,0,0,0,0,0,0,0,0,0,
9 0,0,0,0,0,0,0,0,0,*,0,0,0,0,0,0,0,0,0,0,0,0,
10 1,1,1,1,0,0,0,0,0,0,*,0,0,0,0,0,0,0,0,0,0,0,
11 1,1,1,1,0,0,0,0,0,0,0,*,0,0,0,0,0,0,0,0,0,0,
12 1,1,1,1,0,0,0,0,0,0,0,0,*,0,0,0,0,0,0,0,0,0,
13 1,1,1,1,0,0,0,0,0,0,0,0,0,*,0,0,0,0,0,0,0,0,
14 1,1,1,1,0,0,0,0,0,0,0,0,0,0,*,0,0,0,0,0,0,0,
15 1,1,1,1,0,0,0,0,0,0,0,0,0,0,0,*,0,0,0,0,0,0,
16 1,1,1,1,0,0,0,0,0,0,0,0,0,0,0,0,*,0,0,0,0,0,
17 1,1,1,1,0,0,0,0,0,0,0,0,0,0,0,0,0,*,0,0,0,0,
18 1,1,1,1,0,0,0,0,0,0,0,0,0,0,0,0,0,0,*,0,0,0,
19 0,0,0,0,0,0,0,0,0,0,0,0,0,0,0,0,0,0,0,*,0,0,
20 0,0,0,0,0,0,0,0,0,0,0,0,0,0,0,0,0,0,0,0,*,0,
21 0,0,0,0,0,0,0,0,0,0,0,0,0,0,0,0,0,0,0,0,0,*,
k=89
t=400

  0,1,2,3,4,5,6,7,8,9,10,11,12,13,14,15,16,17,18,19,20,21,
0 *,0,0,0,0,0,0,0,0,0,0,0,0,0,0,0,0,0,0,0,1,0,
1 0,*,0,0,0,0,0,0,0,0,0,0,0,0,0,0,0,0,0,0,1,0,
2 0,0,*,0,0,0,0,0,0,0,0,0,0,0,0,0,0,0,0,0,0,1,
3 0,0,0,*,0,0,0,0,0,0,0,0,0,0,0,0,0,0,0,0,0,1,
4 1,1,1,1,*,0,0,0,0,0,0,0,0,0,0,0,0,0,0,0,0,0,
5 1,1,1,1,0,*,0,0,0,0,0,0,0,0,0,0,0,0,0,0,0,0,
6 1,1,1,1,0,0,*,0,0,0,0,0,0,0,0,0,0,0,0,0,0,0,
7 1,1,1,1,0,0,0,*,0,0,0,0,0,0,0,0,0,0,0,0,0,0,
8 1,1,1,1,0,0,0,0,*,0,0,0,0,0,0,0,0,0,0,0,0,0,
9 0,0,0,0,0,0,0,0,0,*,0,0,0,0,0,0,0,0,0,0,0,0,
10 1,1,1,1,0,0,0,0,0,0,*,0,0,0,0,0,0,0,0,0,0,0,
11 1,1,1,1,0,0,0,0,0,0,0,*,0,0,0,0,0,0,0,0,0,0,
12 1,1,1,1,0,0,0,0,0,0,0,0,*,0,0,0,0,0,0,0,0,0,
13 1,1,1,1,0,0,0,0,0,0,0,0,0,*,0,0,0,0,0,0,0,0,
14 1,1,1,1,0,0,0,0,0,0,0,0,0,0,*,0,0,0,0,0,0,0,
15 1,1,1,1,0,0,0,0,0,0,0,0,0,0,0,*,0,0,0,0,0,0,
16 1,1,1,1,0,0,0,0,0,0,0,0,0,0,0,0,*,0,0,0,0,0,
17 1,1,1,1,0,0,0,0,0,0,0,0,0,0,0,0,0,*,0,0,0,0,
18 1,1,1,1,0,0,0,0,0,0,0,0,0,0,0,0,0,0,*,0,0,0,
19 0,0,0,0,0,0,0,0,0,0,0,0,0,0,0,0,0,0,0,*,0,0,
20 0,0,0,0,0,0,0,0,0,0,0,0,0,0,0,0,0,0,0,0,*,0,
21 0,0,0,0,0,0,0,0,0,0,0,0,0,0,0,0,0,0,0,0,0,*,
k=90
t=300

  0,1,2,3,4,5,6,7,8,9,10,11,12,13,14,15,16,17,18,19,20,21,
0 *,0,0,0,0,0,0,0,0,0,0,0,0,0,0,0,0,0,0,0,1,0,
1 0,*,0,0,0,0,0,0,0,0,0,0,0,0,0,0,0,0,0,0,1,0,
2 0,0,*,0,0,0,0,0,0,0,0,0,0,0,0,0,0,0,0,0,0,0,
3 0,0,0,*,0,0,0,0,0,0,0,0,0,0,0,0,0,0,0,0,0,0,
4 1,1,1,1,*,0,0,0,0,0,0,0,0,0,0,0,0,0,0,0,0,0,
5 1,1,1,1,0,*,0,0,0,0,0,0,0,0,0,0,0,0,0,0,0,0,
6 1,1,1,1,0,0,*,0,0,0,0,0,0,0,0,0,0,0,0,0,0,0,
7 1,1,1,1,0,0,0,*,0,0,0,0,0,0,0,0,0,0,0,0,0,0,
8 1,1,1,1,0,0,0,0,*,0,0,0,0,0,0,0,0,0,0,0,0,0,
9 0,0,0,0,0,0,0,0,0,*,0,0,0,0,0,0,0,0,0,0,0,0,
10 1,1,1,1,0,0,0,0,0,0,*,0,0,0,0,0,0,0,0,0,0,0,
11 1,1,1,1,0,0,0,0,0,0,0,*,0,0,0,0,0,0,0,0,0,0,
12 1,1,1,1,0,0,0,0,0,0,0,0,*,0,0,0,0,0,0,0,0,0,
13 1,1,1,1,0,0,0,0,0,0,0,0,0,*,0,0,0,0,0,0,0,0,
14 1,1,1,1,0,0,0,0,0,0,0,0,0,0,*,0,0,0,0,0,0,0,
15 1,1,1,1,0,0,0,0,0,0,0,0,0,0,0,*,0,0,0,0,0,0,
16 1,1,1,1,0,0,0,0,0,0,0,0,0,0,0,0,*,0,0,0,0,0,
17 1,1,1,1,0,0,0,0,0,0,0,0,0,0,0,0,0,*,0,0,0,0,
18 1,1,1,1,0,0,0,0,0,0,0,0,0,0,0,0,0,0,*,0,0,0,
19 0,0,0,0,0,0,0,0,0,0,0,0,0,0,0,0,0,0,0,*,0,0,
20 0,0,0,0,0,0,0,0,0,0,0,0,0,0,0,0,0,0,0,0,*,0,
21 0,0,0,0,0,0,0,0,0,0,0,0,0,0,0,0,0,0,0,0,0,*,
k=91
t=600

  0,1,2,3,4,5,6,7,8,9,10,11,12,13,14,15,16,17,18,19,20,21,
0 *,0,0,0,0,0,0,0,0,0,0,0,0,0,0,0,0,0,0,0,1,0,
1 0,*,0,0,0,0,0,0,0,0,0,0,0,0,0,0,0,0,0,0,1,0,
2 0,0,*,0,0,0,0,0,0,0,0,0,0,0,0,0,0,0,0,0,0,0,
3 0,0,0,*,0,0,0,0,0,0,0,0,0,0,0,0,0,0,0,0,0,0,
4 1,1,1,1,*,0,0,0,0,0,0,0,0,0,0,0,0,0,0,0,0,0,
5 1,1,1,1,0,*,0,0,0,0,0,0,0,0,0,0,0,0,0,0,0,0,
6 1,1,1,1,0,0,*,0,0,0,0,0,0,0,0,0,0,0,0,0,0,0,
7 1,1,1,1,0,0,0,*,0,0,0,0,0,0,0,0,0,0,0,0,0,0,
8 1,1,1,1,0,0,0,0,*,0,0,0,0,0,0,0,0,0,0,0,0,0,
9 0,0,0,0,0,0,0,0,0,*,0,0,0,0,0,0,0,0,0,0,0,0,
10 1,1,1,1,0,0,0,0,0,0,*,0,0,0,0,0,0,0,0,0,0,0,
11 1,1,1,1,0,0,0,0,0,0,0,*,0,0,0,0,0,0,0,0,0,0,
12 1,1,1,1,0,0,0,0,0,0,0,0,*,0,0,0,0,0,0,0,0,0,
13 1,1,1,1,0,0,0,0,0,0,0,0,0,*,0,0,0,0,0,0,0,0,
14 1,1,1,1,0,0,0,0,0,0,0,0,0,0,*,0,0,0,0,0,0,0,
15 1,1,1,1,0,0,0,0,0,0,0,0,0,0,0,*,0,0,0,0,0,0,
16 1,1,1,1,0,0,0,0,0,0,0,0,0,0,0,0,*,0,0,0,0,0,
17 1,1,1,1,0,0,0,0,0,0,0,0,0,0,0,0,0,*,0,0,0,0,
18 1,1,1,1,0,0,0,0,0,0,0,0,0,0,0,0,0,0,*,0,0,0,
19 0,0,0,0,0,0,0,0,0,0,0,0,0,0,0,0,0,0,0,*,0,0,
20 0,0,0,0,0,0,0,0,0,0,0,0,0,0,0,0,0,0,0,0,*,0,
21 0,0,0,0,0,0,0,0,0,0,0,0,0,0,0,0,0,0,0,0,0,*,
k=92
t=200

  0,1,2,3,4,5,6,7,8,9,10,11,12,13,14,15,16,17,18,19,20,21,
0 *,0,0,0,0,0,0,0,0,0,0,0,0,0,0,0,0,0,0,0,1,0,
1 0,*,0,0,0,0,0,0,0,0,0,0,0,0,0,0,0,0,0,0,1,0,
2 0,0,*,0,0,0,0,0,0,0,0,0,0,0,0,0,0,0,0,0,0,0,
3 0,0,0,*,0,0,0,0,0,0,0,0,0,0,0,0,0,0,0,0,0,0,
4 1,1,1,1,*,0,0,0,0,0,0,0,0,0,0,0,0,0,0,0,0,0,
5 1,1,1,1,0,*,0,0,0,0,0,0,0,0,0,0,0,0,0,0,0,0,
6 1,1,1,1,0,0,*,0,0,0,0,0,0,0,0,0,0,0,0,0,0,0,
7 1,1,1,1,0,0,0,*,0,0,0,0,0,0,0,0,0,0,0,0,0,0,
8 1,1,1,1,0,0,0,0,*,0,0,0,0,0,0,0,0,0,0,0,0,0,
9 1,1,1,1,0,0,0,0,0,*,0,0,0,0,0,0,0,0,0,0,0,0,
10 1,1,1,1,0,0,0,0,0,0,*,0,0,0,0,0,0,0,0,0,0,0,
11 1,1,1,1,0,0,0,0,0,0,0,*,0,0,0,0,0,0,0,0,0,0,
12 1,1,1,1,0,0,0,0,0,0,0,0,*,0,0,0,0,0,0,0,0,0,
13 1,1,1,1,0,0,0,0,0,0,0,0,0,*,0,0,0,0,0,0,0,0,
14 1,1,1,1,0,0,0,0,0,0,0,0,0,0,*,0,0,0,0,0,0,0,
15 1,1,1,1,0,0,0,0,0,0,0,0,0,0,0,*,0,0,0,0,0,0,
16 1,1,1,1,0,0,0,0,0,0,0,0,0,0,0,0,*,0,0,0,0,0,
17 1,1,1,1,0,0,0,0,0,0,0,0,0,0,0,0,0,*,0,0,0,0,
18 1,1,1,1,0,0,0,0,0,0,0,0,0,0,0,0,0,0,*,0,0,0,
19 1,1,1,1,0,0,0,0,0,0,0,0,0,0,0,0,0,0,0,*,0,0,
20 0,0,0,0,0,0,0,0,0,0,0,0,0,0,0,0,0,0,0,0,*,0,
21 0,0,0,0,0,0,0,0,0,0,0,0,0,0,0,0,0,0,0,0,0,*,
k=93
t=600

  0,1,2,3,4,5,6,7,8,9,10,11,12,13,14,15,16,17,18,19,20,21,
0 *,0,0,0,0,0,0,0,0,0,0,0,0,0,0,0,0,0,0,0,1,0,
1 0,*,0,0,0,0,0,0,0,0,0,0,0,0,0,0,0,0,0,0,1,0,
2 0,0,*,0,0,0,0,0,0,0,0,0,0,0,0,0,0,0,0,0,0,0,
3 0,0,0,*,0,0,0,0,0,0,0,0,0,0,0,0,0,0,0,0,0,0,
4 1,1,1,1,*,0,0,0,0,0,0,0,0,0,0,0,0,0,0,0,0,0,
5 1,1,1,1,0,*,0,0,0,0,0,0,0,0,0,0,0,0,0,0,0,0,
6 1,1,1,1,0,0,*,0,0,0,0,0,0,0,0,0,0,0,0,0,0,0,
7 1,1,1,1,0,0,0,*,0,0,0,0,0,0,0,0,0,0,0,0,0,0,
8 1,1,1,1,0,0,0,0,*,0,0,0,0,0,0,0,0,0,0,0,0,0,
9 1,1,1,1,0,0,0,0,0,*,0,0,0,0,0,0,0,0,0,0,0,0,
10 1,1,1,1,0,0,0,0,0,0,*,0,0,0,0,0,0,0,0,0,0,0,
11 1,1,1,1,0,0,0,0,0,0,0,*,0,0,0,0,0,0,0,0,0,0,
12 1,1,1,1,0,0,0,0,0,0,0,0,*,0,0,0,0,0,0,0,0,0,
13 1,1,1,1,0,0,0,0,0,0,0,0,0,*,0,0,0,0,0,0,0,0,
14 1,1,1,1,0,0,0,0,0,0,0,0,0,0,*,0,0,0,0,0,0,0,
15 1,1,1,1,0,0,0,0,0,0,0,0,0,0,0,*,0,0,0,0,0,0,
16 1,1,1,1,0,0,0,0,0,0,0,0,0,0,0,0,*,0,0,0,0,0,
17 1,1,1,1,0,0,0,0,0,0,0,0,0,0,0,0,0,*,0,0,0,0,
18 1,1,1,1,0,0,0,0,0,0,0,0,0,0,0,0,0,0,*,0,0,0,
19 1,1,1,1,0,0,0,0,0,0,0,0,0,0,0,0,0,0,0,*,0,0,
20 0,0,0,0,0,0,0,0,0,0,0,0,0,0,0,0,0,0,0,0,*,0,
21 0,0,0,0,0,0,0,0,0,0,0,0,0,0,0,0,0,0,0,0,0,*,
k=94
t=100

  0,1,2,3,4,5,6,7,8,9,10,11,12,13,14,15,16,17,18,19,20,21,
0 *,0,0,0,0,0,0,0,0,0,0,0,0,0,0,0,0,0,0,0,1,0,
1 0,*,0,0,0,0,0,0,0,0,0,0,0,0,0,0,0,0,0,0,1,0,
2 0,0,*,0,0,0,0,0,0,0,0,0,0,0,0,0,0,0,0,0,0,0,
3 0,0,0,*,0,0,0,0,0,0,0,0,0,0,0,0,0,0,0,0,0,0,
4 1,1,1,1,*,0,0,0,0,0,0,0,0,0,0,0,0,0,0,0,0,0,
5 1,1,1,1,0,*,0,0,0,0,0,0,0,0,0,0,0,0,0,0,0,0,
6 1,1,1,1,0,0,*,0,0,0,0,0,0,0,0,0,0,0,0,0,0,0,
7 1,1,1,1,0,0,0,*,0,0,0,0,0,0,0,0,0,0,0,0,0,0,
8 1,1,1,1,0,0,0,0,*,0,0,0,0,0,0,0,0,0,0,0,0,0,
9 1,1,1,1,0,0,0,0,0,*,0,0,0,0,0,0,0,0,0,0,0,0,
10 1,1,1,1,0,0,0,0,0,0,*,0,0,0,0,0,0,0,0,0,0,0,
11 1,1,1,1,0,0,0,0,0,0,0,*,0,0,0,0,0,0,0,0,0,0,
12 1,1,1,1,0,0,0,0,0,0,0,0,*,0,0,0,0,0,0,0,0,0,
13 1,1,1,1,0,0,0,0,0,0,0,0,0,*,0,0,0,0,0,0,0,0,
14 1,1,1,1,0,0,0,0,0,0,0,0,0,0,*,0,0,0,0,0,0,0,
15 1,1,1,1,0,0,0,0,0,0,0,0,0,0,0,*,0,0,0,0,0,0,
16 1,1,1,1,0,0,0,0,0,0,0,0,0,0,0,0,*,0,0,0,0,0,
17 1,1,1,1,0,0,0,0,0,0,0,0,0,0,0,0,0,*,0,0,0,0,
18 1,1,1,1,0,0,0,0,0,0,0,0,0,0,0,0,0,0,*,0,0,0,
19 1,1,1,1,0,0,0,0,0,0,0,0,0,0,0,0,0,0,0,*,0,0,
20 0,0,0,0,0,0,0,0,0,0,0,0,0,0,0,0,0,0,0,0,*,0,
21 0,0,0,0,0,0,0,0,0,0,0,0,0,0,0,0,0,0,0,0,0,*,
k=95
t=600

  0,1,2,3,4,5,6,7,8,9,10,11,12,13,14,15,16,17,18,19,20,21,
0 *,0,0,0,0,0,0,0,0,0,0,0,0,0,0,0,0,0,0,0,1,0,
1 0,*,0,0,0,0,0,0,0,0,0,0,0,0,0,0,0,0,0,0,1,0,
2 0,0,*,0,0,0,0,0,0,0,0,0,0,0,0,0,0,0,0,0,0,0,
3 0,0,0,*,0,0,0,0,0,0,0,0,0,0,0,0,0,0,0,0,0,0,
4 1,1,1,1,*,0,0,0,0,0,0,0,0,0,0,0,0,0,0,0,0,0,
5 1,1,1,1,0,*,0,0,0,0,0,0,0,0,0,0,0,0,0,0,0,0,
6 1,1,1,1,0,0,*,0,0,0,0,0,0,0,0,0,0,0,0,0,0,0,
7 1,1,1,1,0,0,0,*,0,0,0,0,0,0,0,0,0,0,0,0,0,0,
8 1,1,1,1,0,0,0,0,*,0,0,0,0,0,0,0,0,0,0,0,0,0,
9 1,1,1,1,0,0,0,0,0,*,0,0,0,0,0,0,0,0,0,0,0,0,
10 1,1,1,1,0,0,0,0,0,0,*,0,0,0,0,0,0,0,0,0,0,0,
11 1,1,1,1,0,0,0,0,0,0,0,*,0,0,0,0,0,0,0,0,0,0,
12 1,1,1,1,0,0,0,0,0,0,0,0,*,0,0,0,0,0,0,0,0,0,
13 1,1,1,1,0,0,0,0,0,0,0,0,0,*,0,0,0,0,0,0,0,0,
14 1,1,1,1,0,0,0,0,0,0,0,0,0,0,*,0,0,0,0,0,0,0,
15 1,1,1,1,0,0,0,0,0,0,0,0,0,0,0,*,0,0,0,0,0,0,
16 1,1,1,1,0,0,0,0,0,0,0,0,0,0,0,0,*,0,0,0,0,0,
17 1,1,1,1,0,0,0,0,0,0,0,0,0,0,0,0,0,*,0,0,0,0,
18 1,1,1,1,0,0,0,0,0,0,0,0,0,0,0,0,0,0,*,0,0,0,
19 1,1,1,1,0,0,0,0,0,0,0,0,0,0,0,0,0,0,0,*,0,0,
20 0,0,0,0,0,0,0,0,0,0,0,0,0,0,0,0,0,0,0,0,*,0,
21 0,0,0,0,0,0,0,0,0,0,0,0,0,0,0,0,0,0,0,0,0,*,
k=96
t=500

  0,1,2,3,4,5,6,7,8,9,10,11,12,13,14,15,16,17,18,19,20,21,
0 *,0,0,0,0,0,0,0,0,0,0,0,0,0,0,0,0,0,0,0,1,1,
1 0,*,0,0,0,0,0,0,0,0,0,0,0,0,0,0,0,0,0,0,1,1,
2 0,0,*,0,0,0,0,0,0,0,0,0,0,0,0,0,0,0,0,0,0,0,
3 0,0,0,*,0,0,0,0,0,0,0,0,0,0,0,0,0,0,0,0,0,0,
4 1,1,1,1,*,0,0,0,0,0,0,0,0,0,0,0,0,0,0,0,0,0,
5 1,1,1,1,0,*,0,0,0,0,0,0,0,0,0,0,0,0,0,0,0,0,
6 1,1,1,1,0,0,*,0,0,0,0,0,0,0,0,0,0,0,0,0,0,0,
7 1,1,1,1,0,0,0,*,0,0,0,0,0,0,0,0,0,0,0,0,0,0,
8 1,1,1,1,0,0,0,0,*,0,0,0,0,0,0,0,0,0,0,0,0,0,
9 1,1,1,1,0,0,0,0,0,*,0,0,0,0,0,0,0,0,0,0,0,0,
10 1,1,1,1,0,0,0,0,0,0,*,0,0,0,0,0,0,0,0,0,0,0,
11 1,1,1,1,0,0,0,0,0,0,0,*,0,0,0,0,0,0,0,0,0,0,
12 1,1,1,1,0,0,0,0,0,0,0,0,*,0,0,0,0,0,0,0,0,0,
13 1,1,1,1,0,0,0,0,0,0,0,0,0,*,0,0,0,0,0,0,0,0,
14 1,1,1,1,0,0,0,0,0,0,0,0,0,0,*,0,0,0,0,0,0,0,
15 1,1,1,1,0,0,0,0,0,0,0,0,0,0,0,*,0,0,0,0,0,0,
16 1,1,1,1,0,0,0,0,0,0,0,0,0,0,0,0,*,0,0,0,0,0,
17 1,1,1,1,0,0,0,0,0,0,0,0,0,0,0,0,0,*,0,0,0,0,
18 1,1,1,1,0,0,0,0,0,0,0,0,0,0,0,0,0,0,*,0,0,0,
19 1,1,1,1,0,0,0,0,0,0,0,0,0,0,0,0,0,0,0,*,0,0,
20 0,0,0,0,0,0,0,0,0,0,0,0,0,0,0,0,0,0,0,0,*,0,
21 0,0,0,0,0,0,0,0,0,0,0,0,0,0,0,0,0,0,0,0,0,*,
k=97
t=200

  0,1,2,3,4,5,6,7,8,9,10,11,12,13,14,15,16,17,18,19,20,21,
0 *,0,0,0,0,0,0,0,0,0,0,0,0,0,0,0,0,0,0,0,1,1,
1 0,*,0,0,0,0,0,0,0,0,0,0,0,0,0,0,0,0,0,0,1,1,
2 0,0,*,0,0,0,0,0,0,0,0,0,0,0,0,0,0,0,0,0,0,0,
3 0,0,0,*,0,0,0,0,0,0,0,0,0,0,0,0,0,0,0,0,0,0,
4 1,1,1,1,*,0,0,0,0,0,0,0,0,0,0,0,0,0,0,0,0,0,
5 1,1,1,1,0,*,0,0,0,0,0,0,0,0,0,0,0,0,0,0,0,0,
6 1,1,1,1,0,0,*,0,0,0,0,0,0,0,0,0,0,0,0,0,0,0,
7 1,1,1,1,0,0,0,*,0,0,0,0,0,0,0,0,0,0,0,0,0,0,
8 1,1,1,1,0,0,0,0,*,0,0,0,0,0,0,0,0,0,0,0,0,0,
9 1,1,1,1,0,0,0,0,0,*,0,0,0,0,0,0,0,0,0,0,0,0,
10 1,1,1,1,0,0,0,0,0,0,*,0,0,0,0,0,0,0,0,0,0,0,
11 1,1,1,1,0,0,0,0,0,0,0,*,0,0,0,0,0,0,0,0,0,0,
12 1,1,1,1,0,0,0,0,0,0,0,0,*,0,0,0,0,0,0,0,0,0,
13 1,1,1,1,0,0,0,0,0,0,0,0,0,*,0,0,0,0,0,0,0,0,
14 1,1,1,1,0,0,0,0,0,0,0,0,0,0,*,0,0,0,0,0,0,0,
15 1,1,1,1,0,0,0,0,0,0,0,0,0,0,0,*,0,0,0,0,0,0,
16 1,1,1,1,0,0,0,0,0,0,0,0,0,0,0,0,*,0,0,0,0,0,
17 1,1,1,1,0,0,0,0,0,0,0,0,0,0,0,0,0,*,0,0,0,0,
18 1,1,1,1,0,0,0,0,0,0,0,0,0,0,0,0,0,0,*,0,0,0,
19 1,1,1,1,0,0,0,0,0,0,0,0,0,0,0,0,0,0,0,*,0,0,
20 0,0,0,0,0,0,0,0,0,0,0,0,0,0,0,0,0,0,0,0,*,0,
21 0,0,0,0,0,0,0,0,0,0,0,0,0,0,0,0,0,0,0,0,0,*,
k=98
t=400

  0,1,2,3,4,5,6,7,8,9,10,11,12,13,14,15,16,17,18,19,20,21,
0 *,0,0,0,0,0,0,0,0,0,0,0,0,0,0,0,0,0,0,0,1,1,
1 0,*,0,0,0,0,0,0,0,0,0,0,0,0,0,0,0,0,0,0,1,1,
2 0,0,*,0,0,0,0,0,0,0,0,0,0,0,0,0,0,0,0,0,0,0,
3 0,0,0,*,0,0,0,0,0,0,0,0,0,0,0,0,0,0,0,0,0,0,
4 1,1,1,1,*,0,0,0,0,0,0,0,0,0,0,0,0,0,0,0,0,0,
5 1,1,1,1,0,*,0,0,0,0,0,0,0,0,0,0,0,0,0,0,0,0,
6 1,1,1,1,0,0,*,0,0,0,0,0,0,0,0,0,0,0,0,0,0,0,
7 1,1,1,1,0,0,0,*,0,0,0,0,0,0,0,0,0,0,0,0,0,0,
8 1,1,1,1,0,0,0,0,*,0,0,0,0,0,0,0,0,0,0,0,0,0,
9 1,1,1,1,0,0,0,0,0,*,0,0,0,0,0,0,0,0,0,0,0,0,
10 1,1,1,1,0,0,0,0,0,0,*,0,0,0,0,0,0,0,0,0,0,0,
11 1,1,1,1,0,0,0,0,0,0,0,*,0,0,0,0,0,0,0,0,0,0,
12 1,1,1,1,0,0,0,0,0,0,0,0,*,0,0,0,0,0,0,0,0,0,
13 1,1,1,1,0,0,0,0,0,0,0,0,0,*,0,0,0,0,0,0,0,0,
14 1,1,1,1,0,0,0,0,0,0,0,0,0,0,*,0,0,0,0,0,0,0,
15 1,1,1,1,0,0,0,0,0,0,0,0,0,0,0,*,0,0,0,0,0,0,
16 1,1,1,1,0,0,0,0,0,0,0,0,0,0,0,0,*,0,0,0,0,0,
17 1,1,1,1,0,0,0,0,0,0,0,0,0,0,0,0,0,*,0,0,0,0,
18 0,0,0,0,0,0,0,0,0,0,0,0,0,0,0,0,0,0,*,0,0,0,
19 1,1,1,1,0,0,0,0,0,0,0,0,0,0,0,0,0,0,0,*,0,0,
20 0,0,0,0,0,0,0,0,0,0,0,0,0,0,0,0,0,0,0,0,*,0,
21 0,0,0,0,0,0,0,0,0,0,0,0,0,0,0,0,0,0,0,0,0,*,
k=99
t=100

  0,1,2,3,4,5,6,7,8,9,10,11,12,13,14,15,16,17,18,19,20,21,
0 *,0,0,0,0,0,0,0,0,0,0,0,0,0,0,0,0,0,0,0,1,1,
1 0,*,0,0,0,0,0,0,0,0,0,0,0,0,0,0,0,0,0,0,1,1,
2 0,0,*,0,0,0,0,0,0,0,0,0,0,0,0,0,0,0,0,0,0,0,
3 0,0,0,*,0,0,0,0,0,0,0,0,0,0,0,0,0,0,0,0,0,0,
4 1,1,1,1,*,0,0,0,0,0,0,0,0,0,0,0,0,0,0,0,0,0,
5 1,1,1,1,0,*,0,0,0,0,0,0,0,0,0,0,0,0,0,0,0,0,
6 1,1,1,1,0,0,*,0,0,0,0,0,0,0,0,0,0,0,0,0,0,0,
7 1,1,1,1,0,0,0,*,0,0,0,0,0,0,0,0,0,0,0,0,0,0,
8 0,0,0,0,0,0,0,0,*,0,0,0,0,0,0,0,0,0,0,0,0,0,
9 1,1,1,1,0,0,0,0,0,*,0,0,0,0,0,0,0,0,0,0,0,0,
10 1,1,1,1,0,0,0,0,0,0,*,0,0,0,0,0,0,0,0,0,0,0,
11 1,1,1,1,0,0,0,0,0,0,0,*,0,0,0,0,0,0,0,0,0,0,
12 1,1,1,1,0,0,0,0,0,0,0,0,*,0,0,0,0,0,0,0,0,0,
13 1,1,1,1,0,0,0,0,0,0,0,0,0,*,0,0,0,0,0,0,0,0,
14 1,1,1,1,0,0,0,0,0,0,0,0,0,0,*,0,0,0,0,0,0,0,
15 1,1,1,1,0,0,0,0,0,0,0,0,0,0,0,*,0,0,0,0,0,0,
16 1,1,1,1,0,0,0,0,0,0,0,0,0,0,0,0,*,0,0,0,0,0,
17 1,1,1,1,0,0,0,0,0,0,0,0,0,0,0,0,0,*,0,0,0,0,
18 0,0,0,0,0,0,0,0,0,0,0,0,0,0,0,0,0,0,*,0,0,0,
19 1,1,1,1,0,0,0,0,0,0,0,0,0,0,0,0,0,0,0,*,0,0,
20 0,0,0,0,0,0,0,0,0,0,0,0,0,0,0,0,0,0,0,0,*,0,
21 0,0,0,0,0,0,0,0,0,0,0,0,0,0,0,0,0,0,0,0,0,*,
k=100
t=600

  0,1,2,3,4,5,6,7,8,9,10,11,12,13,14,15,16,17,18,19,20,21,
0 *,0,0,0,0,0,0,0,0,0,0,0,0,0,0,0,0,0,0,0,1,1,
1 0,*,0,0,0,0,0,0,0,0,0,0,0,0,0,0,0,0,0,0,1,1,
2 0,0,*,0,0,0,0,0,0,0,0,0,0,0,0,0,0,0,0,0,0,0,
3 0,0,0,*,0,0,0,0,0,0,0,0,0,0,0,0,0,0,0,0,0,0,
4 1,1,1,1,*,0,0,0,0,0,0,0,0,0,0,0,0,0,0,0,0,0,
5 1,1,1,1,0,*,0,0,0,0,0,0,0,0,0,0,0,0,0,0,0,0,
6 1,1,1,1,0,0,*,0,0,0,0,0,0,0,0,0,0,0,0,0,0,0,
7 1,1,1,1,0,0,0,*,0,0,0,0,0,0,0,0,0,0,0,0,0,0,
8 0,0,0,0,0,0,0,0,*,0,0,0,0,0,0,0,0,0,0,0,0,0,
9 1,1,1,1,0,0,0,0,0,*,0,0,0,0,0,0,0,0,0,0,0,0,
10 1,1,1,1,0,0,0,0,0,0,*,0,0,0,0,0,0,0,0,0,0,0,
11 1,1,1,1,0,0,0,0,0,0,0,*,0,0,0,0,0,0,0,0,0,0,
12 1,1,1,1,0,0,0,0,0,0,0,0,*,0,0,0,0,0,0,0,0,0,
13 1,1,1,1,0,0,0,0,0,0,0,0,0,*,0,0,0,0,0,0,0,0,
14 1,1,1,1,0,0,0,0,0,0,0,0,0,0,*,0,0,0,0,0,0,0,
15 1,1,1,1,0,0,0,0,0,0,0,0,0,0,0,*,0,0,0,0,0,0,
16 1,1,1,1,0,0,0,0,0,0,0,0,0,0,0,0,*,0,0,0,0,0,
17 1,1,1,1,0,0,0,0,0,0,0,0,0,0,0,0,0,*,0,0,0,0,
18 0,0,0,0,0,0,0,0,0,0,0,0,0,0,0,0,0,0,*,0,0,0,
19 1,1,1,1,0,0,0,0,0,0,0,0,0,0,0,0,0,0,0,*,0,0,
20 0,0,0,0,0,0,0,0,0,0,0,0,0,0,0,0,0,0,0,0,*,0,
21 0,0,0,0,0,0,0,0,0,0,0,0,0,0,0,0,0,0,0,0,0,*,
k=101
t=500

  0,1,2,3,4,5,6,7,8,9,10,11,12,13,14,15,16,17,18,19,20,21,
0 *,0,0,0,0,0,0,0,0,0,0,0,0,0,0,0,0,0,0,0,1,1,
1 0,*,0,0,0,0,0,0,0,0,0,0,0,0,0,0,0,0,0,0,1,1,
2 0,0,*,0,0,0,0,0,0,0,0,0,0,0,0,0,0,0,0,0,0,0,
3 0,0,0,*,0,0,0,0,0,0,0,0,0,0,0,0,0,0,0,0,0,0,
4 1,1,1,1,*,0,0,0,0,0,0,0,0,0,0,0,0,0,0,0,0,0,
5 1,1,1,1,0,*,0,0,0,0,0,0,0,0,0,0,0,0,0,0,0,0,
6 1,1,1,1,0,0,*,0,0,0,0,0,0,0,0,0,0,0,0,0,0,0,
7 1,1,1,1,0,0,0,*,0,0,0,0,0,0,0,0,0,0,0,0,0,0,
8 0,0,0,0,0,0,0,0,*,0,0,0,0,0,0,0,0,0,0,0,0,0,
9 1,1,1,1,0,0,0,0,0,*,0,0,0,0,0,0,0,0,0,0,0,0,
10 1,1,1,1,0,0,0,0,0,0,*,0,0,0,0,0,0,0,0,0,0,0,
11 1,1,1,1,0,0,0,0,0,0,0,*,0,0,0,0,0,0,0,0,0,0,
12 1,1,1,1,0,0,0,0,0,0,0,0,*,0,0,0,0,0,0,0,0,0,
13 1,1,1,1,0,0,0,0,0,0,0,0,0,*,0,0,0,0,0,0,0,0,
14 1,1,1,1,0,0,0,0,0,0,0,0,0,0,*,0,0,0,0,0,0,0,
15 1,1,1,1,0,0,0,0,0,0,0,0,0,0,0,*,0,0,0,0,0,0,
16 1,1,1,1,0,0,0,0,0,0,0,0,0,0,0,0,*,0,0,0,0,0,
17 1,1,1,1,0,0,0,0,0,0,0,0,0,0,0,0,0,*,0,0,0,0,
18 0,0,0,0,0,0,0,0,0,0,0,0,0,0,0,0,0,0,*,0,0,0,
19 1,1,1,1,0,0,0,0,0,0,0,0,0,0,0,0,0,0,0,*,0,0,
20 0,0,0,0,0,0,0,0,0,0,0,0,0,0,0,0,0,0,0,0,*,0,
21 0,0,0,0,0,0,0,0,0,0,0,0,0,0,0,0,0,0,0,0,0,*,
k=102
t=300

  0,1,2,3,4,5,6,7,8,9,10,11,12,13,14,15,16,17,18,19,20,21,
0 *,0,0,0,0,0,0,0,0,0,0,0,0,0,0,0,0,0,0,0,1,1,
1 0,*,0,0,0,0,0,0,0,0,0,0,0,0,0,0,0,0,0,0,1,1,
2 0,0,*,0,0,0,0,0,0,0,0,0,0,0,0,0,0,0,0,0,0,0,
3 0,0,0,*,0,0,0,0,0,0,0,0,0,0,0,0,0,0,0,0,0,0,
4 0,0,1,1,*,0,0,0,0,0,0,0,0,0,0,0,0,0,0,0,0,0,
5 0,0,1,1,0,*,0,0,0,0,0,0,0,0,0,0,0,0,0,0,0,0,
6 0,0,1,1,0,0,*,0,0,0,0,0,0,0,0,0,0,0,0,0,0,0,
7 0,0,1,1,0,0,0,*,0,0,0,0,0,0,0,0,0,0,0,0,0,0,
8 0,0,0,0,0,0,0,0,*,0,0,0,0,0,0,0,0,0,0,0,0,0,
9 0,0,1,1,0,0,0,0,0,*,0,0,0,0,0,0,0,0,0,0,0,0,
10 0,0,1,1,0,0,0,0,0,0,*,0,0,0,0,0,0,0,0,0,0,0,
11 0,0,1,1,0,0,0,0,0,0,0,*,0,0,0,0,0,0,0,0,0,0,
12 0,0,1,1,0,0,0,0,0,0,0,0,*,0,0,0,0,0,0,0,0,0,
13 0,0,1,1,0,0,0,0,0,0,0,0,0,*,0,0,0,0,0,0,0,0,
14 0,0,1,1,0,0,0,0,0,0,0,0,0,0,*,0,0,0,0,0,0,0,
15 0,0,1,1,0,0,0,0,0,0,0,0,0,0,0,*,0,0,0,0,0,0,
16 0,0,1,1,0,0,0,0,0,0,0,0,0,0,0,0,*,0,0,0,0,0,
17 0,0,1,1,0,0,0,0,0,0,0,0,0,0,0,0,0,*,0,0,0,0,
18 0,0,0,0,0,0,0,0,0,0,0,0,0,0,0,0,0,0,*,0,0,0,
19 0,0,1,1,0,0,0,0,0,0,0,0,0,0,0,0,0,0,0,*,0,0,
20 0,0,0,0,0,0,0,0,0,0,0,0,0,0,0,0,0,0,0,0,*,0,
21 0,0,0,0,0,0,0,0,0,0,0,0,0,0,0,0,0,0,0,0,0,*,
k=103
t=300

  0,1,2,3,4,5,6,7,8,9,10,11,12,13,14,15,16,17,18,19,20,21,
0 *,0,0,0,0,0,0,0,0,0,0,0,0,0,0,0,0,0,0,0,0,1,
1 0,*,0,0,0,0,0,0,0,0,0,0,0,0,0,0,0,0,0,0,0,1,
2 0,0,*,0,0,0,0,0,0,0,0,0,0,0,0,0,0,0,0,0,0,0,
3 0,0,0,*,0,0,0,0,0,0,0,0,0,0,0,0,0,0,0,0,0,0,
4 0,0,1,1,*,0,0,0,0,0,0,0,0,0,0,0,0,0,0,0,0,0,
5 0,0,1,1,0,*,0,0,0,0,0,0,0,0,0,0,0,0,0,0,0,0,
6 0,0,1,1,0,0,*,0,0,0,0,0,0,0,0,0,0,0,0,0,0,0,
7 0,0,1,1,0,0,0,*,0,0,0,0,0,0,0,0,0,0,0,0,0,0,
8 0,0,0,0,0,0,0,0,*,0,0,0,0,0,0,0,0,0,0,0,0,0,
9 0,0,1,1,0,0,0,0,0,*,0,0,0,0,0,0,0,0,0,0,0,0,
10 0,0,1,1,0,0,0,0,0,0,*,0,0,0,0,0,0,0,0,0,0,0,
11 0,0,1,1,0,0,0,0,0,0,0,*,0,0,0,0,0,0,0,0,0,0,
12 0,0,1,1,0,0,0,0,0,0,0,0,*,0,0,0,0,0,0,0,0,0,
13 0,0,1,1,0,0,0,0,0,0,0,0,0,*,0,0,0,0,0,0,0,0,
14 0,0,1,1,0,0,0,0,0,0,0,0,0,0,*,0,0,0,0,0,0,0,
15 0,0,1,1,0,0,0,0,0,0,0,0,0,0,0,*,0,0,0,0,0,0,
16 0,0,1,1,0,0,0,0,0,0,0,0,0,0,0,0,*,0,0,0,0,0,
17 0,0,1,1,0,0,0,0,0,0,0,0,0,0,0,0,0,*,0,0,0,0,
18 0,0,0,0,0,0,0,0,0,0,0,0,0,0,0,0,0,0,*,0,0,0,
19 0,0,1,1,0,0,0,0,0,0,0,0,0,0,0,0,0,0,0,*,0,0,
20 0,0,0,0,0,0,0,0,0,0,0,0,0,0,0,0,0,0,0,0,*,0,
21 0,0,0,0,0,0,0,0,0,0,0,0,0,0,0,0,0,0,0,0,0,*,
k=104
t=500

  0,1,2,3,4,5,6,7,8,9,10,11,12,13,14,15,16,17,18,19,20,21,
0 *,0,0,0,0,0,0,0,0,0,0,0,0,0,0,0,0,0,0,0,0,1,
1 0,*,0,0,0,0,0,0,0,0,0,0,0,0,0,0,0,0,0,0,0,1,
2 0,0,*,0,0,0,0,0,0,0,0,0,0,0,0,0,0,0,0,0,0,0,
3 0,0,0,*,0,0,0,0,0,0,0,0,0,0,0,0,0,0,0,0,0,0,
4 0,0,1,1,*,0,0,0,0,0,0,0,0,0,0,0,0,0,0,0,0,0,
5 0,0,1,1,0,*,0,0,0,0,0,0,0,0,0,0,0,0,0,0,0,0,
6 0,0,1,1,0,0,*,0,0,0,0,0,0,0,0,0,0,0,0,0,0,0,
7 0,0,1,1,0,0,0,*,0,0,0,0,0,0,0,0,0,0,0,0,0,0,
8 0,0,1,1,0,0,0,0,*,0,0,0,0,0,0,0,0,0,0,0,0,0,
9 0,0,1,1,0,0,0,0,0,*,0,0,0,0,0,0,0,0,0,0,0,0,
10 0,0,1,1,0,0,0,0,0,0,*,0,0,0,0,0,0,0,0,0,0,0,
11 0,0,1,1,0,0,0,0,0,0,0,*,0,0,0,0,0,0,0,0,0,0,
12 0,0,1,1,0,0,0,0,0,0,0,0,*,0,0,0,0,0,0,0,0,0,
13 0,0,1,1,0,0,0,0,0,0,0,0,0,*,0,0,0,0,0,0,0,0,
14 0,0,1,1,0,0,0,0,0,0,0,0,0,0,*,0,0,0,0,0,0,0,
15 0,0,1,1,0,0,0,0,0,0,0,0,0,0,0,*,0,0,0,0,0,0,
16 0,0,1,1,0,0,0,0,0,0,0,0,0,0,0,0,*,0,0,0,0,0,
17 0,0,1,1,0,0,0,0,0,0,0,0,0,0,0,0,0,*,0,0,0,0,
18 0,0,1,1,0,0,0,0,0,0,0,0,0,0,0,0,0,0,*,0,0,0,
19 0,0,1,1,0,0,0,0,0,0,0,0,0,0,0,0,0,0,0,*,0,0,
20 0,0,0,0,0,0,0,0,0,0,0,0,0,0,0,0,0,0,0,0,*,0,
21 0,0,0,0,0,0,0,0,0,0,0,0,0,0,0,0,0,0,0,0,0,*,
k=105
t=600

  0,1,2,3,4,5,6,7,8,9,10,11,12,13,14,15,16,17,18,19,20,21,
0 *,0,0,0,0,0,0,0,0,0,0,0,0,0,0,0,0,0,0,0,0,1,
1 0,*,0,0,0,0,0,0,0,0,0,0,0,0,0,0,0,0,0,0,0,1,
2 0,0,*,0,0,0,0,0,0,0,0,0,0,0,0,0,0,0,0,0,0,0,
3 0,0,0,*,0,0,0,0,0,0,0,0,0,0,0,0,0,0,0,0,0,0,
4 1,1,1,1,*,0,0,0,0,0,0,0,0,0,0,0,0,0,0,0,0,0,
5 1,1,1,1,0,*,0,0,0,0,0,0,0,0,0,0,0,0,0,0,0,0,
6 1,1,1,1,0,0,*,0,0,0,0,0,0,0,0,0,0,0,0,0,0,0,
7 1,1,1,1,0,0,0,*,0,0,0,0,0,0,0,0,0,0,0,0,0,0,
8 1,1,1,1,0,0,0,0,*,0,0,0,0,0,0,0,0,0,0,0,0,0,
9 1,1,1,1,0,0,0,0,0,*,0,0,0,0,0,0,0,0,0,0,0,0,
10 1,1,1,1,0,0,0,0,0,0,*,0,0,0,0,0,0,0,0,0,0,0,
11 1,1,1,1,0,0,0,0,0,0,0,*,0,0,0,0,0,0,0,0,0,0,
12 1,1,1,1,0,0,0,0,0,0,0,0,*,0,0,0,0,0,0,0,0,0,
13 1,1,1,1,0,0,0,0,0,0,0,0,0,*,0,0,0,0,0,0,0,0,
14 1,1,1,1,0,0,0,0,0,0,0,0,0,0,*,0,0,0,0,0,0,0,
15 1,1,1,1,0,0,0,0,0,0,0,0,0,0,0,*,0,0,0,0,0,0,
16 1,1,1,1,0,0,0,0,0,0,0,0,0,0,0,0,*,0,0,0,0,0,
17 1,1,1,1,0,0,0,0,0,0,0,0,0,0,0,0,0,*,0,0,0,0,
18 1,1,1,1,0,0,0,0,0,0,0,0,0,0,0,0,0,0,*,0,0,0,
19 1,1,1,1,0,0,0,0,0,0,0,0,0,0,0,0,0,0,0,*,0,0,
20 0,0,0,0,0,0,0,0,0,0,0,0,0,0,0,0,0,0,0,0,*,0,
21 0,0,0,0,0,0,0,0,0,0,0,0,0,0,0,0,0,0,0,0,0,*,
k=106
t=100

  0,1,2,3,4,5,6,7,8,9,10,11,12,13,14,15,16,17,18,19,20,21,
0 *,0,0,0,0,0,0,0,0,0,0,0,0,0,0,0,0,0,0,0,0,1,
1 0,*,0,0,0,0,0,0,0,0,0,0,0,0,0,0,0,0,0,0,0,1,
2 0,0,*,0,0,0,0,0,0,0,0,0,0,0,0,0,0,0,0,0,0,0,
3 0,0,0,*,0,0,0,0,0,0,0,0,0,0,0,0,0,0,0,0,0,0,
4 1,1,1,1,*,0,0,0,0,0,0,0,0,0,0,0,0,0,0,0,0,0,
5 1,1,1,1,0,*,0,0,0,0,0,0,0,0,0,0,0,0,0,0,0,0,
6 1,1,1,1,0,0,*,0,0,0,0,0,0,0,0,0,0,0,0,0,0,0,
7 1,1,1,1,0,0,0,*,0,0,0,0,0,0,0,0,0,0,0,0,0,0,
8 1,1,1,1,0,0,0,0,*,0,0,0,0,0,0,0,0,0,0,0,0,0,
9 1,1,1,1,0,0,0,0,0,*,0,0,0,0,0,0,0,0,0,0,0,0,
10 1,1,1,1,0,0,0,0,0,0,*,0,0,0,0,0,0,0,0,0,0,0,
11 1,1,1,1,0,0,0,0,0,0,0,*,0,0,0,0,0,0,0,0,0,0,
12 1,1,1,1,0,0,0,0,0,0,0,0,*,0,0,0,0,0,0,0,0,0,
13 1,1,1,1,0,0,0,0,0,0,0,0,0,*,0,0,0,0,0,0,0,0,
14 1,1,1,1,0,0,0,0,0,0,0,0,0,0,*,0,0,0,0,0,0,0,
15 1,1,1,1,0,0,0,0,0,0,0,0,0,0,0,*,0,0,0,0,0,0,
16 1,1,1,1,0,0,0,0,0,0,0,0,0,0,0,0,*,0,0,0,0,0,
17 1,1,1,1,0,0,0,0,0,0,0,0,0,0,0,0,0,*,0,0,0,0,
18 1,1,1,1,0,0,0,0,0,0,0,0,0,0,0,0,0,0,*,0,0,0,
19 1,1,1,1,0,0,0,0,0,0,0,0,0,0,0,0,0,0,0,*,0,0,
20 0,0,0,0,0,0,0,0,0,0,0,0,0,0,0,0,0,0,0,0,*,0,
21 0,0,0,0,0,0,0,0,0,0,0,0,0,0,0,0,0,0,0,0,0,*,
k=107
t=100

  0,1,2,3,4,5,6,7,8,9,10,11,12,13,14,15,16,17,18,19,20,21,
0 *,0,0,0,0,0,0,0,0,0,0,0,0,0,0,0,0,0,0,0,0,1,
1 0,*,0,0,0,0,0,0,0,0,0,0,0,0,0,0,0,0,0,0,0,1,
2 0,0,*,0,0,0,0,0,0,0,0,0,0,0,0,0,0,0,0,0,0,0,
3 0,0,0,*,0,0,0,0,0,0,0,0,0,0,0,0,0,0,0,0,0,0,
4 1,1,1,1,*,0,0,0,0,0,0,0,0,0,0,0,0,0,0,0,1,0,
5 1,1,1,1,0,*,0,0,0,0,0,0,0,0,0,0,0,0,0,0,1,0,
6 1,1,1,1,0,0,*,0,0,0,0,0,0,0,0,0,0,0,0,0,1,0,
7 1,1,1,1,0,0,0,*,0,0,0,0,0,0,0,0,0,0,0,0,1,0,
8 1,1,1,1,0,0,0,0,*,0,0,0,0,0,0,0,0,0,0,0,1,0,
9 1,1,1,1,0,0,0,0,0,*,0,0,0,0,0,0,0,0,0,0,1,0,
10 1,1,1,1,0,0,0,0,0,0,*,0,0,0,0,0,0,0,0,0,1,0,
11 1,1,1,1,0,0,0,0,0,0,0,*,0,0,0,0,0,0,0,0,1,0,
12 1,1,1,1,0,0,0,0,0,0,0,0,*,0,0,0,0,0,0,0,1,0,
13 1,1,1,1,0,0,0,0,0,0,0,0,0,*,0,0,0,0,0,0,1,0,
14 1,1,1,1,0,0,0,0,0,0,0,0,0,0,*,0,0,0,0,0,1,0,
15 1,1,1,1,0,0,0,0,0,0,0,0,0,0,0,*,0,0,0,0,1,0,
16 1,1,1,1,0,0,0,0,0,0,0,0,0,0,0,0,*,0,0,0,1,0,
17 1,1,1,1,0,0,0,0,0,0,0,0,0,0,0,0,0,*,0,0,1,0,
18 1,1,1,1,0,0,0,0,0,0,0,0,0,0,0,0,0,0,*,0,1,0,
19 1,1,1,1,0,0,0,0,0,0,0,0,0,0,0,0,0,0,0,*,1,0,
20 0,0,0,0,0,0,0,0,0,0,0,0,0,0,0,0,0,0,0,0,*,0,
21 0,0,0,0,0,0,0,0,0,0,0,0,0,0,0,0,0,0,0,0,0,*,
k=108
t=600

  0,1,2,3,4,5,6,7,8,9,10,11,12,13,14,15,16,17,18,19,20,21,
0 *,0,0,0,0,0,0,0,0,0,0,0,0,0,0,0,0,0,0,0,0,1,
1 0,*,0,0,0,0,0,0,0,0,0,0,0,0,0,0,0,0,0,0,0,1,
2 0,0,*,0,0,0,0,0,0,0,0,0,0,0,0,0,0,0,0,0,0,0,
3 0,0,0,*,0,0,0,0,0,0,0,0,0,0,0,0,0,0,0,0,0,0,
4 1,1,1,1,*,0,0,0,0,0,0,0,0,0,0,0,0,0,0,0,1,0,
5 1,1,1,1,0,*,0,0,0,0,0,0,0,0,0,0,0,0,0,0,1,0,
6 1,1,1,1,0,0,*,0,0,0,0,0,0,0,0,0,0,0,0,0,1,0,
7 1,1,1,1,0,0,0,*,0,0,0,0,0,0,0,0,0,0,0,0,1,0,
8 1,1,1,1,0,0,0,0,*,0,0,0,0,0,0,0,0,0,0,0,1,0,
9 1,1,1,1,0,0,0,0,0,*,0,0,0,0,0,0,0,0,0,0,1,0,
10 1,1,1,1,0,0,0,0,0,0,*,0,0,0,0,0,0,0,0,0,1,0,
11 1,1,1,1,0,0,0,0,0,0,0,*,0,0,0,0,0,0,0,0,1,0,
12 1,1,1,1,0,0,0,0,0,0,0,0,*,0,0,0,0,0,0,0,1,0,
13 1,1,1,1,0,0,0,0,0,0,0,0,0,*,0,0,0,0,0,0,1,0,
14 1,1,1,1,0,0,0,0,0,0,0,0,0,0,*,0,0,0,0,0,1,0,
15 1,1,1,1,0,0,0,0,0,0,0,0,0,0,0,*,0,0,0,0,1,0,
16 1,1,1,1,0,0,0,0,0,0,0,0,0,0,0,0,*,0,0,0,1,0,
17 1,1,1,1,0,0,0,0,0,0,0,0,0,0,0,0,0,*,0,0,1,0,
18 1,1,1,1,0,0,0,0,0,0,0,0,0,0,0,0,0,0,*,0,1,0,
19 1,1,1,1,0,0,0,0,0,0,0,0,0,0,0,0,0,0,0,*,1,0,
20 0,0,0,0,0,0,0,0,0,0,0,0,0,0,0,0,0,0,0,0,*,0,
21 0,0,0,0,0,0,0,0,0,0,0,0,0,0,0,0,0,0,0,0,0,*,
k=109
t=500

  0,1,2,3,4,5,6,7,8,9,10,11,12,13,14,15,16,17,18,19,20,21,
0 *,0,0,0,0,0,0,0,0,0,0,0,0,0,0,0,0,0,0,0,0,1,
1 0,*,0,0,0,0,0,0,0,0,0,0,0,0,0,0,0,0,0,0,0,1,
2 0,0,*,0,0,0,0,0,0,0,0,0,0,0,0,0,0,0,0,0,1,0,
3 0,0,0,*,0,0,0,0,0,0,0,0,0,0,0,0,0,0,0,0,1,0,
4 1,1,1,1,*,0,0,0,0,0,0,0,0,0,0,0,0,0,0,0,1,0,
5 1,1,1,1,0,*,0,0,0,0,0,0,0,0,0,0,0,0,0,0,1,0,
6 1,1,1,1,0,0,*,0,0,0,0,0,0,0,0,0,0,0,0,0,1,0,
7 1,1,1,1,0,0,0,*,0,0,0,0,0,0,0,0,0,0,0,0,1,0,
8 1,1,1,1,0,0,0,0,*,0,0,0,0,0,0,0,0,0,0,0,1,0,
9 1,1,1,1,0,0,0,0,0,*,0,0,0,0,0,0,0,0,0,0,1,0,
10 1,1,1,1,0,0,0,0,0,0,*,0,0,0,0,0,0,0,0,0,1,0,
11 1,1,1,1,0,0,0,0,0,0,0,*,0,0,0,0,0,0,0,0,1,0,
12 1,1,1,1,0,0,0,0,0,0,0,0,*,0,0,0,0,0,0,0,1,0,
13 1,1,1,1,0,0,0,0,0,0,0,0,0,*,0,0,0,0,0,0,1,0,
14 1,1,1,1,0,0,0,0,0,0,0,0,0,0,*,0,0,0,0,0,1,0,
15 1,1,1,1,0,0,0,0,0,0,0,0,0,0,0,*,0,0,0,0,1,0,
16 1,1,1,1,0,0,0,0,0,0,0,0,0,0,0,0,*,0,0,0,1,0,
17 1,1,1,1,0,0,0,0,0,0,0,0,0,0,0,0,0,*,0,0,1,0,
18 1,1,1,1,0,0,0,0,0,0,0,0,0,0,0,0,0,0,*,0,1,0,
19 1,1,1,1,0,0,0,0,0,0,0,0,0,0,0,0,0,0,0,*,1,0,
20 0,0,0,0,0,0,0,0,0,0,0,0,0,0,0,0,0,0,0,0,*,0,
21 0,0,0,0,0,0,0,0,0,0,0,0,0,0,0,0,0,0,0,0,0,*,
k=110
t=100

  0,1,2,3,4,5,6,7,8,9,10,11,12,13,14,15,16,17,18,19,20,21,
0 *,0,0,0,0,0,0,0,0,0,0,0,0,0,0,0,0,0,0,0,0,1,
1 0,*,0,0,0,0,0,0,0,0,0,0,0,0,0,0,0,0,0,0,0,1,
2 0,0,*,0,0,0,0,0,0,0,0,0,0,0,0,0,0,0,0,0,1,0,
3 0,0,0,*,0,0,0,0,0,0,0,0,0,0,0,0,0,0,0,0,1,0,
4 1,1,1,1,*,0,0,0,0,0,0,0,0,0,0,0,0,0,0,0,1,0,
5 1,1,1,1,0,*,0,0,0,0,0,0,0,0,0,0,0,0,0,0,1,0,
6 1,1,1,1,0,0,*,0,0,0,0,0,0,0,0,0,0,0,0,0,1,0,
7 1,1,1,1,0,0,0,*,0,0,0,0,0,0,0,0,0,0,0,0,1,0,
8 1,1,1,1,0,0,0,0,*,0,0,0,0,0,0,0,0,0,0,0,1,0,
9 1,1,1,1,0,0,0,0,0,*,0,0,0,0,0,0,0,0,0,0,1,0,
10 1,1,1,1,0,0,0,0,0,0,*,0,0,0,0,0,0,0,0,0,1,0,
11 1,1,1,1,0,0,0,0,0,0,0,*,0,0,0,0,0,0,0,0,1,0,
12 1,1,1,1,0,0,0,0,0,0,0,0,*,0,0,0,0,0,0,0,1,0,
13 1,1,1,1,0,0,0,0,0,0,0,0,0,*,0,0,0,0,0,0,1,0,
14 1,1,1,1,0,0,0,0,0,0,0,0,0,0,*,0,0,0,0,0,1,0,
15 1,1,1,1,0,0,0,0,0,0,0,0,0,0,0,*,0,0,0,0,1,0,
16 1,1,1,1,0,0,0,0,0,0,0,0,0,0,0,0,*,0,0,0,1,0,
17 1,1,1,1,0,0,0,0,0,0,0,0,0,0,0,0,0,*,0,0,1,0,
18 1,1,1,1,0,0,0,0,0,0,0,0,0,0,0,0,0,0,*,0,1,0,
19 1,1,1,1,0,0,0,0,0,0,0,0,0,0,0,0,0,0,0,*,1,0,
20 0,0,0,0,0,0,0,0,0,0,0,0,0,0,0,0,0,0,0,0,*,0,
21 0,0,0,0,0,0,0,0,0,0,0,0,0,0,0,0,0,0,0,0,0,*,
k=111
t=400

  0,1,2,3,4,5,6,7,8,9,10,11,12,13,14,15,16,17,18,19,20,21,
0 *,0,0,0,0,0,0,0,0,0,0,0,0,0,0,0,0,0,0,0,0,1,
1 0,*,0,0,0,0,0,0,0,0,0,0,0,0,0,0,0,0,0,0,0,1,
2 0,0,*,0,0,0,0,0,0,0,0,0,0,0,0,0,0,0,0,0,1,0,
3 0,0,0,*,0,0,0,0,0,0,0,0,0,0,0,0,0,0,0,0,1,0,
4 1,1,1,1,*,0,0,0,0,0,0,0,0,0,0,0,0,0,0,0,1,0,
5 1,1,1,1,0,*,0,0,0,0,0,0,0,0,0,0,0,0,0,0,1,0,
6 1,1,1,1,0,0,*,0,0,0,0,0,0,0,0,0,0,0,0,0,1,0,
7 1,1,1,1,0,0,0,*,0,0,0,0,0,0,0,0,0,0,0,0,1,0,
8 1,1,1,1,0,0,0,0,*,0,0,0,0,0,0,0,0,0,0,0,1,0,
9 1,1,1,1,0,0,0,0,0,*,0,0,0,0,0,0,0,0,0,0,1,0,
10 1,1,1,1,0,0,0,0,0,0,*,0,0,0,0,0,0,0,0,0,1,0,
11 1,1,1,1,0,0,0,0,0,0,0,*,0,0,0,0,0,0,0,0,1,0,
12 1,1,1,1,0,0,0,0,0,0,0,0,*,0,0,0,0,0,0,0,1,0,
13 1,1,1,1,0,0,0,0,0,0,0,0,0,*,0,0,0,0,0,0,1,0,
14 1,1,1,1,0,0,0,0,0,0,0,0,0,0,*,0,0,0,0,0,1,0,
15 1,1,1,1,0,0,0,0,0,0,0,0,0,0,0,*,0,0,0,0,1,0,
16 1,1,1,1,0,0,0,0,0,0,0,0,0,0,0,0,*,0,0,0,1,0,
17 0,0,0,0,0,0,0,0,0,0,0,0,0,0,0,0,0,*,0,0,0,0,
18 1,1,1,1,0,0,0,0,0,0,0,0,0,0,0,0,0,0,*,0,1,0,
19 1,1,1,1,0,0,0,0,0,0,0,0,0,0,0,0,0,0,0,*,1,0,
20 0,0,0,0,0,0,0,0,0,0,0,0,0,0,0,0,0,0,0,0,*,0,
21 0,0,0,0,0,0,0,0,0,0,0,0,0,0,0,0,0,0,0,0,0,*,
k=112
t=100

  0,1,2,3,4,5,6,7,8,9,10,11,12,13,14,15,16,17,18,19,20,21,
0 *,0,0,0,0,0,0,0,0,0,0,0,0,0,0,0,0,0,0,0,0,1,
1 0,*,0,0,0,0,0,0,0,0,0,0,0,0,0,0,0,0,0,0,0,1,
2 0,0,*,0,0,0,0,0,0,0,0,0,0,0,0,0,0,0,0,0,1,0,
3 0,0,0,*,0,0,0,0,0,0,0,0,0,0,0,0,0,0,0,0,1,0,
4 1,1,1,1,*,0,0,0,0,0,0,0,0,0,0,0,0,0,0,0,1,0,
5 1,1,1,1,0,*,0,0,0,0,0,0,0,0,0,0,0,0,0,0,1,0,
6 1,1,1,1,0,0,*,0,0,0,0,0,0,0,0,0,0,0,0,0,1,0,
7 1,1,1,1,0,0,0,*,0,0,0,0,0,0,0,0,0,0,0,0,1,0,
8 1,1,1,1,0,0,0,0,*,0,0,0,0,0,0,0,0,0,0,0,1,0,
9 1,1,1,1,0,0,0,0,0,*,0,0,0,0,0,0,0,0,0,0,1,0,
10 1,1,1,1,0,0,0,0,0,0,*,0,0,0,0,0,0,0,0,0,1,0,
11 0,0,0,0,0,0,0,0,0,0,0,*,0,0,0,0,0,0,0,0,0,0,
12 1,1,1,1,0,0,0,0,0,0,0,0,*,0,0,0,0,0,0,0,1,0,
13 1,1,1,1,0,0,0,0,0,0,0,0,0,*,0,0,0,0,0,0,1,0,
14 1,1,1,1,0,0,0,0,0,0,0,0,0,0,*,0,0,0,0,0,1,0,
15 1,1,1,1,0,0,0,0,0,0,0,0,0,0,0,*,0,0,0,0,1,0,
16 1,1,1,1,0,0,0,0,0,0,0,0,0,0,0,0,*,0,0,0,1,0,
17 0,0,0,0,0,0,0,0,0,0,0,0,0,0,0,0,0,*,0,0,0,0,
18 1,1,1,1,0,0,0,0,0,0,0,0,0,0,0,0,0,0,*,0,1,0,
19 1,1,1,1,0,0,0,0,0,0,0,0,0,0,0,0,0,0,0,*,1,0,
20 0,0,0,0,0,0,0,0,0,0,0,0,0,0,0,0,0,0,0,0,*,0,
21 0,0,0,0,0,0,0,0,0,0,0,0,0,0,0,0,0,0,0,0,0,*,
k=113
t=500

  0,1,2,3,4,5,6,7,8,9,10,11,12,13,14,15,16,17,18,19,20,21,
0 *,0,0,0,0,0,0,0,0,0,0,0,0,0,0,0,0,0,0,0,0,0,
1 0,*,0,0,0,0,0,0,0,0,0,0,0,0,0,0,0,0,0,0,0,0,
2 0,0,*,0,0,0,0,0,0,0,0,0,0,0,0,0,0,0,0,0,1,0,
3 0,0,0,*,0,0,0,0,0,0,0,0,0,0,0,0,0,0,0,0,1,0,
4 1,1,1,1,*,0,0,0,0,0,0,0,0,0,0,0,0,0,0,0,1,0,
5 1,1,1,1,0,*,0,0,0,0,0,0,0,0,0,0,0,0,0,0,1,0,
6 1,1,1,1,0,0,*,0,0,0,0,0,0,0,0,0,0,0,0,0,1,0,
7 1,1,1,1,0,0,0,*,0,0,0,0,0,0,0,0,0,0,0,0,1,0,
8 1,1,1,1,0,0,0,0,*,0,0,0,0,0,0,0,0,0,0,0,1,0,
9 1,1,1,1,0,0,0,0,0,*,0,0,0,0,0,0,0,0,0,0,1,0,
10 1,1,1,1,0,0,0,0,0,0,*,0,0,0,0,0,0,0,0,0,1,0,
11 0,0,0,0,0,0,0,0,0,0,0,*,0,0,0,0,0,0,0,0,0,0,
12 1,1,1,1,0,0,0,0,0,0,0,0,*,0,0,0,0,0,0,0,1,0,
13 1,1,1,1,0,0,0,0,0,0,0,0,0,*,0,0,0,0,0,0,1,0,
14 1,1,1,1,0,0,0,0,0,0,0,0,0,0,*,0,0,0,0,0,1,0,
15 1,1,1,1,0,0,0,0,0,0,0,0,0,0,0,*,0,0,0,0,1,0,
16 1,1,1,1,0,0,0,0,0,0,0,0,0,0,0,0,*,0,0,0,1,0,
17 0,0,0,0,0,0,0,0,0,0,0,0,0,0,0,0,0,*,0,0,0,0,
18 1,1,1,1,0,0,0,0,0,0,0,0,0,0,0,0,0,0,*,0,1,0,
19 1,1,1,1,0,0,0,0,0,0,0,0,0,0,0,0,0,0,0,*,1,0,
20 0,0,0,0,0,0,0,0,0,0,0,0,0,0,0,0,0,0,0,0,*,0,
21 0,0,0,0,0,0,0,0,0,0,0,0,0,0,0,0,0,0,0,0,0,*,
k=114
t=600

  0,1,2,3,4,5,6,7,8,9,10,11,12,13,14,15,16,17,18,19,20,21,
0 *,0,0,0,0,0,0,0,0,0,0,0,0,0,0,0,0,0,0,0,0,0,
1 0,*,0,0,0,0,0,0,0,0,0,0,0,0,0,0,0,0,0,0,0,0,
2 0,0,*,0,0,0,0,0,0,0,0,0,0,0,0,0,0,0,0,0,1,1,
3 0,0,0,*,0,0,0,0,0,0,0,0,0,0,0,0,0,0,0,0,1,1,
4 1,1,1,1,*,0,0,0,0,0,0,0,0,0,0,0,0,0,0,0,1,0,
5 1,1,1,1,0,*,0,0,0,0,0,0,0,0,0,0,0,0,0,0,1,0,
6 1,1,1,1,0,0,*,0,0,0,0,0,0,0,0,0,0,0,0,0,1,0,
7 1,1,1,1,0,0,0,*,0,0,0,0,0,0,0,0,0,0,0,0,1,0,
8 1,1,1,1,0,0,0,0,*,0,0,0,0,0,0,0,0,0,0,0,1,0,
9 1,1,1,1,0,0,0,0,0,*,0,0,0,0,0,0,0,0,0,0,1,0,
10 1,1,1,1,0,0,0,0,0,0,*,0,0,0,0,0,0,0,0,0,1,0,
11 0,0,0,0,0,0,0,0,0,0,0,*,0,0,0,0,0,0,0,0,0,0,
12 1,1,1,1,0,0,0,0,0,0,0,0,*,0,0,0,0,0,0,0,1,0,
13 1,1,1,1,0,0,0,0,0,0,0,0,0,*,0,0,0,0,0,0,1,0,
14 1,1,1,1,0,0,0,0,0,0,0,0,0,0,*,0,0,0,0,0,1,0,
15 1,1,1,1,0,0,0,0,0,0,0,0,0,0,0,*,0,0,0,0,1,0,
16 1,1,1,1,0,0,0,0,0,0,0,0,0,0,0,0,*,0,0,0,1,0,
17 0,0,0,0,0,0,0,0,0,0,0,0,0,0,0,0,0,*,0,0,0,0,
18 1,1,1,1,0,0,0,0,0,0,0,0,0,0,0,0,0,0,*,0,1,0,
19 1,1,1,1,0,0,0,0,0,0,0,0,0,0,0,0,0,0,0,*,1,0,
20 0,0,0,0,0,0,0,0,0,0,0,0,0,0,0,0,0,0,0,0,*,0,
21 0,0,0,0,0,0,0,0,0,0,0,0,0,0,0,0,0,0,0,0,0,*,
k=115
t=100

  0,1,2,3,4,5,6,7,8,9,10,11,12,13,14,15,16,17,18,19,20,21,
0 *,0,0,0,0,0,0,0,0,0,0,0,0,0,0,0,0,0,0,0,0,0,
1 0,*,0,0,0,0,0,0,0,0,0,0,0,0,0,0,0,0,0,0,0,0,
2 0,0,*,0,0,0,0,0,0,0,0,0,0,0,0,0,0,0,0,0,1,1,
3 0,0,0,*,0,0,0,0,0,0,0,0,0,0,0,0,0,0,0,0,1,1,
4 1,1,1,1,*,0,0,0,0,0,0,0,0,0,0,0,0,0,0,0,1,0,
5 1,1,1,1,0,*,0,0,0,0,0,0,0,0,0,0,0,0,0,0,1,0,
6 1,1,1,1,0,0,*,0,0,0,0,0,0,0,0,0,0,0,0,0,1,0,
7 1,1,1,1,0,0,0,*,0,0,0,0,0,0,0,0,0,0,0,0,1,0,
8 1,1,1,1,0,0,0,0,*,0,0,0,0,0,0,0,0,0,0,0,1,0,
9 1,1,1,1,0,0,0,0,0,*,0,0,0,0,0,0,0,0,0,0,1,0,
10 1,1,1,1,0,0,0,0,0,0,*,0,0,0,0,0,0,0,0,0,1,0,
11 0,0,0,0,0,0,0,0,0,0,0,*,0,0,0,0,0,0,0,0,0,0,
12 1,1,1,1,0,0,0,0,0,0,0,0,*,0,0,0,0,0,0,0,1,0,
13 1,1,1,1,0,0,0,0,0,0,0,0,0,*,0,0,0,0,0,0,1,0,
14 1,1,1,1,0,0,0,0,0,0,0,0,0,0,*,0,0,0,0,0,1,0,
15 1,1,1,1,0,0,0,0,0,0,0,0,0,0,0,*,0,0,0,0,1,0,
16 1,1,1,1,0,0,0,0,0,0,0,0,0,0,0,0,*,0,0,0,1,0,
17 0,0,0,0,0,0,0,0,0,0,0,0,0,0,0,0,0,*,0,0,0,0,
18 1,1,1,1,0,0,0,0,0,0,0,0,0,0,0,0,0,0,*,0,1,0,
19 1,1,1,1,0,0,0,0,0,0,0,0,0,0,0,0,0,0,0,*,1,0,
20 0,0,0,0,0,0,0,0,0,0,0,0,0,0,0,0,0,0,0,0,*,0,
21 0,0,0,0,0,0,0,0,0,0,0,0,0,0,0,0,0,0,0,0,0,*,
k=116
t=600

  0,1,2,3,4,5,6,7,8,9,10,11,12,13,14,15,16,17,18,19,20,21,
0 *,0,0,0,0,0,0,0,0,0,0,0,0,0,0,0,0,0,0,0,0,0,
1 0,*,0,0,0,0,0,0,0,0,0,0,0,0,0,0,0,0,0,0,0,0,
2 0,0,*,0,0,0,0,0,0,0,0,0,0,0,0,0,0,0,0,0,1,1,
3 0,0,0,*,0,0,0,0,0,0,0,0,0,0,0,0,0,0,0,0,1,1,
4 1,1,1,1,*,0,0,0,0,0,0,0,0,0,0,0,0,0,0,0,1,0,
5 1,1,1,1,0,*,0,0,0,0,0,0,0,0,0,0,0,0,0,0,1,0,
6 1,1,1,1,0,0,*,0,0,0,0,0,0,0,0,0,0,0,0,0,1,0,
7 1,1,1,1,0,0,0,*,0,0,0,0,0,0,0,0,0,0,0,0,1,0,
8 1,1,1,1,0,0,0,0,*,0,0,0,0,0,0,0,0,0,0,0,1,0,
9 1,1,1,1,0,0,0,0,0,*,0,0,0,0,0,0,0,0,0,0,1,0,
10 1,1,1,1,0,0,0,0,0,0,*,0,0,0,0,0,0,0,0,0,1,0,
11 0,0,0,0,0,0,0,0,0,0,0,*,0,0,0,0,0,0,0,0,0,0,
12 1,1,1,1,0,0,0,0,0,0,0,0,*,0,0,0,0,0,0,0,1,0,
13 1,1,1,1,0,0,0,0,0,0,0,0,0,*,0,0,0,0,0,0,1,0,
14 1,1,1,1,0,0,0,0,0,0,0,0,0,0,*,0,0,0,0,0,1,0,
15 1,1,1,1,0,0,0,0,0,0,0,0,0,0,0,*,0,0,0,0,1,0,
16 1,1,1,1,0,0,0,0,0,0,0,0,0,0,0,0,*,0,0,0,1,0,
17 0,0,0,0,0,0,0,0,0,0,0,0,0,0,0,0,0,*,0,0,0,0,
18 1,1,1,1,0,0,0,0,0,0,0,0,0,0,0,0,0,0,*,0,1,0,
19 1,1,1,1,0,0,0,0,0,0,0,0,0,0,0,0,0,0,0,*,1,0,
20 0,0,0,0,0,0,0,0,0,0,0,0,0,0,0,0,0,0,0,0,*,0,
21 0,0,0,0,0,0,0,0,0,0,0,0,0,0,0,0,0,0,0,0,0,*,
k=117
t=400

  0,1,2,3,4,5,6,7,8,9,10,11,12,13,14,15,16,17,18,19,20,21,
0 *,0,0,0,0,0,0,0,0,0,0,0,0,0,0,0,0,0,0,0,0,0,
1 0,*,0,0,0,0,0,0,0,0,0,0,0,0,0,0,0,0,0,0,0,0,
2 0,0,*,0,0,0,0,0,0,0,0,0,0,0,0,0,0,0,0,0,1,1,
3 0,0,0,*,0,0,0,0,0,0,0,0,0,0,0,0,0,0,0,0,1,1,
4 1,1,1,1,*,0,0,0,0,0,0,0,0,0,0,0,0,0,0,0,1,0,
5 1,1,1,1,0,*,0,0,0,0,0,0,0,0,0,0,0,0,0,0,1,0,
6 1,1,1,1,0,0,*,0,0,0,0,0,0,0,0,0,0,0,0,0,1,0,
7 1,1,1,1,0,0,0,*,0,0,0,0,0,0,0,0,0,0,0,0,1,0,
8 1,1,1,1,0,0,0,0,*,0,0,0,0,0,0,0,0,0,0,0,1,0,
9 1,1,1,1,0,0,0,0,0,*,0,0,0,0,0,0,0,0,0,0,1,0,
10 1,1,1,1,0,0,0,0,0,0,*,0,0,0,0,0,0,0,0,0,1,0,
11 1,1,1,1,0,0,0,0,0,0,0,*,0,0,0,0,0,0,0,0,1,0,
12 1,1,1,1,0,0,0,0,0,0,0,0,*,0,0,0,0,0,0,0,1,0,
13 1,1,1,1,0,0,0,0,0,0,0,0,0,*,0,0,0,0,0,0,1,0,
14 1,1,1,1,0,0,0,0,0,0,0,0,0,0,*,0,0,0,0,0,1,0,
15 1,1,1,1,0,0,0,0,0,0,0,0,0,0,0,*,0,0,0,0,1,0,
16 1,1,1,1,0,0,0,0,0,0,0,0,0,0,0,0,*,0,0,0,1,0,
17 1,1,1,1,0,0,0,0,0,0,0,0,0,0,0,0,0,*,0,0,1,0,
18 1,1,1,1,0,0,0,0,0,0,0,0,0,0,0,0,0,0,*,0,1,0,
19 1,1,1,1,0,0,0,0,0,0,0,0,0,0,0,0,0,0,0,*,1,0,
20 0,0,0,0,0,0,0,0,0,0,0,0,0,0,0,0,0,0,0,0,*,0,
21 0,0,0,0,0,0,0,0,0,0,0,0,0,0,0,0,0,0,0,0,0,*,
k=118
t=600

  0,1,2,3,4,5,6,7,8,9,10,11,12,13,14,15,16,17,18,19,20,21,
0 *,0,0,0,0,0,0,0,0,0,0,0,0,0,0,0,0,0,0,0,0,0,
1 0,*,0,0,0,0,0,0,0,0,0,0,0,0,0,0,0,0,0,0,0,0,
2 0,0,*,0,0,0,0,0,0,0,0,0,0,0,0,0,0,0,0,0,1,1,
3 0,0,0,*,0,0,0,0,0,0,0,0,0,0,0,0,0,0,0,0,1,1,
4 1,1,1,1,*,0,0,0,0,0,0,0,0,0,0,0,0,0,0,0,1,0,
5 1,1,1,1,0,*,0,0,0,0,0,0,0,0,0,0,0,0,0,0,1,0,
6 1,1,1,1,0,0,*,0,0,0,0,0,0,0,0,0,0,0,0,0,1,0,
7 1,1,1,1,0,0,0,*,0,0,0,0,0,0,0,0,0,0,0,0,1,0,
8 1,1,1,1,0,0,0,0,*,0,0,0,0,0,0,0,0,0,0,0,1,0,
9 1,1,1,1,0,0,0,0,0,*,0,0,0,0,0,0,0,0,0,0,1,0,
10 1,1,1,1,0,0,0,0,0,0,*,0,0,0,0,0,0,0,0,0,1,0,
11 1,1,1,1,0,0,0,0,0,0,0,*,0,0,0,0,0,0,0,0,1,0,
12 1,1,1,1,0,0,0,0,0,0,0,0,*,0,0,0,0,0,0,0,1,0,
13 1,1,1,1,0,0,0,0,0,0,0,0,0,*,0,0,0,0,0,0,1,0,
14 1,1,1,1,0,0,0,0,0,0,0,0,0,0,*,0,0,0,0,0,1,0,
15 1,1,1,1,0,0,0,0,0,0,0,0,0,0,0,*,0,0,0,0,1,0,
16 1,1,1,1,0,0,0,0,0,0,0,0,0,0,0,0,*,0,0,0,1,0,
17 1,1,1,1,0,0,0,0,0,0,0,0,0,0,0,0,0,*,0,0,1,0,
18 1,1,1,1,0,0,0,0,0,0,0,0,0,0,0,0,0,0,*,0,1,0,
19 1,1,1,1,0,0,0,0,0,0,0,0,0,0,0,0,0,0,0,*,1,0,
20 0,0,0,0,0,0,0,0,0,0,0,0,0,0,0,0,0,0,0,0,*,0,
21 0,0,0,0,0,0,0,0,0,0,0,0,0,0,0,0,0,0,0,0,0,*,
k=119
t=200

  0,1,2,3,4,5,6,7,8,9,10,11,12,13,14,15,16,17,18,19,20,21,
0 *,0,0,0,0,0,0,0,0,0,0,0,0,0,0,0,0,0,0,0,0,0,
1 0,*,0,0,0,0,0,0,0,0,0,0,0,0,0,0,0,0,0,0,0,0,
2 0,0,*,0,0,0,0,0,0,0,0,0,0,0,0,0,0,0,0,0,1,1,
3 0,0,0,*,0,0,0,0,0,0,0,0,0,0,0,0,0,0,0,0,1,1,
4 1,1,1,1,*,0,0,0,0,0,0,0,0,0,0,0,0,0,0,0,1,0,
5 1,1,1,1,0,*,0,0,0,0,0,0,0,0,0,0,0,0,0,0,1,0,
6 1,1,1,1,0,0,*,0,0,0,0,0,0,0,0,0,0,0,0,0,1,0,
7 1,1,1,1,0,0,0,*,0,0,0,0,0,0,0,0,0,0,0,0,1,0,
8 1,1,1,1,0,0,0,0,*,0,0,0,0,0,0,0,0,0,0,0,1,0,
9 1,1,1,1,0,0,0,0,0,*,0,0,0,0,0,0,0,0,0,0,1,0,
10 1,1,1,1,0,0,0,0,0,0,*,0,0,0,0,0,0,0,0,0,1,0,
11 1,1,1,1,0,0,0,0,0,0,0,*,0,0,0,0,0,0,0,0,1,0,
12 1,1,1,1,0,0,0,0,0,0,0,0,*,0,0,0,0,0,0,0,1,0,
13 1,1,1,1,0,0,0,0,0,0,0,0,0,*,0,0,0,0,0,0,1,0,
14 1,1,1,1,0,0,0,0,0,0,0,0,0,0,*,0,0,0,0,0,1,0,
15 1,1,1,1,0,0,0,0,0,0,0,0,0,0,0,*,0,0,0,0,1,0,
16 1,1,1,1,0,0,0,0,0,0,0,0,0,0,0,0,*,0,0,0,1,0,
17 1,1,1,1,0,0,0,0,0,0,0,0,0,0,0,0,0,*,0,0,1,0,
18 1,1,1,1,0,0,0,0,0,0,0,0,0,0,0,0,0,0,*,0,1,0,
19 1,1,1,1,0,0,0,0,0,0,0,0,0,0,0,0,0,0,0,*,1,0,
20 0,0,0,0,0,0,0,0,0,0,0,0,0,0,0,0,0,0,0,0,*,0,
21 0,0,0,0,0,0,0,0,0,0,0,0,0,0,0,0,0,0,0,0,0,*,
k=120
t=600

  0,1,2,3,4,5,6,7,8,9,10,11,12,13,14,15,16,17,18,19,20,21,
0 *,0,0,0,0,0,0,0,0,0,0,0,0,0,0,0,0,0,0,0,0,0,
1 0,*,0,0,0,0,0,0,0,0,0,0,0,0,0,0,0,0,0,0,0,0,
2 0,0,*,0,0,0,0,0,0,0,0,0,0,0,0,0,0,0,0,0,1,1,
3 0,0,0,*,0,0,0,0,0,0,0,0,0,0,0,0,0,0,0,0,1,1,
4 1,1,1,1,*,0,0,0,0,0,0,0,0,0,0,0,0,0,0,0,1,0,
5 1,1,1,1,0,*,0,0,0,0,0,0,0,0,0,0,0,0,0,0,1,0,
6 1,1,1,1,0,0,*,0,0,0,0,0,0,0,0,0,0,0,0,0,1,0,
7 1,1,1,1,0,0,0,*,0,0,0,0,0,0,0,0,0,0,0,0,1,0,
8 1,1,1,1,0,0,0,0,*,0,0,0,0,0,0,0,0,0,0,0,1,0,
9 1,1,1,1,0,0,0,0,0,*,0,0,0,0,0,0,0,0,0,0,1,0,
10 1,1,1,1,0,0,0,0,0,0,*,0,0,0,0,0,0,0,0,0,1,0,
11 1,1,1,1,0,0,0,0,0,0,0,*,0,0,0,0,0,0,0,0,1,0,
12 1,1,1,1,0,0,0,0,0,0,0,0,*,0,0,0,0,0,0,0,1,0,
13 1,1,1,1,0,0,0,0,0,0,0,0,0,*,0,0,0,0,0,0,1,0,
14 1,1,1,1,0,0,0,0,0,0,0,0,0,0,*,0,0,0,0,0,1,0,
15 1,1,1,1,0,0,0,0,0,0,0,0,0,0,0,*,0,0,0,0,1,0,
16 1,1,1,1,0,0,0,0,0,0,0,0,0,0,0,0,*,0,0,0,1,0,
17 1,1,1,1,0,0,0,0,0,0,0,0,0,0,0,0,0,*,0,0,1,0,
18 1,1,1,1,0,0,0,0,0,0,0,0,0,0,0,0,0,0,*,0,1,0,
19 1,1,1,1,0,0,0,0,0,0,0,0,0,0,0,0,0,0,0,*,1,0,
20 0,0,0,0,0,0,0,0,0,0,0,0,0,0,0,0,0,0,0,0,*,0,
21 0,0,0,0,0,0,0,0,0,0,0,0,0,0,0,0,0,0,0,0,0,*,
k=121
t=600

  0,1,2,3,4,5,6,7,8,9,10,11,12,13,14,15,16,17,18,19,20,21,
0 *,0,0,0,0,0,0,0,0,0,0,0,0,0,0,0,0,0,0,0,0,0,
1 0,*,0,0,0,0,0,0,0,0,0,0,0,0,0,0,0,0,0,0,0,0,
2 0,0,*,0,0,0,0,0,0,0,0,0,0,0,0,0,0,0,0,0,1,1,
3 0,0,0,*,0,0,0,0,0,0,0,0,0,0,0,0,0,0,0,0,1,1,
4 1,1,1,1,*,0,0,0,0,0,0,0,0,0,0,0,0,0,0,0,1,0,
5 1,1,1,1,0,*,0,0,0,0,0,0,0,0,0,0,0,0,0,0,1,0,
6 1,1,1,1,0,0,*,0,0,0,0,0,0,0,0,0,0,0,0,0,1,0,
7 1,1,1,1,0,0,0,*,0,0,0,0,0,0,0,0,0,0,0,0,1,0,
8 1,1,1,1,0,0,0,0,*,0,0,0,0,0,0,0,0,0,0,0,1,0,
9 1,1,1,1,0,0,0,0,0,*,0,0,0,0,0,0,0,0,0,0,1,0,
10 1,1,1,1,0,0,0,0,0,0,*,0,0,0,0,0,0,0,0,0,1,0,
11 1,1,1,1,0,0,0,0,0,0,0,*,0,0,0,0,0,0,0,0,1,0,
12 1,1,1,1,0,0,0,0,0,0,0,0,*,0,0,0,0,0,0,0,1,0,
13 1,1,1,1,0,0,0,0,0,0,0,0,0,*,0,0,0,0,0,0,1,0,
14 1,1,1,1,0,0,0,0,0,0,0,0,0,0,*,0,0,0,0,0,1,0,
15 1,1,1,1,0,0,0,0,0,0,0,0,0,0,0,*,0,0,0,0,1,0,
16 1,1,1,1,0,0,0,0,0,0,0,0,0,0,0,0,*,0,0,0,1,0,
17 1,1,1,1,0,0,0,0,0,0,0,0,0,0,0,0,0,*,0,0,1,0,
18 1,1,1,1,0,0,0,0,0,0,0,0,0,0,0,0,0,0,*,0,1,0,
19 1,1,1,1,0,0,0,0,0,0,0,0,0,0,0,0,0,0,0,*,1,0,
20 0,0,0,0,0,0,0,0,0,0,0,0,0,0,0,0,0,0,0,0,*,0,
21 0,0,0,0,0,0,0,0,0,0,0,0,0,0,0,0,0,0,0,0,0,*,
k=122
t=400

  0,1,2,3,4,5,6,7,8,9,10,11,12,13,14,15,16,17,18,19,20,21,
0 *,0,0,0,0,0,0,0,0,0,0,0,0,0,0,0,0,0,0,0,0,0,
1 0,*,0,0,0,0,0,0,0,0,0,0,0,0,0,0,0,0,0,0,0,0,
2 0,0,*,0,0,0,0,0,0,0,0,0,0,0,0,0,0,0,0,0,1,1,
3 0,0,0,*,0,0,0,0,0,0,0,0,0,0,0,0,0,0,0,0,1,1,
4 1,1,1,1,*,0,0,0,0,0,0,0,0,0,0,0,0,0,0,0,1,0,
5 1,1,1,1,0,*,0,0,0,0,0,0,0,0,0,0,0,0,0,0,1,0,
6 1,1,1,1,0,0,*,0,0,0,0,0,0,0,0,0,0,0,0,0,1,0,
7 1,1,1,1,0,0,0,*,0,0,0,0,0,0,0,0,0,0,0,0,1,0,
8 1,1,1,1,0,0,0,0,*,0,0,0,0,0,0,0,0,0,0,0,1,0,
9 1,1,1,1,0,0,0,0,0,*,0,0,0,0,0,0,0,0,0,0,1,0,
10 1,1,1,1,0,0,0,0,0,0,*,0,0,0,0,0,0,0,0,0,1,0,
11 1,1,1,1,0,0,0,0,0,0,0,*,0,0,0,0,0,0,0,0,1,0,
12 1,1,1,1,0,0,0,0,0,0,0,0,*,0,0,0,0,0,0,0,1,0,
13 1,1,1,1,0,0,0,0,0,0,0,0,0,*,0,0,0,0,0,0,1,0,
14 1,1,1,1,0,0,0,0,0,0,0,0,0,0,*,0,0,0,0,0,1,0,
15 1,1,1,1,0,0,0,0,0,0,0,0,0,0,0,*,0,0,0,0,1,0,
16 0,0,0,0,0,0,0,0,0,0,0,0,0,0,0,0,*,0,0,0,0,0,
17 1,1,1,1,0,0,0,0,0,0,0,0,0,0,0,0,0,*,0,0,1,0,
18 1,1,1,1,0,0,0,0,0,0,0,0,0,0,0,0,0,0,*,0,1,0,
19 1,1,1,1,0,0,0,0,0,0,0,0,0,0,0,0,0,0,0,*,1,0,
20 0,0,0,0,0,0,0,0,0,0,0,0,0,0,0,0,0,0,0,0,*,0,
21 0,0,0,0,0,0,0,0,0,0,0,0,0,0,0,0,0,0,0,0,0,*,
k=123
t=100

  0,1,2,3,4,5,6,7,8,9,10,11,12,13,14,15,16,17,18,19,20,21,
0 *,0,0,0,0,0,0,0,0,0,0,0,0,0,0,0,0,0,0,0,0,0,
1 0,*,0,0,0,0,0,0,0,0,0,0,0,0,0,0,0,0,0,0,0,0,
2 0,0,*,0,0,0,0,0,0,0,0,0,0,0,0,0,0,0,0,0,1,1,
3 0,0,0,*,0,0,0,0,0,0,0,0,0,0,0,0,0,0,0,0,1,1,
4 1,1,1,1,*,0,0,0,0,0,0,0,0,0,0,0,0,0,0,0,1,0,
5 1,1,1,1,0,*,0,0,0,0,0,0,0,0,0,0,0,0,0,0,1,0,
6 1,1,1,1,0,0,*,0,0,0,0,0,0,0,0,0,0,0,0,0,1,0,
7 1,1,1,1,0,0,0,*,0,0,0,0,0,0,0,0,0,0,0,0,1,0,
8 1,1,1,1,0,0,0,0,*,0,0,0,0,0,0,0,0,0,0,0,1,0,
9 1,1,1,1,0,0,0,0,0,*,0,0,0,0,0,0,0,0,0,0,1,0,
10 0,0,0,0,0,0,0,0,0,0,*,0,0,0,0,0,0,0,0,0,0,0,
11 1,1,1,1,0,0,0,0,0,0,0,*,0,0,0,0,0,0,0,0,1,0,
12 1,1,1,1,0,0,0,0,0,0,0,0,*,0,0,0,0,0,0,0,1,0,
13 1,1,1,1,0,0,0,0,0,0,0,0,0,*,0,0,0,0,0,0,1,0,
14 1,1,1,1,0,0,0,0,0,0,0,0,0,0,*,0,0,0,0,0,1,0,
15 1,1,1,1,0,0,0,0,0,0,0,0,0,0,0,*,0,0,0,0,1,0,
16 0,0,0,0,0,0,0,0,0,0,0,0,0,0,0,0,*,0,0,0,0,0,
17 1,1,1,1,0,0,0,0,0,0,0,0,0,0,0,0,0,*,0,0,1,0,
18 1,1,1,1,0,0,0,0,0,0,0,0,0,0,0,0,0,0,*,0,1,0,
19 1,1,1,1,0,0,0,0,0,0,0,0,0,0,0,0,0,0,0,*,1,0,
20 0,0,0,0,0,0,0,0,0,0,0,0,0,0,0,0,0,0,0,0,*,0,
21 0,0,0,0,0,0,0,0,0,0,0,0,0,0,0,0,0,0,0,0,0,*,
k=124
t=100

  0,1,2,3,4,5,6,7,8,9,10,11,12,13,14,15,16,17,18,19,20,21,
0 *,0,0,0,0,0,0,0,0,0,0,0,0,0,0,0,0,0,0,0,0,0,
1 0,*,0,0,0,0,0,0,0,0,0,0,0,0,0,0,0,0,0,0,0,0,
2 0,0,*,0,0,0,0,0,0,0,0,0,0,0,0,0,0,0,0,0,0,1,
3 0,0,0,*,0,0,0,0,0,0,0,0,0,0,0,0,0,0,0,0,0,1,
4 1,1,1,1,*,0,0,0,0,0,0,0,0,0,0,0,0,0,0,0,1,0,
5 1,1,1,1,0,*,0,0,0,0,0,0,0,0,0,0,0,0,0,0,1,0,
6 1,1,1,1,0,0,*,0,0,0,0,0,0,0,0,0,0,0,0,0,1,0,
7 1,1,1,1,0,0,0,*,0,0,0,0,0,0,0,0,0,0,0,0,1,0,
8 1,1,1,1,0,0,0,0,*,0,0,0,0,0,0,0,0,0,0,0,1,0,
9 1,1,1,1,0,0,0,0,0,*,0,0,0,0,0,0,0,0,0,0,1,0,
10 0,0,0,0,0,0,0,0,0,0,*,0,0,0,0,0,0,0,0,0,0,0,
11 1,1,1,1,0,0,0,0,0,0,0,*,0,0,0,0,0,0,0,0,1,0,
12 1,1,1,1,0,0,0,0,0,0,0,0,*,0,0,0,0,0,0,0,1,0,
13 1,1,1,1,0,0,0,0,0,0,0,0,0,*,0,0,0,0,0,0,1,0,
14 1,1,1,1,0,0,0,0,0,0,0,0,0,0,*,0,0,0,0,0,1,0,
15 1,1,1,1,0,0,0,0,0,0,0,0,0,0,0,*,0,0,0,0,1,0,
16 0,0,0,0,0,0,0,0,0,0,0,0,0,0,0,0,*,0,0,0,0,0,
17 1,1,1,1,0,0,0,0,0,0,0,0,0,0,0,0,0,*,0,0,1,0,
18 1,1,1,1,0,0,0,0,0,0,0,0,0,0,0,0,0,0,*,0,1,0,
19 1,1,1,1,0,0,0,0,0,0,0,0,0,0,0,0,0,0,0,*,1,0,
20 0,0,0,0,0,0,0,0,0,0,0,0,0,0,0,0,0,0,0,0,*,0,
21 0,0,0,0,0,0,0,0,0,0,0,0,0,0,0,0,0,0,0,0,0,*,
k=125
t=400

  0,1,2,3,4,5,6,7,8,9,10,11,12,13,14,15,16,17,18,19,20,21,
0 *,0,0,0,0,0,0,0,0,0,0,0,0,0,0,0,0,0,0,0,0,0,
1 0,*,0,0,0,0,0,0,0,0,0,0,0,0,0,0,0,0,0,0,0,0,
2 0,0,*,0,0,0,0,0,0,0,0,0,0,0,0,0,0,0,0,0,0,1,
3 0,0,0,*,0,0,0,0,0,0,0,0,0,0,0,0,0,0,0,0,0,1,
4 1,1,0,0,*,0,0,0,0,0,0,0,0,0,0,0,0,0,0,0,1,0,
5 1,1,0,0,0,*,0,0,0,0,0,0,0,0,0,0,0,0,0,0,1,0,
6 1,1,0,0,0,0,*,0,0,0,0,0,0,0,0,0,0,0,0,0,1,0,
7 1,1,0,0,0,0,0,*,0,0,0,0,0,0,0,0,0,0,0,0,1,0,
8 1,1,0,0,0,0,0,0,*,0,0,0,0,0,0,0,0,0,0,0,1,0,
9 1,1,0,0,0,0,0,0,0,*,0,0,0,0,0,0,0,0,0,0,1,0,
10 0,0,0,0,0,0,0,0,0,0,*,0,0,0,0,0,0,0,0,0,0,0,
11 1,1,0,0,0,0,0,0,0,0,0,*,0,0,0,0,0,0,0,0,1,0,
12 1,1,0,0,0,0,0,0,0,0,0,0,*,0,0,0,0,0,0,0,1,0,
13 1,1,0,0,0,0,0,0,0,0,0,0,0,*,0,0,0,0,0,0,1,0,
14 1,1,0,0,0,0,0,0,0,0,0,0,0,0,*,0,0,0,0,0,1,0,
15 1,1,0,0,0,0,0,0,0,0,0,0,0,0,0,*,0,0,0,0,1,0,
16 0,0,0,0,0,0,0,0,0,0,0,0,0,0,0,0,*,0,0,0,0,0,
17 1,1,0,0,0,0,0,0,0,0,0,0,0,0,0,0,0,*,0,0,1,0,
18 1,1,0,0,0,0,0,0,0,0,0,0,0,0,0,0,0,0,*,0,1,0,
19 1,1,0,0,0,0,0,0,0,0,0,0,0,0,0,0,0,0,0,*,1,0,
20 0,0,0,0,0,0,0,0,0,0,0,0,0,0,0,0,0,0,0,0,*,0,
21 0,0,0,0,0,0,0,0,0,0,0,0,0,0,0,0,0,0,0,0,0,*,
k=126
t=400

  0,1,2,3,4,5,6,7,8,9,10,11,12,13,14,15,16,17,18,19,20,21,
0 *,0,0,0,0,0,0,0,0,0,0,0,0,0,0,0,0,0,0,0,1,0,
1 0,*,0,0,0,0,0,0,0,0,0,0,0,0,0,0,0,0,0,0,1,0,
2 0,0,*,0,0,0,0,0,0,0,0,0,0,0,0,0,0,0,0,0,0,1,
3 0,0,0,*,0,0,0,0,0,0,0,0,0,0,0,0,0,0,0,0,0,1,
4 1,1,0,0,*,0,0,0,0,0,0,0,0,0,0,0,0,0,0,0,1,0,
5 1,1,0,0,0,*,0,0,0,0,0,0,0,0,0,0,0,0,0,0,1,0,
6 1,1,0,0,0,0,*,0,0,0,0,0,0,0,0,0,0,0,0,0,1,0,
7 1,1,0,0,0,0,0,*,0,0,0,0,0,0,0,0,0,0,0,0,1,0,
8 1,1,0,0,0,0,0,0,*,0,0,0,0,0,0,0,0,0,0,0,1,0,
9 1,1,0,0,0,0,0,0,0,*,0,0,0,0,0,0,0,0,0,0,1,0,
10 0,0,0,0,0,0,0,0,0,0,*,0,0,0,0,0,0,0,0,0,0,0,
11 1,1,0,0,0,0,0,0,0,0,0,*,0,0,0,0,0,0,0,0,1,0,
12 1,1,0,0,0,0,0,0,0,0,0,0,*,0,0,0,0,0,0,0,1,0,
13 1,1,0,0,0,0,0,0,0,0,0,0,0,*,0,0,0,0,0,0,1,0,
14 1,1,0,0,0,0,0,0,0,0,0,0,0,0,*,0,0,0,0,0,1,0,
15 1,1,0,0,0,0,0,0,0,0,0,0,0,0,0,*,0,0,0,0,1,0,
16 0,0,0,0,0,0,0,0,0,0,0,0,0,0,0,0,*,0,0,0,0,0,
17 1,1,0,0,0,0,0,0,0,0,0,0,0,0,0,0,0,*,0,0,1,0,
18 1,1,0,0,0,0,0,0,0,0,0,0,0,0,0,0,0,0,*,0,1,0,
19 1,1,0,0,0,0,0,0,0,0,0,0,0,0,0,0,0,0,0,*,1,0,
20 0,0,0,0,0,0,0,0,0,0,0,0,0,0,0,0,0,0,0,0,*,0,
21 0,0,0,0,0,0,0,0,0,0,0,0,0,0,0,0,0,0,0,0,0,*,
k=127
t=300

  0,1,2,3,4,5,6,7,8,9,10,11,12,13,14,15,16,17,18,19,20,21,
0 *,0,0,0,0,0,0,0,0,0,0,0,0,0,0,0,0,0,0,0,1,0,
1 0,*,0,0,0,0,0,0,0,0,0,0,0,0,0,0,0,0,0,0,1,0,
2 0,0,*,0,0,0,0,0,0,0,0,0,0,0,0,0,0,0,0,0,0,1,
3 0,0,0,*,0,0,0,0,0,0,0,0,0,0,0,0,0,0,0,0,0,1,
4 1,1,0,0,*,0,0,0,0,0,0,0,0,0,0,0,0,0,0,0,1,0,
5 1,1,0,0,0,*,0,0,0,0,0,0,0,0,0,0,0,0,0,0,1,0,
6 1,1,0,0,0,0,*,0,0,0,0,0,0,0,0,0,0,0,0,0,1,0,
7 1,1,0,0,0,0,0,*,0,0,0,0,0,0,0,0,0,0,0,0,1,0,
8 1,1,0,0,0,0,0,0,*,0,0,0,0,0,0,0,0,0,0,0,1,0,
9 1,1,0,0,0,0,0,0,0,*,0,0,0,0,0,0,0,0,0,0,1,0,
10 0,0,0,0,0,0,0,0,0,0,*,0,0,0,0,0,0,0,0,0,0,0,
11 1,1,0,0,0,0,0,0,0,0,0,*,0,0,0,0,0,0,0,0,1,0,
12 1,1,0,0,0,0,0,0,0,0,0,0,*,0,0,0,0,0,0,0,1,0,
13 1,1,0,0,0,0,0,0,0,0,0,0,0,*,0,0,0,0,0,0,1,0,
14 1,1,0,0,0,0,0,0,0,0,0,0,0,0,*,0,0,0,0,0,1,0,
15 1,1,0,0,0,0,0,0,0,0,0,0,0,0,0,*,0,0,0,0,1,0,
16 0,0,0,0,0,0,0,0,0,0,0,0,0,0,0,0,*,0,0,0,0,0,
17 1,1,0,0,0,0,0,0,0,0,0,0,0,0,0,0,0,*,0,0,1,0,
18 1,1,0,0,0,0,0,0,0,0,0,0,0,0,0,0,0,0,*,0,1,0,
19 1,1,0,0,0,0,0,0,0,0,0,0,0,0,0,0,0,0,0,*,1,0,
20 0,0,0,0,0,0,0,0,0,0,0,0,0,0,0,0,0,0,0,0,*,0,
21 0,0,0,0,0,0,0,0,0,0,0,0,0,0,0,0,0,0,0,0,0,*,
k=128
t=200

  0,1,2,3,4,5,6,7,8,9,10,11,12,13,14,15,16,17,18,19,20,21,
0 *,0,0,0,0,0,0,0,0,0,0,0,0,0,0,0,0,0,0,0,1,0,
1 0,*,0,0,0,0,0,0,0,0,0,0,0,0,0,0,0,0,0,0,1,0,
2 0,0,*,0,0,0,0,0,0,0,0,0,0,0,0,0,0,0,0,0,0,0,
3 0,0,0,*,0,0,0,0,0,0,0,0,0,0,0,0,0,0,0,0,0,0,
4 1,1,0,0,*,0,0,0,0,0,0,0,0,0,0,0,0,0,0,0,1,0,
5 1,1,0,0,0,*,0,0,0,0,0,0,0,0,0,0,0,0,0,0,1,0,
6 1,1,0,0,0,0,*,0,0,0,0,0,0,0,0,0,0,0,0,0,1,0,
7 1,1,0,0,0,0,0,*,0,0,0,0,0,0,0,0,0,0,0,0,1,0,
8 1,1,0,0,0,0,0,0,*,0,0,0,0,0,0,0,0,0,0,0,1,0,
9 1,1,0,0,0,0,0,0,0,*,0,0,0,0,0,0,0,0,0,0,1,0,
10 0,0,0,0,0,0,0,0,0,0,*,0,0,0,0,0,0,0,0,0,0,0,
11 1,1,0,0,0,0,0,0,0,0,0,*,0,0,0,0,0,0,0,0,1,0,
12 1,1,0,0,0,0,0,0,0,0,0,0,*,0,0,0,0,0,0,0,1,0,
13 1,1,0,0,0,0,0,0,0,0,0,0,0,*,0,0,0,0,0,0,1,0,
14 1,1,0,0,0,0,0,0,0,0,0,0,0,0,*,0,0,0,0,0,1,0,
15 1,1,0,0,0,0,0,0,0,0,0,0,0,0,0,*,0,0,0,0,1,0,
16 0,0,0,0,0,0,0,0,0,0,0,0,0,0,0,0,*,0,0,0,0,0,
17 1,1,0,0,0,0,0,0,0,0,0,0,0,0,0,0,0,*,0,0,1,0,
18 1,1,0,0,0,0,0,0,0,0,0,0,0,0,0,0,0,0,*,0,1,0,
19 1,1,0,0,0,0,0,0,0,0,0,0,0,0,0,0,0,0,0,*,1,0,
20 0,0,0,0,0,0,0,0,0,0,0,0,0,0,0,0,0,0,0,0,*,0,
21 0,0,0,0,0,0,0,0,0,0,0,0,0,0,0,0,0,0,0,0,0,*,
k=129
t=400

  0,1,2,3,4,5,6,7,8,9,10,11,12,13,14,15,16,17,18,19,20,21,
0 *,0,0,0,0,0,0,0,0,0,0,0,0,0,0,0,0,0,0,0,1,0,
1 0,*,0,0,0,0,0,0,0,0,0,0,0,0,0,0,0,0,0,0,1,0,
2 0,0,*,0,0,0,0,0,0,0,0,0,0,0,0,0,0,0,0,0,0,0,
3 0,0,0,*,0,0,0,0,0,0,0,0,0,0,0,0,0,0,0,0,0,0,
4 1,1,1,1,*,0,0,0,0,0,0,0,0,0,0,0,0,0,0,0,1,0,
5 1,1,1,1,0,*,0,0,0,0,0,0,0,0,0,0,0,0,0,0,1,0,
6 1,1,1,1,0,0,*,0,0,0,0,0,0,0,0,0,0,0,0,0,1,0,
7 1,1,1,1,0,0,0,*,0,0,0,0,0,0,0,0,0,0,0,0,1,0,
8 1,1,1,1,0,0,0,0,*,0,0,0,0,0,0,0,0,0,0,0,1,0,
9 1,1,1,1,0,0,0,0,0,*,0,0,0,0,0,0,0,0,0,0,1,0,
10 0,0,0,0,0,0,0,0,0,0,*,0,0,0,0,0,0,0,0,0,0,0,
11 1,1,1,1,0,0,0,0,0,0,0,*,0,0,0,0,0,0,0,0,1,0,
12 1,1,1,1,0,0,0,0,0,0,0,0,*,0,0,0,0,0,0,0,1,0,
13 1,1,1,1,0,0,0,0,0,0,0,0,0,*,0,0,0,0,0,0,1,0,
14 1,1,1,1,0,0,0,0,0,0,0,0,0,0,*,0,0,0,0,0,1,0,
15 1,1,1,1,0,0,0,0,0,0,0,0,0,0,0,*,0,0,0,0,1,0,
16 0,0,0,0,0,0,0,0,0,0,0,0,0,0,0,0,*,0,0,0,0,0,
17 1,1,1,1,0,0,0,0,0,0,0,0,0,0,0,0,0,*,0,0,1,0,
18 1,1,1,1,0,0,0,0,0,0,0,0,0,0,0,0,0,0,*,0,1,0,
19 1,1,1,1,0,0,0,0,0,0,0,0,0,0,0,0,0,0,0,*,1,0,
20 0,0,0,0,0,0,0,0,0,0,0,0,0,0,0,0,0,0,0,0,*,0,
21 0,0,0,0,0,0,0,0,0,0,0,0,0,0,0,0,0,0,0,0,0,*,
k=130
t=400

  0,1,2,3,4,5,6,7,8,9,10,11,12,13,14,15,16,17,18,19,20,21,
0 *,0,0,0,0,0,0,0,0,0,0,0,0,0,0,0,0,0,0,0,1,0,
1 0,*,0,0,0,0,0,0,0,0,0,0,0,0,0,0,0,0,0,0,1,0,
2 0,0,*,0,0,0,0,0,0,0,0,0,0,0,0,0,0,0,0,0,0,0,
3 0,0,0,*,0,0,0,0,0,0,0,0,0,0,0,0,0,0,0,0,0,0,
4 1,1,1,1,*,0,0,0,0,0,0,0,0,0,0,0,0,0,0,0,1,0,
5 1,1,1,1,0,*,0,0,0,0,0,0,0,0,0,0,0,0,0,0,1,0,
6 1,1,1,1,0,0,*,0,0,0,0,0,0,0,0,0,0,0,0,0,1,0,
7 1,1,1,1,0,0,0,*,0,0,0,0,0,0,0,0,0,0,0,0,1,0,
8 1,1,1,1,0,0,0,0,*,0,0,0,0,0,0,0,0,0,0,0,1,0,
9 1,1,1,1,0,0,0,0,0,*,0,0,0,0,0,0,0,0,0,0,1,0,
10 1,1,1,1,0,0,0,0,0,0,*,0,0,0,0,0,0,0,0,0,1,0,
11 1,1,1,1,0,0,0,0,0,0,0,*,0,0,0,0,0,0,0,0,1,0,
12 1,1,1,1,0,0,0,0,0,0,0,0,*,0,0,0,0,0,0,0,1,0,
13 1,1,1,1,0,0,0,0,0,0,0,0,0,*,0,0,0,0,0,0,1,0,
14 1,1,1,1,0,0,0,0,0,0,0,0,0,0,*,0,0,0,0,0,1,0,
15 1,1,1,1,0,0,0,0,0,0,0,0,0,0,0,*,0,0,0,0,1,0,
16 1,1,1,1,0,0,0,0,0,0,0,0,0,0,0,0,*,0,0,0,1,0,
17 1,1,1,1,0,0,0,0,0,0,0,0,0,0,0,0,0,*,0,0,1,0,
18 1,1,1,1,0,0,0,0,0,0,0,0,0,0,0,0,0,0,*,0,1,0,
19 1,1,1,1,0,0,0,0,0,0,0,0,0,0,0,0,0,0,0,*,1,0,
20 0,0,0,0,0,0,0,0,0,0,0,0,0,0,0,0,0,0,0,0,*,0,
21 0,0,0,0,0,0,0,0,0,0,0,0,0,0,0,0,0,0,0,0,0,*,
k=131
t=600

  0,1,2,3,4,5,6,7,8,9,10,11,12,13,14,15,16,17,18,19,20,21,
0 *,0,0,0,0,0,0,0,0,0,0,0,0,0,0,0,0,0,0,0,1,0,
1 0,*,0,0,0,0,0,0,0,0,0,0,0,0,0,0,0,0,0,0,1,0,
2 0,0,*,0,0,0,0,0,0,0,0,0,0,0,0,0,0,0,0,0,0,0,
3 0,0,0,*,0,0,0,0,0,0,0,0,0,0,0,0,0,0,0,0,0,0,
4 1,1,1,1,*,0,0,0,0,0,0,0,0,0,0,0,0,0,0,0,1,0,
5 1,1,1,1,0,*,0,0,0,0,0,0,0,0,0,0,0,0,0,0,1,0,
6 1,1,1,1,0,0,*,0,0,0,0,0,0,0,0,0,0,0,0,0,1,0,
7 1,1,1,1,0,0,0,*,0,0,0,0,0,0,0,0,0,0,0,0,1,0,
8 1,1,1,1,0,0,0,0,*,0,0,0,0,0,0,0,0,0,0,0,1,0,
9 1,1,1,1,0,0,0,0,0,*,0,0,0,0,0,0,0,0,0,0,1,0,
10 1,1,1,1,0,0,0,0,0,0,*,0,0,0,0,0,0,0,0,0,1,0,
11 1,1,1,1,0,0,0,0,0,0,0,*,0,0,0,0,0,0,0,0,1,0,
12 1,1,1,1,0,0,0,0,0,0,0,0,*,0,0,0,0,0,0,0,1,0,
13 1,1,1,1,0,0,0,0,0,0,0,0,0,*,0,0,0,0,0,0,1,0,
14 1,1,1,1,0,0,0,0,0,0,0,0,0,0,*,0,0,0,0,0,1,0,
15 1,1,1,1,0,0,0,0,0,0,0,0,0,0,0,*,0,0,0,0,1,0,
16 1,1,1,1,0,0,0,0,0,0,0,0,0,0,0,0,*,0,0,0,1,0,
17 1,1,1,1,0,0,0,0,0,0,0,0,0,0,0,0,0,*,0,0,1,0,
18 1,1,1,1,0,0,0,0,0,0,0,0,0,0,0,0,0,0,*,0,1,0,
19 1,1,1,1,0,0,0,0,0,0,0,0,0,0,0,0,0,0,0,*,1,0,
20 0,0,0,0,0,0,0,0,0,0,0,0,0,0,0,0,0,0,0,0,*,0,
21 0,0,0,0,0,0,0,0,0,0,0,0,0,0,0,0,0,0,0,0,0,*,
k=132
t=200

  0,1,2,3,4,5,6,7,8,9,10,11,12,13,14,15,16,17,18,19,20,21,
0 *,0,0,0,0,0,0,0,0,0,0,0,0,0,0,0,0,0,0,0,1,0,
1 0,*,0,0,0,0,0,0,0,0,0,0,0,0,0,0,0,0,0,0,1,0,
2 0,0,*,0,0,0,0,0,0,0,0,0,0,0,0,0,0,0,0,0,0,0,
3 0,0,0,*,0,0,0,0,0,0,0,0,0,0,0,0,0,0,0,0,0,0,
4 1,1,1,1,*,0,0,0,0,0,0,0,0,0,0,0,0,0,0,0,1,0,
5 1,1,1,1,0,*,0,0,0,0,0,0,0,0,0,0,0,0,0,0,1,0,
6 1,1,1,1,0,0,*,0,0,0,0,0,0,0,0,0,0,0,0,0,1,0,
7 1,1,1,1,0,0,0,*,0,0,0,0,0,0,0,0,0,0,0,0,1,0,
8 1,1,1,1,0,0,0,0,*,0,0,0,0,0,0,0,0,0,0,0,1,0,
9 1,1,1,1,0,0,0,0,0,*,0,0,0,0,0,0,0,0,0,0,1,0,
10 1,1,1,1,0,0,0,0,0,0,*,0,0,0,0,0,0,0,0,0,1,0,
11 1,1,1,1,0,0,0,0,0,0,0,*,0,0,0,0,0,0,0,0,1,0,
12 1,1,1,1,0,0,0,0,0,0,0,0,*,0,0,0,0,0,0,0,1,0,
13 1,1,1,1,0,0,0,0,0,0,0,0,0,*,0,0,0,0,0,0,1,0,
14 1,1,1,1,0,0,0,0,0,0,0,0,0,0,*,0,0,0,0,0,1,0,
15 1,1,1,1,0,0,0,0,0,0,0,0,0,0,0,*,0,0,0,0,1,0,
16 1,1,1,1,0,0,0,0,0,0,0,0,0,0,0,0,*,0,0,0,1,0,
17 1,1,1,1,0,0,0,0,0,0,0,0,0,0,0,0,0,*,0,0,1,0,
18 1,1,1,1,0,0,0,0,0,0,0,0,0,0,0,0,0,0,*,0,1,0,
19 1,1,1,1,0,0,0,0,0,0,0,0,0,0,0,0,0,0,0,*,1,0,
20 0,0,0,0,0,0,0,0,0,0,0,0,0,0,0,0,0,0,0,0,*,0,
21 0,0,0,0,0,0,0,0,0,0,0,0,0,0,0,0,0,0,0,0,0,*,
k=133
t=600

  0,1,2,3,4,5,6,7,8,9,10,11,12,13,14,15,16,17,18,19,20,21,
0 *,0,0,0,0,0,0,0,0,0,0,0,0,0,0,0,0,0,0,0,1,0,
1 0,*,0,0,0,0,0,0,0,0,0,0,0,0,0,0,0,0,0,0,1,0,
2 0,0,*,0,0,0,0,0,0,0,0,0,0,0,0,0,0,0,0,0,0,0,
3 0,0,0,*,0,0,0,0,0,0,0,0,0,0,0,0,0,0,0,0,0,0,
4 1,1,1,1,*,0,0,0,0,0,0,0,0,0,0,0,0,0,0,0,1,0,
5 1,1,1,1,0,*,0,0,0,0,0,0,0,0,0,0,0,0,0,0,1,0,
6 1,1,1,1,0,0,*,0,0,0,0,0,0,0,0,0,0,0,0,0,1,0,
7 1,1,1,1,0,0,0,*,0,0,0,0,0,0,0,0,0,0,0,0,1,0,
8 1,1,1,1,0,0,0,0,*,0,0,0,0,0,0,0,0,0,0,0,1,0,
9 1,1,1,1,0,0,0,0,0,*,0,0,0,0,0,0,0,0,0,0,1,0,
10 1,1,1,1,0,0,0,0,0,0,*,0,0,0,0,0,0,0,0,0,1,0,
11 1,1,1,1,0,0,0,0,0,0,0,*,0,0,0,0,0,0,0,0,1,0,
12 1,1,1,1,0,0,0,0,0,0,0,0,*,0,0,0,0,0,0,0,1,0,
13 1,1,1,1,0,0,0,0,0,0,0,0,0,*,0,0,0,0,0,0,1,0,
14 1,1,1,1,0,0,0,0,0,0,0,0,0,0,*,0,0,0,0,0,1,0,
15 1,1,1,1,0,0,0,0,0,0,0,0,0,0,0,*,0,0,0,0,1,0,
16 1,1,1,1,0,0,0,0,0,0,0,0,0,0,0,0,*,0,0,0,1,0,
17 1,1,1,1,0,0,0,0,0,0,0,0,0,0,0,0,0,*,0,0,1,0,
18 1,1,1,1,0,0,0,0,0,0,0,0,0,0,0,0,0,0,*,0,1,0,
19 1,1,1,1,0,0,0,0,0,0,0,0,0,0,0,0,0,0,0,*,1,0,
20 0,0,0,0,0,0,0,0,0,0,0,0,0,0,0,0,0,0,0,0,*,0,
21 0,0,0,0,0,0,0,0,0,0,0,0,0,0,0,0,0,0,0,0,0,*,
k=134
t=600

  0,1,2,3,4,5,6,7,8,9,10,11,12,13,14,15,16,17,18,19,20,21,
0 *,0,0,0,0,0,0,0,0,0,0,0,0,0,0,0,0,0,0,0,1,0,
1 0,*,0,0,0,0,0,0,0,0,0,0,0,0,0,0,0,0,0,0,1,0,
2 0,0,*,0,0,0,0,0,0,0,0,0,0,0,0,0,0,0,0,0,0,0,
3 0,0,0,*,0,0,0,0,0,0,0,0,0,0,0,0,0,0,0,0,0,0,
4 1,1,1,1,*,0,0,0,0,0,0,0,0,0,0,0,0,0,0,0,1,0,
5 1,1,1,1,0,*,0,0,0,0,0,0,0,0,0,0,0,0,0,0,1,0,
6 1,1,1,1,0,0,*,0,0,0,0,0,0,0,0,0,0,0,0,0,1,0,
7 1,1,1,1,0,0,0,*,0,0,0,0,0,0,0,0,0,0,0,0,1,0,
8 1,1,1,1,0,0,0,0,*,0,0,0,0,0,0,0,0,0,0,0,1,0,
9 1,1,1,1,0,0,0,0,0,*,0,0,0,0,0,0,0,0,0,0,1,0,
10 1,1,1,1,0,0,0,0,0,0,*,0,0,0,0,0,0,0,0,0,1,0,
11 1,1,1,1,0,0,0,0,0,0,0,*,0,0,0,0,0,0,0,0,1,0,
12 1,1,1,1,0,0,0,0,0,0,0,0,*,0,0,0,0,0,0,0,1,0,
13 1,1,1,1,0,0,0,0,0,0,0,0,0,*,0,0,0,0,0,0,1,0,
14 1,1,1,1,0,0,0,0,0,0,0,0,0,0,*,0,0,0,0,0,1,0,
15 1,1,1,1,0,0,0,0,0,0,0,0,0,0,0,*,0,0,0,0,1,0,
16 1,1,1,1,0,0,0,0,0,0,0,0,0,0,0,0,*,0,0,0,1,0,
17 1,1,1,1,0,0,0,0,0,0,0,0,0,0,0,0,0,*,0,0,1,0,
18 1,1,1,1,0,0,0,0,0,0,0,0,0,0,0,0,0,0,*,0,1,0,
19 1,1,1,1,0,0,0,0,0,0,0,0,0,0,0,0,0,0,0,*,1,0,
20 0,0,0,0,0,0,0,0,0,0,0,0,0,0,0,0,0,0,0,0,*,0,
21 0,0,0,0,0,0,0,0,0,0,0,0,0,0,0,0,0,0,0,0,0,*,
k=135
t=400

  0,1,2,3,4,5,6,7,8,9,10,11,12,13,14,15,16,17,18,19,20,21,
0 *,0,0,0,0,0,0,0,0,0,0,0,0,0,0,0,0,0,0,0,1,0,
1 0,*,0,0,0,0,0,0,0,0,0,0,0,0,0,0,0,0,0,0,1,0,
2 0,0,*,0,0,0,0,0,0,0,0,0,0,0,0,0,0,0,0,0,0,0,
3 0,0,0,*,0,0,0,0,0,0,0,0,0,0,0,0,0,0,0,0,0,0,
4 1,1,1,1,*,0,0,0,0,0,0,0,0,0,0,0,0,0,0,0,1,0,
5 1,1,1,1,0,*,0,0,0,0,0,0,0,0,0,0,0,0,0,0,1,0,
6 1,1,1,1,0,0,*,0,0,0,0,0,0,0,0,0,0,0,0,0,1,0,
7 1,1,1,1,0,0,0,*,0,0,0,0,0,0,0,0,0,0,0,0,1,0,
8 1,1,1,1,0,0,0,0,*,0,0,0,0,0,0,0,0,0,0,0,1,0,
9 1,1,1,1,0,0,0,0,0,*,0,0,0,0,0,0,0,0,0,0,1,0,
10 1,1,1,1,0,0,0,0,0,0,*,0,0,0,0,0,0,0,0,0,1,0,
11 1,1,1,1,0,0,0,0,0,0,0,*,0,0,0,0,0,0,0,0,1,0,
12 1,1,1,1,0,0,0,0,0,0,0,0,*,0,0,0,0,0,0,0,1,0,
13 1,1,1,1,0,0,0,0,0,0,0,0,0,*,0,0,0,0,0,0,1,0,
14 1,1,1,1,0,0,0,0,0,0,0,0,0,0,*,0,0,0,0,0,1,0,
15 1,1,1,1,0,0,0,0,0,0,0,0,0,0,0,*,0,0,0,0,1,0,
16 1,1,1,1,0,0,0,0,0,0,0,0,0,0,0,0,*,0,0,0,1,0,
17 1,1,1,1,0,0,0,0,0,0,0,0,0,0,0,0,0,*,0,0,1,0,
18 1,1,1,1,0,0,0,0,0,0,0,0,0,0,0,0,0,0,*,0,1,0,
19 0,0,0,0,0,0,0,0,0,0,0,0,0,0,0,0,0,0,0,*,0,0,
20 0,0,0,0,0,0,0,0,0,0,0,0,0,0,0,0,0,0,0,0,*,0,
21 0,0,0,0,0,0,0,0,0,0,0,0,0,0,0,0,0,0,0,0,0,*,
k=136
t=100

  0,1,2,3,4,5,6,7,8,9,10,11,12,13,14,15,16,17,18,19,20,21,
0 *,0,0,0,0,0,0,0,0,0,0,0,0,0,0,0,0,0,0,0,1,1,
1 0,*,0,0,0,0,0,0,0,0,0,0,0,0,0,0,0,0,0,0,1,1,
2 0,0,*,0,0,0,0,0,0,0,0,0,0,0,0,0,0,0,0,0,0,0,
3 0,0,0,*,0,0,0,0,0,0,0,0,0,0,0,0,0,0,0,0,0,0,
4 1,1,1,1,*,0,0,0,0,0,0,0,0,0,0,0,0,0,0,0,1,0,
5 1,1,1,1,0,*,0,0,0,0,0,0,0,0,0,0,0,0,0,0,1,0,
6 1,1,1,1,0,0,*,0,0,0,0,0,0,0,0,0,0,0,0,0,1,0,
7 1,1,1,1,0,0,0,*,0,0,0,0,0,0,0,0,0,0,0,0,1,0,
8 1,1,1,1,0,0,0,0,*,0,0,0,0,0,0,0,0,0,0,0,1,0,
9 0,0,0,0,0,0,0,0,0,*,0,0,0,0,0,0,0,0,0,0,0,0,
10 1,1,1,1,0,0,0,0,0,0,*,0,0,0,0,0,0,0,0,0,1,0,
11 1,1,1,1,0,0,0,0,0,0,0,*,0,0,0,0,0,0,0,0,1,0,
12 1,1,1,1,0,0,0,0,0,0,0,0,*,0,0,0,0,0,0,0,1,0,
13 1,1,1,1,0,0,0,0,0,0,0,0,0,*,0,0,0,0,0,0,1,0,
14 1,1,1,1,0,0,0,0,0,0,0,0,0,0,*,0,0,0,0,0,1,0,
15 1,1,1,1,0,0,0,0,0,0,0,0,0,0,0,*,0,0,0,0,1,0,
16 1,1,1,1,0,0,0,0,0,0,0,0,0,0,0,0,*,0,0,0,1,0,
17 1,1,1,1,0,0,0,0,0,0,0,0,0,0,0,0,0,*,0,0,1,0,
18 1,1,1,1,0,0,0,0,0,0,0,0,0,0,0,0,0,0,*,0,1,0,
19 0,0,0,0,0,0,0,0,0,0,0,0,0,0,0,0,0,0,0,*,0,0,
20 0,0,0,0,0,0,0,0,0,0,0,0,0,0,0,0,0,0,0,0,*,0,
21 0,0,0,0,0,0,0,0,0,0,0,0,0,0,0,0,0,0,0,0,0,*,
k=137
t=600

  0,1,2,3,4,5,6,7,8,9,10,11,12,13,14,15,16,17,18,19,20,21,
0 *,0,0,0,0,0,0,0,0,0,0,0,0,0,0,0,0,0,0,0,1,1,
1 0,*,0,0,0,0,0,0,0,0,0,0,0,0,0,0,0,0,0,0,1,1,
2 0,0,*,0,0,0,0,0,0,0,0,0,0,0,0,0,0,0,0,0,0,0,
3 0,0,0,*,0,0,0,0,0,0,0,0,0,0,0,0,0,0,0,0,0,0,
4 1,1,1,1,*,0,0,0,0,0,0,0,0,0,0,0,0,0,0,0,1,0,
5 1,1,1,1,0,*,0,0,0,0,0,0,0,0,0,0,0,0,0,0,1,0,
6 1,1,1,1,0,0,*,0,0,0,0,0,0,0,0,0,0,0,0,0,1,0,
7 1,1,1,1,0,0,0,*,0,0,0,0,0,0,0,0,0,0,0,0,1,0,
8 1,1,1,1,0,0,0,0,*,0,0,0,0,0,0,0,0,0,0,0,1,0,
9 0,0,0,0,0,0,0,0,0,*,0,0,0,0,0,0,0,0,0,0,0,0,
10 1,1,1,1,0,0,0,0,0,0,*,0,0,0,0,0,0,0,0,0,1,0,
11 1,1,1,1,0,0,0,0,0,0,0,*,0,0,0,0,0,0,0,0,1,0,
12 1,1,1,1,0,0,0,0,0,0,0,0,*,0,0,0,0,0,0,0,1,0,
13 1,1,1,1,0,0,0,0,0,0,0,0,0,*,0,0,0,0,0,0,1,0,
14 1,1,1,1,0,0,0,0,0,0,0,0,0,0,*,0,0,0,0,0,1,0,
15 1,1,1,1,0,0,0,0,0,0,0,0,0,0,0,*,0,0,0,0,1,0,
16 1,1,1,1,0,0,0,0,0,0,0,0,0,0,0,0,*,0,0,0,1,0,
17 1,1,1,1,0,0,0,0,0,0,0,0,0,0,0,0,0,*,0,0,1,0,
18 1,1,1,1,0,0,0,0,0,0,0,0,0,0,0,0,0,0,*,0,1,0,
19 0,0,0,0,0,0,0,0,0,0,0,0,0,0,0,0,0,0,0,*,0,0,
20 0,0,0,0,0,0,0,0,0,0,0,0,0,0,0,0,0,0,0,0,*,0,
21 0,0,0,0,0,0,0,0,0,0,0,0,0,0,0,0,0,0,0,0,0,*,
k=138
t=600

  0,1,2,3,4,5,6,7,8,9,10,11,12,13,14,15,16,17,18,19,20,21,
0 *,0,0,0,0,0,0,0,0,0,0,0,0,0,0,0,0,0,0,0,1,1,
1 0,*,0,0,0,0,0,0,0,0,0,0,0,0,0,0,0,0,0,0,1,1,
2 0,0,*,0,0,0,0,0,0,0,0,0,0,0,0,0,0,0,0,0,0,0,
3 0,0,0,*,0,0,0,0,0,0,0,0,0,0,0,0,0,0,0,0,0,0,
4 1,1,1,1,*,0,0,0,0,0,0,0,0,0,0,0,0,0,0,0,1,0,
5 1,1,1,1,0,*,0,0,0,0,0,0,0,0,0,0,0,0,0,0,1,0,
6 1,1,1,1,0,0,*,0,0,0,0,0,0,0,0,0,0,0,0,0,1,0,
7 1,1,1,1,0,0,0,*,0,0,0,0,0,0,0,0,0,0,0,0,1,0,
8 1,1,1,1,0,0,0,0,*,0,0,0,0,0,0,0,0,0,0,0,1,0,
9 0,0,0,0,0,0,0,0,0,*,0,0,0,0,0,0,0,0,0,0,0,0,
10 1,1,1,1,0,0,0,0,0,0,*,0,0,0,0,0,0,0,0,0,1,0,
11 1,1,1,1,0,0,0,0,0,0,0,*,0,0,0,0,0,0,0,0,1,0,
12 1,1,1,1,0,0,0,0,0,0,0,0,*,0,0,0,0,0,0,0,1,0,
13 1,1,1,1,0,0,0,0,0,0,0,0,0,*,0,0,0,0,0,0,1,0,
14 1,1,1,1,0,0,0,0,0,0,0,0,0,0,*,0,0,0,0,0,1,0,
15 1,1,1,1,0,0,0,0,0,0,0,0,0,0,0,*,0,0,0,0,1,0,
16 1,1,1,1,0,0,0,0,0,0,0,0,0,0,0,0,*,0,0,0,1,0,
17 1,1,1,1,0,0,0,0,0,0,0,0,0,0,0,0,0,*,0,0,1,0,
18 1,1,1,1,0,0,0,0,0,0,0,0,0,0,0,0,0,0,*,0,1,0,
19 0,0,0,0,0,0,0,0,0,0,0,0,0,0,0,0,0,0,0,*,0,0,
20 0,0,0,0,0,0,0,0,0,0,0,0,0,0,0,0,0,0,0,0,*,0,
21 0,0,0,0,0,0,0,0,0,0,0,0,0,0,0,0,0,0,0,0,0,*,
k=139
t=600

  0,1,2,3,4,5,6,7,8,9,10,11,12,13,14,15,16,17,18,19,20,21,
0 *,0,0,0,0,0,0,0,0,0,0,0,0,0,0,0,0,0,0,0,1,1,
1 0,*,0,0,0,0,0,0,0,0,0,0,0,0,0,0,0,0,0,0,1,1,
2 0,0,*,0,0,0,0,0,0,0,0,0,0,0,0,0,0,0,0,0,0,0,
3 0,0,0,*,0,0,0,0,0,0,0,0,0,0,0,0,0,0,0,0,0,0,
4 1,1,1,1,*,0,0,0,0,0,0,0,0,0,0,0,0,0,0,0,1,0,
5 1,1,1,1,0,*,0,0,0,0,0,0,0,0,0,0,0,0,0,0,1,0,
6 1,1,1,1,0,0,*,0,0,0,0,0,0,0,0,0,0,0,0,0,1,0,
7 1,1,1,1,0,0,0,*,0,0,0,0,0,0,0,0,0,0,0,0,1,0,
8 1,1,1,1,0,0,0,0,*,0,0,0,0,0,0,0,0,0,0,0,1,0,
9 0,0,0,0,0,0,0,0,0,*,0,0,0,0,0,0,0,0,0,0,0,0,
10 1,1,1,1,0,0,0,0,0,0,*,0,0,0,0,0,0,0,0,0,1,0,
11 1,1,1,1,0,0,0,0,0,0,0,*,0,0,0,0,0,0,0,0,1,0,
12 1,1,1,1,0,0,0,0,0,0,0,0,*,0,0,0,0,0,0,0,1,0,
13 1,1,1,1,0,0,0,0,0,0,0,0,0,*,0,0,0,0,0,0,1,0,
14 1,1,1,1,0,0,0,0,0,0,0,0,0,0,*,0,0,0,0,0,1,0,
15 1,1,1,1,0,0,0,0,0,0,0,0,0,0,0,*,0,0,0,0,1,0,
16 1,1,1,1,0,0,0,0,0,0,0,0,0,0,0,0,*,0,0,0,1,0,
17 1,1,1,1,0,0,0,0,0,0,0,0,0,0,0,0,0,*,0,0,1,0,
18 1,1,1,1,0,0,0,0,0,0,0,0,0,0,0,0,0,0,*,0,1,0,
19 0,0,0,0,0,0,0,0,0,0,0,0,0,0,0,0,0,0,0,*,0,0,
20 0,0,0,0,0,0,0,0,0,0,0,0,0,0,0,0,0,0,0,0,*,0,
21 0,0,0,0,0,0,0,0,0,0,0,0,0,0,0,0,0,0,0,0,0,*,
k=140
t=300

  0,1,2,3,4,5,6,7,8,9,10,11,12,13,14,15,16,17,18,19,20,21,
0 *,0,0,0,0,0,0,0,0,0,0,0,0,0,0,0,0,0,0,0,0,1,
1 0,*,0,0,0,0,0,0,0,0,0,0,0,0,0,0,0,0,0,0,0,1,
2 0,0,*,0,0,0,0,0,0,0,0,0,0,0,0,0,0,0,0,0,0,0,
3 0,0,0,*,0,0,0,0,0,0,0,0,0,0,0,0,0,0,0,0,0,0,
4 1,1,1,1,*,0,0,0,0,0,0,0,0,0,0,0,0,0,0,0,1,0,
5 1,1,1,1,0,*,0,0,0,0,0,0,0,0,0,0,0,0,0,0,1,0,
6 1,1,1,1,0,0,*,0,0,0,0,0,0,0,0,0,0,0,0,0,1,0,
7 1,1,1,1,0,0,0,*,0,0,0,0,0,0,0,0,0,0,0,0,1,0,
8 1,1,1,1,0,0,0,0,*,0,0,0,0,0,0,0,0,0,0,0,1,0,
9 0,0,0,0,0,0,0,0,0,*,0,0,0,0,0,0,0,0,0,0,0,0,
10 1,1,1,1,0,0,0,0,0,0,*,0,0,0,0,0,0,0,0,0,1,0,
11 1,1,1,1,0,0,0,0,0,0,0,*,0,0,0,0,0,0,0,0,1,0,
12 1,1,1,1,0,0,0,0,0,0,0,0,*,0,0,0,0,0,0,0,1,0,
13 1,1,1,1,0,0,0,0,0,0,0,0,0,*,0,0,0,0,0,0,1,0,
14 1,1,1,1,0,0,0,0,0,0,0,0,0,0,*,0,0,0,0,0,1,0,
15 1,1,1,1,0,0,0,0,0,0,0,0,0,0,0,*,0,0,0,0,1,0,
16 1,1,1,1,0,0,0,0,0,0,0,0,0,0,0,0,*,0,0,0,1,0,
17 1,1,1,1,0,0,0,0,0,0,0,0,0,0,0,0,0,*,0,0,1,0,
18 1,1,1,1,0,0,0,0,0,0,0,0,0,0,0,0,0,0,*,0,1,0,
19 0,0,0,0,0,0,0,0,0,0,0,0,0,0,0,0,0,0,0,*,0,0,
20 0,0,0,0,0,0,0,0,0,0,0,0,0,0,0,0,0,0,0,0,*,0,
21 0,0,0,0,0,0,0,0,0,0,0,0,0,0,0,0,0,0,0,0,0,*,
k=141
t=100

  0,1,2,3,4,5,6,7,8,9,10,11,12,13,14,15,16,17,18,19,20,21,
0 *,0,0,0,0,0,0,0,0,0,0,0,0,0,0,0,0,0,0,0,0,1,
1 0,*,0,0,0,0,0,0,0,0,0,0,0,0,0,0,0,0,0,0,0,1,
2 0,0,*,0,0,0,0,0,0,0,0,0,0,0,0,0,0,0,0,0,0,0,
3 0,0,0,*,0,0,0,0,0,0,0,0,0,0,0,0,0,0,0,0,0,0,
4 1,1,1,1,*,0,0,0,0,0,0,0,0,0,0,0,0,0,0,0,1,0,
5 1,1,1,1,0,*,0,0,0,0,0,0,0,0,0,0,0,0,0,0,1,0,
6 1,1,1,1,0,0,*,0,0,0,0,0,0,0,0,0,0,0,0,0,1,0,
7 1,1,1,1,0,0,0,*,0,0,0,0,0,0,0,0,0,0,0,0,1,0,
8 1,1,1,1,0,0,0,0,*,0,0,0,0,0,0,0,0,0,0,0,1,0,
9 1,1,1,1,0,0,0,0,0,*,0,0,0,0,0,0,0,0,0,0,1,0,
10 1,1,1,1,0,0,0,0,0,0,*,0,0,0,0,0,0,0,0,0,1,0,
11 1,1,1,1,0,0,0,0,0,0,0,*,0,0,0,0,0,0,0,0,1,0,
12 1,1,1,1,0,0,0,0,0,0,0,0,*,0,0,0,0,0,0,0,1,0,
13 1,1,1,1,0,0,0,0,0,0,0,0,0,*,0,0,0,0,0,0,1,0,
14 1,1,1,1,0,0,0,0,0,0,0,0,0,0,*,0,0,0,0,0,1,0,
15 1,1,1,1,0,0,0,0,0,0,0,0,0,0,0,*,0,0,0,0,1,0,
16 1,1,1,1,0,0,0,0,0,0,0,0,0,0,0,0,*,0,0,0,1,0,
17 1,1,1,1,0,0,0,0,0,0,0,0,0,0,0,0,0,*,0,0,1,0,
18 1,1,1,1,0,0,0,0,0,0,0,0,0,0,0,0,0,0,*,0,1,0,
19 1,1,1,1,0,0,0,0,0,0,0,0,0,0,0,0,0,0,0,*,1,0,
20 0,0,0,0,0,0,0,0,0,0,0,0,0,0,0,0,0,0,0,0,*,0,
21 0,0,0,0,0,0,0,0,0,0,0,0,0,0,0,0,0,0,0,0,0,*,
k=142
t=600

  0,1,2,3,4,5,6,7,8,9,10,11,12,13,14,15,16,17,18,19,20,21,
0 *,0,0,0,0,0,0,0,0,0,0,0,0,0,0,0,0,0,0,0,0,1,
1 0,*,0,0,0,0,0,0,0,0,0,0,0,0,0,0,0,0,0,0,0,1,
2 0,0,*,0,0,0,0,0,0,0,0,0,0,0,0,0,0,0,0,0,0,0,
3 0,0,0,*,0,0,0,0,0,0,0,0,0,0,0,0,0,0,0,0,0,0,
4 1,1,1,1,*,0,0,0,0,0,0,0,0,0,0,0,0,0,0,0,1,0,
5 1,1,1,1,0,*,0,0,0,0,0,0,0,0,0,0,0,0,0,0,1,0,
6 1,1,1,1,0,0,*,0,0,0,0,0,0,0,0,0,0,0,0,0,1,0,
7 1,1,1,1,0,0,0,*,0,0,0,0,0,0,0,0,0,0,0,0,1,0,
8 1,1,1,1,0,0,0,0,*,0,0,0,0,0,0,0,0,0,0,0,1,0,
9 1,1,1,1,0,0,0,0,0,*,0,0,0,0,0,0,0,0,0,0,1,0,
10 1,1,1,1,0,0,0,0,0,0,*,0,0,0,0,0,0,0,0,0,1,0,
11 1,1,1,1,0,0,0,0,0,0,0,*,0,0,0,0,0,0,0,0,1,0,
12 1,1,1,1,0,0,0,0,0,0,0,0,*,0,0,0,0,0,0,0,1,0,
13 1,1,1,1,0,0,0,0,0,0,0,0,0,*,0,0,0,0,0,0,1,0,
14 1,1,1,1,0,0,0,0,0,0,0,0,0,0,*,0,0,0,0,0,1,0,
15 1,1,1,1,0,0,0,0,0,0,0,0,0,0,0,*,0,0,0,0,1,0,
16 1,1,1,1,0,0,0,0,0,0,0,0,0,0,0,0,*,0,0,0,1,0,
17 1,1,1,1,0,0,0,0,0,0,0,0,0,0,0,0,0,*,0,0,1,0,
18 1,1,1,1,0,0,0,0,0,0,0,0,0,0,0,0,0,0,*,0,1,0,
19 1,1,1,1,0,0,0,0,0,0,0,0,0,0,0,0,0,0,0,*,1,0,
20 0,0,0,0,0,0,0,0,0,0,0,0,0,0,0,0,0,0,0,0,*,0,
21 0,0,0,0,0,0,0,0,0,0,0,0,0,0,0,0,0,0,0,0,0,*,
k=143
t=200

  0,1,2,3,4,5,6,7,8,9,10,11,12,13,14,15,16,17,18,19,20,21,
0 *,0,0,0,0,0,0,0,0,0,0,0,0,0,0,0,0,0,0,0,0,1,
1 0,*,0,0,0,0,0,0,0,0,0,0,0,0,0,0,0,0,0,0,0,1,
2 0,0,*,0,0,0,0,0,0,0,0,0,0,0,0,0,0,0,0,0,0,0,
3 0,0,0,*,0,0,0,0,0,0,0,0,0,0,0,0,0,0,0,0,0,0,
4 1,1,1,1,*,0,0,0,0,0,0,0,0,0,0,0,0,0,0,0,1,0,
5 1,1,1,1,0,*,0,0,0,0,0,0,0,0,0,0,0,0,0,0,1,0,
6 1,1,1,1,0,0,*,0,0,0,0,0,0,0,0,0,0,0,0,0,1,0,
7 1,1,1,1,0,0,0,*,0,0,0,0,0,0,0,0,0,0,0,0,1,0,
8 1,1,1,1,0,0,0,0,*,0,0,0,0,0,0,0,0,0,0,0,1,0,
9 1,1,1,1,0,0,0,0,0,*,0,0,0,0,0,0,0,0,0,0,1,0,
10 1,1,1,1,0,0,0,0,0,0,*,0,0,0,0,0,0,0,0,0,1,0,
11 1,1,1,1,0,0,0,0,0,0,0,*,0,0,0,0,0,0,0,0,1,0,
12 1,1,1,1,0,0,0,0,0,0,0,0,*,0,0,0,0,0,0,0,1,0,
13 1,1,1,1,0,0,0,0,0,0,0,0,0,*,0,0,0,0,0,0,1,0,
14 1,1,1,1,0,0,0,0,0,0,0,0,0,0,*,0,0,0,0,0,1,0,
15 1,1,1,1,0,0,0,0,0,0,0,0,0,0,0,*,0,0,0,0,1,0,
16 1,1,1,1,0,0,0,0,0,0,0,0,0,0,0,0,*,0,0,0,1,0,
17 1,1,1,1,0,0,0,0,0,0,0,0,0,0,0,0,0,*,0,0,1,0,
18 1,1,1,1,0,0,0,0,0,0,0,0,0,0,0,0,0,0,*,0,1,0,
19 1,1,1,1,0,0,0,0,0,0,0,0,0,0,0,0,0,0,0,*,1,0,
20 0,0,0,0,0,0,0,0,0,0,0,0,0,0,0,0,0,0,0,0,*,0,
21 0,0,0,0,0,0,0,0,0,0,0,0,0,0,0,0,0,0,0,0,0,*,
k=144
t=600

  0,1,2,3,4,5,6,7,8,9,10,11,12,13,14,15,16,17,18,19,20,21,
0 *,0,0,0,0,0,0,0,0,0,0,0,0,0,0,0,0,0,0,0,0,1,
1 0,*,0,0,0,0,0,0,0,0,0,0,0,0,0,0,0,0,0,0,0,1,
2 0,0,*,0,0,0,0,0,0,0,0,0,0,0,0,0,0,0,0,0,0,0,
3 0,0,0,*,0,0,0,0,0,0,0,0,0,0,0,0,0,0,0,0,0,0,
4 1,1,1,1,*,0,0,0,0,0,0,0,0,0,0,0,0,0,0,0,1,0,
5 1,1,1,1,0,*,0,0,0,0,0,0,0,0,0,0,0,0,0,0,1,0,
6 1,1,1,1,0,0,*,0,0,0,0,0,0,0,0,0,0,0,0,0,1,0,
7 1,1,1,1,0,0,0,*,0,0,0,0,0,0,0,0,0,0,0,0,1,0,
8 1,1,1,1,0,0,0,0,*,0,0,0,0,0,0,0,0,0,0,0,1,0,
9 1,1,1,1,0,0,0,0,0,*,0,0,0,0,0,0,0,0,0,0,1,0,
10 1,1,1,1,0,0,0,0,0,0,*,0,0,0,0,0,0,0,0,0,1,0,
11 1,1,1,1,0,0,0,0,0,0,0,*,0,0,0,0,0,0,0,0,1,0,
12 1,1,1,1,0,0,0,0,0,0,0,0,*,0,0,0,0,0,0,0,1,0,
13 1,1,1,1,0,0,0,0,0,0,0,0,0,*,0,0,0,0,0,0,1,0,
14 1,1,1,1,0,0,0,0,0,0,0,0,0,0,*,0,0,0,0,0,1,0,
15 1,1,1,1,0,0,0,0,0,0,0,0,0,0,0,*,0,0,0,0,1,0,
16 1,1,1,1,0,0,0,0,0,0,0,0,0,0,0,0,*,0,0,0,1,0,
17 1,1,1,1,0,0,0,0,0,0,0,0,0,0,0,0,0,*,0,0,1,0,
18 1,1,1,1,0,0,0,0,0,0,0,0,0,0,0,0,0,0,*,0,1,0,
19 1,1,1,1,0,0,0,0,0,0,0,0,0,0,0,0,0,0,0,*,1,0,
20 0,0,0,0,0,0,0,0,0,0,0,0,0,0,0,0,0,0,0,0,*,0,
21 0,0,0,0,0,0,0,0,0,0,0,0,0,0,0,0,0,0,0,0,0,*,
k=145
t=400

  0,1,2,3,4,5,6,7,8,9,10,11,12,13,14,15,16,17,18,19,20,21,
0 *,0,0,0,0,0,0,0,0,0,0,0,0,0,0,0,0,0,0,0,0,1,
1 0,*,0,0,0,0,0,0,0,0,0,0,0,0,0,0,0,0,0,0,0,1,
2 0,0,*,0,0,0,0,0,0,0,0,0,0,0,0,0,0,0,0,0,1,0,
3 0,0,0,*,0,0,0,0,0,0,0,0,0,0,0,0,0,0,0,0,1,0,
4 1,1,1,1,*,0,0,0,0,0,0,0,0,0,0,0,0,0,0,0,1,0,
5 1,1,1,1,0,*,0,0,0,0,0,0,0,0,0,0,0,0,0,0,1,0,
6 1,1,1,1,0,0,*,0,0,0,0,0,0,0,0,0,0,0,0,0,1,0,
7 1,1,1,1,0,0,0,*,0,0,0,0,0,0,0,0,0,0,0,0,1,0,
8 1,1,1,1,0,0,0,0,*,0,0,0,0,0,0,0,0,0,0,0,1,0,
9 1,1,1,1,0,0,0,0,0,*,0,0,0,0,0,0,0,0,0,0,1,0,
10 1,1,1,1,0,0,0,0,0,0,*,0,0,0,0,0,0,0,0,0,1,0,
11 1,1,1,1,0,0,0,0,0,0,0,*,0,0,0,0,0,0,0,0,1,0,
12 1,1,1,1,0,0,0,0,0,0,0,0,*,0,0,0,0,0,0,0,1,0,
13 1,1,1,1,0,0,0,0,0,0,0,0,0,*,0,0,0,0,0,0,1,0,
14 1,1,1,1,0,0,0,0,0,0,0,0,0,0,*,0,0,0,0,0,1,0,
15 1,1,1,1,0,0,0,0,0,0,0,0,0,0,0,*,0,0,0,0,1,0,
16 1,1,1,1,0,0,0,0,0,0,0,0,0,0,0,0,*,0,0,0,1,0,
17 1,1,1,1,0,0,0,0,0,0,0,0,0,0,0,0,0,*,0,0,1,0,
18 1,1,1,1,0,0,0,0,0,0,0,0,0,0,0,0,0,0,*,0,1,0,
19 1,1,1,1,0,0,0,0,0,0,0,0,0,0,0,0,0,0,0,*,1,0,
20 0,0,0,0,0,0,0,0,0,0,0,0,0,0,0,0,0,0,0,0,*,0,
21 0,0,0,0,0,0,0,0,0,0,0,0,0,0,0,0,0,0,0,0,0,*,
k=146
t=200

  0,1,2,3,4,5,6,7,8,9,10,11,12,13,14,15,16,17,18,19,20,21,
0 *,0,0,0,0,0,0,0,0,0,0,0,0,0,0,0,0,0,0,0,0,1,
1 0,*,0,0,0,0,0,0,0,0,0,0,0,0,0,0,0,0,0,0,0,1,
2 0,0,*,0,0,0,0,0,0,0,0,0,0,0,0,0,0,0,0,0,1,0,
3 0,0,0,*,0,0,0,0,0,0,0,0,0,0,0,0,0,0,0,0,1,0,
4 0,0,1,1,*,0,0,0,0,0,0,0,0,0,0,0,0,0,0,0,1,0,
5 0,0,1,1,0,*,0,0,0,0,0,0,0,0,0,0,0,0,0,0,1,0,
6 0,0,1,1,0,0,*,0,0,0,0,0,0,0,0,0,0,0,0,0,1,0,
7 0,0,1,1,0,0,0,*,0,0,0,0,0,0,0,0,0,0,0,0,1,0,
8 0,0,1,1,0,0,0,0,*,0,0,0,0,0,0,0,0,0,0,0,1,0,
9 0,0,1,1,0,0,0,0,0,*,0,0,0,0,0,0,0,0,0,0,1,0,
10 0,0,1,1,0,0,0,0,0,0,*,0,0,0,0,0,0,0,0,0,1,0,
11 0,0,1,1,0,0,0,0,0,0,0,*,0,0,0,0,0,0,0,0,1,0,
12 0,0,1,1,0,0,0,0,0,0,0,0,*,0,0,0,0,0,0,0,1,0,
13 0,0,1,1,0,0,0,0,0,0,0,0,0,*,0,0,0,0,0,0,1,0,
14 0,0,1,1,0,0,0,0,0,0,0,0,0,0,*,0,0,0,0,0,1,0,
15 0,0,1,1,0,0,0,0,0,0,0,0,0,0,0,*,0,0,0,0,1,0,
16 0,0,1,1,0,0,0,0,0,0,0,0,0,0,0,0,*,0,0,0,1,0,
17 0,0,1,1,0,0,0,0,0,0,0,0,0,0,0,0,0,*,0,0,1,0,
18 0,0,1,1,0,0,0,0,0,0,0,0,0,0,0,0,0,0,*,0,1,0,
19 0,0,1,1,0,0,0,0,0,0,0,0,0,0,0,0,0,0,0,*,1,0,
20 0,0,0,0,0,0,0,0,0,0,0,0,0,0,0,0,0,0,0,0,*,0,
21 0,0,0,0,0,0,0,0,0,0,0,0,0,0,0,0,0,0,0,0,0,*,
k=147
t=400

  0,1,2,3,4,5,6,7,8,9,10,11,12,13,14,15,16,17,18,19,20,21,
0 *,0,0,0,0,0,0,0,0,0,0,0,0,0,0,0,0,0,0,0,0,1,
1 0,*,0,0,0,0,0,0,0,0,0,0,0,0,0,0,0,0,0,0,0,1,
2 0,0,*,0,0,0,0,0,0,0,0,0,0,0,0,0,0,0,0,0,1,0,
3 0,0,0,*,0,0,0,0,0,0,0,0,0,0,0,0,0,0,0,0,1,0,
4 0,0,1,1,*,0,0,0,0,0,0,0,0,0,0,0,0,0,0,0,1,0,
5 0,0,1,1,0,*,0,0,0,0,0,0,0,0,0,0,0,0,0,0,1,0,
6 0,0,1,1,0,0,*,0,0,0,0,0,0,0,0,0,0,0,0,0,1,0,
7 0,0,1,1,0,0,0,*,0,0,0,0,0,0,0,0,0,0,0,0,1,0,
8 0,0,1,1,0,0,0,0,*,0,0,0,0,0,0,0,0,0,0,0,1,0,
9 0,0,1,1,0,0,0,0,0,*,0,0,0,0,0,0,0,0,0,0,1,0,
10 0,0,1,1,0,0,0,0,0,0,*,0,0,0,0,0,0,0,0,0,1,0,
11 0,0,1,1,0,0,0,0,0,0,0,*,0,0,0,0,0,0,0,0,1,0,
12 0,0,1,1,0,0,0,0,0,0,0,0,*,0,0,0,0,0,0,0,1,0,
13 0,0,1,1,0,0,0,0,0,0,0,0,0,*,0,0,0,0,0,0,1,0,
14 0,0,1,1,0,0,0,0,0,0,0,0,0,0,*,0,0,0,0,0,1,0,
15 0,0,1,1,0,0,0,0,0,0,0,0,0,0,0,*,0,0,0,0,1,0,
16 0,0,1,1,0,0,0,0,0,0,0,0,0,0,0,0,*,0,0,0,1,0,
17 0,0,1,1,0,0,0,0,0,0,0,0,0,0,0,0,0,*,0,0,1,0,
18 0,0,1,1,0,0,0,0,0,0,0,0,0,0,0,0,0,0,*,0,1,0,
19 0,0,1,1,0,0,0,0,0,0,0,0,0,0,0,0,0,0,0,*,1,0,
20 0,0,0,0,0,0,0,0,0,0,0,0,0,0,0,0,0,0,0,0,*,0,
21 0,0,0,0,0,0,0,0,0,0,0,0,0,0,0,0,0,0,0,0,0,*,
k=148
t=100

  0,1,2,3,4,5,6,7,8,9,10,11,12,13,14,15,16,17,18,19,20,21,
0 *,0,0,0,0,0,0,0,0,0,0,0,0,0,0,0,0,0,0,0,0,1,
1 0,*,0,0,0,0,0,0,0,0,0,0,0,0,0,0,0,0,0,0,0,1,
2 0,0,*,0,0,0,0,0,0,0,0,0,0,0,0,0,0,0,0,0,1,0,
3 0,0,0,*,0,0,0,0,0,0,0,0,0,0,0,0,0,0,0,0,1,0,
4 0,0,1,1,*,0,0,0,0,0,0,0,0,0,0,0,0,0,0,0,1,0,
5 0,0,1,1,0,*,0,0,0,0,0,0,0,0,0,0,0,0,0,0,1,0,
6 0,0,1,1,0,0,*,0,0,0,0,0,0,0,0,0,0,0,0,0,1,0,
7 0,0,1,1,0,0,0,*,0,0,0,0,0,0,0,0,0,0,0,0,1,0,
8 0,0,0,0,0,0,0,0,*,0,0,0,0,0,0,0,0,0,0,0,0,0,
9 0,0,1,1,0,0,0,0,0,*,0,0,0,0,0,0,0,0,0,0,1,0,
10 0,0,1,1,0,0,0,0,0,0,*,0,0,0,0,0,0,0,0,0,1,0,
11 0,0,1,1,0,0,0,0,0,0,0,*,0,0,0,0,0,0,0,0,1,0,
12 0,0,1,1,0,0,0,0,0,0,0,0,*,0,0,0,0,0,0,0,1,0,
13 0,0,1,1,0,0,0,0,0,0,0,0,0,*,0,0,0,0,0,0,1,0,
14 0,0,1,1,0,0,0,0,0,0,0,0,0,0,*,0,0,0,0,0,1,0,
15 0,0,1,1,0,0,0,0,0,0,0,0,0,0,0,*,0,0,0,0,1,0,
16 0,0,1,1,0,0,0,0,0,0,0,0,0,0,0,0,*,0,0,0,1,0,
17 0,0,1,1,0,0,0,0,0,0,0,0,0,0,0,0,0,*,0,0,1,0,
18 0,0,0,0,0,0,0,0,0,0,0,0,0,0,0,0,0,0,*,0,0,0,
19 0,0,1,1,0,0,0,0,0,0,0,0,0,0,0,0,0,0,0,*,1,0,
20 0,0,0,0,0,0,0,0,0,0,0,0,0,0,0,0,0,0,0,0,*,0,
21 0,0,0,0,0,0,0,0,0,0,0,0,0,0,0,0,0,0,0,0,0,*,
k=149
t=600

  0,1,2,3,4,5,6,7,8,9,10,11,12,13,14,15,16,17,18,19,20,21,
0 *,0,0,0,0,0,0,0,0,0,0,0,0,0,0,0,0,0,0,0,0,1,
1 0,*,0,0,0,0,0,0,0,0,0,0,0,0,0,0,0,0,0,0,0,1,
2 0,0,*,0,0,0,0,0,0,0,0,0,0,0,0,0,0,0,0,0,1,0,
3 0,0,0,*,0,0,0,0,0,0,0,0,0,0,0,0,0,0,0,0,1,0,
4 0,0,1,1,*,0,0,0,0,0,0,0,0,0,0,0,0,0,0,0,1,1,
5 0,0,1,1,0,*,0,0,0,0,0,0,0,0,0,0,0,0,0,0,1,1,
6 0,0,1,1,0,0,*,0,0,0,0,0,0,0,0,0,0,0,0,0,1,1,
7 0,0,1,1,0,0,0,*,0,0,0,0,0,0,0,0,0,0,0,0,1,1,
8 0,0,0,0,0,0,0,0,*,0,0,0,0,0,0,0,0,0,0,0,0,0,
9 0,0,1,1,0,0,0,0,0,*,0,0,0,0,0,0,0,0,0,0,1,1,
10 0,0,1,1,0,0,0,0,0,0,*,0,0,0,0,0,0,0,0,0,1,1,
11 0,0,1,1,0,0,0,0,0,0,0,*,0,0,0,0,0,0,0,0,1,1,
12 0,0,1,1,0,0,0,0,0,0,0,0,*,0,0,0,0,0,0,0,1,1,
13 0,0,1,1,0,0,0,0,0,0,0,0,0,*,0,0,0,0,0,0,1,1,
14 0,0,1,1,0,0,0,0,0,0,0,0,0,0,*,0,0,0,0,0,1,1,
15 0,0,1,1,0,0,0,0,0,0,0,0,0,0,0,*,0,0,0,0,1,1,
16 0,0,1,1,0,0,0,0,0,0,0,0,0,0,0,0,*,0,0,0,1,1,
17 0,0,1,1,0,0,0,0,0,0,0,0,0,0,0,0,0,*,0,0,1,1,
18 0,0,0,0,0,0,0,0,0,0,0,0,0,0,0,0,0,0,*,0,0,0,
19 0,0,1,1,0,0,0,0,0,0,0,0,0,0,0,0,0,0,0,*,1,1,
20 0,0,0,0,0,0,0,0,0,0,0,0,0,0,0,0,0,0,0,0,*,0,
21 0,0,0,0,0,0,0,0,0,0,0,0,0,0,0,0,0,0,0,0,0,*,
k=150
t=300

  0,1,2,3,4,5,6,7,8,9,10,11,12,13,14,15,16,17,18,19,20,21,
0 *,0,0,0,0,0,0,0,0,0,0,0,0,0,0,0,0,0,0,0,0,0,
1 0,*,0,0,0,0,0,0,0,0,0,0,0,0,0,0,0,0,0,0,0,0,
2 0,0,*,0,0,0,0,0,0,0,0,0,0,0,0,0,0,0,0,0,1,0,
3 0,0,0,*,0,0,0,0,0,0,0,0,0,0,0,0,0,0,0,0,1,0,
4 0,0,1,1,*,0,0,0,0,0,0,0,0,0,0,0,0,0,0,0,1,1,
5 0,0,1,1,0,*,0,0,0,0,0,0,0,0,0,0,0,0,0,0,1,1,
6 0,0,1,1,0,0,*,0,0,0,0,0,0,0,0,0,0,0,0,0,1,1,
7 0,0,1,1,0,0,0,*,0,0,0,0,0,0,0,0,0,0,0,0,1,1,
8 0,0,0,0,0,0,0,0,*,0,0,0,0,0,0,0,0,0,0,0,0,0,
9 0,0,1,1,0,0,0,0,0,*,0,0,0,0,0,0,0,0,0,0,1,1,
10 0,0,1,1,0,0,0,0,0,0,*,0,0,0,0,0,0,0,0,0,1,1,
11 0,0,1,1,0,0,0,0,0,0,0,*,0,0,0,0,0,0,0,0,1,1,
12 0,0,1,1,0,0,0,0,0,0,0,0,*,0,0,0,0,0,0,0,1,1,
13 0,0,1,1,0,0,0,0,0,0,0,0,0,*,0,0,0,0,0,0,1,1,
14 0,0,1,1,0,0,0,0,0,0,0,0,0,0,*,0,0,0,0,0,1,1,
15 0,0,1,1,0,0,0,0,0,0,0,0,0,0,0,*,0,0,0,0,1,1,
16 0,0,1,1,0,0,0,0,0,0,0,0,0,0,0,0,*,0,0,0,1,1,
17 0,0,1,1,0,0,0,0,0,0,0,0,0,0,0,0,0,*,0,0,1,1,
18 0,0,0,0,0,0,0,0,0,0,0,0,0,0,0,0,0,0,*,0,0,0,
19 0,0,1,1,0,0,0,0,0,0,0,0,0,0,0,0,0,0,0,*,1,1,
20 0,0,0,0,0,0,0,0,0,0,0,0,0,0,0,0,0,0,0,0,*,0,
21 0,0,0,0,0,0,0,0,0,0,0,0,0,0,0,0,0,0,0,0,0,*,
k=151
t=100

  0,1,2,3,4,5,6,7,8,9,10,11,12,13,14,15,16,17,18,19,20,21,
0 *,0,0,0,0,0,0,0,0,0,0,0,0,0,0,0,0,0,0,0,0,0,
1 0,*,0,0,0,0,0,0,0,0,0,0,0,0,0,0,0,0,0,0,0,0,
2 0,0,*,0,0,0,0,0,0,0,0,0,0,0,0,0,0,0,0,0,1,1,
3 0,0,0,*,0,0,0,0,0,0,0,0,0,0,0,0,0,0,0,0,1,1,
4 1,1,1,1,*,0,0,0,0,0,0,0,0,0,0,0,0,0,0,0,1,1,
5 1,1,1,1,0,*,0,0,0,0,0,0,0,0,0,0,0,0,0,0,1,1,
6 1,1,1,1,0,0,*,0,0,0,0,0,0,0,0,0,0,0,0,0,1,1,
7 1,1,1,1,0,0,0,*,0,0,0,0,0,0,0,0,0,0,0,0,1,1,
8 0,0,0,0,0,0,0,0,*,0,0,0,0,0,0,0,0,0,0,0,0,0,
9 1,1,1,1,0,0,0,0,0,*,0,0,0,0,0,0,0,0,0,0,1,1,
10 1,1,1,1,0,0,0,0,0,0,*,0,0,0,0,0,0,0,0,0,1,1,
11 1,1,1,1,0,0,0,0,0,0,0,*,0,0,0,0,0,0,0,0,1,1,
12 1,1,1,1,0,0,0,0,0,0,0,0,*,0,0,0,0,0,0,0,1,1,
13 1,1,1,1,0,0,0,0,0,0,0,0,0,*,0,0,0,0,0,0,1,1,
14 1,1,1,1,0,0,0,0,0,0,0,0,0,0,*,0,0,0,0,0,1,1,
15 1,1,1,1,0,0,0,0,0,0,0,0,0,0,0,*,0,0,0,0,1,1,
16 1,1,1,1,0,0,0,0,0,0,0,0,0,0,0,0,*,0,0,0,1,1,
17 1,1,1,1,0,0,0,0,0,0,0,0,0,0,0,0,0,*,0,0,1,1,
18 0,0,0,0,0,0,0,0,0,0,0,0,0,0,0,0,0,0,*,0,0,0,
19 1,1,1,1,0,0,0,0,0,0,0,0,0,0,0,0,0,0,0,*,1,1,
20 0,0,0,0,0,0,0,0,0,0,0,0,0,0,0,0,0,0,0,0,*,0,
21 0,0,0,0,0,0,0,0,0,0,0,0,0,0,0,0,0,0,0,0,0,*,
k=152
t=200

  0,1,2,3,4,5,6,7,8,9,10,11,12,13,14,15,16,17,18,19,20,21,
0 *,0,0,0,0,0,0,0,0,0,0,0,0,0,0,0,0,0,0,0,0,0,
1 0,*,0,0,0,0,0,0,0,0,0,0,0,0,0,0,0,0,0,0,0,0,
2 0,0,*,0,0,0,0,0,0,0,0,0,0,0,0,0,0,0,0,0,1,1,
3 0,0,0,*,0,0,0,0,0,0,0,0,0,0,0,0,0,0,0,0,1,1,
4 1,1,1,1,*,0,0,0,0,0,0,0,0,0,0,0,0,0,0,0,1,1,
5 1,1,1,1,0,*,0,0,0,0,0,0,0,0,0,0,0,0,0,0,1,1,
6 1,1,1,1,0,0,*,0,0,0,0,0,0,0,0,0,0,0,0,0,1,1,
7 1,1,1,1,0,0,0,*,0,0,0,0,0,0,0,0,0,0,0,0,1,1,
8 0,0,0,0,0,0,0,0,*,0,0,0,0,0,0,0,0,0,0,0,0,0,
9 1,1,1,1,0,0,0,0,0,*,0,0,0,0,0,0,0,0,0,0,1,1,
10 1,1,1,1,0,0,0,0,0,0,*,0,0,0,0,0,0,0,0,0,1,1,
11 1,1,1,1,0,0,0,0,0,0,0,*,0,0,0,0,0,0,0,0,1,1,
12 1,1,1,1,0,0,0,0,0,0,0,0,*,0,0,0,0,0,0,0,1,1,
13 1,1,1,1,0,0,0,0,0,0,0,0,0,*,0,0,0,0,0,0,1,1,
14 1,1,1,1,0,0,0,0,0,0,0,0,0,0,*,0,0,0,0,0,1,1,
15 1,1,1,1,0,0,0,0,0,0,0,0,0,0,0,*,0,0,0,0,1,1,
16 1,1,1,1,0,0,0,0,0,0,0,0,0,0,0,0,*,0,0,0,1,1,
17 1,1,1,1,0,0,0,0,0,0,0,0,0,0,0,0,0,*,0,0,1,1,
18 0,0,0,0,0,0,0,0,0,0,0,0,0,0,0,0,0,0,*,0,0,0,
19 1,1,1,1,0,0,0,0,0,0,0,0,0,0,0,0,0,0,0,*,1,1,
20 0,0,0,0,0,0,0,0,0,0,0,0,0,0,0,0,0,0,0,0,*,0,
21 0,0,0,0,0,0,0,0,0,0,0,0,0,0,0,0,0,0,0,0,0,*,
k=153
t=600

  0,1,2,3,4,5,6,7,8,9,10,11,12,13,14,15,16,17,18,19,20,21,
0 *,0,0,0,0,0,0,0,0,0,0,0,0,0,0,0,0,0,0,0,0,0,
1 0,*,0,0,0,0,0,0,0,0,0,0,0,0,0,0,0,0,0,0,0,0,
2 0,0,*,0,0,0,0,0,0,0,0,0,0,0,0,0,0,0,0,0,1,1,
3 0,0,0,*,0,0,0,0,0,0,0,0,0,0,0,0,0,0,0,0,1,1,
4 1,1,1,1,*,0,0,0,0,0,0,0,0,0,0,0,0,0,0,0,1,1,
5 1,1,1,1,0,*,0,0,0,0,0,0,0,0,0,0,0,0,0,0,1,1,
6 1,1,1,1,0,0,*,0,0,0,0,0,0,0,0,0,0,0,0,0,1,1,
7 1,1,1,1,0,0,0,*,0,0,0,0,0,0,0,0,0,0,0,0,1,1,
8 0,0,0,0,0,0,0,0,*,0,0,0,0,0,0,0,0,0,0,0,0,0,
9 1,1,1,1,0,0,0,0,0,*,0,0,0,0,0,0,0,0,0,0,1,1,
10 1,1,1,1,0,0,0,0,0,0,*,0,0,0,0,0,0,0,0,0,1,1,
11 1,1,1,1,0,0,0,0,0,0,0,*,0,0,0,0,0,0,0,0,1,1,
12 1,1,1,1,0,0,0,0,0,0,0,0,*,0,0,0,0,0,0,0,1,1,
13 1,1,1,1,0,0,0,0,0,0,0,0,0,*,0,0,0,0,0,0,1,1,
14 1,1,1,1,0,0,0,0,0,0,0,0,0,0,*,0,0,0,0,0,1,1,
15 1,1,1,1,0,0,0,0,0,0,0,0,0,0,0,*,0,0,0,0,1,1,
16 1,1,1,1,0,0,0,0,0,0,0,0,0,0,0,0,*,0,0,0,1,1,
17 1,1,1,1,0,0,0,0,0,0,0,0,0,0,0,0,0,*,0,0,1,1,
18 0,0,0,0,0,0,0,0,0,0,0,0,0,0,0,0,0,0,*,0,0,0,
19 1,1,1,1,0,0,0,0,0,0,0,0,0,0,0,0,0,0,0,*,1,1,
20 0,0,0,0,0,0,0,0,0,0,0,0,0,0,0,0,0,0,0,0,*,0,
21 0,0,0,0,0,0,0,0,0,0,0,0,0,0,0,0,0,0,0,0,0,*,
k=154
t=500

  0,1,2,3,4,5,6,7,8,9,10,11,12,13,14,15,16,17,18,19,20,21,
0 *,0,0,0,0,0,0,0,0,0,0,0,0,0,0,0,0,0,0,0,0,0,
1 0,*,0,0,0,0,0,0,0,0,0,0,0,0,0,0,0,0,0,0,0,0,
2 0,0,*,0,0,0,0,0,0,0,0,0,0,0,0,0,0,0,0,0,1,1,
3 0,0,0,*,0,0,0,0,0,0,0,0,0,0,0,0,0,0,0,0,1,1,
4 1,1,1,1,*,0,0,0,0,0,0,0,0,0,0,0,0,0,0,0,1,1,
5 1,1,1,1,0,*,0,0,0,0,0,0,0,0,0,0,0,0,0,0,1,1,
6 1,1,1,1,0,0,*,0,0,0,0,0,0,0,0,0,0,0,0,0,1,1,
7 1,1,1,1,0,0,0,*,0,0,0,0,0,0,0,0,0,0,0,0,1,1,
8 1,1,1,1,0,0,0,0,*,0,0,0,0,0,0,0,0,0,0,0,1,1,
9 1,1,1,1,0,0,0,0,0,*,0,0,0,0,0,0,0,0,0,0,1,1,
10 1,1,1,1,0,0,0,0,0,0,*,0,0,0,0,0,0,0,0,0,1,1,
11 1,1,1,1,0,0,0,0,0,0,0,*,0,0,0,0,0,0,0,0,1,1,
12 1,1,1,1,0,0,0,0,0,0,0,0,*,0,0,0,0,0,0,0,1,1,
13 1,1,1,1,0,0,0,0,0,0,0,0,0,*,0,0,0,0,0,0,1,1,
14 1,1,1,1,0,0,0,0,0,0,0,0,0,0,*,0,0,0,0,0,1,1,
15 1,1,1,1,0,0,0,0,0,0,0,0,0,0,0,*,0,0,0,0,1,1,
16 1,1,1,1,0,0,0,0,0,0,0,0,0,0,0,0,*,0,0,0,1,1,
17 1,1,1,1,0,0,0,0,0,0,0,0,0,0,0,0,0,*,0,0,1,1,
18 1,1,1,1,0,0,0,0,0,0,0,0,0,0,0,0,0,0,*,0,1,1,
19 1,1,1,1,0,0,0,0,0,0,0,0,0,0,0,0,0,0,0,*,1,1,
20 0,0,0,0,0,0,0,0,0,0,0,0,0,0,0,0,0,0,0,0,*,0,
21 0,0,0,0,0,0,0,0,0,0,0,0,0,0,0,0,0,0,0,0,0,*,
k=155
t=600

  0,1,2,3,4,5,6,7,8,9,10,11,12,13,14,15,16,17,18,19,20,21,
0 *,0,0,0,0,0,0,0,0,0,0,0,0,0,0,0,0,0,0,0,0,0,
1 0,*,0,0,0,0,0,0,0,0,0,0,0,0,0,0,0,0,0,0,0,0,
2 0,0,*,0,0,0,0,0,0,0,0,0,0,0,0,0,0,0,0,0,1,1,
3 0,0,0,*,0,0,0,0,0,0,0,0,0,0,0,0,0,0,0,0,1,1,
4 1,1,1,1,*,0,0,0,0,0,0,0,0,0,0,0,0,0,0,0,1,1,
5 1,1,1,1,0,*,0,0,0,0,0,0,0,0,0,0,0,0,0,0,1,1,
6 1,1,1,1,0,0,*,0,0,0,0,0,0,0,0,0,0,0,0,0,1,1,
7 1,1,1,1,0,0,0,*,0,0,0,0,0,0,0,0,0,0,0,0,1,1,
8 1,1,1,1,0,0,0,0,*,0,0,0,0,0,0,0,0,0,0,0,1,1,
9 1,1,1,1,0,0,0,0,0,*,0,0,0,0,0,0,0,0,0,0,1,1,
10 1,1,1,1,0,0,0,0,0,0,*,0,0,0,0,0,0,0,0,0,1,1,
11 1,1,1,1,0,0,0,0,0,0,0,*,0,0,0,0,0,0,0,0,1,1,
12 1,1,1,1,0,0,0,0,0,0,0,0,*,0,0,0,0,0,0,0,1,1,
13 1,1,1,1,0,0,0,0,0,0,0,0,0,*,0,0,0,0,0,0,1,1,
14 1,1,1,1,0,0,0,0,0,0,0,0,0,0,*,0,0,0,0,0,1,1,
15 1,1,1,1,0,0,0,0,0,0,0,0,0,0,0,*,0,0,0,0,1,1,
16 1,1,1,1,0,0,0,0,0,0,0,0,0,0,0,0,*,0,0,0,1,1,
17 1,1,1,1,0,0,0,0,0,0,0,0,0,0,0,0,0,*,0,0,1,1,
18 1,1,1,1,0,0,0,0,0,0,0,0,0,0,0,0,0,0,*,0,1,1,
19 1,1,1,1,0,0,0,0,0,0,0,0,0,0,0,0,0,0,0,*,1,1,
20 0,0,0,0,0,0,0,0,0,0,0,0,0,0,0,0,0,0,0,0,*,0,
21 0,0,0,0,0,0,0,0,0,0,0,0,0,0,0,0,0,0,0,0,0,*,
k=156
t=100

  0,1,2,3,4,5,6,7,8,9,10,11,12,13,14,15,16,17,18,19,20,21,
0 *,0,0,0,0,0,0,0,0,0,0,0,0,0,0,0,0,0,0,0,0,0,
1 0,*,0,0,0,0,0,0,0,0,0,0,0,0,0,0,0,0,0,0,0,0,
2 0,0,*,0,0,0,0,0,0,0,0,0,0,0,0,0,0,0,0,0,1,1,
3 0,0,0,*,0,0,0,0,0,0,0,0,0,0,0,0,0,0,0,0,1,1,
4 1,1,1,1,*,0,0,0,0,0,0,0,0,0,0,0,0,0,0,0,1,1,
5 1,1,1,1,0,*,0,0,0,0,0,0,0,0,0,0,0,0,0,0,1,1,
6 1,1,1,1,0,0,*,0,0,0,0,0,0,0,0,0,0,0,0,0,1,1,
7 1,1,1,1,0,0,0,*,0,0,0,0,0,0,0,0,0,0,0,0,1,1,
8 1,1,1,1,0,0,0,0,*,0,0,0,0,0,0,0,0,0,0,0,1,1,
9 1,1,1,1,0,0,0,0,0,*,0,0,0,0,0,0,0,0,0,0,1,1,
10 1,1,1,1,0,0,0,0,0,0,*,0,0,0,0,0,0,0,0,0,1,1,
11 1,1,1,1,0,0,0,0,0,0,0,*,0,0,0,0,0,0,0,0,1,1,
12 1,1,1,1,0,0,0,0,0,0,0,0,*,0,0,0,0,0,0,0,1,1,
13 1,1,1,1,0,0,0,0,0,0,0,0,0,*,0,0,0,0,0,0,1,1,
14 1,1,1,1,0,0,0,0,0,0,0,0,0,0,*,0,0,0,0,0,1,1,
15 1,1,1,1,0,0,0,0,0,0,0,0,0,0,0,*,0,0,0,0,1,1,
16 1,1,1,1,0,0,0,0,0,0,0,0,0,0,0,0,*,0,0,0,1,1,
17 1,1,1,1,0,0,0,0,0,0,0,0,0,0,0,0,0,*,0,0,1,1,
18 1,1,1,1,0,0,0,0,0,0,0,0,0,0,0,0,0,0,*,0,1,1,
19 1,1,1,1,0,0,0,0,0,0,0,0,0,0,0,0,0,0,0,*,1,1,
20 0,0,0,0,0,0,0,0,0,0,0,0,0,0,0,0,0,0,0,0,*,0,
21 0,0,0,0,0,0,0,0,0,0,0,0,0,0,0,0,0,0,0,0,0,*,
k=157
t=600

  0,1,2,3,4,5,6,7,8,9,10,11,12,13,14,15,16,17,18,19,20,21,
0 *,0,0,0,0,0,0,0,0,0,0,0,0,0,0,0,0,0,0,0,0,0,
1 0,*,0,0,0,0,0,0,0,0,0,0,0,0,0,0,0,0,0,0,0,0,
2 0,0,*,0,0,0,0,0,0,0,0,0,0,0,0,0,0,0,0,0,1,1,
3 0,0,0,*,0,0,0,0,0,0,0,0,0,0,0,0,0,0,0,0,1,1,
4 1,1,1,1,*,0,0,0,0,0,0,0,0,0,0,0,0,0,0,0,1,1,
5 1,1,1,1,0,*,0,0,0,0,0,0,0,0,0,0,0,0,0,0,1,1,
6 1,1,1,1,0,0,*,0,0,0,0,0,0,0,0,0,0,0,0,0,1,1,
7 1,1,1,1,0,0,0,*,0,0,0,0,0,0,0,0,0,0,0,0,1,1,
8 1,1,1,1,0,0,0,0,*,0,0,0,0,0,0,0,0,0,0,0,1,1,
9 1,1,1,1,0,0,0,0,0,*,0,0,0,0,0,0,0,0,0,0,1,1,
10 1,1,1,1,0,0,0,0,0,0,*,0,0,0,0,0,0,0,0,0,1,1,
11 1,1,1,1,0,0,0,0,0,0,0,*,0,0,0,0,0,0,0,0,1,1,
12 1,1,1,1,0,0,0,0,0,0,0,0,*,0,0,0,0,0,0,0,1,1,
13 1,1,1,1,0,0,0,0,0,0,0,0,0,*,0,0,0,0,0,0,1,1,
14 1,1,1,1,0,0,0,0,0,0,0,0,0,0,*,0,0,0,0,0,1,1,
15 1,1,1,1,0,0,0,0,0,0,0,0,0,0,0,*,0,0,0,0,1,1,
16 1,1,1,1,0,0,0,0,0,0,0,0,0,0,0,0,*,0,0,0,1,1,
17 1,1,1,1,0,0,0,0,0,0,0,0,0,0,0,0,0,*,0,0,1,1,
18 1,1,1,1,0,0,0,0,0,0,0,0,0,0,0,0,0,0,*,0,1,1,
19 1,1,1,1,0,0,0,0,0,0,0,0,0,0,0,0,0,0,0,*,1,1,
20 0,0,0,0,0,0,0,0,0,0,0,0,0,0,0,0,0,0,0,0,*,0,
21 0,0,0,0,0,0,0,0,0,0,0,0,0,0,0,0,0,0,0,0,0,*,
k=158
t=400

  0,1,2,3,4,5,6,7,8,9,10,11,12,13,14,15,16,17,18,19,20,21,
0 *,0,0,0,0,0,0,0,0,0,0,0,0,0,0,0,0,0,0,0,0,0,
1 0,*,0,0,0,0,0,0,0,0,0,0,0,0,0,0,0,0,0,0,0,0,
2 0,0,*,0,0,0,0,0,0,0,0,0,0,0,0,0,0,0,0,0,0,1,
3 0,0,0,*,0,0,0,0,0,0,0,0,0,0,0,0,0,0,0,0,0,1,
4 1,1,1,1,*,0,0,0,0,0,0,0,0,0,0,0,0,0,0,0,1,1,
5 1,1,1,1,0,*,0,0,0,0,0,0,0,0,0,0,0,0,0,0,1,1,
6 1,1,1,1,0,0,*,0,0,0,0,0,0,0,0,0,0,0,0,0,1,1,
7 1,1,1,1,0,0,0,*,0,0,0,0,0,0,0,0,0,0,0,0,1,1,
8 1,1,1,1,0,0,0,0,*,0,0,0,0,0,0,0,0,0,0,0,1,1,
9 1,1,1,1,0,0,0,0,0,*,0,0,0,0,0,0,0,0,0,0,1,1,
10 1,1,1,1,0,0,0,0,0,0,*,0,0,0,0,0,0,0,0,0,1,1,
11 1,1,1,1,0,0,0,0,0,0,0,*,0,0,0,0,0,0,0,0,1,1,
12 1,1,1,1,0,0,0,0,0,0,0,0,*,0,0,0,0,0,0,0,1,1,
13 1,1,1,1,0,0,0,0,0,0,0,0,0,*,0,0,0,0,0,0,1,1,
14 1,1,1,1,0,0,0,0,0,0,0,0,0,0,*,0,0,0,0,0,1,1,
15 1,1,1,1,0,0,0,0,0,0,0,0,0,0,0,*,0,0,0,0,1,1,
16 1,1,1,1,0,0,0,0,0,0,0,0,0,0,0,0,*,0,0,0,1,1,
17 1,1,1,1,0,0,0,0,0,0,0,0,0,0,0,0,0,*,0,0,1,1,
18 1,1,1,1,0,0,0,0,0,0,0,0,0,0,0,0,0,0,*,0,1,1,
19 1,1,1,1,0,0,0,0,0,0,0,0,0,0,0,0,0,0,0,*,1,1,
20 0,0,0,0,0,0,0,0,0,0,0,0,0,0,0,0,0,0,0,0,*,0,
21 0,0,0,0,0,0,0,0,0,0,0,0,0,0,0,0,0,0,0,0,0,*,
k=159
t=300

  0,1,2,3,4,5,6,7,8,9,10,11,12,13,14,15,16,17,18,19,20,21,
0 *,0,0,0,0,0,0,0,0,0,0,0,0,0,0,0,0,0,0,0,0,0,
1 0,*,0,0,0,0,0,0,0,0,0,0,0,0,0,0,0,0,0,0,0,0,
2 0,0,*,0,0,0,0,0,0,0,0,0,0,0,0,0,0,0,0,0,0,1,
3 0,0,0,*,0,0,0,0,0,0,0,0,0,0,0,0,0,0,0,0,0,1,
4 1,1,1,1,*,0,0,0,0,0,0,0,0,0,0,0,0,0,0,0,1,1,
5 1,1,1,1,0,*,0,0,0,0,0,0,0,0,0,0,0,0,0,0,1,1,
6 1,1,1,1,0,0,*,0,0,0,0,0,0,0,0,0,0,0,0,0,1,1,
7 1,1,1,1,0,0,0,*,0,0,0,0,0,0,0,0,0,0,0,0,1,1,
8 1,1,1,1,0,0,0,0,*,0,0,0,0,0,0,0,0,0,0,0,1,1,
9 1,1,1,1,0,0,0,0,0,*,0,0,0,0,0,0,0,0,0,0,1,1,
10 1,1,1,1,0,0,0,0,0,0,*,0,0,0,0,0,0,0,0,0,1,1,
11 1,1,1,1,0,0,0,0,0,0,0,*,0,0,0,0,0,0,0,0,1,1,
12 1,1,1,1,0,0,0,0,0,0,0,0,*,0,0,0,0,0,0,0,1,1,
13 1,1,1,1,0,0,0,0,0,0,0,0,0,*,0,0,0,0,0,0,1,1,
14 1,1,1,1,0,0,0,0,0,0,0,0,0,0,*,0,0,0,0,0,1,1,
15 1,1,1,1,0,0,0,0,0,0,0,0,0,0,0,*,0,0,0,0,1,1,
16 1,1,1,1,0,0,0,0,0,0,0,0,0,0,0,0,*,0,0,0,1,1,
17 1,1,1,1,0,0,0,0,0,0,0,0,0,0,0,0,0,*,0,0,1,1,
18 1,1,1,1,0,0,0,0,0,0,0,0,0,0,0,0,0,0,*,0,1,1,
19 1,1,1,1,0,0,0,0,0,0,0,0,0,0,0,0,0,0,0,*,1,1,
20 0,0,0,0,0,0,0,0,0,0,0,0,0,0,0,0,0,0,0,0,*,0,
21 0,0,0,0,0,0,0,0,0,0,0,0,0,0,0,0,0,0,0,0,0,*,
k=160
t=400

  0,1,2,3,4,5,6,7,8,9,10,11,12,13,14,15,16,17,18,19,20,21,
0 *,0,0,0,0,0,0,0,0,0,0,0,0,0,0,0,0,0,0,0,0,0,
1 0,*,0,0,0,0,0,0,0,0,0,0,0,0,0,0,0,0,0,0,0,0,
2 0,0,*,0,0,0,0,0,0,0,0,0,0,0,0,0,0,0,0,0,0,1,
3 0,0,0,*,0,0,0,0,0,0,0,0,0,0,0,0,0,0,0,0,0,1,
4 1,1,1,1,*,0,0,0,0,0,0,0,0,0,0,0,0,0,0,0,1,1,
5 1,1,1,1,0,*,0,0,0,0,0,0,0,0,0,0,0,0,0,0,1,1,
6 1,1,1,1,0,0,*,0,0,0,0,0,0,0,0,0,0,0,0,0,1,1,
7 1,1,1,1,0,0,0,*,0,0,0,0,0,0,0,0,0,0,0,0,1,1,
8 1,1,1,1,0,0,0,0,*,0,0,0,0,0,0,0,0,0,0,0,1,1,
9 1,1,1,1,0,0,0,0,0,*,0,0,0,0,0,0,0,0,0,0,1,1,
10 1,1,1,1,0,0,0,0,0,0,*,0,0,0,0,0,0,0,0,0,1,1,
11 0,0,0,0,0,0,0,0,0,0,0,*,0,0,0,0,0,0,0,0,0,0,
12 1,1,1,1,0,0,0,0,0,0,0,0,*,0,0,0,0,0,0,0,1,1,
13 1,1,1,1,0,0,0,0,0,0,0,0,0,*,0,0,0,0,0,0,1,1,
14 1,1,1,1,0,0,0,0,0,0,0,0,0,0,*,0,0,0,0,0,1,1,
15 1,1,1,1,0,0,0,0,0,0,0,0,0,0,0,*,0,0,0,0,1,1,
16 1,1,1,1,0,0,0,0,0,0,0,0,0,0,0,0,*,0,0,0,1,1,
17 0,0,0,0,0,0,0,0,0,0,0,0,0,0,0,0,0,*,0,0,0,0,
18 1,1,1,1,0,0,0,0,0,0,0,0,0,0,0,0,0,0,*,0,1,1,
19 1,1,1,1,0,0,0,0,0,0,0,0,0,0,0,0,0,0,0,*,1,1,
20 0,0,0,0,0,0,0,0,0,0,0,0,0,0,0,0,0,0,0,0,*,0,
21 0,0,0,0,0,0,0,0,0,0,0,0,0,0,0,0,0,0,0,0,0,*,
k=161
t=600

  0,1,2,3,4,5,6,7,8,9,10,11,12,13,14,15,16,17,18,19,20,21,
0 *,0,0,0,0,0,0,0,0,0,0,0,0,0,0,0,0,0,0,0,0,0,
1 0,*,0,0,0,0,0,0,0,0,0,0,0,0,0,0,0,0,0,0,0,0,
2 0,0,*,0,0,0,0,0,0,0,0,0,0,0,0,0,0,0,0,0,0,1,
3 0,0,0,*,0,0,0,0,0,0,0,0,0,0,0,0,0,0,0,0,0,1,
4 1,1,1,1,*,0,0,0,0,0,0,0,0,0,0,0,0,0,0,0,1,1,
5 1,1,1,1,0,*,0,0,0,0,0,0,0,0,0,0,0,0,0,0,1,1,
6 1,1,1,1,0,0,*,0,0,0,0,0,0,0,0,0,0,0,0,0,1,1,
7 1,1,1,1,0,0,0,*,0,0,0,0,0,0,0,0,0,0,0,0,1,1,
8 1,1,1,1,0,0,0,0,*,0,0,0,0,0,0,0,0,0,0,0,1,1,
9 1,1,1,1,0,0,0,0,0,*,0,0,0,0,0,0,0,0,0,0,1,1,
10 1,1,1,1,0,0,0,0,0,0,*,0,0,0,0,0,0,0,0,0,1,1,
11 0,0,0,0,0,0,0,0,0,0,0,*,0,0,0,0,0,0,0,0,0,0,
12 1,1,1,1,0,0,0,0,0,0,0,0,*,0,0,0,0,0,0,0,1,1,
13 1,1,1,1,0,0,0,0,0,0,0,0,0,*,0,0,0,0,0,0,1,1,
14 1,1,1,1,0,0,0,0,0,0,0,0,0,0,*,0,0,0,0,0,1,1,
15 1,1,1,1,0,0,0,0,0,0,0,0,0,0,0,*,0,0,0,0,1,1,
16 1,1,1,1,0,0,0,0,0,0,0,0,0,0,0,0,*,0,0,0,1,1,
17 0,0,0,0,0,0,0,0,0,0,0,0,0,0,0,0,0,*,0,0,0,0,
18 1,1,1,1,0,0,0,0,0,0,0,0,0,0,0,0,0,0,*,0,1,1,
19 1,1,1,1,0,0,0,0,0,0,0,0,0,0,0,0,0,0,0,*,1,1,
20 0,0,0,0,0,0,0,0,0,0,0,0,0,0,0,0,0,0,0,0,*,0,
21 0,0,0,0,0,0,0,0,0,0,0,0,0,0,0,0,0,0,0,0,0,*,
k=162
t=600

  0,1,2,3,4,5,6,7,8,9,10,11,12,13,14,15,16,17,18,19,20,21,
0 *,0,0,0,0,0,0,0,0,0,0,0,0,0,0,0,0,0,0,0,1,0,
1 0,*,0,0,0,0,0,0,0,0,0,0,0,0,0,0,0,0,0,0,1,0,
2 0,0,*,0,0,0,0,0,0,0,0,0,0,0,0,0,0,0,0,0,0,1,
3 0,0,0,*,0,0,0,0,0,0,0,0,0,0,0,0,0,0,0,0,0,1,
4 1,1,1,1,*,0,0,0,0,0,0,0,0,0,0,0,0,0,0,0,1,1,
5 1,1,1,1,0,*,0,0,0,0,0,0,0,0,0,0,0,0,0,0,1,1,
6 1,1,1,1,0,0,*,0,0,0,0,0,0,0,0,0,0,0,0,0,1,1,
7 1,1,1,1,0,0,0,*,0,0,0,0,0,0,0,0,0,0,0,0,1,1,
8 1,1,1,1,0,0,0,0,*,0,0,0,0,0,0,0,0,0,0,0,1,1,
9 1,1,1,1,0,0,0,0,0,*,0,0,0,0,0,0,0,0,0,0,1,1,
10 1,1,1,1,0,0,0,0,0,0,*,0,0,0,0,0,0,0,0,0,1,1,
11 0,0,0,0,0,0,0,0,0,0,0,*,0,0,0,0,0,0,0,0,0,0,
12 1,1,1,1,0,0,0,0,0,0,0,0,*,0,0,0,0,0,0,0,1,1,
13 1,1,1,1,0,0,0,0,0,0,0,0,0,*,0,0,0,0,0,0,1,1,
14 1,1,1,1,0,0,0,0,0,0,0,0,0,0,*,0,0,0,0,0,1,1,
15 1,1,1,1,0,0,0,0,0,0,0,0,0,0,0,*,0,0,0,0,1,1,
16 1,1,1,1,0,0,0,0,0,0,0,0,0,0,0,0,*,0,0,0,1,1,
17 0,0,0,0,0,0,0,0,0,0,0,0,0,0,0,0,0,*,0,0,0,0,
18 1,1,1,1,0,0,0,0,0,0,0,0,0,0,0,0,0,0,*,0,1,1,
19 1,1,1,1,0,0,0,0,0,0,0,0,0,0,0,0,0,0,0,*,1,1,
20 0,0,0,0,0,0,0,0,0,0,0,0,0,0,0,0,0,0,0,0,*,0,
21 0,0,0,0,0,0,0,0,0,0,0,0,0,0,0,0,0,0,0,0,0,*,
k=163
t=600

  0,1,2,3,4,5,6,7,8,9,10,11,12,13,14,15,16,17,18,19,20,21,
0 *,0,0,0,0,0,0,0,0,0,0,0,0,0,0,0,0,0,0,0,1,0,
1 0,*,0,0,0,0,0,0,0,0,0,0,0,0,0,0,0,0,0,0,1,0,
2 0,0,*,0,0,0,0,0,0,0,0,0,0,0,0,0,0,0,0,0,0,1,
3 0,0,0,*,0,0,0,0,0,0,0,0,0,0,0,0,0,0,0,0,0,1,
4 1,1,1,1,*,0,0,0,0,0,0,0,0,0,0,0,0,0,0,0,1,1,
5 1,1,1,1,0,*,0,0,0,0,0,0,0,0,0,0,0,0,0,0,1,1,
6 1,1,1,1,0,0,*,0,0,0,0,0,0,0,0,0,0,0,0,0,1,1,
7 1,1,1,1,0,0,0,*,0,0,0,0,0,0,0,0,0,0,0,0,1,1,
8 1,1,1,1,0,0,0,0,*,0,0,0,0,0,0,0,0,0,0,0,1,1,
9 1,1,1,1,0,0,0,0,0,*,0,0,0,0,0,0,0,0,0,0,1,1,
10 1,1,1,1,0,0,0,0,0,0,*,0,0,0,0,0,0,0,0,0,1,1,
11 0,0,0,0,0,0,0,0,0,0,0,*,0,0,0,0,0,0,0,0,0,0,
12 1,1,1,1,0,0,0,0,0,0,0,0,*,0,0,0,0,0,0,0,1,1,
13 1,1,1,1,0,0,0,0,0,0,0,0,0,*,0,0,0,0,0,0,1,1,
14 1,1,1,1,0,0,0,0,0,0,0,0,0,0,*,0,0,0,0,0,1,1,
15 1,1,1,1,0,0,0,0,0,0,0,0,0,0,0,*,0,0,0,0,1,1,
16 1,1,1,1,0,0,0,0,0,0,0,0,0,0,0,0,*,0,0,0,1,1,
17 0,0,0,0,0,0,0,0,0,0,0,0,0,0,0,0,0,*,0,0,0,0,
18 1,1,1,1,0,0,0,0,0,0,0,0,0,0,0,0,0,0,*,0,1,1,
19 1,1,1,1,0,0,0,0,0,0,0,0,0,0,0,0,0,0,0,*,1,1,
20 0,0,0,0,0,0,0,0,0,0,0,0,0,0,0,0,0,0,0,0,*,0,
21 0,0,0,0,0,0,0,0,0,0,0,0,0,0,0,0,0,0,0,0,0,*,
k=164
t=300

  0,1,2,3,4,5,6,7,8,9,10,11,12,13,14,15,16,17,18,19,20,21,
0 *,0,0,0,0,0,0,0,0,0,0,0,0,0,0,0,0,0,0,0,1,0,
1 0,*,0,0,0,0,0,0,0,0,0,0,0,0,0,0,0,0,0,0,1,0,
2 0,0,*,0,0,0,0,0,0,0,0,0,0,0,0,0,0,0,0,0,0,0,
3 0,0,0,*,0,0,0,0,0,0,0,0,0,0,0,0,0,0,0,0,0,0,
4 1,1,1,1,*,0,0,0,0,0,0,0,0,0,0,0,0,0,0,0,1,1,
5 1,1,1,1,0,*,0,0,0,0,0,0,0,0,0,0,0,0,0,0,1,1,
6 1,1,1,1,0,0,*,0,0,0,0,0,0,0,0,0,0,0,0,0,1,1,
7 1,1,1,1,0,0,0,*,0,0,0,0,0,0,0,0,0,0,0,0,1,1,
8 1,1,1,1,0,0,0,0,*,0,0,0,0,0,0,0,0,0,0,0,1,1,
9 1,1,1,1,0,0,0,0,0,*,0,0,0,0,0,0,0,0,0,0,1,1,
10 1,1,1,1,0,0,0,0,0,0,*,0,0,0,0,0,0,0,0,0,1,1,
11 0,0,0,0,0,0,0,0,0,0,0,*,0,0,0,0,0,0,0,0,0,0,
12 1,1,1,1,0,0,0,0,0,0,0,0,*,0,0,0,0,0,0,0,1,1,
13 1,1,1,1,0,0,0,0,0,0,0,0,0,*,0,0,0,0,0,0,1,1,
14 1,1,1,1,0,0,0,0,0,0,0,0,0,0,*,0,0,0,0,0,1,1,
15 1,1,1,1,0,0,0,0,0,0,0,0,0,0,0,*,0,0,0,0,1,1,
16 1,1,1,1,0,0,0,0,0,0,0,0,0,0,0,0,*,0,0,0,1,1,
17 0,0,0,0,0,0,0,0,0,0,0,0,0,0,0,0,0,*,0,0,0,0,
18 1,1,1,1,0,0,0,0,0,0,0,0,0,0,0,0,0,0,*,0,1,1,
19 1,1,1,1,0,0,0,0,0,0,0,0,0,0,0,0,0,0,0,*,1,1,
20 0,0,0,0,0,0,0,0,0,0,0,0,0,0,0,0,0,0,0,0,*,0,
21 0,0,0,0,0,0,0,0,0,0,0,0,0,0,0,0,0,0,0,0,0,*,
k=165
t=200

  0,1,2,3,4,5,6,7,8,9,10,11,12,13,14,15,16,17,18,19,20,21,
0 *,0,0,0,0,0,0,0,0,0,0,0,0,0,0,0,0,0,0,0,1,0,
1 0,*,0,0,0,0,0,0,0,0,0,0,0,0,0,0,0,0,0,0,1,0,
2 0,0,*,0,0,0,0,0,0,0,0,0,0,0,0,0,0,0,0,0,0,0,
3 0,0,0,*,0,0,0,0,0,0,0,0,0,0,0,0,0,0,0,0,0,0,
4 1,1,1,1,*,0,0,0,0,0,0,0,0,0,0,0,0,0,0,0,1,1,
5 1,1,1,1,0,*,0,0,0,0,0,0,0,0,0,0,0,0,0,0,1,1,
6 1,1,1,1,0,0,*,0,0,0,0,0,0,0,0,0,0,0,0,0,1,1,
7 1,1,1,1,0,0,0,*,0,0,0,0,0,0,0,0,0,0,0,0,1,1,
8 1,1,1,1,0,0,0,0,*,0,0,0,0,0,0,0,0,0,0,0,1,1,
9 1,1,1,1,0,0,0,0,0,*,0,0,0,0,0,0,0,0,0,0,1,1,
10 1,1,1,1,0,0,0,0,0,0,*,0,0,0,0,0,0,0,0,0,1,1,
11 1,1,1,1,0,0,0,0,0,0,0,*,0,0,0,0,0,0,0,0,1,1,
12 1,1,1,1,0,0,0,0,0,0,0,0,*,0,0,0,0,0,0,0,1,1,
13 1,1,1,1,0,0,0,0,0,0,0,0,0,*,0,0,0,0,0,0,1,1,
14 1,1,1,1,0,0,0,0,0,0,0,0,0,0,*,0,0,0,0,0,1,1,
15 1,1,1,1,0,0,0,0,0,0,0,0,0,0,0,*,0,0,0,0,1,1,
16 1,1,1,1,0,0,0,0,0,0,0,0,0,0,0,0,*,0,0,0,1,1,
17 1,1,1,1,0,0,0,0,0,0,0,0,0,0,0,0,0,*,0,0,1,1,
18 1,1,1,1,0,0,0,0,0,0,0,0,0,0,0,0,0,0,*,0,1,1,
19 1,1,1,1,0,0,0,0,0,0,0,0,0,0,0,0,0,0,0,*,1,1,
20 0,0,0,0,0,0,0,0,0,0,0,0,0,0,0,0,0,0,0,0,*,0,
21 0,0,0,0,0,0,0,0,0,0,0,0,0,0,0,0,0,0,0,0,0,*,
k=166
t=600

  0,1,2,3,4,5,6,7,8,9,10,11,12,13,14,15,16,17,18,19,20,21,
0 *,0,0,0,0,0,0,0,0,0,0,0,0,0,0,0,0,0,0,0,1,0,
1 0,*,0,0,0,0,0,0,0,0,0,0,0,0,0,0,0,0,0,0,1,0,
2 0,0,*,0,0,0,0,0,0,0,0,0,0,0,0,0,0,0,0,0,0,0,
3 0,0,0,*,0,0,0,0,0,0,0,0,0,0,0,0,0,0,0,0,0,0,
4 1,1,1,1,*,0,0,0,0,0,0,0,0,0,0,0,0,0,0,0,1,1,
5 1,1,1,1,0,*,0,0,0,0,0,0,0,0,0,0,0,0,0,0,1,1,
6 1,1,1,1,0,0,*,0,0,0,0,0,0,0,0,0,0,0,0,0,1,1,
7 1,1,1,1,0,0,0,*,0,0,0,0,0,0,0,0,0,0,0,0,1,1,
8 1,1,1,1,0,0,0,0,*,0,0,0,0,0,0,0,0,0,0,0,1,1,
9 1,1,1,1,0,0,0,0,0,*,0,0,0,0,0,0,0,0,0,0,1,1,
10 1,1,1,1,0,0,0,0,0,0,*,0,0,0,0,0,0,0,0,0,1,1,
11 1,1,1,1,0,0,0,0,0,0,0,*,0,0,0,0,0,0,0,0,1,1,
12 1,1,1,1,0,0,0,0,0,0,0,0,*,0,0,0,0,0,0,0,1,1,
13 1,1,1,1,0,0,0,0,0,0,0,0,0,*,0,0,0,0,0,0,1,1,
14 1,1,1,1,0,0,0,0,0,0,0,0,0,0,*,0,0,0,0,0,1,1,
15 1,1,1,1,0,0,0,0,0,0,0,0,0,0,0,*,0,0,0,0,1,1,
16 1,1,1,1,0,0,0,0,0,0,0,0,0,0,0,0,*,0,0,0,1,1,
17 1,1,1,1,0,0,0,0,0,0,0,0,0,0,0,0,0,*,0,0,1,1,
18 1,1,1,1,0,0,0,0,0,0,0,0,0,0,0,0,0,0,*,0,1,1,
19 1,1,1,1,0,0,0,0,0,0,0,0,0,0,0,0,0,0,0,*,1,1,
20 0,0,0,0,0,0,0,0,0,0,0,0,0,0,0,0,0,0,0,0,*,0,
21 0,0,0,0,0,0,0,0,0,0,0,0,0,0,0,0,0,0,0,0,0,*,
k=167
t=100

  0,1,2,3,4,5,6,7,8,9,10,11,12,13,14,15,16,17,18,19,20,21,
0 *,0,0,0,0,0,0,0,0,0,0,0,0,0,0,0,0,0,0,0,1,0,
1 0,*,0,0,0,0,0,0,0,0,0,0,0,0,0,0,0,0,0,0,1,0,
2 0,0,*,0,0,0,0,0,0,0,0,0,0,0,0,0,0,0,0,0,0,0,
3 0,0,0,*,0,0,0,0,0,0,0,0,0,0,0,0,0,0,0,0,0,0,
4 1,1,1,1,*,0,0,0,0,0,0,0,0,0,0,0,0,0,0,0,1,1,
5 1,1,1,1,0,*,0,0,0,0,0,0,0,0,0,0,0,0,0,0,1,1,
6 1,1,1,1,0,0,*,0,0,0,0,0,0,0,0,0,0,0,0,0,1,1,
7 1,1,1,1,0,0,0,*,0,0,0,0,0,0,0,0,0,0,0,0,1,1,
8 1,1,1,1,0,0,0,0,*,0,0,0,0,0,0,0,0,0,0,0,1,1,
9 1,1,1,1,0,0,0,0,0,*,0,0,0,0,0,0,0,0,0,0,1,1,
10 1,1,1,1,0,0,0,0,0,0,*,0,0,0,0,0,0,0,0,0,1,1,
11 1,1,1,1,0,0,0,0,0,0,0,*,0,0,0,0,0,0,0,0,1,1,
12 1,1,1,1,0,0,0,0,0,0,0,0,*,0,0,0,0,0,0,0,1,1,
13 1,1,1,1,0,0,0,0,0,0,0,0,0,*,0,0,0,0,0,0,1,1,
14 1,1,1,1,0,0,0,0,0,0,0,0,0,0,*,0,0,0,0,0,1,1,
15 1,1,1,1,0,0,0,0,0,0,0,0,0,0,0,*,0,0,0,0,1,1,
16 1,1,1,1,0,0,0,0,0,0,0,0,0,0,0,0,*,0,0,0,1,1,
17 1,1,1,1,0,0,0,0,0,0,0,0,0,0,0,0,0,*,0,0,1,1,
18 1,1,1,1,0,0,0,0,0,0,0,0,0,0,0,0,0,0,*,0,1,1,
19 1,1,1,1,0,0,0,0,0,0,0,0,0,0,0,0,0,0,0,*,1,1,
20 0,0,0,0,0,0,0,0,0,0,0,0,0,0,0,0,0,0,0,0,*,0,
21 0,0,0,0,0,0,0,0,0,0,0,0,0,0,0,0,0,0,0,0,0,*,
k=168
t=300

  0,1,2,3,4,5,6,7,8,9,10,11,12,13,14,15,16,17,18,19,20,21,
0 *,0,0,0,0,0,0,0,0,0,0,0,0,0,0,0,0,0,0,0,1,0,
1 0,*,0,0,0,0,0,0,0,0,0,0,0,0,0,0,0,0,0,0,1,0,
2 0,0,*,0,0,0,0,0,0,0,0,0,0,0,0,0,0,0,0,0,0,0,
3 0,0,0,*,0,0,0,0,0,0,0,0,0,0,0,0,0,0,0,0,0,0,
4 1,1,0,0,*,0,0,0,0,0,0,0,0,0,0,0,0,0,0,0,1,1,
5 1,1,0,0,0,*,0,0,0,0,0,0,0,0,0,0,0,0,0,0,1,1,
6 1,1,0,0,0,0,*,0,0,0,0,0,0,0,0,0,0,0,0,0,1,1,
7 1,1,0,0,0,0,0,*,0,0,0,0,0,0,0,0,0,0,0,0,1,1,
8 1,1,0,0,0,0,0,0,*,0,0,0,0,0,0,0,0,0,0,0,1,1,
9 1,1,0,0,0,0,0,0,0,*,0,0,0,0,0,0,0,0,0,0,1,1,
10 1,1,0,0,0,0,0,0,0,0,*,0,0,0,0,0,0,0,0,0,1,1,
11 1,1,0,0,0,0,0,0,0,0,0,*,0,0,0,0,0,0,0,0,1,1,
12 1,1,0,0,0,0,0,0,0,0,0,0,*,0,0,0,0,0,0,0,1,1,
13 1,1,0,0,0,0,0,0,0,0,0,0,0,*,0,0,0,0,0,0,1,1,
14 1,1,0,0,0,0,0,0,0,0,0,0,0,0,*,0,0,0,0,0,1,1,
15 1,1,0,0,0,0,0,0,0,0,0,0,0,0,0,*,0,0,0,0,1,1,
16 1,1,0,0,0,0,0,0,0,0,0,0,0,0,0,0,*,0,0,0,1,1,
17 1,1,0,0,0,0,0,0,0,0,0,0,0,0,0,0,0,*,0,0,1,1,
18 1,1,0,0,0,0,0,0,0,0,0,0,0,0,0,0,0,0,*,0,1,1,
19 1,1,0,0,0,0,0,0,0,0,0,0,0,0,0,0,0,0,0,*,1,1,
20 0,0,0,0,0,0,0,0,0,0,0,0,0,0,0,0,0,0,0,0,*,0,
21 0,0,0,0,0,0,0,0,0,0,0,0,0,0,0,0,0,0,0,0,0,*,
k=169
t=600

  0,1,2,3,4,5,6,7,8,9,10,11,12,13,14,15,16,17,18,19,20,21,
0 *,0,0,0,0,0,0,0,0,0,0,0,0,0,0,0,0,0,0,0,1,0,
1 0,*,0,0,0,0,0,0,0,0,0,0,0,0,0,0,0,0,0,0,1,0,
2 0,0,*,0,0,0,0,0,0,0,0,0,0,0,0,0,0,0,0,0,0,0,
3 0,0,0,*,0,0,0,0,0,0,0,0,0,0,0,0,0,0,0,0,0,0,
4 1,1,0,0,*,0,0,0,0,0,0,0,0,0,0,0,0,0,0,0,1,1,
5 1,1,0,0,0,*,0,0,0,0,0,0,0,0,0,0,0,0,0,0,1,1,
6 1,1,0,0,0,0,*,0,0,0,0,0,0,0,0,0,0,0,0,0,1,1,
7 1,1,0,0,0,0,0,*,0,0,0,0,0,0,0,0,0,0,0,0,1,1,
8 1,1,0,0,0,0,0,0,*,0,0,0,0,0,0,0,0,0,0,0,1,1,
9 1,1,0,0,0,0,0,0,0,*,0,0,0,0,0,0,0,0,0,0,1,1,
10 1,1,0,0,0,0,0,0,0,0,*,0,0,0,0,0,0,0,0,0,1,1,
11 1,1,0,0,0,0,0,0,0,0,0,*,0,0,0,0,0,0,0,0,1,1,
12 1,1,0,0,0,0,0,0,0,0,0,0,*,0,0,0,0,0,0,0,1,1,
13 1,1,0,0,0,0,0,0,0,0,0,0,0,*,0,0,0,0,0,0,1,1,
14 1,1,0,0,0,0,0,0,0,0,0,0,0,0,*,0,0,0,0,0,1,1,
15 1,1,0,0,0,0,0,0,0,0,0,0,0,0,0,*,0,0,0,0,1,1,
16 1,1,0,0,0,0,0,0,0,0,0,0,0,0,0,0,*,0,0,0,1,1,
17 1,1,0,0,0,0,0,0,0,0,0,0,0,0,0,0,0,*,0,0,1,1,
18 1,1,0,0,0,0,0,0,0,0,0,0,0,0,0,0,0,0,*,0,1,1,
19 1,1,0,0,0,0,0,0,0,0,0,0,0,0,0,0,0,0,0,*,1,1,
20 0,0,0,0,0,0,0,0,0,0,0,0,0,0,0,0,0,0,0,0,*,0,
21 0,0,0,0,0,0,0,0,0,0,0,0,0,0,0,0,0,0,0,0,0,*,
k=170
t=400

  0,1,2,3,4,5,6,7,8,9,10,11,12,13,14,15,16,17,18,19,20,21,
0 *,0,0,0,0,0,0,0,0,0,0,0,0,0,0,0,0,0,0,0,1,0,
1 0,*,0,0,0,0,0,0,0,0,0,0,0,0,0,0,0,0,0,0,1,0,
2 0,0,*,0,0,0,0,0,0,0,0,0,0,0,0,0,0,0,0,0,0,0,
3 0,0,0,*,0,0,0,0,0,0,0,0,0,0,0,0,0,0,0,0,0,0,
4 1,1,0,0,*,0,0,0,0,0,0,0,0,0,0,0,0,0,0,0,1,1,
5 1,1,0,0,0,*,0,0,0,0,0,0,0,0,0,0,0,0,0,0,1,1,
6 1,1,0,0,0,0,*,0,0,0,0,0,0,0,0,0,0,0,0,0,1,1,
7 1,1,0,0,0,0,0,*,0,0,0,0,0,0,0,0,0,0,0,0,1,1,
8 1,1,0,0,0,0,0,0,*,0,0,0,0,0,0,0,0,0,0,0,1,1,
9 1,1,0,0,0,0,0,0,0,*,0,0,0,0,0,0,0,0,0,0,1,1,
10 1,1,0,0,0,0,0,0,0,0,*,0,0,0,0,0,0,0,0,0,1,1,
11 1,1,0,0,0,0,0,0,0,0,0,*,0,0,0,0,0,0,0,0,1,1,
12 1,1,0,0,0,0,0,0,0,0,0,0,*,0,0,0,0,0,0,0,1,1,
13 1,1,0,0,0,0,0,0,0,0,0,0,0,*,0,0,0,0,0,0,1,1,
14 1,1,0,0,0,0,0,0,0,0,0,0,0,0,*,0,0,0,0,0,1,1,
15 1,1,0,0,0,0,0,0,0,0,0,0,0,0,0,*,0,0,0,0,1,1,
16 1,1,0,0,0,0,0,0,0,0,0,0,0,0,0,0,*,0,0,0,1,1,
17 1,1,0,0,0,0,0,0,0,0,0,0,0,0,0,0,0,*,0,0,1,1,
18 1,1,0,0,0,0,0,0,0,0,0,0,0,0,0,0,0,0,*,0,1,1,
19 1,1,0,0,0,0,0,0,0,0,0,0,0,0,0,0,0,0,0,*,1,1,
20 0,0,0,0,0,0,0,0,0,0,0,0,0,0,0,0,0,0,0,0,*,0,
21 0,0,0,0,0,0,0,0,0,0,0,0,0,0,0,0,0,0,0,0,0,*,
k=171
t=400

  0,1,2,3,4,5,6,7,8,9,10,11,12,13,14,15,16,17,18,19,20,21,
0 *,0,0,0,0,0,0,0,0,0,0,0,0,0,0,0,0,0,0,0,1,0,
1 0,*,0,0,0,0,0,0,0,0,0,0,0,0,0,0,0,0,0,0,1,0,
2 0,0,*,0,0,0,0,0,0,0,0,0,0,0,0,0,0,0,0,0,0,0,
3 0,0,0,*,0,0,0,0,0,0,0,0,0,0,0,0,0,0,0,0,0,0,
4 1,1,1,1,*,0,0,0,0,0,0,0,0,0,0,0,0,0,0,0,1,1,
5 1,1,1,1,0,*,0,0,0,0,0,0,0,0,0,0,0,0,0,0,1,1,
6 1,1,1,1,0,0,*,0,0,0,0,0,0,0,0,0,0,0,0,0,1,1,
7 1,1,1,1,0,0,0,*,0,0,0,0,0,0,0,0,0,0,0,0,1,1,
8 1,1,1,1,0,0,0,0,*,0,0,0,0,0,0,0,0,0,0,0,1,1,
9 1,1,1,1,0,0,0,0,0,*,0,0,0,0,0,0,0,0,0,0,1,1,
10 0,0,0,0,0,0,0,0,0,0,*,0,0,0,0,0,0,0,0,0,0,0,
11 1,1,1,1,0,0,0,0,0,0,0,*,0,0,0,0,0,0,0,0,1,1,
12 1,1,1,1,0,0,0,0,0,0,0,0,*,0,0,0,0,0,0,0,1,1,
13 1,1,1,1,0,0,0,0,0,0,0,0,0,*,0,0,0,0,0,0,1,1,
14 1,1,1,1,0,0,0,0,0,0,0,0,0,0,*,0,0,0,0,0,1,1,
15 1,1,1,1,0,0,0,0,0,0,0,0,0,0,0,*,0,0,0,0,1,1,
16 0,0,0,0,0,0,0,0,0,0,0,0,0,0,0,0,*,0,0,0,0,0,
17 1,1,1,1,0,0,0,0,0,0,0,0,0,0,0,0,0,*,0,0,1,1,
18 1,1,1,1,0,0,0,0,0,0,0,0,0,0,0,0,0,0,*,0,1,1,
19 1,1,1,1,0,0,0,0,0,0,0,0,0,0,0,0,0,0,0,*,1,1,
20 0,0,0,0,0,0,0,0,0,0,0,0,0,0,0,0,0,0,0,0,*,0,
21 0,0,0,0,0,0,0,0,0,0,0,0,0,0,0,0,0,0,0,0,0,*,
k=172
t=600

  0,1,2,3,4,5,6,7,8,9,10,11,12,13,14,15,16,17,18,19,20,21,
0 *,0,0,0,0,0,0,0,0,0,0,0,0,0,0,0,0,0,0,0,1,1,
1 0,*,0,0,0,0,0,0,0,0,0,0,0,0,0,0,0,0,0,0,1,1,
2 0,0,*,0,0,0,0,0,0,0,0,0,0,0,0,0,0,0,0,0,0,0,
3 0,0,0,*,0,0,0,0,0,0,0,0,0,0,0,0,0,0,0,0,0,0,
4 1,1,1,1,*,0,0,0,0,0,0,0,0,0,0,0,0,0,0,0,1,1,
5 1,1,1,1,0,*,0,0,0,0,0,0,0,0,0,0,0,0,0,0,1,1,
6 1,1,1,1,0,0,*,0,0,0,0,0,0,0,0,0,0,0,0,0,1,1,
7 1,1,1,1,0,0,0,*,0,0,0,0,0,0,0,0,0,0,0,0,1,1,
8 1,1,1,1,0,0,0,0,*,0,0,0,0,0,0,0,0,0,0,0,1,1,
9 1,1,1,1,0,0,0,0,0,*,0,0,0,0,0,0,0,0,0,0,1,1,
10 0,0,0,0,0,0,0,0,0,0,*,0,0,0,0,0,0,0,0,0,0,0,
11 1,1,1,1,0,0,0,0,0,0,0,*,0,0,0,0,0,0,0,0,1,1,
12 1,1,1,1,0,0,0,0,0,0,0,0,*,0,0,0,0,0,0,0,1,1,
13 1,1,1,1,0,0,0,0,0,0,0,0,0,*,0,0,0,0,0,0,1,1,
14 1,1,1,1,0,0,0,0,0,0,0,0,0,0,*,0,0,0,0,0,1,1,
15 1,1,1,1,0,0,0,0,0,0,0,0,0,0,0,*,0,0,0,0,1,1,
16 0,0,0,0,0,0,0,0,0,0,0,0,0,0,0,0,*,0,0,0,0,0,
17 1,1,1,1,0,0,0,0,0,0,0,0,0,0,0,0,0,*,0,0,1,1,
18 1,1,1,1,0,0,0,0,0,0,0,0,0,0,0,0,0,0,*,0,1,1,
19 1,1,1,1,0,0,0,0,0,0,0,0,0,0,0,0,0,0,0,*,1,1,
20 0,0,0,0,0,0,0,0,0,0,0,0,0,0,0,0,0,0,0,0,*,0,
21 0,0,0,0,0,0,0,0,0,0,0,0,0,0,0,0,0,0,0,0,0,*,
k=173
t=600

  0,1,2,3,4,5,6,7,8,9,10,11,12,13,14,15,16,17,18,19,20,21,
0 *,0,0,0,0,0,0,0,0,0,0,0,0,0,0,0,0,0,0,0,1,1,
1 0,*,0,0,0,0,0,0,0,0,0,0,0,0,0,0,0,0,0,0,1,1,
2 0,0,*,0,0,0,0,0,0,0,0,0,0,0,0,0,0,0,0,0,0,0,
3 0,0,0,*,0,0,0,0,0,0,0,0,0,0,0,0,0,0,0,0,0,0,
4 1,1,1,1,*,0,0,0,0,0,0,0,0,0,0,0,0,0,0,0,1,1,
5 1,1,1,1,0,*,0,0,0,0,0,0,0,0,0,0,0,0,0,0,1,1,
6 1,1,1,1,0,0,*,0,0,0,0,0,0,0,0,0,0,0,0,0,1,1,
7 1,1,1,1,0,0,0,*,0,0,0,0,0,0,0,0,0,0,0,0,1,1,
8 1,1,1,1,0,0,0,0,*,0,0,0,0,0,0,0,0,0,0,0,1,1,
9 1,1,1,1,0,0,0,0,0,*,0,0,0,0,0,0,0,0,0,0,1,1,
10 0,0,0,0,0,0,0,0,0,0,*,0,0,0,0,0,0,0,0,0,0,0,
11 1,1,1,1,0,0,0,0,0,0,0,*,0,0,0,0,0,0,0,0,1,1,
12 1,1,1,1,0,0,0,0,0,0,0,0,*,0,0,0,0,0,0,0,1,1,
13 1,1,1,1,0,0,0,0,0,0,0,0,0,*,0,0,0,0,0,0,1,1,
14 1,1,1,1,0,0,0,0,0,0,0,0,0,0,*,0,0,0,0,0,1,1,
15 1,1,1,1,0,0,0,0,0,0,0,0,0,0,0,*,0,0,0,0,1,1,
16 0,0,0,0,0,0,0,0,0,0,0,0,0,0,0,0,*,0,0,0,0,0,
17 1,1,1,1,0,0,0,0,0,0,0,0,0,0,0,0,0,*,0,0,1,1,
18 1,1,1,1,0,0,0,0,0,0,0,0,0,0,0,0,0,0,*,0,1,1,
19 1,1,1,1,0,0,0,0,0,0,0,0,0,0,0,0,0,0,0,*,1,1,
20 0,0,0,0,0,0,0,0,0,0,0,0,0,0,0,0,0,0,0,0,*,0,
21 0,0,0,0,0,0,0,0,0,0,0,0,0,0,0,0,0,0,0,0,0,*,
k=174
t=600

  0,1,2,3,4,5,6,7,8,9,10,11,12,13,14,15,16,17,18,19,20,21,
0 *,0,0,0,0,0,0,0,0,0,0,0,0,0,0,0,0,0,0,0,1,1,
1 0,*,0,0,0,0,0,0,0,0,0,0,0,0,0,0,0,0,0,0,1,1,
2 0,0,*,0,0,0,0,0,0,0,0,0,0,0,0,0,0,0,0,0,0,0,
3 0,0,0,*,0,0,0,0,0,0,0,0,0,0,0,0,0,0,0,0,0,0,
4 1,1,1,1,*,0,0,0,0,0,0,0,0,0,0,0,0,0,0,0,1,1,
5 1,1,1,1,0,*,0,0,0,0,0,0,0,0,0,0,0,0,0,0,1,1,
6 1,1,1,1,0,0,*,0,0,0,0,0,0,0,0,0,0,0,0,0,1,1,
7 1,1,1,1,0,0,0,*,0,0,0,0,0,0,0,0,0,0,0,0,1,1,
8 1,1,1,1,0,0,0,0,*,0,0,0,0,0,0,0,0,0,0,0,1,1,
9 1,1,1,1,0,0,0,0,0,*,0,0,0,0,0,0,0,0,0,0,1,1,
10 0,0,0,0,0,0,0,0,0,0,*,0,0,0,0,0,0,0,0,0,0,0,
11 1,1,1,1,0,0,0,0,0,0,0,*,0,0,0,0,0,0,0,0,1,1,
12 1,1,1,1,0,0,0,0,0,0,0,0,*,0,0,0,0,0,0,0,1,1,
13 1,1,1,1,0,0,0,0,0,0,0,0,0,*,0,0,0,0,0,0,1,1,
14 1,1,1,1,0,0,0,0,0,0,0,0,0,0,*,0,0,0,0,0,1,1,
15 1,1,1,1,0,0,0,0,0,0,0,0,0,0,0,*,0,0,0,0,1,1,
16 0,0,0,0,0,0,0,0,0,0,0,0,0,0,0,0,*,0,0,0,0,0,
17 1,1,1,1,0,0,0,0,0,0,0,0,0,0,0,0,0,*,0,0,1,1,
18 1,1,1,1,0,0,0,0,0,0,0,0,0,0,0,0,0,0,*,0,1,1,
19 1,1,1,1,0,0,0,0,0,0,0,0,0,0,0,0,0,0,0,*,1,1,
20 0,0,0,0,0,0,0,0,0,0,0,0,0,0,0,0,0,0,0,0,*,0,
21 0,0,0,0,0,0,0,0,0,0,0,0,0,0,0,0,0,0,0,0,0,*,
k=175
t=500

  0,1,2,3,4,5,6,7,8,9,10,11,12,13,14,15,16,17,18,19,20,21,
0 *,0,0,0,0,0,0,0,0,0,0,0,0,0,0,0,0,0,0,0,1,1,
1 0,*,0,0,0,0,0,0,0,0,0,0,0,0,0,0,0,0,0,0,1,1,
2 0,0,*,0,0,0,0,0,0,0,0,0,0,0,0,0,0,0,0,0,0,0,
3 0,0,0,*,0,0,0,0,0,0,0,0,0,0,0,0,0,0,0,0,0,0,
4 1,1,1,1,*,0,0,0,0,0,0,0,0,0,0,0,0,0,0,0,1,1,
5 1,1,1,1,0,*,0,0,0,0,0,0,0,0,0,0,0,0,0,0,1,1,
6 1,1,1,1,0,0,*,0,0,0,0,0,0,0,0,0,0,0,0,0,1,1,
7 1,1,1,1,0,0,0,*,0,0,0,0,0,0,0,0,0,0,0,0,1,1,
8 1,1,1,1,0,0,0,0,*,0,0,0,0,0,0,0,0,0,0,0,1,1,
9 1,1,1,1,0,0,0,0,0,*,0,0,0,0,0,0,0,0,0,0,1,1,
10 1,1,1,1,0,0,0,0,0,0,*,0,0,0,0,0,0,0,0,0,1,1,
11 1,1,1,1,0,0,0,0,0,0,0,*,0,0,0,0,0,0,0,0,1,1,
12 1,1,1,1,0,0,0,0,0,0,0,0,*,0,0,0,0,0,0,0,1,1,
13 1,1,1,1,0,0,0,0,0,0,0,0,0,*,0,0,0,0,0,0,1,1,
14 1,1,1,1,0,0,0,0,0,0,0,0,0,0,*,0,0,0,0,0,1,1,
15 1,1,1,1,0,0,0,0,0,0,0,0,0,0,0,*,0,0,0,0,1,1,
16 1,1,1,1,0,0,0,0,0,0,0,0,0,0,0,0,*,0,0,0,1,1,
17 1,1,1,1,0,0,0,0,0,0,0,0,0,0,0,0,0,*,0,0,1,1,
18 1,1,1,1,0,0,0,0,0,0,0,0,0,0,0,0,0,0,*,0,1,1,
19 1,1,1,1,0,0,0,0,0,0,0,0,0,0,0,0,0,0,0,*,1,1,
20 0,0,0,0,0,0,0,0,0,0,0,0,0,0,0,0,0,0,0,0,*,0,
21 0,0,0,0,0,0,0,0,0,0,0,0,0,0,0,0,0,0,0,0,0,*,
k=176
t=100

  0,1,2,3,4,5,6,7,8,9,10,11,12,13,14,15,16,17,18,19,20,21,
0 *,0,0,0,0,0,0,0,0,0,0,0,0,0,0,0,0,0,0,0,0,1,
1 0,*,0,0,0,0,0,0,0,0,0,0,0,0,0,0,0,0,0,0,0,1,
2 0,0,*,0,0,0,0,0,0,0,0,0,0,0,0,0,0,0,0,0,0,0,
3 0,0,0,*,0,0,0,0,0,0,0,0,0,0,0,0,0,0,0,0,0,0,
4 1,1,1,1,*,0,0,0,0,0,0,0,0,0,0,0,0,0,0,0,1,1,
5 1,1,1,1,0,*,0,0,0,0,0,0,0,0,0,0,0,0,0,0,1,1,
6 1,1,1,1,0,0,*,0,0,0,0,0,0,0,0,0,0,0,0,0,1,1,
7 1,1,1,1,0,0,0,*,0,0,0,0,0,0,0,0,0,0,0,0,1,1,
8 1,1,1,1,0,0,0,0,*,0,0,0,0,0,0,0,0,0,0,0,1,1,
9 1,1,1,1,0,0,0,0,0,*,0,0,0,0,0,0,0,0,0,0,1,1,
10 1,1,1,1,0,0,0,0,0,0,*,0,0,0,0,0,0,0,0,0,1,1,
11 1,1,1,1,0,0,0,0,0,0,0,*,0,0,0,0,0,0,0,0,1,1,
12 1,1,1,1,0,0,0,0,0,0,0,0,*,0,0,0,0,0,0,0,1,1,
13 1,1,1,1,0,0,0,0,0,0,0,0,0,*,0,0,0,0,0,0,1,1,
14 1,1,1,1,0,0,0,0,0,0,0,0,0,0,*,0,0,0,0,0,1,1,
15 1,1,1,1,0,0,0,0,0,0,0,0,0,0,0,*,0,0,0,0,1,1,
16 1,1,1,1,0,0,0,0,0,0,0,0,0,0,0,0,*,0,0,0,1,1,
17 1,1,1,1,0,0,0,0,0,0,0,0,0,0,0,0,0,*,0,0,1,1,
18 1,1,1,1,0,0,0,0,0,0,0,0,0,0,0,0,0,0,*,0,1,1,
19 1,1,1,1,0,0,0,0,0,0,0,0,0,0,0,0,0,0,0,*,1,1,
20 0,0,0,0,0,0,0,0,0,0,0,0,0,0,0,0,0,0,0,0,*,0,
21 0,0,0,0,0,0,0,0,0,0,0,0,0,0,0,0,0,0,0,0,0,*,
k=177
t=600

  0,1,2,3,4,5,6,7,8,9,10,11,12,13,14,15,16,17,18,19,20,21,
0 *,0,0,0,0,0,0,0,0,0,0,0,0,0,0,0,0,0,0,0,0,1,
1 0,*,0,0,0,0,0,0,0,0,0,0,0,0,0,0,0,0,0,0,0,1,
2 0,0,*,0,0,0,0,0,0,0,0,0,0,0,0,0,0,0,0,0,0,0,
3 0,0,0,*,0,0,0,0,0,0,0,0,0,0,0,0,0,0,0,0,0,0,
4 1,1,1,1,*,0,0,0,0,0,0,0,0,0,0,0,0,0,0,0,1,1,
5 1,1,1,1,0,*,0,0,0,0,0,0,0,0,0,0,0,0,0,0,1,1,
6 1,1,1,1,0,0,*,0,0,0,0,0,0,0,0,0,0,0,0,0,1,1,
7 1,1,1,1,0,0,0,*,0,0,0,0,0,0,0,0,0,0,0,0,1,1,
8 1,1,1,1,0,0,0,0,*,0,0,0,0,0,0,0,0,0,0,0,1,1,
9 1,1,1,1,0,0,0,0,0,*,0,0,0,0,0,0,0,0,0,0,1,1,
10 1,1,1,1,0,0,0,0,0,0,*,0,0,0,0,0,0,0,0,0,1,1,
11 1,1,1,1,0,0,0,0,0,0,0,*,0,0,0,0,0,0,0,0,1,1,
12 1,1,1,1,0,0,0,0,0,0,0,0,*,0,0,0,0,0,0,0,1,1,
13 1,1,1,1,0,0,0,0,0,0,0,0,0,*,0,0,0,0,0,0,1,1,
14 1,1,1,1,0,0,0,0,0,0,0,0,0,0,*,0,0,0,0,0,1,1,
15 1,1,1,1,0,0,0,0,0,0,0,0,0,0,0,*,0,0,0,0,1,1,
16 1,1,1,1,0,0,0,0,0,0,0,0,0,0,0,0,*,0,0,0,1,1,
17 1,1,1,1,0,0,0,0,0,0,0,0,0,0,0,0,0,*,0,0,1,1,
18 1,1,1,1,0,0,0,0,0,0,0,0,0,0,0,0,0,0,*,0,1,1,
19 1,1,1,1,0,0,0,0,0,0,0,0,0,0,0,0,0,0,0,*,1,1,
20 0,0,0,0,0,0,0,0,0,0,0,0,0,0,0,0,0,0,0,0,*,0,
21 0,0,0,0,0,0,0,0,0,0,0,0,0,0,0,0,0,0,0,0,0,*,
k=178
t=200

  0,1,2,3,4,5,6,7,8,9,10,11,12,13,14,15,16,17,18,19,20,21,
0 *,0,0,0,0,0,0,0,0,0,0,0,0,0,0,0,0,0,0,0,0,1,
1 0,*,0,0,0,0,0,0,0,0,0,0,0,0,0,0,0,0,0,0,0,1,
2 0,0,*,0,0,0,0,0,0,0,0,0,0,0,0,0,0,0,0,0,1,0,
3 0,0,0,*,0,0,0,0,0,0,0,0,0,0,0,0,0,0,0,0,1,0,
4 1,1,1,1,*,0,0,0,0,0,0,0,0,0,0,0,0,0,0,0,1,1,
5 1,1,1,1,0,*,0,0,0,0,0,0,0,0,0,0,0,0,0,0,1,1,
6 1,1,1,1,0,0,*,0,0,0,0,0,0,0,0,0,0,0,0,0,1,1,
7 1,1,1,1,0,0,0,*,0,0,0,0,0,0,0,0,0,0,0,0,1,1,
8 1,1,1,1,0,0,0,0,*,0,0,0,0,0,0,0,0,0,0,0,1,1,
9 1,1,1,1,0,0,0,0,0,*,0,0,0,0,0,0,0,0,0,0,1,1,
10 1,1,1,1,0,0,0,0,0,0,*,0,0,0,0,0,0,0,0,0,1,1,
11 1,1,1,1,0,0,0,0,0,0,0,*,0,0,0,0,0,0,0,0,1,1,
12 1,1,1,1,0,0,0,0,0,0,0,0,*,0,0,0,0,0,0,0,1,1,
13 1,1,1,1,0,0,0,0,0,0,0,0,0,*,0,0,0,0,0,0,1,1,
14 1,1,1,1,0,0,0,0,0,0,0,0,0,0,*,0,0,0,0,0,1,1,
15 1,1,1,1,0,0,0,0,0,0,0,0,0,0,0,*,0,0,0,0,1,1,
16 1,1,1,1,0,0,0,0,0,0,0,0,0,0,0,0,*,0,0,0,1,1,
17 1,1,1,1,0,0,0,0,0,0,0,0,0,0,0,0,0,*,0,0,1,1,
18 1,1,1,1,0,0,0,0,0,0,0,0,0,0,0,0,0,0,*,0,1,1,
19 1,1,1,1,0,0,0,0,0,0,0,0,0,0,0,0,0,0,0,*,1,1,
20 0,0,0,0,0,0,0,0,0,0,0,0,0,0,0,0,0,0,0,0,*,0,
21 0,0,0,0,0,0,0,0,0,0,0,0,0,0,0,0,0,0,0,0,0,*,
k=179
t=600

  0,1,2,3,4,5,6,7,8,9,10,11,12,13,14,15,16,17,18,19,20,21,
0 *,0,0,0,0,0,0,0,0,0,0,0,0,0,0,0,0,0,0,0,0,1,
1 0,*,0,0,0,0,0,0,0,0,0,0,0,0,0,0,0,0,0,0,0,1,
2 0,0,*,0,0,0,0,0,0,0,0,0,0,0,0,0,0,0,0,0,1,0,
3 0,0,0,*,0,0,0,0,0,0,0,0,0,0,0,0,0,0,0,0,1,0,
4 1,1,1,1,*,0,0,0,0,0,0,0,0,0,0,0,0,0,0,0,1,1,
5 1,1,1,1,0,*,0,0,0,0,0,0,0,0,0,0,0,0,0,0,1,1,
6 1,1,1,1,0,0,*,0,0,0,0,0,0,0,0,0,0,0,0,0,1,1,
7 1,1,1,1,0,0,0,*,0,0,0,0,0,0,0,0,0,0,0,0,1,1,
8 1,1,1,1,0,0,0,0,*,0,0,0,0,0,0,0,0,0,0,0,1,1,
9 1,1,1,1,0,0,0,0,0,*,0,0,0,0,0,0,0,0,0,0,1,1,
10 1,1,1,1,0,0,0,0,0,0,*,0,0,0,0,0,0,0,0,0,1,1,
11 1,1,1,1,0,0,0,0,0,0,0,*,0,0,0,0,0,0,0,0,1,1,
12 1,1,1,1,0,0,0,0,0,0,0,0,*,0,0,0,0,0,0,0,1,1,
13 1,1,1,1,0,0,0,0,0,0,0,0,0,*,0,0,0,0,0,0,1,1,
14 1,1,1,1,0,0,0,0,0,0,0,0,0,0,*,0,0,0,0,0,1,1,
15 1,1,1,1,0,0,0,0,0,0,0,0,0,0,0,*,0,0,0,0,1,1,
16 1,1,1,1,0,0,0,0,0,0,0,0,0,0,0,0,*,0,0,0,1,1,
17 1,1,1,1,0,0,0,0,0,0,0,0,0,0,0,0,0,*,0,0,1,1,
18 1,1,1,1,0,0,0,0,0,0,0,0,0,0,0,0,0,0,*,0,1,1,
19 1,1,1,1,0,0,0,0,0,0,0,0,0,0,0,0,0,0,0,*,1,1,
20 0,0,0,0,0,0,0,0,0,0,0,0,0,0,0,0,0,0,0,0,*,0,
21 0,0,0,0,0,0,0,0,0,0,0,0,0,0,0,0,0,0,0,0,0,*,
k=180
t=500

  0,1,2,3,4,5,6,7,8,9,10,11,12,13,14,15,16,17,18,19,20,21,
0 *,0,0,0,0,0,0,0,0,0,0,0,0,0,0,0,0,0,0,0,0,1,
1 0,*,0,0,0,0,0,0,0,0,0,0,0,0,0,0,0,0,0,0,0,1,
2 0,0,*,0,0,0,0,0,0,0,0,0,0,0,0,0,0,0,0,0,1,0,
3 0,0,0,*,0,0,0,0,0,0,0,0,0,0,0,0,0,0,0,0,1,0,
4 1,1,1,1,*,0,0,0,0,0,0,0,0,0,0,0,0,0,0,0,1,1,
5 1,1,1,1,0,*,0,0,0,0,0,0,0,0,0,0,0,0,0,0,1,1,
6 1,1,1,1,0,0,*,0,0,0,0,0,0,0,0,0,0,0,0,0,1,1,
7 1,1,1,1,0,0,0,*,0,0,0,0,0,0,0,0,0,0,0,0,1,1,
8 1,1,1,1,0,0,0,0,*,0,0,0,0,0,0,0,0,0,0,0,1,1,
9 1,1,1,1,0,0,0,0,0,*,0,0,0,0,0,0,0,0,0,0,1,1,
10 1,1,1,1,0,0,0,0,0,0,*,0,0,0,0,0,0,0,0,0,1,1,
11 1,1,1,1,0,0,0,0,0,0,0,*,0,0,0,0,0,0,0,0,1,1,
12 1,1,1,1,0,0,0,0,0,0,0,0,*,0,0,0,0,0,0,0,1,1,
13 1,1,1,1,0,0,0,0,0,0,0,0,0,*,0,0,0,0,0,0,1,1,
14 1,1,1,1,0,0,0,0,0,0,0,0,0,0,*,0,0,0,0,0,1,1,
15 1,1,1,1,0,0,0,0,0,0,0,0,0,0,0,*,0,0,0,0,1,1,
16 1,1,1,1,0,0,0,0,0,0,0,0,0,0,0,0,*,0,0,0,1,1,
17 1,1,1,1,0,0,0,0,0,0,0,0,0,0,0,0,0,*,0,0,1,1,
18 1,1,1,1,0,0,0,0,0,0,0,0,0,0,0,0,0,0,*,0,1,1,
19 1,1,1,1,0,0,0,0,0,0,0,0,0,0,0,0,0,0,0,*,1,1,
20 0,0,0,0,0,0,0,0,0,0,0,0,0,0,0,0,0,0,0,0,*,0,
21 0,0,0,0,0,0,0,0,0,0,0,0,0,0,0,0,0,0,0,0,0,*,
k=181
t=400

  0,1,2,3,4,5,6,7,8,9,10,11,12,13,14,15,16,17,18,19,20,21,
0 *,0,0,0,0,0,0,0,0,0,0,0,0,0,0,0,0,0,0,0,0,0,
1 0,*,0,0,0,0,0,0,0,0,0,0,0,0,0,0,0,0,0,0,0,0,
2 0,0,*,0,0,0,0,0,0,0,0,0,0,0,0,0,0,0,0,0,1,0,
3 0,0,0,*,0,0,0,0,0,0,0,0,0,0,0,0,0,0,0,0,1,0,
4 1,1,1,1,*,0,0,0,0,0,0,0,0,0,0,0,0,0,0,0,1,1,
5 1,1,1,1,0,*,0,0,0,0,0,0,0,0,0,0,0,0,0,0,1,1,
6 1,1,1,1,0,0,*,0,0,0,0,0,0,0,0,0,0,0,0,0,1,1,
7 1,1,1,1,0,0,0,*,0,0,0,0,0,0,0,0,0,0,0,0,1,1,
8 1,1,1,1,0,0,0,0,*,0,0,0,0,0,0,0,0,0,0,0,1,1,
9 1,1,1,1,0,0,0,0,0,*,0,0,0,0,0,0,0,0,0,0,1,1,
10 1,1,1,1,0,0,0,0,0,0,*,0,0,0,0,0,0,0,0,0,1,1,
11 1,1,1,1,0,0,0,0,0,0,0,*,0,0,0,0,0,0,0,0,1,1,
12 1,1,1,1,0,0,0,0,0,0,0,0,*,0,0,0,0,0,0,0,1,1,
13 1,1,1,1,0,0,0,0,0,0,0,0,0,*,0,0,0,0,0,0,1,1,
14 1,1,1,1,0,0,0,0,0,0,0,0,0,0,*,0,0,0,0,0,1,1,
15 1,1,1,1,0,0,0,0,0,0,0,0,0,0,0,*,0,0,0,0,1,1,
16 1,1,1,1,0,0,0,0,0,0,0,0,0,0,0,0,*,0,0,0,1,1,
17 1,1,1,1,0,0,0,0,0,0,0,0,0,0,0,0,0,*,0,0,1,1,
18 1,1,1,1,0,0,0,0,0,0,0,0,0,0,0,0,0,0,*,0,1,1,
19 0,0,0,0,0,0,0,0,0,0,0,0,0,0,0,0,0,0,0,*,0,0,
20 0,0,0,0,0,0,0,0,0,0,0,0,0,0,0,0,0,0,0,0,*,0,
21 0,0,0,0,0,0,0,0,0,0,0,0,0,0,0,0,0,0,0,0,0,*,
k=182
t=100

  0,1,2,3,4,5,6,7,8,9,10,11,12,13,14,15,16,17,18,19,20,21,
0 *,0,0,0,0,0,0,0,0,0,0,0,0,0,0,0,0,0,0,0,0,0,
1 0,*,0,0,0,0,0,0,0,0,0,0,0,0,0,0,0,0,0,0,0,0,
2 0,0,*,0,0,0,0,0,0,0,0,0,0,0,0,0,0,0,0,0,1,0,
3 0,0,0,*,0,0,0,0,0,0,0,0,0,0,0,0,0,0,0,0,1,0,
4 1,1,1,1,*,0,0,0,0,0,0,0,0,0,0,0,0,0,0,0,1,1,
5 1,1,1,1,0,*,0,0,0,0,0,0,0,0,0,0,0,0,0,0,1,1,
6 1,1,1,1,0,0,*,0,0,0,0,0,0,0,0,0,0,0,0,0,1,1,
7 1,1,1,1,0,0,0,*,0,0,0,0,0,0,0,0,0,0,0,0,1,1,
8 1,1,1,1,0,0,0,0,*,0,0,0,0,0,0,0,0,0,0,0,1,1,
9 0,0,0,0,0,0,0,0,0,*,0,0,0,0,0,0,0,0,0,0,0,0,
10 1,1,1,1,0,0,0,0,0,0,*,0,0,0,0,0,0,0,0,0,1,1,
11 1,1,1,1,0,0,0,0,0,0,0,*,0,0,0,0,0,0,0,0,1,1,
12 1,1,1,1,0,0,0,0,0,0,0,0,*,0,0,0,0,0,0,0,1,1,
13 1,1,1,1,0,0,0,0,0,0,0,0,0,*,0,0,0,0,0,0,1,1,
14 1,1,1,1,0,0,0,0,0,0,0,0,0,0,*,0,0,0,0,0,1,1,
15 1,1,1,1,0,0,0,0,0,0,0,0,0,0,0,*,0,0,0,0,1,1,
16 1,1,1,1,0,0,0,0,0,0,0,0,0,0,0,0,*,0,0,0,1,1,
17 1,1,1,1,0,0,0,0,0,0,0,0,0,0,0,0,0,*,0,0,1,1,
18 1,1,1,1,0,0,0,0,0,0,0,0,0,0,0,0,0,0,*,0,1,1,
19 0,0,0,0,0,0,0,0,0,0,0,0,0,0,0,0,0,0,0,*,0,0,
20 0,0,0,0,0,0,0,0,0,0,0,0,0,0,0,0,0,0,0,0,*,0,
21 0,0,0,0,0,0,0,0,0,0,0,0,0,0,0,0,0,0,0,0,0,*,
k=183
t=600

  0,1,2,3,4,5,6,7,8,9,10,11,12,13,14,15,16,17,18,19,20,21,
0 *,0,0,0,0,0,0,0,0,0,0,0,0,0,0,0,0,0,0,0,0,0,
1 0,*,0,0,0,0,0,0,0,0,0,0,0,0,0,0,0,0,0,0,0,0,
2 0,0,*,0,0,0,0,0,0,0,0,0,0,0,0,0,0,0,0,0,1,0,
3 0,0,0,*,0,0,0,0,0,0,0,0,0,0,0,0,0,0,0,0,1,0,
4 1,1,1,1,*,0,0,0,0,0,0,0,0,0,0,0,0,0,0,0,1,1,
5 1,1,1,1,0,*,0,0,0,0,0,0,0,0,0,0,0,0,0,0,1,1,
6 1,1,1,1,0,0,*,0,0,0,0,0,0,0,0,0,0,0,0,0,1,1,
7 1,1,1,1,0,0,0,*,0,0,0,0,0,0,0,0,0,0,0,0,1,1,
8 1,1,1,1,0,0,0,0,*,0,0,0,0,0,0,0,0,0,0,0,1,1,
9 0,0,0,0,0,0,0,0,0,*,0,0,0,0,0,0,0,0,0,0,0,0,
10 1,1,1,1,0,0,0,0,0,0,*,0,0,0,0,0,0,0,0,0,1,1,
11 1,1,1,1,0,0,0,0,0,0,0,*,0,0,0,0,0,0,0,0,1,1,
12 1,1,1,1,0,0,0,0,0,0,0,0,*,0,0,0,0,0,0,0,1,1,
13 1,1,1,1,0,0,0,0,0,0,0,0,0,*,0,0,0,0,0,0,1,1,
14 1,1,1,1,0,0,0,0,0,0,0,0,0,0,*,0,0,0,0,0,1,1,
15 1,1,1,1,0,0,0,0,0,0,0,0,0,0,0,*,0,0,0,0,1,1,
16 1,1,1,1,0,0,0,0,0,0,0,0,0,0,0,0,*,0,0,0,1,1,
17 1,1,1,1,0,0,0,0,0,0,0,0,0,0,0,0,0,*,0,0,1,1,
18 1,1,1,1,0,0,0,0,0,0,0,0,0,0,0,0,0,0,*,0,1,1,
19 0,0,0,0,0,0,0,0,0,0,0,0,0,0,0,0,0,0,0,*,0,0,
20 0,0,0,0,0,0,0,0,0,0,0,0,0,0,0,0,0,0,0,0,*,0,
21 0,0,0,0,0,0,0,0,0,0,0,0,0,0,0,0,0,0,0,0,0,*,
k=184
t=500

  0,1,2,3,4,5,6,7,8,9,10,11,12,13,14,15,16,17,18,19,20,21,
0 *,0,0,0,0,0,0,0,0,0,0,0,0,0,0,0,0,0,0,0,0,0,
1 0,*,0,0,0,0,0,0,0,0,0,0,0,0,0,0,0,0,0,0,0,0,
2 0,0,*,0,0,0,0,0,0,0,0,0,0,0,0,0,0,0,0,0,1,0,
3 0,0,0,*,0,0,0,0,0,0,0,0,0,0,0,0,0,0,0,0,1,0,
4 1,1,1,1,*,0,0,0,0,0,0,0,0,0,0,0,0,0,0,0,1,1,
5 1,1,1,1,0,*,0,0,0,0,0,0,0,0,0,0,0,0,0,0,1,1,
6 1,1,1,1,0,0,*,0,0,0,0,0,0,0,0,0,0,0,0,0,1,1,
7 1,1,1,1,0,0,0,*,0,0,0,0,0,0,0,0,0,0,0,0,1,1,
8 1,1,1,1,0,0,0,0,*,0,0,0,0,0,0,0,0,0,0,0,1,1,
9 0,0,0,0,0,0,0,0,0,*,0,0,0,0,0,0,0,0,0,0,0,0,
10 1,1,1,1,0,0,0,0,0,0,*,0,0,0,0,0,0,0,0,0,1,1,
11 1,1,1,1,0,0,0,0,0,0,0,*,0,0,0,0,0,0,0,0,1,1,
12 1,1,1,1,0,0,0,0,0,0,0,0,*,0,0,0,0,0,0,0,1,1,
13 1,1,1,1,0,0,0,0,0,0,0,0,0,*,0,0,0,0,0,0,1,1,
14 1,1,1,1,0,0,0,0,0,0,0,0,0,0,*,0,0,0,0,0,1,1,
15 1,1,1,1,0,0,0,0,0,0,0,0,0,0,0,*,0,0,0,0,1,1,
16 1,1,1,1,0,0,0,0,0,0,0,0,0,0,0,0,*,0,0,0,1,1,
17 1,1,1,1,0,0,0,0,0,0,0,0,0,0,0,0,0,*,0,0,1,1,
18 1,1,1,1,0,0,0,0,0,0,0,0,0,0,0,0,0,0,*,0,1,1,
19 0,0,0,0,0,0,0,0,0,0,0,0,0,0,0,0,0,0,0,*,0,0,
20 0,0,0,0,0,0,0,0,0,0,0,0,0,0,0,0,0,0,0,0,*,0,
21 0,0,0,0,0,0,0,0,0,0,0,0,0,0,0,0,0,0,0,0,0,*,
k=185
t=300

  0,1,2,3,4,5,6,7,8,9,10,11,12,13,14,15,16,17,18,19,20,21,
0 *,0,0,0,0,0,0,0,0,0,0,0,0,0,0,0,0,0,0,0,0,0,
1 0,*,0,0,0,0,0,0,0,0,0,0,0,0,0,0,0,0,0,0,0,0,
2 0,0,*,0,0,0,0,0,0,0,0,0,0,0,0,0,0,0,0,0,1,1,
3 0,0,0,*,0,0,0,0,0,0,0,0,0,0,0,0,0,0,0,0,1,1,
4 1,1,1,1,*,0,0,0,0,0,0,0,0,0,0,0,0,0,0,0,1,1,
5 1,1,1,1,0,*,0,0,0,0,0,0,0,0,0,0,0,0,0,0,1,1,
6 1,1,1,1,0,0,*,0,0,0,0,0,0,0,0,0,0,0,0,0,1,1,
7 1,1,1,1,0,0,0,*,0,0,0,0,0,0,0,0,0,0,0,0,1,1,
8 1,1,1,1,0,0,0,0,*,0,0,0,0,0,0,0,0,0,0,0,1,1,
9 0,0,0,0,0,0,0,0,0,*,0,0,0,0,0,0,0,0,0,0,0,0,
10 1,1,1,1,0,0,0,0,0,0,*,0,0,0,0,0,0,0,0,0,1,1,
11 1,1,1,1,0,0,0,0,0,0,0,*,0,0,0,0,0,0,0,0,1,1,
12 1,1,1,1,0,0,0,0,0,0,0,0,*,0,0,0,0,0,0,0,1,1,
13 1,1,1,1,0,0,0,0,0,0,0,0,0,*,0,0,0,0,0,0,1,1,
14 1,1,1,1,0,0,0,0,0,0,0,0,0,0,*,0,0,0,0,0,1,1,
15 1,1,1,1,0,0,0,0,0,0,0,0,0,0,0,*,0,0,0,0,1,1,
16 1,1,1,1,0,0,0,0,0,0,0,0,0,0,0,0,*,0,0,0,1,1,
17 1,1,1,1,0,0,0,0,0,0,0,0,0,0,0,0,0,*,0,0,1,1,
18 1,1,1,1,0,0,0,0,0,0,0,0,0,0,0,0,0,0,*,0,1,1,
19 0,0,0,0,0,0,0,0,0,0,0,0,0,0,0,0,0,0,0,*,0,0,
20 0,0,0,0,0,0,0,0,0,0,0,0,0,0,0,0,0,0,0,0,*,0,
21 0,0,0,0,0,0,0,0,0,0,0,0,0,0,0,0,0,0,0,0,0,*,
k=186
t=600

  0,1,2,3,4,5,6,7,8,9,10,11,12,13,14,15,16,17,18,19,20,21,
0 *,0,0,0,0,0,0,0,0,0,0,0,0,0,0,0,0,0,0,0,0,0,
1 0,*,0,0,0,0,0,0,0,0,0,0,0,0,0,0,0,0,0,0,0,0,
2 0,0,*,0,0,0,0,0,0,0,0,0,0,0,0,0,0,0,0,0,1,1,
3 0,0,0,*,0,0,0,0,0,0,0,0,0,0,0,0,0,0,0,0,1,1,
4 1,1,1,1,*,0,0,0,0,0,0,0,0,0,0,0,0,0,0,0,1,1,
5 1,1,1,1,0,*,0,0,0,0,0,0,0,0,0,0,0,0,0,0,1,1,
6 1,1,1,1,0,0,*,0,0,0,0,0,0,0,0,0,0,0,0,0,1,1,
7 1,1,1,1,0,0,0,*,0,0,0,0,0,0,0,0,0,0,0,0,1,1,
8 1,1,1,1,0,0,0,0,*,0,0,0,0,0,0,0,0,0,0,0,1,1,
9 0,0,0,0,0,0,0,0,0,*,0,0,0,0,0,0,0,0,0,0,0,0,
10 1,1,1,1,0,0,0,0,0,0,*,0,0,0,0,0,0,0,0,0,1,1,
11 1,1,1,1,0,0,0,0,0,0,0,*,0,0,0,0,0,0,0,0,1,1,
12 1,1,1,1,0,0,0,0,0,0,0,0,*,0,0,0,0,0,0,0,1,1,
13 1,1,1,1,0,0,0,0,0,0,0,0,0,*,0,0,0,0,0,0,1,1,
14 1,1,1,1,0,0,0,0,0,0,0,0,0,0,*,0,0,0,0,0,1,1,
15 1,1,1,1,0,0,0,0,0,0,0,0,0,0,0,*,0,0,0,0,1,1,
16 1,1,1,1,0,0,0,0,0,0,0,0,0,0,0,0,*,0,0,0,1,1,
17 1,1,1,1,0,0,0,0,0,0,0,0,0,0,0,0,0,*,0,0,1,1,
18 1,1,1,1,0,0,0,0,0,0,0,0,0,0,0,0,0,0,*,0,1,1,
19 0,0,0,0,0,0,0,0,0,0,0,0,0,0,0,0,0,0,0,*,0,0,
20 0,0,0,0,0,0,0,0,0,0,0,0,0,0,0,0,0,0,0,0,*,0,
21 0,0,0,0,0,0,0,0,0,0,0,0,0,0,0,0,0,0,0,0,0,*,
k=187
t=200

  0,1,2,3,4,5,6,7,8,9,10,11,12,13,14,15,16,17,18,19,20,21,
0 *,0,0,0,0,0,0,0,0,0,0,0,0,0,0,0,0,0,0,0,0,0,
1 0,*,0,0,0,0,0,0,0,0,0,0,0,0,0,0,0,0,0,0,0,0,
2 0,0,*,0,0,0,0,0,0,0,0,0,0,0,0,0,0,0,0,0,1,1,
3 0,0,0,*,0,0,0,0,0,0,0,0,0,0,0,0,0,0,0,0,1,1,
4 0,0,1,1,*,0,0,0,0,0,0,0,0,0,0,0,0,0,0,0,1,1,
5 0,0,1,1,0,*,0,0,0,0,0,0,0,0,0,0,0,0,0,0,1,1,
6 0,0,1,1,0,0,*,0,0,0,0,0,0,0,0,0,0,0,0,0,1,1,
7 0,0,1,1,0,0,0,*,0,0,0,0,0,0,0,0,0,0,0,0,1,1,
8 0,0,1,1,0,0,0,0,*,0,0,0,0,0,0,0,0,0,0,0,1,1,
9 0,0,1,1,0,0,0,0,0,*,0,0,0,0,0,0,0,0,0,0,1,1,
10 0,0,1,1,0,0,0,0,0,0,*,0,0,0,0,0,0,0,0,0,1,1,
11 0,0,1,1,0,0,0,0,0,0,0,*,0,0,0,0,0,0,0,0,1,1,
12 0,0,1,1,0,0,0,0,0,0,0,0,*,0,0,0,0,0,0,0,1,1,
13 0,0,1,1,0,0,0,0,0,0,0,0,0,*,0,0,0,0,0,0,1,1,
14 0,0,1,1,0,0,0,0,0,0,0,0,0,0,*,0,0,0,0,0,1,1,
15 0,0,1,1,0,0,0,0,0,0,0,0,0,0,0,*,0,0,0,0,1,1,
16 0,0,1,1,0,0,0,0,0,0,0,0,0,0,0,0,*,0,0,0,1,1,
17 0,0,1,1,0,0,0,0,0,0,0,0,0,0,0,0,0,*,0,0,1,1,
18 0,0,1,1,0,0,0,0,0,0,0,0,0,0,0,0,0,0,*,0,1,1,
19 0,0,1,1,0,0,0,0,0,0,0,0,0,0,0,0,0,0,0,*,1,1,
20 0,0,0,0,0,0,0,0,0,0,0,0,0,0,0,0,0,0,0,0,*,0,
21 0,0,0,0,0,0,0,0,0,0,0,0,0,0,0,0,0,0,0,0,0,*,
k=188
t=600

  0,1,2,3,4,5,6,7,8,9,10,11,12,13,14,15,16,17,18,19,20,21,
0 *,0,0,0,0,0,0,0,0,0,0,0,0,0,0,0,0,0,0,0,0,0,
1 0,*,0,0,0,0,0,0,0,0,0,0,0,0,0,0,0,0,0,0,0,0,
2 0,0,*,0,0,0,0,0,0,0,0,0,0,0,0,0,0,0,0,0,1,1,
3 0,0,0,*,0,0,0,0,0,0,0,0,0,0,0,0,0,0,0,0,1,1,
4 0,0,1,1,*,0,0,0,0,0,0,0,0,0,0,0,0,0,0,0,1,1,
5 0,0,1,1,0,*,0,0,0,0,0,0,0,0,0,0,0,0,0,0,1,1,
6 0,0,1,1,0,0,*,0,0,0,0,0,0,0,0,0,0,0,0,0,1,1,
7 0,0,1,1,0,0,0,*,0,0,0,0,0,0,0,0,0,0,0,0,1,1,
8 0,0,1,1,0,0,0,0,*,0,0,0,0,0,0,0,0,0,0,0,1,1,
9 0,0,1,1,0,0,0,0,0,*,0,0,0,0,0,0,0,0,0,0,1,1,
10 0,0,1,1,0,0,0,0,0,0,*,0,0,0,0,0,0,0,0,0,1,1,
11 0,0,1,1,0,0,0,0,0,0,0,*,0,0,0,0,0,0,0,0,1,1,
12 0,0,1,1,0,0,0,0,0,0,0,0,*,0,0,0,0,0,0,0,1,1,
13 0,0,1,1,0,0,0,0,0,0,0,0,0,*,0,0,0,0,0,0,1,1,
14 0,0,1,1,0,0,0,0,0,0,0,0,0,0,*,0,0,0,0,0,1,1,
15 0,0,1,1,0,0,0,0,0,0,0,0,0,0,0,*,0,0,0,0,1,1,
16 0,0,1,1,0,0,0,0,0,0,0,0,0,0,0,0,*,0,0,0,1,1,
17 0,0,1,1,0,0,0,0,0,0,0,0,0,0,0,0,0,*,0,0,1,1,
18 0,0,1,1,0,0,0,0,0,0,0,0,0,0,0,0,0,0,*,0,1,1,
19 0,0,1,1,0,0,0,0,0,0,0,0,0,0,0,0,0,0,0,*,1,1,
20 0,0,0,0,0,0,0,0,0,0,0,0,0,0,0,0,0,0,0,0,*,0,
21 0,0,0,0,0,0,0,0,0,0,0,0,0,0,0,0,0,0,0,0,0,*,
k=189
t=100

  0,1,2,3,4,5,6,7,8,9,10,11,12,13,14,15,16,17,18,19,20,21,
0 *,0,0,0,0,0,0,0,0,0,0,0,0,0,0,0,0,0,0,0,0,0,
1 0,*,0,0,0,0,0,0,0,0,0,0,0,0,0,0,0,0,0,0,0,0,
2 0,0,*,0,0,0,0,0,0,0,0,0,0,0,0,0,0,0,0,0,1,1,
3 0,0,0,*,0,0,0,0,0,0,0,0,0,0,0,0,0,0,0,0,1,1,
4 0,0,1,1,*,0,0,0,0,0,0,0,0,0,0,0,0,0,0,0,1,1,
5 0,0,1,1,0,*,0,0,0,0,0,0,0,0,0,0,0,0,0,0,1,1,
6 0,0,1,1,0,0,*,0,0,0,0,0,0,0,0,0,0,0,0,0,1,1,
7 0,0,1,1,0,0,0,*,0,0,0,0,0,0,0,0,0,0,0,0,1,1,
8 0,0,1,1,0,0,0,0,*,0,0,0,0,0,0,0,0,0,0,0,1,1,
9 0,0,1,1,0,0,0,0,0,*,0,0,0,0,0,0,0,0,0,0,1,1,
10 0,0,1,1,0,0,0,0,0,0,*,0,0,0,0,0,0,0,0,0,1,1,
11 0,0,1,1,0,0,0,0,0,0,0,*,0,0,0,0,0,0,0,0,1,1,
12 0,0,1,1,0,0,0,0,0,0,0,0,*,0,0,0,0,0,0,0,1,1,
13 0,0,1,1,0,0,0,0,0,0,0,0,0,*,0,0,0,0,0,0,1,1,
14 0,0,1,1,0,0,0,0,0,0,0,0,0,0,*,0,0,0,0,0,1,1,
15 0,0,1,1,0,0,0,0,0,0,0,0,0,0,0,*,0,0,0,0,1,1,
16 0,0,1,1,0,0,0,0,0,0,0,0,0,0,0,0,*,0,0,0,1,1,
17 0,0,1,1,0,0,0,0,0,0,0,0,0,0,0,0,0,*,0,0,1,1,
18 0,0,1,1,0,0,0,0,0,0,0,0,0,0,0,0,0,0,*,0,1,1,
19 0,0,1,1,0,0,0,0,0,0,0,0,0,0,0,0,0,0,0,*,1,1,
20 0,0,0,0,0,0,0,0,0,0,0,0,0,0,0,0,0,0,0,0,*,0,
21 0,0,0,0,0,0,0,0,0,0,0,0,0,0,0,0,0,0,0,0,0,*,
k=190
t=600

  0,1,2,3,4,5,6,7,8,9,10,11,12,13,14,15,16,17,18,19,20,21,
0 *,0,0,0,0,0,0,0,0,0,0,0,0,0,0,0,0,0,0,0,0,0,
1 0,*,0,0,0,0,0,0,0,0,0,0,0,0,0,0,0,0,0,0,0,0,
2 0,0,*,0,0,0,0,0,0,0,0,0,0,0,0,0,0,0,0,0,1,1,
3 0,0,0,*,0,0,0,0,0,0,0,0,0,0,0,0,0,0,0,0,1,1,
4 0,0,1,1,*,0,0,0,0,0,0,0,0,0,0,0,0,0,0,0,1,1,
5 0,0,1,1,0,*,0,0,0,0,0,0,0,0,0,0,0,0,0,0,1,1,
6 0,0,1,1,0,0,*,0,0,0,0,0,0,0,0,0,0,0,0,0,1,1,
7 0,0,1,1,0,0,0,*,0,0,0,0,0,0,0,0,0,0,0,0,1,1,
8 0,0,1,1,0,0,0,0,*,0,0,0,0,0,0,0,0,0,0,0,1,1,
9 0,0,1,1,0,0,0,0,0,*,0,0,0,0,0,0,0,0,0,0,1,1,
10 0,0,1,1,0,0,0,0,0,0,*,0,0,0,0,0,0,0,0,0,1,1,
11 0,0,1,1,0,0,0,0,0,0,0,*,0,0,0,0,0,0,0,0,1,1,
12 0,0,1,1,0,0,0,0,0,0,0,0,*,0,0,0,0,0,0,0,1,1,
13 0,0,1,1,0,0,0,0,0,0,0,0,0,*,0,0,0,0,0,0,1,1,
14 0,0,1,1,0,0,0,0,0,0,0,0,0,0,*,0,0,0,0,0,1,1,
15 0,0,1,1,0,0,0,0,0,0,0,0,0,0,0,*,0,0,0,0,1,1,
16 0,0,1,1,0,0,0,0,0,0,0,0,0,0,0,0,*,0,0,0,1,1,
17 0,0,1,1,0,0,0,0,0,0,0,0,0,0,0,0,0,*,0,0,1,1,
18 0,0,1,1,0,0,0,0,0,0,0,0,0,0,0,0,0,0,*,0,1,1,
19 0,0,1,1,0,0,0,0,0,0,0,0,0,0,0,0,0,0,0,*,1,1,
20 0,0,0,0,0,0,0,0,0,0,0,0,0,0,0,0,0,0,0,0,*,0,
21 0,0,0,0,0,0,0,0,0,0,0,0,0,0,0,0,0,0,0,0,0,*,
k=191
t=200

  0,1,2,3,4,5,6,7,8,9,10,11,12,13,14,15,16,17,18,19,20,21,
0 *,0,0,0,0,0,0,0,0,0,0,0,0,0,0,0,0,0,0,0,0,0,
1 0,*,0,0,0,0,0,0,0,0,0,0,0,0,0,0,0,0,0,0,0,0,
2 0,0,*,0,0,0,0,0,0,0,0,0,0,0,0,0,0,0,0,0,1,1,
3 0,0,0,*,0,0,0,0,0,0,0,0,0,0,0,0,0,0,0,0,1,1,
4 1,1,1,1,*,0,0,0,0,0,0,0,0,0,0,0,0,0,0,0,1,1,
5 1,1,1,1,0,*,0,0,0,0,0,0,0,0,0,0,0,0,0,0,1,1,
6 1,1,1,1,0,0,*,0,0,0,0,0,0,0,0,0,0,0,0,0,1,1,
7 1,1,1,1,0,0,0,*,0,0,0,0,0,0,0,0,0,0,0,0,1,1,
8 1,1,1,1,0,0,0,0,*,0,0,0,0,0,0,0,0,0,0,0,1,1,
9 1,1,1,1,0,0,0,0,0,*,0,0,0,0,0,0,0,0,0,0,1,1,
10 1,1,1,1,0,0,0,0,0,0,*,0,0,0,0,0,0,0,0,0,1,1,
11 1,1,1,1,0,0,0,0,0,0,0,*,0,0,0,0,0,0,0,0,1,1,
12 1,1,1,1,0,0,0,0,0,0,0,0,*,0,0,0,0,0,0,0,1,1,
13 1,1,1,1,0,0,0,0,0,0,0,0,0,*,0,0,0,0,0,0,1,1,
14 1,1,1,1,0,0,0,0,0,0,0,0,0,0,*,0,0,0,0,0,1,1,
15 1,1,1,1,0,0,0,0,0,0,0,0,0,0,0,*,0,0,0,0,1,1,
16 1,1,1,1,0,0,0,0,0,0,0,0,0,0,0,0,*,0,0,0,1,1,
17 1,1,1,1,0,0,0,0,0,0,0,0,0,0,0,0,0,*,0,0,1,1,
18 1,1,1,1,0,0,0,0,0,0,0,0,0,0,0,0,0,0,*,0,1,1,
19 1,1,1,1,0,0,0,0,0,0,0,0,0,0,0,0,0,0,0,*,1,1,
20 0,0,0,0,0,0,0,0,0,0,0,0,0,0,0,0,0,0,0,0,*,0,
21 0,0,0,0,0,0,0,0,0,0,0,0,0,0,0,0,0,0,0,0,0,*,
k=192
t=100

  0,1,2,3,4,5,6,7,8,9,10,11,12,13,14,15,16,17,18,19,20,21,
0 *,0,0,0,0,0,0,0,0,0,0,0,0,0,0,0,0,0,0,0,0,0,
1 0,*,0,0,0,0,0,0,0,0,0,0,0,0,0,0,0,0,0,0,0,0,
2 0,0,*,0,0,0,0,0,0,0,0,0,0,0,0,0,0,0,0,0,0,1,
3 0,0,0,*,0,0,0,0,0,0,0,0,0,0,0,0,0,0,0,0,0,1,
4 1,1,1,1,*,0,0,0,0,0,0,0,0,0,0,0,0,0,0,0,1,1,
5 1,1,1,1,0,*,0,0,0,0,0,0,0,0,0,0,0,0,0,0,1,1,
6 1,1,1,1,0,0,*,0,0,0,0,0,0,0,0,0,0,0,0,0,1,1,
7 1,1,1,1,0,0,0,*,0,0,0,0,0,0,0,0,0,0,0,0,1,1,
8 1,1,1,1,0,0,0,0,*,0,0,0,0,0,0,0,0,0,0,0,1,1,
9 1,1,1,1,0,0,0,0,0,*,0,0,0,0,0,0,0,0,0,0,1,1,
10 1,1,1,1,0,0,0,0,0,0,*,0,0,0,0,0,0,0,0,0,1,1,
11 1,1,1,1,0,0,0,0,0,0,0,*,0,0,0,0,0,0,0,0,1,1,
12 1,1,1,1,0,0,0,0,0,0,0,0,*,0,0,0,0,0,0,0,1,1,
13 1,1,1,1,0,0,0,0,0,0,0,0,0,*,0,0,0,0,0,0,1,1,
14 1,1,1,1,0,0,0,0,0,0,0,0,0,0,*,0,0,0,0,0,1,1,
15 1,1,1,1,0,0,0,0,0,0,0,0,0,0,0,*,0,0,0,0,1,1,
16 1,1,1,1,0,0,0,0,0,0,0,0,0,0,0,0,*,0,0,0,1,1,
17 1,1,1,1,0,0,0,0,0,0,0,0,0,0,0,0,0,*,0,0,1,1,
18 1,1,1,1,0,0,0,0,0,0,0,0,0,0,0,0,0,0,*,0,1,1,
19 1,1,1,1,0,0,0,0,0,0,0,0,0,0,0,0,0,0,0,*,1,1,
20 0,0,0,0,0,0,0,0,0,0,0,0,0,0,0,0,0,0,0,0,*,0,
21 0,0,0,0,0,0,0,0,0,0,0,0,0,0,0,0,0,0,0,0,0,*,
k=193
t=400

  0,1,2,3,4,5,6,7,8,9,10,11,12,13,14,15,16,17,18,19,20,21,
0 *,0,0,0,0,0,0,0,0,0,0,0,0,0,0,0,0,0,0,0,0,0,
1 0,*,0,0,0,0,0,0,0,0,0,0,0,0,0,0,0,0,0,0,0,0,
2 0,0,*,0,0,0,0,0,0,0,0,0,0,0,0,0,0,0,0,0,0,1,
3 0,0,0,*,0,0,0,0,0,0,0,0,0,0,0,0,0,0,0,0,0,1,
4 1,1,1,1,*,0,0,0,0,0,0,0,0,0,0,0,0,0,0,0,1,1,
5 1,1,1,1,0,*,0,0,0,0,0,0,0,0,0,0,0,0,0,0,1,1,
6 1,1,1,1,0,0,*,0,0,0,0,0,0,0,0,0,0,0,0,0,1,1,
7 1,1,1,1,0,0,0,*,0,0,0,0,0,0,0,0,0,0,0,0,1,1,
8 1,1,1,1,0,0,0,0,*,0,0,0,0,0,0,0,0,0,0,0,1,1,
9 1,1,1,1,0,0,0,0,0,*,0,0,0,0,0,0,0,0,0,0,1,1,
10 1,1,1,1,0,0,0,0,0,0,*,0,0,0,0,0,0,0,0,0,1,1,
11 1,1,1,1,0,0,0,0,0,0,0,*,0,0,0,0,0,0,0,0,1,1,
12 1,1,1,1,0,0,0,0,0,0,0,0,*,0,0,0,0,0,0,0,1,1,
13 1,1,1,1,0,0,0,0,0,0,0,0,0,*,0,0,0,0,0,0,1,1,
14 1,1,1,1,0,0,0,0,0,0,0,0,0,0,*,0,0,0,0,0,1,1,
15 1,1,1,1,0,0,0,0,0,0,0,0,0,0,0,*,0,0,0,0,1,1,
16 1,1,1,1,0,0,0,0,0,0,0,0,0,0,0,0,*,0,0,0,1,1,
17 1,1,1,1,0,0,0,0,0,0,0,0,0,0,0,0,0,*,0,0,1,1,
18 1,1,1,1,0,0,0,0,0,0,0,0,0,0,0,0,0,0,*,0,1,1,
19 1,1,1,1,0,0,0,0,0,0,0,0,0,0,0,0,0,0,0,*,1,1,
20 0,0,0,0,0,0,0,0,0,0,0,0,0,0,0,0,0,0,0,0,*,0,
21 0,0,0,0,0,0,0,0,0,0,0,0,0,0,0,0,0,0,0,0,0,*,
k=194
t=400

  0,1,2,3,4,5,6,7,8,9,10,11,12,13,14,15,16,17,18,19,20,21,
0 *,0,0,0,0,0,0,0,0,0,0,0,0,0,0,0,0,0,0,0,0,0,
1 0,*,0,0,0,0,0,0,0,0,0,0,0,0,0,0,0,0,0,0,0,0,
2 0,0,*,0,0,0,0,0,0,0,0,0,0,0,0,0,0,0,0,0,0,1,
3 0,0,0,*,0,0,0,0,0,0,0,0,0,0,0,0,0,0,0,0,0,1,
4 1,1,1,1,*,0,0,0,0,0,0,0,0,0,0,0,0,0,0,0,1,1,
5 1,1,1,1,0,*,0,0,0,0,0,0,0,0,0,0,0,0,0,0,1,1,
6 1,1,1,1,0,0,*,0,0,0,0,0,0,0,0,0,0,0,0,0,1,1,
7 1,1,1,1,0,0,0,*,0,0,0,0,0,0,0,0,0,0,0,0,1,1,
8 1,1,1,1,0,0,0,0,*,0,0,0,0,0,0,0,0,0,0,0,1,1,
9 1,1,1,1,0,0,0,0,0,*,0,0,0,0,0,0,0,0,0,0,1,1,
10 1,1,1,1,0,0,0,0,0,0,*,0,0,0,0,0,0,0,0,0,1,1,
11 1,1,1,1,0,0,0,0,0,0,0,*,0,0,0,0,0,0,0,0,1,1,
12 1,1,1,1,0,0,0,0,0,0,0,0,*,0,0,0,0,0,0,0,1,1,
13 1,1,1,1,0,0,0,0,0,0,0,0,0,*,0,0,0,0,0,0,1,1,
14 1,1,1,1,0,0,0,0,0,0,0,0,0,0,*,0,0,0,0,0,1,1,
15 1,1,1,1,0,0,0,0,0,0,0,0,0,0,0,*,0,0,0,0,1,1,
16 1,1,1,1,0,0,0,0,0,0,0,0,0,0,0,0,*,0,0,0,1,1,
17 1,1,1,1,0,0,0,0,0,0,0,0,0,0,0,0,0,*,0,0,1,1,
18 0,0,0,0,0,0,0,0,0,0,0,0,0,0,0,0,0,0,*,0,0,0,
19 1,1,1,1,0,0,0,0,0,0,0,0,0,0,0,0,0,0,0,*,1,1,
20 0,0,0,0,0,0,0,0,0,0,0,0,0,0,0,0,0,0,0,0,*,0,
21 0,0,0,0,0,0,0,0,0,0,0,0,0,0,0,0,0,0,0,0,0,*,
k=195
t=100

  0,1,2,3,4,5,6,7,8,9,10,11,12,13,14,15,16,17,18,19,20,21,
0 *,0,0,0,0,0,0,0,0,0,0,0,0,0,0,0,0,0,0,0,0,0,
1 0,*,0,0,0,0,0,0,0,0,0,0,0,0,0,0,0,0,0,0,0,0,
2 0,0,*,0,0,0,0,0,0,0,0,0,0,0,0,0,0,0,0,0,0,1,
3 0,0,0,*,0,0,0,0,0,0,0,0,0,0,0,0,0,0,0,0,0,1,
4 1,1,1,1,*,0,0,0,0,0,0,0,0,0,0,0,0,0,0,0,1,1,
5 1,1,1,1,0,*,0,0,0,0,0,0,0,0,0,0,0,0,0,0,1,1,
6 1,1,1,1,0,0,*,0,0,0,0,0,0,0,0,0,0,0,0,0,1,1,
7 1,1,1,1,0,0,0,*,0,0,0,0,0,0,0,0,0,0,0,0,1,1,
8 0,0,0,0,0,0,0,0,*,0,0,0,0,0,0,0,0,0,0,0,0,0,
9 1,1,1,1,0,0,0,0,0,*,0,0,0,0,0,0,0,0,0,0,1,1,
10 1,1,1,1,0,0,0,0,0,0,*,0,0,0,0,0,0,0,0,0,1,1,
11 1,1,1,1,0,0,0,0,0,0,0,*,0,0,0,0,0,0,0,0,1,1,
12 1,1,1,1,0,0,0,0,0,0,0,0,*,0,0,0,0,0,0,0,1,1,
13 1,1,1,1,0,0,0,0,0,0,0,0,0,*,0,0,0,0,0,0,1,1,
14 1,1,1,1,0,0,0,0,0,0,0,0,0,0,*,0,0,0,0,0,1,1,
15 1,1,1,1,0,0,0,0,0,0,0,0,0,0,0,*,0,0,0,0,1,1,
16 1,1,1,1,0,0,0,0,0,0,0,0,0,0,0,0,*,0,0,0,1,1,
17 1,1,1,1,0,0,0,0,0,0,0,0,0,0,0,0,0,*,0,0,1,1,
18 0,0,0,0,0,0,0,0,0,0,0,0,0,0,0,0,0,0,*,0,0,0,
19 1,1,1,1,0,0,0,0,0,0,0,0,0,0,0,0,0,0,0,*,1,1,
20 0,0,0,0,0,0,0,0,0,0,0,0,0,0,0,0,0,0,0,0,*,0,
21 0,0,0,0,0,0,0,0,0,0,0,0,0,0,0,0,0,0,0,0,0,*,
k=196
t=600

  0,1,2,3,4,5,6,7,8,9,10,11,12,13,14,15,16,17,18,19,20,21,
0 *,0,0,0,0,0,0,0,0,0,0,0,0,0,0,0,0,0,0,0,0,0,
1 0,*,0,0,0,0,0,0,0,0,0,0,0,0,0,0,0,0,0,0,0,0,
2 0,0,*,0,0,0,0,0,0,0,0,0,0,0,0,0,0,0,0,0,0,1,
3 0,0,0,*,0,0,0,0,0,0,0,0,0,0,0,0,0,0,0,0,0,1,
4 1,1,1,1,*,0,0,0,0,0,0,0,0,0,0,0,0,0,0,0,1,1,
5 1,1,1,1,0,*,0,0,0,0,0,0,0,0,0,0,0,0,0,0,1,1,
6 1,1,1,1,0,0,*,0,0,0,0,0,0,0,0,0,0,0,0,0,1,1,
7 1,1,1,1,0,0,0,*,0,0,0,0,0,0,0,0,0,0,0,0,1,1,
8 0,0,0,0,0,0,0,0,*,0,0,0,0,0,0,0,0,0,0,0,0,0,
9 1,1,1,1,0,0,0,0,0,*,0,0,0,0,0,0,0,0,0,0,1,1,
10 1,1,1,1,0,0,0,0,0,0,*,0,0,0,0,0,0,0,0,0,1,1,
11 1,1,1,1,0,0,0,0,0,0,0,*,0,0,0,0,0,0,0,0,1,1,
12 1,1,1,1,0,0,0,0,0,0,0,0,*,0,0,0,0,0,0,0,1,1,
13 1,1,1,1,0,0,0,0,0,0,0,0,0,*,0,0,0,0,0,0,1,1,
14 1,1,1,1,0,0,0,0,0,0,0,0,0,0,*,0,0,0,0,0,1,1,
15 1,1,1,1,0,0,0,0,0,0,0,0,0,0,0,*,0,0,0,0,1,1,
16 1,1,1,1,0,0,0,0,0,0,0,0,0,0,0,0,*,0,0,0,1,1,
17 1,1,1,1,0,0,0,0,0,0,0,0,0,0,0,0,0,*,0,0,1,1,
18 0,0,0,0,0,0,0,0,0,0,0,0,0,0,0,0,0,0,*,0,0,0,
19 1,1,1,1,0,0,0,0,0,0,0,0,0,0,0,0,0,0,0,*,1,1,
20 0,0,0,0,0,0,0,0,0,0,0,0,0,0,0,0,0,0,0,0,*,0,
21 0,0,0,0,0,0,0,0,0,0,0,0,0,0,0,0,0,0,0,0,0,*,
k=197
t=600

  0,1,2,3,4,5,6,7,8,9,10,11,12,13,14,15,16,17,18,19,20,21,
0 *,0,0,0,0,0,0,0,0,0,0,0,0,0,0,0,0,0,0,0,0,0,
1 0,*,0,0,0,0,0,0,0,0,0,0,0,0,0,0,0,0,0,0,0,0,
2 0,0,*,0,0,0,0,0,0,0,0,0,0,0,0,0,0,0,0,0,0,1,
3 0,0,0,*,0,0,0,0,0,0,0,0,0,0,0,0,0,0,0,0,0,1,
4 1,1,1,1,*,0,0,0,0,0,0,0,0,0,0,0,0,0,0,0,1,1,
5 1,1,1,1,0,*,0,0,0,0,0,0,0,0,0,0,0,0,0,0,1,1,
6 1,1,1,1,0,0,*,0,0,0,0,0,0,0,0,0,0,0,0,0,1,1,
7 1,1,1,1,0,0,0,*,0,0,0,0,0,0,0,0,0,0,0,0,1,1,
8 0,0,0,0,0,0,0,0,*,0,0,0,0,0,0,0,0,0,0,0,0,0,
9 1,1,1,1,0,0,0,0,0,*,0,0,0,0,0,0,0,0,0,0,1,1,
10 1,1,1,1,0,0,0,0,0,0,*,0,0,0,0,0,0,0,0,0,1,1,
11 1,1,1,1,0,0,0,0,0,0,0,*,0,0,0,0,0,0,0,0,1,1,
12 1,1,1,1,0,0,0,0,0,0,0,0,*,0,0,0,0,0,0,0,1,1,
13 1,1,1,1,0,0,0,0,0,0,0,0,0,*,0,0,0,0,0,0,1,1,
14 1,1,1,1,0,0,0,0,0,0,0,0,0,0,*,0,0,0,0,0,1,1,
15 1,1,1,1,0,0,0,0,0,0,0,0,0,0,0,*,0,0,0,0,1,1,
16 1,1,1,1,0,0,0,0,0,0,0,0,0,0,0,0,*,0,0,0,1,1,
17 1,1,1,1,0,0,0,0,0,0,0,0,0,0,0,0,0,*,0,0,1,1,
18 0,0,0,0,0,0,0,0,0,0,0,0,0,0,0,0,0,0,*,0,0,0,
19 1,1,1,1,0,0,0,0,0,0,0,0,0,0,0,0,0,0,0,*,1,1,
20 0,0,0,0,0,0,0,0,0,0,0,0,0,0,0,0,0,0,0,0,*,0,
21 0,0,0,0,0,0,0,0,0,0,0,0,0,0,0,0,0,0,0,0,0,*,
k=198
t=200

  0,1,2,3,4,5,6,7,8,9,10,11,12,13,14,15,16,17,18,19,20,21,
0 *,0,0,0,0,0,0,0,0,0,0,0,0,0,0,0,0,0,0,0,1,0,
1 0,*,0,0,0,0,0,0,0,0,0,0,0,0,0,0,0,0,0,0,1,0,
2 0,0,*,0,0,0,0,0,0,0,0,0,0,0,0,0,0,0,0,0,0,1,
3 0,0,0,*,0,0,0,0,0,0,0,0,0,0,0,0,0,0,0,0,0,1,
4 1,1,1,1,*,0,0,0,0,0,0,0,0,0,0,0,0,0,0,0,1,1,
5 1,1,1,1,0,*,0,0,0,0,0,0,0,0,0,0,0,0,0,0,1,1,
6 1,1,1,1,0,0,*,0,0,0,0,0,0,0,0,0,0,0,0,0,1,1,
7 1,1,1,1,0,0,0,*,0,0,0,0,0,0,0,0,0,0,0,0,1,1,
8 0,0,0,0,0,0,0,0,*,0,0,0,0,0,0,0,0,0,0,0,0,0,
9 1,1,1,1,0,0,0,0,0,*,0,0,0,0,0,0,0,0,0,0,1,1,
10 1,1,1,1,0,0,0,0,0,0,*,0,0,0,0,0,0,0,0,0,1,1,
11 1,1,1,1,0,0,0,0,0,0,0,*,0,0,0,0,0,0,0,0,1,1,
12 1,1,1,1,0,0,0,0,0,0,0,0,*,0,0,0,0,0,0,0,1,1,
13 1,1,1,1,0,0,0,0,0,0,0,0,0,*,0,0,0,0,0,0,1,1,
14 1,1,1,1,0,0,0,0,0,0,0,0,0,0,*,0,0,0,0,0,1,1,
15 1,1,1,1,0,0,0,0,0,0,0,0,0,0,0,*,0,0,0,0,1,1,
16 1,1,1,1,0,0,0,0,0,0,0,0,0,0,0,0,*,0,0,0,1,1,
17 1,1,1,1,0,0,0,0,0,0,0,0,0,0,0,0,0,*,0,0,1,1,
18 0,0,0,0,0,0,0,0,0,0,0,0,0,0,0,0,0,0,*,0,0,0,
19 1,1,1,1,0,0,0,0,0,0,0,0,0,0,0,0,0,0,0,*,1,1,
20 0,0,0,0,0,0,0,0,0,0,0,0,0,0,0,0,0,0,0,0,*,0,
21 0,0,0,0,0,0,0,0,0,0,0,0,0,0,0,0,0,0,0,0,0,*,
k=199
t=600

  0,1,2,3,4,5,6,7,8,9,10,11,12,13,14,15,16,17,18,19,20,21,
0 *,0,0,0,0,0,0,0,0,0,0,0,0,0,0,0,0,0,0,0,1,0,
1 0,*,0,0,0,0,0,0,0,0,0,0,0,0,0,0,0,0,0,0,1,0,
2 0,0,*,0,0,0,0,0,0,0,0,0,0,0,0,0,0,0,0,0,0,1,
3 0,0,0,*,0,0,0,0,0,0,0,0,0,0,0,0,0,0,0,0,0,1,
4 1,1,1,1,*,0,0,0,0,0,0,0,0,0,0,0,0,0,0,0,1,1,
5 1,1,1,1,0,*,0,0,0,0,0,0,0,0,0,0,0,0,0,0,1,1,
6 1,1,1,1,0,0,*,0,0,0,0,0,0,0,0,0,0,0,0,0,1,1,
7 1,1,1,1,0,0,0,*,0,0,0,0,0,0,0,0,0,0,0,0,1,1,
8 0,0,0,0,0,0,0,0,*,0,0,0,0,0,0,0,0,0,0,0,0,0,
9 1,1,1,1,0,0,0,0,0,*,0,0,0,0,0,0,0,0,0,0,1,1,
10 1,1,1,1,0,0,0,0,0,0,*,0,0,0,0,0,0,0,0,0,1,1,
11 1,1,1,1,0,0,0,0,0,0,0,*,0,0,0,0,0,0,0,0,1,1,
12 1,1,1,1,0,0,0,0,0,0,0,0,*,0,0,0,0,0,0,0,1,1,
13 1,1,1,1,0,0,0,0,0,0,0,0,0,*,0,0,0,0,0,0,1,1,
14 1,1,1,1,0,0,0,0,0,0,0,0,0,0,*,0,0,0,0,0,1,1,
15 1,1,1,1,0,0,0,0,0,0,0,0,0,0,0,*,0,0,0,0,1,1,
16 1,1,1,1,0,0,0,0,0,0,0,0,0,0,0,0,*,0,0,0,1,1,
17 1,1,1,1,0,0,0,0,0,0,0,0,0,0,0,0,0,*,0,0,1,1,
18 0,0,0,0,0,0,0,0,0,0,0,0,0,0,0,0,0,0,*,0,0,0,
19 1,1,1,1,0,0,0,0,0,0,0,0,0,0,0,0,0,0,0,*,1,1,
20 0,0,0,0,0,0,0,0,0,0,0,0,0,0,0,0,0,0,0,0,*,0,
21 0,0,0,0,0,0,0,0,0,0,0,0,0,0,0,0,0,0,0,0,0,*,
k=200
t=200

  0,1,2,3,4,5,6,7,8,9,10,11,12,13,14,15,16,17,18,19,20,21,
0 *,0,0,0,0,0,0,0,0,0,0,0,0,0,0,0,0,0,0,0,1,0,
1 0,*,0,0,0,0,0,0,0,0,0,0,0,0,0,0,0,0,0,0,1,0,
2 0,0,*,0,0,0,0,0,0,0,0,0,0,0,0,0,0,0,0,0,0,1,
3 0,0,0,*,0,0,0,0,0,0,0,0,0,0,0,0,0,0,0,0,0,1,
4 1,1,1,1,*,0,0,0,0,0,0,0,0,0,0,0,0,0,0,0,1,1,
5 1,1,1,1,0,*,0,0,0,0,0,0,0,0,0,0,0,0,0,0,1,1,
6 1,1,1,1,0,0,*,0,0,0,0,0,0,0,0,0,0,0,0,0,1,1,
7 1,1,1,1,0,0,0,*,0,0,0,0,0,0,0,0,0,0,0,0,1,1,
8 1,1,1,1,0,0,0,0,*,0,0,0,0,0,0,0,0,0,0,0,1,1,
9 1,1,1,1,0,0,0,0,0,*,0,0,0,0,0,0,0,0,0,0,1,1,
10 1,1,1,1,0,0,0,0,0,0,*,0,0,0,0,0,0,0,0,0,1,1,
11 1,1,1,1,0,0,0,0,0,0,0,*,0,0,0,0,0,0,0,0,1,1,
12 1,1,1,1,0,0,0,0,0,0,0,0,*,0,0,0,0,0,0,0,1,1,
13 1,1,1,1,0,0,0,0,0,0,0,0,0,*,0,0,0,0,0,0,1,1,
14 1,1,1,1,0,0,0,0,0,0,0,0,0,0,*,0,0,0,0,0,1,1,
15 1,1,1,1,0,0,0,0,0,0,0,0,0,0,0,*,0,0,0,0,1,1,
16 1,1,1,1,0,0,0,0,0,0,0,0,0,0,0,0,*,0,0,0,1,1,
17 1,1,1,1,0,0,0,0,0,0,0,0,0,0,0,0,0,*,0,0,1,1,
18 1,1,1,1,0,0,0,0,0,0,0,0,0,0,0,0,0,0,*,0,1,1,
19 1,1,1,1,0,0,0,0,0,0,0,0,0,0,0,0,0,0,0,*,1,1,
20 0,0,0,0,0,0,0,0,0,0,0,0,0,0,0,0,0,0,0,0,*,0,
21 0,0,0,0,0,0,0,0,0,0,0,0,0,0,0,0,0,0,0,0,0,*,
k=201
t=400

  0,1,2,3,4,5,6,7,8,9,10,11,12,13,14,15,16,17,18,19,20,21,
0 *,0,0,0,0,0,0,0,0,0,0,0,0,0,0,0,0,0,0,0,1,0,
1 0,*,0,0,0,0,0,0,0,0,0,0,0,0,0,0,0,0,0,0,1,0,
2 0,0,*,0,0,0,0,0,0,0,0,0,0,0,0,0,0,0,0,0,0,0,
3 0,0,0,*,0,0,0,0,0,0,0,0,0,0,0,0,0,0,0,0,0,0,
4 1,1,1,1,*,0,0,0,0,0,0,0,0,0,0,0,0,0,0,0,1,1,
5 1,1,1,1,0,*,0,0,0,0,0,0,0,0,0,0,0,0,0,0,1,1,
6 1,1,1,1,0,0,*,0,0,0,0,0,0,0,0,0,0,0,0,0,1,1,
7 1,1,1,1,0,0,0,*,0,0,0,0,0,0,0,0,0,0,0,0,1,1,
8 1,1,1,1,0,0,0,0,*,0,0,0,0,0,0,0,0,0,0,0,1,1,
9 1,1,1,1,0,0,0,0,0,*,0,0,0,0,0,0,0,0,0,0,1,1,
10 1,1,1,1,0,0,0,0,0,0,*,0,0,0,0,0,0,0,0,0,1,1,
11 1,1,1,1,0,0,0,0,0,0,0,*,0,0,0,0,0,0,0,0,1,1,
12 1,1,1,1,0,0,0,0,0,0,0,0,*,0,0,0,0,0,0,0,1,1,
13 1,1,1,1,0,0,0,0,0,0,0,0,0,*,0,0,0,0,0,0,1,1,
14 1,1,1,1,0,0,0,0,0,0,0,0,0,0,*,0,0,0,0,0,1,1,
15 1,1,1,1,0,0,0,0,0,0,0,0,0,0,0,*,0,0,0,0,1,1,
16 1,1,1,1,0,0,0,0,0,0,0,0,0,0,0,0,*,0,0,0,1,1,
17 1,1,1,1,0,0,0,0,0,0,0,0,0,0,0,0,0,*,0,0,1,1,
18 1,1,1,1,0,0,0,0,0,0,0,0,0,0,0,0,0,0,*,0,1,1,
19 1,1,1,1,0,0,0,0,0,0,0,0,0,0,0,0,0,0,0,*,1,1,
20 0,0,0,0,0,0,0,0,0,0,0,0,0,0,0,0,0,0,0,0,*,0,
21 0,0,0,0,0,0,0,0,0,0,0,0,0,0,0,0,0,0,0,0,0,*,
k=202
t=300

  0,1,2,3,4,5,6,7,8,9,10,11,12,13,14,15,16,17,18,19,20,21,
0 *,0,0,0,0,0,0,0,0,0,0,0,0,0,0,0,0,0,0,0,1,0,
1 0,*,0,0,0,0,0,0,0,0,0,0,0,0,0,0,0,0,0,0,1,0,
2 0,0,*,0,0,0,0,0,0,0,0,0,0,0,0,0,0,0,0,0,0,0,
3 0,0,0,*,0,0,0,0,0,0,0,0,0,0,0,0,0,0,0,0,0,0,
4 1,1,1,1,*,0,0,0,0,0,0,0,0,0,0,0,0,0,0,0,1,1,
5 1,1,1,1,0,*,0,0,0,0,0,0,0,0,0,0,0,0,0,0,1,1,
6 1,1,1,1,0,0,*,0,0,0,0,0,0,0,0,0,0,0,0,0,1,1,
7 1,1,1,1,0,0,0,*,0,0,0,0,0,0,0,0,0,0,0,0,1,1,
8 1,1,1,1,0,0,0,0,*,0,0,0,0,0,0,0,0,0,0,0,1,1,
9 1,1,1,1,0,0,0,0,0,*,0,0,0,0,0,0,0,0,0,0,1,1,
10 1,1,1,1,0,0,0,0,0,0,*,0,0,0,0,0,0,0,0,0,1,1,
11 1,1,1,1,0,0,0,0,0,0,0,*,0,0,0,0,0,0,0,0,1,1,
12 1,1,1,1,0,0,0,0,0,0,0,0,*,0,0,0,0,0,0,0,1,1,
13 1,1,1,1,0,0,0,0,0,0,0,0,0,*,0,0,0,0,0,0,1,1,
14 1,1,1,1,0,0,0,0,0,0,0,0,0,0,*,0,0,0,0,0,1,1,
15 1,1,1,1,0,0,0,0,0,0,0,0,0,0,0,*,0,0,0,0,1,1,
16 1,1,1,1,0,0,0,0,0,0,0,0,0,0,0,0,*,0,0,0,1,1,
17 1,1,1,1,0,0,0,0,0,0,0,0,0,0,0,0,0,*,0,0,1,1,
18 1,1,1,1,0,0,0,0,0,0,0,0,0,0,0,0,0,0,*,0,1,1,
19 1,1,1,1,0,0,0,0,0,0,0,0,0,0,0,0,0,0,0,*,1,1,
20 0,0,0,0,0,0,0,0,0,0,0,0,0,0,0,0,0,0,0,0,*,0,
21 0,0,0,0,0,0,0,0,0,0,0,0,0,0,0,0,0,0,0,0,0,*,
k=203
t=600

  0,1,2,3,4,5,6,7,8,9,10,11,12,13,14,15,16,17,18,19,20,21,
0 *,0,0,0,0,0,0,0,0,0,0,0,0,0,0,0,0,0,0,0,1,0,
1 0,*,0,0,0,0,0,0,0,0,0,0,0,0,0,0,0,0,0,0,1,0,
2 0,0,*,0,0,0,0,0,0,0,0,0,0,0,0,0,0,0,0,0,0,0,
3 0,0,0,*,0,0,0,0,0,0,0,0,0,0,0,0,0,0,0,0,0,0,
4 1,1,1,1,*,0,0,0,0,0,0,0,0,0,0,0,0,0,0,0,1,1,
5 1,1,1,1,0,*,0,0,0,0,0,0,0,0,0,0,0,0,0,0,1,1,
6 1,1,1,1,0,0,*,0,0,0,0,0,0,0,0,0,0,0,0,0,1,1,
7 1,1,1,1,0,0,0,*,0,0,0,0,0,0,0,0,0,0,0,0,1,1,
8 1,1,1,1,0,0,0,0,*,0,0,0,0,0,0,0,0,0,0,0,1,1,
9 1,1,1,1,0,0,0,0,0,*,0,0,0,0,0,0,0,0,0,0,1,1,
10 1,1,1,1,0,0,0,0,0,0,*,0,0,0,0,0,0,0,0,0,1,1,
11 1,1,1,1,0,0,0,0,0,0,0,*,0,0,0,0,0,0,0,0,1,1,
12 1,1,1,1,0,0,0,0,0,0,0,0,*,0,0,0,0,0,0,0,1,1,
13 1,1,1,1,0,0,0,0,0,0,0,0,0,*,0,0,0,0,0,0,1,1,
14 1,1,1,1,0,0,0,0,0,0,0,0,0,0,*,0,0,0,0,0,1,1,
15 1,1,1,1,0,0,0,0,0,0,0,0,0,0,0,*,0,0,0,0,1,1,
16 1,1,1,1,0,0,0,0,0,0,0,0,0,0,0,0,*,0,0,0,1,1,
17 1,1,1,1,0,0,0,0,0,0,0,0,0,0,0,0,0,*,0,0,1,1,
18 1,1,1,1,0,0,0,0,0,0,0,0,0,0,0,0,0,0,*,0,1,1,
19 1,1,1,1,0,0,0,0,0,0,0,0,0,0,0,0,0,0,0,*,1,1,
20 0,0,0,0,0,0,0,0,0,0,0,0,0,0,0,0,0,0,0,0,*,0,
21 0,0,0,0,0,0,0,0,0,0,0,0,0,0,0,0,0,0,0,0,0,*,
k=204
t=600

  0,1,2,3,4,5,6,7,8,9,10,11,12,13,14,15,16,17,18,19,20,21,
0 *,0,0,0,0,0,0,0,0,0,0,0,0,0,0,0,0,0,0,0,1,0,
1 0,*,0,0,0,0,0,0,0,0,0,0,0,0,0,0,0,0,0,0,1,0,
2 0,0,*,0,0,0,0,0,0,0,0,0,0,0,0,0,0,0,0,0,0,0,
3 0,0,0,*,0,0,0,0,0,0,0,0,0,0,0,0,0,0,0,0,0,0,
4 1,1,1,1,*,0,0,0,0,0,0,0,0,0,0,0,0,0,0,0,1,1,
5 1,1,1,1,0,*,0,0,0,0,0,0,0,0,0,0,0,0,0,0,1,1,
6 1,1,1,1,0,0,*,0,0,0,0,0,0,0,0,0,0,0,0,0,1,1,
7 1,1,1,1,0,0,0,*,0,0,0,0,0,0,0,0,0,0,0,0,1,1,
8 1,1,1,1,0,0,0,0,*,0,0,0,0,0,0,0,0,0,0,0,1,1,
9 1,1,1,1,0,0,0,0,0,*,0,0,0,0,0,0,0,0,0,0,1,1,
10 1,1,1,1,0,0,0,0,0,0,*,0,0,0,0,0,0,0,0,0,1,1,
11 1,1,1,1,0,0,0,0,0,0,0,*,0,0,0,0,0,0,0,0,1,1,
12 1,1,1,1,0,0,0,0,0,0,0,0,*,0,0,0,0,0,0,0,1,1,
13 1,1,1,1,0,0,0,0,0,0,0,0,0,*,0,0,0,0,0,0,1,1,
14 1,1,1,1,0,0,0,0,0,0,0,0,0,0,*,0,0,0,0,0,1,1,
15 1,1,1,1,0,0,0,0,0,0,0,0,0,0,0,*,0,0,0,0,1,1,
16 1,1,1,1,0,0,0,0,0,0,0,0,0,0,0,0,*,0,0,0,1,1,
17 1,1,1,1,0,0,0,0,0,0,0,0,0,0,0,0,0,*,0,0,1,1,
18 1,1,1,1,0,0,0,0,0,0,0,0,0,0,0,0,0,0,*,0,1,1,
19 1,1,1,1,0,0,0,0,0,0,0,0,0,0,0,0,0,0,0,*,1,1,
20 0,0,0,0,0,0,0,0,0,0,0,0,0,0,0,0,0,0,0,0,*,0,
21 0,0,0,0,0,0,0,0,0,0,0,0,0,0,0,0,0,0,0,0,0,*,
k=205
t=100

  0,1,2,3,4,5,6,7,8,9,10,11,12,13,14,15,16,17,18,19,20,21,
0 *,0,0,0,0,0,0,0,0,0,0,0,0,0,0,0,0,0,0,0,1,1,
1 0,*,0,0,0,0,0,0,0,0,0,0,0,0,0,0,0,0,0,0,1,1,
2 0,0,*,0,0,0,0,0,0,0,0,0,0,0,0,0,0,0,0,0,0,0,
3 0,0,0,*,0,0,0,0,0,0,0,0,0,0,0,0,0,0,0,0,0,0,
4 1,1,1,1,*,0,0,0,0,0,0,0,0,0,0,0,0,0,0,0,1,1,
5 1,1,1,1,0,*,0,0,0,0,0,0,0,0,0,0,0,0,0,0,1,1,
6 1,1,1,1,0,0,*,0,0,0,0,0,0,0,0,0,0,0,0,0,1,1,
7 1,1,1,1,0,0,0,*,0,0,0,0,0,0,0,0,0,0,0,0,1,1,
8 1,1,1,1,0,0,0,0,*,0,0,0,0,0,0,0,0,0,0,0,1,1,
9 1,1,1,1,0,0,0,0,0,*,0,0,0,0,0,0,0,0,0,0,1,1,
10 1,1,1,1,0,0,0,0,0,0,*,0,0,0,0,0,0,0,0,0,1,1,
11 1,1,1,1,0,0,0,0,0,0,0,*,0,0,0,0,0,0,0,0,1,1,
12 1,1,1,1,0,0,0,0,0,0,0,0,*,0,0,0,0,0,0,0,1,1,
13 1,1,1,1,0,0,0,0,0,0,0,0,0,*,0,0,0,0,0,0,1,1,
14 1,1,1,1,0,0,0,0,0,0,0,0,0,0,*,0,0,0,0,0,1,1,
15 1,1,1,1,0,0,0,0,0,0,0,0,0,0,0,*,0,0,0,0,1,1,
16 1,1,1,1,0,0,0,0,0,0,0,0,0,0,0,0,*,0,0,0,1,1,
17 1,1,1,1,0,0,0,0,0,0,0,0,0,0,0,0,0,*,0,0,1,1,
18 1,1,1,1,0,0,0,0,0,0,0,0,0,0,0,0,0,0,*,0,1,1,
19 1,1,1,1,0,0,0,0,0,0,0,0,0,0,0,0,0,0,0,*,1,1,
20 0,0,0,0,0,0,0,0,0,0,0,0,0,0,0,0,0,0,0,0,*,0,
21 0,0,0,0,0,0,0,0,0,0,0,0,0,0,0,0,0,0,0,0,0,*,
k=206
t=400

  0,1,2,3,4,5,6,7,8,9,10,11,12,13,14,15,16,17,18,19,20,21,
0 *,0,0,0,0,0,0,0,0,0,0,0,0,0,0,0,0,0,0,0,1,1,
1 0,*,0,0,0,0,0,0,0,0,0,0,0,0,0,0,0,0,0,0,1,1,
2 0,0,*,0,0,0,0,0,0,0,0,0,0,0,0,0,0,0,0,0,0,0,
3 0,0,0,*,0,0,0,0,0,0,0,0,0,0,0,0,0,0,0,0,0,0,
4 1,1,1,1,*,0,0,0,0,0,0,0,0,0,0,0,0,0,0,0,1,1,
5 1,1,1,1,0,*,0,0,0,0,0,0,0,0,0,0,0,0,0,0,1,1,
6 1,1,1,1,0,0,*,0,0,0,0,0,0,0,0,0,0,0,0,0,1,1,
7 1,1,1,1,0,0,0,*,0,0,0,0,0,0,0,0,0,0,0,0,1,1,
8 1,1,1,1,0,0,0,0,*,0,0,0,0,0,0,0,0,0,0,0,1,1,
9 1,1,1,1,0,0,0,0,0,*,0,0,0,0,0,0,0,0,0,0,1,1,
10 1,1,1,1,0,0,0,0,0,0,*,0,0,0,0,0,0,0,0,0,1,1,
11 1,1,1,1,0,0,0,0,0,0,0,*,0,0,0,0,0,0,0,0,1,1,
12 1,1,1,1,0,0,0,0,0,0,0,0,*,0,0,0,0,0,0,0,1,1,
13 1,1,1,1,0,0,0,0,0,0,0,0,0,*,0,0,0,0,0,0,1,1,
14 1,1,1,1,0,0,0,0,0,0,0,0,0,0,*,0,0,0,0,0,1,1,
15 1,1,1,1,0,0,0,0,0,0,0,0,0,0,0,*,0,0,0,0,1,1,
16 1,1,1,1,0,0,0,0,0,0,0,0,0,0,0,0,*,0,0,0,1,1,
17 0,0,0,0,0,0,0,0,0,0,0,0,0,0,0,0,0,*,0,0,0,0,
18 1,1,1,1,0,0,0,0,0,0,0,0,0,0,0,0,0,0,*,0,1,1,
19 1,1,1,1,0,0,0,0,0,0,0,0,0,0,0,0,0,0,0,*,1,1,
20 0,0,0,0,0,0,0,0,0,0,0,0,0,0,0,0,0,0,0,0,*,0,
21 0,0,0,0,0,0,0,0,0,0,0,0,0,0,0,0,0,0,0,0,0,*,
k=207
t=100

  0,1,2,3,4,5,6,7,8,9,10,11,12,13,14,15,16,17,18,19,20,21,
0 *,0,0,0,0,0,0,0,0,0,0,0,0,0,0,0,0,0,0,0,1,1,
1 0,*,0,0,0,0,0,0,0,0,0,0,0,0,0,0,0,0,0,0,1,1,
2 0,0,*,0,0,0,0,0,0,0,0,0,0,0,0,0,0,0,0,0,0,0,
3 0,0,0,*,0,0,0,0,0,0,0,0,0,0,0,0,0,0,0,0,0,0,
4 1,1,1,1,*,0,0,0,0,0,0,0,0,0,0,0,0,0,0,0,1,1,
5 1,1,1,1,0,*,0,0,0,0,0,0,0,0,0,0,0,0,0,0,1,1,
6 1,1,1,1,0,0,*,0,0,0,0,0,0,0,0,0,0,0,0,0,1,1,
7 1,1,1,1,0,0,0,*,0,0,0,0,0,0,0,0,0,0,0,0,1,1,
8 1,1,1,1,0,0,0,0,*,0,0,0,0,0,0,0,0,0,0,0,1,1,
9 1,1,1,1,0,0,0,0,0,*,0,0,0,0,0,0,0,0,0,0,1,1,
10 1,1,1,1,0,0,0,0,0,0,*,0,0,0,0,0,0,0,0,0,1,1,
11 0,0,0,0,0,0,0,0,0,0,0,*,0,0,0,0,0,0,0,0,0,0,
12 1,1,1,1,0,0,0,0,0,0,0,0,*,0,0,0,0,0,0,0,1,1,
13 1,1,1,1,0,0,0,0,0,0,0,0,0,*,0,0,0,0,0,0,1,1,
14 1,1,1,1,0,0,0,0,0,0,0,0,0,0,*,0,0,0,0,0,1,1,
15 1,1,1,1,0,0,0,0,0,0,0,0,0,0,0,*,0,0,0,0,1,1,
16 1,1,1,1,0,0,0,0,0,0,0,0,0,0,0,0,*,0,0,0,1,1,
17 0,0,0,0,0,0,0,0,0,0,0,0,0,0,0,0,0,*,0,0,0,0,
18 1,1,1,1,0,0,0,0,0,0,0,0,0,0,0,0,0,0,*,0,1,1,
19 1,1,1,1,0,0,0,0,0,0,0,0,0,0,0,0,0,0,0,*,1,1,
20 0,0,0,0,0,0,0,0,0,0,0,0,0,0,0,0,0,0,0,0,*,0,
21 0,0,0,0,0,0,0,0,0,0,0,0,0,0,0,0,0,0,0,0,0,*,
k=208
t=600

  0,1,2,3,4,5,6,7,8,9,10,11,12,13,14,15,16,17,18,19,20,21,
0 *,0,0,0,0,0,0,0,0,0,0,0,0,0,0,0,0,0,0,0,1,1,
1 0,*,0,0,0,0,0,0,0,0,0,0,0,0,0,0,0,0,0,0,1,1,
2 0,0,*,0,0,0,0,0,0,0,0,0,0,0,0,0,0,0,0,0,0,0,
3 0,0,0,*,0,0,0,0,0,0,0,0,0,0,0,0,0,0,0,0,0,0,
4 1,1,1,1,*,0,0,0,0,0,0,0,0,0,0,0,0,0,0,0,1,1,
5 1,1,1,1,0,*,0,0,0,0,0,0,0,0,0,0,0,0,0,0,1,1,
6 1,1,1,1,0,0,*,0,0,0,0,0,0,0,0,0,0,0,0,0,1,1,
7 1,1,1,1,0,0,0,*,0,0,0,0,0,0,0,0,0,0,0,0,1,1,
8 1,1,1,1,0,0,0,0,*,0,0,0,0,0,0,0,0,0,0,0,1,1,
9 1,1,1,1,0,0,0,0,0,*,0,0,0,0,0,0,0,0,0,0,1,1,
10 1,1,1,1,0,0,0,0,0,0,*,0,0,0,0,0,0,0,0,0,1,1,
11 0,0,0,0,0,0,0,0,0,0,0,*,0,0,0,0,0,0,0,0,0,0,
12 1,1,1,1,0,0,0,0,0,0,0,0,*,0,0,0,0,0,0,0,1,1,
13 1,1,1,1,0,0,0,0,0,0,0,0,0,*,0,0,0,0,0,0,1,1,
14 1,1,1,1,0,0,0,0,0,0,0,0,0,0,*,0,0,0,0,0,1,1,
15 1,1,1,1,0,0,0,0,0,0,0,0,0,0,0,*,0,0,0,0,1,1,
16 1,1,1,1,0,0,0,0,0,0,0,0,0,0,0,0,*,0,0,0,1,1,
17 0,0,0,0,0,0,0,0,0,0,0,0,0,0,0,0,0,*,0,0,0,0,
18 1,1,1,1,0,0,0,0,0,0,0,0,0,0,0,0,0,0,*,0,1,1,
19 1,1,1,1,0,0,0,0,0,0,0,0,0,0,0,0,0,0,0,*,1,1,
20 0,0,0,0,0,0,0,0,0,0,0,0,0,0,0,0,0,0,0,0,*,0,
21 0,0,0,0,0,0,0,0,0,0,0,0,0,0,0,0,0,0,0,0,0,*,
k=209
t=600

  0,1,2,3,4,5,6,7,8,9,10,11,12,13,14,15,16,17,18,19,20,21,
0 *,0,0,0,0,0,0,0,0,0,0,0,0,0,0,0,0,0,0,0,1,1,
1 0,*,0,0,0,0,0,0,0,0,0,0,0,0,0,0,0,0,0,0,1,1,
2 0,0,*,0,0,0,0,0,0,0,0,0,0,0,0,0,0,0,0,0,0,0,
3 0,0,0,*,0,0,0,0,0,0,0,0,0,0,0,0,0,0,0,0,0,0,
4 1,1,1,1,*,0,0,0,0,0,0,0,0,0,0,0,0,0,0,0,1,1,
5 1,1,1,1,0,*,0,0,0,0,0,0,0,0,0,0,0,0,0,0,1,1,
6 1,1,1,1,0,0,*,0,0,0,0,0,0,0,0,0,0,0,0,0,1,1,
7 1,1,1,1,0,0,0,*,0,0,0,0,0,0,0,0,0,0,0,0,1,1,
8 1,1,1,1,0,0,0,0,*,0,0,0,0,0,0,0,0,0,0,0,1,1,
9 1,1,1,1,0,0,0,0,0,*,0,0,0,0,0,0,0,0,0,0,1,1,
10 1,1,1,1,0,0,0,0,0,0,*,0,0,0,0,0,0,0,0,0,1,1,
11 0,0,0,0,0,0,0,0,0,0,0,*,0,0,0,0,0,0,0,0,0,0,
12 1,1,1,1,0,0,0,0,0,0,0,0,*,0,0,0,0,0,0,0,1,1,
13 1,1,1,1,0,0,0,0,0,0,0,0,0,*,0,0,0,0,0,0,1,1,
14 1,1,1,1,0,0,0,0,0,0,0,0,0,0,*,0,0,0,0,0,1,1,
15 1,1,1,1,0,0,0,0,0,0,0,0,0,0,0,*,0,0,0,0,1,1,
16 1,1,1,1,0,0,0,0,0,0,0,0,0,0,0,0,*,0,0,0,1,1,
17 0,0,0,0,0,0,0,0,0,0,0,0,0,0,0,0,0,*,0,0,0,0,
18 1,1,1,1,0,0,0,0,0,0,0,0,0,0,0,0,0,0,*,0,1,1,
19 1,1,1,1,0,0,0,0,0,0,0,0,0,0,0,0,0,0,0,*,1,1,
20 0,0,0,0,0,0,0,0,0,0,0,0,0,0,0,0,0,0,0,0,*,0,
21 0,0,0,0,0,0,0,0,0,0,0,0,0,0,0,0,0,0,0,0,0,*,
k=210
t=200

  0,1,2,3,4,5,6,7,8,9,10,11,12,13,14,15,16,17,18,19,20,21,
0 *,0,0,0,0,0,0,0,0,0,0,0,0,0,0,0,0,0,0,0,1,1,
1 0,*,0,0,0,0,0,0,0,0,0,0,0,0,0,0,0,0,0,0,1,1,
2 0,0,*,0,0,0,0,0,0,0,0,0,0,0,0,0,0,0,0,0,0,0,
3 0,0,0,*,0,0,0,0,0,0,0,0,0,0,0,0,0,0,0,0,0,0,
4 1,1,0,0,*,0,0,0,0,0,0,0,0,0,0,0,0,0,0,0,1,1,
5 1,1,0,0,0,*,0,0,0,0,0,0,0,0,0,0,0,0,0,0,1,1,
6 1,1,0,0,0,0,*,0,0,0,0,0,0,0,0,0,0,0,0,0,1,1,
7 1,1,0,0,0,0,0,*,0,0,0,0,0,0,0,0,0,0,0,0,1,1,
8 1,1,0,0,0,0,0,0,*,0,0,0,0,0,0,0,0,0,0,0,1,1,
9 1,1,0,0,0,0,0,0,0,*,0,0,0,0,0,0,0,0,0,0,1,1,
10 1,1,0,0,0,0,0,0,0,0,*,0,0,0,0,0,0,0,0,0,1,1,
11 0,0,0,0,0,0,0,0,0,0,0,*,0,0,0,0,0,0,0,0,0,0,
12 1,1,0,0,0,0,0,0,0,0,0,0,*,0,0,0,0,0,0,0,1,1,
13 1,1,0,0,0,0,0,0,0,0,0,0,0,*,0,0,0,0,0,0,1,1,
14 1,1,0,0,0,0,0,0,0,0,0,0,0,0,*,0,0,0,0,0,1,1,
15 1,1,0,0,0,0,0,0,0,0,0,0,0,0,0,*,0,0,0,0,1,1,
16 1,1,0,0,0,0,0,0,0,0,0,0,0,0,0,0,*,0,0,0,1,1,
17 0,0,0,0,0,0,0,0,0,0,0,0,0,0,0,0,0,*,0,0,0,0,
18 1,1,0,0,0,0,0,0,0,0,0,0,0,0,0,0,0,0,*,0,1,1,
19 1,1,0,0,0,0,0,0,0,0,0,0,0,0,0,0,0,0,0,*,1,1,
20 0,0,0,0,0,0,0,0,0,0,0,0,0,0,0,0,0,0,0,0,*,0,
21 0,0,0,0,0,0,0,0,0,0,0,0,0,0,0,0,0,0,0,0,0,*,
k=211
t=600

  0,1,2,3,4,5,6,7,8,9,10,11,12,13,14,15,16,17,18,19,20,21,
0 *,0,0,0,0,0,0,0,0,0,0,0,0,0,0,0,0,0,0,0,1,1,
1 0,*,0,0,0,0,0,0,0,0,0,0,0,0,0,0,0,0,0,0,1,1,
2 0,0,*,0,0,0,0,0,0,0,0,0,0,0,0,0,0,0,0,0,0,0,
3 0,0,0,*,0,0,0,0,0,0,0,0,0,0,0,0,0,0,0,0,0,0,
4 1,1,0,0,*,0,0,0,0,0,0,0,0,0,0,0,0,0,0,0,1,1,
5 1,1,0,0,0,*,0,0,0,0,0,0,0,0,0,0,0,0,0,0,1,1,
6 1,1,0,0,0,0,*,0,0,0,0,0,0,0,0,0,0,0,0,0,1,1,
7 1,1,0,0,0,0,0,*,0,0,0,0,0,0,0,0,0,0,0,0,1,1,
8 1,1,0,0,0,0,0,0,*,0,0,0,0,0,0,0,0,0,0,0,1,1,
9 1,1,0,0,0,0,0,0,0,*,0,0,0,0,0,0,0,0,0,0,1,1,
10 1,1,0,0,0,0,0,0,0,0,*,0,0,0,0,0,0,0,0,0,1,1,
11 0,0,0,0,0,0,0,0,0,0,0,*,0,0,0,0,0,0,0,0,0,0,
12 1,1,0,0,0,0,0,0,0,0,0,0,*,0,0,0,0,0,0,0,1,1,
13 1,1,0,0,0,0,0,0,0,0,0,0,0,*,0,0,0,0,0,0,1,1,
14 1,1,0,0,0,0,0,0,0,0,0,0,0,0,*,0,0,0,0,0,1,1,
15 1,1,0,0,0,0,0,0,0,0,0,0,0,0,0,*,0,0,0,0,1,1,
16 1,1,0,0,0,0,0,0,0,0,0,0,0,0,0,0,*,0,0,0,1,1,
17 0,0,0,0,0,0,0,0,0,0,0,0,0,0,0,0,0,*,0,0,0,0,
18 1,1,0,0,0,0,0,0,0,0,0,0,0,0,0,0,0,0,*,0,1,1,
19 1,1,0,0,0,0,0,0,0,0,0,0,0,0,0,0,0,0,0,*,1,1,
20 0,0,0,0,0,0,0,0,0,0,0,0,0,0,0,0,0,0,0,0,*,0,
21 0,0,0,0,0,0,0,0,0,0,0,0,0,0,0,0,0,0,0,0,0,*,
k=212
t=200

  0,1,2,3,4,5,6,7,8,9,10,11,12,13,14,15,16,17,18,19,20,21,
0 *,0,0,0,0,0,0,0,0,0,0,0,0,0,0,0,0,0,0,0,1,1,
1 0,*,0,0,0,0,0,0,0,0,0,0,0,0,0,0,0,0,0,0,1,1,
2 0,0,*,0,0,0,0,0,0,0,0,0,0,0,0,0,0,0,0,0,0,0,
3 0,0,0,*,0,0,0,0,0,0,0,0,0,0,0,0,0,0,0,0,0,0,
4 1,1,0,0,*,0,0,0,0,0,0,0,0,0,0,0,0,0,0,0,1,1,
5 1,1,0,0,0,*,0,0,0,0,0,0,0,0,0,0,0,0,0,0,1,1,
6 1,1,0,0,0,0,*,0,0,0,0,0,0,0,0,0,0,0,0,0,1,1,
7 1,1,0,0,0,0,0,*,0,0,0,0,0,0,0,0,0,0,0,0,1,1,
8 1,1,0,0,0,0,0,0,*,0,0,0,0,0,0,0,0,0,0,0,1,1,
9 1,1,0,0,0,0,0,0,0,*,0,0,0,0,0,0,0,0,0,0,1,1,
10 1,1,0,0,0,0,0,0,0,0,*,0,0,0,0,0,0,0,0,0,1,1,
11 1,1,0,0,0,0,0,0,0,0,0,*,0,0,0,0,0,0,0,0,1,1,
12 1,1,0,0,0,0,0,0,0,0,0,0,*,0,0,0,0,0,0,0,1,1,
13 1,1,0,0,0,0,0,0,0,0,0,0,0,*,0,0,0,0,0,0,1,1,
14 1,1,0,0,0,0,0,0,0,0,0,0,0,0,*,0,0,0,0,0,1,1,
15 1,1,0,0,0,0,0,0,0,0,0,0,0,0,0,*,0,0,0,0,1,1,
16 1,1,0,0,0,0,0,0,0,0,0,0,0,0,0,0,*,0,0,0,1,1,
17 1,1,0,0,0,0,0,0,0,0,0,0,0,0,0,0,0,*,0,0,1,1,
18 1,1,0,0,0,0,0,0,0,0,0,0,0,0,0,0,0,0,*,0,1,1,
19 1,1,0,0,0,0,0,0,0,0,0,0,0,0,0,0,0,0,0,*,1,1,
20 0,0,0,0,0,0,0,0,0,0,0,0,0,0,0,0,0,0,0,0,*,0,
21 0,0,0,0,0,0,0,0,0,0,0,0,0,0,0,0,0,0,0,0,0,*,
k=213
t=300

  0,1,2,3,4,5,6,7,8,9,10,11,12,13,14,15,16,17,18,19,20,21,
0 *,0,0,0,0,0,0,0,0,0,0,0,0,0,0,0,0,0,0,0,0,1,
1 0,*,0,0,0,0,0,0,0,0,0,0,0,0,0,0,0,0,0,0,0,1,
2 0,0,*,0,0,0,0,0,0,0,0,0,0,0,0,0,0,0,0,0,0,0,
3 0,0,0,*,0,0,0,0,0,0,0,0,0,0,0,0,0,0,0,0,0,0,
4 1,1,0,0,*,0,0,0,0,0,0,0,0,0,0,0,0,0,0,0,1,1,
5 1,1,0,0,0,*,0,0,0,0,0,0,0,0,0,0,0,0,0,0,1,1,
6 1,1,0,0,0,0,*,0,0,0,0,0,0,0,0,0,0,0,0,0,1,1,
7 1,1,0,0,0,0,0,*,0,0,0,0,0,0,0,0,0,0,0,0,1,1,
8 1,1,0,0,0,0,0,0,*,0,0,0,0,0,0,0,0,0,0,0,1,1,
9 1,1,0,0,0,0,0,0,0,*,0,0,0,0,0,0,0,0,0,0,1,1,
10 1,1,0,0,0,0,0,0,0,0,*,0,0,0,0,0,0,0,0,0,1,1,
11 1,1,0,0,0,0,0,0,0,0,0,*,0,0,0,0,0,0,0,0,1,1,
12 1,1,0,0,0,0,0,0,0,0,0,0,*,0,0,0,0,0,0,0,1,1,
13 1,1,0,0,0,0,0,0,0,0,0,0,0,*,0,0,0,0,0,0,1,1,
14 1,1,0,0,0,0,0,0,0,0,0,0,0,0,*,0,0,0,0,0,1,1,
15 1,1,0,0,0,0,0,0,0,0,0,0,0,0,0,*,0,0,0,0,1,1,
16 1,1,0,0,0,0,0,0,0,0,0,0,0,0,0,0,*,0,0,0,1,1,
17 1,1,0,0,0,0,0,0,0,0,0,0,0,0,0,0,0,*,0,0,1,1,
18 1,1,0,0,0,0,0,0,0,0,0,0,0,0,0,0,0,0,*,0,1,1,
19 1,1,0,0,0,0,0,0,0,0,0,0,0,0,0,0,0,0,0,*,1,1,
20 0,0,0,0,0,0,0,0,0,0,0,0,0,0,0,0,0,0,0,0,*,0,
21 0,0,0,0,0,0,0,0,0,0,0,0,0,0,0,0,0,0,0,0,0,*,
k=214
t=200

  0,1,2,3,4,5,6,7,8,9,10,11,12,13,14,15,16,17,18,19,20,21,
0 *,0,0,0,0,0,0,0,0,0,0,0,0,0,0,0,0,0,0,0,0,1,
1 0,*,0,0,0,0,0,0,0,0,0,0,0,0,0,0,0,0,0,0,0,1,
2 0,0,*,0,0,0,0,0,0,0,0,0,0,0,0,0,0,0,0,0,0,0,
3 0,0,0,*,0,0,0,0,0,0,0,0,0,0,0,0,0,0,0,0,0,0,
4 1,1,1,1,*,0,0,0,0,0,0,0,0,0,0,0,0,0,0,0,1,1,
5 1,1,1,1,0,*,0,0,0,0,0,0,0,0,0,0,0,0,0,0,1,1,
6 1,1,1,1,0,0,*,0,0,0,0,0,0,0,0,0,0,0,0,0,1,1,
7 1,1,1,1,0,0,0,*,0,0,0,0,0,0,0,0,0,0,0,0,1,1,
8 1,1,1,1,0,0,0,0,*,0,0,0,0,0,0,0,0,0,0,0,1,1,
9 1,1,1,1,0,0,0,0,0,*,0,0,0,0,0,0,0,0,0,0,1,1,
10 1,1,1,1,0,0,0,0,0,0,*,0,0,0,0,0,0,0,0,0,1,1,
11 1,1,1,1,0,0,0,0,0,0,0,*,0,0,0,0,0,0,0,0,1,1,
12 1,1,1,1,0,0,0,0,0,0,0,0,*,0,0,0,0,0,0,0,1,1,
13 1,1,1,1,0,0,0,0,0,0,0,0,0,*,0,0,0,0,0,0,1,1,
14 1,1,1,1,0,0,0,0,0,0,0,0,0,0,*,0,0,0,0,0,1,1,
15 1,1,1,1,0,0,0,0,0,0,0,0,0,0,0,*,0,0,0,0,1,1,
16 1,1,1,1,0,0,0,0,0,0,0,0,0,0,0,0,*,0,0,0,1,1,
17 1,1,1,1,0,0,0,0,0,0,0,0,0,0,0,0,0,*,0,0,1,1,
18 1,1,1,1,0,0,0,0,0,0,0,0,0,0,0,0,0,0,*,0,1,1,
19 1,1,1,1,0,0,0,0,0,0,0,0,0,0,0,0,0,0,0,*,1,1,
20 0,0,0,0,0,0,0,0,0,0,0,0,0,0,0,0,0,0,0,0,*,0,
21 0,0,0,0,0,0,0,0,0,0,0,0,0,0,0,0,0,0,0,0,0,*,
k=215
t=300

  0,1,2,3,4,5,6,7,8,9,10,11,12,13,14,15,16,17,18,19,20,21,
0 *,0,0,0,0,0,0,0,0,0,0,0,0,0,0,0,0,0,0,0,0,1,
1 0,*,0,0,0,0,0,0,0,0,0,0,0,0,0,0,0,0,0,0,0,1,
2 0,0,*,0,0,0,0,0,0,0,0,0,0,0,0,0,0,0,0,0,0,0,
3 0,0,0,*,0,0,0,0,0,0,0,0,0,0,0,0,0,0,0,0,0,0,
4 1,1,1,1,*,0,0,0,0,0,0,0,0,0,0,0,0,0,0,0,1,1,
5 1,1,1,1,0,*,0,0,0,0,0,0,0,0,0,0,0,0,0,0,1,1,
6 1,1,1,1,0,0,*,0,0,0,0,0,0,0,0,0,0,0,0,0,1,1,
7 1,1,1,1,0,0,0,*,0,0,0,0,0,0,0,0,0,0,0,0,1,1,
8 1,1,1,1,0,0,0,0,*,0,0,0,0,0,0,0,0,0,0,0,1,1,
9 1,1,1,1,0,0,0,0,0,*,0,0,0,0,0,0,0,0,0,0,1,1,
10 1,1,1,1,0,0,0,0,0,0,*,0,0,0,0,0,0,0,0,0,1,1,
11 1,1,1,1,0,0,0,0,0,0,0,*,0,0,0,0,0,0,0,0,1,1,
12 1,1,1,1,0,0,0,0,0,0,0,0,*,0,0,0,0,0,0,0,1,1,
13 1,1,1,1,0,0,0,0,0,0,0,0,0,*,0,0,0,0,0,0,1,1,
14 1,1,1,1,0,0,0,0,0,0,0,0,0,0,*,0,0,0,0,0,1,1,
15 1,1,1,1,0,0,0,0,0,0,0,0,0,0,0,*,0,0,0,0,1,1,
16 1,1,1,1,0,0,0,0,0,0,0,0,0,0,0,0,*,0,0,0,1,1,
17 1,1,1,1,0,0,0,0,0,0,0,0,0,0,0,0,0,*,0,0,1,1,
18 1,1,1,1,0,0,0,0,0,0,0,0,0,0,0,0,0,0,*,0,1,1,
19 1,1,1,1,0,0,0,0,0,0,0,0,0,0,0,0,0,0,0,*,1,1,
20 0,0,0,0,0,0,0,0,0,0,0,0,0,0,0,0,0,0,0,0,*,0,
21 0,0,0,0,0,0,0,0,0,0,0,0,0,0,0,0,0,0,0,0,0,*,
k=216
t=100

  0,1,2,3,4,5,6,7,8,9,10,11,12,13,14,15,16,17,18,19,20,21,
0 *,0,0,0,0,0,0,0,0,0,0,0,0,0,0,0,0,0,0,0,0,1,
1 0,*,0,0,0,0,0,0,0,0,0,0,0,0,0,0,0,0,0,0,0,1,
2 0,0,*,0,0,0,0,0,0,0,0,0,0,0,0,0,0,0,0,0,1,0,
3 0,0,0,*,0,0,0,0,0,0,0,0,0,0,0,0,0,0,0,0,1,0,
4 1,1,1,1,*,0,0,0,0,0,0,0,0,0,0,0,0,0,0,0,1,1,
5 1,1,1,1,0,*,0,0,0,0,0,0,0,0,0,0,0,0,0,0,1,1,
6 1,1,1,1,0,0,*,0,0,0,0,0,0,0,0,0,0,0,0,0,1,1,
7 1,1,1,1,0,0,0,*,0,0,0,0,0,0,0,0,0,0,0,0,1,1,
8 1,1,1,1,0,0,0,0,*,0,0,0,0,0,0,0,0,0,0,0,1,1,
9 1,1,1,1,0,0,0,0,0,*,0,0,0,0,0,0,0,0,0,0,1,1,
10 1,1,1,1,0,0,0,0,0,0,*,0,0,0,0,0,0,0,0,0,1,1,
11 1,1,1,1,0,0,0,0,0,0,0,*,0,0,0,0,0,0,0,0,1,1,
12 1,1,1,1,0,0,0,0,0,0,0,0,*,0,0,0,0,0,0,0,1,1,
13 1,1,1,1,0,0,0,0,0,0,0,0,0,*,0,0,0,0,0,0,1,1,
14 1,1,1,1,0,0,0,0,0,0,0,0,0,0,*,0,0,0,0,0,1,1,
15 1,1,1,1,0,0,0,0,0,0,0,0,0,0,0,*,0,0,0,0,1,1,
16 1,1,1,1,0,0,0,0,0,0,0,0,0,0,0,0,*,0,0,0,1,1,
17 1,1,1,1,0,0,0,0,0,0,0,0,0,0,0,0,0,*,0,0,1,1,
18 1,1,1,1,0,0,0,0,0,0,0,0,0,0,0,0,0,0,*,0,1,1,
19 1,1,1,1,0,0,0,0,0,0,0,0,0,0,0,0,0,0,0,*,1,1,
20 0,0,0,0,0,0,0,0,0,0,0,0,0,0,0,0,0,0,0,0,*,0,
21 0,0,0,0,0,0,0,0,0,0,0,0,0,0,0,0,0,0,0,0,0,*,
k=217
t=300

  0,1,2,3,4,5,6,7,8,9,10,11,12,13,14,15,16,17,18,19,20,21,
0 *,0,0,0,0,0,0,0,0,0,0,0,0,0,0,0,0,0,0,0,0,0,
1 0,*,0,0,0,0,0,0,0,0,0,0,0,0,0,0,0,0,0,0,0,0,
2 0,0,*,0,0,0,0,0,0,0,0,0,0,0,0,0,0,0,0,0,1,0,
3 0,0,0,*,0,0,0,0,0,0,0,0,0,0,0,0,0,0,0,0,1,0,
4 1,1,1,1,*,0,0,0,0,0,0,0,0,0,0,0,0,0,0,0,1,1,
5 1,1,1,1,0,*,0,0,0,0,0,0,0,0,0,0,0,0,0,0,1,1,
6 1,1,1,1,0,0,*,0,0,0,0,0,0,0,0,0,0,0,0,0,1,1,
7 1,1,1,1,0,0,0,*,0,0,0,0,0,0,0,0,0,0,0,0,1,1,
8 1,1,1,1,0,0,0,0,*,0,0,0,0,0,0,0,0,0,0,0,1,1,
9 1,1,1,1,0,0,0,0,0,*,0,0,0,0,0,0,0,0,0,0,1,1,
10 1,1,1,1,0,0,0,0,0,0,*,0,0,0,0,0,0,0,0,0,1,1,
11 1,1,1,1,0,0,0,0,0,0,0,*,0,0,0,0,0,0,0,0,1,1,
12 1,1,1,1,0,0,0,0,0,0,0,0,*,0,0,0,0,0,0,0,1,1,
13 1,1,1,1,0,0,0,0,0,0,0,0,0,*,0,0,0,0,0,0,1,1,
14 1,1,1,1,0,0,0,0,0,0,0,0,0,0,*,0,0,0,0,0,1,1,
15 1,1,1,1,0,0,0,0,0,0,0,0,0,0,0,*,0,0,0,0,1,1,
16 1,1,1,1,0,0,0,0,0,0,0,0,0,0,0,0,*,0,0,0,1,1,
17 1,1,1,1,0,0,0,0,0,0,0,0,0,0,0,0,0,*,0,0,1,1,
18 1,1,1,1,0,0,0,0,0,0,0,0,0,0,0,0,0,0,*,0,1,1,
19 1,1,1,1,0,0,0,0,0,0,0,0,0,0,0,0,0,0,0,*,1,1,
20 0,0,0,0,0,0,0,0,0,0,0,0,0,0,0,0,0,0,0,0,*,0,
21 0,0,0,0,0,0,0,0,0,0,0,0,0,0,0,0,0,0,0,0,0,*,
k=218
t=600

  0,1,2,3,4,5,6,7,8,9,10,11,12,13,14,15,16,17,18,19,20,21,
0 *,0,0,0,0,0,0,0,0,0,0,0,0,0,0,0,0,0,0,0,0,0,
1 0,*,0,0,0,0,0,0,0,0,0,0,0,0,0,0,0,0,0,0,0,0,
2 0,0,*,0,0,0,0,0,0,0,0,0,0,0,0,0,0,0,0,0,1,0,
3 0,0,0,*,0,0,0,0,0,0,0,0,0,0,0,0,0,0,0,0,1,0,
4 1,1,1,1,*,0,0,0,0,0,0,0,0,0,0,0,0,0,0,0,1,1,
5 1,1,1,1,0,*,0,0,0,0,0,0,0,0,0,0,0,0,0,0,1,1,
6 1,1,1,1,0,0,*,0,0,0,0,0,0,0,0,0,0,0,0,0,1,1,
7 1,1,1,1,0,0,0,*,0,0,0,0,0,0,0,0,0,0,0,0,1,1,
8 1,1,1,1,0,0,0,0,*,0,0,0,0,0,0,0,0,0,0,0,1,1,
9 1,1,1,1,0,0,0,0,0,*,0,0,0,0,0,0,0,0,0,0,1,1,
10 1,1,1,1,0,0,0,0,0,0,*,0,0,0,0,0,0,0,0,0,1,1,
11 1,1,1,1,0,0,0,0,0,0,0,*,0,0,0,0,0,0,0,0,1,1,
12 1,1,1,1,0,0,0,0,0,0,0,0,*,0,0,0,0,0,0,0,1,1,
13 1,1,1,1,0,0,0,0,0,0,0,0,0,*,0,0,0,0,0,0,1,1,
14 1,1,1,1,0,0,0,0,0,0,0,0,0,0,*,0,0,0,0,0,1,1,
15 1,1,1,1,0,0,0,0,0,0,0,0,0,0,0,*,0,0,0,0,1,1,
16 1,1,1,1,0,0,0,0,0,0,0,0,0,0,0,0,*,0,0,0,1,1,
17 1,1,1,1,0,0,0,0,0,0,0,0,0,0,0,0,0,*,0,0,1,1,
18 1,1,1,1,0,0,0,0,0,0,0,0,0,0,0,0,0,0,*,0,1,1,
19 1,1,1,1,0,0,0,0,0,0,0,0,0,0,0,0,0,0,0,*,1,1,
20 0,0,0,0,0,0,0,0,0,0,0,0,0,0,0,0,0,0,0,0,*,0,
21 0,0,0,0,0,0,0,0,0,0,0,0,0,0,0,0,0,0,0,0,0,*,
k=219
t=200

  0,1,2,3,4,5,6,7,8,9,10,11,12,13,14,15,16,17,18,19,20,21,
0 *,0,0,0,0,0,0,0,0,0,0,0,0,0,0,0,0,0,0,0,0,0,
1 0,*,0,0,0,0,0,0,0,0,0,0,0,0,0,0,0,0,0,0,0,0,
2 0,0,*,0,0,0,0,0,0,0,0,0,0,0,0,0,0,0,0,0,1,0,
3 0,0,0,*,0,0,0,0,0,0,0,0,0,0,0,0,0,0,0,0,1,0,
4 1,1,1,1,*,0,0,0,0,0,0,0,0,0,0,0,0,0,0,0,1,1,
5 1,1,1,1,0,*,0,0,0,0,0,0,0,0,0,0,0,0,0,0,1,1,
6 1,1,1,1,0,0,*,0,0,0,0,0,0,0,0,0,0,0,0,0,1,1,
7 1,1,1,1,0,0,0,*,0,0,0,0,0,0,0,0,0,0,0,0,1,1,
8 1,1,1,1,0,0,0,0,*,0,0,0,0,0,0,0,0,0,0,0,1,1,
9 1,1,1,1,0,0,0,0,0,*,0,0,0,0,0,0,0,0,0,0,1,1,
10 1,1,1,1,0,0,0,0,0,0,*,0,0,0,0,0,0,0,0,0,1,1,
11 1,1,1,1,0,0,0,0,0,0,0,*,0,0,0,0,0,0,0,0,1,1,
12 1,1,1,1,0,0,0,0,0,0,0,0,*,0,0,0,0,0,0,0,1,1,
13 1,1,1,1,0,0,0,0,0,0,0,0,0,*,0,0,0,0,0,0,1,1,
14 1,1,1,1,0,0,0,0,0,0,0,0,0,0,*,0,0,0,0,0,1,1,
15 1,1,1,1,0,0,0,0,0,0,0,0,0,0,0,*,0,0,0,0,1,1,
16 1,1,1,1,0,0,0,0,0,0,0,0,0,0,0,0,*,0,0,0,1,1,
17 1,1,1,1,0,0,0,0,0,0,0,0,0,0,0,0,0,*,0,0,1,1,
18 1,1,1,1,0,0,0,0,0,0,0,0,0,0,0,0,0,0,*,0,1,1,
19 1,1,1,1,0,0,0,0,0,0,0,0,0,0,0,0,0,0,0,*,1,1,
20 0,0,0,0,0,0,0,0,0,0,0,0,0,0,0,0,0,0,0,0,*,0,
21 0,0,0,0,0,0,0,0,0,0,0,0,0,0,0,0,0,0,0,0,0,*,
k=220
t=400

  0,1,2,3,4,5,6,7,8,9,10,11,12,13,14,15,16,17,18,19,20,21,
0 *,0,0,0,0,0,0,0,0,0,0,0,0,0,0,0,0,0,0,0,0,0,
1 0,*,0,0,0,0,0,0,0,0,0,0,0,0,0,0,0,0,0,0,0,0,
2 0,0,*,0,0,0,0,0,0,0,0,0,0,0,0,0,0,0,0,0,1,0,
3 0,0,0,*,0,0,0,0,0,0,0,0,0,0,0,0,0,0,0,0,1,0,
4 1,1,1,1,*,0,0,0,0,0,0,0,0,0,0,0,0,0,0,0,1,1,
5 1,1,1,1,0,*,0,0,0,0,0,0,0,0,0,0,0,0,0,0,1,1,
6 1,1,1,1,0,0,*,0,0,0,0,0,0,0,0,0,0,0,0,0,1,1,
7 1,1,1,1,0,0,0,*,0,0,0,0,0,0,0,0,0,0,0,0,1,1,
8 1,1,1,1,0,0,0,0,*,0,0,0,0,0,0,0,0,0,0,0,1,1,
9 1,1,1,1,0,0,0,0,0,*,0,0,0,0,0,0,0,0,0,0,1,1,
10 1,1,1,1,0,0,0,0,0,0,*,0,0,0,0,0,0,0,0,0,1,1,
11 1,1,1,1,0,0,0,0,0,0,0,*,0,0,0,0,0,0,0,0,1,1,
12 1,1,1,1,0,0,0,0,0,0,0,0,*,0,0,0,0,0,0,0,1,1,
13 1,1,1,1,0,0,0,0,0,0,0,0,0,*,0,0,0,0,0,0,1,1,
14 1,1,1,1,0,0,0,0,0,0,0,0,0,0,*,0,0,0,0,0,1,1,
15 1,1,1,1,0,0,0,0,0,0,0,0,0,0,0,*,0,0,0,0,1,1,
16 0,0,0,0,0,0,0,0,0,0,0,0,0,0,0,0,*,0,0,0,0,0,
17 1,1,1,1,0,0,0,0,0,0,0,0,0,0,0,0,0,*,0,0,1,1,
18 1,1,1,1,0,0,0,0,0,0,0,0,0,0,0,0,0,0,*,0,1,1,
19 1,1,1,1,0,0,0,0,0,0,0,0,0,0,0,0,0,0,0,*,1,1,
20 0,0,0,0,0,0,0,0,0,0,0,0,0,0,0,0,0,0,0,0,*,0,
21 0,0,0,0,0,0,0,0,0,0,0,0,0,0,0,0,0,0,0,0,0,*,
k=221
t=100

  0,1,2,3,4,5,6,7,8,9,10,11,12,13,14,15,16,17,18,19,20,21,
0 *,0,0,0,0,0,0,0,0,0,0,0,0,0,0,0,0,0,0,0,0,0,
1 0,*,0,0,0,0,0,0,0,0,0,0,0,0,0,0,0,0,0,0,0,0,
2 0,0,*,0,0,0,0,0,0,0,0,0,0,0,0,0,0,0,0,0,1,0,
3 0,0,0,*,0,0,0,0,0,0,0,0,0,0,0,0,0,0,0,0,1,0,
4 1,1,1,1,*,0,0,0,0,0,0,0,0,0,0,0,0,0,0,0,1,1,
5 1,1,1,1,0,*,0,0,0,0,0,0,0,0,0,0,0,0,0,0,1,1,
6 1,1,1,1,0,0,*,0,0,0,0,0,0,0,0,0,0,0,0,0,1,1,
7 1,1,1,1,0,0,0,*,0,0,0,0,0,0,0,0,0,0,0,0,1,1,
8 1,1,1,1,0,0,0,0,*,0,0,0,0,0,0,0,0,0,0,0,1,1,
9 1,1,1,1,0,0,0,0,0,*,0,0,0,0,0,0,0,0,0,0,1,1,
10 0,0,0,0,0,0,0,0,0,0,*,0,0,0,0,0,0,0,0,0,0,0,
11 1,1,1,1,0,0,0,0,0,0,0,*,0,0,0,0,0,0,0,0,1,1,
12 1,1,1,1,0,0,0,0,0,0,0,0,*,0,0,0,0,0,0,0,1,1,
13 1,1,1,1,0,0,0,0,0,0,0,0,0,*,0,0,0,0,0,0,1,1,
14 1,1,1,1,0,0,0,0,0,0,0,0,0,0,*,0,0,0,0,0,1,1,
15 1,1,1,1,0,0,0,0,0,0,0,0,0,0,0,*,0,0,0,0,1,1,
16 0,0,0,0,0,0,0,0,0,0,0,0,0,0,0,0,*,0,0,0,0,0,
17 1,1,1,1,0,0,0,0,0,0,0,0,0,0,0,0,0,*,0,0,1,1,
18 1,1,1,1,0,0,0,0,0,0,0,0,0,0,0,0,0,0,*,0,1,1,
19 1,1,1,1,0,0,0,0,0,0,0,0,0,0,0,0,0,0,0,*,1,1,
20 0,0,0,0,0,0,0,0,0,0,0,0,0,0,0,0,0,0,0,0,*,0,
21 0,0,0,0,0,0,0,0,0,0,0,0,0,0,0,0,0,0,0,0,0,*,
k=222
t=600

  0,1,2,3,4,5,6,7,8,9,10,11,12,13,14,15,16,17,18,19,20,21,
0 *,0,0,0,0,0,0,0,0,0,0,0,0,0,0,0,0,0,0,0,0,0,
1 0,*,0,0,0,0,0,0,0,0,0,0,0,0,0,0,0,0,0,0,0,0,
2 0,0,*,0,0,0,0,0,0,0,0,0,0,0,0,0,0,0,0,0,1,0,
3 0,0,0,*,0,0,0,0,0,0,0,0,0,0,0,0,0,0,0,0,1,0,
4 1,1,1,1,*,0,0,0,0,0,0,0,0,0,0,0,0,0,0,0,1,1,
5 1,1,1,1,0,*,0,0,0,0,0,0,0,0,0,0,0,0,0,0,1,1,
6 1,1,1,1,0,0,*,0,0,0,0,0,0,0,0,0,0,0,0,0,1,1,
7 1,1,1,1,0,0,0,*,0,0,0,0,0,0,0,0,0,0,0,0,1,1,
8 1,1,1,1,0,0,0,0,*,0,0,0,0,0,0,0,0,0,0,0,1,1,
9 1,1,1,1,0,0,0,0,0,*,0,0,0,0,0,0,0,0,0,0,1,1,
10 0,0,0,0,0,0,0,0,0,0,*,0,0,0,0,0,0,0,0,0,0,0,
11 1,1,1,1,0,0,0,0,0,0,0,*,0,0,0,0,0,0,0,0,1,1,
12 1,1,1,1,0,0,0,0,0,0,0,0,*,0,0,0,0,0,0,0,1,1,
13 1,1,1,1,0,0,0,0,0,0,0,0,0,*,0,0,0,0,0,0,1,1,
14 1,1,1,1,0,0,0,0,0,0,0,0,0,0,*,0,0,0,0,0,1,1,
15 1,1,1,1,0,0,0,0,0,0,0,0,0,0,0,*,0,0,0,0,1,1,
16 0,0,0,0,0,0,0,0,0,0,0,0,0,0,0,0,*,0,0,0,0,0,
17 1,1,1,1,0,0,0,0,0,0,0,0,0,0,0,0,0,*,0,0,1,1,
18 1,1,1,1,0,0,0,0,0,0,0,0,0,0,0,0,0,0,*,0,1,1,
19 1,1,1,1,0,0,0,0,0,0,0,0,0,0,0,0,0,0,0,*,1,1,
20 0,0,0,0,0,0,0,0,0,0,0,0,0,0,0,0,0,0,0,0,*,0,
21 0,0,0,0,0,0,0,0,0,0,0,0,0,0,0,0,0,0,0,0,0,*,
k=223
t=600

  0,1,2,3,4,5,6,7,8,9,10,11,12,13,14,15,16,17,18,19,20,21,
0 *,0,0,0,0,0,0,0,0,0,0,0,0,0,0,0,0,0,0,0,0,0,
1 0,*,0,0,0,0,0,0,0,0,0,0,0,0,0,0,0,0,0,0,0,0,
2 0,0,*,0,0,0,0,0,0,0,0,0,0,0,0,0,0,0,0,0,1,0,
3 0,0,0,*,0,0,0,0,0,0,0,0,0,0,0,0,0,0,0,0,1,0,
4 1,1,1,1,*,0,0,0,0,0,0,0,0,0,0,0,0,0,0,0,1,1,
5 1,1,1,1,0,*,0,0,0,0,0,0,0,0,0,0,0,0,0,0,1,1,
6 1,1,1,1,0,0,*,0,0,0,0,0,0,0,0,0,0,0,0,0,1,1,
7 1,1,1,1,0,0,0,*,0,0,0,0,0,0,0,0,0,0,0,0,1,1,
8 1,1,1,1,0,0,0,0,*,0,0,0,0,0,0,0,0,0,0,0,1,1,
9 1,1,1,1,0,0,0,0,0,*,0,0,0,0,0,0,0,0,0,0,1,1,
10 0,0,0,0,0,0,0,0,0,0,*,0,0,0,0,0,0,0,0,0,0,0,
11 1,1,1,1,0,0,0,0,0,0,0,*,0,0,0,0,0,0,0,0,1,1,
12 1,1,1,1,0,0,0,0,0,0,0,0,*,0,0,0,0,0,0,0,1,1,
13 1,1,1,1,0,0,0,0,0,0,0,0,0,*,0,0,0,0,0,0,1,1,
14 1,1,1,1,0,0,0,0,0,0,0,0,0,0,*,0,0,0,0,0,1,1,
15 1,1,1,1,0,0,0,0,0,0,0,0,0,0,0,*,0,0,0,0,1,1,
16 0,0,0,0,0,0,0,0,0,0,0,0,0,0,0,0,*,0,0,0,0,0,
17 1,1,1,1,0,0,0,0,0,0,0,0,0,0,0,0,0,*,0,0,1,1,
18 1,1,1,1,0,0,0,0,0,0,0,0,0,0,0,0,0,0,*,0,1,1,
19 1,1,1,1,0,0,0,0,0,0,0,0,0,0,0,0,0,0,0,*,1,1,
20 0,0,0,0,0,0,0,0,0,0,0,0,0,0,0,0,0,0,0,0,*,0,
21 0,0,0,0,0,0,0,0,0,0,0,0,0,0,0,0,0,0,0,0,0,*,
k=224
t=600

  0,1,2,3,4,5,6,7,8,9,10,11,12,13,14,15,16,17,18,19,20,21,
0 *,0,0,0,0,0,0,0,0,0,0,0,0,0,0,0,0,0,0,0,0,0,
1 0,*,0,0,0,0,0,0,0,0,0,0,0,0,0,0,0,0,0,0,0,0,
2 0,0,*,0,0,0,0,0,0,0,0,0,0,0,0,0,0,0,0,0,1,0,
3 0,0,0,*,0,0,0,0,0,0,0,0,0,0,0,0,0,0,0,0,1,0,
4 1,1,1,1,*,0,0,0,0,0,0,0,0,0,0,0,0,0,0,0,1,1,
5 1,1,1,1,0,*,0,0,0,0,0,0,0,0,0,0,0,0,0,0,1,1,
6 1,1,1,1,0,0,*,0,0,0,0,0,0,0,0,0,0,0,0,0,1,1,
7 1,1,1,1,0,0,0,*,0,0,0,0,0,0,0,0,0,0,0,0,1,1,
8 1,1,1,1,0,0,0,0,*,0,0,0,0,0,0,0,0,0,0,0,1,1,
9 1,1,1,1,0,0,0,0,0,*,0,0,0,0,0,0,0,0,0,0,1,1,
10 0,0,0,0,0,0,0,0,0,0,*,0,0,0,0,0,0,0,0,0,0,0,
11 1,1,1,1,0,0,0,0,0,0,0,*,0,0,0,0,0,0,0,0,1,1,
12 1,1,1,1,0,0,0,0,0,0,0,0,*,0,0,0,0,0,0,0,1,1,
13 1,1,1,1,0,0,0,0,0,0,0,0,0,*,0,0,0,0,0,0,1,1,
14 1,1,1,1,0,0,0,0,0,0,0,0,0,0,*,0,0,0,0,0,1,1,
15 1,1,1,1,0,0,0,0,0,0,0,0,0,0,0,*,0,0,0,0,1,1,
16 0,0,0,0,0,0,0,0,0,0,0,0,0,0,0,0,*,0,0,0,0,0,
17 1,1,1,1,0,0,0,0,0,0,0,0,0,0,0,0,0,*,0,0,1,1,
18 1,1,1,1,0,0,0,0,0,0,0,0,0,0,0,0,0,0,*,0,1,1,
19 1,1,1,1,0,0,0,0,0,0,0,0,0,0,0,0,0,0,0,*,1,1,
20 0,0,0,0,0,0,0,0,0,0,0,0,0,0,0,0,0,0,0,0,*,0,
21 0,0,0,0,0,0,0,0,0,0,0,0,0,0,0,0,0,0,0,0,0,*,
k=225
t=100

  0,1,2,3,4,5,6,7,8,9,10,11,12,13,14,15,16,17,18,19,20,21,
0 *,0,0,0,0,0,0,0,0,0,0,0,0,0,0,0,0,0,0,0,0,0,
1 0,*,0,0,0,0,0,0,0,0,0,0,0,0,0,0,0,0,0,0,0,0,
2 0,0,*,0,0,0,0,0,0,0,0,0,0,0,0,0,0,0,0,0,1,1,
3 0,0,0,*,0,0,0,0,0,0,0,0,0,0,0,0,0,0,0,0,1,1,
4 1,1,1,1,*,0,0,0,0,0,0,0,0,0,0,0,0,0,0,0,1,1,
5 1,1,1,1,0,*,0,0,0,0,0,0,0,0,0,0,0,0,0,0,1,1,
6 1,1,1,1,0,0,*,0,0,0,0,0,0,0,0,0,0,0,0,0,1,1,
7 1,1,1,1,0,0,0,*,0,0,0,0,0,0,0,0,0,0,0,0,1,1,
8 1,1,1,1,0,0,0,0,*,0,0,0,0,0,0,0,0,0,0,0,1,1,
9 1,1,1,1,0,0,0,0,0,*,0,0,0,0,0,0,0,0,0,0,1,1,
10 0,0,0,0,0,0,0,0,0,0,*,0,0,0,0,0,0,0,0,0,0,0,
11 1,1,1,1,0,0,0,0,0,0,0,*,0,0,0,0,0,0,0,0,1,1,
12 1,1,1,1,0,0,0,0,0,0,0,0,*,0,0,0,0,0,0,0,1,1,
13 1,1,1,1,0,0,0,0,0,0,0,0,0,*,0,0,0,0,0,0,1,1,
14 1,1,1,1,0,0,0,0,0,0,0,0,0,0,*,0,0,0,0,0,1,1,
15 1,1,1,1,0,0,0,0,0,0,0,0,0,0,0,*,0,0,0,0,1,1,
16 0,0,0,0,0,0,0,0,0,0,0,0,0,0,0,0,*,0,0,0,0,0,
17 1,1,1,1,0,0,0,0,0,0,0,0,0,0,0,0,0,*,0,0,1,1,
18 1,1,1,1,0,0,0,0,0,0,0,0,0,0,0,0,0,0,*,0,1,1,
19 1,1,1,1,0,0,0,0,0,0,0,0,0,0,0,0,0,0,0,*,1,1,
20 0,0,0,0,0,0,0,0,0,0,0,0,0,0,0,0,0,0,0,0,*,0,
21 0,0,0,0,0,0,0,0,0,0,0,0,0,0,0,0,0,0,0,0,0,*,
k=226
t=400

  0,1,2,3,4,5,6,7,8,9,10,11,12,13,14,15,16,17,18,19,20,21,
0 *,0,0,0,0,0,0,0,0,0,0,0,0,0,0,0,0,0,0,0,0,0,
1 0,*,0,0,0,0,0,0,0,0,0,0,0,0,0,0,0,0,0,0,0,0,
2 0,0,*,0,0,0,0,0,0,0,0,0,0,0,0,0,0,0,0,0,1,1,
3 0,0,0,*,0,0,0,0,0,0,0,0,0,0,0,0,0,0,0,0,1,1,
4 1,1,1,1,*,0,0,0,0,0,0,0,0,0,0,0,0,0,0,0,1,1,
5 1,1,1,1,0,*,0,0,0,0,0,0,0,0,0,0,0,0,0,0,1,1,
6 1,1,1,1,0,0,*,0,0,0,0,0,0,0,0,0,0,0,0,0,1,1,
7 1,1,1,1,0,0,0,*,0,0,0,0,0,0,0,0,0,0,0,0,1,1,
8 1,1,1,1,0,0,0,0,*,0,0,0,0,0,0,0,0,0,0,0,1,1,
9 1,1,1,1,0,0,0,0,0,*,0,0,0,0,0,0,0,0,0,0,1,1,
10 1,1,1,1,0,0,0,0,0,0,*,0,0,0,0,0,0,0,0,0,1,1,
11 1,1,1,1,0,0,0,0,0,0,0,*,0,0,0,0,0,0,0,0,1,1,
12 1,1,1,1,0,0,0,0,0,0,0,0,*,0,0,0,0,0,0,0,1,1,
13 1,1,1,1,0,0,0,0,0,0,0,0,0,*,0,0,0,0,0,0,1,1,
14 1,1,1,1,0,0,0,0,0,0,0,0,0,0,*,0,0,0,0,0,1,1,
15 1,1,1,1,0,0,0,0,0,0,0,0,0,0,0,*,0,0,0,0,1,1,
16 1,1,1,1,0,0,0,0,0,0,0,0,0,0,0,0,*,0,0,0,1,1,
17 1,1,1,1,0,0,0,0,0,0,0,0,0,0,0,0,0,*,0,0,1,1,
18 1,1,1,1,0,0,0,0,0,0,0,0,0,0,0,0,0,0,*,0,1,1,
19 1,1,1,1,0,0,0,0,0,0,0,0,0,0,0,0,0,0,0,*,1,1,
20 0,0,0,0,0,0,0,0,0,0,0,0,0,0,0,0,0,0,0,0,*,0,
21 0,0,0,0,0,0,0,0,0,0,0,0,0,0,0,0,0,0,0,0,0,*,
k=227
t=300

