a contact +0 +600 1002 2004 10000
a contact +0 +600 1002 2009 10000
a contact +0 +600 1003 9002 100000
a contact +0 +600 1003 2005 10000
a contact +0 +600 1003 2013 10000
a contact +0 +600 2004 1002 10000
a contact +0 +600 2005 1003 10000
a contact +0 +600 2009 1002 10000
a contact +0 +600 2013 1003 10000
a contact +0 +600 9002 1003 100000
a contact +0 +1200 1002 9001 100000
a contact +600 +1200 1002 2020 10000
a contact +600 +1200 1002 2006 10000
a contact +600 +1200 2006 1002 10000
a contact +600 +1200 2020 1002 10000
a contact +0 +1200 9001 1002 100000
a contact +1200 +1800 1002 2021 10000
a contact +1200 +1800 1002 2009 10000
a contact +1200 +1800 1002 2018 10000
a contact +600 +1800 1003 2010 10000
a contact +600 +1800 1003 2024 10000
a contact +600 +1800 1003 2014 10000
a contact +1200 +1800 2009 1002 10000
a contact +600 +1800 2010 1003 10000
a contact +600 +1800 2014 1003 10000
a contact +1200 +1800 2018 1002 10000
a contact +1200 +1800 2021 1002 10000
a contact +600 +1800 2024 1003 10000
a contact +1800 +2400 1002 2009 10000
a contact +1800 +2400 1002 2016 10000
a contact +1800 +2400 1002 2002 10000
a contact +1800 +2400 1003 2003 10000
a contact +1800 +2400 1003 2023 10000
a contact +1800 +2400 1003 2022 10000
a contact +1800 +2400 2002 1002 10000
a contact +1800 +2400 2003 1003 10000
a contact +1800 +2400 2009 1002 10000
a contact +1800 +2400 2016 1002 10000
a contact +1800 +2400 2022 1003 10000
a contact +1800 +2400 2023 1003 10000
a contact +0 +3000 1001 9003 100000
a contact +2400 +3000 1001 2001 10000
a contact +2400 +3000 1001 2002 10000
a contact +2400 +3000 1002 2019 10000
a contact +2400 +3000 1002 9001 100000
a contact +2400 +3000 1002 2023 10000
a contact +2400 +3000 1003 2014 10000
a contact +2400 +3000 1003 2024 10000
a contact +2400 +3000 1003 2005 10000
a contact +2400 +3000 2001 1001 10000
a contact +2400 +3000 2002 1001 10000
a contact +2400 +3000 2005 1003 10000
a contact +2400 +3000 2014 1003 10000
a contact +2400 +3000 2019 1002 10000
a contact +2400 +3000 2023 1002 10000
a contact +2400 +3000 2024 1003 10000
a contact +2400 +3000 9001 1002 100000
a contact +0 +3000 9003 1001 100000
a contact +3000 +3600 1001 2015 10000
a contact +3000 +3600 1001 2024 10000
a contact +3000 +3600 1001 2004 10000
a contact +3000 +3600 1002 2021 10000
a contact +3000 +3600 1002 2017 10000
a contact +3000 +3600 1003 2018 10000
a contact +3000 +3600 1003 2016 10000
a contact +3000 +3600 1003 2022 10000
a contact +3000 +3600 2004 1001 10000
a contact +3000 +3600 2015 1001 10000
a contact +3000 +3600 2016 1003 10000
a contact +3000 +3600 2017 1002 10000
a contact +3000 +3600 2018 1003 10000
a contact +3000 +3600 2021 1002 10000
a contact +3000 +3600 2022 1003 10000
a contact +3000 +3600 2024 1001 10000
a contact +3600 +4200 1001 2012 10000
a contact +3600 +4200 1001 9003 100000
a contact +3600 +4200 1002 2004 10000
a contact +3000 +4200 1002 2010 10000
a contact +3600 +4200 1002 2001 10000
a contact +3600 +4200 1003 2024 10000
a contact +3600 +4200 1003 2016 10000
a contact +3600 +4200 2001 1002 10000
a contact +3600 +4200 2004 1002 10000
a contact +3000 +4200 2010 1002 10000
a contact +3600 +4200 2012 1001 10000
a contact +3600 +4200 2016 1003 10000
a contact +3600 +4200 2024 1003 10000
a contact +3600 +4200 9003 1001 100000
a contact +3600 +4800 1001 2022 10000
a contact +4200 +4800 1001 2011 10000
a contact +4200 +4800 1002 2016 10000
a contact +4200 +4800 1002 2003 10000
a contact +4200 +4800 1002 2019 10000
a contact +3600 +4800 1003 2009 10000
a contact +4200 +4800 1003 2008 10000
a contact +4200 +4800 1003 2010 10000
a contact +4200 +4800 2003 1002 10000
a contact +4200 +4800 2008 1003 10000
a contact +3600 +4800 2009 1003 10000
a contact +4200 +4800 2010 1003 10000
a contact +4200 +4800 2011 1001 10000
a contact +4200 +4800 2016 1002 10000
a contact +4200 +4800 2019 1002 10000
a contact +3600 +4800 2022 1001 10000
a contact +4800 +5400 1001 2002 10000
a contact +4800 +5400 1001 2003 10000
a contact +4200 +5400 1001 2004 10000
a contact +4800 +5400 1002 2022 10000
a contact +4800 +5400 1002 2020 10000
a contact +4800 +5400 1003 2014 10000
a contact +4800 +5400 1003 2006 10000
a contact +4800 +5400 1003 2024 10000
a contact +4800 +5400 2002 1001 10000
a contact +4800 +5400 2003 1001 10000
a contact +4200 +5400 2004 1001 10000
a contact +4800 +5400 2006 1003 10000
a contact +4800 +5400 2014 1003 10000
a contact +4800 +5400 2020 1002 10000
a contact +4800 +5400 2022 1002 10000
a contact +4800 +5400 2024 1003 10000
a contact +5400 +6000 1001 2018 10000
a contact +5400 +6000 1001 2004 10000
a contact +5400 +6000 1001 2010 10000
a contact +5400 +6000 1002 2006 10000
a contact +5400 +6000 1002 2021 10000
a contact +4800 +6000 1002 2012 10000
a contact +5400 +6000 1003 2003 10000
a contact +5400 +6000 1003 2009 10000
a contact +5400 +6000 1003 2008 10000
a contact +5400 +6000 2003 1003 10000
a contact +5400 +6000 2004 1001 10000
a contact +5400 +6000 2006 1002 10000
a contact +5400 +6000 2008 1003 10000
a contact +5400 +6000 2009 1003 10000
a contact +5400 +6000 2010 1001 10000
a contact +4800 +6000 2012 1002 10000
a contact +5400 +6000 2018 1001 10000
a contact +5400 +6000 2021 1002 10000
a contact +6000 +6600 1001 2006 10000
a contact +6000 +6600 1001 2003 10000
a contact +6000 +6600 1001 2004 10000
a contact +6000 +6600 1002 2020 10000
a contact +6000 +6600 1002 2024 10000
a contact +6000 +6600 1002 2007 10000
a contact +6000 +6600 1003 2016 10000
a contact +6000 +6600 1003 2011 10000
a contact +6000 +6600 1003 2009 10000
a contact +6000 +6600 2003 1001 10000
a contact +6000 +6600 2004 1001 10000
a contact +6000 +6600 2006 1001 10000
a contact +6000 +6600 2007 1002 10000
a contact +6000 +6600 2009 1003 10000
a contact +6000 +6600 2011 1003 10000
a contact +6000 +6600 2016 1003 10000
a contact +6000 +6600 2020 1002 10000
a contact +6000 +6600 2024 1002 10000
a contact +6600 +7200 1001 2010 10000
a contact +6600 +7200 1001 2004 10000
a contact +6600 +7200 1001 2011 10000
a contact +6600 +7200 1002 2019 10000
a contact +6600 +7200 1002 2016 10000
a contact +6600 +7200 1002 2017 10000
a contact +6600 +7200 1003 2020 10000
a contact +6600 +7200 1003 2006 10000
a contact +6600 +7200 1003 2002 10000
a contact +6600 +7200 2002 1003 10000
a contact +6600 +7200 2004 1001 10000
a contact +6600 +7200 2006 1003 10000
a contact +6600 +7200 2010 1001 10000
a contact +6600 +7200 2011 1001 10000
a contact +6600 +7200 2016 1002 10000
a contact +6600 +7200 2017 1002 10000
a contact +6600 +7200 2019 1002 10000
a contact +6600 +7200 2020 1003 10000
a contact +7200 +7800 1001 2013 10000
a contact +7200 +7800 1001 2020 10000
a contact +7200 +7800 1001 2002 10000
a contact +7200 +7800 1002 2004 10000
a contact +7200 +7800 1002 2007 10000
a contact +7200 +7800 1002 2006 10000
a contact +7200 +7800 1003 2015 10000
a contact +7200 +7800 1003 2014 10000
a contact +7200 +7800 2002 1001 10000
a contact +7200 +7800 2004 1002 10000
a contact +7200 +7800 2006 1002 10000
a contact +7200 +7800 2007 1002 10000
a contact +7200 +7800 2013 1001 10000
a contact +7200 +7800 2014 1003 10000
a contact +7200 +7800 2015 1003 10000
a contact +7200 +7800 2020 1001 10000
a contact +7800 +8400 1001 2010 10000
a contact +7800 +8400 1001 2016 10000
a contact +7800 +8400 1001 2003 10000
a contact +7800 +8400 1002 2014 10000
a contact +7800 +8400 1002 2006 10000
a contact +7800 +8400 1002 2013 10000
a contact +7800 +8400 2003 1001 10000
a contact +7800 +8400 2006 1002 10000
a contact +7800 +8400 2010 1001 10000
a contact +7800 +8400 2013 1002 10000
a contact +7800 +8400 2014 1002 10000
a contact +7800 +8400 2016 1001 10000
a contact +8400 +9000 1001 2008 10000
a contact +8400 +9000 1001 2013 10000
a contact +8400 +9000 1002 2007 10000
a contact +8400 +9000 1002 2005 10000
a contact +8400 +9000 1002 2002 10000
a contact +8400 +9000 2002 1002 10000
a contact +8400 +9000 2005 1002 10000
a contact +8400 +9000 2007 1002 10000
a contact +8400 +9000 2008 1001 10000
a contact +8400 +9000 2013 1001 10000
a contact +9000 +9600 1001 2021 10000
a contact +9000 +9600 1001 2003 10000
a contact +8400 +9600 1001 2001 10000
a contact +9000 +9600 1002 2011 10000
a contact +9000 +9600 1002 2017 10000
a contact +9000 +9600 1002 2018 10000
a contact +8400 +9600 2001 1001 10000
a contact +9000 +9600 2003 1001 10000
a contact +9000 +9600 2011 1002 10000
a contact +9000 +9600 2017 1002 10000
a contact +9000 +9600 2018 1002 10000
a contact +9000 +9600 2021 1001 10000
a contact +9600 +10200 1001 2003 10000
a contact +9600 +10200 1001 2004 10000
a contact +9600 +10200 1001 2019 10000
a contact +9600 +10200 1002 2017 10000
a contact +9600 +10200 1002 2024 10000
a contact +9600 +10200 1002 2006 10000
a contact +9600 +10200 2003 1001 10000
a contact +9600 +10200 2004 1001 10000
a contact +9600 +10200 2006 1002 10000
a contact +9600 +10200 2017 1002 10000
a contact +9600 +10200 2019 1001 10000
a contact +9600 +10200 2024 1002 10000
a contact +10200 +10800 1001 2008 10000
a contact +10200 +10800 1001 2010 10000
a contact +10200 +10800 1002 2004 10000
a contact +10200 +10800 1002 2012 10000
a contact +10200 +10800 2004 1002 10000
a contact +10200 +10800 2008 1001 10000
a contact +10200 +10800 2010 1001 10000
a contact +10200 +10800 2012 1002 10000
a contact +10800 +11400 1001 2013 10000
a contact +10800 +11400 1001 2018 10000
a contact +10200 +11400 1001 2007 10000
a contact +10200 +11400 1002 2009 10000
a contact +10800 +11400 1002 2024 10000
a contact +7200 +11400 1003 9003 100000
a contact +10800 +11400 1003 2023 10000
a contact +10800 +11400 1003 9001 100000
a contact +10200 +11400 2007 1001 10000
a contact +10200 +11400 2009 1002 10000
a contact +10800 +11400 2013 1001 10000
a contact +10800 +11400 2018 1001 10000
a contact +10800 +11400 2023 1003 10000
a contact +10800 +11400 2024 1002 10000
a contact +10800 +11400 9001 1003 100000
a contact +7200 +11400 9003 1003 100000
a contact +11400 +12000 1001 2017 10000
a contact +11400 +12000 1001 2018 10000
a contact +11400 +12000 1002 2007 10000
a contact +11400 +12000 1002 2016 10000
a contact +10800 +12000 1002 2006 10000
a contact +11400 +12000 1003 2010 10000
a contact +11400 +12000 1003 2013 10000
a contact +10800 +12000 2006 1002 10000
a contact +11400 +12000 2007 1002 10000
a contact +11400 +12000 2010 1003 10000
a contact +11400 +12000 2013 1003 10000
a contact +11400 +12000 2016 1002 10000
a contact +11400 +12000 2017 1001 10000
a contact +11400 +12000 2018 1001 10000
a contact +11400 +12600 1001 2002 10000
a contact +12000 +12600 1001 2016 10000
a contact +12000 +12600 1002 2009 10000
a contact +12000 +12600 1002 2015 10000
a contact +12000 +12600 1002 2014 10000
a contact +12000 +12600 1003 2023 10000
a contact +11400 +12600 1003 2012 10000
a contact +12000 +12600 1003 2001 10000
a contact +12000 +12600 2001 1003 10000
a contact +11400 +12600 2002 1001 10000
a contact +12000 +12600 2009 1002 10000
a contact +11400 +12600 2012 1003 10000
a contact +12000 +12600 2014 1002 10000
a contact +12000 +12600 2015 1002 10000
a contact +12000 +12600 2016 1001 10000
a contact +12000 +12600 2023 1003 10000
a contact +12600 +13200 1001 2024 10000
a contact +12600 +13200 1001 2008 10000
a contact +12600 +13200 1002 2012 10000
a contact +12600 +13200 1002 9003 100000
a contact +12600 +13200 1002 2011 10000
a contact +12600 +13200 1003 9001 100000
a contact +12600 +13200 1003 2006 10000
a contact +12600 +13200 1003 2014 10000
a contact +12600 +13200 2006 1003 10000
a contact +12600 +13200 2008 1001 10000
a contact +12600 +13200 2011 1002 10000
a contact +12600 +13200 2012 1002 10000
a contact +12600 +13200 2014 1003 10000
a contact +12600 +13200 2024 1001 10000
a contact +12600 +13200 9001 1003 100000
a contact +12600 +13200 9003 1002 100000
a contact +13200 +13800 1001 2018 10000
a contact +13200 +13800 1001 2024 10000
a contact +13200 +13800 1002 2006 10000
a contact +13200 +13800 1002 2007 10000
a contact +13200 +13800 1003 2019 10000
a contact +13200 +13800 1003 2014 10000
a contact +13200 +13800 1003 2009 10000
a contact +13200 +13800 2006 1002 10000
a contact +13200 +13800 2007 1002 10000
a contact +13200 +13800 2009 1003 10000
a contact +13200 +13800 2014 1003 10000
a contact +13200 +13800 2018 1001 10000
a contact +13200 +13800 2019 1003 10000
a contact +13200 +13800 2024 1001 10000
a contact +13800 +14400 1001 2004 10000
a contact +13800 +14400 1001 2014 10000
a contact +13200 +14400 1002 2002 10000
a contact +13800 +14400 1002 2009 10000
a contact +13800 +14400 1002 2022 10000
a contact +13800 +14400 1003 2012 10000
a contact +13800 +14400 1003 2005 10000
a contact +13800 +14400 1003 2019 10000
a contact +13200 +14400 2002 1002 10000
a contact +13800 +14400 2004 1001 10000
a contact +13800 +14400 2005 1003 10000
a contact +13800 +14400 2009 1002 10000
a contact +13800 +14400 2012 1003 10000
a contact +13800 +14400 2014 1001 10000
a contact +13800 +14400 2019 1003 10000
a contact +13800 +14400 2022 1002 10000
a contact +14400 +15000 1001 2007 10000
a contact +12000 +15000 1001 2003 10000
a contact +14400 +15000 1001 2004 10000
a contact +14400 +15000 1002 2012 10000
a contact +14400 +15000 1002 2023 10000
a contact +14400 +15000 1002 2005 10000
a contact +14400 +15000 1003 2011 10000
a contact +14400 +15000 1003 2014 10000
a contact +14400 +15000 1003 2015 10000
a contact +12000 +15000 2003 1001 10000
a contact +14400 +15000 2004 1001 10000
a contact +14400 +15000 2005 1002 10000
a contact +14400 +15000 2007 1001 10000
a contact +14400 +15000 2011 1003 10000
a contact +14400 +15000 2012 1002 10000
a contact +14400 +15000 2014 1003 10000
a contact +14400 +15000 2015 1003 10000
a contact +14400 +15000 2023 1002 10000
a contact +15000 +15600 1001 2009 10000
a contact +15000 +15600 1001 2001 10000
a contact +15000 +15600 1001 2022 10000
a contact +15000 +15600 1002 2008 10000
a contact +15000 +15600 1002 2018 10000
a contact +15000 +15600 1002 2007 10000
a contact +15000 +15600 1003 2004 10000
a contact +15000 +15600 1003 2020 10000
a contact +15000 +15600 1003 2024 10000
a contact +15000 +15600 2001 1001 10000
a contact +15000 +15600 2004 1003 10000
a contact +15000 +15600 2007 1002 10000
a contact +15000 +15600 2008 1002 10000
a contact +15000 +15600 2009 1001 10000
a contact +15000 +15600 2018 1002 10000
a contact +15000 +15600 2020 1003 10000
a contact +15000 +15600 2022 1001 10000
a contact +15000 +15600 2024 1003 10000
a contact +15600 +16200 1001 2006 10000
a contact +15600 +16200 1001 2023 10000
a contact +15600 +16200 1001 2013 10000
a contact +15600 +16200 1003 2002 10000
a contact +15600 +16200 2002 1003 10000
a contact +15600 +16200 2006 1001 10000
a contact +15600 +16200 2013 1001 10000
a contact +15600 +16200 2023 1001 10000
a contact +16200 +16800 1001 2016 10000
a contact +16200 +16800 1001 2005 10000
a contact +16200 +16800 1001 2006 10000
a contact +15600 +16800 1002 9003 100000
a contact +16200 +16800 1003 2013 10000
a contact +15600 +16800 1003 2004 10000
a contact +15600 +16800 1003 2008 10000
a contact +15600 +16800 2004 1003 10000
a contact +16200 +16800 2005 1001 10000
a contact +16200 +16800 2006 1001 10000
a contact +15600 +16800 2008 1003 10000
a contact +16200 +16800 2013 1003 10000
a contact +16200 +16800 2016 1001 10000
a contact +15600 +16800 9003 1002 100000
a contact +16800 +17400 1001 2012 10000
a contact +16800 +17400 1001 2008 10000
a contact +16800 +17400 1002 9001 100000
a contact +16800 +17400 1002 9003 100000
a contact +16800 +17400 1003 2005 10000
a contact +16800 +17400 1003 2003 10000
a contact +16800 +17400 1003 2004 10000
a contact +16800 +17400 2003 1003 10000
a contact +16800 +17400 2004 1003 10000
a contact +16800 +17400 2005 1003 10000
a contact +16800 +17400 2008 1001 10000
a contact +16800 +17400 2012 1001 10000
a contact +16800 +17400 9001 1002 100000
a contact +16800 +17400 9003 1002 100000
a contact +17400 +18000 1001 2008 10000
a contact +16800 +18000 1001 2010 10000
a contact +17400 +18000 1002 9003 100000
a contact +17400 +18000 1002 9001 100000
a contact +17400 +18000 1003 2003 10000
a contact +17400 +18000 1003 2023 10000
a contact +17400 +18000 1003 2018 10000
a contact +17400 +18000 2003 1003 10000
a contact +17400 +18000 2008 1001 10000
a contact +16800 +18000 2010 1001 10000
a contact +17400 +18000 2018 1003 10000
a contact +17400 +18000 2023 1003 10000
a contact +17400 +18000 9001 1002 100000
a contact +17400 +18000 9003 1002 100000
a contact +18000 +18600 1001 2003 10000
a contact +18000 +18600 1001 2002 10000
a contact +17400 +18600 1001 2004 10000
a contact +18000 +18600 1002 9001 100000
a contact +18000 +18600 1003 2001 10000
a contact +18000 +18600 1003 2020 10000
a contact +18000 +18600 1003 2012 10000
a contact +18000 +18600 2001 1003 10000
a contact +18000 +18600 2002 1001 10000
a contact +18000 +18600 2003 1001 10000
a contact +17400 +18600 2004 1001 10000
a contact +18000 +18600 2012 1003 10000
a contact +18000 +18600 2020 1003 10000
a contact +18000 +18600 9001 1002 100000
a contact +18600 +19200 1001 2014 10000
a contact +18600 +19200 1001 2018 10000
a contact +18600 +19200 1001 2005 10000
a contact +18600 +19200 1002 2021 10000
a contact +18000 +19200 1002 9003 100000
a contact +18600 +19200 1002 9001 100000
a contact +18600 +19200 1003 2022 10000
a contact +18600 +19200 1003 2023 10000
a contact +18600 +19200 1003 2010 10000
a contact +18600 +19200 2005 1001 10000
a contact +18600 +19200 2010 1003 10000
a contact +18600 +19200 2014 1001 10000
a contact +18600 +19200 2018 1001 10000
a contact +18600 +19200 2021 1002 10000
a contact +18600 +19200 2022 1003 10000
a contact +18600 +19200 2023 1003 10000
a contact +18600 +19200 9001 1002 100000
a contact +18000 +19200 9003 1002 100000
a contact +19200 +19800 1001 9003 100000
a contact +19200 +19800 1001 2016 10000
a contact +19200 +19800 1001 2015 10000
a contact +19200 +19800 1002 2019 10000
a contact +19200 +19800 1002 2003 10000
a contact +19200 +19800 1002 2013 10000
a contact +19200 +19800 1003 2004 10000
a contact +19200 +19800 1003 2024 10000
a contact +19200 +19800 1003 2020 10000
a contact +19200 +19800 2003 1002 10000
a contact +19200 +19800 2004 1003 10000
a contact +19200 +19800 2013 1002 10000
a contact +19200 +19800 2015 1001 10000
a contact +19200 +19800 2016 1001 10000
a contact +19200 +19800 2019 1002 10000
a contact +19200 +19800 2020 1003 10000
a contact +19200 +19800 2024 1003 10000
a contact +19200 +19800 9003 1001 100000
a contact +19800 +20400 1001 2021 10000
a contact +19800 +20400 1001 2019 10000
a contact +19800 +20400 1001 2012 10000
a contact +19800 +20400 1002 2024 10000
a contact +19800 +20400 1002 2013 10000
a contact +19800 +20400 1002 2010 10000
a contact +19800 +20400 1003 2023 10000
a contact +19800 +20400 1003 2020 10000
a contact +19800 +20400 1003 2006 10000
a contact +19800 +20400 2006 1003 10000
a contact +19800 +20400 2010 1002 10000
a contact +19800 +20400 2012 1001 10000
a contact +19800 +20400 2013 1002 10000
a contact +19800 +20400 2019 1001 10000
a contact +19800 +20400 2020 1003 10000
a contact +19800 +20400 2021 1001 10000
a contact +19800 +20400 2023 1003 10000
a contact +19800 +20400 2024 1002 10000
a contact +20400 +21000 1001 2022 10000
a contact +20400 +21000 1001 2015 10000
a contact +20400 +21000 1001 2020 10000
a contact +20400 +21000 1002 9001 100000
a contact +20400 +21000 1002 2021 10000
a contact +20400 +21000 1002 2016 10000
a contact +20400 +21000 1003 2012 10000
a contact +20400 +21000 1003 2004 10000
a contact +20400 +21000 1003 2002 10000
a contact +20400 +21000 2002 1003 10000
a contact +20400 +21000 2004 1003 10000
a contact +20400 +21000 2012 1003 10000
a contact +20400 +21000 2015 1001 10000
a contact +20400 +21000 2016 1002 10000
a contact +20400 +21000 2020 1001 10000
a contact +20400 +21000 2021 1002 10000
a contact +20400 +21000 2022 1001 10000
a contact +20400 +21000 9001 1002 100000
a contact +21000 +21600 1001 2019 10000
a contact +21000 +21600 1001 2011 10000
a contact +21000 +21600 1001 2003 10000
a contact +21000 +21600 1002 2021 10000
a contact +21000 +21600 1002 2014 10000
a contact +21000 +21600 1002 2017 10000
a contact +21000 +21600 1003 9002 100000
a contact +21000 +21600 1003 2001 10000
a contact +21000 +21600 1003 2010 10000
a contact +21000 +21600 2001 1003 10000
a contact +21000 +21600 2003 1001 10000
a contact +21000 +21600 2010 1003 10000
a contact +21000 +21600 2011 1001 10000
a contact +21000 +21600 2014 1002 10000
a contact +21000 +21600 2017 1002 10000
a contact +21000 +21600 2019 1001 10000
a contact +21000 +21600 2021 1002 10000
a contact +21000 +21600 9002 1003 100000
a contact +21600 +22200 1001 2017 10000
a contact +21600 +22200 1001 2020 10000
a contact +21600 +22200 1002 2011 10000
a contact +21600 +22200 1002 2001 10000
a contact +21600 +22200 1003 2012 10000
a contact +21600 +22200 1003 2015 10000
a contact +21600 +22200 1003 2003 10000
a contact +21600 +22200 2001 1002 10000
a contact +21600 +22200 2003 1003 10000
a contact +21600 +22200 2011 1002 10000
a contact +21600 +22200 2012 1003 10000
a contact +21600 +22200 2015 1003 10000
a contact +21600 +22200 2017 1001 10000
a contact +21600 +22200 2020 1001 10000
a contact +21600 +22800 1001 2004 10000
a contact +22200 +22800 1001 2014 10000
a contact +22200 +22800 1001 2003 10000
a contact +22200 +22800 1002 2005 10000
a contact +21600 +22800 1002 2018 10000
a contact +22200 +22800 1002 2019 10000
a contact +22200 +22800 1003 2007 10000
a contact +22200 +22800 1003 2002 10000
a contact +22200 +22800 1003 2022 10000
a contact +22200 +22800 2002 1003 10000
a contact +22200 +22800 2003 1001 10000
a contact +21600 +22800 2004 1001 10000
a contact +22200 +22800 2005 1002 10000
a contact +22200 +22800 2007 1003 10000
a contact +22200 +22800 2014 1001 10000
a contact +21600 +22800 2018 1002 10000
a contact +22200 +22800 2019 1002 10000
a contact +22200 +22800 2022 1003 10000
a contact +22800 +23400 1001 2014 10000
a contact +22800 +23400 1001 2018 10000
a contact +22800 +23400 1001 2024 10000
a contact +22800 +23400 1002 2020 10000
a contact +22800 +23400 1002 2023 10000
a contact +22800 +23400 1002 2005 10000
a contact +22800 +23400 1003 2002 10000
a contact +22800 +23400 1003 2009 10000
a contact +22800 +23400 1003 2012 10000
a contact +22800 +23400 2002 1003 10000
a contact +22800 +23400 2005 1002 10000
a contact +22800 +23400 2009 1003 10000
a contact +22800 +23400 2012 1003 10000
a contact +22800 +23400 2014 1001 10000
a contact +22800 +23400 2018 1001 10000
a contact +22800 +23400 2020 1002 10000
a contact +22800 +23400 2023 1002 10000
a contact +22800 +23400 2024 1001 10000
a contact +23400 +24000 1002 2017 10000
a contact +23400 +24000 1002 2014 10000
a contact +23400 +24000 1003 2022 10000
a contact +23400 +24000 1003 2005 10000
a contact +23400 +24000 2005 1003 10000
a contact +23400 +24000 2014 1002 10000
a contact +23400 +24000 2017 1002 10000
a contact +23400 +24000 2022 1003 10000
a contact +24000 +24600 1002 2017 10000
a contact +23400 +24600 1002 2008 10000
a contact +24000 +24600 1003 2006 10000
a contact +24000 +24600 1003 2002 10000
a contact +23400 +24600 1003 2001 10000
a contact +23400 +24600 2001 1003 10000
a contact +24000 +24600 2002 1003 10000
a contact +24000 +24600 2006 1003 10000
a contact +23400 +24600 2008 1002 10000
a contact +24000 +24600 2017 1002 10000
a contact +24600 +25200 1002 2001 10000
a contact +24600 +25200 1003 2017 10000
a contact +24600 +25200 1003 2016 10000
a contact +24600 +25200 2001 1002 10000
a contact +24600 +25200 2016 1003 10000
a contact +24600 +25200 2017 1003 10000
a contact +23400 +25800 1001 9003 100000
a contact +24000 +25800 1002 2024 10000
a contact +24600 +25800 1002 2023 10000
a contact +25200 +25800 1002 2005 10000
a contact +24600 +25800 1003 2015 10000
a contact +25200 +25800 1003 2012 10000
a contact +25200 +25800 1003 2011 10000
a contact +25200 +25800 2005 1002 10000
a contact +25200 +25800 2011 1003 10000
a contact +25200 +25800 2012 1003 10000
a contact +24600 +25800 2015 1003 10000
a contact +24600 +25800 2023 1002 10000
a contact +24000 +25800 2024 1002 10000
a contact +23400 +25800 9003 1001 100000
a contact +25800 +26400 1002 2003 10000
a contact +25800 +26400 1002 2024 10000
a contact +25800 +26400 1002 2012 10000
a contact +25800 +26400 1003 2022 10000
a contact +25800 +26400 1003 2008 10000
a contact +25800 +26400 1003 2020 10000
a contact +25800 +26400 2003 1002 10000
a contact +25800 +26400 2008 1003 10000
a contact +25800 +26400 2012 1002 10000
a contact +25800 +26400 2020 1003 10000
a contact +25800 +26400 2022 1003 10000
a contact +25800 +26400 2024 1002 10000
a contact +23400 +27000 1001 9001 100000
a contact +26400 +27000 1001 2007 10000
a contact +26400 +27000 1001 2021 10000
a contact +26400 +27000 1002 2009 10000
a contact +26400 +27000 1002 2019 10000
a contact +26400 +27000 1002 2010 10000
a contact +26400 +27000 1003 2023 10000
a contact +26400 +27000 1003 2003 10000
a contact +26400 +27000 1003 2011 10000
a contact +26400 +27000 2003 1003 10000
a contact +26400 +27000 2007 1001 10000
a contact +26400 +27000 2009 1002 10000
a contact +26400 +27000 2010 1002 10000
a contact +26400 +27000 2011 1003 10000
a contact +26400 +27000 2019 1002 10000
a contact +26400 +27000 2021 1001 10000
a contact +26400 +27000 2023 1003 10000
a contact +23400 +27000 9001 1001 100000
a contact +27000 +27600 1001 2003 10000
a contact +27000 +27600 1001 2006 10000
a contact +27000 +27600 1002 2018 10000
a contact +27000 +27600 1002 2009 10000
a contact +27000 +27600 1002 2011 10000
a contact +27000 +27600 1003 2020 10000
a contact +27000 +27600 1003 2014 10000
a contact +27000 +27600 1003 2001 10000
a contact +27000 +27600 2001 1003 10000
a contact +27000 +27600 2003 1001 10000
a contact +27000 +27600 2006 1001 10000
a contact +27000 +27600 2009 1002 10000
a contact +27000 +27600 2011 1002 10000
a contact +27000 +27600 2014 1003 10000
a contact +27000 +27600 2018 1002 10000
a contact +27000 +27600 2020 1003 10000
a contact +27600 +28200 1001 2024 10000
a contact +27600 +28200 1001 2019 10000
a contact +27600 +28200 1002 2023 10000
a contact +27600 +28200 1002 9002 100000
a contact +27600 +28200 1002 2005 10000
a contact +27600 +28200 1003 2011 10000
a contact +27600 +28200 2005 1002 10000
a contact +27600 +28200 2011 1003 10000
a contact +27600 +28200 2019 1001 10000
a contact +27600 +28200 2023 1002 10000
a contact +27600 +28200 2024 1001 10000
a contact +27600 +28200 9002 1002 100000
a contact +28200 +28800 1001 2014 10000
a contact +28200 +28800 1001 2002 10000
a contact +27000 +28800 1001 2010 10000
a contact +28200 +28800 1002 2016 10000
a contact +28200 +28800 1002 2020 10000
a contact +28200 +28800 1002 2024 10000
a contact +27600 +28800 1003 2008 10000
a contact +28200 +28800 1003 2015 10000
a contact +28200 +28800 2002 1001 10000
a contact +27600 +28800 2008 1003 10000
a contact +27000 +28800 2010 1001 10000
a contact +28200 +28800 2014 1001 10000
a contact +28200 +28800 2015 1003 10000
a contact +28200 +28800 2016 1002 10000
a contact +28200 +28800 2020 1002 10000
a contact +28200 +28800 2024 1002 10000
a contact +28800 +29400 1001 2004 10000
a contact +28800 +29400 1001 2021 10000
a contact +28800 +29400 1002 2007 10000
a contact +28800 +29400 1002 2011 10000
a contact +28800 +29400 1002 2005 10000
a contact +28800 +29400 1003 2010 10000
a contact +27600 +29400 1003 2013 10000
a contact +28800 +29400 1003 2009 10000
a contact +28800 +29400 2004 1001 10000
a contact +28800 +29400 2005 1002 10000
a contact +28800 +29400 2007 1002 10000
a contact +28800 +29400 2009 1003 10000
a contact +28800 +29400 2010 1003 10000
a contact +28800 +29400 2011 1002 10000
a contact +27600 +29400 2013 1003 10000
a contact +28800 +29400 2021 1001 10000
a contact +29400 +30000 1001 2023 10000
a contact +29400 +30000 1001 2011 10000
a contact +28800 +30000 1001 2016 10000
a contact +29400 +30000 1002 2018 10000
a contact +29400 +30000 1002 2007 10000
a contact +29400 +30000 1002 2008 10000
a contact +29400 +30000 1003 2019 10000
a contact +29400 +30000 1003 2005 10000
a contact +29400 +30000 2005 1003 10000
a contact +29400 +30000 2007 1002 10000
a contact +29400 +30000 2008 1002 10000
a contact +29400 +30000 2011 1001 10000
a contact +28800 +30000 2016 1001 10000
a contact +29400 +30000 2018 1002 10000
a contact +29400 +30000 2019 1003 10000
a contact +29400 +30000 2023 1001 10000
a contact +30000 +30600 1001 2011 10000
a contact +30000 +30600 1001 2022 10000
a contact +30000 +30600 1001 2012 10000
a contact +30000 +30600 1002 2005 10000
a contact +30000 +30600 1002 2017 10000
a contact +30000 +30600 1002 2014 10000
a contact +30000 +30600 1003 2008 10000
a contact +30000 +30600 1003 2018 10000
a contact +29400 +30600 1003 2010 10000
a contact +30000 +30600 2005 1002 10000
a contact +30000 +30600 2008 1003 10000
a contact +29400 +30600 2010 1003 10000
a contact +30000 +30600 2011 1001 10000
a contact +30000 +30600 2012 1001 10000
a contact +30000 +30600 2014 1002 10000
a contact +30000 +30600 2017 1002 10000
a contact +30000 +30600 2018 1003 10000
a contact +30000 +30600 2022 1001 10000
a contact +30600 +31200 1001 2015 10000
a contact +30600 +31200 1001 2006 10000
a contact +30600 +31200 1001 2021 10000
a contact +30600 +31200 1002 2007 10000
a contact +30600 +31200 1002 2004 10000
a contact +30600 +31200 1003 2013 10000
a contact +30600 +31200 1003 2002 10000
a contact +30600 +31200 1003 2014 10000
a contact +30600 +31200 2002 1003 10000
a contact +30600 +31200 2004 1002 10000
a contact +30600 +31200 2006 1001 10000
a contact +30600 +31200 2007 1002 10000
a contact +30600 +31200 2013 1003 10000
a contact +30600 +31200 2014 1003 10000
a contact +30600 +31200 2015 1001 10000
a contact +30600 +31200 2021 1001 10000
a contact +31200 +31800 1001 2016 10000
a contact +31200 +31800 1001 2024 10000
a contact +31200 +31800 1001 2002 10000
a contact +31200 +31800 1002 2009 10000
a contact +31200 +31800 1002 2014 10000
a contact +30600 +31800 1002 2022 10000
a contact +31200 +31800 1003 9003 100000
a contact +31200 +31800 2002 1001 10000
a contact +31200 +31800 2009 1002 10000
a contact +31200 +31800 2014 1002 10000
a contact +31200 +31800 2016 1001 10000
a contact +30600 +31800 2022 1002 10000
a contact +31200 +31800 2024 1001 10000
a contact +31200 +31800 9003 1003 100000
a contact +31800 +32400 1001 2004 10000
a contact +31800 +32400 1001 2007 10000
a contact +31800 +32400 1001 2016 10000
a contact +31800 +32400 1002 2003 10000
a contact +31800 +32400 1002 2019 10000
a contact +31800 +32400 1002 2014 10000
a contact +31800 +32400 2003 1002 10000
a contact +31800 +32400 2004 1001 10000
a contact +31800 +32400 2007 1001 10000
a contact +31800 +32400 2014 1002 10000
a contact +31800 +32400 2016 1001 10000
a contact +31800 +32400 2019 1002 10000
a contact +32400 +33000 1001 2018 10000
a contact +32400 +33000 1001 2001 10000
a contact +32400 +33000 1001 2017 10000
a contact +32400 +33000 1002 2002 10000
a contact +32400 +33000 1002 2015 10000
a contact +32400 +33000 2001 1001 10000
a contact +32400 +33000 2002 1002 10000
a contact +32400 +33000 2015 1002 10000
a contact +32400 +33000 2017 1001 10000
a contact +32400 +33000 2018 1001 10000
a contact +33000 +33600 1001 2024 10000
a contact +33000 +33600 1001 2003 10000
a contact +33000 +33600 1001 2019 10000
a contact +32400 +33600 1002 2012 10000
a contact +33000 +33600 1002 2009 10000
a contact +33000 +33600 1002 2022 10000
a contact +31200 +33600 1003 9001 100000
a contact +33000 +33600 2003 1001 10000
a contact +33000 +33600 2009 1002 10000
a contact +32400 +33600 2012 1002 10000
a contact +33000 +33600 2019 1001 10000
a contact +33000 +33600 2022 1002 10000
a contact +33000 +33600 2024 1001 10000
a contact +31200 +33600 9001 1003 100000
a contact +33600 +34200 1001 2022 10000
a contact +33600 +34200 1001 2021 10000
a contact +33600 +34200 1001 2007 10000
a contact +33600 +34200 1002 2020 10000
a contact +33600 +34200 1002 2006 10000
a contact +33600 +34200 2006 1002 10000
a contact +33600 +34200 2007 1001 10000
a contact +33600 +34200 2020 1002 10000
a contact +33600 +34200 2021 1001 10000
a contact +33600 +34200 2022 1001 10000
a contact +34200 +34800 1001 2014 10000
a contact +34200 +34800 1001 2015 10000
a contact +34200 +34800 1001 2018 10000
a contact +33600 +34800 1002 2017 10000
a contact +34200 +34800 1002 2024 10000
a contact +34200 +34800 1002 2002 10000
a contact +34200 +34800 1003 2011 10000
a contact +33600 +34800 1003 9001 100000
a contact +34200 +34800 1003 2013 10000
a contact +34200 +34800 2002 1002 10000
a contact +34200 +34800 2011 1003 10000
a contact +34200 +34800 2013 1003 10000
a contact +34200 +34800 2014 1001 10000
a contact +34200 +34800 2015 1001 10000
a contact +33600 +34800 2017 1002 10000
a contact +34200 +34800 2018 1001 10000
a contact +34200 +34800 2024 1002 10000
a contact +33600 +34800 9001 1003 100000
a contact +34800 +35400 1001 2024 10000
a contact +34800 +35400 1001 2006 10000
a contact +34800 +35400 1001 2009 10000
a contact +34800 +35400 1002 2015 10000
a contact +34800 +35400 1002 2017 10000
a contact +34800 +35400 1002 2001 10000
a contact +34800 +35400 1003 2022 10000
a contact +34800 +35400 1003 2021 10000
a contact +34800 +35400 1003 2004 10000
a contact +34800 +35400 2001 1002 10000
a contact +34800 +35400 2004 1003 10000
a contact +34800 +35400 2006 1001 10000
a contact +34800 +35400 2009 1001 10000
a contact +34800 +35400 2015 1002 10000
a contact +34800 +35400 2017 1002 10000
a contact +34800 +35400 2021 1003 10000
a contact +34800 +35400 2022 1003 10000
a contact +34800 +35400 2024 1001 10000
a contact +35400 +36000 1001 2004 10000
a contact +35400 +36000 1001 2003 10000
a contact +35400 +36000 1001 2014 10000
a contact +35400 +36000 1002 2021 10000
a contact +35400 +36000 1002 2002 10000
a contact +35400 +36000 1002 2020 10000
a contact +35400 +36000 1003 2001 10000
a contact +35400 +36000 1003 2022 10000
a contact +35400 +36000 1003 2023 10000
a contact +35400 +36000 2001 1003 10000
a contact +35400 +36000 2002 1002 10000
a contact +35400 +36000 2003 1001 10000
a contact +35400 +36000 2004 1001 10000
a contact +35400 +36000 2014 1001 10000
a contact +35400 +36000 2020 1002 10000
a contact +35400 +36000 2021 1002 10000
a contact +35400 +36000 2022 1003 10000
a contact +35400 +36000 2023 1003 10000
a contact +36000 +36600 1001 2003 10000
a contact +36000 +36600 1001 2001 10000
a contact +36000 +36600 1002 2014 10000
a contact +36000 +36600 1002 2011 10000
a contact +36000 +36600 1002 2019 10000
a contact +36000 +36600 1003 2013 10000
a contact +36000 +36600 1003 2015 10000
a contact +36000 +36600 1003 2002 10000
a contact +36000 +36600 2001 1001 10000
a contact +36000 +36600 2002 1003 10000
a contact +36000 +36600 2003 1001 10000
a contact +36000 +36600 2011 1002 10000
a contact +36000 +36600 2013 1003 10000
a contact +36000 +36600 2014 1002 10000
a contact +36000 +36600 2015 1003 10000
a contact +36000 +36600 2019 1002 10000
a contact +36600 +37200 1001 2024 10000
a contact +36000 +37200 1001 2021 10000
a contact +36600 +37200 1001 2017 10000
a contact +36600 +37200 1002 2006 10000
a contact +36600 +37200 1002 2022 10000
a contact +36600 +37200 1002 2016 10000
a contact +36600 +37200 1003 2009 10000
a contact +36600 +37200 1003 2011 10000
a contact +36600 +37200 1003 2014 10000
a contact +36600 +37200 2006 1002 10000
a contact +36600 +37200 2009 1003 10000
a contact +36600 +37200 2011 1003 10000
a contact +36600 +37200 2014 1003 10000
a contact +36600 +37200 2016 1002 10000
a contact +36600 +37200 2017 1001 10000
a contact +36000 +37200 2021 1001 10000
a contact +36600 +37200 2022 1002 10000
a contact +36600 +37200 2024 1001 10000
a contact +37200 +37800 1001 2017 10000
a contact +37200 +37800 1001 2024 10000
a contact +37200 +37800 1002 2008 10000
a contact +37200 +37800 1002 2015 10000
a contact +37200 +37800 1002 2002 10000
a contact +37200 +37800 1003 2010 10000
a contact +37200 +37800 1003 2007 10000
a contact +37200 +37800 2002 1002 10000
a contact +37200 +37800 2007 1003 10000
a contact +37200 +37800 2008 1002 10000
a contact +37200 +37800 2010 1003 10000
a contact +37200 +37800 2015 1002 10000
a contact +37200 +37800 2017 1001 10000
a contact +37200 +37800 2024 1001 10000
a contact +37200 +38400 1001 2001 10000
a contact +37800 +38400 1001 2010 10000
a contact +37800 +38400 1001 2021 10000
a contact +37800 +38400 1002 2019 10000
a contact +37800 +38400 1002 2024 10000
a contact +37800 +38400 1002 2006 10000
a contact +37800 +38400 1003 2003 10000
a contact +37200 +38400 1003 2022 10000
a contact +37200 +38400 2001 1001 10000
a contact +37800 +38400 2003 1003 10000
a contact +37800 +38400 2006 1002 10000
a contact +37800 +38400 2010 1001 10000
a contact +37800 +38400 2019 1002 10000
a contact +37800 +38400 2021 1001 10000
a contact +37200 +38400 2022 1003 10000
a contact +37800 +38400 2024 1002 10000
a contact +38400 +39000 1001 2019 10000
a contact +38400 +39000 1001 2001 10000
a contact +38400 +39000 1001 2022 10000
a contact +38400 +39000 1002 2011 10000
a contact +38400 +39000 1002 2017 10000
a contact +38400 +39000 1002 2014 10000
a contact +38400 +39000 1003 2016 10000
a contact +38400 +39000 1003 2012 10000
a contact +37800 +39000 1003 2023 10000
a contact +38400 +39000 2001 1001 10000
a contact +38400 +39000 2011 1002 10000
a contact +38400 +39000 2012 1003 10000
a contact +38400 +39000 2014 1002 10000
a contact +38400 +39000 2016 1003 10000
a contact +38400 +39000 2017 1002 10000
a contact +38400 +39000 2019 1001 10000
a contact +38400 +39000 2022 1001 10000
a contact +37800 +39000 2023 1003 10000
a contact +39000 +39600 1001 2022 10000
a contact +39000 +39600 1001 2008 10000
a contact +39000 +39600 1001 2012 10000
a contact +39000 +39600 1003 2011 10000
a contact +39000 +39600 1003 2021 10000
a contact +39000 +39600 1003 2005 10000
a contact +39000 +39600 2005 1003 10000
a contact +39000 +39600 2008 1001 10000
a contact +39000 +39600 2011 1003 10000
a contact +39000 +39600 2012 1001 10000
a contact +39000 +39600 2021 1003 10000
a contact +39000 +39600 2022 1001 10000
a contact +39600 +40200 1001 9003 100000
a contact +39600 +40200 1001 2005 10000
a contact +39600 +40200 1001 2018 10000
a contact +39600 +40200 1003 2003 10000
a contact +39600 +40200 1003 2012 10000
a contact +39600 +40200 1003 2014 10000
a contact +39600 +40200 2003 1003 10000
a contact +39600 +40200 2005 1001 10000
a contact +39600 +40200 2012 1003 10000
a contact +39600 +40200 2014 1003 10000
a contact +39600 +40200 2018 1001 10000
a contact +39600 +40200 9003 1001 100000
a contact +40200 +40800 1001 2017 10000
a contact +40200 +40800 1001 2024 10000
a contact +40200 +40800 1001 2002 10000
a contact +40200 +40800 1003 2007 10000
a contact +40200 +40800 1003 2011 10000
a contact +40200 +40800 1003 2022 10000
a contact +40200 +40800 2002 1001 10000
a contact +40200 +40800 2007 1003 10000
a contact +40200 +40800 2011 1003 10000
a contact +40200 +40800 2017 1001 10000
a contact +40200 +40800 2022 1003 10000
a contact +40200 +40800 2024 1001 10000
a contact +40800 +41400 1001 2005 10000
a contact +40800 +41400 1002 9002 100000
a contact +40800 +41400 1003 2017 10000
a contact +40800 +41400 1003 2021 10000
a contact +40800 +41400 1003 2011 10000
a contact +40800 +41400 2005 1001 10000
a contact +40800 +41400 2011 1003 10000
a contact +40800 +41400 2017 1003 10000
a contact +40800 +41400 2021 1003 10000
a contact +40800 +41400 9002 1002 100000
a contact +41400 +42000 1001 2023 10000
a contact +39000 +42000 1002 9001 100000
a contact +41400 +42000 1002 9002 100000
a contact +41400 +42000 1003 2001 10000
a contact +41400 +42000 1003 2014 10000
a contact +41400 +42000 1003 2007 10000
a contact +41400 +42000 2001 1003 10000
a contact +41400 +42000 2007 1003 10000
a contact +41400 +42000 2014 1003 10000
a contact +41400 +42000 2023 1001 10000
a contact +39000 +42000 9001 1002 100000
a contact +41400 +42000 9002 1002 100000
a contact +40800 +42600 1001 2004 10000
a contact +40800 +42600 1001 2013 10000
a contact +42000 +42600 1001 2005 10000
a contact +42000 +42600 1002 9002 100000
a contact +42000 +42600 1002 9001 100000
a contact +42000 +42600 1002 2001 10000
a contact +42000 +42600 1003 2007 10000
a contact +42000 +42600 1003 2020 10000
a contact +42000 +42600 1003 2010 10000
a contact +42000 +42600 2001 1002 10000
a contact +40800 +42600 2004 1001 10000
a contact +42000 +42600 2005 1001 10000
a contact +42000 +42600 2007 1003 10000
a contact +42000 +42600 2010 1003 10000
a contact +40800 +42600 2013 1001 10000
a contact +42000 +42600 2020 1003 10000
a contact +42000 +42600 9001 1002 100000
a contact +42000 +42600 9002 1002 100000
a contact +42600 +43200 1001 2009 10000
a contact +42600 +43200 1001 2006 10000
a contact +42600 +43200 1001 2024 10000
a contact +42600 +43200 1002 2001 10000
a contact +42600 +43200 1002 2018 10000
a contact +42600 +43200 1003 2015 10000
a contact +42600 +43200 1003 2019 10000
a contact +42600 +43200 1003 2013 10000
a contact +42600 +43200 2001 1002 10000
a contact +42600 +43200 2006 1001 10000
a contact +42600 +43200 2009 1001 10000
a contact +42600 +43200 2013 1003 10000
a contact +42600 +43200 2015 1003 10000
a contact +42600 +43200 2018 1002 10000
a contact +42600 +43200 2019 1003 10000
a contact +42600 +43200 2024 1001 10000
a contact +43200 +43800 1001 2017 10000
a contact +43200 +43800 1001 2007 10000
a contact +43200 +43800 1001 2001 10000
a contact +43200 +43800 1002 2019 10000
a contact +42600 +43800 1002 2005 10000
a contact +43200 +43800 1002 2021 10000
a contact +43200 +43800 1003 2016 10000
a contact +43200 +43800 1003 2006 10000
a contact +43200 +43800 1003 2010 10000
a contact +43200 +43800 2001 1001 10000
a contact +42600 +43800 2005 1002 10000
a contact +43200 +43800 2006 1003 10000
a contact +43200 +43800 2007 1001 10000
a contact +43200 +43800 2010 1003 10000
a contact +43200 +43800 2016 1003 10000
a contact +43200 +43800 2017 1001 10000
a contact +43200 +43800 2019 1002 10000
a contact +43200 +43800 2021 1002 10000
a contact +43800 +44400 1001 2011 10000
a contact +43800 +44400 1001 2015 10000
a contact +43800 +44400 1001 2006 10000
a contact +43800 +44400 1002 2003 10000
a contact +43800 +44400 1002 2020 10000
a contact +43800 +44400 1002 2024 10000
a contact +43800 +44400 1003 2001 10000
a contact +43800 +44400 1003 2023 10000
a contact +43800 +44400 1003 2005 10000
a contact +43800 +44400 2001 1003 10000
a contact +43800 +44400 2003 1002 10000
a contact +43800 +44400 2005 1003 10000
a contact +43800 +44400 2006 1001 10000
a contact +43800 +44400 2011 1001 10000
a contact +43800 +44400 2015 1001 10000
a contact +43800 +44400 2020 1002 10000
a contact +43800 +44400 2023 1003 10000
a contact +43800 +44400 2024 1002 10000
a contact +44400 +45000 1001 2015 10000
a contact +44400 +45000 1001 2013 10000
a contact +44400 +45000 1001 2008 10000
a contact +44400 +45000 1002 2019 10000
a contact +44400 +45000 1002 2016 10000
a contact +44400 +45000 1003 2021 10000
a contact +44400 +45000 1003 2024 10000
a contact +44400 +45000 1003 2017 10000
a contact +44400 +45000 2008 1001 10000
a contact +44400 +45000 2013 1001 10000
a contact +44400 +45000 2015 1001 10000
a contact +44400 +45000 2016 1002 10000
a contact +44400 +45000 2017 1003 10000
a contact +44400 +45000 2019 1002 10000
a contact +44400 +45000 2021 1003 10000
a contact +44400 +45000 2024 1003 10000
a contact +45000 +45600 1001 2008 10000
a contact +45000 +45600 1001 2022 10000
a contact +45000 +45600 1001 2020 10000
a contact +45000 +45600 1002 2023 10000
a contact +45000 +45600 1002 2009 10000
a contact +45000 +45600 1002 2015 10000
a contact +45000 +45600 1003 2018 10000
a contact +45000 +45600 1003 2021 10000
a contact +45000 +45600 1003 2010 10000
a contact +45000 +45600 2008 1001 10000
a contact +45000 +45600 2009 1002 10000
a contact +45000 +45600 2010 1003 10000
a contact +45000 +45600 2015 1002 10000
a contact +45000 +45600 2018 1003 10000
a contact +45000 +45600 2020 1001 10000
a contact +45000 +45600 2021 1003 10000
a contact +45000 +45600 2022 1001 10000
a contact +45000 +45600 2023 1002 10000
a contact +45600 +46200 1001 2010 10000
a contact +45600 +46200 1001 2004 10000
a contact +45600 +46200 1002 2022 10000
a contact +45600 +46200 1002 2011 10000
a contact +45600 +46200 1002 2020 10000
a contact +45600 +46200 1003 2005 10000
a contact +45600 +46200 1003 2014 10000
a contact +45600 +46200 2004 1001 10000
a contact +45600 +46200 2005 1003 10000
a contact +45600 +46200 2010 1001 10000
a contact +45600 +46200 2011 1002 10000
a contact +45600 +46200 2014 1003 10000
a contact +45600 +46200 2020 1002 10000
a contact +45600 +46200 2022 1002 10000
a contact +46200 +46800 1001 2002 10000
a contact +46200 +46800 1001 2003 10000
a contact +45600 +46800 1001 2008 10000
a contact +46200 +46800 1002 2014 10000
a contact +46200 +46800 1002 2018 10000
a contact +46200 +46800 1002 2012 10000
a contact +45600 +46800 1003 2015 10000
a contact +46200 +46800 1003 2004 10000
a contact +46200 +46800 2002 1001 10000
a contact +46200 +46800 2003 1001 10000
a contact +46200 +46800 2004 1003 10000
a contact +45600 +46800 2008 1001 10000
a contact +46200 +46800 2012 1002 10000
a contact +46200 +46800 2014 1002 10000
a contact +45600 +46800 2015 1003 10000
a contact +46200 +46800 2018 1002 10000
a contact +46800 +47400 1002 2019 10000
a contact +46800 +47400 1002 2003 10000
a contact +46800 +47400 1002 2022 10000
a contact +46800 +47400 1003 2017 10000
a contact +46200 +47400 1003 2021 10000
a contact +46800 +47400 2003 1002 10000
a contact +46800 +47400 2017 1003 10000
a contact +46800 +47400 2019 1002 10000
a contact +46200 +47400 2021 1003 10000
a contact +46800 +47400 2022 1002 10000
a contact +47400 +48000 1001 9002 100000
a contact +47400 +48000 1002 2005 10000
a contact +47400 +48000 1002 2014 10000
a contact +47400 +48000 1002 2024 10000
a contact +46800 +48000 1003 2011 10000
a contact +47400 +48000 1003 2004 10000
a contact +47400 +48000 2004 1003 10000
a contact +47400 +48000 2005 1002 10000
a contact +46800 +48000 2011 1003 10000
a contact +47400 +48000 2014 1002 10000
a contact +47400 +48000 2024 1002 10000
a contact +47400 +48000 9002 1001 100000
a contact +48000 +48600 1002 2019 10000
a contact +48000 +48600 1002 2022 10000
a contact +48000 +48600 1002 2006 10000
a contact +47400 +48600 1003 2007 10000
a contact +48000 +48600 1003 2012 10000
a contact +48000 +48600 1003 2015 10000
a contact +48000 +48600 2006 1002 10000
a contact +47400 +48600 2007 1003 10000
a contact +48000 +48600 2012 1003 10000
a contact +48000 +48600 2015 1003 10000
a contact +48000 +48600 2019 1002 10000
a contact +48000 +48600 2022 1002 10000
a contact +46800 +49200 1001 9001 100000
a contact +48000 +49200 1001 9002 100000
a contact +48600 +49200 1002 2023 10000
a contact +48600 +49200 1002 2022 10000
a contact +48600 +49200 1003 2016 10000
a contact +48600 +49200 1003 2008 10000
a contact +48600 +49200 1003 2005 10000
a contact +48600 +49200 2005 1003 10000
a contact +48600 +49200 2008 1003 10000
a contact +48600 +49200 2016 1003 10000
a contact +48600 +49200 2022 1002 10000
a contact +48600 +49200 2023 1002 10000
a contact +46800 +49200 9001 1001 100000
a contact +48000 +49200 9002 1001 100000
a contact +49200 +49800 1001 9002 100000
a contact +49200 +49800 1002 2004 10000
a contact +49200 +49800 1002 2009 10000
a contact +49200 +49800 1003 2019 10000
a contact +49200 +49800 1003 2016 10000
a contact +49200 +49800 1003 2007 10000
a contact +49200 +49800 2004 1002 10000
a contact +49200 +49800 2007 1003 10000
a contact +49200 +49800 2009 1002 10000
a contact +49200 +49800 2016 1003 10000
a contact +49200 +49800 2019 1003 10000
a contact +49200 +49800 9002 1001 100000
a contact +49800 +50400 1001 2021 10000
a contact +49800 +50400 1001 9002 100000
a contact +49800 +50400 1001 2015 10000
a contact +48600 +50400 1002 2024 10000
a contact +49800 +50400 1002 2001 10000
a contact +49800 +50400 1002 2006 10000
a contact +49800 +50400 1003 2008 10000
a contact +49800 +50400 2001 1002 10000
a contact +49800 +50400 2006 1002 10000
a contact +49800 +50400 2008 1003 10000
a contact +49800 +50400 2015 1001 10000
a contact +49800 +50400 2021 1001 10000
a contact +48600 +50400 2024 1002 10000
a contact +49800 +50400 9002 1001 100000
a contact +50400 +51000 1001 2017 10000
a contact +50400 +51000 1001 2007 10000
a contact +50400 +51000 1001 2005 10000
a contact +50400 +51000 1002 2019 10000
a contact +50400 +51000 1002 2009 10000
a contact +50400 +51000 1002 2016 10000
a contact +50400 +51000 1003 2001 10000
a contact +49800 +51000 1003 2004 10000
a contact +49800 +51000 1003 2018 10000
a contact +50400 +51000 2001 1003 10000
a contact +49800 +51000 2004 1003 10000
a contact +50400 +51000 2005 1001 10000
a contact +50400 +51000 2007 1001 10000
a contact +50400 +51000 2009 1002 10000
a contact +50400 +51000 2016 1002 10000
a contact +50400 +51000 2017 1001 10000
a contact +49800 +51000 2018 1003 10000
a contact +50400 +51000 2019 1002 10000
a contact +51000 +51600 1001 2021 10000
a contact +51000 +51600 1001 2024 10000
a contact +51000 +51600 1001 2016 10000
a contact +51000 +51600 1002 2013 10000
a contact +51000 +51600 1002 2022 10000
a contact +51000 +51600 1002 2008 10000
a contact +51000 +51600 1003 2018 10000
a contact +51000 +51600 1003 2012 10000
a contact +51000 +51600 1003 2019 10000
a contact +51000 +51600 2008 1002 10000
a contact +51000 +51600 2012 1003 10000
a contact +51000 +51600 2013 1002 10000
a contact +51000 +51600 2016 1001 10000
a contact +51000 +51600 2018 1003 10000
a contact +51000 +51600 2019 1003 10000
a contact +51000 +51600 2021 1001 10000
a contact +51000 +51600 2022 1002 10000
a contact +51000 +51600 2024 1001 10000
a contact +51600 +52200 1001 2023 10000
a contact +51600 +52200 1001 2005 10000
a contact +51600 +52200 1002 2003 10000
a contact +51600 +52200 1002 2004 10000
a contact +51600 +52200 1002 2002 10000
a contact +51600 +52200 1003 2020 10000
a contact +51600 +52200 1003 2001 10000
a contact +51600 +52200 1003 2009 10000
a contact +51600 +52200 2001 1003 10000
a contact +51600 +52200 2002 1002 10000
a contact +51600 +52200 2003 1002 10000
a contact +51600 +52200 2004 1002 10000
a contact +51600 +52200 2005 1001 10000
a contact +51600 +52200 2009 1003 10000
a contact +51600 +52200 2020 1003 10000
a contact +51600 +52200 2023 1001 10000
a contact +52200 +52800 1001 2015 10000
a contact +52200 +52800 1001 2013 10000
a contact +52200 +52800 1001 2024 10000
a contact +52200 +52800 1002 9003 100000
a contact +52200 +52800 1002 2022 10000
a contact +52200 +52800 1002 2009 10000
a contact +52200 +52800 1003 2010 10000
a contact +52200 +52800 1003 2018 10000
a contact +52200 +52800 1003 2008 10000
a contact +52200 +52800 2008 1003 10000
a contact +52200 +52800 2009 1002 10000
a contact +52200 +52800 2010 1003 10000
a contact +52200 +52800 2013 1001 10000
a contact +52200 +52800 2015 1001 10000
a contact +52200 +52800 2018 1003 10000
a contact +52200 +52800 2022 1002 10000
a contact +52200 +52800 2024 1001 10000
a contact +52200 +52800 9003 1002 100000
a contact +52800 +53400 1001 2016 10000
a contact +52800 +53400 1001 2002 10000
a contact +52800 +53400 1001 2004 10000
a contact +52800 +53400 1002 2015 10000
a contact +52800 +53400 1002 2003 10000
a contact +52800 +53400 1002 2001 10000
a contact +52800 +53400 1003 2009 10000
a contact +52800 +53400 2001 1002 10000
a contact +52800 +53400 2002 1001 10000
a contact +52800 +53400 2003 1002 10000
a contact +52800 +53400 2004 1001 10000
a contact +52800 +53400 2009 1003 10000
a contact +52800 +53400 2015 1002 10000
a contact +52800 +53400 2016 1001 10000
a contact +53400 +54000 1001 2010 10000
a contact +53400 +54000 1001 2001 10000
a contact +53400 +54000 1001 2005 10000
a contact +53400 +54000 1002 2024 10000
a contact +53400 +54000 1002 2020 10000
a contact +53400 +54000 1002 2023 10000
a contact +53400 +54000 1003 2004 10000
a contact +53400 +54000 1003 2021 10000
a contact +53400 +54000 2001 1001 10000
a contact +53400 +54000 2004 1003 10000
a contact +53400 +54000 2005 1001 10000
a contact +53400 +54000 2010 1001 10000
a contact +53400 +54000 2020 1002 10000
a contact +53400 +54000 2021 1003 10000
a contact +53400 +54000 2023 1002 10000
a contact +53400 +54000 2024 1002 10000
a contact +54000 +54600 1001 2004 10000
a contact +54000 +54600 1001 2012 10000
a contact +54000 +54600 1002 2023 10000
a contact +54000 +54600 1002 2014 10000
a contact +54000 +54600 1002 2013 10000
a contact +54000 +54600 1003 2008 10000
a contact +53400 +54600 1003 2015 10000
a contact +54000 +54600 1003 2001 10000
a contact +54000 +54600 2001 1003 10000
a contact +54000 +54600 2004 1001 10000
a contact +54000 +54600 2008 1003 10000
a contact +54000 +54600 2012 1001 10000
a contact +54000 +54600 2013 1002 10000
a contact +54000 +54600 2014 1002 10000
a contact +53400 +54600 2015 1003 10000
a contact +54000 +54600 2023 1002 10000
a contact +54600 +55200 1001 2013 10000
a contact +54000 +55200 1001 2006 10000
a contact +54600 +55200 1001 2011 10000
a contact +54600 +55200 1002 2024 10000
a contact +54600 +55200 1002 2017 10000
a contact +54600 +55200 1002 2008 10000
a contact +54600 +55200 1003 9001 100000
a contact +54000 +55200 2006 1001 10000
a contact +54600 +55200 2008 1002 10000
a contact +54600 +55200 2011 1001 10000
a contact +54600 +55200 2013 1001 10000
a contact +54600 +55200 2017 1002 10000
a contact +54600 +55200 2024 1002 10000
a contact +54600 +55200 9001 1003 100000
a contact +55200 +55800 1001 2019 10000
a contact +55200 +55800 1001 2024 10000
a contact +55200 +55800 1001 2021 10000
a contact +55200 +55800 1002 2005 10000
a contact +55200 +55800 1002 2018 10000
a contact +55200 +55800 1002 2016 10000
a contact +55200 +55800 2005 1002 10000
a contact +55200 +55800 2016 1002 10000
a contact +55200 +55800 2018 1002 10000
a contact +55200 +55800 2019 1001 10000
a contact +55200 +55800 2021 1001 10000
a contact +55200 +55800 2024 1001 10000
a contact +55800 +56400 1001 2011 10000
a contact +55800 +56400 1001 2023 10000
a contact +55800 +56400 1001 2019 10000
a contact +55800 +56400 1002 2015 10000
a contact +55800 +56400 1002 2021 10000
a contact +55800 +56400 1002 2020 10000
a contact +55800 +56400 2011 1001 10000
a contact +55800 +56400 2015 1002 10000
a contact +55800 +56400 2019 1001 10000
a contact +55800 +56400 2020 1002 10000
a contact +55800 +56400 2021 1002 10000
a contact +55800 +56400 2023 1001 10000
a contact +56400 +57000 1001 2018 10000
a contact +56400 +57000 1001 2014 10000
a contact +56400 +57000 1001 2012 10000
a contact +56400 +57000 1002 2021 10000
a contact +56400 +57000 1002 2006 10000
a contact +56400 +57000 2006 1002 10000
a contact +56400 +57000 2012 1001 10000
a contact +56400 +57000 2014 1001 10000
a contact +56400 +57000 2018 1001 10000
a contact +56400 +57000 2021 1002 10000
a contact +57000 +57600 1001 2015 10000
a contact +57000 +57600 1001 2012 10000
a contact +57000 +57600 1001 2023 10000
a contact +57000 +57600 1002 2020 10000
a contact +56400 +57600 1002 2024 10000
a contact +54600 +57600 1003 9002 100000
a contact +57000 +57600 2012 1001 10000
a contact +57000 +57600 2015 1001 10000
a contact +57000 +57600 2020 1002 10000
a contact +57000 +57600 2023 1001 10000
a contact +56400 +57600 2024 1002 10000
a contact +54600 +57600 9002 1003 100000
a contact +57600 +58200 1001 2017 10000
a contact +57600 +58200 1001 2006 10000
a contact +57600 +58200 1001 2015 10000
a contact +57000 +58200 1002 2022 10000
a contact +57600 +58200 1002 2002 10000
a contact +57600 +58200 1002 2011 10000
a contact +57600 +58200 1003 2024 10000
a contact +57600 +58200 1003 2009 10000
a contact +57600 +58200 1003 9002 100000
a contact +57600 +58200 2002 1002 10000
a contact +57600 +58200 2006 1001 10000
a contact +57600 +58200 2009 1003 10000
a contact +57600 +58200 2011 1002 10000
a contact +57600 +58200 2015 1001 10000
a contact +57600 +58200 2017 1001 10000
a contact +57000 +58200 2022 1002 10000
a contact +57600 +58200 2024 1003 10000
a contact +57600 +58200 9002 1003 100000
a contact +58200 +58800 1001 2021 10000
a contact +58200 +58800 1001 2012 10000
a contact +58200 +58800 1001 2013 10000
a contact +58200 +58800 1002 2014 10000
a contact +58200 +58800 1002 2024 10000
a contact +58200 +58800 1002 2015 10000
a contact +58200 +58800 1003 2019 10000
a contact +58200 +58800 2012 1001 10000
a contact +58200 +58800 2013 1001 10000
a contact +58200 +58800 2014 1002 10000
a contact +58200 +58800 2015 1002 10000
a contact +58200 +58800 2019 1003 10000
a contact +58200 +58800 2021 1001 10000
a contact +58200 +58800 2024 1002 10000
a contact +58800 +59400 1001 2013 10000
a contact +58800 +59400 1001 2005 10000
a contact +58800 +59400 1001 2007 10000
a contact +58800 +59400 1002 2019 10000
a contact +58800 +59400 1002 2016 10000
a contact +58200 +59400 1003 2001 10000
a contact +58200 +59400 1003 2003 10000
a contact +58800 +59400 1003 2012 10000
a contact +58200 +59400 2001 1003 10000
a contact +58200 +59400 2003 1003 10000
a contact +58800 +59400 2005 1001 10000
a contact +58800 +59400 2007 1001 10000
a contact +58800 +59400 2012 1003 10000
a contact +58800 +59400 2013 1001 10000
a contact +58800 +59400 2016 1002 10000
a contact +58800 +59400 2019 1002 10000
a contact +59400 +60000 1001 2020 10000
a contact +59400 +60000 1001 2021 10000
a contact +59400 +60000 1001 2003 10000
a contact +59400 +60000 1002 2022 10000
a contact +59400 +60000 1002 2011 10000
a contact +58800 +60000 1002 2010 10000
a contact +59400 +60000 1003 2007 10000
a contact +59400 +60000 1003 2013 10000
a contact +59400 +60000 1003 2008 10000
a contact +59400 +60000 2003 1001 10000
a contact +59400 +60000 2007 1003 10000
a contact +59400 +60000 2008 1003 10000
a contact +58800 +60000 2010 1002 10000
a contact +59400 +60000 2011 1002 10000
a contact +59400 +60000 2013 1003 10000
a contact +59400 +60000 2020 1001 10000
a contact +59400 +60000 2021 1001 10000
a contact +59400 +60000 2022 1002 10000
a contact +60000 +60600 1001 2004 10000
a contact +60000 +60600 1001 2010 10000
a contact +60000 +60600 1001 2007 10000
a contact +60000 +60600 1002 9001 100000
a contact +60000 +60600 1002 2024 10000
a contact +60000 +60600 1002 2019 10000
a contact +60000 +60600 1003 2012 10000
a contact +60000 +60600 1003 2006 10000
a contact +60000 +60600 1003 9002 100000
a contact +60000 +60600 2004 1001 10000
a contact +60000 +60600 2006 1003 10000
a contact +60000 +60600 2007 1001 10000
a contact +60000 +60600 2010 1001 10000
a contact +60000 +60600 2012 1003 10000
a contact +60000 +60600 2019 1002 10000
a contact +60000 +60600 2024 1002 10000
a contact +60000 +60600 9001 1002 100000
a contact +60000 +60600 9002 1003 100000
a contact +60600 +61200 1001 9001 100000
a contact +60600 +61200 1001 2002 10000
a contact +60600 +61200 1001 2020 10000
a contact +60600 +61200 1002 2011 10000
a contact +60600 +61200 1002 2004 10000
a contact +60600 +61200 1003 2008 10000
a contact +60600 +61200 1003 2010 10000
a contact +60600 +61200 1003 2012 10000
a contact +60600 +61200 2002 1001 10000
a contact +60600 +61200 2004 1002 10000
a contact +60600 +61200 2008 1003 10000
a contact +60600 +61200 2010 1003 10000
a contact +60600 +61200 2011 1002 10000
a contact +60600 +61200 2012 1003 10000
a contact +60600 +61200 2020 1001 10000
a contact +60600 +61200 9001 1001 100000
a contact +61200 +61800 1001 2010 10000
a contact +61200 +61800 1001 2009 10000
a contact +61200 +61800 1001 2023 10000
a contact +60600 +61800 1002 2014 10000
a contact +61200 +61800 1002 9002 100000
a contact +61200 +61800 1002 2006 10000
a contact +61200 +61800 1003 2004 10000
a contact +61200 +61800 1003 2024 10000
a contact +61200 +61800 1003 2013 10000
a contact +61200 +61800 2004 1003 10000
a contact +61200 +61800 2006 1002 10000
a contact +61200 +61800 2009 1001 10000
a contact +61200 +61800 2010 1001 10000
a contact +61200 +61800 2013 1003 10000
a contact +60600 +61800 2014 1002 10000
a contact +61200 +61800 2023 1001 10000
a contact +61200 +61800 2024 1003 10000
a contact +61200 +61800 9002 1002 100000
a contact +61800 +62400 1001 2018 10000
a contact +61800 +62400 1001 2003 10000
a contact +61800 +62400 1001 2008 10000
a contact +61800 +62400 1002 2010 10000
a contact +61800 +62400 1002 2016 10000
a contact +61800 +62400 1003 2007 10000
a contact +61800 +62400 1003 2009 10000
a contact +61800 +62400 2003 1001 10000
a contact +61800 +62400 2007 1003 10000
a contact +61800 +62400 2008 1001 10000
a contact +61800 +62400 2009 1003 10000
a contact +61800 +62400 2010 1002 10000
a contact +61800 +62400 2016 1002 10000
a contact +61800 +62400 2018 1001 10000
a contact +62400 +63000 1001 2024 10000
a contact +62400 +63000 1001 2015 10000
a contact +62400 +63000 1003 2012 10000
a contact +62400 +63000 1003 2004 10000
a contact +61800 +63000 1003 2014 10000
a contact +62400 +63000 2004 1003 10000
a contact +62400 +63000 2012 1003 10000
a contact +61800 +63000 2014 1003 10000
a contact +62400 +63000 2015 1001 10000
a contact +62400 +63000 2024 1001 10000
a contact +62400 +63600 1001 2017 10000
a contact +63000 +63600 1001 2015 10000
a contact +63000 +63600 1001 2019 10000
a contact +63000 +63600 1003 9003 100000
a contact +63000 +63600 1003 2024 10000
a contact +63000 +63600 2015 1001 10000
a contact +62400 +63600 2017 1001 10000
a contact +63000 +63600 2019 1001 10000
a contact +63000 +63600 2024 1003 10000
a contact +63000 +63600 9003 1003 100000
a contact +63600 +64200 1001 2021 10000
a contact +63600 +64200 1001 2004 10000
a contact +63600 +64200 1003 2023 10000
a contact +63000 +64200 1003 2010 10000
a contact +63600 +64200 2004 1001 10000
a contact +63000 +64200 2010 1003 10000
a contact +63600 +64200 2021 1001 10000
a contact +63600 +64200 2023 1003 10000
a contact +63600 +64800 1001 2018 10000
a contact +64200 +64800 1001 2004 10000
a contact +64200 +64800 1001 2012 10000
a contact +64200 +64800 1003 2007 10000
a contact +64200 +64800 2004 1001 10000
a contact +64200 +64800 2007 1003 10000
a contact +64200 +64800 2012 1001 10000
a contact +63600 +64800 2018 1001 10000
a contact +64800 +65400 1001 2016 10000
a contact +64800 +65400 1001 2021 10000
a contact +61800 +65400 1002 9002 100000
a contact +64200 +65400 1003 2022 10000
a contact +64800 +65400 1003 2001 10000
a contact +63600 +65400 1003 2003 10000
a contact +64800 +65400 2001 1003 10000
a contact +63600 +65400 2003 1003 10000
a contact +64800 +65400 2016 1001 10000
a contact +64800 +65400 2021 1001 10000
a contact +64200 +65400 2022 1003 10000
a contact +61800 +65400 9002 1002 100000
a contact +65400 +66000 1001 2020 10000
a contact +65400 +66000 1001 2014 10000
a contact +65400 +66000 1002 2003 10000
a contact +65400 +66000 1002 9002 100000
a contact +65400 +66000 1003 2013 10000
a contact +65400 +66000 1003 2008 10000
a contact +65400 +66000 1003 2009 10000
a contact +65400 +66000 2003 1002 10000
a contact +65400 +66000 2008 1003 10000
a contact +65400 +66000 2009 1003 10000
a contact +65400 +66000 2013 1003 10000
a contact +65400 +66000 2014 1001 10000
a contact +65400 +66000 2020 1001 10000
a contact +65400 +66000 9002 1002 100000
a contact +66000 +66600 1001 2001 10000
a contact +64800 +66600 1001 2011 10000
a contact +66000 +66600 1001 2020 10000
a contact +66000 +66600 1002 2024 10000
a contact +66000 +66600 1002 2018 10000
a contact +66000 +66600 1003 2016 10000
a contact +66000 +66600 1003 9003 100000
a contact +66000 +66600 1003 2008 10000
a contact +66000 +66600 2001 1001 10000
a contact +66000 +66600 2008 1003 10000
a contact +64800 +66600 2011 1001 10000
a contact +66000 +66600 2016 1003 10000
a contact +66000 +66600 2018 1002 10000
a contact +66000 +66600 2020 1001 10000
a contact +66000 +66600 2024 1002 10000
a contact +66000 +66600 9003 1003 100000
a contact +66600 +67200 1001 2011 10000
a contact +66600 +67200 1001 2003 10000
a contact +66600 +67200 1001 2019 10000
a contact +65400 +67200 1002 2004 10000
a contact +66600 +67200 1002 2008 10000
a contact +66600 +67200 1002 2020 10000
a contact +66600 +67200 1003 9003 100000
a contact +66600 +67200 1003 2009 10000
a contact +66600 +67200 2003 1001 10000
a contact +65400 +67200 2004 1002 10000
a contact +66600 +67200 2008 1002 10000
a contact +66600 +67200 2009 1003 10000
a contact +66600 +67200 2011 1001 10000
a contact +66600 +67200 2019 1001 10000
a contact +66600 +67200 2020 1002 10000
a contact +66600 +67200 9003 1003 100000
a contact +67200 +67800 1001 2002 10000
a contact +67200 +67800 1001 2011 10000
a contact +67200 +67800 1001 2016 10000
a contact +67200 +67800 1002 2020 10000
a contact +67200 +67800 1002 2003 10000
a contact +67200 +67800 1002 2022 10000
a contact +66600 +67800 1003 2015 10000
a contact +67200 +67800 2002 1001 10000
a contact +67200 +67800 2003 1002 10000
a contact +67200 +67800 2011 1001 10000
a contact +66600 +67800 2015 1003 10000
a contact +67200 +67800 2016 1001 10000
a contact +67200 +67800 2020 1002 10000
a contact +67200 +67800 2022 1002 10000
a contact +67800 +68400 1001 2004 10000
a contact +67800 +68400 1001 2006 10000
a contact +67800 +68400 1002 2016 10000
a contact +67800 +68400 1002 2017 10000
a contact +67800 +68400 1002 2013 10000
a contact +67200 +68400 1003 2018 10000
a contact +67200 +68400 1003 9001 100000
a contact +67800 +68400 1003 2012 10000
a contact +67800 +68400 2004 1001 10000
a contact +67800 +68400 2006 1001 10000
a contact +67800 +68400 2012 1003 10000
a contact +67800 +68400 2013 1002 10000
a contact +67800 +68400 2016 1002 10000
a contact +67800 +68400 2017 1002 10000
a contact +67200 +68400 2018 1003 10000
a contact +67200 +68400 9001 1003 100000
a contact +67800 +69000 1001 2022 10000
a contact +68400 +69000 1001 2023 10000
a contact +68400 +69000 1002 2024 10000
a contact +68400 +69000 1002 2009 10000
a contact +68400 +69000 1002 2004 10000
a contact +68400 +69000 1003 2020 10000
a contact +68400 +69000 1003 2002 10000
a contact +68400 +69000 1003 2021 10000
a contact +68400 +69000 2002 1003 10000
a contact +68400 +69000 2004 1002 10000
a contact +68400 +69000 2009 1002 10000
a contact +68400 +69000 2020 1003 10000
a contact +68400 +69000 2021 1003 10000
a contact +67800 +69000 2022 1001 10000
a contact +68400 +69000 2023 1001 10000
a contact +68400 +69000 2024 1002 10000
a contact +69000 +69600 1001 2017 10000
a contact +69000 +69600 1001 2019 10000
a contact +69000 +69600 1002 2022 10000
a contact +69000 +69600 1002 2013 10000
a contact +69000 +69600 1002 2006 10000
a contact +69000 +69600 1003 2014 10000
a contact +69000 +69600 1003 2007 10000
a contact +69000 +69600 2006 1002 10000
a contact +69000 +69600 2007 1003 10000
a contact +69000 +69600 2013 1002 10000
a contact +69000 +69600 2014 1003 10000
a contact +69000 +69600 2017 1001 10000
a contact +69000 +69600 2019 1001 10000
a contact +69000 +69600 2022 1002 10000
a contact +69600 +70200 1001 2022 10000
a contact +69000 +70200 1001 2004 10000
a contact +69600 +70200 1002 2014 10000
a contact +69600 +70200 1003 2009 10000
a contact +69600 +70200 1003 2002 10000
a contact +69000 +70200 1003 2005 10000
a contact +69600 +70200 2002 1003 10000
a contact +69000 +70200 2004 1001 10000
a contact +69000 +70200 2005 1003 10000
a contact +69600 +70200 2009 1003 10000
a contact +69600 +70200 2014 1002 10000
a contact +69600 +70200 2022 1001 10000
a contact +70200 +70800 1001 2005 10000
a contact +70200 +70800 1001 2014 10000
a contact +70200 +70800 1001 2023 10000
a contact +69600 +70800 1002 2007 10000
a contact +69600 +70800 1002 2006 10000
a contact +70200 +70800 1002 2002 10000
a contact +70200 +70800 1003 2008 10000
a contact +70200 +70800 1003 2022 10000
a contact +70200 +70800 1003 2004 10000
a contact +70200 +70800 2002 1002 10000
a contact +70200 +70800 2004 1003 10000
a contact +70200 +70800 2005 1001 10000
a contact +69600 +70800 2006 1002 10000
a contact +69600 +70800 2007 1002 10000
a contact +70200 +70800 2008 1003 10000
a contact +70200 +70800 2014 1001 10000
a contact +70200 +70800 2022 1003 10000
a contact +70200 +70800 2023 1001 10000
a contact +70800 +71400 1002 2002 10000
a contact +70800 +71400 1002 2023 10000
a contact +70800 +71400 1002 2020 10000
a contact +70800 +71400 1003 2017 10000
a contact +70800 +71400 1003 2007 10000
a contact +70800 +71400 2002 1002 10000
a contact +70800 +71400 2007 1003 10000
a contact +70800 +71400 2017 1003 10000
a contact +70800 +71400 2020 1002 10000
a contact +70800 +71400 2023 1002 10000
a contact +71400 +72000 1002 2007 10000
a contact +71400 +72000 1002 2020 10000
a contact +71400 +72000 1002 2002 10000
a contact +71400 +72000 1003 2014 10000
a contact +71400 +72000 1003 2001 10000
a contact +70800 +72000 1003 2003 10000
a contact +71400 +72000 2001 1003 10000
a contact +71400 +72000 2002 1002 10000
a contact +70800 +72000 2003 1003 10000
a contact +71400 +72000 2007 1002 10000
a contact +71400 +72000 2014 1003 10000
a contact +71400 +72000 2020 1002 10000
a contact +72000 +72600 1002 2022 10000
a contact +72000 +72600 1002 2002 10000
a contact +72000 +72600 1002 2009 10000
a contact +72000 +72600 1003 2019 10000
a contact +72000 +72600 1003 2021 10000
a contact +72000 +72600 1003 2023 10000
a contact +72000 +72600 2002 1002 10000
a contact +72000 +72600 2009 1002 10000
a contact +72000 +72600 2019 1003 10000
a contact +72000 +72600 2021 1003 10000
a contact +72000 +72600 2022 1002 10000
a contact +72000 +72600 2023 1003 10000
a contact +70800 +73200 1001 9002 100000
a contact +72600 +73200 1002 2006 10000
a contact +72600 +73200 1002 2005 10000
a contact +72600 +73200 1002 2021 10000
a contact +72600 +73200 1003 2002 10000
a contact +72600 +73200 1003 2008 10000
a contact +72600 +73200 2002 1003 10000
a contact +72600 +73200 2005 1002 10000
a contact +72600 +73200 2006 1002 10000
a contact +72600 +73200 2008 1003 10000
a contact +72600 +73200 2021 1002 10000
a contact +70800 +73200 9002 1001 100000
a contact +73200 +73800 1001 2021 10000
a contact +73200 +73800 1001 9003 100000
a contact +73200 +73800 1001 2002 10000
a contact +73200 +73800 1002 2008 10000
a contact +73200 +73800 1002 2010 10000
a contact +73200 +73800 1002 2016 10000
a contact +73200 +73800 1003 2007 10000
a contact +72600 +73800 1003 2019 10000
a contact +73200 +73800 1003 2001 10000
a contact +73200 +73800 2001 1003 10000
a contact +73200 +73800 2002 1001 10000
a contact +73200 +73800 2007 1003 10000
a contact +73200 +73800 2008 1002 10000
a contact +73200 +73800 2010 1002 10000
a contact +73200 +73800 2016 1002 10000
a contact +72600 +73800 2019 1003 10000
a contact +73200 +73800 2021 1001 10000
a contact +73200 +73800 9003 1001 100000
a contact +73800 +74400 1001 2023 10000
a contact +73800 +74400 1001 2010 10000
a contact +73800 +74400 1001 2014 10000
a contact +73800 +74400 1002 2024 10000
a contact +73800 +74400 1002 2009 10000
a contact +73800 +74400 1002 2007 10000
a contact +73800 +74400 1003 2016 10000
a contact +73800 +74400 1003 2003 10000
a contact +73800 +74400 1003 2005 10000
a contact +73800 +74400 2003 1003 10000
a contact +73800 +74400 2005 1003 10000
a contact +73800 +74400 2007 1002 10000
a contact +73800 +74400 2009 1002 10000
a contact +73800 +74400 2010 1001 10000
a contact +73800 +74400 2014 1001 10000
a contact +73800 +74400 2016 1003 10000
a contact +73800 +74400 2023 1001 10000
a contact +73800 +74400 2024 1002 10000
a contact +74400 +75000 1001 2001 10000
a contact +74400 +75000 1001 2022 10000
a contact +74400 +75000 1001 2006 10000
a contact +74400 +75000 1002 2013 10000
a contact +74400 +75000 1003 2012 10000
a contact +74400 +75000 1003 2004 10000
a contact +74400 +75000 1003 2017 10000
a contact +74400 +75000 2001 1001 10000
a contact +74400 +75000 2004 1003 10000
a contact +74400 +75000 2006 1001 10000
a contact +74400 +75000 2012 1003 10000
a contact +74400 +75000 2013 1002 10000
a contact +74400 +75000 2017 1003 10000
a contact +74400 +75000 2022 1001 10000
a contact +75000 +75600 1001 2022 10000
a contact +75000 +75600 1001 2003 10000
a contact +75000 +75600 1001 9003 100000
a contact +75000 +75600 1002 2012 10000
a contact +74400 +75600 1002 2015 10000
a contact +75000 +75600 1003 9002 100000
a contact +75000 +75600 1003 2007 10000
a contact +75000 +75600 2003 1001 10000
a contact +75000 +75600 2007 1003 10000
a contact +75000 +75600 2012 1002 10000
a contact +74400 +75600 2015 1002 10000
a contact +75000 +75600 2022 1001 10000
a contact +75000 +75600 9002 1003 100000
a contact +75000 +75600 9003 1001 100000
a contact +75600 +76200 1001 2005 10000
a contact +75600 +76200 1001 2016 10000
a contact +75600 +76200 1001 2019 10000
a contact +75600 +76200 1002 2015 10000
a contact +74400 +76200 1002 2018 10000
a contact +75600 +76200 1002 2023 10000
a contact +75000 +76200 1003 2020 10000
a contact +75600 +76200 1003 2013 10000
a contact +75600 +76200 1003 2008 10000
a contact +75600 +76200 2005 1001 10000
a contact +75600 +76200 2008 1003 10000
a contact +75600 +76200 2013 1003 10000
a contact +75600 +76200 2015 1002 10000
a contact +75600 +76200 2016 1001 10000
a contact +74400 +76200 2018 1002 10000
a contact +75600 +76200 2019 1001 10000
a contact +75000 +76200 2020 1003 10000
a contact +75600 +76200 2023 1002 10000
a contact +76200 +76800 1001 2013 10000
a contact +76200 +76800 1001 2022 10000
a contact +76200 +76800 1001 2018 10000
a contact +76200 +76800 1002 2016 10000
a contact +76200 +76800 1002 2004 10000
a contact +76200 +76800 1002 2006 10000
a contact +76200 +76800 1003 2002 10000
a contact +76200 +76800 1003 2007 10000
a contact +76200 +76800 1003 2020 10000
a contact +76200 +76800 2002 1003 10000
a contact +76200 +76800 2004 1002 10000
a contact +76200 +76800 2006 1002 10000
a contact +76200 +76800 2007 1003 10000
a contact +76200 +76800 2013 1001 10000
a contact +76200 +76800 2016 1002 10000
a contact +76200 +76800 2018 1001 10000
a contact +76200 +76800 2020 1003 10000
a contact +76200 +76800 2022 1001 10000
a contact +76800 +77400 1001 2015 10000
a contact +76800 +77400 1001 2017 10000
a contact +76800 +77400 1001 2023 10000
a contact +76800 +77400 1002 2008 10000
a contact +76800 +77400 1002 2014 10000
a contact +76800 +77400 1002 2020 10000
a contact +76800 +77400 1003 2019 10000
a contact +76800 +77400 1003 2005 10000
a contact +76800 +77400 1003 2006 10000
a contact +76800 +77400 2005 1003 10000
a contact +76800 +77400 2006 1003 10000
a contact +76800 +77400 2008 1002 10000
a contact +76800 +77400 2014 1002 10000
a contact +76800 +77400 2015 1001 10000
a contact +76800 +77400 2017 1001 10000
a contact +76800 +77400 2019 1003 10000
a contact +76800 +77400 2020 1002 10000
a contact +76800 +77400 2023 1001 10000
a contact +77400 +78000 1001 2017 10000
a contact +77400 +78000 1001 2003 10000
a contact +77400 +78000 1001 2006 10000
a contact +77400 +78000 1002 2011 10000
a contact +77400 +78000 1002 9001 100000
a contact +77400 +78000 1002 2021 10000
a contact +77400 +78000 1003 2009 10000
a contact +77400 +78000 1003 2023 10000
a contact +77400 +78000 1003 2013 10000
a contact +77400 +78000 2003 1001 10000
a contact +77400 +78000 2006 1001 10000
a contact +77400 +78000 2009 1003 10000
a contact +77400 +78000 2011 1002 10000
a contact +77400 +78000 2013 1003 10000
a contact +77400 +78000 2017 1001 10000
a contact +77400 +78000 2021 1002 10000
a contact +77400 +78000 2023 1003 10000
a contact +77400 +78000 9001 1002 100000
a contact +78000 +78600 1001 9003 100000
a contact +78000 +78600 1001 2013 10000
a contact +78000 +78600 1002 2003 10000
a contact +78000 +78600 1002 2024 10000
a contact +78000 +78600 1002 2005 10000
a contact +78000 +78600 1003 2014 10000
a contact +78000 +78600 1003 2015 10000
a contact +78000 +78600 1003 2017 10000
a contact +78000 +78600 2003 1002 10000
a contact +78000 +78600 2005 1002 10000
a contact +78000 +78600 2013 1001 10000
a contact +78000 +78600 2014 1003 10000
a contact +78000 +78600 2015 1003 10000
a contact +78000 +78600 2017 1003 10000
a contact +78000 +78600 2024 1002 10000
a contact +78000 +78600 9003 1001 100000
a contact +78600 +79200 1001 2018 10000
a contact +78600 +79200 1001 2007 10000
a contact +78600 +79200 1001 2021 10000
a contact +78600 +79200 1002 2002 10000
a contact +78600 +79200 1002 2022 10000
a contact +78600 +79200 1002 2024 10000
a contact +78600 +79200 1003 9002 100000
a contact +78600 +79200 2002 1002 10000
a contact +78600 +79200 2007 1001 10000
a contact +78600 +79200 2018 1001 10000
a contact +78600 +79200 2021 1001 10000
a contact +78600 +79200 2022 1002 10000
a contact +78600 +79200 2024 1002 10000
a contact +78600 +79200 9002 1003 100000
a contact +79200 +79800 1001 2010 10000
a contact +79200 +79800 1001 2024 10000
a contact +79200 +79800 1001 2007 10000
a contact +79200 +79800 1002 2004 10000
a contact +79200 +79800 1002 2018 10000
a contact +79200 +79800 1002 2012 10000
a contact +79200 +79800 2004 1002 10000
a contact +79200 +79800 2007 1001 10000
a contact +79200 +79800 2010 1001 10000
a contact +79200 +79800 2012 1002 10000
a contact +79200 +79800 2018 1002 10000
a contact +79200 +79800 2024 1001 10000
a contact +79800 +80400 1001 2008 10000
a contact +79800 +80400 1001 2012 10000
a contact +79800 +80400 1001 2005 10000
a contact +79800 +80400 1002 2020 10000
a contact +79800 +80400 1002 2024 10000
a contact +79800 +80400 1002 2011 10000
a contact +79800 +80400 2005 1001 10000
a contact +79800 +80400 2008 1001 10000
a contact +79800 +80400 2011 1002 10000
a contact +79800 +80400 2012 1001 10000
a contact +79800 +80400 2020 1002 10000
a contact +79800 +80400 2024 1002 10000
a contact +80400 +81000 1001 2002 10000
a contact +80400 +81000 1001 2024 10000
a contact +80400 +81000 1001 2017 10000
a contact +80400 +81000 1002 2001 10000
a contact +80400 +81000 1002 2020 10000
a contact +80400 +81000 1002 2014 10000
a contact +79800 +81000 1003 9003 100000
a contact +80400 +81000 2001 1002 10000
a contact +80400 +81000 2002 1001 10000
a contact +80400 +81000 2014 1002 10000
a contact +80400 +81000 2017 1001 10000
a contact +80400 +81000 2020 1002 10000
a contact +80400 +81000 2024 1001 10000
a contact +79800 +81000 9003 1003 100000
a contact +81000 +81600 1001 2023 10000
a contact +81000 +81600 1001 2008 10000
a contact +81000 +81600 1002 2010 10000
a contact +81000 +81600 1002 2019 10000
a contact +81000 +81600 1002 2018 10000
a contact +81000 +81600 1003 2013 10000
a contact +81000 +81600 1003 9003 100000
a contact +81000 +81600 1003 2017 10000
a contact +81000 +81600 2008 1001 10000
a contact +81000 +81600 2010 1002 10000
a contact +81000 +81600 2013 1003 10000
a contact +81000 +81600 2017 1003 10000
a contact +81000 +81600 2018 1002 10000
a contact +81000 +81600 2019 1002 10000
a contact +81000 +81600 2023 1001 10000
a contact +81000 +81600 9003 1003 100000
a contact +81000 +82200 1001 2004 10000
a contact +81600 +82200 1001 2017 10000
a contact +81600 +82200 1002 2008 10000
a contact +81600 +82200 1002 2020 10000
a contact +81600 +82200 1003 2012 10000
a contact +81000 +82200 2004 1001 10000
a contact +81600 +82200 2008 1002 10000
a contact +81600 +82200 2012 1003 10000
a contact +81600 +82200 2017 1001 10000
a contact +81600 +82200 2020 1002 10000
a contact +82200 +82800 1001 9001 100000
a contact +82200 +82800 1001 2012 10000
a contact +81600 +82800 1002 2021 10000
a contact +82200 +82800 1002 9002 100000
a contact +82200 +82800 1002 2004 10000
a contact +82200 +82800 1003 2013 10000
a contact +81600 +82800 1003 2015 10000
a contact +82200 +82800 2004 1002 10000
a contact +82200 +82800 2012 1001 10000
a contact +82200 +82800 2013 1003 10000
a contact +81600 +82800 2015 1003 10000
a contact +81600 +82800 2021 1002 10000
a contact +82200 +82800 9001 1001 100000
a contact +82200 +82800 9002 1002 100000
a contact +82800 +83400 1001 2010 10000
a contact +81600 +83400 1001 2018 10000
a contact +82800 +83400 1002 2014 10000
a contact +82800 +83400 1002 2002 10000
a contact +82800 +83400 1002 2009 10000
a contact +81600 +83400 1003 2016 10000
a contact +82800 +83400 1003 2005 10000
a contact +82800 +83400 1003 2012 10000
a contact +82800 +83400 2002 1002 10000
a contact +82800 +83400 2005 1003 10000
a contact +82800 +83400 2009 1002 10000
a contact +82800 +83400 2010 1001 10000
a contact +82800 +83400 2012 1003 10000
a contact +82800 +83400 2014 1002 10000
a contact +81600 +83400 2016 1003 10000
a contact +81600 +83400 2018 1001 10000
a contact +83400 +84000 1001 2013 10000
a contact +82800 +84000 1001 2007 10000
a contact +83400 +84000 1001 2024 10000
a contact +83400 +84000 1002 2003 10000
a contact +83400 +84000 1002 2023 10000
a contact +83400 +84000 1002 2015 10000
a contact +83400 +84000 1003 2009 10000
a contact +83400 +84000 1003 2001 10000
a contact +83400 +84000 2001 1003 10000
a contact +83400 +84000 2003 1002 10000
a contact +82800 +84000 2007 1001 10000
a contact +83400 +84000 2009 1003 10000
a contact +83400 +84000 2013 1001 10000
a contact +83400 +84000 2015 1002 10000
a contact +83400 +84000 2023 1002 10000
a contact +83400 +84000 2024 1001 10000
a contact +84000 +84600 1001 2018 10000
a contact +84000 +84600 1001 2013 10000
a contact +84000 +84600 1001 2017 10000
a contact +84000 +84600 1002 2004 10000
a contact +84000 +84600 1002 2006 10000
a contact +84000 +84600 1002 2001 10000
a contact +84000 +84600 1003 2002 10000
a contact +84000 +84600 1003 2010 10000
a contact +83400 +84600 1003 2011 10000
a contact +84000 +84600 2001 1002 10000
a contact +84000 +84600 2002 1003 10000
a contact +84000 +84600 2004 1002 10000
a contact +84000 +84600 2006 1002 10000
a contact +84000 +84600 2010 1003 10000
a contact +83400 +84600 2011 1003 10000
a contact +84000 +84600 2013 1001 10000
a contact +84000 +84600 2017 1001 10000
a contact +84000 +84600 2018 1001 10000
a contact +84600 +85200 1001 2009 10000
a contact +84600 +85200 1001 2007 10000
a contact +84600 +85200 1001 2004 10000
a contact +84600 +85200 1002 2010 10000
a contact +84600 +85200 1002 2003 10000
a contact +84600 +85200 1003 2023 10000
a contact +84600 +85200 1003 2017 10000
a contact +84600 +85200 2003 1002 10000
a contact +84600 +85200 2004 1001 10000
a contact +84600 +85200 2007 1001 10000
a contact +84600 +85200 2009 1001 10000
a contact +84600 +85200 2010 1002 10000
a contact +84600 +85200 2017 1003 10000
a contact +84600 +85200 2023 1003 10000
a contact +85200 +85800 1001 2007 10000
a contact +85200 +85800 1001 2024 10000
a contact +85200 +85800 1001 2003 10000
a contact +85200 +85800 1002 2011 10000
a contact +84600 +85800 1002 2002 10000
a contact +85200 +85800 1002 2023 10000
a contact +85200 +85800 1003 2016 10000
a contact +84600 +85800 1003 2022 10000
a contact +84600 +85800 2002 1002 10000
a contact +85200 +85800 2003 1001 10000
a contact +85200 +85800 2007 1001 10000
a contact +85200 +85800 2011 1002 10000
a contact +85200 +85800 2016 1003 10000
a contact +84600 +85800 2022 1003 10000
a contact +85200 +85800 2023 1002 10000
a contact +85200 +85800 2024 1001 10000
a contact +85800 +86400 1001 2004 10000
a contact +85800 +86400 1001 2005 10000
a contact +85800 +86400 1001 2007 10000
a contact +85800 +86400 1002 2017 10000
a contact +85800 +86400 1002 2018 10000
a contact +85800 +86400 1002 2019 10000
a contact +85800 +86400 1003 2012 10000
a contact +85800 +86400 1003 2014 10000
a contact +85800 +86400 1003 2009 10000
a contact +85800 +86400 2004 1001 10000
a contact +85800 +86400 2005 1001 10000
a contact +85800 +86400 2007 1001 10000
a contact +85800 +86400 2009 1003 10000
a contact +85800 +86400 2012 1003 10000
a contact +85800 +86400 2014 1003 10000
a contact +85800 +86400 2017 1002 10000
a contact +85800 +86400 2018 1002 10000
a contact +85800 +86400 2019 1002 10000

a range +0 +600 1002 2004 0
a range +0 +600 1002 2009 0
a range +0 +600 1003 9002 0
a range +0 +600 1003 2005 0
a range +0 +600 1003 2013 0
a range +0 +600 2004 1002 0
a range +0 +600 2005 1003 0
a range +0 +600 2009 1002 0
a range +0 +600 2013 1003 0
a range +0 +600 9002 1003 0
a range +0 +1200 1002 9001 0
a range +600 +1200 1002 2020 0
a range +600 +1200 1002 2006 0
a range +600 +1200 2006 1002 0
a range +600 +1200 2020 1002 0
a range +0 +1200 9001 1002 0
a range +1200 +1800 1002 2021 0
a range +1200 +1800 1002 2009 0
a range +1200 +1800 1002 2018 0
a range +600 +1800 1003 2010 0
a range +600 +1800 1003 2024 0
a range +600 +1800 1003 2014 0
a range +1200 +1800 2009 1002 0
a range +600 +1800 2010 1003 0
a range +600 +1800 2014 1003 0
a range +1200 +1800 2018 1002 0
a range +1200 +1800 2021 1002 0
a range +600 +1800 2024 1003 0
a range +1800 +2400 1002 2009 0
a range +1800 +2400 1002 2016 0
a range +1800 +2400 1002 2002 0
a range +1800 +2400 1003 2003 0
a range +1800 +2400 1003 2023 0
a range +1800 +2400 1003 2022 0
a range +1800 +2400 2002 1002 0
a range +1800 +2400 2003 1003 0
a range +1800 +2400 2009 1002 0
a range +1800 +2400 2016 1002 0
a range +1800 +2400 2022 1003 0
a range +1800 +2400 2023 1003 0
a range +0 +3000 1001 9003 0
a range +2400 +3000 1001 2001 0
a range +2400 +3000 1001 2002 0
a range +2400 +3000 1002 2019 0
a range +2400 +3000 1002 9001 0
a range +2400 +3000 1002 2023 0
a range +2400 +3000 1003 2014 0
a range +2400 +3000 1003 2024 0
a range +2400 +3000 1003 2005 0
a range +2400 +3000 2001 1001 0
a range +2400 +3000 2002 1001 0
a range +2400 +3000 2005 1003 0
a range +2400 +3000 2014 1003 0
a range +2400 +3000 2019 1002 0
a range +2400 +3000 2023 1002 0
a range +2400 +3000 2024 1003 0
a range +2400 +3000 9001 1002 0
a range +0 +3000 9003 1001 0
a range +3000 +3600 1001 2015 0
a range +3000 +3600 1001 2024 0
a range +3000 +3600 1001 2004 0
a range +3000 +3600 1002 2021 0
a range +3000 +3600 1002 2017 0
a range +3000 +3600 1003 2018 0
a range +3000 +3600 1003 2016 0
a range +3000 +3600 1003 2022 0
a range +3000 +3600 2004 1001 0
a range +3000 +3600 2015 1001 0
a range +3000 +3600 2016 1003 0
a range +3000 +3600 2017 1002 0
a range +3000 +3600 2018 1003 0
a range +3000 +3600 2021 1002 0
a range +3000 +3600 2022 1003 0
a range +3000 +3600 2024 1001 0
a range +3600 +4200 1001 2012 0
a range +3600 +4200 1001 9003 0
a range +3600 +4200 1002 2004 0
a range +3000 +4200 1002 2010 0
a range +3600 +4200 1002 2001 0
a range +3600 +4200 1003 2024 0
a range +3600 +4200 1003 2016 0
a range +3600 +4200 2001 1002 0
a range +3600 +4200 2004 1002 0
a range +3000 +4200 2010 1002 0
a range +3600 +4200 2012 1001 0
a range +3600 +4200 2016 1003 0
a range +3600 +4200 2024 1003 0
a range +3600 +4200 9003 1001 0
a range +3600 +4800 1001 2022 0
a range +4200 +4800 1001 2011 0
a range +4200 +4800 1002 2016 0
a range +4200 +4800 1002 2003 0
a range +4200 +4800 1002 2019 0
a range +3600 +4800 1003 2009 0
a range +4200 +4800 1003 2008 0
a range +4200 +4800 1003 2010 0
a range +4200 +4800 2003 1002 0
a range +4200 +4800 2008 1003 0
a range +3600 +4800 2009 1003 0
a range +4200 +4800 2010 1003 0
a range +4200 +4800 2011 1001 0
a range +4200 +4800 2016 1002 0
a range +4200 +4800 2019 1002 0
a range +3600 +4800 2022 1001 0
a range +4800 +5400 1001 2002 0
a range +4800 +5400 1001 2003 0
a range +4200 +5400 1001 2004 0
a range +4800 +5400 1002 2022 0
a range +4800 +5400 1002 2020 0
a range +4800 +5400 1003 2014 0
a range +4800 +5400 1003 2006 0
a range +4800 +5400 1003 2024 0
a range +4800 +5400 2002 1001 0
a range +4800 +5400 2003 1001 0
a range +4200 +5400 2004 1001 0
a range +4800 +5400 2006 1003 0
a range +4800 +5400 2014 1003 0
a range +4800 +5400 2020 1002 0
a range +4800 +5400 2022 1002 0
a range +4800 +5400 2024 1003 0
a range +5400 +6000 1001 2018 0
a range +5400 +6000 1001 2004 0
a range +5400 +6000 1001 2010 0
a range +5400 +6000 1002 2006 0
a range +5400 +6000 1002 2021 0
a range +4800 +6000 1002 2012 0
a range +5400 +6000 1003 2003 0
a range +5400 +6000 1003 2009 0
a range +5400 +6000 1003 2008 0
a range +5400 +6000 2003 1003 0
a range +5400 +6000 2004 1001 0
a range +5400 +6000 2006 1002 0
a range +5400 +6000 2008 1003 0
a range +5400 +6000 2009 1003 0
a range +5400 +6000 2010 1001 0
a range +4800 +6000 2012 1002 0
a range +5400 +6000 2018 1001 0
a range +5400 +6000 2021 1002 0
a range +6000 +6600 1001 2006 0
a range +6000 +6600 1001 2003 0
a range +6000 +6600 1001 2004 0
a range +6000 +6600 1002 2020 0
a range +6000 +6600 1002 2024 0
a range +6000 +6600 1002 2007 0
a range +6000 +6600 1003 2016 0
a range +6000 +6600 1003 2011 0
a range +6000 +6600 1003 2009 0
a range +6000 +6600 2003 1001 0
a range +6000 +6600 2004 1001 0
a range +6000 +6600 2006 1001 0
a range +6000 +6600 2007 1002 0
a range +6000 +6600 2009 1003 0
a range +6000 +6600 2011 1003 0
a range +6000 +6600 2016 1003 0
a range +6000 +6600 2020 1002 0
a range +6000 +6600 2024 1002 0
a range +6600 +7200 1001 2010 0
a range +6600 +7200 1001 2004 0
a range +6600 +7200 1001 2011 0
a range +6600 +7200 1002 2019 0
a range +6600 +7200 1002 2016 0
a range +6600 +7200 1002 2017 0
a range +6600 +7200 1003 2020 0
a range +6600 +7200 1003 2006 0
a range +6600 +7200 1003 2002 0
a range +6600 +7200 2002 1003 0
a range +6600 +7200 2004 1001 0
a range +6600 +7200 2006 1003 0
a range +6600 +7200 2010 1001 0
a range +6600 +7200 2011 1001 0
a range +6600 +7200 2016 1002 0
a range +6600 +7200 2017 1002 0
a range +6600 +7200 2019 1002 0
a range +6600 +7200 2020 1003 0
a range +7200 +7800 1001 2013 0
a range +7200 +7800 1001 2020 0
a range +7200 +7800 1001 2002 0
a range +7200 +7800 1002 2004 0
a range +7200 +7800 1002 2007 0
a range +7200 +7800 1002 2006 0
a range +7200 +7800 1003 2015 0
a range +7200 +7800 1003 2014 0
a range +7200 +7800 2002 1001 0
a range +7200 +7800 2004 1002 0
a range +7200 +7800 2006 1002 0
a range +7200 +7800 2007 1002 0
a range +7200 +7800 2013 1001 0
a range +7200 +7800 2014 1003 0
a range +7200 +7800 2015 1003 0
a range +7200 +7800 2020 1001 0
a range +7800 +8400 1001 2010 0
a range +7800 +8400 1001 2016 0
a range +7800 +8400 1001 2003 0
a range +7800 +8400 1002 2014 0
a range +7800 +8400 1002 2006 0
a range +7800 +8400 1002 2013 0
a range +7800 +8400 2003 1001 0
a range +7800 +8400 2006 1002 0
a range +7800 +8400 2010 1001 0
a range +7800 +8400 2013 1002 0
a range +7800 +8400 2014 1002 0
a range +7800 +8400 2016 1001 0
a range +8400 +9000 1001 2008 0
a range +8400 +9000 1001 2013 0
a range +8400 +9000 1002 2007 0
a range +8400 +9000 1002 2005 0
a range +8400 +9000 1002 2002 0
a range +8400 +9000 2002 1002 0
a range +8400 +9000 2005 1002 0
a range +8400 +9000 2007 1002 0
a range +8400 +9000 2008 1001 0
a range +8400 +9000 2013 1001 0
a range +9000 +9600 1001 2021 0
a range +9000 +9600 1001 2003 0
a range +8400 +9600 1001 2001 0
a range +9000 +9600 1002 2011 0
a range +9000 +9600 1002 2017 0
a range +9000 +9600 1002 2018 0
a range +8400 +9600 2001 1001 0
a range +9000 +9600 2003 1001 0
a range +9000 +9600 2011 1002 0
a range +9000 +9600 2017 1002 0
a range +9000 +9600 2018 1002 0
a range +9000 +9600 2021 1001 0
a range +9600 +10200 1001 2003 0
a range +9600 +10200 1001 2004 0
a range +9600 +10200 1001 2019 0
a range +9600 +10200 1002 2017 0
a range +9600 +10200 1002 2024 0
a range +9600 +10200 1002 2006 0
a range +9600 +10200 2003 1001 0
a range +9600 +10200 2004 1001 0
a range +9600 +10200 2006 1002 0
a range +9600 +10200 2017 1002 0
a range +9600 +10200 2019 1001 0
a range +9600 +10200 2024 1002 0
a range +10200 +10800 1001 2008 0
a range +10200 +10800 1001 2010 0
a range +10200 +10800 1002 2004 0
a range +10200 +10800 1002 2012 0
a range +10200 +10800 2004 1002 0
a range +10200 +10800 2008 1001 0
a range +10200 +10800 2010 1001 0
a range +10200 +10800 2012 1002 0
a range +10800 +11400 1001 2013 0
a range +10800 +11400 1001 2018 0
a range +10200 +11400 1001 2007 0
a range +10200 +11400 1002 2009 0
a range +10800 +11400 1002 2024 0
a range +7200 +11400 1003 9003 0
a range +10800 +11400 1003 2023 0
a range +10800 +11400 1003 9001 0
a range +10200 +11400 2007 1001 0
a range +10200 +11400 2009 1002 0
a range +10800 +11400 2013 1001 0
a range +10800 +11400 2018 1001 0
a range +10800 +11400 2023 1003 0
a range +10800 +11400 2024 1002 0
a range +10800 +11400 9001 1003 0
a range +7200 +11400 9003 1003 0
a range +11400 +12000 1001 2017 0
a range +11400 +12000 1001 2018 0
a range +11400 +12000 1002 2007 0
a range +11400 +12000 1002 2016 0
a range +10800 +12000 1002 2006 0
a range +11400 +12000 1003 2010 0
a range +11400 +12000 1003 2013 0
a range +10800 +12000 2006 1002 0
a range +11400 +12000 2007 1002 0
a range +11400 +12000 2010 1003 0
a range +11400 +12000 2013 1003 0
a range +11400 +12000 2016 1002 0
a range +11400 +12000 2017 1001 0
a range +11400 +12000 2018 1001 0
a range +11400 +12600 1001 2002 0
a range +12000 +12600 1001 2016 0
a range +12000 +12600 1002 2009 0
a range +12000 +12600 1002 2015 0
a range +12000 +12600 1002 2014 0
a range +12000 +12600 1003 2023 0
a range +11400 +12600 1003 2012 0
a range +12000 +12600 1003 2001 0
a range +12000 +12600 2001 1003 0
a range +11400 +12600 2002 1001 0
a range +12000 +12600 2009 1002 0
a range +11400 +12600 2012 1003 0
a range +12000 +12600 2014 1002 0
a range +12000 +12600 2015 1002 0
a range +12000 +12600 2016 1001 0
a range +12000 +12600 2023 1003 0
a range +12600 +13200 1001 2024 0
a range +12600 +13200 1001 2008 0
a range +12600 +13200 1002 2012 0
a range +12600 +13200 1002 9003 0
a range +12600 +13200 1002 2011 0
a range +12600 +13200 1003 9001 0
a range +12600 +13200 1003 2006 0
a range +12600 +13200 1003 2014 0
a range +12600 +13200 2006 1003 0
a range +12600 +13200 2008 1001 0
a range +12600 +13200 2011 1002 0
a range +12600 +13200 2012 1002 0
a range +12600 +13200 2014 1003 0
a range +12600 +13200 2024 1001 0
a range +12600 +13200 9001 1003 0
a range +12600 +13200 9003 1002 0
a range +13200 +13800 1001 2018 0
a range +13200 +13800 1001 2024 0
a range +13200 +13800 1002 2006 0
a range +13200 +13800 1002 2007 0
a range +13200 +13800 1003 2019 0
a range +13200 +13800 1003 2014 0
a range +13200 +13800 1003 2009 0
a range +13200 +13800 2006 1002 0
a range +13200 +13800 2007 1002 0
a range +13200 +13800 2009 1003 0
a range +13200 +13800 2014 1003 0
a range +13200 +13800 2018 1001 0
a range +13200 +13800 2019 1003 0
a range +13200 +13800 2024 1001 0
a range +13800 +14400 1001 2004 0
a range +13800 +14400 1001 2014 0
a range +13200 +14400 1002 2002 0
a range +13800 +14400 1002 2009 0
a range +13800 +14400 1002 2022 0
a range +13800 +14400 1003 2012 0
a range +13800 +14400 1003 2005 0
a range +13800 +14400 1003 2019 0
a range +13200 +14400 2002 1002 0
a range +13800 +14400 2004 1001 0
a range +13800 +14400 2005 1003 0
a range +13800 +14400 2009 1002 0
a range +13800 +14400 2012 1003 0
a range +13800 +14400 2014 1001 0
a range +13800 +14400 2019 1003 0
a range +13800 +14400 2022 1002 0
a range +14400 +15000 1001 2007 0
a range +12000 +15000 1001 2003 0
a range +14400 +15000 1001 2004 0
a range +14400 +15000 1002 2012 0
a range +14400 +15000 1002 2023 0
a range +14400 +15000 1002 2005 0
a range +14400 +15000 1003 2011 0
a range +14400 +15000 1003 2014 0
a range +14400 +15000 1003 2015 0
a range +12000 +15000 2003 1001 0
a range +14400 +15000 2004 1001 0
a range +14400 +15000 2005 1002 0
a range +14400 +15000 2007 1001 0
a range +14400 +15000 2011 1003 0
a range +14400 +15000 2012 1002 0
a range +14400 +15000 2014 1003 0
a range +14400 +15000 2015 1003 0
a range +14400 +15000 2023 1002 0
a range +15000 +15600 1001 2009 0
a range +15000 +15600 1001 2001 0
a range +15000 +15600 1001 2022 0
a range +15000 +15600 1002 2008 0
a range +15000 +15600 1002 2018 0
a range +15000 +15600 1002 2007 0
a range +15000 +15600 1003 2004 0
a range +15000 +15600 1003 2020 0
a range +15000 +15600 1003 2024 0
a range +15000 +15600 2001 1001 0
a range +15000 +15600 2004 1003 0
a range +15000 +15600 2007 1002 0
a range +15000 +15600 2008 1002 0
a range +15000 +15600 2009 1001 0
a range +15000 +15600 2018 1002 0
a range +15000 +15600 2020 1003 0
a range +15000 +15600 2022 1001 0
a range +15000 +15600 2024 1003 0
a range +15600 +16200 1001 2006 0
a range +15600 +16200 1001 2023 0
a range +15600 +16200 1001 2013 0
a range +15600 +16200 1003 2002 0
a range +15600 +16200 2002 1003 0
a range +15600 +16200 2006 1001 0
a range +15600 +16200 2013 1001 0
a range +15600 +16200 2023 1001 0
a range +16200 +16800 1001 2016 0
a range +16200 +16800 1001 2005 0
a range +16200 +16800 1001 2006 0
a range +15600 +16800 1002 9003 0
a range +16200 +16800 1003 2013 0
a range +15600 +16800 1003 2004 0
a range +15600 +16800 1003 2008 0
a range +15600 +16800 2004 1003 0
a range +16200 +16800 2005 1001 0
a range +16200 +16800 2006 1001 0
a range +15600 +16800 2008 1003 0
a range +16200 +16800 2013 1003 0
a range +16200 +16800 2016 1001 0
a range +15600 +16800 9003 1002 0
a range +16800 +17400 1001 2012 0
a range +16800 +17400 1001 2008 0
a range +16800 +17400 1002 9001 0
a range +16800 +17400 1002 9003 0
a range +16800 +17400 1003 2005 0
a range +16800 +17400 1003 2003 0
a range +16800 +17400 1003 2004 0
a range +16800 +17400 2003 1003 0
a range +16800 +17400 2004 1003 0
a range +16800 +17400 2005 1003 0
a range +16800 +17400 2008 1001 0
a range +16800 +17400 2012 1001 0
a range +16800 +17400 9001 1002 0
a range +16800 +17400 9003 1002 0
a range +17400 +18000 1001 2008 0
a range +16800 +18000 1001 2010 0
a range +17400 +18000 1002 9003 0
a range +17400 +18000 1002 9001 0
a range +17400 +18000 1003 2003 0
a range +17400 +18000 1003 2023 0
a range +17400 +18000 1003 2018 0
a range +17400 +18000 2003 1003 0
a range +17400 +18000 2008 1001 0
a range +16800 +18000 2010 1001 0
a range +17400 +18000 2018 1003 0
a range +17400 +18000 2023 1003 0
a range +17400 +18000 9001 1002 0
a range +17400 +18000 9003 1002 0
a range +18000 +18600 1001 2003 0
a range +18000 +18600 1001 2002 0
a range +17400 +18600 1001 2004 0
a range +18000 +18600 1002 9001 0
a range +18000 +18600 1003 2001 0
a range +18000 +18600 1003 2020 0
a range +18000 +18600 1003 2012 0
a range +18000 +18600 2001 1003 0
a range +18000 +18600 2002 1001 0
a range +18000 +18600 2003 1001 0
a range +17400 +18600 2004 1001 0
a range +18000 +18600 2012 1003 0
a range +18000 +18600 2020 1003 0
a range +18000 +18600 9001 1002 0
a range +18600 +19200 1001 2014 0
a range +18600 +19200 1001 2018 0
a range +18600 +19200 1001 2005 0
a range +18600 +19200 1002 2021 0
a range +18000 +19200 1002 9003 0
a range +18600 +19200 1002 9001 0
a range +18600 +19200 1003 2022 0
a range +18600 +19200 1003 2023 0
a range +18600 +19200 1003 2010 0
a range +18600 +19200 2005 1001 0
a range +18600 +19200 2010 1003 0
a range +18600 +19200 2014 1001 0
a range +18600 +19200 2018 1001 0
a range +18600 +19200 2021 1002 0
a range +18600 +19200 2022 1003 0
a range +18600 +19200 2023 1003 0
a range +18600 +19200 9001 1002 0
a range +18000 +19200 9003 1002 0
a range +19200 +19800 1001 9003 0
a range +19200 +19800 1001 2016 0
a range +19200 +19800 1001 2015 0
a range +19200 +19800 1002 2019 0
a range +19200 +19800 1002 2003 0
a range +19200 +19800 1002 2013 0
a range +19200 +19800 1003 2004 0
a range +19200 +19800 1003 2024 0
a range +19200 +19800 1003 2020 0
a range +19200 +19800 2003 1002 0
a range +19200 +19800 2004 1003 0
a range +19200 +19800 2013 1002 0
a range +19200 +19800 2015 1001 0
a range +19200 +19800 2016 1001 0
a range +19200 +19800 2019 1002 0
a range +19200 +19800 2020 1003 0
a range +19200 +19800 2024 1003 0
a range +19200 +19800 9003 1001 0
a range +19800 +20400 1001 2021 0
a range +19800 +20400 1001 2019 0
a range +19800 +20400 1001 2012 0
a range +19800 +20400 1002 2024 0
a range +19800 +20400 1002 2013 0
a range +19800 +20400 1002 2010 0
a range +19800 +20400 1003 2023 0
a range +19800 +20400 1003 2020 0
a range +19800 +20400 1003 2006 0
a range +19800 +20400 2006 1003 0
a range +19800 +20400 2010 1002 0
a range +19800 +20400 2012 1001 0
a range +19800 +20400 2013 1002 0
a range +19800 +20400 2019 1001 0
a range +19800 +20400 2020 1003 0
a range +19800 +20400 2021 1001 0
a range +19800 +20400 2023 1003 0
a range +19800 +20400 2024 1002 0
a range +20400 +21000 1001 2022 0
a range +20400 +21000 1001 2015 0
a range +20400 +21000 1001 2020 0
a range +20400 +21000 1002 9001 0
a range +20400 +21000 1002 2021 0
a range +20400 +21000 1002 2016 0
a range +20400 +21000 1003 2012 0
a range +20400 +21000 1003 2004 0
a range +20400 +21000 1003 2002 0
a range +20400 +21000 2002 1003 0
a range +20400 +21000 2004 1003 0
a range +20400 +21000 2012 1003 0
a range +20400 +21000 2015 1001 0
a range +20400 +21000 2016 1002 0
a range +20400 +21000 2020 1001 0
a range +20400 +21000 2021 1002 0
a range +20400 +21000 2022 1001 0
a range +20400 +21000 9001 1002 0
a range +21000 +21600 1001 2019 0
a range +21000 +21600 1001 2011 0
a range +21000 +21600 1001 2003 0
a range +21000 +21600 1002 2021 0
a range +21000 +21600 1002 2014 0
a range +21000 +21600 1002 2017 0
a range +21000 +21600 1003 9002 0
a range +21000 +21600 1003 2001 0
a range +21000 +21600 1003 2010 0
a range +21000 +21600 2001 1003 0
a range +21000 +21600 2003 1001 0
a range +21000 +21600 2010 1003 0
a range +21000 +21600 2011 1001 0
a range +21000 +21600 2014 1002 0
a range +21000 +21600 2017 1002 0
a range +21000 +21600 2019 1001 0
a range +21000 +21600 2021 1002 0
a range +21000 +21600 9002 1003 0
a range +21600 +22200 1001 2017 0
a range +21600 +22200 1001 2020 0
a range +21600 +22200 1002 2011 0
a range +21600 +22200 1002 2001 0
a range +21600 +22200 1003 2012 0
a range +21600 +22200 1003 2015 0
a range +21600 +22200 1003 2003 0
a range +21600 +22200 2001 1002 0
a range +21600 +22200 2003 1003 0
a range +21600 +22200 2011 1002 0
a range +21600 +22200 2012 1003 0
a range +21600 +22200 2015 1003 0
a range +21600 +22200 2017 1001 0
a range +21600 +22200 2020 1001 0
a range +21600 +22800 1001 2004 0
a range +22200 +22800 1001 2014 0
a range +22200 +22800 1001 2003 0
a range +22200 +22800 1002 2005 0
a range +21600 +22800 1002 2018 0
a range +22200 +22800 1002 2019 0
a range +22200 +22800 1003 2007 0
a range +22200 +22800 1003 2002 0
a range +22200 +22800 1003 2022 0
a range +22200 +22800 2002 1003 0
a range +22200 +22800 2003 1001 0
a range +21600 +22800 2004 1001 0
a range +22200 +22800 2005 1002 0
a range +22200 +22800 2007 1003 0
a range +22200 +22800 2014 1001 0
a range +21600 +22800 2018 1002 0
a range +22200 +22800 2019 1002 0
a range +22200 +22800 2022 1003 0
a range +22800 +23400 1001 2014 0
a range +22800 +23400 1001 2018 0
a range +22800 +23400 1001 2024 0
a range +22800 +23400 1002 2020 0
a range +22800 +23400 1002 2023 0
a range +22800 +23400 1002 2005 0
a range +22800 +23400 1003 2002 0
a range +22800 +23400 1003 2009 0
a range +22800 +23400 1003 2012 0
a range +22800 +23400 2002 1003 0
a range +22800 +23400 2005 1002 0
a range +22800 +23400 2009 1003 0
a range +22800 +23400 2012 1003 0
a range +22800 +23400 2014 1001 0
a range +22800 +23400 2018 1001 0
a range +22800 +23400 2020 1002 0
a range +22800 +23400 2023 1002 0
a range +22800 +23400 2024 1001 0
a range +23400 +24000 1002 2017 0
a range +23400 +24000 1002 2014 0
a range +23400 +24000 1003 2022 0
a range +23400 +24000 1003 2005 0
a range +23400 +24000 2005 1003 0
a range +23400 +24000 2014 1002 0
a range +23400 +24000 2017 1002 0
a range +23400 +24000 2022 1003 0
a range +24000 +24600 1002 2017 0
a range +23400 +24600 1002 2008 0
a range +24000 +24600 1003 2006 0
a range +24000 +24600 1003 2002 0
a range +23400 +24600 1003 2001 0
a range +23400 +24600 2001 1003 0
a range +24000 +24600 2002 1003 0
a range +24000 +24600 2006 1003 0
a range +23400 +24600 2008 1002 0
a range +24000 +24600 2017 1002 0
a range +24600 +25200 1002 2001 0
a range +24600 +25200 1003 2017 0
a range +24600 +25200 1003 2016 0
a range +24600 +25200 2001 1002 0
a range +24600 +25200 2016 1003 0
a range +24600 +25200 2017 1003 0
a range +23400 +25800 1001 9003 0
a range +24000 +25800 1002 2024 0
a range +24600 +25800 1002 2023 0
a range +25200 +25800 1002 2005 0
a range +24600 +25800 1003 2015 0
a range +25200 +25800 1003 2012 0
a range +25200 +25800 1003 2011 0
a range +25200 +25800 2005 1002 0
a range +25200 +25800 2011 1003 0
a range +25200 +25800 2012 1003 0
a range +24600 +25800 2015 1003 0
a range +24600 +25800 2023 1002 0
a range +24000 +25800 2024 1002 0
a range +23400 +25800 9003 1001 0
a range +25800 +26400 1002 2003 0
a range +25800 +26400 1002 2024 0
a range +25800 +26400 1002 2012 0
a range +25800 +26400 1003 2022 0
a range +25800 +26400 1003 2008 0
a range +25800 +26400 1003 2020 0
a range +25800 +26400 2003 1002 0
a range +25800 +26400 2008 1003 0
a range +25800 +26400 2012 1002 0
a range +25800 +26400 2020 1003 0
a range +25800 +26400 2022 1003 0
a range +25800 +26400 2024 1002 0
a range +23400 +27000 1001 9001 0
a range +26400 +27000 1001 2007 0
a range +26400 +27000 1001 2021 0
a range +26400 +27000 1002 2009 0
a range +26400 +27000 1002 2019 0
a range +26400 +27000 1002 2010 0
a range +26400 +27000 1003 2023 0
a range +26400 +27000 1003 2003 0
a range +26400 +27000 1003 2011 0
a range +26400 +27000 2003 1003 0
a range +26400 +27000 2007 1001 0
a range +26400 +27000 2009 1002 0
a range +26400 +27000 2010 1002 0
a range +26400 +27000 2011 1003 0
a range +26400 +27000 2019 1002 0
a range +26400 +27000 2021 1001 0
a range +26400 +27000 2023 1003 0
a range +23400 +27000 9001 1001 0
a range +27000 +27600 1001 2003 0
a range +27000 +27600 1001 2006 0
a range +27000 +27600 1002 2018 0
a range +27000 +27600 1002 2009 0
a range +27000 +27600 1002 2011 0
a range +27000 +27600 1003 2020 0
a range +27000 +27600 1003 2014 0
a range +27000 +27600 1003 2001 0
a range +27000 +27600 2001 1003 0
a range +27000 +27600 2003 1001 0
a range +27000 +27600 2006 1001 0
a range +27000 +27600 2009 1002 0
a range +27000 +27600 2011 1002 0
a range +27000 +27600 2014 1003 0
a range +27000 +27600 2018 1002 0
a range +27000 +27600 2020 1003 0
a range +27600 +28200 1001 2024 0
a range +27600 +28200 1001 2019 0
a range +27600 +28200 1002 2023 0
a range +27600 +28200 1002 9002 0
a range +27600 +28200 1002 2005 0
a range +27600 +28200 1003 2011 0
a range +27600 +28200 2005 1002 0
a range +27600 +28200 2011 1003 0
a range +27600 +28200 2019 1001 0
a range +27600 +28200 2023 1002 0
a range +27600 +28200 2024 1001 0
a range +27600 +28200 9002 1002 0
a range +28200 +28800 1001 2014 0
a range +28200 +28800 1001 2002 0
a range +27000 +28800 1001 2010 0
a range +28200 +28800 1002 2016 0
a range +28200 +28800 1002 2020 0
a range +28200 +28800 1002 2024 0
a range +27600 +28800 1003 2008 0
a range +28200 +28800 1003 2015 0
a range +28200 +28800 2002 1001 0
a range +27600 +28800 2008 1003 0
a range +27000 +28800 2010 1001 0
a range +28200 +28800 2014 1001 0
a range +28200 +28800 2015 1003 0
a range +28200 +28800 2016 1002 0
a range +28200 +28800 2020 1002 0
a range +28200 +28800 2024 1002 0
a range +28800 +29400 1001 2004 0
a range +28800 +29400 1001 2021 0
a range +28800 +29400 1002 2007 0
a range +28800 +29400 1002 2011 0
a range +28800 +29400 1002 2005 0
a range +28800 +29400 1003 2010 0
a range +27600 +29400 1003 2013 0
a range +28800 +29400 1003 2009 0
a range +28800 +29400 2004 1001 0
a range +28800 +29400 2005 1002 0
a range +28800 +29400 2007 1002 0
a range +28800 +29400 2009 1003 0
a range +28800 +29400 2010 1003 0
a range +28800 +29400 2011 1002 0
a range +27600 +29400 2013 1003 0
a range +28800 +29400 2021 1001 0
a range +29400 +30000 1001 2023 0
a range +29400 +30000 1001 2011 0
a range +28800 +30000 1001 2016 0
a range +29400 +30000 1002 2018 0
a range +29400 +30000 1002 2007 0
a range +29400 +30000 1002 2008 0
a range +29400 +30000 1003 2019 0
a range +29400 +30000 1003 2005 0
a range +29400 +30000 2005 1003 0
a range +29400 +30000 2007 1002 0
a range +29400 +30000 2008 1002 0
a range +29400 +30000 2011 1001 0
a range +28800 +30000 2016 1001 0
a range +29400 +30000 2018 1002 0
a range +29400 +30000 2019 1003 0
a range +29400 +30000 2023 1001 0
a range +30000 +30600 1001 2011 0
a range +30000 +30600 1001 2022 0
a range +30000 +30600 1001 2012 0
a range +30000 +30600 1002 2005 0
a range +30000 +30600 1002 2017 0
a range +30000 +30600 1002 2014 0
a range +30000 +30600 1003 2008 0
a range +30000 +30600 1003 2018 0
a range +29400 +30600 1003 2010 0
a range +30000 +30600 2005 1002 0
a range +30000 +30600 2008 1003 0
a range +29400 +30600 2010 1003 0
a range +30000 +30600 2011 1001 0
a range +30000 +30600 2012 1001 0
a range +30000 +30600 2014 1002 0
a range +30000 +30600 2017 1002 0
a range +30000 +30600 2018 1003 0
a range +30000 +30600 2022 1001 0
a range +30600 +31200 1001 2015 0
a range +30600 +31200 1001 2006 0
a range +30600 +31200 1001 2021 0
a range +30600 +31200 1002 2007 0
a range +30600 +31200 1002 2004 0
a range +30600 +31200 1003 2013 0
a range +30600 +31200 1003 2002 0
a range +30600 +31200 1003 2014 0
a range +30600 +31200 2002 1003 0
a range +30600 +31200 2004 1002 0
a range +30600 +31200 2006 1001 0
a range +30600 +31200 2007 1002 0
a range +30600 +31200 2013 1003 0
a range +30600 +31200 2014 1003 0
a range +30600 +31200 2015 1001 0
a range +30600 +31200 2021 1001 0
a range +31200 +31800 1001 2016 0
a range +31200 +31800 1001 2024 0
a range +31200 +31800 1001 2002 0
a range +31200 +31800 1002 2009 0
a range +31200 +31800 1002 2014 0
a range +30600 +31800 1002 2022 0
a range +31200 +31800 1003 9003 0
a range +31200 +31800 2002 1001 0
a range +31200 +31800 2009 1002 0
a range +31200 +31800 2014 1002 0
a range +31200 +31800 2016 1001 0
a range +30600 +31800 2022 1002 0
a range +31200 +31800 2024 1001 0
a range +31200 +31800 9003 1003 0
a range +31800 +32400 1001 2004 0
a range +31800 +32400 1001 2007 0
a range +31800 +32400 1001 2016 0
a range +31800 +32400 1002 2003 0
a range +31800 +32400 1002 2019 0
a range +31800 +32400 1002 2014 0
a range +31800 +32400 2003 1002 0
a range +31800 +32400 2004 1001 0
a range +31800 +32400 2007 1001 0
a range +31800 +32400 2014 1002 0
a range +31800 +32400 2016 1001 0
a range +31800 +32400 2019 1002 0
a range +32400 +33000 1001 2018 0
a range +32400 +33000 1001 2001 0
a range +32400 +33000 1001 2017 0
a range +32400 +33000 1002 2002 0
a range +32400 +33000 1002 2015 0
a range +32400 +33000 2001 1001 0
a range +32400 +33000 2002 1002 0
a range +32400 +33000 2015 1002 0
a range +32400 +33000 2017 1001 0
a range +32400 +33000 2018 1001 0
a range +33000 +33600 1001 2024 0
a range +33000 +33600 1001 2003 0
a range +33000 +33600 1001 2019 0
a range +32400 +33600 1002 2012 0
a range +33000 +33600 1002 2009 0
a range +33000 +33600 1002 2022 0
a range +31200 +33600 1003 9001 0
a range +33000 +33600 2003 1001 0
a range +33000 +33600 2009 1002 0
a range +32400 +33600 2012 1002 0
a range +33000 +33600 2019 1001 0
a range +33000 +33600 2022 1002 0
a range +33000 +33600 2024 1001 0
a range +31200 +33600 9001 1003 0
a range +33600 +34200 1001 2022 0
a range +33600 +34200 1001 2021 0
a range +33600 +34200 1001 2007 0
a range +33600 +34200 1002 2020 0
a range +33600 +34200 1002 2006 0
a range +33600 +34200 2006 1002 0
a range +33600 +34200 2007 1001 0
a range +33600 +34200 2020 1002 0
a range +33600 +34200 2021 1001 0
a range +33600 +34200 2022 1001 0
a range +34200 +34800 1001 2014 0
a range +34200 +34800 1001 2015 0
a range +34200 +34800 1001 2018 0
a range +33600 +34800 1002 2017 0
a range +34200 +34800 1002 2024 0
a range +34200 +34800 1002 2002 0
a range +34200 +34800 1003 2011 0
a range +33600 +34800 1003 9001 0
a range +34200 +34800 1003 2013 0
a range +34200 +34800 2002 1002 0
a range +34200 +34800 2011 1003 0
a range +34200 +34800 2013 1003 0
a range +34200 +34800 2014 1001 0
a range +34200 +34800 2015 1001 0
a range +33600 +34800 2017 1002 0
a range +34200 +34800 2018 1001 0
a range +34200 +34800 2024 1002 0
a range +33600 +34800 9001 1003 0
a range +34800 +35400 1001 2024 0
a range +34800 +35400 1001 2006 0
a range +34800 +35400 1001 2009 0
a range +34800 +35400 1002 2015 0
a range +34800 +35400 1002 2017 0
a range +34800 +35400 1002 2001 0
a range +34800 +35400 1003 2022 0
a range +34800 +35400 1003 2021 0
a range +34800 +35400 1003 2004 0
a range +34800 +35400 2001 1002 0
a range +34800 +35400 2004 1003 0
a range +34800 +35400 2006 1001 0
a range +34800 +35400 2009 1001 0
a range +34800 +35400 2015 1002 0
a range +34800 +35400 2017 1002 0
a range +34800 +35400 2021 1003 0
a range +34800 +35400 2022 1003 0
a range +34800 +35400 2024 1001 0
a range +35400 +36000 1001 2004 0
a range +35400 +36000 1001 2003 0
a range +35400 +36000 1001 2014 0
a range +35400 +36000 1002 2021 0
a range +35400 +36000 1002 2002 0
a range +35400 +36000 1002 2020 0
a range +35400 +36000 1003 2001 0
a range +35400 +36000 1003 2022 0
a range +35400 +36000 1003 2023 0
a range +35400 +36000 2001 1003 0
a range +35400 +36000 2002 1002 0
a range +35400 +36000 2003 1001 0
a range +35400 +36000 2004 1001 0
a range +35400 +36000 2014 1001 0
a range +35400 +36000 2020 1002 0
a range +35400 +36000 2021 1002 0
a range +35400 +36000 2022 1003 0
a range +35400 +36000 2023 1003 0
a range +36000 +36600 1001 2003 0
a range +36000 +36600 1001 2001 0
a range +36000 +36600 1002 2014 0
a range +36000 +36600 1002 2011 0
a range +36000 +36600 1002 2019 0
a range +36000 +36600 1003 2013 0
a range +36000 +36600 1003 2015 0
a range +36000 +36600 1003 2002 0
a range +36000 +36600 2001 1001 0
a range +36000 +36600 2002 1003 0
a range +36000 +36600 2003 1001 0
a range +36000 +36600 2011 1002 0
a range +36000 +36600 2013 1003 0
a range +36000 +36600 2014 1002 0
a range +36000 +36600 2015 1003 0
a range +36000 +36600 2019 1002 0
a range +36600 +37200 1001 2024 0
a range +36000 +37200 1001 2021 0
a range +36600 +37200 1001 2017 0
a range +36600 +37200 1002 2006 0
a range +36600 +37200 1002 2022 0
a range +36600 +37200 1002 2016 0
a range +36600 +37200 1003 2009 0
a range +36600 +37200 1003 2011 0
a range +36600 +37200 1003 2014 0
a range +36600 +37200 2006 1002 0
a range +36600 +37200 2009 1003 0
a range +36600 +37200 2011 1003 0
a range +36600 +37200 2014 1003 0
a range +36600 +37200 2016 1002 0
a range +36600 +37200 2017 1001 0
a range +36000 +37200 2021 1001 0
a range +36600 +37200 2022 1002 0
a range +36600 +37200 2024 1001 0
a range +37200 +37800 1001 2017 0
a range +37200 +37800 1001 2024 0
a range +37200 +37800 1002 2008 0
a range +37200 +37800 1002 2015 0
a range +37200 +37800 1002 2002 0
a range +37200 +37800 1003 2010 0
a range +37200 +37800 1003 2007 0
a range +37200 +37800 2002 1002 0
a range +37200 +37800 2007 1003 0
a range +37200 +37800 2008 1002 0
a range +37200 +37800 2010 1003 0
a range +37200 +37800 2015 1002 0
a range +37200 +37800 2017 1001 0
a range +37200 +37800 2024 1001 0
a range +37200 +38400 1001 2001 0
a range +37800 +38400 1001 2010 0
a range +37800 +38400 1001 2021 0
a range +37800 +38400 1002 2019 0
a range +37800 +38400 1002 2024 0
a range +37800 +38400 1002 2006 0
a range +37800 +38400 1003 2003 0
a range +37200 +38400 1003 2022 0
a range +37200 +38400 2001 1001 0
a range +37800 +38400 2003 1003 0
a range +37800 +38400 2006 1002 0
a range +37800 +38400 2010 1001 0
a range +37800 +38400 2019 1002 0
a range +37800 +38400 2021 1001 0
a range +37200 +38400 2022 1003 0
a range +37800 +38400 2024 1002 0
a range +38400 +39000 1001 2019 0
a range +38400 +39000 1001 2001 0
a range +38400 +39000 1001 2022 0
a range +38400 +39000 1002 2011 0
a range +38400 +39000 1002 2017 0
a range +38400 +39000 1002 2014 0
a range +38400 +39000 1003 2016 0
a range +38400 +39000 1003 2012 0
a range +37800 +39000 1003 2023 0
a range +38400 +39000 2001 1001 0
a range +38400 +39000 2011 1002 0
a range +38400 +39000 2012 1003 0
a range +38400 +39000 2014 1002 0
a range +38400 +39000 2016 1003 0
a range +38400 +39000 2017 1002 0
a range +38400 +39000 2019 1001 0
a range +38400 +39000 2022 1001 0
a range +37800 +39000 2023 1003 0
a range +39000 +39600 1001 2022 0
a range +39000 +39600 1001 2008 0
a range +39000 +39600 1001 2012 0
a range +39000 +39600 1003 2011 0
a range +39000 +39600 1003 2021 0
a range +39000 +39600 1003 2005 0
a range +39000 +39600 2005 1003 0
a range +39000 +39600 2008 1001 0
a range +39000 +39600 2011 1003 0
a range +39000 +39600 2012 1001 0
a range +39000 +39600 2021 1003 0
a range +39000 +39600 2022 1001 0
a range +39600 +40200 1001 9003 0
a range +39600 +40200 1001 2005 0
a range +39600 +40200 1001 2018 0
a range +39600 +40200 1003 2003 0
a range +39600 +40200 1003 2012 0
a range +39600 +40200 1003 2014 0
a range +39600 +40200 2003 1003 0
a range +39600 +40200 2005 1001 0
a range +39600 +40200 2012 1003 0
a range +39600 +40200 2014 1003 0
a range +39600 +40200 2018 1001 0
a range +39600 +40200 9003 1001 0
a range +40200 +40800 1001 2017 0
a range +40200 +40800 1001 2024 0
a range +40200 +40800 1001 2002 0
a range +40200 +40800 1003 2007 0
a range +40200 +40800 1003 2011 0
a range +40200 +40800 1003 2022 0
a range +40200 +40800 2002 1001 0
a range +40200 +40800 2007 1003 0
a range +40200 +40800 2011 1003 0
a range +40200 +40800 2017 1001 0
a range +40200 +40800 2022 1003 0
a range +40200 +40800 2024 1001 0
a range +40800 +41400 1001 2005 0
a range +40800 +41400 1002 9002 0
a range +40800 +41400 1003 2017 0
a range +40800 +41400 1003 2021 0
a range +40800 +41400 1003 2011 0
a range +40800 +41400 2005 1001 0
a range +40800 +41400 2011 1003 0
a range +40800 +41400 2017 1003 0
a range +40800 +41400 2021 1003 0
a range +40800 +41400 9002 1002 0
a range +41400 +42000 1001 2023 0
a range +39000 +42000 1002 9001 0
a range +41400 +42000 1002 9002 0
a range +41400 +42000 1003 2001 0
a range +41400 +42000 1003 2014 0
a range +41400 +42000 1003 2007 0
a range +41400 +42000 2001 1003 0
a range +41400 +42000 2007 1003 0
a range +41400 +42000 2014 1003 0
a range +41400 +42000 2023 1001 0
a range +39000 +42000 9001 1002 0
a range +41400 +42000 9002 1002 0
a range +40800 +42600 1001 2004 0
a range +40800 +42600 1001 2013 0
a range +42000 +42600 1001 2005 0
a range +42000 +42600 1002 9002 0
a range +42000 +42600 1002 9001 0
a range +42000 +42600 1002 2001 0
a range +42000 +42600 1003 2007 0
a range +42000 +42600 1003 2020 0
a range +42000 +42600 1003 2010 0
a range +42000 +42600 2001 1002 0
a range +40800 +42600 2004 1001 0
a range +42000 +42600 2005 1001 0
a range +42000 +42600 2007 1003 0
a range +42000 +42600 2010 1003 0
a range +40800 +42600 2013 1001 0
a range +42000 +42600 2020 1003 0
a range +42000 +42600 9001 1002 0
a range +42000 +42600 9002 1002 0
a range +42600 +43200 1001 2009 0
a range +42600 +43200 1001 2006 0
a range +42600 +43200 1001 2024 0
a range +42600 +43200 1002 2001 0
a range +42600 +43200 1002 2018 0
a range +42600 +43200 1003 2015 0
a range +42600 +43200 1003 2019 0
a range +42600 +43200 1003 2013 0
a range +42600 +43200 2001 1002 0
a range +42600 +43200 2006 1001 0
a range +42600 +43200 2009 1001 0
a range +42600 +43200 2013 1003 0
a range +42600 +43200 2015 1003 0
a range +42600 +43200 2018 1002 0
a range +42600 +43200 2019 1003 0
a range +42600 +43200 2024 1001 0
a range +43200 +43800 1001 2017 0
a range +43200 +43800 1001 2007 0
a range +43200 +43800 1001 2001 0
a range +43200 +43800 1002 2019 0
a range +42600 +43800 1002 2005 0
a range +43200 +43800 1002 2021 0
a range +43200 +43800 1003 2016 0
a range +43200 +43800 1003 2006 0
a range +43200 +43800 1003 2010 0
a range +43200 +43800 2001 1001 0
a range +42600 +43800 2005 1002 0
a range +43200 +43800 2006 1003 0
a range +43200 +43800 2007 1001 0
a range +43200 +43800 2010 1003 0
a range +43200 +43800 2016 1003 0
a range +43200 +43800 2017 1001 0
a range +43200 +43800 2019 1002 0
a range +43200 +43800 2021 1002 0
a range +43800 +44400 1001 2011 0
a range +43800 +44400 1001 2015 0
a range +43800 +44400 1001 2006 0
a range +43800 +44400 1002 2003 0
a range +43800 +44400 1002 2020 0
a range +43800 +44400 1002 2024 0
a range +43800 +44400 1003 2001 0
a range +43800 +44400 1003 2023 0
a range +43800 +44400 1003 2005 0
a range +43800 +44400 2001 1003 0
a range +43800 +44400 2003 1002 0
a range +43800 +44400 2005 1003 0
a range +43800 +44400 2006 1001 0
a range +43800 +44400 2011 1001 0
a range +43800 +44400 2015 1001 0
a range +43800 +44400 2020 1002 0
a range +43800 +44400 2023 1003 0
a range +43800 +44400 2024 1002 0
a range +44400 +45000 1001 2015 0
a range +44400 +45000 1001 2013 0
a range +44400 +45000 1001 2008 0
a range +44400 +45000 1002 2019 0
a range +44400 +45000 1002 2016 0
a range +44400 +45000 1003 2021 0
a range +44400 +45000 1003 2024 0
a range +44400 +45000 1003 2017 0
a range +44400 +45000 2008 1001 0
a range +44400 +45000 2013 1001 0
a range +44400 +45000 2015 1001 0
a range +44400 +45000 2016 1002 0
a range +44400 +45000 2017 1003 0
a range +44400 +45000 2019 1002 0
a range +44400 +45000 2021 1003 0
a range +44400 +45000 2024 1003 0
a range +45000 +45600 1001 2008 0
a range +45000 +45600 1001 2022 0
a range +45000 +45600 1001 2020 0
a range +45000 +45600 1002 2023 0
a range +45000 +45600 1002 2009 0
a range +45000 +45600 1002 2015 0
a range +45000 +45600 1003 2018 0
a range +45000 +45600 1003 2021 0
a range +45000 +45600 1003 2010 0
a range +45000 +45600 2008 1001 0
a range +45000 +45600 2009 1002 0
a range +45000 +45600 2010 1003 0
a range +45000 +45600 2015 1002 0
a range +45000 +45600 2018 1003 0
a range +45000 +45600 2020 1001 0
a range +45000 +45600 2021 1003 0
a range +45000 +45600 2022 1001 0
a range +45000 +45600 2023 1002 0
a range +45600 +46200 1001 2010 0
a range +45600 +46200 1001 2004 0
a range +45600 +46200 1002 2022 0
a range +45600 +46200 1002 2011 0
a range +45600 +46200 1002 2020 0
a range +45600 +46200 1003 2005 0
a range +45600 +46200 1003 2014 0
a range +45600 +46200 2004 1001 0
a range +45600 +46200 2005 1003 0
a range +45600 +46200 2010 1001 0
a range +45600 +46200 2011 1002 0
a range +45600 +46200 2014 1003 0
a range +45600 +46200 2020 1002 0
a range +45600 +46200 2022 1002 0
a range +46200 +46800 1001 2002 0
a range +46200 +46800 1001 2003 0
a range +45600 +46800 1001 2008 0
a range +46200 +46800 1002 2014 0
a range +46200 +46800 1002 2018 0
a range +46200 +46800 1002 2012 0
a range +45600 +46800 1003 2015 0
a range +46200 +46800 1003 2004 0
a range +46200 +46800 2002 1001 0
a range +46200 +46800 2003 1001 0
a range +46200 +46800 2004 1003 0
a range +45600 +46800 2008 1001 0
a range +46200 +46800 2012 1002 0
a range +46200 +46800 2014 1002 0
a range +45600 +46800 2015 1003 0
a range +46200 +46800 2018 1002 0
a range +46800 +47400 1002 2019 0
a range +46800 +47400 1002 2003 0
a range +46800 +47400 1002 2022 0
a range +46800 +47400 1003 2017 0
a range +46200 +47400 1003 2021 0
a range +46800 +47400 2003 1002 0
a range +46800 +47400 2017 1003 0
a range +46800 +47400 2019 1002 0
a range +46200 +47400 2021 1003 0
a range +46800 +47400 2022 1002 0
a range +47400 +48000 1001 9002 0
a range +47400 +48000 1002 2005 0
a range +47400 +48000 1002 2014 0
a range +47400 +48000 1002 2024 0
a range +46800 +48000 1003 2011 0
a range +47400 +48000 1003 2004 0
a range +47400 +48000 2004 1003 0
a range +47400 +48000 2005 1002 0
a range +46800 +48000 2011 1003 0
a range +47400 +48000 2014 1002 0
a range +47400 +48000 2024 1002 0
a range +47400 +48000 9002 1001 0
a range +48000 +48600 1002 2019 0
a range +48000 +48600 1002 2022 0
a range +48000 +48600 1002 2006 0
a range +47400 +48600 1003 2007 0
a range +48000 +48600 1003 2012 0
a range +48000 +48600 1003 2015 0
a range +48000 +48600 2006 1002 0
a range +47400 +48600 2007 1003 0
a range +48000 +48600 2012 1003 0
a range +48000 +48600 2015 1003 0
a range +48000 +48600 2019 1002 0
a range +48000 +48600 2022 1002 0
a range +46800 +49200 1001 9001 0
a range +48000 +49200 1001 9002 0
a range +48600 +49200 1002 2023 0
a range +48600 +49200 1002 2022 0
a range +48600 +49200 1003 2016 0
a range +48600 +49200 1003 2008 0
a range +48600 +49200 1003 2005 0
a range +48600 +49200 2005 1003 0
a range +48600 +49200 2008 1003 0
a range +48600 +49200 2016 1003 0
a range +48600 +49200 2022 1002 0
a range +48600 +49200 2023 1002 0
a range +46800 +49200 9001 1001 0
a range +48000 +49200 9002 1001 0
a range +49200 +49800 1001 9002 0
a range +49200 +49800 1002 2004 0
a range +49200 +49800 1002 2009 0
a range +49200 +49800 1003 2019 0
a range +49200 +49800 1003 2016 0
a range +49200 +49800 1003 2007 0
a range +49200 +49800 2004 1002 0
a range +49200 +49800 2007 1003 0
a range +49200 +49800 2009 1002 0
a range +49200 +49800 2016 1003 0
a range +49200 +49800 2019 1003 0
a range +49200 +49800 9002 1001 0
a range +49800 +50400 1001 2021 0
a range +49800 +50400 1001 9002 0
a range +49800 +50400 1001 2015 0
a range +48600 +50400 1002 2024 0
a range +49800 +50400 1002 2001 0
a range +49800 +50400 1002 2006 0
a range +49800 +50400 1003 2008 0
a range +49800 +50400 2001 1002 0
a range +49800 +50400 2006 1002 0
a range +49800 +50400 2008 1003 0
a range +49800 +50400 2015 1001 0
a range +49800 +50400 2021 1001 0
a range +48600 +50400 2024 1002 0
a range +49800 +50400 9002 1001 0
a range +50400 +51000 1001 2017 0
a range +50400 +51000 1001 2007 0
a range +50400 +51000 1001 2005 0
a range +50400 +51000 1002 2019 0
a range +50400 +51000 1002 2009 0
a range +50400 +51000 1002 2016 0
a range +50400 +51000 1003 2001 0
a range +49800 +51000 1003 2004 0
a range +49800 +51000 1003 2018 0
a range +50400 +51000 2001 1003 0
a range +49800 +51000 2004 1003 0
a range +50400 +51000 2005 1001 0
a range +50400 +51000 2007 1001 0
a range +50400 +51000 2009 1002 0
a range +50400 +51000 2016 1002 0
a range +50400 +51000 2017 1001 0
a range +49800 +51000 2018 1003 0
a range +50400 +51000 2019 1002 0
a range +51000 +51600 1001 2021 0
a range +51000 +51600 1001 2024 0
a range +51000 +51600 1001 2016 0
a range +51000 +51600 1002 2013 0
a range +51000 +51600 1002 2022 0
a range +51000 +51600 1002 2008 0
a range +51000 +51600 1003 2018 0
a range +51000 +51600 1003 2012 0
a range +51000 +51600 1003 2019 0
a range +51000 +51600 2008 1002 0
a range +51000 +51600 2012 1003 0
a range +51000 +51600 2013 1002 0
a range +51000 +51600 2016 1001 0
a range +51000 +51600 2018 1003 0
a range +51000 +51600 2019 1003 0
a range +51000 +51600 2021 1001 0
a range +51000 +51600 2022 1002 0
a range +51000 +51600 2024 1001 0
a range +51600 +52200 1001 2023 0
a range +51600 +52200 1001 2005 0
a range +51600 +52200 1002 2003 0
a range +51600 +52200 1002 2004 0
a range +51600 +52200 1002 2002 0
a range +51600 +52200 1003 2020 0
a range +51600 +52200 1003 2001 0
a range +51600 +52200 1003 2009 0
a range +51600 +52200 2001 1003 0
a range +51600 +52200 2002 1002 0
a range +51600 +52200 2003 1002 0
a range +51600 +52200 2004 1002 0
a range +51600 +52200 2005 1001 0
a range +51600 +52200 2009 1003 0
a range +51600 +52200 2020 1003 0
a range +51600 +52200 2023 1001 0
a range +52200 +52800 1001 2015 0
a range +52200 +52800 1001 2013 0
a range +52200 +52800 1001 2024 0
a range +52200 +52800 1002 9003 0
a range +52200 +52800 1002 2022 0
a range +52200 +52800 1002 2009 0
a range +52200 +52800 1003 2010 0
a range +52200 +52800 1003 2018 0
a range +52200 +52800 1003 2008 0
a range +52200 +52800 2008 1003 0
a range +52200 +52800 2009 1002 0
a range +52200 +52800 2010 1003 0
a range +52200 +52800 2013 1001 0
a range +52200 +52800 2015 1001 0
a range +52200 +52800 2018 1003 0
a range +52200 +52800 2022 1002 0
a range +52200 +52800 2024 1001 0
a range +52200 +52800 9003 1002 0
a range +52800 +53400 1001 2016 0
a range +52800 +53400 1001 2002 0
a range +52800 +53400 1001 2004 0
a range +52800 +53400 1002 2015 0
a range +52800 +53400 1002 2003 0
a range +52800 +53400 1002 2001 0
a range +52800 +53400 1003 2009 0
a range +52800 +53400 2001 1002 0
a range +52800 +53400 2002 1001 0
a range +52800 +53400 2003 1002 0
a range +52800 +53400 2004 1001 0
a range +52800 +53400 2009 1003 0
a range +52800 +53400 2015 1002 0
a range +52800 +53400 2016 1001 0
a range +53400 +54000 1001 2010 0
a range +53400 +54000 1001 2001 0
a range +53400 +54000 1001 2005 0
a range +53400 +54000 1002 2024 0
a range +53400 +54000 1002 2020 0
a range +53400 +54000 1002 2023 0
a range +53400 +54000 1003 2004 0
a range +53400 +54000 1003 2021 0
a range +53400 +54000 2001 1001 0
a range +53400 +54000 2004 1003 0
a range +53400 +54000 2005 1001 0
a range +53400 +54000 2010 1001 0
a range +53400 +54000 2020 1002 0
a range +53400 +54000 2021 1003 0
a range +53400 +54000 2023 1002 0
a range +53400 +54000 2024 1002 0
a range +54000 +54600 1001 2004 0
a range +54000 +54600 1001 2012 0
a range +54000 +54600 1002 2023 0
a range +54000 +54600 1002 2014 0
a range +54000 +54600 1002 2013 0
a range +54000 +54600 1003 2008 0
a range +53400 +54600 1003 2015 0
a range +54000 +54600 1003 2001 0
a range +54000 +54600 2001 1003 0
a range +54000 +54600 2004 1001 0
a range +54000 +54600 2008 1003 0
a range +54000 +54600 2012 1001 0
a range +54000 +54600 2013 1002 0
a range +54000 +54600 2014 1002 0
a range +53400 +54600 2015 1003 0
a range +54000 +54600 2023 1002 0
a range +54600 +55200 1001 2013 0
a range +54000 +55200 1001 2006 0
a range +54600 +55200 1001 2011 0
a range +54600 +55200 1002 2024 0
a range +54600 +55200 1002 2017 0
a range +54600 +55200 1002 2008 0
a range +54600 +55200 1003 9001 0
a range +54000 +55200 2006 1001 0
a range +54600 +55200 2008 1002 0
a range +54600 +55200 2011 1001 0
a range +54600 +55200 2013 1001 0
a range +54600 +55200 2017 1002 0
a range +54600 +55200 2024 1002 0
a range +54600 +55200 9001 1003 0
a range +55200 +55800 1001 2019 0
a range +55200 +55800 1001 2024 0
a range +55200 +55800 1001 2021 0
a range +55200 +55800 1002 2005 0
a range +55200 +55800 1002 2018 0
a range +55200 +55800 1002 2016 0
a range +55200 +55800 2005 1002 0
a range +55200 +55800 2016 1002 0
a range +55200 +55800 2018 1002 0
a range +55200 +55800 2019 1001 0
a range +55200 +55800 2021 1001 0
a range +55200 +55800 2024 1001 0
a range +55800 +56400 1001 2011 0
a range +55800 +56400 1001 2023 0
a range +55800 +56400 1001 2019 0
a range +55800 +56400 1002 2015 0
a range +55800 +56400 1002 2021 0
a range +55800 +56400 1002 2020 0
a range +55800 +56400 2011 1001 0
a range +55800 +56400 2015 1002 0
a range +55800 +56400 2019 1001 0
a range +55800 +56400 2020 1002 0
a range +55800 +56400 2021 1002 0
a range +55800 +56400 2023 1001 0
a range +56400 +57000 1001 2018 0
a range +56400 +57000 1001 2014 0
a range +56400 +57000 1001 2012 0
a range +56400 +57000 1002 2021 0
a range +56400 +57000 1002 2006 0
a range +56400 +57000 2006 1002 0
a range +56400 +57000 2012 1001 0
a range +56400 +57000 2014 1001 0
a range +56400 +57000 2018 1001 0
a range +56400 +57000 2021 1002 0
a range +57000 +57600 1001 2015 0
a range +57000 +57600 1001 2012 0
a range +57000 +57600 1001 2023 0
a range +57000 +57600 1002 2020 0
a range +56400 +57600 1002 2024 0
a range +54600 +57600 1003 9002 0
a range +57000 +57600 2012 1001 0
a range +57000 +57600 2015 1001 0
a range +57000 +57600 2020 1002 0
a range +57000 +57600 2023 1001 0
a range +56400 +57600 2024 1002 0
a range +54600 +57600 9002 1003 0
a range +57600 +58200 1001 2017 0
a range +57600 +58200 1001 2006 0
a range +57600 +58200 1001 2015 0
a range +57000 +58200 1002 2022 0
a range +57600 +58200 1002 2002 0
a range +57600 +58200 1002 2011 0
a range +57600 +58200 1003 2024 0
a range +57600 +58200 1003 2009 0
a range +57600 +58200 1003 9002 0
a range +57600 +58200 2002 1002 0
a range +57600 +58200 2006 1001 0
a range +57600 +58200 2009 1003 0
a range +57600 +58200 2011 1002 0
a range +57600 +58200 2015 1001 0
a range +57600 +58200 2017 1001 0
a range +57000 +58200 2022 1002 0
a range +57600 +58200 2024 1003 0
a range +57600 +58200 9002 1003 0
a range +58200 +58800 1001 2021 0
a range +58200 +58800 1001 2012 0
a range +58200 +58800 1001 2013 0
a range +58200 +58800 1002 2014 0
a range +58200 +58800 1002 2024 0
a range +58200 +58800 1002 2015 0
a range +58200 +58800 1003 2019 0
a range +58200 +58800 2012 1001 0
a range +58200 +58800 2013 1001 0
a range +58200 +58800 2014 1002 0
a range +58200 +58800 2015 1002 0
a range +58200 +58800 2019 1003 0
a range +58200 +58800 2021 1001 0
a range +58200 +58800 2024 1002 0
a range +58800 +59400 1001 2013 0
a range +58800 +59400 1001 2005 0
a range +58800 +59400 1001 2007 0
a range +58800 +59400 1002 2019 0
a range +58800 +59400 1002 2016 0
a range +58200 +59400 1003 2001 0
a range +58200 +59400 1003 2003 0
a range +58800 +59400 1003 2012 0
a range +58200 +59400 2001 1003 0
a range +58200 +59400 2003 1003 0
a range +58800 +59400 2005 1001 0
a range +58800 +59400 2007 1001 0
a range +58800 +59400 2012 1003 0
a range +58800 +59400 2013 1001 0
a range +58800 +59400 2016 1002 0
a range +58800 +59400 2019 1002 0
a range +59400 +60000 1001 2020 0
a range +59400 +60000 1001 2021 0
a range +59400 +60000 1001 2003 0
a range +59400 +60000 1002 2022 0
a range +59400 +60000 1002 2011 0
a range +58800 +60000 1002 2010 0
a range +59400 +60000 1003 2007 0
a range +59400 +60000 1003 2013 0
a range +59400 +60000 1003 2008 0
a range +59400 +60000 2003 1001 0
a range +59400 +60000 2007 1003 0
a range +59400 +60000 2008 1003 0
a range +58800 +60000 2010 1002 0
a range +59400 +60000 2011 1002 0
a range +59400 +60000 2013 1003 0
a range +59400 +60000 2020 1001 0
a range +59400 +60000 2021 1001 0
a range +59400 +60000 2022 1002 0
a range +60000 +60600 1001 2004 0
a range +60000 +60600 1001 2010 0
a range +60000 +60600 1001 2007 0
a range +60000 +60600 1002 9001 0
a range +60000 +60600 1002 2024 0
a range +60000 +60600 1002 2019 0
a range +60000 +60600 1003 2012 0
a range +60000 +60600 1003 2006 0
a range +60000 +60600 1003 9002 0
a range +60000 +60600 2004 1001 0
a range +60000 +60600 2006 1003 0
a range +60000 +60600 2007 1001 0
a range +60000 +60600 2010 1001 0
a range +60000 +60600 2012 1003 0
a range +60000 +60600 2019 1002 0
a range +60000 +60600 2024 1002 0
a range +60000 +60600 9001 1002 0
a range +60000 +60600 9002 1003 0
a range +60600 +61200 1001 9001 0
a range +60600 +61200 1001 2002 0
a range +60600 +61200 1001 2020 0
a range +60600 +61200 1002 2011 0
a range +60600 +61200 1002 2004 0
a range +60600 +61200 1003 2008 0
a range +60600 +61200 1003 2010 0
a range +60600 +61200 1003 2012 0
a range +60600 +61200 2002 1001 0
a range +60600 +61200 2004 1002 0
a range +60600 +61200 2008 1003 0
a range +60600 +61200 2010 1003 0
a range +60600 +61200 2011 1002 0
a range +60600 +61200 2012 1003 0
a range +60600 +61200 2020 1001 0
a range +60600 +61200 9001 1001 0
a range +61200 +61800 1001 2010 0
a range +61200 +61800 1001 2009 0
a range +61200 +61800 1001 2023 0
a range +60600 +61800 1002 2014 0
a range +61200 +61800 1002 9002 0
a range +61200 +61800 1002 2006 0
a range +61200 +61800 1003 2004 0
a range +61200 +61800 1003 2024 0
a range +61200 +61800 1003 2013 0
a range +61200 +61800 2004 1003 0
a range +61200 +61800 2006 1002 0
a range +61200 +61800 2009 1001 0
a range +61200 +61800 2010 1001 0
a range +61200 +61800 2013 1003 0
a range +60600 +61800 2014 1002 0
a range +61200 +61800 2023 1001 0
a range +61200 +61800 2024 1003 0
a range +61200 +61800 9002 1002 0
a range +61800 +62400 1001 2018 0
a range +61800 +62400 1001 2003 0
a range +61800 +62400 1001 2008 0
a range +61800 +62400 1002 2010 0
a range +61800 +62400 1002 2016 0
a range +61800 +62400 1003 2007 0
a range +61800 +62400 1003 2009 0
a range +61800 +62400 2003 1001 0
a range +61800 +62400 2007 1003 0
a range +61800 +62400 2008 1001 0
a range +61800 +62400 2009 1003 0
a range +61800 +62400 2010 1002 0
a range +61800 +62400 2016 1002 0
a range +61800 +62400 2018 1001 0
a range +62400 +63000 1001 2024 0
a range +62400 +63000 1001 2015 0
a range +62400 +63000 1003 2012 0
a range +62400 +63000 1003 2004 0
a range +61800 +63000 1003 2014 0
a range +62400 +63000 2004 1003 0
a range +62400 +63000 2012 1003 0
a range +61800 +63000 2014 1003 0
a range +62400 +63000 2015 1001 0
a range +62400 +63000 2024 1001 0
a range +62400 +63600 1001 2017 0
a range +63000 +63600 1001 2015 0
a range +63000 +63600 1001 2019 0
a range +63000 +63600 1003 9003 0
a range +63000 +63600 1003 2024 0
a range +63000 +63600 2015 1001 0
a range +62400 +63600 2017 1001 0
a range +63000 +63600 2019 1001 0
a range +63000 +63600 2024 1003 0
a range +63000 +63600 9003 1003 0
a range +63600 +64200 1001 2021 0
a range +63600 +64200 1001 2004 0
a range +63600 +64200 1003 2023 0
a range +63000 +64200 1003 2010 0
a range +63600 +64200 2004 1001 0
a range +63000 +64200 2010 1003 0
a range +63600 +64200 2021 1001 0
a range +63600 +64200 2023 1003 0
a range +63600 +64800 1001 2018 0
a range +64200 +64800 1001 2004 0
a range +64200 +64800 1001 2012 0
a range +64200 +64800 1003 2007 0
a range +64200 +64800 2004 1001 0
a range +64200 +64800 2007 1003 0
a range +64200 +64800 2012 1001 0
a range +63600 +64800 2018 1001 0
a range +64800 +65400 1001 2016 0
a range +64800 +65400 1001 2021 0
a range +61800 +65400 1002 9002 0
a range +64200 +65400 1003 2022 0
a range +64800 +65400 1003 2001 0
a range +63600 +65400 1003 2003 0
a range +64800 +65400 2001 1003 0
a range +63600 +65400 2003 1003 0
a range +64800 +65400 2016 1001 0
a range +64800 +65400 2021 1001 0
a range +64200 +65400 2022 1003 0
a range +61800 +65400 9002 1002 0
a range +65400 +66000 1001 2020 0
a range +65400 +66000 1001 2014 0
a range +65400 +66000 1002 2003 0
a range +65400 +66000 1002 9002 0
a range +65400 +66000 1003 2013 0
a range +65400 +66000 1003 2008 0
a range +65400 +66000 1003 2009 0
a range +65400 +66000 2003 1002 0
a range +65400 +66000 2008 1003 0
a range +65400 +66000 2009 1003 0
a range +65400 +66000 2013 1003 0
a range +65400 +66000 2014 1001 0
a range +65400 +66000 2020 1001 0
a range +65400 +66000 9002 1002 0
a range +66000 +66600 1001 2001 0
a range +64800 +66600 1001 2011 0
a range +66000 +66600 1001 2020 0
a range +66000 +66600 1002 2024 0
a range +66000 +66600 1002 2018 0
a range +66000 +66600 1003 2016 0
a range +66000 +66600 1003 9003 0
a range +66000 +66600 1003 2008 0
a range +66000 +66600 2001 1001 0
a range +66000 +66600 2008 1003 0
a range +64800 +66600 2011 1001 0
a range +66000 +66600 2016 1003 0
a range +66000 +66600 2018 1002 0
a range +66000 +66600 2020 1001 0
a range +66000 +66600 2024 1002 0
a range +66000 +66600 9003 1003 0
a range +66600 +67200 1001 2011 0
a range +66600 +67200 1001 2003 0
a range +66600 +67200 1001 2019 0
a range +65400 +67200 1002 2004 0
a range +66600 +67200 1002 2008 0
a range +66600 +67200 1002 2020 0
a range +66600 +67200 1003 9003 0
a range +66600 +67200 1003 2009 0
a range +66600 +67200 2003 1001 0
a range +65400 +67200 2004 1002 0
a range +66600 +67200 2008 1002 0
a range +66600 +67200 2009 1003 0
a range +66600 +67200 2011 1001 0
a range +66600 +67200 2019 1001 0
a range +66600 +67200 2020 1002 0
a range +66600 +67200 9003 1003 0
a range +67200 +67800 1001 2002 0
a range +67200 +67800 1001 2011 0
a range +67200 +67800 1001 2016 0
a range +67200 +67800 1002 2020 0
a range +67200 +67800 1002 2003 0
a range +67200 +67800 1002 2022 0
a range +66600 +67800 1003 2015 0
a range +67200 +67800 2002 1001 0
a range +67200 +67800 2003 1002 0
a range +67200 +67800 2011 1001 0
a range +66600 +67800 2015 1003 0
a range +67200 +67800 2016 1001 0
a range +67200 +67800 2020 1002 0
a range +67200 +67800 2022 1002 0
a range +67800 +68400 1001 2004 0
a range +67800 +68400 1001 2006 0
a range +67800 +68400 1002 2016 0
a range +67800 +68400 1002 2017 0
a range +67800 +68400 1002 2013 0
a range +67200 +68400 1003 2018 0
a range +67200 +68400 1003 9001 0
a range +67800 +68400 1003 2012 0
a range +67800 +68400 2004 1001 0
a range +67800 +68400 2006 1001 0
a range +67800 +68400 2012 1003 0
a range +67800 +68400 2013 1002 0
a range +67800 +68400 2016 1002 0
a range +67800 +68400 2017 1002 0
a range +67200 +68400 2018 1003 0
a range +67200 +68400 9001 1003 0
a range +67800 +69000 1001 2022 0
a range +68400 +69000 1001 2023 0
a range +68400 +69000 1002 2024 0
a range +68400 +69000 1002 2009 0
a range +68400 +69000 1002 2004 0
a range +68400 +69000 1003 2020 0
a range +68400 +69000 1003 2002 0
a range +68400 +69000 1003 2021 0
a range +68400 +69000 2002 1003 0
a range +68400 +69000 2004 1002 0
a range +68400 +69000 2009 1002 0
a range +68400 +69000 2020 1003 0
a range +68400 +69000 2021 1003 0
a range +67800 +69000 2022 1001 0
a range +68400 +69000 2023 1001 0
a range +68400 +69000 2024 1002 0
a range +69000 +69600 1001 2017 0
a range +69000 +69600 1001 2019 0
a range +69000 +69600 1002 2022 0
a range +69000 +69600 1002 2013 0
a range +69000 +69600 1002 2006 0
a range +69000 +69600 1003 2014 0
a range +69000 +69600 1003 2007 0
a range +69000 +69600 2006 1002 0
a range +69000 +69600 2007 1003 0
a range +69000 +69600 2013 1002 0
a range +69000 +69600 2014 1003 0
a range +69000 +69600 2017 1001 0
a range +69000 +69600 2019 1001 0
a range +69000 +69600 2022 1002 0
a range +69600 +70200 1001 2022 0
a range +69000 +70200 1001 2004 0
a range +69600 +70200 1002 2014 0
a range +69600 +70200 1003 2009 0
a range +69600 +70200 1003 2002 0
a range +69000 +70200 1003 2005 0
a range +69600 +70200 2002 1003 0
a range +69000 +70200 2004 1001 0
a range +69000 +70200 2005 1003 0
a range +69600 +70200 2009 1003 0
a range +69600 +70200 2014 1002 0
a range +69600 +70200 2022 1001 0
a range +70200 +70800 1001 2005 0
a range +70200 +70800 1001 2014 0
a range +70200 +70800 1001 2023 0
a range +69600 +70800 1002 2007 0
a range +69600 +70800 1002 2006 0
a range +70200 +70800 1002 2002 0
a range +70200 +70800 1003 2008 0
a range +70200 +70800 1003 2022 0
a range +70200 +70800 1003 2004 0
a range +70200 +70800 2002 1002 0
a range +70200 +70800 2004 1003 0
a range +70200 +70800 2005 1001 0
a range +69600 +70800 2006 1002 0
a range +69600 +70800 2007 1002 0
a range +70200 +70800 2008 1003 0
a range +70200 +70800 2014 1001 0
a range +70200 +70800 2022 1003 0
a range +70200 +70800 2023 1001 0
a range +70800 +71400 1002 2002 0
a range +70800 +71400 1002 2023 0
a range +70800 +71400 1002 2020 0
a range +70800 +71400 1003 2017 0
a range +70800 +71400 1003 2007 0
a range +70800 +71400 2002 1002 0
a range +70800 +71400 2007 1003 0
a range +70800 +71400 2017 1003 0
a range +70800 +71400 2020 1002 0
a range +70800 +71400 2023 1002 0
a range +71400 +72000 1002 2007 0
a range +71400 +72000 1002 2020 0
a range +71400 +72000 1002 2002 0
a range +71400 +72000 1003 2014 0
a range +71400 +72000 1003 2001 0
a range +70800 +72000 1003 2003 0
a range +71400 +72000 2001 1003 0
a range +71400 +72000 2002 1002 0
a range +70800 +72000 2003 1003 0
a range +71400 +72000 2007 1002 0
a range +71400 +72000 2014 1003 0
a range +71400 +72000 2020 1002 0
a range +72000 +72600 1002 2022 0
a range +72000 +72600 1002 2002 0
a range +72000 +72600 1002 2009 0
a range +72000 +72600 1003 2019 0
a range +72000 +72600 1003 2021 0
a range +72000 +72600 1003 2023 0
a range +72000 +72600 2002 1002 0
a range +72000 +72600 2009 1002 0
a range +72000 +72600 2019 1003 0
a range +72000 +72600 2021 1003 0
a range +72000 +72600 2022 1002 0
a range +72000 +72600 2023 1003 0
a range +70800 +73200 1001 9002 0
a range +72600 +73200 1002 2006 0
a range +72600 +73200 1002 2005 0
a range +72600 +73200 1002 2021 0
a range +72600 +73200 1003 2002 0
a range +72600 +73200 1003 2008 0
a range +72600 +73200 2002 1003 0
a range +72600 +73200 2005 1002 0
a range +72600 +73200 2006 1002 0
a range +72600 +73200 2008 1003 0
a range +72600 +73200 2021 1002 0
a range +70800 +73200 9002 1001 0
a range +73200 +73800 1001 2021 0
a range +73200 +73800 1001 9003 0
a range +73200 +73800 1001 2002 0
a range +73200 +73800 1002 2008 0
a range +73200 +73800 1002 2010 0
a range +73200 +73800 1002 2016 0
a range +73200 +73800 1003 2007 0
a range +72600 +73800 1003 2019 0
a range +73200 +73800 1003 2001 0
a range +73200 +73800 2001 1003 0
a range +73200 +73800 2002 1001 0
a range +73200 +73800 2007 1003 0
a range +73200 +73800 2008 1002 0
a range +73200 +73800 2010 1002 0
a range +73200 +73800 2016 1002 0
a range +72600 +73800 2019 1003 0
a range +73200 +73800 2021 1001 0
a range +73200 +73800 9003 1001 0
a range +73800 +74400 1001 2023 0
a range +73800 +74400 1001 2010 0
a range +73800 +74400 1001 2014 0
a range +73800 +74400 1002 2024 0
a range +73800 +74400 1002 2009 0
a range +73800 +74400 1002 2007 0
a range +73800 +74400 1003 2016 0
a range +73800 +74400 1003 2003 0
a range +73800 +74400 1003 2005 0
a range +73800 +74400 2003 1003 0
a range +73800 +74400 2005 1003 0
a range +73800 +74400 2007 1002 0
a range +73800 +74400 2009 1002 0
a range +73800 +74400 2010 1001 0
a range +73800 +74400 2014 1001 0
a range +73800 +74400 2016 1003 0
a range +73800 +74400 2023 1001 0
a range +73800 +74400 2024 1002 0
a range +74400 +75000 1001 2001 0
a range +74400 +75000 1001 2022 0
a range +74400 +75000 1001 2006 0
a range +74400 +75000 1002 2013 0
a range +74400 +75000 1003 2012 0
a range +74400 +75000 1003 2004 0
a range +74400 +75000 1003 2017 0
a range +74400 +75000 2001 1001 0
a range +74400 +75000 2004 1003 0
a range +74400 +75000 2006 1001 0
a range +74400 +75000 2012 1003 0
a range +74400 +75000 2013 1002 0
a range +74400 +75000 2017 1003 0
a range +74400 +75000 2022 1001 0
a range +75000 +75600 1001 2022 0
a range +75000 +75600 1001 2003 0
a range +75000 +75600 1001 9003 0
a range +75000 +75600 1002 2012 0
a range +74400 +75600 1002 2015 0
a range +75000 +75600 1003 9002 0
a range +75000 +75600 1003 2007 0
a range +75000 +75600 2003 1001 0
a range +75000 +75600 2007 1003 0
a range +75000 +75600 2012 1002 0
a range +74400 +75600 2015 1002 0
a range +75000 +75600 2022 1001 0
a range +75000 +75600 9002 1003 0
a range +75000 +75600 9003 1001 0
a range +75600 +76200 1001 2005 0
a range +75600 +76200 1001 2016 0
a range +75600 +76200 1001 2019 0
a range +75600 +76200 1002 2015 0
a range +74400 +76200 1002 2018 0
a range +75600 +76200 1002 2023 0
a range +75000 +76200 1003 2020 0
a range +75600 +76200 1003 2013 0
a range +75600 +76200 1003 2008 0
a range +75600 +76200 2005 1001 0
a range +75600 +76200 2008 1003 0
a range +75600 +76200 2013 1003 0
a range +75600 +76200 2015 1002 0
a range +75600 +76200 2016 1001 0
a range +74400 +76200 2018 1002 0
a range +75600 +76200 2019 1001 0
a range +75000 +76200 2020 1003 0
a range +75600 +76200 2023 1002 0
a range +76200 +76800 1001 2013 0
a range +76200 +76800 1001 2022 0
a range +76200 +76800 1001 2018 0
a range +76200 +76800 1002 2016 0
a range +76200 +76800 1002 2004 0
a range +76200 +76800 1002 2006 0
a range +76200 +76800 1003 2002 0
a range +76200 +76800 1003 2007 0
a range +76200 +76800 1003 2020 0
a range +76200 +76800 2002 1003 0
a range +76200 +76800 2004 1002 0
a range +76200 +76800 2006 1002 0
a range +76200 +76800 2007 1003 0
a range +76200 +76800 2013 1001 0
a range +76200 +76800 2016 1002 0
a range +76200 +76800 2018 1001 0
a range +76200 +76800 2020 1003 0
a range +76200 +76800 2022 1001 0
a range +76800 +77400 1001 2015 0
a range +76800 +77400 1001 2017 0
a range +76800 +77400 1001 2023 0
a range +76800 +77400 1002 2008 0
a range +76800 +77400 1002 2014 0
a range +76800 +77400 1002 2020 0
a range +76800 +77400 1003 2019 0
a range +76800 +77400 1003 2005 0
a range +76800 +77400 1003 2006 0
a range +76800 +77400 2005 1003 0
a range +76800 +77400 2006 1003 0
a range +76800 +77400 2008 1002 0
a range +76800 +77400 2014 1002 0
a range +76800 +77400 2015 1001 0
a range +76800 +77400 2017 1001 0
a range +76800 +77400 2019 1003 0
a range +76800 +77400 2020 1002 0
a range +76800 +77400 2023 1001 0
a range +77400 +78000 1001 2017 0
a range +77400 +78000 1001 2003 0
a range +77400 +78000 1001 2006 0
a range +77400 +78000 1002 2011 0
a range +77400 +78000 1002 9001 0
a range +77400 +78000 1002 2021 0
a range +77400 +78000 1003 2009 0
a range +77400 +78000 1003 2023 0
a range +77400 +78000 1003 2013 0
a range +77400 +78000 2003 1001 0
a range +77400 +78000 2006 1001 0
a range +77400 +78000 2009 1003 0
a range +77400 +78000 2011 1002 0
a range +77400 +78000 2013 1003 0
a range +77400 +78000 2017 1001 0
a range +77400 +78000 2021 1002 0
a range +77400 +78000 2023 1003 0
a range +77400 +78000 9001 1002 0
a range +78000 +78600 1001 9003 0
a range +78000 +78600 1001 2013 0
a range +78000 +78600 1002 2003 0
a range +78000 +78600 1002 2024 0
a range +78000 +78600 1002 2005 0
a range +78000 +78600 1003 2014 0
a range +78000 +78600 1003 2015 0
a range +78000 +78600 1003 2017 0
a range +78000 +78600 2003 1002 0
a range +78000 +78600 2005 1002 0
a range +78000 +78600 2013 1001 0
a range +78000 +78600 2014 1003 0
a range +78000 +78600 2015 1003 0
a range +78000 +78600 2017 1003 0
a range +78000 +78600 2024 1002 0
a range +78000 +78600 9003 1001 0
a range +78600 +79200 1001 2018 0
a range +78600 +79200 1001 2007 0
a range +78600 +79200 1001 2021 0
a range +78600 +79200 1002 2002 0
a range +78600 +79200 1002 2022 0
a range +78600 +79200 1002 2024 0
a range +78600 +79200 1003 9002 0
a range +78600 +79200 2002 1002 0
a range +78600 +79200 2007 1001 0
a range +78600 +79200 2018 1001 0
a range +78600 +79200 2021 1001 0
a range +78600 +79200 2022 1002 0
a range +78600 +79200 2024 1002 0
a range +78600 +79200 9002 1003 0
a range +79200 +79800 1001 2010 0
a range +79200 +79800 1001 2024 0
a range +79200 +79800 1001 2007 0
a range +79200 +79800 1002 2004 0
a range +79200 +79800 1002 2018 0
a range +79200 +79800 1002 2012 0
a range +79200 +79800 2004 1002 0
a range +79200 +79800 2007 1001 0
a range +79200 +79800 2010 1001 0
a range +79200 +79800 2012 1002 0
a range +79200 +79800 2018 1002 0
a range +79200 +79800 2024 1001 0
a range +79800 +80400 1001 2008 0
a range +79800 +80400 1001 2012 0
a range +79800 +80400 1001 2005 0
a range +79800 +80400 1002 2020 0
a range +79800 +80400 1002 2024 0
a range +79800 +80400 1002 2011 0
a range +79800 +80400 2005 1001 0
a range +79800 +80400 2008 1001 0
a range +79800 +80400 2011 1002 0
a range +79800 +80400 2012 1001 0
a range +79800 +80400 2020 1002 0
a range +79800 +80400 2024 1002 0
a range +80400 +81000 1001 2002 0
a range +80400 +81000 1001 2024 0
a range +80400 +81000 1001 2017 0
a range +80400 +81000 1002 2001 0
a range +80400 +81000 1002 2020 0
a range +80400 +81000 1002 2014 0
a range +79800 +81000 1003 9003 0
a range +80400 +81000 2001 1002 0
a range +80400 +81000 2002 1001 0
a range +80400 +81000 2014 1002 0
a range +80400 +81000 2017 1001 0
a range +80400 +81000 2020 1002 0
a range +80400 +81000 2024 1001 0
a range +79800 +81000 9003 1003 0
a range +81000 +81600 1001 2023 0
a range +81000 +81600 1001 2008 0
a range +81000 +81600 1002 2010 0
a range +81000 +81600 1002 2019 0
a range +81000 +81600 1002 2018 0
a range +81000 +81600 1003 2013 0
a range +81000 +81600 1003 9003 0
a range +81000 +81600 1003 2017 0
a range +81000 +81600 2008 1001 0
a range +81000 +81600 2010 1002 0
a range +81000 +81600 2013 1003 0
a range +81000 +81600 2017 1003 0
a range +81000 +81600 2018 1002 0
a range +81000 +81600 2019 1002 0
a range +81000 +81600 2023 1001 0
a range +81000 +81600 9003 1003 0
a range +81000 +82200 1001 2004 0
a range +81600 +82200 1001 2017 0
a range +81600 +82200 1002 2008 0
a range +81600 +82200 1002 2020 0
a range +81600 +82200 1003 2012 0
a range +81000 +82200 2004 1001 0
a range +81600 +82200 2008 1002 0
a range +81600 +82200 2012 1003 0
a range +81600 +82200 2017 1001 0
a range +81600 +82200 2020 1002 0
a range +82200 +82800 1001 9001 0
a range +82200 +82800 1001 2012 0
a range +81600 +82800 1002 2021 0
a range +82200 +82800 1002 9002 0
a range +82200 +82800 1002 2004 0
a range +82200 +82800 1003 2013 0
a range +81600 +82800 1003 2015 0
a range +82200 +82800 2004 1002 0
a range +82200 +82800 2012 1001 0
a range +82200 +82800 2013 1003 0
a range +81600 +82800 2015 1003 0
a range +81600 +82800 2021 1002 0
a range +82200 +82800 9001 1001 0
a range +82200 +82800 9002 1002 0
a range +82800 +83400 1001 2010 0
a range +81600 +83400 1001 2018 0
a range +82800 +83400 1002 2014 0
a range +82800 +83400 1002 2002 0
a range +82800 +83400 1002 2009 0
a range +81600 +83400 1003 2016 0
a range +82800 +83400 1003 2005 0
a range +82800 +83400 1003 2012 0
a range +82800 +83400 2002 1002 0
a range +82800 +83400 2005 1003 0
a range +82800 +83400 2009 1002 0
a range +82800 +83400 2010 1001 0
a range +82800 +83400 2012 1003 0
a range +82800 +83400 2014 1002 0
a range +81600 +83400 2016 1003 0
a range +81600 +83400 2018 1001 0
a range +83400 +84000 1001 2013 0
a range +82800 +84000 1001 2007 0
a range +83400 +84000 1001 2024 0
a range +83400 +84000 1002 2003 0
a range +83400 +84000 1002 2023 0
a range +83400 +84000 1002 2015 0
a range +83400 +84000 1003 2009 0
a range +83400 +84000 1003 2001 0
a range +83400 +84000 2001 1003 0
a range +83400 +84000 2003 1002 0
a range +82800 +84000 2007 1001 0
a range +83400 +84000 2009 1003 0
a range +83400 +84000 2013 1001 0
a range +83400 +84000 2015 1002 0
a range +83400 +84000 2023 1002 0
a range +83400 +84000 2024 1001 0
a range +84000 +84600 1001 2018 0
a range +84000 +84600 1001 2013 0
a range +84000 +84600 1001 2017 0
a range +84000 +84600 1002 2004 0
a range +84000 +84600 1002 2006 0
a range +84000 +84600 1002 2001 0
a range +84000 +84600 1003 2002 0
a range +84000 +84600 1003 2010 0
a range +83400 +84600 1003 2011 0
a range +84000 +84600 2001 1002 0
a range +84000 +84600 2002 1003 0
a range +84000 +84600 2004 1002 0
a range +84000 +84600 2006 1002 0
a range +84000 +84600 2010 1003 0
a range +83400 +84600 2011 1003 0
a range +84000 +84600 2013 1001 0
a range +84000 +84600 2017 1001 0
a range +84000 +84600 2018 1001 0
a range +84600 +85200 1001 2009 0
a range +84600 +85200 1001 2007 0
a range +84600 +85200 1001 2004 0
a range +84600 +85200 1002 2010 0
a range +84600 +85200 1002 2003 0
a range +84600 +85200 1003 2023 0
a range +84600 +85200 1003 2017 0
a range +84600 +85200 2003 1002 0
a range +84600 +85200 2004 1001 0
a range +84600 +85200 2007 1001 0
a range +84600 +85200 2009 1001 0
a range +84600 +85200 2010 1002 0
a range +84600 +85200 2017 1003 0
a range +84600 +85200 2023 1003 0
a range +85200 +85800 1001 2007 0
a range +85200 +85800 1001 2024 0
a range +85200 +85800 1001 2003 0
a range +85200 +85800 1002 2011 0
a range +84600 +85800 1002 2002 0
a range +85200 +85800 1002 2023 0
a range +85200 +85800 1003 2016 0
a range +84600 +85800 1003 2022 0
a range +84600 +85800 2002 1002 0
a range +85200 +85800 2003 1001 0
a range +85200 +85800 2007 1001 0
a range +85200 +85800 2011 1002 0
a range +85200 +85800 2016 1003 0
a range +84600 +85800 2022 1003 0
a range +85200 +85800 2023 1002 0
a range +85200 +85800 2024 1001 0
a range +85800 +86400 1001 2004 0
a range +85800 +86400 1001 2005 0
a range +85800 +86400 1001 2007 0
a range +85800 +86400 1002 2017 0
a range +85800 +86400 1002 2018 0
a range +85800 +86400 1002 2019 0
a range +85800 +86400 1003 2012 0
a range +85800 +86400 1003 2014 0
a range +85800 +86400 1003 2009 0
a range +85800 +86400 2004 1001 0
a range +85800 +86400 2005 1001 0
a range +85800 +86400 2007 1001 0
a range +85800 +86400 2009 1003 0
a range +85800 +86400 2012 1003 0
a range +85800 +86400 2014 1003 0
a range +85800 +86400 2017 1002 0
a range +85800 +86400 2018 1002 0
a range +85800 +86400 2019 1002 0
