Algorithm,Scenario,Duration,Capacity,Wasted capacity
fcp,mars_earth_test_scenario,0.09135820483788848,36100000,134900000
random,mars_earth_test_scenario,0.021209205966442823,62200000,101600000
lls,mars_earth_test_scenario,0.027984457090497017,84000000,85900000
fcp,mars_earth_simple_scenario,1.2408212358132005,171000000,175400000
random,mars_earth_simple_scenario,1.1178935300558805,141000000,192800000
lls,mars_earth_simple_scenario,1.2060966449789703,172000000,174400000
fcp,mars_earth_scenario,215.84474106132984,276800000,406200000
random,mars_earth_scenario,504.2887949128635,223000000,453400000
lls,mars_earth_scenario,316.4055906510912,343200000,343400000
