Algorithm,Scenario,Duration,Capacity,Wasted capacity,Jain's fairness index
fcp,mars_earth_test_scenario,0.10117889100000355,36100000,134900000,0.9992208519563809
random,mars_earth_test_scenario,0.029763461000001712,62200000,101600000,0.9592672718216354
lls,mars_earth_test_scenario,0.03899746199999754,84000000,85900000,0.9985560553651949
fcp,mars_earth_simple_scenario,1.3684870230000001,171000000,175400000,0.9987771887637993
random,mars_earth_simple_scenario,1.0569252399999982,141000000,192800000,0.9534057239471762
lls,mars_earth_simple_scenario,1.1436677740000079,172000000,174400000,0.9980244621247287
fcp,mars_earth_scenario,199.593274285,276800000,406200000,0.999759813008004
random,mars_earth_scenario,434.12348842200004,223000000,453400000,0.9735980143430449
lls,mars_earth_scenario,276.36330975400006,343200000,343400000,0.9936771280497012
