a contact +0 +600 14 17 6250000
a contact +0 +600 15 16 6250000
a contact +600 +1200 4 2 6250000
a contact +600 +1200 9 3 6250000
a contact +600 +1200 10 3 6250000
a contact +600 +1200 11 2 6250000
a contact +600 +1200 12 1 6250000
a contact +600 +1200 13 1 6250000
a contact +600 +1200 14 16 6250000
a contact +600 +1200 15 17 6250000
a contact +1200 +1800 4 1 6250000
a contact +1200 +1800 5 16 6250000
a contact +1200 +1800 6 17 6250000
a contact +1200 +1800 11 3 6250000
a contact +1200 +1800 12 3 6250000
a contact +1200 +1800 13 2 6250000
a contact +1200 +1800 14 2 6250000
a contact +1200 +1800 15 1 6250000
a contact +1800 +2400 5 1 6250000
a contact +1800 +2400 7 16 6250000
a contact +1800 +2400 8 17 6250000
a contact +1800 +2400 11 3 6250000
a contact +1800 +2400 12 3 6250000
a contact +1800 +2400 13 2 6250000
a contact +1800 +2400 14 1 6250000
a contact +1800 +2400 15 2 6250000
a contact +2400 +3000 4 16 6250000
a contact +2400 +3000 6 1 6250000
a contact +2400 +3000 9 17 6250000
a contact +2400 +3000 11 2 6250000
a contact +2400 +3000 12 1 6250000
a contact +2400 +3000 13 3 6250000
a contact +2400 +3000 14 2 6250000
a contact +2400 +3000 15 3 6250000
a contact +3000 +3600 5 17 6250000
a contact +3000 +3600 6 1 6250000
a contact +3000 +3600 8 16 6250000
a contact +3000 +3600 11 1 6250000
a contact +3000 +3600 12 2 6250000
a contact +3000 +3600 13 3 6250000
a contact +3000 +3600 14 3 6250000
a contact +3000 +3600 15 2 6250000
a contact +3600 +4200 4 17 6250000
a contact +3600 +4200 7 1 6250000
a contact +3600 +4200 9 16 6250000
a contact +3600 +4200 10 2 6250000
a contact +3600 +4200 11 1 6250000
a contact +3600 +4200 12 2 6250000
a contact +3600 +4200 14 3 6250000
a contact +3600 +4200 15 3 6250000
a contact +4200 +4800 4 3 6250000
a contact +4200 +4800 6 16 6250000
a contact +4200 +4800 7 3 6250000
a contact +4200 +4800 8 2 6250000
a contact +4200 +4800 9 2 6250000
a contact +4200 +4800 10 1 6250000
a contact +4200 +4800 13 17 6250000
a contact +4200 +4800 15 1 6250000
a contact +4800 +5400 4 3 6250000
a contact +4800 +5400 7 3 6250000
a contact +4800 +5400 8 1 6250000
a contact +4800 +5400 9 2 6250000
a contact +4800 +5400 10 2 6250000
a contact +4800 +5400 11 16 6250000
a contact +4800 +5400 12 17 6250000
a contact +4800 +5400 14 1 6250000
a contact +5400 +6000 4 2 6250000
a contact +5400 +6000 5 2 6250000
a contact +5400 +6000 6 3 6250000
a contact +5400 +6000 7 1 6250000
a contact +5400 +6000 8 3 6250000
a contact +5400 +6000 9 1 6250000
a contact +5400 +6000 11 17 6250000
a contact +5400 +6000 13 16 6250000
a contact +6000 +6600 5 2 6250000
a contact +6000 +6600 6 3 6250000
a contact +6000 +6600 7 17 6250000
a contact +6000 +6600 8 2 6250000
a contact +6000 +6600 9 3 6250000
a contact +6000 +6600 10 1 6250000
a contact +6000 +6600 12 16 6250000
a contact +6000 +6600 13 1 6250000
a contact +6600 +7200 3 16 150000000
a contact +6600 +7200 5 1 6250000
a contact +6600 +7200 6 2 6250000
a contact +6600 +7200 7 2 6250000
a contact +6600 +7200 8 3 6250000
a contact +6600 +7200 9 1 6250000
a contact +6600 +7200 10 17 6250000
a contact +7200 +7800 4 1 6250000
a contact +7200 +7800 7 2 6250000
a contact +7200 +7800 8 1 6250000
a contact +7200 +7800 9 3 6250000
a contact +7200 +7800 10 16 6250000
a contact +7200 +7800 11 17 6250000
a contact +7200 +7800 15 3 6250000
a contact +7800 +8400 4 1 6250000
a contact +7800 +8400 5 3 6250000
a contact +7200 +8400 6 2 6250000
a contact +7800 +8400 10 3 6250000
a contact +7800 +8400 12 16 6250000
a contact +7800 +8400 13 17 6250000
a contact +7800 +8400 14 1 6250000
a contact +7800 +8400 15 2 6250000
a contact +8400 +9000 4 2 6250000
a contact +8400 +9000 5 3 6250000
a contact +8400 +9000 7 17 6250000
a contact +8400 +9000 8 16 6250000
a contact +8400 +9000 10 3 6250000
a contact +8400 +9000 13 2 6250000
a contact +8400 +9000 14 1 6250000
a contact +8400 +9000 15 1 6250000
a contact +9000 +9600 4 2 6250000
a contact +9000 +9600 5 3 6250000
a contact +9000 +9600 6 16 6250000
a contact +9000 +9600 7 2 6250000
a contact +9000 +9600 10 3 6250000
a contact +9000 +9600 12 17 6250000
a contact +9000 +9600 13 1 6250000
a contact +9000 +9600 15 1 6250000
a contact +9600 +10200 4 1 6250000
a contact +9600 +10200 5 1 6250000
a contact +9600 +10200 6 3 6250000
a contact +9600 +10200 9 16 6250000
a contact +9600 +10200 12 2 6250000
a contact +9600 +10200 13 3 6250000
a contact +9600 +10200 14 17 6250000
a contact +9600 +10200 15 2 6250000
a contact +10200 +10800 5 2 6250000
a contact +10200 +10800 7 1 6250000
a contact +10200 +10800 9 2 6250000
a contact +10200 +10800 10 17 6250000
a contact +10200 +10800 11 16 6250000
a contact +10200 +10800 12 1 6250000
a contact +10200 +10800 13 3 6250000
a contact +10200 +10800 14 3 6250000
a contact +10800 +11400 4 16 6250000
a contact +10800 +11400 5 2 6250000
a contact +10800 +11400 8 1 6250000
a contact +10800 +11400 11 1 6250000
a contact +10800 +11400 12 3 6250000
a contact +10800 +11400 13 2 6250000
a contact +10800 +11400 14 3 6250000
a contact +10800 +11400 15 17 6250000
a contact +11400 +12000 6 17 6250000
a contact +11400 +12000 7 16 6250000
a contact +11400 +12000 9 1 6250000
a contact +11400 +12000 10 2 6250000
a contact +11400 +12000 11 3 6250000
a contact +11400 +12000 12 3 6250000
a contact +11400 +12000 13 1 6250000
a contact +11400 +12000 14 2 6250000
a contact +12000 +12600 5 17 6250000
a contact +12000 +12600 7 1 6250000
a contact +12000 +12600 9 3 6250000
a contact +12000 +12600 10 2 6250000
a contact +12000 +12600 11 3 6250000
a contact +12000 +12600 12 1 6250000
a contact +12000 +12600 14 2 6250000
a contact +12000 +12600 15 16 6250000
a contact +12600 +13200 4 17 6250000
a contact +12600 +13200 6 3 6250000
a contact +12600 +13200 7 2 6250000
a contact +12600 +13200 8 3 6250000
a contact +12600 +13200 9 2 6250000
a contact +12600 +13200 10 1 6250000
a contact +12600 +13200 11 1 6250000
a contact +12600 +13200 13 16 6250000
a contact +13200 +13800 5 1 6250000
a contact +13200 +13800 6 2 6250000
a contact +13200 +13800 8 3 6250000
a contact +13200 +13800 9 17 6250000
a contact +13200 +13800 10 1 6250000
a contact +13200 +13800 11 2 6250000
a contact +13200 +13800 14 16 6250000
a contact +13200 +13800 15 3 6250000
a contact +13800 +14400 4 3 6250000
a contact +13800 +14400 5 3 6250000
a contact +13800 +14400 6 1 6250000
a contact +13800 +14400 8 17 6250000
a contact +13800 +14400 9 1 6250000
a contact +13800 +14400 10 16 6250000
a contact +13800 +14400 11 2 6250000
a contact +13800 +14400 12 2 6250000
a contact +14400 +15000 2 17 150000000
a contact +14400 +15000 2 16 150000000
a contact +14400 +15000 4 3 6250000
a contact +14400 +15000 5 3 6250000
a contact +14400 +15000 6 1 6250000
a contact +14400 +15000 8 1 6250000
a contact +15000 +15600 1 17 150000000
a contact +15000 +15600 4 3 6250000
a contact +15000 +15600 5 16 6250000
a contact +15000 +15600 7 3 6250000
a contact +15000 +15600 8 2 6250000
a contact +15000 +15600 10 2 6250000
a contact +15000 +15600 15 1 6250000
a contact +15600 +16200 3 17 150000000
a contact +15600 +16200 4 1 6250000
a contact +15600 +16200 7 3 6250000
a contact +15600 +16200 10 2 6250000
a contact +15600 +16200 15 1 6250000
a contact +16200 +16800 1 17 150000000
a contact +16200 +16800 4 1 6250000
a contact +16200 +16800 5 2 6250000
a contact +16200 +16800 7 3 6250000
a contact +15600 +16800 8 2 6250000
a contact +16200 +16800 14 3 6250000
a contact +16800 +17400 4 1 6250000
a contact +16800 +17400 6 1 6250000
a contact +16800 +17400 7 3 6250000
a contact +16800 +17400 14 3 6250000
a contact +17400 +18000 4 1 6250000
a contact +16800 +18000 5 2 6250000
a contact +17400 +18000 7 3 6250000
a contact +16800 +18000 8 2 6250000
a contact +17400 +18000 14 3 6250000
a contact +16800 +18000 15 17 6250000
a contact +18000 +18600 5 2 6250000
a contact +17400 +18600 6 1 6250000
a contact +18000 +18600 8 2 6250000
a contact +18000 +18600 9 3 6250000
a contact +18000 +18600 12 1 6250000
a contact +18000 +18600 15 3 6250000
a contact +18600 +19200 4 3 6250000
a contact +18600 +19200 6 1 6250000
a contact +18600 +19200 7 2 6250000
a contact +18600 +19200 11 2 6250000
a contact +18600 +19200 12 1 6250000
a contact +18000 +19200 13 17 6250000
a contact +18600 +19200 15 3 6250000
a contact +19200 +19800 4 2 6250000
a contact +19200 +19800 5 17 6250000
a contact +19200 +19800 6 3 6250000
a contact +19200 +19800 10 1 6250000
a contact +19200 +19800 13 3 6250000
a contact +19200 +19800 14 1 6250000
a contact +19200 +19800 15 2 6250000
a contact +19800 +20400 7 17 6250000
a contact +19800 +20400 8 3 6250000
a contact +19800 +20400 10 1 6250000
a contact +19800 +20400 12 2 6250000
a contact +19800 +20400 13 3 6250000
a contact +19800 +20400 14 1 6250000
a contact +19800 +20400 15 2 6250000
a contact +20400 +21000 4 17 6250000
a contact +20400 +21000 5 1 6250000
a contact +20400 +21000 10 3 6250000
a contact +20400 +21000 11 3 6250000
a contact +20400 +21000 12 2 6250000
a contact +20400 +21000 13 1 6250000
a contact +20400 +21000 14 2 6250000
a contact +21000 +21600 6 17 6250000
a contact +21000 +21600 7 1 6250000
a contact +21000 +21600 9 1 6250000
a contact +21000 +21600 10 3 6250000
a contact +21000 +21600 11 3 6250000
a contact +21000 +21600 13 2 6250000
a contact +21000 +21600 14 2 6250000
a contact +21600 +22200 6 3 6250000
a contact +21600 +22200 7 2 6250000
a contact +21600 +22200 8 1 6250000
a contact +21600 +22200 9 3 6250000
a contact +21600 +22200 11 1 6250000
a contact +21600 +22200 12 17 6250000
a contact +21600 +22200 13 2 6250000
a contact +22200 +22800 6 2 6250000
a contact +22200 +22800 7 1 6250000
a contact +22200 +22800 8 3 6250000
a contact +22200 +22800 9 1 6250000
a contact +22200 +22800 10 17 6250000
a contact +22200 +22800 11 2 6250000
a contact +22200 +22800 12 3 6250000
a contact +22800 +23400 3 17 150000000
a contact +22800 +23400 4 2 6250000
a contact +22800 +23400 6 2 6250000
a contact +22800 +23400 8 1 6250000
a contact +22800 +23400 11 1 6250000
a contact +22800 +23400 12 3 6250000
a contact +23400 +24000 2 17 150000000
a contact +23400 +24000 5 3 6250000
a contact +23400 +24000 7 1 6250000
a contact +23400 +24000 12 3 6250000
a contact +23400 +24000 13 1 6250000
a contact +23400 +24000 15 2 6250000
a contact +24000 +24600 4 3 6250000
a contact +24000 +24600 5 1 6250000
a contact +24000 +24600 8 17 6250000
a contact +24000 +24600 9 2 6250000
a contact +24000 +24600 12 3 6250000
a contact +24000 +24600 14 1 6250000
a contact +24000 +24600 15 2 6250000
a contact +24600 +25200 4 3 6250000
a contact +24600 +25200 5 1 6250000
a contact +24600 +25200 6 2 6250000
a contact +24600 +25200 9 2 6250000
a contact +24600 +25200 11 17 6250000
a contact +24600 +25200 13 3 6250000
a contact +24600 +25200 15 1 6250000
a contact +25200 +25800 5 1 6250000
a contact +25200 +25800 6 2 6250000
a contact +25200 +25800 7 1 6250000
a contact +25200 +25800 8 3 6250000
a contact +25200 +25800 9 2 6250000
a contact +25200 +25800 13 3 6250000
a contact +25200 +25800 14 17 6250000
a contact +25800 +26400 8 3 6250000
a contact +25800 +26400 9 17 6250000
a contact +25800 +26400 10 2 6250000
a contact +25800 +26400 11 2 6250000
a contact +25800 +26400 12 1 6250000
a contact +25800 +26400 14 1 6250000
a contact +25800 +26400 15 3 6250000
a contact +26400 +27000 1 17 150000000
a contact +26400 +27000 6 3 6250000
a contact +26400 +27000 7 2 6250000
a contact +26400 +27000 8 1 6250000
a contact +26400 +27000 10 2 6250000
a contact +26400 +27000 15 3 6250000
a contact +27000 +27600 5 3 6250000
a contact +27000 +27600 7 2 6250000
a contact +27000 +27600 8 1 6250000
a contact +27000 +27600 10 2 6250000
a contact +27000 +27600 11 3 6250000
a contact +27000 +27600 13 1 6250000
a contact +27000 +28200 4 17 6250000
a contact +27600 +28200 7 2 6250000
a contact +27600 +28200 9 3 6250000
a contact +27600 +28200 10 2 6250000
a contact +27600 +28200 11 3 6250000
a contact +27600 +28200 13 1 6250000
a contact +27600 +28200 15 1 6250000
a contact +28200 +28800 4 2 6250000
a contact +28200 +28800 5 17 6250000
a contact +28200 +28800 7 3 6250000
a contact +28200 +28800 9 1 6250000
a contact +28200 +28800 10 3 6250000
a contact +28200 +28800 12 1 6250000
a contact +28200 +28800 14 2 6250000
a contact +28800 +29400 6 3 6250000
a contact +28800 +29400 8 17 6250000
a contact +28800 +29400 9 1 6250000
a contact +28800 +29400 10 3 6250000
a contact +28800 +29400 11 1 6250000
a contact +28800 +29400 12 2 6250000
a contact +28800 +29400 14 2 6250000
a contact +29400 +30000 7 17 6250000
a contact +29400 +30000 9 3 6250000
a contact +29400 +30000 10 1 6250000
a contact +29400 +30000 11 1 6250000
a contact +29400 +30000 12 2 6250000
a contact +29400 +30000 13 2 6250000
a contact +29400 +30000 14 3 6250000
a contact +30000 +30600 3 17 150000000
a contact +30000 +30600 4 18 6250000
a contact +30000 +30600 5 3 6250000
a contact +30000 +30600 9 2 6250000
a contact +30000 +30600 10 1 6250000
a contact +30000 +30600 13 2 6250000
a contact +30000 +30600 14 1 6250000
a contact +30600 +31200 4 2 6250000
a contact +30600 +31200 5 3 6250000
a contact +30600 +31200 6 18 6250000
a contact +30600 +31200 11 2 6250000
a contact +30600 +31200 12 17 6250000
a contact +30600 +31200 13 1 6250000
a contact +30600 +31200 14 1 6250000
a contact +30600 +31200 15 3 6250000
a contact +31200 +31800 2 17 150000000
a contact +31200 +31800 4 2 6250000
a contact +31200 +31800 5 3 6250000
a contact +31200 +31800 10 18 6250000
a contact +31200 +31800 12 1 6250000
a contact +31200 +31800 13 1 6250000
a contact +31200 +31800 15 3 6250000
a contact +31800 +32400 1 17 150000000
a contact +31800 +32400 4 2 6250000
a contact +31800 +32400 5 1 6250000
a contact +31800 +32400 8 2 6250000
a contact +31800 +32400 11 3 6250000
a contact +31800 +32400 14 3 6250000
a contact +32400 +33000 4 2 6250000
a contact +32400 +33000 5 1 6250000
a contact +32400 +33000 6 1 6250000
a contact +32400 +33000 8 2 6250000
a contact +32400 +33000 11 3 6250000
a contact +32400 +33000 14 3 6250000
a contact +33000 +33600 4 2 6250000
a contact +33000 +33600 5 1 6250000
a contact +33000 +33600 6 1 6250000
a contact +33000 +33600 8 2 6250000
a contact +31800 +33600 9 18 6250000
a contact +33000 +33600 11 3 6250000
a contact +33000 +33600 14 3 6250000
a contact +33600 +34200 4 2 6250000
a contact +33600 +34200 5 1 6250000
a contact +33600 +34200 6 1 6250000
a contact +33600 +34200 8 2 6250000
a contact +32400 +34200 10 17 6250000
a contact +33600 +34200 11 3 6250000
a contact +33600 +34200 14 3 6250000
a contact +34200 +34800 4 2 6250000
a contact +34200 +34800 5 1 6250000
a contact +34200 +34800 6 1 6250000
a contact +34200 +34800 8 2 6250000
a contact +34200 +34800 11 3 6250000
a contact +34200 +34800 14 3 6250000
a contact +34800 +35400 5 1 6250000
a contact +34800 +35400 6 1 6250000
a contact +34800 +35400 8 2 6250000
a contact +34800 +35400 11 3 6250000
a contact +34800 +35400 12 2 6250000
a contact +34800 +35400 14 3 6250000
a contact +33600 +35400 15 18 6250000
a contact +35400 +36000 4 1 6250000
a contact +35400 +36000 6 1 6250000
a contact +35400 +36000 7 3 6250000
a contact +34200 +36000 9 17 6250000
a contact +35400 +36000 10 3 6250000
a contact +35400 +36000 12 2 6250000
a contact +35400 +36000 14 2 6250000
a contact +36000 +36600 4 1 6250000
a contact +36000 +36600 5 2 6250000
a contact +36000 +36600 6 3 6250000
a contact +36000 +36600 8 3 6250000
a contact +35400 +36600 13 18 6250000
a contact +36000 +36600 14 2 6250000
a contact +36000 +36600 15 1 6250000
a contact +36600 +37200 4 1 6250000
a contact +36600 +37200 6 2 6250000
a contact +36600 +37200 7 2 6250000
a contact +36600 +37200 9 3 6250000
a contact +36000 +37200 11 17 6250000
a contact +36600 +37200 12 18 6250000
a contact +36600 +37200 13 3 6250000
a contact +36600 +37200 15 1 6250000
a contact +37200 +37800 4 3 6250000
a contact +37200 +37800 5 18 6250000
a contact +37200 +37800 8 1 6250000
a contact +37200 +37800 9 1 6250000
a contact +37200 +37800 11 2 6250000
a contact +37200 +37800 13 3 6250000
a contact +37200 +37800 14 17 6250000
a contact +37200 +37800 15 2 6250000
a contact +37800 +38400 4 3 6250000
a contact +37800 +38400 5 2 6250000
a contact +37800 +38400 7 18 6250000
a contact +37800 +38400 8 1 6250000
a contact +37800 +38400 9 1 6250000
a contact +37800 +38400 12 3 6250000
a contact +37800 +38400 15 2 6250000
a contact +37800 +39000 6 17 6250000
a contact +38400 +39000 7 1 6250000
a contact +38400 +39000 9 2 6250000
a contact +38400 +39000 10 3 6250000
a contact +38400 +39000 11 1 6250000
a contact +38400 +39000 12 3 6250000
a contact +38400 +39000 13 2 6250000
a contact +38400 +39000 14 18 6250000
a contact +39000 +39600 5 17 6250000
a contact +39000 +39600 6 2 6250000
a contact +39000 +39600 7 3 6250000
a contact +39000 +39600 8 18 6250000
a contact +39000 +39600 9 3 6250000
a contact +39000 +39600 10 1 6250000
a contact +39000 +39600 12 1 6250000
a contact +39000 +39600 13 2 6250000
a contact +39600 +40200 2 17 150000000
a contact +39600 +40200 6 3 6250000
a contact +39600 +40200 8 3 6250000
a contact +39600 +40200 9 2 6250000
a contact +39600 +40200 10 1 6250000
a contact +39600 +40200 11 1 6250000
a contact +39600 +40200 14 18 6250000
a contact +40200 +40800 3 17 150000000
a contact +40200 +40800 4 3 6250000
a contact +40200 +40800 5 2 6250000
a contact +40200 +40800 7 1 6250000
a contact +40200 +40800 9 2 6250000
a contact +40200 +40800 11 18 6250000
a contact +40200 +40800 15 1 6250000
a contact +40800 +41400 4 3 6250000
a contact +40800 +41400 5 2 6250000
a contact +40800 +41400 6 18 6250000
a contact +40800 +41400 7 1 6250000
a contact +40800 +41400 8 17 6250000
a contact +40800 +41400 11 2 6250000
a contact +40800 +41400 13 3 6250000
a contact +40800 +41400 15 1 6250000
a contact +41400 +42000 4 1 6250000
a contact +41400 +42000 7 1 6250000
a contact +41400 +42000 9 2 6250000
a contact +41400 +42000 10 3 6250000
a contact +41400 +42000 11 2 6250000
a contact +41400 +42000 12 18 6250000
a contact +41400 +42000 13 3 6250000
a contact +41400 +42000 14 17 6250000
a contact +42000 +42600 6 3 6250000
a contact +42000 +42600 8 18 6250000
a contact +42000 +42600 9 1 6250000
a contact +42000 +42600 10 3 6250000
a contact +42000 +42600 11 2 6250000
a contact +42000 +42600 12 17 6250000
a contact +42000 +42600 14 1 6250000
a contact +42000 +42600 15 2 6250000
a contact +42600 +43200 4 18 6250000
a contact +42600 +43200 6 3 6250000
a contact +42600 +43200 7 3 6250000
a contact +42600 +43200 8 1 6250000
a contact +42600 +43200 13 2 6250000
a contact +42600 +43200 14 1 6250000
a contact +42600 +43200 15 2 6250000
a contact +43200 +43800 5 3 6250000
a contact +43200 +43800 7 3 6250000
a contact +43200 +43800 8 1 6250000
a contact +43200 +43800 10 18 6250000
a contact +43200 +43800 11 1 6250000
a contact +43200 +43800 12 2 6250000
a contact +43200 +43800 13 2 6250000
a contact +43800 +44400 5 3 6250000
a contact +43800 +44400 7 18 6250000
a contact +43800 +44400 10 1 6250000
a contact +43800 +44400 12 2 6250000
a contact +43800 +44400 13 1 6250000
a contact +43800 +44400 14 2 6250000
a contact +43800 +44400 15 3 6250000
a contact +44400 +45000 7 2 6250000
a contact +44400 +45000 8 3 6250000
a contact +44400 +45000 11 18 6250000
a contact +44400 +45000 12 1 6250000
a contact +44400 +45000 13 1 6250000
a contact +44400 +45000 14 2 6250000
a contact +44400 +45000 15 3 6250000
a contact +45000 +45600 5 18 6250000
a contact +45000 +45600 6 2 6250000
a contact +45000 +45600 7 2 6250000
a contact +45000 +45600 9 3 6250000
a contact +45000 +45600 10 1 6250000
a contact +45000 +45600 11 1 6250000
a contact +45000 +45600 12 3 6250000
a contact +45600 +46200 1 18 150000000
a contact +45600 +46200 5 2 6250000
a contact +45600 +46200 6 2 6250000
a contact +45600 +46200 8 3 6250000
a contact +45600 +46200 9 3 6250000
a contact +45600 +46200 12 1 6250000
a contact +46200 +46800 4 18 6250000
a contact +46200 +46800 6 2 6250000
a contact +46200 +46800 9 1 6250000
a contact +46200 +46800 12 3 6250000
a contact +46200 +46800 13 3 6250000
a contact +46200 +46800 14 2 6250000
a contact +46200 +46800 15 1 6250000
a contact +46800 +47400 3 18 150000000
a contact +46800 +47400 5 3 6250000
a contact +46800 +47400 9 1 6250000
a contact +46800 +47400 10 2 6250000
a contact +46800 +47400 14 2 6250000
a contact +46800 +47400 15 1 6250000
a contact +47400 +48000 4 1 6250000
a contact +47400 +48000 5 3 6250000
a contact +47400 +48000 6 3 6250000
a contact +47400 +48000 10 2 6250000
a contact +47400 +48000 12 1 6250000
a contact +47400 +48000 15 2 6250000
a contact +48000 +48600 4 1 6250000
a contact +48000 +48600 5 3 6250000
a contact +48000 +48600 6 3 6250000
a contact +48000 +48600 7 1 6250000
a contact +48000 +48600 12 2 6250000
a contact +47400 +48600 13 18 6250000
a contact +48000 +48600 15 2 6250000
a contact +48600 +49200 7 1 6250000
a contact +48600 +49200 8 18 6250000
a contact +48600 +49200 9 3 6250000
a contact +48600 +49200 10 3 6250000
a contact +48600 +49200 11 1 6250000
a contact +48600 +49200 12 2 6250000
a contact +48600 +49200 13 2 6250000
a contact +49200 +49800 5 18 6250000
a contact +49200 +49800 8 1 6250000
a contact +49200 +49800 9 3 6250000
a contact +49200 +49800 10 3 6250000
a contact +49200 +49800 11 2 6250000
a contact +49200 +49800 13 2 6250000
a contact +49200 +49800 14 1 6250000
a contact +49800 +50400 4 3 6250000
a contact +49800 +50400 6 18 6250000
a contact +49800 +50400 9 2 6250000
a contact +49800 +50400 11 2 6250000
a contact +49800 +50400 13 1 6250000
a contact +49800 +50400 14 1 6250000
a contact +49800 +50400 15 3 6250000
a contact +50400 +51000 4 3 6250000
a contact +50400 +51000 7 18 6250000
a contact +50400 +51000 8 1 6250000
a contact +50400 +51000 9 2 6250000
a contact +50400 +51000 10 2 6250000
a contact +50400 +51000 13 1 6250000
a contact +50400 +51000 15 3 6250000
a contact +51000 +51600 6 2 6250000
a contact +51000 +51600 7 2 6250000
a contact +51000 +51600 8 3 6250000
a contact +51000 +51600 9 1 6250000
a contact +51000 +51600 10 1 6250000
a contact +51000 +51600 11 18 6250000
a contact +51000 +51600 12 3 6250000
a contact +51600 +52200 4 1 6250000
a contact +51600 +52200 7 2 6250000
a contact +51600 +52200 8 3 6250000
a contact +51600 +52200 10 2 6250000
a contact +51600 +52200 11 1 6250000
a contact +51600 +52200 12 3 6250000
a contact +51600 +52200 14 18 6250000
a contact +52200 +52800 2 18 150000000
a contact +52200 +52800 5 2 6250000
a contact +52200 +52800 6 16 6250000
a contact +52200 +52800 7 3 6250000
a contact +52200 +52800 10 1 6250000
a contact +52200 +52800 13 3 6250000
a contact +52200 +52800 15 1 6250000
a contact +52800 +53400 1 18 150000000
a contact +52800 +53400 1 16 150000000
a contact +52800 +53400 4 2 6250000
a contact +52800 +53400 5 2 6250000
a contact +52800 +53400 7 3 6250000
a contact +52800 +53400 13 3 6250000
a contact +53400 +54000 4 2 6250000
a contact +53400 +54000 5 2 6250000
a contact +53400 +54000 6 3 6250000
a contact +53400 +54000 8 1 6250000
a contact +53400 +54000 9 1 6250000
a contact +53400 +54000 14 3 6250000
a contact +54000 +54600 4 3 6250000
a contact +54000 +54600 6 3 6250000
a contact +54000 +54600 8 1 6250000
a contact +54000 +54600 9 1 6250000
a contact +53400 +54600 12 18 6250000
a contact +54000 +54600 13 2 6250000
a contact +54000 +54600 14 2 6250000
a contact +53400 +54600 15 16 6250000
a contact +54600 +55200 5 1 6250000
a contact +54600 +55200 6 2 6250000
a contact +54600 +55200 7 3 6250000
a contact +54600 +55200 10 18 6250000
a contact +54600 +55200 11 1 6250000
a contact +54600 +55200 12 16 6250000
a contact +54600 +55200 14 2 6250000
a contact +54600 +55200 15 3 6250000
a contact +55200 +55800 3 18 150000000
a contact +55200 +55800 4 16 6250000
a contact +55200 +55800 5 1 6250000
a contact +55200 +55800 6 2 6250000
a contact +55200 +55800 11 3 6250000
a contact +55200 +55800 12 1 6250000
a contact +55200 +55800 15 2 6250000
a contact +55800 +56400 2 16 150000000
a contact +55800 +56400 2 18 150000000
a contact +55800 +56400 7 3 6250000
a contact +55800 +56400 11 3 6250000
a contact +55800 +56400 12 1 6250000
a contact +55800 +56400 14 1 6250000
a contact +56400 +57000 7 3 6250000
a contact +56400 +57000 8 2 6250000
a contact +56400 +57000 11 3 6250000
a contact +56400 +57000 12 1 6250000
a contact +56400 +57000 13 2 6250000
a contact +56400 +57000 14 1 6250000
a contact +57000 +57600 7 3 6250000
a contact +57000 +57600 8 2 6250000
a contact +57000 +57600 11 3 6250000
a contact +57000 +57600 12 1 6250000
a contact +57000 +57600 13 2 6250000
a contact +57000 +57600 14 1 6250000
a contact +57600 +58200 6 1 6250000
a contact +57600 +58200 7 3 6250000
a contact +57600 +58200 8 2 6250000
a contact +57600 +58200 11 3 6250000
a contact +57600 +58200 12 1 6250000
a contact +57600 +58200 13 2 6250000
a contact +56400 +58800 4 18 6250000
a contact +58200 +58800 6 1 6250000
a contact +58200 +58800 8 2 6250000
a contact +56400 +58800 10 16 6250000
a contact +58200 +58800 11 3 6250000
a contact +58200 +58800 12 1 6250000
a contact +58200 +58800 13 2 6250000
a contact +58800 +59400 6 1 6250000
a contact +58200 +59400 7 3 6250000
a contact +58800 +59400 8 2 6250000
a contact +58800 +59400 9 3 6250000
a contact +58800 +59400 12 1 6250000
a contact +58800 +59400 13 2 6250000
a contact +59400 +60000 6 1 6250000
a contact +59400 +60000 7 3 6250000
a contact +59400 +60000 8 2 6250000
a contact +59400 +60000 12 1 6250000
a contact +59400 +60000 13 2 6250000
a contact +60000 +60600 6 1 6250000
a contact +60000 +60600 8 2 6250000
a contact +59400 +60600 9 3 6250000
a contact +60000 +60600 10 3 6250000
a contact +60000 +60600 12 1 6250000
a contact +60000 +60600 13 2 6250000
a contact +58800 +61200 5 18 6250000
a contact +60600 +61200 8 2 6250000
a contact +60600 +61200 9 3 6250000
a contact +60600 +61200 10 3 6250000
a contact +58800 +61200 14 16 6250000
a contact +60600 +61200 15 2 6250000
a contact +60600 +61800 4 1 6250000
a contact +60600 +61800 6 1 6250000
a contact +61200 +61800 7 2 6250000
a contact +61200 +61800 8 3 6250000
a contact +61200 +61800 14 3 6250000
a contact +61200 +61800 15 2 6250000
a contact +61800 +62400 4 1 6250000
a contact +61800 +62400 5 3 6250000
a contact +61800 +62400 6 1 6250000
a contact +61800 +62400 7 2 6250000
a contact +61800 +62400 8 3 6250000
a contact +61800 +62400 9 2 6250000
a contact +61200 +62400 11 18 6250000
a contact +61200 +62400 13 16 6250000
a contact +62400 +63000 4 3 6250000
a contact +62400 +63000 7 2 6250000
a contact +62400 +63000 9 2 6250000
a contact +62400 +63000 10 1 6250000
a contact +62400 +63000 11 16 6250000
a contact +62400 +63000 12 3 6250000
a contact +62400 +63000 14 18 6250000
a contact +62400 +63000 15 1 6250000
a contact +63000 +63600 6 18 6250000
a contact +63000 +63600 7 2 6250000
a contact +63000 +63600 8 16 6250000
a contact +63000 +63600 9 2 6250000
a contact +63000 +63600 10 1 6250000
a contact +63000 +63600 12 3 6250000
a contact +63000 +63600 13 1 6250000
a contact +63000 +63600 15 3 6250000
a contact +63600 +64200 4 3 6250000
a contact +63600 +64200 5 16 6250000
a contact +63600 +64200 7 1 6250000
a contact +63600 +64200 8 18 6250000
a contact +63600 +64200 10 2 6250000
a contact +63600 +64200 11 1 6250000
a contact +63600 +64200 12 2 6250000
a contact +63600 +64200 13 3 6250000
a contact +64200 +64800 4 3 6250000
a contact +64200 +64800 5 3 6250000
a contact +64200 +64800 7 1 6250000
a contact +64200 +64800 9 16 6250000
a contact +64200 +64800 12 2 6250000
a contact +64200 +64800 13 1 6250000
a contact +64200 +64800 15 18 6250000
a contact +64800 +65400 5 3 6250000
a contact +64800 +65400 7 16 6250000
a contact +64800 +65400 8 3 6250000
a contact +64800 +65400 9 18 6250000
a contact +64200 +65400 10 2 6250000
a contact +64800 +65400 11 2 6250000
a contact +64800 +65400 14 1 6250000
a contact +64800 +65400 15 1 6250000
a contact +65400 +66000 5 1 6250000
a contact +65400 +66000 6 16 6250000
a contact +65400 +66000 7 18 6250000
a contact +65400 +66000 10 2 6250000
a contact +65400 +66000 11 2 6250000
a contact +65400 +66000 12 3 6250000
a contact +65400 +66000 14 3 6250000
a contact +65400 +66000 15 1 6250000
a contact +66000 +66600 4 2 6250000
a contact +66000 +66600 6 3 6250000
a contact +66000 +66600 7 1 6250000
a contact +66000 +66600 9 16 6250000
a contact +66000 +66600 11 2 6250000
a contact +66000 +66600 13 1 6250000
a contact +66000 +66600 15 3 6250000
a contact +66600 +67200 4 2 6250000
a contact +66600 +67200 5 16 6250000
a contact +66600 +67200 8 1 6250000
a contact +66600 +67200 9 1 6250000
a contact +66000 +67200 10 18 6250000
a contact +66600 +67200 11 2 6250000
a contact +66600 +67200 12 3 6250000
a contact +66600 +67200 15 3 6250000
a contact +67200 +67800 5 1 6250000
a contact +67200 +67800 6 2 6250000
a contact +67200 +67800 7 16 6250000
a contact +67200 +67800 8 3 6250000
a contact +67200 +67800 9 1 6250000
a contact +67200 +67800 10 3 6250000
a contact +67200 +67800 13 18 6250000
a contact +67200 +67800 14 2 6250000
a contact +67800 +68400 6 2 6250000
a contact +67800 +68400 7 1 6250000
a contact +67800 +68400 10 3 6250000
a contact +67800 +68400 11 16 6250000
a contact +67800 +68400 12 18 6250000
a contact +67800 +68400 13 1 6250000
a contact +67800 +68400 14 3 6250000
a contact +67800 +68400 15 2 6250000
a contact +68400 +69000 4 16 6250000
a contact +68400 +69000 5 2 6250000
a contact +68400 +69000 6 3 6250000
a contact +68400 +69000 8 1 6250000
a contact +68400 +69000 9 18 6250000
a contact +68400 +69000 10 1 6250000
a contact +68400 +69000 14 2 6250000
a contact +68400 +69000 15 3 6250000
a contact +69000 +69600 1 16 150000000
a contact +69000 +69600 4 3 6250000
a contact +69000 +69600 7 18 6250000
a contact +69000 +69600 9 2 6250000
a contact +69000 +69600 10 1 6250000
a contact +69000 +69600 12 2 6250000
a contact +69000 +69600 13 3 6250000
a contact +69600 +70200 3 18 150000000
a contact +69600 +70200 4 2 6250000
a contact +69600 +70200 5 1 6250000
a contact +69600 +70200 10 1 6250000
a contact +69600 +70200 12 2 6250000
a contact +69600 +70200 13 3 6250000
a contact +70200 +70800 6 2 6250000
a contact +69600 +70800 8 16 6250000
a contact +70200 +70800 9 3 6250000
a contact +70200 +70800 13 3 6250000
a contact +70200 +70800 15 2 6250000
a contact +70200 +71400 5 1 6250000
a contact +70800 +71400 6 3 6250000
a contact +70800 +71400 7 2 6250000
a contact +70200 +71400 10 1 6250000
a contact +70800 +71400 13 3 6250000
a contact +70200 +71400 14 18 6250000
a contact +70800 +71400 15 2 6250000
a contact +71400 +72000 4 3 6250000
a contact +71400 +72000 5 3 6250000
a contact +71400 +72000 8 18 6250000
a contact +71400 +72000 9 1 6250000
a contact +71400 +72000 10 2 6250000
a contact +71400 +72000 11 1 6250000
a contact +70800 +72000 12 16 6250000
a contact +71400 +72000 14 2 6250000
a contact +72000 +72600 6 16 6250000
a contact +72000 +72600 7 2 6250000
a contact +72000 +72600 10 2 6250000
a contact +72000 +72600 11 1 6250000
a contact +72000 +72600 12 3 6250000
a contact +72000 +72600 13 1 6250000
a contact +72000 +72600 14 3 6250000
a contact +72000 +72600 15 18 6250000
a contact +72600 +73200 4 2 6250000
a contact +72600 +73200 5 2 6250000
a contact +72600 +73200 6 18 6250000
a contact +72600 +73200 9 16 6250000
a contact +72600 +73200 11 1 6250000
a contact +72600 +73200 12 3 6250000
a contact +72600 +73200 13 1 6250000
a contact +72600 +73200 14 3 6250000
a contact +73200 +73800 2 18 150000000
a contact +73200 +73800 2 16 150000000
a contact +73200 +73800 4 1 6250000
a contact +73200 +73800 9 3 6250000
a contact +73200 +73800 10 3 6250000
a contact +73200 +73800 15 1 6250000
a contact +73800 +74400 3 16 150000000
a contact +73800 +74400 3 18 150000000
a contact +73800 +74400 6 2 6250000
a contact +73800 +74400 7 1 6250000
a contact +73800 +74400 9 2 6250000
a contact +73800 +74400 15 1 6250000
a contact +74400 +75000 6 2 6250000
a contact +74400 +75000 7 1 6250000
a contact +74400 +75000 8 3 6250000
a contact +74400 +75000 9 2 6250000
a contact +74400 +75000 10 3 6250000
a contact +74400 +75000 11 18 6250000
a contact +74400 +75000 13 16 6250000
a contact +74400 +75000 14 1 6250000
a contact +75000 +75600 1 18 150000000
a contact +75000 +75600 4 3 6250000
a contact +75000 +75600 5 2 6250000
a contact +75000 +75600 8 3 6250000
a contact +75000 +75600 9 2 6250000
a contact +75000 +75600 11 1 6250000
a contact +75600 +76200 4 3 6250000
a contact +75600 +76200 8 3 6250000
a contact +75600 +76200 11 1 6250000
a contact +75600 +76200 14 1 6250000
a contact +76200 +76800 4 3 6250000
a contact +75600 +76800 5 2 6250000
a contact +76200 +76800 8 3 6250000
a contact +75600 +76800 9 2 6250000
a contact +76200 +76800 11 1 6250000
a contact +76200 +76800 14 1 6250000
a contact +76800 +77400 4 3 6250000
a contact +76800 +77400 5 2 6250000
a contact +76800 +77400 8 3 6250000
a contact +76800 +77400 9 2 6250000
a contact +76800 +77400 11 1 6250000
a contact +76800 +77400 14 1 6250000
a contact +77400 +78000 4 3 6250000
a contact +77400 +78000 5 2 6250000
a contact +77400 +78000 8 3 6250000
a contact +77400 +78000 9 2 6250000
a contact +77400 +78000 11 1 6250000
a contact +77400 +78000 14 1 6250000
a contact +75000 +78000 15 16 6250000
a contact +78000 +78600 4 3 6250000
a contact +78000 +78600 5 2 6250000
a contact +75600 +78600 6 18 6250000
a contact +78000 +78600 8 3 6250000
a contact +78000 +78600 9 2 6250000
a contact +78000 +78600 11 1 6250000
a contact +78000 +78600 14 1 6250000
a contact +78600 +79200 4 3 6250000
a contact +78600 +79200 5 2 6250000
a contact +78600 +79200 8 3 6250000
a contact +78600 +79200 9 2 6250000
a contact +78600 +79200 11 1 6250000
a contact +78600 +79200 14 1 6250000
a contact +79200 +79800 4 3 6250000
a contact +79200 +79800 8 3 6250000
a contact +79200 +79800 9 2 6250000
a contact +79200 +79800 14 1 6250000
a contact +79200 +79800 15 1 6250000
a contact +79200 +80400 5 2 6250000
a contact +79800 +80400 6 3 6250000
a contact +79800 +80400 8 3 6250000
a contact +79800 +80400 11 2 6250000
a contact +79800 +80400 14 1 6250000
a contact +79800 +80400 15 1 6250000
a contact +80400 +81000 6 3 6250000
a contact +80400 +81000 8 3 6250000
a contact +80400 +81000 14 1 6250000
a contact +80400 +81000 15 1 6250000
a contact +80400 +81600 5 2 6250000
a contact +78000 +81600 7 16 6250000
a contact +81000 +81600 8 1 6250000
a contact +81000 +81600 9 1 6250000
a contact +80400 +81600 11 2 6250000
a contact +81000 +81600 12 3 6250000
a contact +78600 +81600 13 17 6250000
a contact +81600 +82200 4 16 6250000
a contact +81000 +82200 6 3 6250000
a contact +81600 +82200 7 17 6250000
a contact +81600 +82200 8 1 6250000
a contact +81600 +82200 9 1 6250000
a contact +81600 +82200 11 2 6250000
a contact +81600 +82200 12 2 6250000
a contact +81600 +82200 15 3 6250000
a contact +82200 +82800 4 1 6250000
a contact +82200 +82800 5 16 6250000
a contact +82200 +82800 6 3 6250000
a contact +82200 +82800 7 1 6250000
a contact +82200 +82800 9 3 6250000
a contact +82200 +82800 11 2 6250000
a contact +82200 +82800 12 2 6250000
a contact +82200 +82800 15 17 6250000
a contact +82800 +83400 4 1 6250000
a contact +82800 +83400 5 3 6250000
a contact +82800 +83400 7 17 6250000
a contact +82800 +83400 10 2 6250000
a contact +82800 +83400 11 16 6250000
a contact +82800 +83400 12 3 6250000
a contact +82800 +83400 13 1 6250000
a contact +82800 +83400 14 2 6250000
a contact +83400 +84000 4 2 6250000
a contact +83400 +84000 5 1 6250000
a contact +83400 +84000 8 1 6250000
a contact +83400 +84000 9 3 6250000
a contact +83400 +84000 10 3 6250000
a contact +83400 +84000 11 2 6250000
a contact +83400 +84000 12 17 6250000
a contact +83400 +84000 13 16 6250000
a contact +84000 +84600 4 2 6250000
a contact +84000 +84600 7 2 6250000
a contact +84000 +84600 8 17 6250000
a contact +84000 +84600 9 1 6250000
a contact +84000 +84600 10 3 6250000
a contact +84000 +84600 11 3 6250000
a contact +84000 +84600 12 16 6250000
a contact +84000 +84600 13 1 6250000
a contact +84600 +85200 4 17 6250000
a contact +84600 +85200 5 3 6250000
a contact +84600 +85200 7 2 6250000
a contact +84600 +85200 8 1 6250000
a contact +84600 +85200 9 16 6250000
a contact +84600 +85200 10 1 6250000
a contact +84600 +85200 11 3 6250000
a contact +84600 +85200 14 2 6250000
a contact +85200 +85800 4 16 6250000
a contact +85200 +85800 5 3 6250000
a contact +85200 +85800 6 2 6250000
a contact +85200 +85800 7 1 6250000
a contact +85200 +85800 8 1 6250000
a contact +85200 +85800 10 2 6250000
a contact +85200 +85800 11 17 6250000
a contact +85200 +85800 14 3 6250000
a contact +85800 +86400 4 1 6250000
a contact +85800 +86400 5 2 6250000
a contact +85800 +86400 6 3 6250000
a contact +85800 +86400 7 16 6250000
a contact +85800 +86400 8 3 6250000
a contact +85800 +86400 9 1 6250000
a contact +85800 +86400 11 2 6250000
a contact +85800 +86400 13 17 6250000
a contact +0 +86400 16 19 100000000000
a contact +0 +86400 19 16 100000000000
a contact +0 +86400 17 19 100000000000
a contact +0 +86400 19 17 100000000000
a contact +0 +86400 18 19 100000000000
a contact +0 +86400 19 18 100000000000

a range +0 +600 14 17 1103.3812
a range +0 +600 15 16 1102.3445
a range +600 +1200 4 2 0.0545
a range +600 +1200 9 3 0.0546
a range +600 +1200 10 3 0.055
a range +600 +1200 11 2 0.0543
a range +600 +1200 12 1 0.054
a range +600 +1200 13 1 0.0544
a range +600 +1200 14 16 1102.3263
a range +600 +1200 15 17 1102.5575
a range +1200 +1800 4 1 0.054
a range +1200 +1800 5 16 1102.3538
a range +1200 +1800 6 17 1103.3766
a range +1200 +1800 11 3 0.0554
a range +1200 +1800 12 3 0.0543
a range +1200 +1800 13 2 0.0543
a range +1200 +1800 14 2 0.0544
a range +1200 +1800 15 1 0.0553
a range +1800 +2400 5 1 0.0554
a range +1800 +2400 7 16 1102.3244
a range +1800 +2400 8 17 1103.2443
a range +1800 +2400 11 3 0.0554
a range +1800 +2400 12 3 0.0543
a range +1800 +2400 13 2 0.0543
a range +1800 +2400 14 1 0.055
a range +1800 +2400 15 2 0.0543
a range +2400 +3000 4 16 1102.3348
a range +2400 +3000 6 1 0.0546
a range +2400 +3000 9 17 1103.3649
a range +2400 +3000 11 2 0.0543
a range +2400 +3000 12 1 0.054
a range +2400 +3000 13 3 0.0542
a range +2400 +3000 14 2 0.0544
a range +2400 +3000 15 3 0.0556
a range +3000 +3600 5 17 1103.3933
a range +3000 +3600 6 1 0.0546
a range +3000 +3600 8 16 1102.3646
a range +3000 +3600 11 1 0.0555
a range +3000 +3600 12 2 0.0548
a range +3000 +3600 13 3 0.0542
a range +3000 +3600 14 3 0.0553
a range +3000 +3600 15 2 0.0543
a range +3600 +4200 4 17 1103.3938
a range +3600 +4200 7 1 0.0543
a range +3600 +4200 9 16 1102.3483
a range +3600 +4200 10 2 0.0552
a range +3600 +4200 11 1 0.0555
a range +3600 +4200 12 2 0.0548
a range +3600 +4200 14 3 0.0553
a range +3600 +4200 15 3 0.0556
a range +4200 +4800 4 3 0.0555
a range +4200 +4800 6 16 1102.3488
a range +4200 +4800 7 3 0.0549
a range +4200 +4800 8 2 0.0541
a range +4200 +4800 9 2 0.0553
a range +4200 +4800 10 1 0.0545
a range +4200 +4800 13 17 1103.1011
a range +4200 +4800 15 1 0.0553
a range +4800 +5400 4 3 0.0555
a range +4800 +5400 7 3 0.0549
a range +4800 +5400 8 1 0.0555
a range +4800 +5400 9 2 0.0553
a range +4800 +5400 10 2 0.0552
a range +4800 +5400 11 16 1102.3373
a range +4800 +5400 12 17 1103.3991
a range +4800 +5400 14 1 0.055
a range +5400 +6000 4 2 0.0545
a range +5400 +6000 5 2 0.0546
a range +5400 +6000 6 3 0.0543
a range +5400 +6000 7 1 0.0543
a range +5400 +6000 8 3 0.0548
a range +5400 +6000 9 1 0.055
a range +5400 +6000 11 17 1103.3832
a range +5400 +6000 13 16 1102.3667
a range +6000 +6600 5 2 0.0546
a range +6000 +6600 6 3 0.0543
a range +6000 +6600 7 17 1102.6981
a range +6000 +6600 8 2 0.0541
a range +6000 +6600 9 3 0.0546
a range +6000 +6600 10 1 0.0545
a range +6000 +6600 12 16 1102.3435
a range +6000 +6600 13 1 0.0556
a range +6600 +7200 3 16 1102.0661
a range +6600 +7200 5 1 0.0554
a range +6600 +7200 6 2 0.0546
a range +6600 +7200 7 2 0.0555
a range +6600 +7200 8 3 0.0548
a range +6600 +7200 9 1 0.055
a range +6600 +7200 10 17 1103.3814
a range +7200 +7800 4 1 0.054
a range +7200 +7800 7 2 0.0555
a range +7200 +7800 8 1 0.0555
a range +7200 +7800 9 3 0.0546
a range +7200 +7800 10 16 1102.3566
a range +7200 +7800 11 17 1103.3832
a range +7200 +7800 15 3 0.0556
a range +7800 +8400 4 1 0.054
a range +7800 +8400 5 3 0.0555
a range +7200 +8400 6 2 0.0546
a range +7800 +8400 10 3 0.0543
a range +7800 +8400 12 16 1102.3435
a range +7800 +8400 13 17 1103.1011
a range +7800 +8400 14 1 0.055
a range +7800 +8400 15 2 0.0543
a range +8400 +9000 4 2 0.0545
a range +8400 +9000 5 3 0.0555
a range +8400 +9000 7 17 1102.6981
a range +8400 +9000 8 16 1102.3646
a range +8400 +9000 10 3 0.0543
a range +8400 +9000 13 2 0.0543
a range +8400 +9000 14 1 0.055
a range +8400 +9000 15 1 0.0553
a range +9000 +9600 4 2 0.0545
a range +9000 +9600 5 3 0.0555
a range +9000 +9600 6 16 1102.3488
a range +9000 +9600 7 2 0.0555
a range +9000 +9600 10 3 0.0543
a range +9000 +9600 12 17 1103.3991
a range +9000 +9600 13 1 0.0556
a range +9000 +9600 15 1 0.0553
a range +9600 +10200 4 1 0.054
a range +9600 +10200 5 1 0.0554
a range +9600 +10200 6 3 0.0543
a range +9600 +10200 9 16 1102.3483
a range +9600 +10200 12 2 0.0548
a range +9600 +10200 13 3 0.0542
a range +9600 +10200 14 17 1103.3812
a range +9600 +10200 15 2 0.0543
a range +10200 +10800 5 2 0.0546
a range +10200 +10800 7 1 0.0543
a range +10200 +10800 9 2 0.0553
a range +10200 +10800 10 17 1103.3814
a range +10200 +10800 11 16 1102.3373
a range +10200 +10800 12 1 0.054
a range +10200 +10800 13 3 0.0542
a range +10200 +10800 14 3 0.0553
a range +10800 +11400 4 16 1102.3348
a range +10800 +11400 5 2 0.0546
a range +10800 +11400 8 1 0.0555
a range +10800 +11400 11 1 0.0543
a range +10800 +11400 12 3 0.0543
a range +10800 +11400 13 2 0.0543
a range +10800 +11400 14 3 0.0553
a range +10800 +11400 15 17 1102.5575
a range +11400 +12000 6 17 1103.3766
a range +11400 +12000 7 16 1102.3244
a range +11400 +12000 9 1 0.055
a range +11400 +12000 10 2 0.0552
a range +11400 +12000 11 3 0.0554
a range +11400 +12000 12 3 0.0543
a range +11400 +12000 13 1 0.0556
a range +11400 +12000 14 2 0.0546
a range +12000 +12600 5 17 1103.3933
a range +12000 +12600 7 1 0.0543
a range +12000 +12600 9 3 0.0546
a range +12000 +12600 10 2 0.0552
a range +12000 +12600 11 3 0.0554
a range +12000 +12600 12 1 0.054
a range +12000 +12600 14 2 0.0546
a range +12000 +12600 15 16 1102.3445
a range +12600 +13200 4 17 1103.3938
a range +12600 +13200 6 3 0.0543
a range +12600 +13200 7 2 0.0555
a range +12600 +13200 8 3 0.0544
a range +12600 +13200 9 2 0.0553
a range +12600 +13200 10 1 0.0545
a range +12600 +13200 11 1 0.0543
a range +12600 +13200 13 16 1102.3667
a range +13200 +13800 5 1 0.0554
a range +13200 +13800 6 2 0.0546
a range +13200 +13800 8 3 0.0544
a range +13200 +13800 9 17 1103.3649
a range +13200 +13800 10 1 0.0545
a range +13200 +13800 11 2 0.0543
a range +13200 +13800 14 16 1102.3263
a range +13200 +13800 15 3 0.0545
a range +13800 +14400 4 3 0.0555
a range +13800 +14400 5 3 0.0555
a range +13800 +14400 6 1 0.0554
a range +13800 +14400 8 17 1103.2443
a range +13800 +14400 9 1 0.055
a range +13800 +14400 10 16 1102.3566
a range +13800 +14400 11 2 0.0543
a range +13800 +14400 12 2 0.0543
a range +14400 +15000 2 17 1102.4258
a range +14400 +15000 2 16 1102.3712
a range +14400 +15000 4 3 0.0555
a range +14400 +15000 5 3 0.0555
a range +14400 +15000 6 1 0.0554
a range +14400 +15000 8 1 0.0555
a range +15000 +15600 1 17 1102.7998
a range +15000 +15600 4 3 0.0555
a range +15000 +15600 5 16 1102.3538
a range +15000 +15600 7 3 0.0559
a range +15000 +15600 8 2 0.0541
a range +15000 +15600 10 2 0.0552
a range +15000 +15600 15 1 0.0553
a range +15600 +16200 3 17 1103.2048
a range +15600 +16200 4 1 0.054
a range +15600 +16200 7 3 0.0559
a range +15600 +16200 10 2 0.0552
a range +15600 +16200 15 1 0.0553
a range +16200 +16800 1 17 1102.7998
a range +16200 +16800 4 1 0.054
a range +16200 +16800 5 2 0.0546
a range +16200 +16800 7 3 0.0559
a range +15600 +16800 8 2 0.0541
a range +16200 +16800 14 3 0.0553
a range +16800 +17400 4 1 0.054
a range +16800 +17400 6 1 0.0554
a range +16800 +17400 7 3 0.0559
a range +16800 +17400 14 3 0.0553
a range +17400 +18000 4 1 0.054
a range +16800 +18000 5 2 0.0546
a range +17400 +18000 7 3 0.0559
a range +16800 +18000 8 2 0.0541
a range +17400 +18000 14 3 0.0553
a range +16800 +18000 15 17 1102.5575
a range +18000 +18600 5 2 0.0546
a range +17400 +18600 6 1 0.0554
a range +18000 +18600 8 2 0.0541
a range +18000 +18600 9 3 0.0546
a range +18000 +18600 12 1 0.054
a range +18000 +18600 15 3 0.0545
a range +18600 +19200 4 3 0.0555
a range +18600 +19200 6 1 0.0554
a range +18600 +19200 7 2 0.0555
a range +18600 +19200 11 2 0.0558
a range +18600 +19200 12 1 0.054
a range +18000 +19200 13 17 1103.1011
a range +18600 +19200 15 3 0.0545
a range +19200 +19800 4 2 0.0543
a range +19200 +19800 5 17 1103.3933
a range +19200 +19800 6 3 0.0543
a range +19200 +19800 10 1 0.0545
a range +19200 +19800 13 3 0.0542
a range +19200 +19800 14 1 0.055
a range +19200 +19800 15 2 0.0543
a range +19800 +20400 7 17 1102.6981
a range +19800 +20400 8 3 0.0544
a range +19800 +20400 10 1 0.0545
a range +19800 +20400 12 2 0.0543
a range +19800 +20400 13 3 0.0542
a range +19800 +20400 14 1 0.055
a range +19800 +20400 15 2 0.0543
a range +20400 +21000 4 17 1103.3938
a range +20400 +21000 5 1 0.0554
a range +20400 +21000 10 3 0.0547
a range +20400 +21000 11 3 0.0554
a range +20400 +21000 12 2 0.0543
a range +20400 +21000 13 1 0.0553
a range +20400 +21000 14 2 0.0551
a range +21000 +21600 6 17 1103.3766
a range +21000 +21600 7 1 0.0543
a range +21000 +21600 9 1 0.055
a range +21000 +21600 10 3 0.0547
a range +21000 +21600 11 3 0.0554
a range +21000 +21600 13 2 0.0543
a range +21000 +21600 14 2 0.0551
a range +21600 +22200 6 3 0.0543
a range +21600 +22200 7 2 0.0555
a range +21600 +22200 8 1 0.0554
a range +21600 +22200 9 3 0.0546
a range +21600 +22200 11 1 0.0543
a range +21600 +22200 12 17 1103.3991
a range +21600 +22200 13 2 0.0543
a range +22200 +22800 6 2 0.0546
a range +22200 +22800 7 1 0.0543
a range +22200 +22800 8 3 0.0544
a range +22200 +22800 9 1 0.055
a range +22200 +22800 10 17 1103.3814
a range +22200 +22800 11 2 0.0558
a range +22200 +22800 12 3 0.0543
a range +22800 +23400 3 17 1103.2048
a range +22800 +23400 4 2 0.0543
a range +22800 +23400 6 2 0.0546
a range +22800 +23400 8 1 0.0554
a range +22800 +23400 11 1 0.0543
a range +22800 +23400 12 3 0.0543
a range +23400 +24000 2 17 1103.4001
a range +23400 +24000 5 3 0.0548
a range +23400 +24000 7 1 0.0543
a range +23400 +24000 12 3 0.0543
a range +23400 +24000 13 1 0.0553
a range +23400 +24000 15 2 0.0543
a range +24000 +24600 4 3 0.0555
a range +24000 +24600 5 1 0.0554
a range +24000 +24600 8 17 1103.2443
a range +24000 +24600 9 2 0.0549
a range +24000 +24600 12 3 0.0543
a range +24000 +24600 14 1 0.055
a range +24000 +24600 15 2 0.0543
a range +24600 +25200 4 3 0.0555
a range +24600 +25200 5 1 0.0554
a range +24600 +25200 6 2 0.0546
a range +24600 +25200 9 2 0.0549
a range +24600 +25200 11 17 1103.3832
a range +24600 +25200 13 3 0.0542
a range +24600 +25200 15 1 0.0553
a range +25200 +25800 5 1 0.0554
a range +25200 +25800 6 2 0.0546
a range +25200 +25800 7 1 0.0543
a range +25200 +25800 8 3 0.0544
a range +25200 +25800 9 2 0.0549
a range +25200 +25800 13 3 0.0542
a range +25200 +25800 14 17 1103.3812
a range +25800 +26400 8 3 0.0544
a range +25800 +26400 9 17 1103.3649
a range +25800 +26400 10 2 0.0552
a range +25800 +26400 11 2 0.0558
a range +25800 +26400 12 1 0.054
a range +25800 +26400 14 1 0.055
a range +25800 +26400 15 3 0.0545
a range +26400 +27000 1 17 1102.7998
a range +26400 +27000 6 3 0.0543
a range +26400 +27000 7 2 0.0555
a range +26400 +27000 8 1 0.0554
a range +26400 +27000 10 2 0.0552
a range +26400 +27000 15 3 0.0545
a range +27000 +27600 5 3 0.0548
a range +27000 +27600 7 2 0.0555
a range +27000 +27600 8 1 0.0554
a range +27000 +27600 10 2 0.0552
a range +27000 +27600 11 3 0.0554
a range +27000 +27600 13 1 0.0553
a range +27000 +28200 4 17 1103.3938
a range +27600 +28200 7 2 0.0555
a range +27600 +28200 9 3 0.0546
a range +27600 +28200 10 2 0.0552
a range +27600 +28200 11 3 0.0554
a range +27600 +28200 13 1 0.0553
a range +27600 +28200 15 1 0.0553
a range +28200 +28800 4 2 0.054
a range +28200 +28800 5 17 1103.3933
a range +28200 +28800 7 3 0.0542
a range +28200 +28800 9 1 0.055
a range +28200 +28800 10 3 0.0547
a range +28200 +28800 12 1 0.054
a range +28200 +28800 14 2 0.0551
a range +28800 +29400 6 3 0.0543
a range +28800 +29400 8 17 1103.2443
a range +28800 +29400 9 1 0.055
a range +28800 +29400 10 3 0.0547
a range +28800 +29400 11 1 0.0543
a range +28800 +29400 12 2 0.0543
a range +28800 +29400 14 2 0.0551
a range +29400 +30000 7 17 1103.4031
a range +29400 +30000 9 3 0.0546
a range +29400 +30000 10 1 0.0552
a range +29400 +30000 11 1 0.0543
a range +29400 +30000 12 2 0.0543
a range +29400 +30000 13 2 0.0544
a range +29400 +30000 14 3 0.0544
a range +30000 +30600 3 17 1103.2048
a range +30000 +30600 4 18 1104.7646
a range +30000 +30600 5 3 0.0548
a range +30000 +30600 9 2 0.0549
a range +30000 +30600 10 1 0.0552
a range +30000 +30600 13 2 0.0544
a range +30000 +30600 14 1 0.055
a range +30600 +31200 4 2 0.054
a range +30600 +31200 5 3 0.0548
a range +30600 +31200 6 18 1104.7761
a range +30600 +31200 11 2 0.0542
a range +30600 +31200 12 17 1103.3991
a range +30600 +31200 13 1 0.0553
a range +30600 +31200 14 1 0.055
a range +30600 +31200 15 3 0.0545
a range +31200 +31800 2 17 1103.4001
a range +31200 +31800 4 2 0.054
a range +31200 +31800 5 3 0.0548
a range +31200 +31800 10 18 1104.7848
a range +31200 +31800 12 1 0.054
a range +31200 +31800 13 1 0.0553
a range +31200 +31800 15 3 0.0545
a range +31800 +32400 1 17 1103.3556
a range +31800 +32400 4 2 0.054
a range +31800 +32400 5 1 0.0554
a range +31800 +32400 8 2 0.0541
a range +31800 +32400 11 3 0.0554
a range +31800 +32400 14 3 0.0544
a range +32400 +33000 4 2 0.054
a range +32400 +33000 5 1 0.0554
a range +32400 +33000 6 1 0.0555
a range +32400 +33000 8 2 0.0541
a range +32400 +33000 11 3 0.0554
a range +32400 +33000 14 3 0.0544
a range +33000 +33600 4 2 0.054
a range +33000 +33600 5 1 0.0554
a range +33000 +33600 6 1 0.0555
a range +33000 +33600 8 2 0.0541
a range +31800 +33600 9 18 1103.7597
a range +33000 +33600 11 3 0.0554
a range +33000 +33600 14 3 0.0544
a range +33600 +34200 4 2 0.054
a range +33600 +34200 5 1 0.0554
a range +33600 +34200 6 1 0.0555
a range +33600 +34200 8 2 0.0541
a range +32400 +34200 10 17 1103.3814
a range +33600 +34200 11 3 0.0554
a range +33600 +34200 14 3 0.0544
a range +34200 +34800 4 2 0.054
a range +34200 +34800 5 1 0.0554
a range +34200 +34800 6 1 0.0555
a range +34200 +34800 8 2 0.0541
a range +34200 +34800 11 3 0.0554
a range +34200 +34800 14 3 0.0544
a range +34800 +35400 5 1 0.0554
a range +34800 +35400 6 1 0.0555
a range +34800 +35400 8 2 0.0541
a range +34800 +35400 11 3 0.0554
a range +34800 +35400 12 2 0.0543
a range +34800 +35400 14 3 0.0544
a range +33600 +35400 15 18 1103.3727
a range +35400 +36000 4 1 0.054
a range +35400 +36000 6 1 0.0555
a range +35400 +36000 7 3 0.0542
a range +34200 +36000 9 17 1103.3649
a range +35400 +36000 10 3 0.0547
a range +35400 +36000 12 2 0.0543
a range +35400 +36000 14 2 0.0551
a range +36000 +36600 4 1 0.054
a range +36000 +36600 5 2 0.0546
a range +36000 +36600 6 3 0.0543
a range +36000 +36600 8 3 0.0544
a range +35400 +36600 13 18 1103.8986
a range +36000 +36600 14 2 0.0551
a range +36000 +36600 15 1 0.0549
a range +36600 +37200 4 1 0.054
a range +36600 +37200 6 2 0.0543
a range +36600 +37200 7 2 0.0555
a range +36600 +37200 9 3 0.0546
a range +36000 +37200 11 17 1103.3832
a range +36600 +37200 12 18 1104.7743
a range +36600 +37200 13 3 0.0542
a range +36600 +37200 15 1 0.0549
a range +37200 +37800 4 3 0.0543
a range +37200 +37800 5 18 1104.7838
a range +37200 +37800 8 1 0.0466
a range +37200 +37800 9 1 0.055
a range +37200 +37800 11 2 0.0542
a range +37200 +37800 13 3 0.0542
a range +37200 +37800 14 17 1103.3812
a range +37200 +37800 15 2 0.0543
a range +37800 +38400 4 3 0.0543
a range +37800 +38400 5 2 0.0546
a range +37800 +38400 7 18 1103.5084
a range +37800 +38400 8 1 0.0466
a range +37800 +38400 9 1 0.055
a range +37800 +38400 12 3 0.0366
a range +37800 +38400 15 2 0.0543
a range +37800 +39000 6 17 1103.3766
a range +38400 +39000 7 1 0.0541
a range +38400 +39000 9 2 0.0543
a range +38400 +39000 10 3 0.0547
a range +38400 +39000 11 1 0.0543
a range +38400 +39000 12 3 0.0366
a range +38400 +39000 13 2 0.0437
a range +38400 +39000 14 18 1103.6222
a range +39000 +39600 5 17 1103.3933
a range +39000 +39600 6 2 0.0543
a range +39000 +39600 7 3 0.0542
a range +39000 +39600 8 18 1104.0385
a range +39000 +39600 9 3 0.0546
a range +39000 +39600 10 1 0.052
a range +39000 +39600 12 1 0.054
a range +39000 +39600 13 2 0.0437
a range +39600 +40200 2 17 1103.4001
a range +39600 +40200 6 3 0.0543
a range +39600 +40200 8 3 0.0544
a range +39600 +40200 9 2 0.0543
a range +39600 +40200 10 1 0.052
a range +39600 +40200 11 1 0.0543
a range +39600 +40200 14 18 1103.6222
a range +40200 +40800 3 17 1103.408
a range +40200 +40800 4 3 0.0543
a range +40200 +40800 5 2 0.0546
a range +40200 +40800 7 1 0.0541
a range +40200 +40800 9 2 0.0543
a range +40200 +40800 11 18 1104.7655
a range +40200 +40800 15 1 0.0549
a range +40800 +41400 4 3 0.0543
a range +40800 +41400 5 2 0.0546
a range +40800 +41400 6 18 1104.7761
a range +40800 +41400 7 1 0.0541
a range +40800 +41400 8 17 1103.3957
a range +40800 +41400 11 2 0.0474
a range +40800 +41400 13 3 0.0542
a range +40800 +41400 15 1 0.0549
a range +41400 +42000 4 1 0.054
a range +41400 +42000 7 1 0.0541
a range +41400 +42000 9 2 0.0543
a range +41400 +42000 10 3 0.0547
a range +41400 +42000 11 2 0.0474
a range +41400 +42000 12 18 1104.7743
a range +41400 +42000 13 3 0.0542
a range +41400 +42000 14 17 1103.3812
a range +42000 +42600 6 3 0.0543
a range +42000 +42600 8 18 1104.0385
a range +42000 +42600 9 1 0.055
a range +42000 +42600 10 3 0.0547
a range +42000 +42600 11 2 0.0474
a range +42000 +42600 12 17 1103.3991
a range +42000 +42600 14 1 0.055
a range +42000 +42600 15 2 0.0543
a range +42600 +43200 4 18 1104.7646
a range +42600 +43200 6 3 0.0543
a range +42600 +43200 7 3 0.0542
a range +42600 +43200 8 1 0.0466
a range +42600 +43200 13 2 0.0437
a range +42600 +43200 14 1 0.055
a range +42600 +43200 15 2 0.0543
a range +43200 +43800 5 3 0.0548
a range +43200 +43800 7 3 0.0542
a range +43200 +43800 8 1 0.0466
a range +43200 +43800 10 18 1104.7848
a range +43200 +43800 11 1 0.0543
a range +43200 +43800 12 2 0.0543
a range +43200 +43800 13 2 0.0437
a range +43800 +44400 5 3 0.0548
a range +43800 +44400 7 18 1103.5084
a range +43800 +44400 10 1 0.052
a range +43800 +44400 12 2 0.0543
a range +43800 +44400 13 1 0.0553
a range +43800 +44400 14 2 0.0551
a range +43800 +44400 15 3 0.0545
a range +44400 +45000 7 2 0.0555
a range +44400 +45000 8 3 0.0544
a range +44400 +45000 11 18 1104.7655
a range +44400 +45000 12 1 0.0547
a range +44400 +45000 13 1 0.0553
a range +44400 +45000 14 2 0.0551
a range +44400 +45000 15 3 0.0545
a range +45000 +45600 5 18 1104.7838
a range +45000 +45600 6 2 0.0237
a range +45000 +45600 7 2 0.0555
a range +45000 +45600 9 3 0.0542
a range +45000 +45600 10 1 0.052
a range +45000 +45600 11 1 0.0543
a range +45000 +45600 12 3 0.0366
a range +45600 +46200 1 18 1103.9292
a range +45600 +46200 5 2 0.0546
a range +45600 +46200 6 2 0.0237
a range +45600 +46200 8 3 0.0544
a range +45600 +46200 9 3 0.0542
a range +45600 +46200 12 1 0.0547
a range +46200 +46800 4 18 1104.7646
a range +46200 +46800 6 2 0.0237
a range +46200 +46800 9 1 0.055
a range +46200 +46800 12 3 0.0366
a range +46200 +46800 13 3 0.0542
a range +46200 +46800 14 2 0.0551
a range +46200 +46800 15 1 0.0296
a range +46800 +47400 3 18 1104.3298
a range +46800 +47400 5 3 0.0548
a range +46800 +47400 9 1 0.055
a range +46800 +47400 10 2 0.0549
a range +46800 +47400 14 2 0.0551
a range +46800 +47400 15 1 0.0296
a range +47400 +48000 4 1 0.054
a range +47400 +48000 5 3 0.0548
a range +47400 +48000 6 3 0.0543
a range +47400 +48000 10 2 0.0549
a range +47400 +48000 12 1 0.0547
a range +47400 +48000 15 2 0.0543
a range +48000 +48600 4 1 0.054
a range +48000 +48600 5 3 0.0548
a range +48000 +48600 6 3 0.0543
a range +48000 +48600 7 1 0.0541
a range +48000 +48600 12 2 0.0543
a range +47400 +48600 13 18 1103.8986
a range +48000 +48600 15 2 0.0543
a range +48600 +49200 7 1 0.0541
a range +48600 +49200 8 18 1104.0385
a range +48600 +49200 9 3 0.0542
a range +48600 +49200 10 3 0.0547
a range +48600 +49200 11 1 0.0543
a range +48600 +49200 12 2 0.0543
a range +48600 +49200 13 2 0.0437
a range +49200 +49800 5 18 1104.7838
a range +49200 +49800 8 1 0.0466
a range +49200 +49800 9 3 0.0542
a range +49200 +49800 10 3 0.0547
a range +49200 +49800 11 2 0.0474
a range +49200 +49800 13 2 0.0437
a range +49200 +49800 14 1 0.0551
a range +49800 +50400 4 3 0.0327
a range +49800 +50400 6 18 1104.7761
a range +49800 +50400 9 2 0.0543
a range +49800 +50400 11 2 0.0474
a range +49800 +50400 13 1 0.0553
a range +49800 +50400 14 1 0.0551
a range +49800 +50400 15 3 0.0545
a range +50400 +51000 4 3 0.0327
a range +50400 +51000 7 18 1104.7551
a range +50400 +51000 8 1 0.0466
a range +50400 +51000 9 2 0.0543
a range +50400 +51000 10 2 0.0549
a range +50400 +51000 13 1 0.0553
a range +50400 +51000 15 3 0.0545
a range +51000 +51600 6 2 0.0237
a range +51000 +51600 7 2 0.0555
a range +51000 +51600 8 3 0.0544
a range +51000 +51600 9 1 0.055
a range +51000 +51600 10 1 0.052
a range +51000 +51600 11 18 1104.7655
a range +51000 +51600 12 3 0.0366
a range +51600 +52200 4 1 0.054
a range +51600 +52200 7 2 0.0555
a range +51600 +52200 8 3 0.0544
a range +51600 +52200 10 2 0.0549
a range +51600 +52200 11 1 0.0543
a range +51600 +52200 12 3 0.0366
a range +51600 +52200 14 18 1104.4405
a range +52200 +52800 2 18 1104.7107
a range +52200 +52800 5 2 0.0546
a range +52200 +52800 6 16 1105.0488
a range +52200 +52800 7 3 0.0542
a range +52200 +52800 10 1 0.052
a range +52200 +52800 13 3 0.0542
a range +52200 +52800 15 1 0.0296
a range +52800 +53400 1 18 1103.9292
a range +52800 +53400 1 16 1103.9444
a range +52800 +53400 4 2 0.054
a range +52800 +53400 5 2 0.0546
a range +52800 +53400 7 3 0.0542
a range +52800 +53400 13 3 0.0542
a range +53400 +54000 4 2 0.054
a range +53400 +54000 5 2 0.0546
a range +53400 +54000 6 3 0.0543
a range +53400 +54000 8 1 0.0466
a range +53400 +54000 9 1 0.055
a range +53400 +54000 14 3 0.0468
a range +54000 +54600 4 3 0.0327
a range +54000 +54600 6 3 0.0543
a range +54000 +54600 8 1 0.0466
a range +54000 +54600 9 1 0.055
a range +53400 +54600 12 18 1104.7743
a range +54000 +54600 13 2 0.0437
a range +54000 +54600 14 2 0.0551
a range +53400 +54600 15 16 1104.1608
a range +54600 +55200 5 1 0.044
a range +54600 +55200 6 2 0.0237
a range +54600 +55200 7 3 0.0542
a range +54600 +55200 10 18 1104.7848
a range +54600 +55200 11 1 0.0543
a range +54600 +55200 12 16 1105.0659
a range +54600 +55200 14 2 0.0551
a range +54600 +55200 15 3 0.0545
a range +55200 +55800 3 18 1104.3298
a range +55200 +55800 4 16 1105.068
a range +55200 +55800 5 1 0.044
a range +55200 +55800 6 2 0.0237
a range +55200 +55800 11 3 0.0541
a range +55200 +55800 12 1 0.0541
a range +55200 +55800 15 2 0.055
a range +55800 +56400 2 16 1104.6917
a range +55800 +56400 2 18 1104.7107
a range +55800 +56400 7 3 0.0542
a range +55800 +56400 11 3 0.0541
a range +55800 +56400 12 1 0.0541
a range +55800 +56400 14 1 0.0551
a range +56400 +57000 7 3 0.0542
a range +56400 +57000 8 2 0.0413
a range +56400 +57000 11 3 0.0541
a range +56400 +57000 12 1 0.0541
a range +56400 +57000 13 2 0.0437
a range +56400 +57000 14 1 0.0551
a range +57000 +57600 7 3 0.0542
a range +57000 +57600 8 2 0.0413
a range +57000 +57600 11 3 0.0541
a range +57000 +57600 12 1 0.0541
a range +57000 +57600 13 2 0.0437
a range +57000 +57600 14 1 0.0551
a range +57600 +58200 6 1 0.0555
a range +57600 +58200 7 3 0.0542
a range +57600 +58200 8 2 0.0413
a range +57600 +58200 11 3 0.0541
a range +57600 +58200 12 1 0.0541
a range +57600 +58200 13 2 0.0437
a range +56400 +58800 4 18 1104.7646
a range +58200 +58800 6 1 0.0555
a range +58200 +58800 8 2 0.0413
a range +56400 +58800 10 16 1105.047
a range +58200 +58800 11 3 0.0541
a range +58200 +58800 12 1 0.0541
a range +58200 +58800 13 2 0.0437
a range +58800 +59400 6 1 0.0555
a range +58200 +59400 7 3 0.0542
a range +58800 +59400 8 2 0.0413
a range +58800 +59400 9 3 0.0253
a range +58800 +59400 12 1 0.0541
a range +58800 +59400 13 2 0.0437
a range +59400 +60000 6 1 0.0555
a range +59400 +60000 7 3 0.0542
a range +59400 +60000 8 2 0.0413
a range +59400 +60000 12 1 0.0541
a range +59400 +60000 13 2 0.0437
a range +60000 +60600 6 1 0.0555
a range +60000 +60600 8 2 0.0413
a range +59400 +60600 9 3 0.0253
a range +60000 +60600 10 3 0.0547
a range +60000 +60600 12 1 0.0541
a range +60000 +60600 13 2 0.0437
a range +58800 +61200 5 18 1104.7838
a range +60600 +61200 8 2 0.0413
a range +60600 +61200 9 3 0.0253
a range +60600 +61200 10 3 0.0547
a range +58800 +61200 14 16 1104.4319
a range +60600 +61200 15 2 0.055
a range +60600 +61800 4 1 0.0551
a range +60600 +61800 6 1 0.0555
a range +61200 +61800 7 2 0.0555
a range +61200 +61800 8 3 0.0549
a range +61200 +61800 14 3 0.0468
a range +61200 +61800 15 2 0.055
a range +61800 +62400 4 1 0.0551
a range +61800 +62400 5 3 0.0548
a range +61800 +62400 6 1 0.0555
a range +61800 +62400 7 2 0.0555
a range +61800 +62400 8 3 0.0549
a range +61800 +62400 9 2 0.0543
a range +61200 +62400 11 18 1104.7655
a range +61200 +62400 13 16 1104.7069
a range +62400 +63000 4 3 0.0327
a range +62400 +63000 7 2 0.0555
a range +62400 +63000 9 2 0.0543
a range +62400 +63000 10 1 0.052
a range +62400 +63000 11 16 1105.0599
a range +62400 +63000 12 3 0.0366
a range +62400 +63000 14 18 1104.4405
a range +62400 +63000 15 1 0.0296
a range +63000 +63600 6 18 1104.7761
a range +63000 +63600 7 2 0.0555
a range +63000 +63600 8 16 1104.8463
a range +63000 +63600 9 2 0.0543
a range +63000 +63600 10 1 0.052
a range +63000 +63600 12 3 0.0366
a range +63000 +63600 13 1 0.0553
a range +63000 +63600 15 3 0.0545
a range +63600 +64200 4 3 0.0327
a range +63600 +64200 5 16 1105.056
a range +63600 +64200 7 1 0.0201
a range +63600 +64200 8 18 1104.7957
a range +63600 +64200 10 2 0.0097
a range +63600 +64200 11 1 0.0543
a range +63600 +64200 12 2 0.0543
a range +63600 +64200 13 3 0.0551
a range +64200 +64800 4 3 0.0327
a range +64200 +64800 5 3 0.0548
a range +64200 +64800 7 1 0.0201
a range +64200 +64800 9 16 1104.5688
a range +64200 +64800 12 2 0.0543
a range +64200 +64800 13 1 0.0553
a range +64200 +64800 15 18 1104.7771
a range +64800 +65400 5 3 0.0548
a range +64800 +65400 7 16 1105.0805
a range +64800 +65400 8 3 0.0549
a range +64800 +65400 9 18 1104.5835
a range +64200 +65400 10 2 0.0097
a range +64800 +65400 11 2 0.0474
a range +64800 +65400 14 1 0.0355
a range +64800 +65400 15 1 0.0296
a range +65400 +66000 5 1 0.044
a range +65400 +66000 6 16 1105.0488
a range +65400 +66000 7 18 1104.7551
a range +65400 +66000 10 2 0.0097
a range +65400 +66000 11 2 0.0474
a range +65400 +66000 12 3 0.0366
a range +65400 +66000 14 3 0.0468
a range +65400 +66000 15 1 0.0296
a range +66000 +66600 4 2 0.054
a range +66000 +66600 6 3 0.0547
a range +66000 +66600 7 1 0.0201
a range +66000 +66600 9 16 1104.5688
a range +66000 +66600 11 2 0.0474
a range +66000 +66600 13 1 0.0553
a range +66000 +66600 15 3 0.0545
a range +66600 +67200 4 2 0.054
a range +66600 +67200 5 16 1105.056
a range +66600 +67200 8 1 0.0466
a range +66600 +67200 9 1 0.0554
a range +66000 +67200 10 18 1104.7848
a range +66600 +67200 11 2 0.0474
a range +66600 +67200 12 3 0.0366
a range +66600 +67200 15 3 0.0545
a range +67200 +67800 5 1 0.044
a range +67200 +67800 6 2 0.0237
a range +67200 +67800 7 16 1105.0805
a range +67200 +67800 8 3 0.0549
a range +67200 +67800 9 1 0.0554
a range +67200 +67800 10 3 0.0555
a range +67200 +67800 13 18 1104.7267
a range +67200 +67800 14 2 0.0551
a range +67800 +68400 6 2 0.0237
a range +67800 +68400 7 1 0.0201
a range +67800 +68400 10 3 0.0555
a range +67800 +68400 11 16 1105.0599
a range +67800 +68400 12 18 1104.7743
a range +67800 +68400 13 1 0.0553
a range +67800 +68400 14 3 0.0468
a range +67800 +68400 15 2 0.0393
a range +68400 +69000 4 16 1105.068
a range +68400 +69000 5 2 0.0548
a range +68400 +69000 6 3 0.0547
a range +68400 +69000 8 1 0.0466
a range +68400 +69000 9 18 1104.5835
a range +68400 +69000 10 1 0.052
a range +68400 +69000 14 2 0.0551
a range +68400 +69000 15 3 0.0545
a range +69000 +69600 1 16 1105.0649
a range +69000 +69600 4 3 0.0327
a range +69000 +69600 7 18 1104.7551
a range +69000 +69600 9 2 0.0543
a range +69000 +69600 10 1 0.052
a range +69000 +69600 12 2 0.0543
a range +69000 +69600 13 3 0.0149
a range +69600 +70200 3 18 1104.7526
a range +69600 +70200 4 2 0.054
a range +69600 +70200 5 1 0.044
a range +69600 +70200 10 1 0.052
a range +69600 +70200 12 2 0.0543
a range +69600 +70200 13 3 0.0149
a range +70200 +70800 6 2 0.0237
a range +69600 +70800 8 16 1104.8463
a range +70200 +70800 9 3 0.0253
a range +70200 +70800 13 3 0.0149
a range +70200 +70800 15 2 0.0393
a range +70200 +71400 5 1 0.044
a range +70800 +71400 6 3 0.0547
a range +70800 +71400 7 2 0.0547
a range +70200 +71400 10 1 0.052
a range +70800 +71400 13 3 0.0149
a range +70200 +71400 14 18 1104.7535
a range +70800 +71400 15 2 0.0393
a range +71400 +72000 4 3 0.0327
a range +71400 +72000 5 3 0.0548
a range +71400 +72000 8 18 1104.7957
a range +71400 +72000 9 1 0.0554
a range +71400 +72000 10 2 0.0097
a range +71400 +72000 11 1 0.0555
a range +70800 +72000 12 16 1105.0659
a range +71400 +72000 14 2 0.0551
a range +72000 +72600 6 16 1105.0488
a range +72000 +72600 7 2 0.0547
a range +72000 +72600 10 2 0.0097
a range +72000 +72600 11 1 0.0555
a range +72000 +72600 12 3 0.0366
a range +72000 +72600 13 1 0.0553
a range +72000 +72600 14 3 0.0468
a range +72000 +72600 15 18 1104.7771
a range +72600 +73200 4 2 0.054
a range +72600 +73200 5 2 0.0358
a range +72600 +73200 6 18 1104.7761
a range +72600 +73200 9 16 1104.5688
a range +72600 +73200 11 1 0.0555
a range +72600 +73200 12 3 0.0366
a range +72600 +73200 13 1 0.0553
a range +72600 +73200 14 3 0.0468
a range +73200 +73800 2 18 1104.7107
a range +73200 +73800 2 16 1104.6917
a range +73200 +73800 4 1 0.0279
a range +73200 +73800 9 3 0.0253
a range +73200 +73800 10 3 0.0555
a range +73200 +73800 15 1 0.0296
a range +73800 +74400 3 16 1105.0361
a range +73800 +74400 3 18 1104.7526
a range +73800 +74400 6 2 0.0237
a range +73800 +74400 7 1 0.0201
a range +73800 +74400 9 2 0.0543
a range +73800 +74400 15 1 0.0296
a range +74400 +75000 6 2 0.0237
a range +74400 +75000 7 1 0.0201
a range +74400 +75000 8 3 0.0542
a range +74400 +75000 9 2 0.0543
a range +74400 +75000 10 3 0.0555
a range +74400 +75000 11 18 1104.7655
a range +74400 +75000 13 16 1104.7069
a range +74400 +75000 14 1 0.0355
a range +75000 +75600 1 18 1104.7653
a range +75000 +75600 4 3 0.0327
a range +75000 +75600 5 2 0.0358
a range +75000 +75600 8 3 0.0542
a range +75000 +75600 9 2 0.0543
a range +75000 +75600 11 1 0.0555
a range +75600 +76200 4 3 0.0327
a range +75600 +76200 8 3 0.0542
a range +75600 +76200 11 1 0.0555
a range +75600 +76200 14 1 0.0355
a range +76200 +76800 4 3 0.0327
a range +75600 +76800 5 2 0.0358
a range +76200 +76800 8 3 0.0542
a range +75600 +76800 9 2 0.0543
a range +76200 +76800 11 1 0.0555
a range +76200 +76800 14 1 0.0355
a range +76800 +77400 4 3 0.0327
a range +76800 +77400 5 2 0.0358
a range +76800 +77400 8 3 0.0542
a range +76800 +77400 9 2 0.0543
a range +76800 +77400 11 1 0.0555
a range +76800 +77400 14 1 0.0355
a range +77400 +78000 4 3 0.0327
a range +77400 +78000 5 2 0.0358
a range +77400 +78000 8 3 0.0542
a range +77400 +78000 9 2 0.0543
a range +77400 +78000 11 1 0.0555
a range +77400 +78000 14 1 0.0355
a range +75000 +78000 15 16 1104.9633
a range +78000 +78600 4 3 0.0327
a range +78000 +78600 5 2 0.0358
a range +75600 +78600 6 18 1104.7761
a range +78000 +78600 8 3 0.0542
a range +78000 +78600 9 2 0.0543
a range +78000 +78600 11 1 0.0555
a range +78000 +78600 14 1 0.0355
a range +78600 +79200 4 3 0.0327
a range +78600 +79200 5 2 0.0358
a range +78600 +79200 8 3 0.0542
a range +78600 +79200 9 2 0.0543
a range +78600 +79200 11 1 0.0555
a range +78600 +79200 14 1 0.0355
a range +79200 +79800 4 3 0.0327
a range +79200 +79800 8 3 0.0542
a range +79200 +79800 9 2 0.0543
a range +79200 +79800 14 1 0.0355
a range +79200 +79800 15 1 0.0296
a range +79200 +80400 5 2 0.0358
a range +79800 +80400 6 3 0.0464
a range +79800 +80400 8 3 0.0542
a range +79800 +80400 11 2 0.0474
a range +79800 +80400 14 1 0.0355
a range +79800 +80400 15 1 0.0296
a range +80400 +81000 6 3 0.0464
a range +80400 +81000 8 3 0.0542
a range +80400 +81000 14 1 0.0355
a range +80400 +81000 15 1 0.0296
a range +80400 +81600 5 2 0.0358
a range +78000 +81600 7 16 1105.0805
a range +81000 +81600 8 1 0.0466
a range +81000 +81600 9 1 0.0513
a range +80400 +81600 11 2 0.0474
a range +81000 +81600 12 3 0.0366
a range +78600 +81600 13 17 1105.0417
a range +81600 +82200 4 16 1105.068
a range +81000 +82200 6 3 0.0464
a range +81600 +82200 7 17 1105.0877
a range +81600 +82200 8 1 0.0466
a range +81600 +82200 9 1 0.0513
a range +81600 +82200 11 2 0.0474
a range +81600 +82200 12 2 0.0545
a range +81600 +82200 15 3 0.0558
a range +82200 +82800 4 1 0.0279
a range +82200 +82800 5 16 1105.056
a range +82200 +82800 6 3 0.0464
a range +82200 +82800 7 1 0.0201
a range +82200 +82800 9 3 0.0253
a range +82200 +82800 11 2 0.0474
a range +82200 +82800 12 2 0.0545
a range +82200 +82800 15 17 1104.9764
a range +82800 +83400 4 1 0.0279
a range +82800 +83400 5 3 0.0447
a range +82800 +83400 7 17 1105.0877
a range +82800 +83400 10 2 0.0097
a range +82800 +83400 11 16 1105.0599
a range +82800 +83400 12 3 0.0366
a range +82800 +83400 13 1 0.0555
a range +82800 +83400 14 2 0.0419
a range +83400 +84000 4 2 0.0552
a range +83400 +84000 5 1 0.044
a range +83400 +84000 8 1 0.0466
a range +83400 +84000 9 3 0.0253
a range +83400 +84000 10 3 0.0491
a range +83400 +84000 11 2 0.0474
a range +83400 +84000 12 17 1105.0731
a range +83400 +84000 13 16 1105.0345
a range +84000 +84600 4 2 0.0552
a range +84000 +84600 7 2 0.0396
a range +84000 +84600 8 17 1105.0578
a range +84000 +84600 9 1 0.0513
a range +84000 +84600 10 3 0.0491
a range +84000 +84600 11 3 0.0382
a range +84000 +84600 12 16 1105.0659
a range +84000 +84600 13 1 0.0555
a range +84600 +85200 4 17 1105.0752
a range +84600 +85200 5 3 0.0447
a range +84600 +85200 7 2 0.0396
a range +84600 +85200 8 1 0.0466
a range +84600 +85200 9 16 1105.0417
a range +84600 +85200 10 1 0.052
a range +84600 +85200 11 3 0.0382
a range +84600 +85200 14 2 0.0419
a range +85200 +85800 4 16 1105.068
a range +85200 +85800 5 3 0.0447
a range +85200 +85800 6 2 0.0237
a range +85200 +85800 7 1 0.0201
a range +85200 +85800 8 1 0.0466
a range +85200 +85800 10 2 0.0097
a range +85200 +85800 11 17 1105.0671
a range +85200 +85800 14 3 0.0468
a range +85800 +86400 4 1 0.0279
a range +85800 +86400 5 2 0.0358
a range +85800 +86400 6 3 0.0464
a range +85800 +86400 7 16 1105.0805
a range +85800 +86400 8 3 0.0365
a range +85800 +86400 9 1 0.0513
a range +85800 +86400 11 2 0.0474
a range +85800 +86400 13 17 1105.0417
a range +0 +86400 16 19 0.0
a range +0 +86400 19 16 0.0
a range +0 +86400 17 19 0.0
a range +0 +86400 19 17 0.0
a range +0 +86400 18 19 0.0
a range +0 +86400 19 18 0.0

a position +0 +600 14 17 7288037.85868534 2379295.63740665 234066896.031006 -135660364.297881 4196.68310546875 -64226690.0348886
a position +0 +600 15 16 7916989.43736499 2398426.90628174 233991371.805949 -135989153.766107 3750.98291015625 -63495968.3965652
a position +600 +1200 4 2 7994516.11926785 2398228.7274326 233981903.590741 8009690.24655298 2393190.48334178 233978475.688472
a position +600 +1200 9 3 7357261.40656314 2379259.10500975 234055132.541182 7359310.13020744 2374017.56427624 234070490.676787
a position +600 +1200 10 3 8231621.17168409 2395847.24747742 233952122.725502 8246952.6465033 2400271.36526276 233947921.658567
a position +600 +1200 11 2 7910307.92736039 2386100.97602999 233992319.516675 7925427.5417945 2390690.73338572 233996252.781706
a position +600 +1200 12 1 7363368.22910284 2379158.24283597 234060604.52607 7348320.75058251 2374017.56427624 234057601.919731
a position +600 +1200 13 1 8251707.07725798 2395283.14568573 233944545.417865 8252212.87255345 2400687.80736832 233959909.572045
a position +600 +1200 14 16 7916349.23186154 2386211.05756213 233985723.646959 -135989153.766107 3750.98291015625 -63495968.3965652
a position +600 +1200 15 17 7790815.64146055 2387196.68082987 234015454.100068 -135924499.025162 4196.68310546875 -63635131.2425364
a position +1200 +1800 4 1 7030556.535852 2369910.73476371 234100087.732969 7045728.43405905 2364424.086861 234101289.56659
a position +1200 +1800 5 16 7922695.85282692 2385885.04032502 233991827.121983 -135989153.766107 3750.98291015625 -63495968.3965652
a position +1200 +1800 6 17 7279956.7080917 2370795.64967544 234069315.768663 -135660364.297881 4196.68310546875 -64226690.0348886
a position +1200 +1800 11 3 7196025.74985683 2373687.79543011 234080995.743215 7180253.71293705 2369012.85326875 234083301.827672
a position +1200 +1800 12 3 7852266.44459794 2394039.48652391 234000469.864716 7836932.78757356 2388607.36368475 234000404.605198
a position +1200 +1800 13 2 7762582.48522743 2380995.14177526 234005279.047148 7760123.25380304 2386107.0266751 234020527.532857
a position +1200 +1800 14 2 8168412.09365608 2403373.73871402 233966459.514286 8165254.89634334 2398189.02069922 233951323.012815
a position +1200 +1800 15 1 7594893.60981709 2376461.11465766 234025570.603696 7597753.96102735 2381105.39394421 234041228.663472
a position +1800 +2400 5 1 7433769.77185207 2371615.58313885 234052115.61489 7418079.77339872 2376102.48537025 234055248.576663
a position +1800 +2400 7 16 7916741.66388782 2387682.36007527 233984906.971434 -135989153.766107 3750.98291015625 -63495968.3965652
a position +1800 +2400 8 17 7385512.09727455 2374421.65420823 234065234.359024 -135711006.922728 4196.68310546875 -64111837.5250267
a position +1800 +2400 11 3 7196025.74985683 2373687.79543011 234080995.743215 7180253.71293705 2369012.85326875 234083301.827672
a position +1800 +2400 12 3 7852266.44459794 2394039.48652391 234000469.864716 7836932.78757356 2388607.36368475 234000404.605198
a position +1800 +2400 13 2 7762582.48522743 2380995.14177526 234005279.047148 7760123.25380304 2386107.0266751 234020527.532857
a position +1800 +2400 14 1 7190052.33411238 2373578.80531862 234087534.208437 7192807.75897959 2369012.85326875 234071931.583569
a position +1800 +2400 15 2 7119643.71256703 2361516.1620761 234084108.402996 7120844.50730539 2366927.18238416 234099425.805757
a position +2400 +3000 4 16 7909360.51239695 2387807.81549379 233991927.89036 -135989153.766107 3750.98291015625 -63495968.3965652
a position +2400 +3000 6 1 8090010.77661719 2390426.66248226 233970892.92453 8074523.90432261 2395689.91256829 233971683.83992
a position +2400 +3000 9 17 7287718.56436084 2370661.70604602 234061701.122222 -135660364.297881 4196.68310546875 -64226690.0348886
a position +2400 +3000 11 2 7910307.92736039 2386100.97602999 233992319.516675 7925427.5417945 2390690.73338572 233996252.781706
a position +2400 +3000 12 1 7363368.22910284 2379158.24283597 234060604.52607 7348320.75058251 2374017.56427624 234057601.919731
a position +2400 +3000 13 3 7036335.58327128 2369615.39730137 234105587.168208 7032520.89831722 2364424.086861 234090685.438967
a position +2400 +3000 14 2 8168412.09365608 2403373.73871402 233966459.514286 8165254.89634334 2398189.02069922 233951323.012815
a position +2400 +3000 15 3 8070114.92947653 2391473.9168625 233966130.982272 8074548.99122509 2395273.36331914 233981730.495232
a position +3000 +3600 5 17 7290513.77426388 2379155.966967 234069753.914327 -135660364.297881 4196.68310546875 -64226690.0348886
a position +3000 +3600 6 1 8090010.77661719 2390426.66248226 233970892.92453 8074523.90432261 2395689.91256829 233971683.83992
a position +3000 +3600 8 16 7916830.23657197 2385992.29258221 233998273.883932 -135989153.766107 3750.98291015625 -63495968.3965652
a position +3000 +3600 11 1 8147396.13842798 2400282.28258545 233964017.453964 8131937.81447698 2397356.02035554 233969417.511615
a position +3000 +3600 12 2 8034692.02598255 2393152.48843214 233976475.561575 8049749.5144362 2394440.23806916 233969999.160764
a position +3000 +3600 13 3 7036335.58327128 2369615.39730137 234105587.168208 7032520.89831722 2364424.086861 234090685.438967
a position +3000 +3600 14 3 7679250.05235673 2388488.10739522 234027538.205681 7679051.48034386 2383606.36997291 234011708.255618
a position +3000 +3600 15 2 7119643.71256703 2361516.1620761 234084108.402996 7120844.50730539 2366927.18238416 234099425.805757
a position +3600 +4200 4 17 7292485.42446016 2365845.65056225 234069056.350202 -135660364.297881 4196.68310546875 -64226690.0348886
a position +3600 +4200 7 1 7497123.02190642 2381608.30267902 234036821.792648 7491557.48902676 2378187.18547195 234051719.468378
a position +3600 +4200 9 16 7916180.10471031 2398397.54749959 233993056.077688 -135989153.766107 3750.98291015625 -63495968.3965652
a position +3600 +4200 10 2 7267648.13146835 2366603.87958568 234071330.413932 7283433.78309984 2371515.36755163 234071702.435618
a position +3600 +4200 11 1 8147396.13842798 2400282.28258545 233964017.453964 8131937.81447698 2397356.02035554 233969417.511615
a position +3600 +4200 12 2 8034692.02598255 2393152.48843214 233976475.561575 8049749.5144362 2394440.23806916 233969999.160764
a position +3600 +4200 14 3 7679250.05235673 2388488.10739522 234027538.205681 7679051.48034386 2383606.36997291 234011708.255618
a position +3600 +4200 15 3 8070114.92947653 2391473.9168625 233966130.982272 8074548.99122509 2395273.36331914 233981730.495232
a position +4200 +4800 4 3 7505107.16249405 2383333.0008852 234042342.051471 7521054.94852187 2378604.09895463 234041858.761897
a position +4200 +4800 6 16 7917695.63994613 2398379.34433826 233992481.920711 -135989153.766107 3750.98291015625 -63495968.3965652
a position +4200 +4800 7 3 8000178.60710627 2398124.76456414 233975631.316654 7998550.66180598 2393190.48334178 233991234.848894
a position +4200 +4800 8 2 7441682.28020602 2371059.99127587 234056177.535237 7442317.40204645 2376519.44307684 234040908.006286
a position +4200 +4800 9 2 7832496.23453723 2392646.22728929 233996114.747405 7836169.14593111 2388190.66306621 234011641.249366
a position +4200 +4800 10 1 7757083.16858637 2380893.83386747 234011409.707426 7772346.83160319 2386107.0266751 234008802.744213
a position +4200 +4800 13 17 7469373.36681461 2377812.66213325 234054991.799957 -135754678.01039 4196.68310546875 -64013204.9828516
a position +4200 +4800 15 1 7594893.60981709 2376461.11465766 234025570.603696 7597753.96102735 2381105.39394421 234041228.663472
a position +4800 +5400 4 3 7505107.16249405 2383333.0008852 234042342.051471 7521054.94852187 2378604.09895463 234041858.761897
a position +4800 +5400 7 3 8000178.60710627 2398124.76456414 233975631.316654 7998550.66180598 2393190.48334178 233991234.848894
a position +4800 +5400 8 1 7916830.23657197 2385992.29258221 233998273.883932 7915776.852001 2390690.73338572 233982333.345313
a position +4800 +5400 9 2 7832496.23453723 2392646.22728929 233996114.747405 7836169.14593111 2388190.66306621 234011641.249366
a position +4800 +5400 10 2 7267648.13146835 2366603.87958568 234071330.413932 7283433.78309984 2371515.36755163 234071702.435618
a position +4800 +5400 11 16 7910307.92736039 2386100.97602999 233992319.516675 -135989153.766107 3750.98291015625 -63495968.3965652
a position +4800 +5400 12 17 7295302.8147996 2370528.14948933 234069448.939222 -135660364.297881 4196.68310546875 -64226690.0348886
a position +4800 +5400 14 1 7190052.33411238 2373578.80531862 234087534.208437 7192807.75897959 2369012.85326875 234071931.583569
a position +5400 +6000 4 2 7994516.11926785 2398228.7274326 233981903.590741 8009690.24655298 2393190.48334178 233978475.688472
a position +5400 +6000 5 2 6957914.23637377 2356650.91371307 234109602.949202 6942494.72881672 2361920.67481569 234111087.346203
a position +5400 +6000 6 3 6862417.82958811 2364461.92917284 234120191.12083 6877337.78464256 2359416.94661417 234116112.867656
a position +5400 +6000 7 1 7497123.02190642 2381608.30267902 234036821.792648 7491557.48902676 2378187.18547195 234051719.468378
a position +5400 +6000 8 3 8098321.09780867 2395028.01644999 233961716.903864 8104599.46904653 2396106.45289839 233976870.278595
a position +5400 +6000 9 1 6868074.20292707 2364358.06559903 234113924.131101 6867133.73859098 2359416.94661417 234129631.890075
a position +5400 +6000 11 17 7285044.35098336 2379251.3052684 234068991.777999 -135660364.297881 4196.68310546875 -64226690.0348886
a position +5400 +6000 13 16 7916413.33594355 2387434.23631319 233999141.480145 -135989153.766107 3750.98291015625 -63495968.3965652
a position +6000 +6600 5 2 6957914.23637377 2356650.91371307 234109602.949202 6942494.72881672 2361920.67481569 234111087.346203
a position +6000 +6600 6 3 6862417.82958811 2364461.92917284 234120191.12083 6877337.78464256 2359416.94661417 234116112.867656
a position +6000 +6600 7 17 7706958.2665754 2384213.2439939 234025816.060548 -135879865.252118 4196.68310546875 -63733600.2208125
a position +6000 +6600 8 2 7441682.28020602 2371059.99127587 234056177.535237 7442317.40204645 2376519.44307684 234040908.006286
a position +6000 +6600 9 3 7357261.40656314 2379259.10500975 234055132.541182 7359310.13020744 2374017.56427624 234070490.676787
a position +6000 +6600 10 1 7757083.16858637 2380893.83386747 234011409.707426 7772346.83160319 2386107.0266751 234008802.744213
a position +6000 +6600 12 16 7915741.73757284 2398413.40309065 233991674.249715 -135989153.766107 3750.98291015625 -63495968.3965652
a position +6000 +6600 13 1 7972603.20409408 2394588.81537308 233992573.973447 7966994.89561362 2392357.26897508 233977031.251788
a position +6600 +7200 3 16 8104599.46904653 2396106.45289839 233976870.278595 -136082309.466185 3750.98291015625 -63281756.7519451
a position +6600 +7200 5 1 7433769.77185207 2371615.58313885 234052115.61489 7418079.77339872 2376102.48537025 234055248.576663
a position +6600 +7200 6 2 7601120.78920034 2376141.57409328 234031546.186149 7585668.54767621 2381105.39394421 234029361.511028
a position +6600 +7200 7 2 6784713.19466312 2352207.41135404 234136132.525961 6782968.44717796 2356912.90262175 234120279.427235
a position +6600 +7200 8 3 8098321.09780867 2395028.01644999 233961716.903864 8104599.46904653 2396106.45289839 233976870.278595
a position +6600 +7200 9 1 6868074.20292707 2364358.06559903 234113924.131101 6867133.73859098 2359416.94661417 234129631.890075
a position +6600 +7200 10 17 7282608.74103278 2366017.81244704 234069685.31597 -135660364.297881 4196.68310546875 -64226690.0348886
a position +7200 +7800 4 1 7030556.535852 2369910.73476371 234100087.732969 7045728.43405905 2364424.086861 234101289.56659
a position +7200 +7800 7 2 6784713.19466312 2352207.41135404 234136132.525961 6782968.44717796 2356912.90262175 234120279.427235
a position +7200 +7800 8 1 7916830.23657197 2385992.29258221 233998273.883932 7915776.852001 2390690.73338572 233982333.345313
a position +7200 +7800 9 3 7357261.40656314 2379259.10500975 234055132.541182 7359310.13020744 2374017.56427624 234070490.676787
a position +7200 +7800 10 16 7923702.34023681 2387557.82103661 233992243.166664 -135989153.766107 3750.98291015625 -63495968.3965652
a position +7200 +7800 11 17 7285044.35098336 2379251.3052684 234068991.777999 -135660364.297881 4196.68310546875 -64226690.0348886
a position +7200 +7800 15 3 8070114.92947653 2391473.9168625 233966130.982272 8074548.99122509 2395273.36331914 233981730.495232
a position +7800 +8400 4 1 7030556.535852 2369910.73476371 234100087.732969 7045728.43405905 2364424.086861 234101289.56659
a position +7800 +8400 5 3 7909486.58822651 2386645.47944907 233993625.667408 7893924.64889724 2390274.07723681 233998312.712727
a position +7200 +8400 6 2 7601120.78920034 2376141.57409328 234031546.186149 7585668.54767621 2381105.39394421 234029361.511028
a position +7800 +8400 10 3 7938126.37292221 2389305.15847885 233990435.700669 7923302.86513206 2391107.38063589 233996896.287097
a position +7800 +8400 12 16 7915741.73757284 2398413.40309065 233991674.249715 -135989153.766107 3750.98291015625 -63495968.3965652
a position +7800 +8400 13 17 7469373.36681461 2377812.66213325 234054991.799957 -135754678.01039 4196.68310546875 -64013204.9828516
a position +7800 +8400 14 1 7190052.33411238 2373578.80531862 234087534.208437 7192807.75897959 2369012.85326875 234071931.583569
a position +7800 +8400 15 2 7119643.71256703 2361516.1620761 234084108.402996 7120844.50730539 2366927.18238416 234099425.805757
a position +8400 +9000 4 2 7994516.11926785 2398228.7274326 233981903.590741 8009690.24655298 2393190.48334178 233978475.688472
a position +8400 +9000 5 3 7909486.58822651 2386645.47944907 233993625.667408 7893924.64889724 2390274.07723681 233998312.712727
a position +8400 +9000 7 17 7706958.2665754 2384213.2439939 234025816.060548 -135879865.252118 4196.68310546875 -63733600.2208125
a position +8400 +9000 8 16 7916830.23657197 2385992.29258221 233998273.883932 -135989153.766107 3750.98291015625 -63495968.3965652
a position +8400 +9000 10 3 7938126.37292221 2389305.15847885 233990435.700669 7923302.86513206 2391107.38063589 233996896.287097
a position +8400 +9000 13 2 7762582.48522743 2380995.14177526 234005279.047148 7760123.25380304 2386107.0266751 234020527.532857
a position +8400 +9000 14 1 7190052.33411238 2373578.80531862 234087534.208437 7192807.75897959 2369012.85326875 234071931.583569
a position +8400 +9000 15 1 7594893.60981709 2376461.11465766 234025570.603696 7597753.96102735 2381105.39394421 234041228.663472
a position +9000 +9600 4 2 7994516.11926785 2398228.7274326 233981903.590741 8009690.24655298 2393190.48334178 233978475.688472
a position +9000 +9600 5 3 7909486.58822651 2386645.47944907 233993625.667408 7893924.64889724 2390274.07723681 233998312.712727
a position +9000 +9600 6 16 7917695.63994613 2398379.34433826 233992481.920711 -135989153.766107 3750.98291015625 -63495968.3965652
a position +9000 +9600 7 2 6784713.19466312 2352207.41135404 234136132.525961 6782968.44717796 2356912.90262175 234120279.427235
a position +9000 +9600 10 3 7938126.37292221 2389305.15847885 233990435.700669 7923302.86513206 2391107.38063589 233996896.287097
a position +9000 +9600 12 17 7295302.8147996 2370528.14948933 234069448.939222 -135660364.297881 4196.68310546875 -64226690.0348886
a position +9000 +9600 13 1 7972603.20409408 2394588.81537308 233992573.973447 7966994.89561362 2392357.26897508 233977031.251788
a position +9000 +9600 15 1 7594893.60981709 2376461.11465766 234025570.603696 7597753.96102735 2381105.39394421 234041228.663472
a position +9600 +10200 4 1 7030556.535852 2369910.73476371 234100087.732969 7045728.43405905 2364424.086861 234101289.56659
a position +9600 +10200 5 1 7433769.77185207 2371615.58313885 234052115.61489 7418079.77339872 2376102.48537025 234055248.576663
a position +9600 +10200 6 3 6862417.82958811 2364461.92917284 234120191.12083 6877337.78464256 2359416.94661417 234116112.867656
a position +9600 +10200 9 16 7916180.10471031 2398397.54749959 233993056.077688 -135989153.766107 3750.98291015625 -63495968.3965652
a position +9600 +10200 12 2 8034692.02598255 2393152.48843214 233976475.561575 8049749.5144362 2394440.23806916 233969999.160764
a position +9600 +10200 13 3 7036335.58327128 2369615.39730137 234105587.168208 7032520.89831722 2364424.086861 234090685.438967
a position +9600 +10200 14 17 7288037.85868534 2379295.63740665 234066896.031006 -135660364.297881 4196.68310546875 -64226690.0348886
a position +9600 +10200 15 2 7119643.71256703 2361516.1620761 234084108.402996 7120844.50730539 2366927.18238416 234099425.805757
a position +10200 +10800 5 2 6957914.23637377 2356650.91371307 234109602.949202 6942494.72881672 2361920.67481569 234111087.346203
a position +10200 +10800 7 1 7497123.02190642 2381608.30267902 234036821.792648 7491557.48902676 2378187.18547195 234051719.468378
a position +10200 +10800 9 2 7832496.23453723 2392646.22728929 233996114.747405 7836169.14593111 2388190.66306621 234011641.249366
a position +10200 +10800 10 17 7282608.74103278 2366017.81244704 234069685.31597 -135660364.297881 4196.68310546875 -64226690.0348886
a position +10200 +10800 11 16 7910307.92736039 2386100.97602999 233992319.516675 -135989153.766107 3750.98291015625 -63495968.3965652
a position +10200 +10800 12 1 7363368.22910284 2379158.24283597 234060604.52607 7348320.75058251 2374017.56427624 234057601.919731
a position +10200 +10800 13 3 7036335.58327128 2369615.39730137 234105587.168208 7032520.89831722 2364424.086861 234090685.438967
a position +10200 +10800 14 3 7679250.05235673 2388488.10739522 234027538.205681 7679051.48034386 2383606.36997291 234011708.255618
a position +10800 +11400 4 16 7909360.51239695 2387807.81549379 233991927.89036 -135989153.766107 3750.98291015625 -63495968.3965652
a position +10800 +11400 5 2 6957914.23637377 2356650.91371307 234109602.949202 6942494.72881672 2361920.67481569 234111087.346203
a position +10800 +11400 8 1 7916830.23657197 2385992.29258221 233998273.883932 7915776.852001 2390690.73338572 233982333.345313
a position +10800 +11400 11 1 6720131.80638458 2360264.40930005 234137980.921828 6704804.21115517 2354825.95832954 234138611.844235
a position +10800 +11400 12 3 7852266.44459794 2394039.48652391 234000469.864716 7836932.78757356 2388607.36368475 234000404.605198
a position +10800 +11400 13 2 7762582.48522743 2380995.14177526 234005279.047148 7760123.25380304 2386107.0266751 234020527.532857
a position +10800 +11400 14 3 7679250.05235673 2388488.10739522 234027538.205681 7679051.48034386 2383606.36997291 234011708.255618
a position +10800 +11400 15 17 7790815.64146055 2387196.68082987 234015454.100068 -135924499.025162 4196.68310546875 -63635131.2425364
a position +11400 +12000 6 17 7279956.7080917 2370795.64967544 234069315.768663 -135660364.297881 4196.68310546875 -64226690.0348886
a position +11400 +12000 7 16 7916741.66388782 2387682.36007527 233984906.971434 -135989153.766107 3750.98291015625 -63495968.3965652
a position +11400 +12000 9 1 6868074.20292707 2364358.06559903 234113924.131101 6867133.73859098 2359416.94661417 234129631.890075
a position +11400 +12000 10 2 7267648.13146835 2366603.87958568 234071330.413932 7283433.78309984 2371515.36755163 234071702.435618
a position +11400 +12000 11 3 7196025.74985683 2373687.79543011 234080995.743215 7180253.71293705 2369012.85326875 234083301.827672
a position +11400 +12000 12 3 7852266.44459794 2394039.48652391 234000469.864716 7836932.78757356 2388607.36368475 234000404.605198
a position +11400 +12000 13 1 7972603.20409408 2394588.81537308 233992573.973447 7966994.89561362 2392357.26897508 233977031.251788
a position +11400 +12000 14 2 7874627.84438242 2388884.35594806 233989527.911683 7881284.12664444 2389440.73824856 234004477.905918
a position +12000 +12600 5 17 7290513.77426388 2379155.966967 234069753.914327 -135660364.297881 4196.68310546875 -64226690.0348886
a position +12000 +12600 7 1 7497123.02190642 2381608.30267902 234036821.792648 7491557.48902676 2378187.18547195 234051719.468378
a position +12000 +12600 9 3 7357261.40656314 2379259.10500975 234055132.541182 7359310.13020744 2374017.56427624 234070490.676787
a position +12000 +12600 10 2 7267648.13146835 2366603.87958568 234071330.413932 7283433.78309984 2371515.36755163 234071702.435618
a position +12000 +12600 11 3 7196025.74985683 2373687.79543011 234080995.743215 7180253.71293705 2369012.85326875 234083301.827672
a position +12000 +12600 12 1 7363368.22910284 2379158.24283597 234060604.52607 7348320.75058251 2374017.56427624 234057601.919731
a position +12000 +12600 14 2 7874627.84438242 2388884.35594806 233989527.911683 7881284.12664444 2389440.73824856 234004477.905918
a position +12000 +12600 15 16 7916989.43736499 2398426.90628174 233991371.805949 -135989153.766107 3750.98291015625 -63495968.3965652
a position +12600 +13200 4 17 7292485.42446016 2365845.65056225 234069056.350202 -135660364.297881 4196.68310546875 -64226690.0348886
a position +12600 +13200 6 3 6862417.82958811 2364461.92917284 234120191.12083 6877337.78464256 2359416.94661417 234116112.867656
a position +12600 +13200 7 2 6784713.19466312 2352207.41135404 234136132.525961 6782968.44717796 2356912.90262175 234120279.427235
a position +12600 +13200 8 3 6938433.04776073 2357462.23822337 234118199.464472 6943149.12236517 2361503.40872756 234103109.304454
a position +12600 +13200 9 2 7832496.23453723 2392646.22728929 233996114.747405 7836169.14593111 2388190.66306621 234011641.249366
a position +12600 +13200 10 1 7757083.16858637 2380893.83386747 234011409.707426 7772346.83160319 2386107.0266751 234008802.744213
a position +12600 +13200 11 1 6720131.80638458 2360264.40930005 234137980.921828 6704804.21115517 2354825.95832954 234138611.844235
a position +12600 +13200 13 16 7916413.33594355 2387434.23631319 233999141.480145 -135989153.766107 3750.98291015625 -63495968.3965652
a position +13200 +13800 5 1 7433769.77185207 2371615.58313885 234052115.61489 7418079.77339872 2376102.48537025 234055248.576663
a position +13200 +13800 6 2 7601120.78920034 2376141.57409328 234031546.186149 7585668.54767621 2381105.39394421 234029361.511028
a position +13200 +13800 8 3 6938433.04776073 2357462.23822337 234118199.464472 6943149.12236517 2361503.40872756 234103109.304454
a position +13200 +13800 9 17 7287718.56436084 2370661.70604602 234061701.122222 -135660364.297881 4196.68310546875 -64226690.0348886
a position +13200 +13800 10 1 7757083.16858637 2380893.83386747 234011409.707426 7772346.83160319 2386107.0266751 234008802.744213
a position +13200 +13800 11 2 7910307.92736039 2386100.97602999 233992319.516675 7925427.5417945 2390690.73338572 233996252.781706
a position +13200 +13800 14 16 7916349.23186154 2386211.05756213 233985723.646959 -135989153.766107 3750.98291015625 -63495968.3965652
a position +13200 +13800 15 3 6630440.61799187 2347202.78547119 234142373.150749 6628656.46092257 2352321.33633721 234157785.954439
a position +13800 +14400 4 3 7505107.16249405 2383333.0008852 234042342.051471 7521054.94852187 2378604.09895463 234041858.761897
a position +13800 +14400 5 3 7909486.58822651 2386645.47944907 233993625.667408 7893924.64889724 2390274.07723681 233998312.712727
a position +13800 +14400 6 1 7797273.33910133 2389401.77035398 234006056.591667 7812701.6827245 2387357.23516431 234000218.345686
a position +13800 +14400 8 17 7385512.09727455 2374421.65420823 234065234.359024 -135711006.922728 4196.68310546875 -64111837.5250267
a position +13800 +14400 9 1 6868074.20292707 2364358.06559903 234113924.131101 6867133.73859098 2359416.94661417 234129631.890075
a position +13800 +14400 10 16 7923702.34023681 2387557.82103661 233992243.166664 -135989153.766107 3750.98291015625 -63495968.3965652
a position +13800 +14400 11 2 7910307.92736039 2386100.97602999 233992319.516675 7925427.5417945 2390690.73338572 233996252.781706
a position +13800 +14400 12 2 6624947.60649045 2347101.58036424 234148498.314805 6640015.31250528 2352321.33633721 234145221.599552
a position +14400 +15000 2 17 7881284.12664444 2389440.73824856 234004477.905918 -135969284.563896 4196.68310546875 -63536891.5489618
a position +14400 +15000 2 16 7925427.5417945 2390690.73338572 233996252.781706 -135989153.766107 3750.98291015625 -63495968.3965652
a position +14400 +15000 4 3 7505107.16249405 2383333.0008852 234042342.051471 7521054.94852187 2378604.09895463 234041858.761897
a position +14400 +15000 5 3 7909486.58822651 2386645.47944907 233993625.667408 7893924.64889724 2390274.07723681 233998312.712727
a position +14400 +15000 6 1 7797273.33910133 2389401.77035398 234006056.591667 7812701.6827245 2387357.23516431 234000218.345686
a position +14400 +15000 8 1 7916830.23657197 2385992.29258221 233998273.883932 7915776.852001 2390690.73338572 233982333.345313
a position +15000 +15600 1 17 7657950.72341583 2382772.74675939 234031851.107506 -135850224.480266 4196.68310546875 -63799341.1678621
a position +15000 +15600 4 3 7505107.16249405 2383333.0008852 234042342.051471 7521054.94852187 2378604.09895463 234041858.761897
a position +15000 +15600 5 16 7922695.85282692 2385885.04032502 233991827.121983 -135989153.766107 3750.98291015625 -63495968.3965652
a position +15000 +15600 7 3 7735053.66143584 2382311.78406123 234021781.624883 7730143.65783625 2385273.50994438 234006044.952798
a position +15000 +15600 8 2 7441682.28020602 2371059.99127587 234056177.535237 7442317.40204645 2376519.44307684 234040908.006286
a position +15000 +15600 10 2 7267648.13146835 2366603.87958568 234071330.413932 7283433.78309984 2371515.36755163 234071702.435618
a position +15000 +15600 15 1 7594893.60981709 2376461.11465766 234025570.603696 7597753.96102735 2381105.39394421 234041228.663472
a position +15600 +16200 3 17 7419713.07034845 2375685.51882409 234061561.408763 -135725535.015316 4196.68310546875 -64078974.5952655
a position +15600 +16200 4 1 7030556.535852 2369910.73476371 234100087.732969 7045728.43405905 2364424.086861 234101289.56659
a position +15600 +16200 7 3 7735053.66143584 2382311.78406123 234021781.624883 7730143.65783625 2385273.50994438 234006044.952798
a position +15600 +16200 10 2 7267648.13146835 2366603.87958568 234071330.413932 7283433.78309984 2371515.36755163 234071702.435618
a position +15600 +16200 15 1 7594893.60981709 2376461.11465766 234025570.603696 7597753.96102735 2381105.39394421 234041228.663472
a position +16200 +16800 1 17 7657950.72341583 2382772.74675939 234031851.107506 -135850224.480266 4196.68310546875 -63799341.1678621
a position +16200 +16800 4 1 7030556.535852 2369910.73476371 234100087.732969 7045728.43405905 2364424.086861 234101289.56659
a position +16200 +16800 5 2 6957914.23637377 2356650.91371307 234109602.949202 6942494.72881672 2361920.67481569 234111087.346203
a position +16200 +16800 7 3 7735053.66143584 2382311.78406123 234021781.624883 7730143.65783625 2385273.50994438 234006044.952798
a position +15600 +16800 8 2 7441682.28020602 2371059.99127587 234056177.535237 7442317.40204645 2376519.44307684 234040908.006286
a position +16200 +16800 14 3 7679250.05235673 2388488.10739522 234027538.205681 7679051.48034386 2383606.36997291 234011708.255618
a position +16800 +17400 4 1 7030556.535852 2369910.73476371 234100087.732969 7045728.43405905 2364424.086861 234101289.56659
a position +16800 +17400 6 1 7797273.33910133 2389401.77035398 234006056.591667 7812701.6827245 2387357.23516431 234000218.345686
a position +16800 +17400 7 3 7735053.66143584 2382311.78406123 234021781.624883 7730143.65783625 2385273.50994438 234006044.952798
a position +16800 +17400 14 3 7679250.05235673 2388488.10739522 234027538.205681 7679051.48034386 2383606.36997291 234011708.255618
a position +17400 +18000 4 1 7030556.535852 2369910.73476371 234100087.732969 7045728.43405905 2364424.086861 234101289.56659
a position +16800 +18000 5 2 6957914.23637377 2356650.91371307 234109602.949202 6942494.72881672 2361920.67481569 234111087.346203
a position +17400 +18000 7 3 7735053.66143584 2382311.78406123 234021781.624883 7730143.65783625 2385273.50994438 234006044.952798
a position +16800 +18000 8 2 7441682.28020602 2371059.99127587 234056177.535237 7442317.40204645 2376519.44307684 234040908.006286
a position +17400 +18000 14 3 7679250.05235673 2388488.10739522 234027538.205681 7679051.48034386 2383606.36997291 234011708.255618
a position +16800 +18000 15 17 7790815.64146055 2387196.68082987 234015454.100068 -135924499.025162 4196.68310546875 -63635131.2425364
a position +18000 +18600 5 2 6957914.23637377 2356650.91371307 234109602.949202 6942494.72881672 2361920.67481569 234111087.346203
a position +17400 +18600 6 1 7797273.33910133 2389401.77035398 234006056.591667 7812701.6827245 2387357.23516431 234000218.345686
a position +18000 +18600 8 2 7441682.28020602 2371059.99127587 234056177.535237 7442317.40204645 2376519.44307684 234040908.006286
a position +18000 +18600 9 3 7357261.40656314 2379259.10500975 234055132.541182 7359310.13020744 2374017.56427624 234070490.676787
a position +18000 +18600 12 1 7363368.22910284 2379158.24283597 234060604.52607 7348320.75058251 2374017.56427624 234057601.919731
a position +18000 +18600 15 3 6630440.61799187 2347202.78547119 234142373.150749 6628656.46092257 2352321.33633721 234157785.954439
a position +18600 +19200 4 3 7505107.16249405 2383333.0008852 234042342.051471 7521054.94852187 2378604.09895463 234041858.761897
a position +18600 +19200 6 1 7797273.33910133 2389401.77035398 234006056.591667 7812701.6827245 2387357.23516431 234000218.345686
a position +18600 +19200 7 2 6784713.19466312 2352207.41135404 234136132.525961 6782968.44717796 2356912.90262175 234120279.427235
a position +18600 +19200 11 2 7671784.31671571 2387022.38875913 234023008.26866 7655970.9346074 2383189.56280037 234026921.007634
a position +18600 +19200 12 1 7363368.22910284 2379158.24283597 234060604.52607 7348320.75058251 2374017.56427624 234057601.919731
a position +18000 +19200 13 17 7469373.36681461 2377812.66213325 234054991.799957 -135754678.01039 4196.68310546875 -64013204.9828516
a position +18600 +19200 15 3 6630440.61799187 2347202.78547119 234142373.150749 6628656.46092257 2352321.33633721 234157785.954439
a position +19200 +19800 4 2 7714716.92511995 2384077.76006031 234018021.392063 7699956.99946487 2384439.95770584 234024879.769526
a position +19200 +19800 5 17 7290513.77426388 2379155.966967 234069753.914327 -135660364.297881 4196.68310546875 -64226690.0348886
a position +19200 +19800 6 3 6862417.82958811 2364461.92917284 234120191.12083 6877337.78464256 2359416.94661417 234116112.867656
a position +19200 +19800 10 1 7757083.16858637 2380893.83386747 234011409.707426 7772346.83160319 2386107.0266751 234008802.744213
a position +19200 +19800 13 3 7036335.58327128 2369615.39730137 234105587.168208 7032520.89831722 2364424.086861 234090685.438967
a position +19200 +19800 14 1 7190052.33411238 2373578.80531862 234087534.208437 7192807.75897959 2369012.85326875 234071931.583569
a position +19200 +19800 15 2 7119643.71256703 2361516.1620761 234084108.402996 7120844.50730539 2366927.18238416 234099425.805757
a position +19800 +20400 7 17 7706958.2665754 2384213.2439939 234025816.060548 -135879865.252118 4196.68310546875 -63733600.2208125
a position +19800 +20400 8 3 6938433.04776073 2357462.23822337 234118199.464472 6943149.12236517 2361503.40872756 234103109.304454
a position +19800 +20400 10 1 7757083.16858637 2380893.83386747 234011409.707426 7772346.83160319 2386107.0266751 234008802.744213
a position +19800 +20400 12 2 6624947.60649045 2347101.58036424 234148498.314805 6640015.31250528 2352321.33633721 234145221.599552
a position +19800 +20400 13 3 7036335.58327128 2369615.39730137 234105587.168208 7032520.89831722 2364424.086861 234090685.438967
a position +19800 +20400 14 1 7190052.33411238 2373578.80531862 234087534.208437 7192807.75897959 2369012.85326875 234071931.583569
a position +19800 +20400 15 2 7119643.71256703 2361516.1620761 234084108.402996 7120844.50730539 2366927.18238416 234099425.805757
a position +20400 +21000 4 17 7292485.42446016 2365845.65056225 234069056.350202 -135660364.297881 4196.68310546875 -64226690.0348886
a position +20400 +21000 5 1 7433769.77185207 2371615.58313885 234052115.61489 7418079.77339872 2376102.48537025 234055248.576663
a position +20400 +21000 10 3 6778195.76028132 2352316.002313 234130183.901414 6793584.55106384 2356912.90262175 234133477.338482
a position +20400 +21000 11 3 7196025.74985683 2373687.79543011 234080995.743215 7180253.71293705 2369012.85326875 234083301.827672
a position +20400 +21000 12 2 6624947.60649045 2347101.58036424 234148498.314805 6640015.31250528 2352321.33633721 234145221.599552
a position +20400 +21000 13 1 6547095.96293322 2354705.02363973 234164197.788765 6546201.48720882 2349816.39958988 234148394.100799
a position +20400 +21000 14 2 6462726.00790936 2342659.77219066 234161817.990685 6466250.15204615 2347311.14845328 234177260.790995
a position +21000 +21600 6 17 7279956.7080917 2370795.64967544 234069315.768663 -135660364.297881 4196.68310546875 -64226690.0348886
a position +21000 +21600 7 1 7497123.02190642 2381608.30267902 234036821.792648 7491557.48902676 2378187.18547195 234051719.468378
a position +21000 +21600 9 1 6868074.20292707 2364358.06559903 234113924.131101 6867133.73859098 2359416.94661417 234129631.890075
a position +21000 +21600 10 3 6778195.76028132 2352316.002313 234130183.901414 6793584.55106384 2356912.90262175 234133477.338482
a position +21000 +21600 11 3 7196025.74985683 2373687.79543011 234080995.743215 7180253.71293705 2369012.85326875 234083301.827672
a position +21000 +21600 13 2 7762582.48522743 2380995.14177526 234005279.047148 7760123.25380304 2386107.0266751 234020527.532857
a position +21000 +21600 14 2 6462726.00790936 2342659.77219066 234161817.990685 6466250.15204615 2347311.14845328 234177260.790995
a position +21600 +22200 6 3 6862417.82958811 2364461.92917284 234120191.12083 6877337.78464256 2359416.94661417 234116112.867656
a position +21600 +22200 7 2 6784713.19466312 2352207.41135404 234136132.525961 6782968.44717796 2356912.90262175 234120279.427235
a position +21600 +22200 8 1 7636996.26877744 2383681.44772098 234018985.707385 7643031.43558031 2382355.92185153 234034399.128851
a position +21600 +22200 9 3 7357261.40656314 2379259.10500975 234055132.541182 7359310.13020744 2374017.56427624 234070490.676787
a position +21600 +22200 11 1 6720131.80638458 2360264.40930005 234137980.921828 6704804.21115517 2354825.95832954 234138611.844235
a position +21600 +22200 12 17 7295302.8147996 2370528.14948933 234069448.939222 -135660364.297881 4196.68310546875 -64226690.0348886
a position +21600 +22200 13 2 7762582.48522743 2380995.14177526 234005279.047148 7760123.25380304 2386107.0266751 234020527.532857
a position +22200 +22800 6 2 7601120.78920034 2376141.57409328 234031546.186149 7585668.54767621 2381105.39394421 234029361.511028
a position +22200 +22800 7 1 7497123.02190642 2381608.30267902 234036821.792648 7491557.48902676 2378187.18547195 234051719.468378
a position +22200 +22800 8 3 6938433.04776073 2357462.23822337 234118199.464472 6943149.12236517 2361503.40872756 234103109.304454
a position +22200 +22800 9 1 6868074.20292707 2364358.06559903 234113924.131101 6867133.73859098 2359416.94661417 234129631.890075
a position +22200 +22800 10 17 7282608.74103278 2366017.81244704 234069685.31597 -135660364.297881 4196.68310546875 -64226690.0348886
a position +22200 +22800 11 2 7671784.31671571 2387022.38875913 234023008.26866 7655970.9346074 2383189.56280037 234026921.007634
a position +22200 +22800 12 3 7574251.03809271 2377120.0110334 234033710.172834 7588849.29191242 2380688.53358604 234027480.432493
a position +22800 +23400 3 17 7419713.07034845 2375685.51882409 234061561.408763 -135725535.015316 4196.68310546875 -64078974.5952655
a position +22800 +23400 4 2 7714716.92511995 2384077.76006031 234018021.392063 7699956.99946487 2384439.95770584 234024879.769526
a position +22800 +23400 6 2 7601120.78920034 2376141.57409328 234031546.186149 7585668.54767621 2381105.39394421 234029361.511028
a position +22800 +23400 8 1 7636996.26877744 2383681.44772098 234018985.707385 7643031.43558031 2382355.92185153 234034399.128851
a position +22800 +23400 11 1 6720131.80638458 2360264.40930005 234137980.921828 6704804.21115517 2354825.95832954 234138611.844235
a position +22800 +23400 12 3 7574251.03809271 2377120.0110334 234033710.172834 7588849.29191242 2380688.53358604 234027480.432493
a position +23400 +24000 2 17 7297410.95100582 2371932.42240158 234068749.956509 -135660364.297881 4196.68310546875 -64226690.0348886
a position +23400 +24000 5 3 6468947.88801316 2342340.5186953 234167787.909694 6453351.43176727 2347311.14845328 234166283.107352
a position +23400 +24000 7 1 7497123.02190642 2381608.30267902 234036821.792648 7491557.48902676 2378187.18547195 234051719.468378
a position +23400 +24000 12 3 7574251.03809271 2377120.0110334 234033710.172834 7588849.29191242 2380688.53358604 234027480.432493
a position +23400 +24000 13 1 6547095.96293322 2354705.02363973 234164197.788765 6546201.48720882 2349816.39958988 234148394.100799
a position +23400 +24000 15 2 7119643.71256703 2361516.1620761 234084108.402996 7120844.50730539 2366927.18238416 234099425.805757
a position +24000 +24600 4 3 7505107.16249405 2383333.0008852 234042342.051471 7521054.94852187 2378604.09895463 234041858.761897
a position +24000 +24600 5 1 7433769.77185207 2371615.58313885 234052115.61489 7418079.77339872 2376102.48537025 234055248.576663
a position +24000 +24600 8 17 7385512.09727455 2374421.65420823 234065234.359024 -135711006.922728 4196.68310546875 -64111837.5250267
a position +24000 +24600 9 2 7525162.72847691 2380785.92726298 234047957.323228 7519136.08086182 2379021.0035873 234032753.844254
a position +24000 +24600 12 3 7574251.03809271 2377120.0110334 234033710.172834 7588849.29191242 2380688.53358604 234027480.432493
a position +24000 +24600 14 1 7190052.33411238 2373578.80531862 234087534.208437 7192807.75897959 2369012.85326875 234071931.583569
a position +24000 +24600 15 2 7119643.71256703 2361516.1620761 234084108.402996 7120844.50730539 2366927.18238416 234099425.805757
a position +24600 +25200 4 3 7505107.16249405 2383333.0008852 234042342.051471 7521054.94852187 2378604.09895463 234041858.761897
a position +24600 +25200 5 1 7433769.77185207 2371615.58313885 234052115.61489 7418079.77339872 2376102.48537025 234055248.576663
a position +24600 +25200 6 2 7601120.78920034 2376141.57409328 234031546.186149 7585668.54767621 2381105.39394421 234029361.511028
a position +24600 +25200 9 2 7525162.72847691 2380785.92726298 234047957.323228 7519136.08086182 2379021.0035873 234032753.844254
a position +24600 +25200 11 17 7285044.35098336 2379251.3052684 234068991.777999 -135660364.297881 4196.68310546875 -64226690.0348886
a position +24600 +25200 13 3 7036335.58327128 2369615.39730137 234105587.168208 7032520.89831722 2364424.086861 234090685.438967
a position +24600 +25200 15 1 7594893.60981709 2376461.11465766 234025570.603696 7597753.96102735 2381105.39394421 234041228.663472
a position +25200 +25800 5 1 7433769.77185207 2371615.58313885 234052115.61489 7418079.77339872 2376102.48537025 234055248.576663
a position +25200 +25800 6 2 7601120.78920034 2376141.57409328 234031546.186149 7585668.54767621 2381105.39394421 234029361.511028
a position +25200 +25800 7 1 7497123.02190642 2381608.30267902 234036821.792648 7491557.48902676 2378187.18547195 234051719.468378
a position +25200 +25800 8 3 6938433.04776073 2357462.23822337 234118199.464472 6943149.12236517 2361503.40872756 234103109.304454
a position +25200 +25800 9 2 7525162.72847691 2380785.92726298 234047957.323228 7519136.08086182 2379021.0035873 234032753.844254
a position +25200 +25800 13 3 7036335.58327128 2369615.39730137 234105587.168208 7032520.89831722 2364424.086861 234090685.438967
a position +25200 +25800 14 17 7288037.85868534 2379295.63740665 234066896.031006 -135660364.297881 4196.68310546875 -64226690.0348886
a position +25800 +26400 8 3 6938433.04776073 2357462.23822337 234118199.464472 6943149.12236517 2361503.40872756 234103109.304454
a position +25800 +26400 9 17 7287718.56436084 2370661.70604602 234061701.122222 -135660364.297881 4196.68310546875 -64226690.0348886
a position +25800 +26400 10 2 7267648.13146835 2366603.87958568 234071330.413932 7283433.78309984 2371515.36755163 234071702.435618
a position +25800 +26400 11 2 7671784.31671571 2387022.38875913 234023008.26866 7655970.9346074 2383189.56280037 234026921.007634
a position +25800 +26400 12 1 7363368.22910284 2379158.24283597 234060604.52607 7348320.75058251 2374017.56427624 234057601.919731
a position +25800 +26400 14 1 7190052.33411238 2373578.80531862 234087534.208437 7192807.75897959 2369012.85326875 234071931.583569
a position +25800 +26400 15 3 6630440.61799187 2347202.78547119 234142373.150749 6628656.46092257 2352321.33633721 234157785.954439
a position +26400 +27000 1 17 7657950.72341583 2382772.74675939 234031851.107506 -135850224.480266 4196.68310546875 -63799341.1678621
a position +26400 +27000 6 3 6862417.82958811 2364461.92917284 234120191.12083 6877337.78464256 2359416.94661417 234116112.867656
a position +26400 +27000 7 2 6784713.19466312 2352207.41135404 234136132.525961 6782968.44717796 2356912.90262175 234120279.427235
a position +26400 +27000 8 1 7636996.26877744 2383681.44772098 234018985.707385 7643031.43558031 2382355.92185153 234034399.128851
a position +26400 +27000 10 2 7267648.13146835 2366603.87958568 234071330.413932 7283433.78309984 2371515.36755163 234071702.435618
a position +26400 +27000 15 3 6630440.61799187 2347202.78547119 234142373.150749 6628656.46092257 2352321.33633721 234157785.954439
a position +27000 +27600 5 3 6468947.88801316 2342340.5186953 234167787.909694 6453351.43176727 2347311.14845328 234166283.107352
a position +27000 +27600 7 2 6784713.19466312 2352207.41135404 234136132.525961 6782968.44717796 2356912.90262175 234120279.427235
a position +27000 +27600 8 1 7636996.26877744 2383681.44772098 234018985.707385 7643031.43558031 2382355.92185153 234034399.128851
a position +27000 +27600 10 2 7267648.13146835 2366603.87958568 234071330.413932 7283433.78309984 2371515.36755163 234071702.435618
a position +27000 +27600 11 3 7196025.74985683 2373687.79543011 234080995.743215 7180253.71293705 2369012.85326875 234083301.827672
a position +27000 +27600 13 1 6547095.96293322 2354705.02363973 234164197.788765 6546201.48720882 2349816.39958988 234148394.100799
a position +27000 +28200 4 17 7292485.42446016 2365845.65056225 234069056.350202 -135660364.297881 4196.68310546875 -64226690.0348886
a position +27600 +28200 7 2 6784713.19466312 2352207.41135404 234136132.525961 6782968.44717796 2356912.90262175 234120279.427235
a position +27600 +28200 9 3 7357261.40656314 2379259.10500975 234055132.541182 7359310.13020744 2374017.56427624 234070490.676787
a position +27600 +28200 10 2 7267648.13146835 2366603.87958568 234071330.413932 7283433.78309984 2371515.36755163 234071702.435618
a position +27600 +28200 11 3 7196025.74985683 2373687.79543011 234080995.743215 7180253.71293705 2369012.85326875 234083301.827672
a position +27600 +28200 13 1 6547095.96293322 2354705.02363973 234164197.788765 6546201.48720882 2349816.39958988 234148394.100799
a position +27600 +28200 15 1 7594893.60981709 2376461.11465766 234025570.603696 7597753.96102735 2381105.39394421 234041228.663472
a position +28200 +28800 4 2 6526237.97161768 2353472.72942632 234160017.285674 6541005.2373214 2349398.87955648 234165217.492072
a position +28200 +28800 5 17 7290513.77426388 2379155.966967 234069753.914327 -135660364.297881 4196.68310546875 -64226690.0348886
a position +28200 +28800 7 3 6309492.34775002 2337251.62342573 234191637.790708 6309432.4901847 2342717.37271001 234176333.63427
a position +28200 +28800 9 1 6868074.20292707 2364358.06559903 234113924.131101 6867133.73859098 2359416.94661417 234129631.890075
a position +28200 +28800 10 3 6778195.76028132 2352316.002313 234130183.901414 6793584.55106384 2356912.90262175 234133477.338482
a position +28200 +28800 12 1 7363368.22910284 2379158.24283597 234060604.52607 7348320.75058251 2374017.56427624 234057601.919731
a position +28200 +28800 14 2 6462726.00790936 2342659.77219066 234161817.990685 6466250.15204615 2347311.14845328 234177260.790995
a position +28800 +29400 6 3 6862417.82958811 2364461.92917284 234120191.12083 6877337.78464256 2359416.94661417 234116112.867656
a position +28800 +29400 8 17 7385512.09727455 2374421.65420823 234065234.359024 -135711006.922728 4196.68310546875 -64111837.5250267
a position +28800 +29400 9 1 6868074.20292707 2364358.06559903 234113924.131101 6867133.73859098 2359416.94661417 234129631.890075
a position +28800 +29400 10 3 6778195.76028132 2352316.002313 234130183.901414 6793584.55106384 2356912.90262175 234133477.338482
a position +28800 +29400 11 1 6720131.80638458 2360264.40930005 234137980.921828 6704804.21115517 2354825.95832954 234138611.844235
a position +28800 +29400 12 2 6624947.60649045 2347101.58036424 234148498.314805 6640015.31250528 2352321.33633721 234145221.599552
a position +28800 +29400 14 2 6462726.00790936 2342659.77219066 234161817.990685 6466250.15204615 2347311.14845328 234177260.790995
a position +29400 +30000 7 17 7287966.49972718 2365930.81743121 234074314.438359 -135660364.297881 4196.68310546875 -64226690.0348886
a position +29400 +30000 9 3 7357261.40656314 2379259.10500975 234055132.541182 7359310.13020744 2374017.56427624 234070490.676787
a position +29400 +30000 10 1 7477105.47392355 2377947.9311805 234047195.248625 7461782.83089743 2377353.33196396 234053421.365613
a position +29400 +30000 11 1 6720131.80638458 2360264.40930005 234137980.921828 6704804.21115517 2354825.95832954 234138611.844235
a position +29400 +30000 12 2 6624947.60649045 2347101.58036424 234148498.314805 6640015.31250528 2352321.33633721 234145221.599552
a position +29400 +30000 13 2 7511509.37082176 2383003.96505386 234048505.214595 7506186.78826339 2378604.09895463 234033745.54222
a position +29400 +30000 14 3 7413290.99248919 2372786.57224037 234046840.085781 7419713.07034845 2375685.51882409 234061561.408763
a position +30000 +30600 3 17 7419713.07034845 2375685.51882409 234061561.408763 -135725535.015316 4196.68310546875 -64078974.5952655
a position +30000 +30600 4 18 6442294.8453471 2342940.52674502 234169487.553228 -135215148.854473 -3748.65649414063 -65198444.2041454
a position +30000 +30600 5 3 6468947.88801316 2342340.5186953 234167787.909694 6453351.43176727 2347311.14845328 234166283.107352
a position +30000 +30600 9 2 7525162.72847691 2380785.92726298 234047957.323228 7519136.08086182 2379021.0035873 234032753.844254
a position +30000 +30600 10 1 7477105.47392355 2377947.9311805 234047195.248625 7461782.83089743 2377353.33196396 234053421.365613
a position +30000 +30600 13 2 7511509.37082176 2383003.96505386 234048505.214595 7506186.78826339 2378604.09895463 234033745.54222
a position +30000 +30600 14 1 7190052.33411238 2373578.80531862 234087534.208437 7192807.75897959 2369012.85326875 234071931.583569
a position +30600 +31200 4 2 6526237.97161768 2353472.72942632 234160017.285674 6541005.2373214 2349398.87955648 234165217.492072
a position +30600 +31200 5 3 6468947.88801316 2342340.5186953 234167787.909694 6453351.43176727 2347311.14845328 234166283.107352
a position +30600 +31200 6 18 6448911.47962278 2354661.50561399 234170101.823701 -135215148.854473 -3748.65649414063 -65198444.2041454
a position +30600 +31200 11 2 7350161.97370564 2376491.07152776 234060744.306595 7364977.43142895 2374017.56427624 234054529.216332
a position +30600 +31200 12 17 7295302.8147996 2370528.14948933 234069448.939222 -135660364.297881 4196.68310546875 -64226690.0348886
a position +30600 +31200 13 1 6547095.96293322 2354705.02363973 234164197.788765 6546201.48720882 2349816.39958988 234148394.100799
a position +30600 +31200 14 1 7190052.33411238 2373578.80531862 234087534.208437 7192807.75897959 2369012.85326875 234071931.583569
a position +30600 +31200 15 3 6630440.61799187 2347202.78547119 234142373.150749 6628656.46092257 2352321.33633721 234157785.954439
a position +31200 +31800 2 17 7297410.95100582 2371932.42240158 234068749.956509 -135660364.297881 4196.68310546875 -64226690.0348886
a position +31200 +31800 4 2 6526237.97161768 2353472.72942632 234160017.285674 6541005.2373214 2349398.87955648 234165217.492072
a position +31200 +31800 5 3 6468947.88801316 2342340.5186953 234167787.909694 6453351.43176727 2347311.14845328 234166283.107352
a position +31200 +31800 10 18 6455545.64864881 2342709.55009298 234169913.999273 -135215148.854473 -3748.65649414063 -65198444.2041454
a position +31200 +31800 12 1 7363368.22910284 2379158.24283597 234060604.52607 7348320.75058251 2374017.56427624 234057601.919731
a position +31200 +31800 13 1 6547095.96293322 2354705.02363973 234164197.788765 6546201.48720882 2349816.39958988 234148394.100799
a position +31200 +31800 15 3 6630440.61799187 2347202.78547119 234142373.150749 6628656.46092257 2352321.33633721 234157785.954439
a position +31800 +32400 1 17 7282230.87610675 2371932.42240158 234061236.511956 -135660364.297881 4196.68310546875 -64226690.0348886
a position +31800 +32400 4 2 6526237.97161768 2353472.72942632 234160017.285674 6541005.2373214 2349398.87955648 234165217.492072
a position +31800 +32400 5 1 7433769.77185207 2371615.58313885 234052115.61489 7418079.77339872 2376102.48537025 234055248.576663
a position +31800 +32400 8 2 7441682.28020602 2371059.99127587 234056177.535237 7442317.40204645 2376519.44307684 234040908.006286
a position +31800 +32400 11 3 7196025.74985683 2373687.79543011 234080995.743215 7180253.71293705 2369012.85326875 234083301.827672
a position +31800 +32400 14 3 7413290.99248919 2372786.57224037 234046840.085781 7419713.07034845 2375685.51882409 234061561.408763
a position +32400 +33000 4 2 6526237.97161768 2353472.72942632 234160017.285674 6541005.2373214 2349398.87955648 234165217.492072
a position +32400 +33000 5 1 7433769.77185207 2371615.58313885 234052115.61489 7418079.77339872 2376102.48537025 234055248.576663
a position +32400 +33000 6 1 6372932.70880469 2349541.50915531 234178161.442471 6388833.59731645 2344805.58329271 234176983.172774
a position +32400 +33000 8 2 7441682.28020602 2371059.99127587 234056177.535237 7442317.40204645 2376519.44307684 234040908.006286
a position +32400 +33000 11 3 7196025.74985683 2373687.79543011 234080995.743215 7180253.71293705 2369012.85326875 234083301.827672
a position +32400 +33000 14 3 7413290.99248919 2372786.57224037 234046840.085781 7419713.07034845 2375685.51882409 234061561.408763
a position +33000 +33600 4 2 6526237.97161768 2353472.72942632 234160017.285674 6541005.2373214 2349398.87955648 234165217.492072
a position +33000 +33600 5 1 7433769.77185207 2371615.58313885 234052115.61489 7418079.77339872 2376102.48537025 234055248.576663
a position +33000 +33600 6 1 6372932.70880469 2349541.50915531 234178161.442471 6388833.59731645 2344805.58329271 234176983.172774
a position +33000 +33600 8 2 7441682.28020602 2371059.99127587 234056177.535237 7442317.40204645 2376519.44307684 234040908.006286
a position +31800 +33600 9 18 7064051.37846759 2364625.68555995 234104186.728593 -135544471.337839 -3748.65649414063 -64477870.8806247
a position +33000 +33600 11 3 7196025.74985683 2373687.79543011 234080995.743215 7180253.71293705 2369012.85326875 234083301.827672
a position +33000 +33600 14 3 7413290.99248919 2372786.57224037 234046840.085781 7419713.07034845 2375685.51882409 234061561.408763
a position +33600 +34200 4 2 6526237.97161768 2353472.72942632 234160017.285674 6541005.2373214 2349398.87955648 234165217.492072
a position +33600 +34200 5 1 7433769.77185207 2371615.58313885 234052115.61489 7418079.77339872 2376102.48537025 234055248.576663
a position +33600 +34200 6 1 6372932.70880469 2349541.50915531 234178161.442471 6388833.59731645 2344805.58329271 234176983.172774
a position +33600 +34200 8 2 7441682.28020602 2371059.99127587 234056177.535237 7442317.40204645 2376519.44307684 234040908.006286
a position +32400 +34200 10 17 7282608.74103278 2366017.81244704 234069685.31597 -135660364.297881 4196.68310546875 -64226690.0348886
a position +33600 +34200 11 3 7196025.74985683 2373687.79543011 234080995.743215 7180253.71293705 2369012.85326875 234083301.827672
a position +33600 +34200 14 3 7413290.99248919 2372786.57224037 234046840.085781 7419713.07034845 2375685.51882409 234061561.408763
a position +34200 +34800 4 2 6526237.97161768 2353472.72942632 234160017.285674 6541005.2373214 2349398.87955648 234165217.492072
a position +34200 +34800 5 1 7433769.77185207 2371615.58313885 234052115.61489 7418079.77339872 2376102.48537025 234055248.576663
a position +34200 +34800 6 1 6372932.70880469 2349541.50915531 234178161.442471 6388833.59731645 2344805.58329271 234176983.172774
a position +34200 +34800 8 2 7441682.28020602 2371059.99127587 234056177.535237 7442317.40204645 2376519.44307684 234040908.006286
a position +34200 +34800 11 3 7196025.74985683 2373687.79543011 234080995.743215 7180253.71293705 2369012.85326875 234083301.827672
a position +34200 +34800 14 3 7413290.99248919 2372786.57224037 234046840.085781 7419713.07034845 2375685.51882409 234061561.408763
a position +34800 +35400 5 1 7433769.77185207 2371615.58313885 234052115.61489 7418079.77339872 2376102.48537025 234055248.576663
a position +34800 +35400 6 1 6372932.70880469 2349541.50915531 234178161.442471 6388833.59731645 2344805.58329271 234176983.172774
a position +34800 +35400 8 2 7441682.28020602 2371059.99127587 234056177.535237 7442317.40204645 2376519.44307684 234040908.006286
a position +34800 +35400 11 3 7196025.74985683 2373687.79543011 234080995.743215 7180253.71293705 2369012.85326875 234083301.827672
a position +34800 +35400 12 2 6624947.60649045 2347101.58036424 234148498.314805 6640015.31250528 2352321.33633721 234145221.599552
a position +34800 +35400 14 3 7413290.99248919 2372786.57224037 234046840.085781 7419713.07034845 2375685.51882409 234061561.408763
a position +33600 +35400 15 18 7301621.42560993 2372207.79516179 234075454.510637 -135673634.422752 -3748.65649414063 -64202438.0764799
a position +35400 +36000 4 1 7030556.535852 2369910.73476371 234100087.732969 7045728.43405905 2364424.086861 234101289.56659
a position +35400 +36000 6 1 6372932.70880469 2349541.50915531 234178161.442471 6388833.59731645 2344805.58329271 234176983.172774
a position +35400 +36000 7 3 6309492.34775002 2337251.62342573 234191637.790708 6309432.4901847 2342717.37271001 234176333.63427
a position +34200 +36000 9 17 7287718.56436084 2370661.70604602 234061701.122222 -135660364.297881 4196.68310546875 -64226690.0348886
a position +35400 +36000 10 3 6778195.76028132 2352316.002313 234130183.901414 6793584.55106384 2356912.90262175 234133477.338482
a position +35400 +36000 12 2 6624947.60649045 2347101.58036424 234148498.314805 6640015.31250528 2352321.33633721 234145221.599552
a position +35400 +36000 14 2 6462726.00790936 2342659.77219066 234161817.990685 6466250.15204615 2347311.14845328 234177260.790995
a position +36000 +36600 4 1 7030556.535852 2369910.73476371 234100087.732969 7045728.43405905 2364424.086861 234101289.56659
a position +36000 +36600 5 2 6957914.23637377 2356650.91371307 234109602.949202 6942494.72881672 2361920.67481569 234111087.346203
a position +36000 +36600 6 3 6862417.82958811 2364461.92917284 234120191.12083 6877337.78464256 2359416.94661417 234116112.867656
a position +36000 +36600 8 3 6938433.04776073 2357462.23822337 234118199.464472 6943149.12236517 2361503.40872756 234103109.304454
a position +35400 +36600 13 18 6980157.04503937 2362816.87771766 234114301.717052 -135498860.726485 -3748.65649414063 -64575701.913876
a position +36000 +36600 14 2 6462726.00790936 2342659.77219066 234161817.990685 6466250.15204615 2347311.14845328 234177260.790995
a position +36000 +36600 15 1 7301621.42560993 2372207.79516179 234075454.510637 7295210.19011818 2372349.46842884 234060299.159685
a position +36600 +37200 4 1 7030556.535852 2369910.73476371 234100087.732969 7045728.43405905 2364424.086861 234101289.56659
a position +36600 +37200 6 2 7337040.02869976 2377838.7367177 234062798.074099 7351751.85433359 2373600.55355694 234057236.352496
a position +36600 +37200 7 2 6784713.19466312 2352207.41135404 234136132.525961 6782968.44717796 2356912.90262175 234120279.427235
a position +36600 +37200 9 3 7357261.40656314 2379259.10500975 234055132.541182 7359310.13020744 2374017.56427624 234070490.676787
a position +36000 +37200 11 17 7285044.35098336 2379251.3052684 234068991.777999 -135660364.297881 4196.68310546875 -64226690.0348886
a position +36600 +37200 12 18 6449342.66267797 2354653.98960034 234169288.017724 -135215148.854473 -3748.65649414063 -65198444.2041454
a position +36600 +37200 13 3 7036335.58327128 2369615.39730137 234105587.168208 7032520.89831722 2364424.086861 234090685.438967
a position +36600 +37200 15 1 7301621.42560993 2372207.79516179 234075454.510637 7295210.19011818 2372349.46842884 234060299.159685
a position +37200 +37800 4 3 7253008.63912186 2367963.65226754 234074323.318244 7238407.93475495 2370681.23139023 234080957.70064
a position +37200 +37800 5 18 6455767.75816778 2343078.69581256 234169494.794362 -135215148.854473 -3748.65649414063 -65198444.2041454
a position +37200 +37800 8 1 6266879.23026747 2348916.89748717 234188822.243013 6273100.43395212 2341464.34189563 234198868.268371
a position +37200 +37800 9 1 6868074.20292707 2364358.06559903 234113924.131101 6867133.73859098 2359416.94661417 234129631.890075
a position +37200 +37800 11 2 7350161.97370564 2376491.07152776 234060744.306595 7364977.43142895 2374017.56427624 234054529.216332
a position +37200 +37800 13 3 7036335.58327128 2369615.39730137 234105587.168208 7032520.89831722 2364424.086861 234090685.438967
a position +37200 +37800 14 17 7288037.85868534 2379295.63740665 234066896.031006 -135660364.297881 4196.68310546875 -64226690.0348886
a position +37200 +37800 15 2 7119643.71256703 2361516.1620761 234084108.402996 7120844.50730539 2366927.18238416 234099425.805757
a position +37800 +38400 4 3 7253008.63912186 2367963.65226754 234074323.318244 7238407.93475495 2370681.23139023 234080957.70064
a position +37800 +38400 5 2 6957914.23637377 2356650.91371307 234109602.949202 6942494.72881672 2361920.67481569 234111087.346203
a position +37800 +38400 7 18 7217758.18701015 2370018.20072306 234085632.096798 -135628141.657561 -3748.65649414063 -64299347.0189424
a position +37800 +38400 8 1 6266879.23026747 2348916.89748717 234188822.243013 6273100.43395212 2341464.34189563 234198868.268371
a position +37800 +38400 9 1 6868074.20292707 2364358.06559903 234113924.131101 6867133.73859098 2359416.94661417 234129631.890075
a position +37800 +38400 12 3 6272535.94956748 2335746.75981513 234191317.27253 6271153.34133758 2341464.34189563 234182042.830685
a position +37800 +38400 15 2 7119643.71256703 2361516.1620761 234084108.402996 7120844.50730539 2366927.18238416 234099425.805757
a position +37800 +39000 6 17 7279956.7080917 2370795.64967544 234069315.768663 -135660364.297881 4196.68310546875 -64226690.0348886
a position +38400 +39000 7 1 7273937.92628105 2366499.58736784 234077013.189818 7269340.794344 2371515.36755163 234062307.001039
a position +38400 +39000 9 2 6378856.39739143 2349433.31999134 234171665.197536 6375037.05607594 2344805.58329271 234186808.750253
a position +38400 +39000 10 3 6778195.76028132 2352316.002313 234130183.901414 6793584.55106384 2356912.90262175 234133477.338482
a position +38400 +39000 11 1 6720131.80638458 2360264.40930005 234137980.921828 6704804.21115517 2354825.95832954 234138611.844235
a position +38400 +39000 12 3 6272535.94956748 2335746.75981513 234191317.27253 6271153.34133758 2341464.34189563 234182042.830685
a position +38400 +39000 13 2 6267187.88823854 2339901.3312399 234183397.710163 6257555.63117834 2341464.34189563 234192141.781196
a position +38400 +39000 14 18 7147916.37515274 2368423.64973547 234094063.547701 -135590127.900841 -3748.65649414063 -64380355.3012558
a position +39000 +39600 5 17 7290513.77426388 2379155.966967 234069753.914327 -135660364.297881 4196.68310546875 -64226690.0348886
a position +39000 +39600 6 2 7337040.02869976 2377838.7367177 234062798.074099 7351751.85433359 2373600.55355694 234057236.352496
a position +39000 +39600 7 3 6309492.34775002 2337251.62342573 234191637.790708 6309432.4901847 2342717.37271001 234176333.63427
a position +39000 +39600 8 18 6896290.16296458 2360219.33364748 234124359.939741 -135453383.122144 -3748.65649414063 -64673806.2169659
a position +39000 +39600 9 3 7357261.40656314 2379259.10500975 234055132.541182 7359310.13020744 2374017.56427624 234070490.676787
a position +39000 +39600 10 1 6259678.36185123 2339768.76566514 234191106.488135 6273100.43395212 2341464.34189563 234198868.268371
a position +39000 +39600 12 1 7363368.22910284 2379158.24283597 234060604.52607 7348320.75058251 2374017.56427624 234057601.919731
a position +39000 +39600 13 2 6267187.88823854 2339901.3312399 234183397.710163 6257555.63117834 2341464.34189563 234192141.781196
a position +39600 +40200 2 17 7297410.95100582 2371932.42240158 234068749.956509 -135660364.297881 4196.68310546875 -64226690.0348886
a position +39600 +40200 6 3 6862417.82958811 2364461.92917284 234120191.12083 6877337.78464256 2359416.94661417 234116112.867656
a position +39600 +40200 8 3 6938433.04776073 2357462.23822337 234118199.464472 6943149.12236517 2361503.40872756 234103109.304454
a position +39600 +40200 9 2 6378856.39739143 2349433.31999134 234171665.197536 6375037.05607594 2344805.58329271 234186808.750253
a position +39600 +40200 10 1 6259678.36185123 2339768.76566514 234191106.488135 6273100.43395212 2341464.34189563 234198868.268371
a position +39600 +40200 11 1 6720131.80638458 2360264.40930005 234137980.921828 6704804.21115517 2354825.95832954 234138611.844235
a position +39600 +40200 14 18 7147916.37515274 2368423.64973547 234094063.547701 -135590127.900841 -3748.65649414063 -64380355.3012558
a position +40200 +40800 3 17 7283314.07970302 2371932.42240158 234078139.564727 -135660364.297881 4196.68310546875 -64226690.0348886
a position +40200 +40800 4 3 7253008.63912186 2367963.65226754 234074323.318244 7238407.93475495 2370681.23139023 234080957.70064
a position +40200 +40800 5 2 6957914.23637377 2356650.91371307 234109602.949202 6942494.72881672 2361920.67481569 234111087.346203
a position +40200 +40800 7 1 7273937.92628105 2366499.58736784 234077013.189818 7269340.794344 2371515.36755163 234062307.001039
a position +40200 +40800 9 2 6378856.39739143 2349433.31999134 234171665.197536 6375037.05607594 2344805.58329271 234186808.750253
a position +40200 +40800 11 18 6442085.77181091 2343317.18847846 234169882.154295 -135215148.854473 -3748.65649414063 -65198444.2041454
a position +40200 +40800 15 1 7301621.42560993 2372207.79516179 234075454.510637 7295210.19011818 2372349.46842884 234060299.159685
a position +40800 +41400 4 3 7253008.63912186 2367963.65226754 234074323.318244 7238407.93475495 2370681.23139023 234080957.70064
a position +40800 +41400 5 2 6957914.23637377 2356650.91371307 234109602.949202 6942494.72881672 2361920.67481569 234111087.346203
a position +40800 +41400 6 18 6448911.47962278 2354661.50561399 234170101.823701 -135215148.854473 -3748.65649414063 -65198444.2041454
a position +40800 +41400 7 1 7273937.92628105 2366499.58736784 234077013.189818 7269340.794344 2371515.36755163 234062307.001039
a position +40800 +41400 8 17 7287270.84272762 2379204.74372747 234072110.472611 -135660364.297881 4196.68310546875 -64226690.0348886
a position +40800 +41400 11 2 6269595.0950494 2348877.50020657 234190629.119586 6257555.63117834 2341464.34189563 234192141.781196
a position +40800 +41400 13 3 7036335.58327128 2369615.39730137 234105587.168208 7032520.89831722 2364424.086861 234090685.438967
a position +40800 +41400 15 1 7301621.42560993 2372207.79516179 234075454.510637 7295210.19011818 2372349.46842884 234060299.159685
a position +41400 +42000 4 1 7030556.535852 2369910.73476371 234100087.732969 7045728.43405905 2364424.086861 234101289.56659
a position +41400 +42000 7 1 7273937.92628105 2366499.58736784 234077013.189818 7269340.794344 2371515.36755163 234062307.001039
a position +41400 +42000 9 2 6378856.39739143 2349433.31999134 234171665.197536 6375037.05607594 2344805.58329271 234186808.750253
a position +41400 +42000 10 3 6778195.76028132 2352316.002313 234130183.901414 6793584.55106384 2356912.90262175 234133477.338482
a position +41400 +42000 11 2 6269595.0950494 2348877.50020657 234190629.119586 6257555.63117834 2341464.34189563 234192141.781196
a position +41400 +42000 12 18 6449342.66267797 2354653.98960034 234169288.017724 -135215148.854473 -3748.65649414063 -65198444.2041454
a position +41400 +42000 13 3 7036335.58327128 2369615.39730137 234105587.168208 7032520.89831722 2364424.086861 234090685.438967
a position +41400 +42000 14 17 7288037.85868534 2379295.63740665 234066896.031006 -135660364.297881 4196.68310546875 -64226690.0348886
a position +42000 +42600 6 3 6862417.82958811 2364461.92917284 234120191.12083 6877337.78464256 2359416.94661417 234116112.867656
a position +42000 +42600 8 18 6896290.16296458 2360219.33364748 234124359.939741 -135453383.122144 -3748.65649414063 -64673806.2169659
a position +42000 +42600 9 1 6868074.20292707 2364358.06559903 234113924.131101 6867133.73859098 2359416.94661417 234129631.890075
a position +42000 +42600 10 3 6778195.76028132 2352316.002313 234130183.901414 6793584.55106384 2356912.90262175 234133477.338482
a position +42000 +42600 11 2 6269595.0950494 2348877.50020657 234190629.119586 6257555.63117834 2341464.34189563 234192141.781196
a position +42000 +42600 12 17 7295302.8147996 2370528.14948933 234069448.939222 -135660364.297881 4196.68310546875 -64226690.0348886
a position +42000 +42600 14 1 7190052.33411238 2373578.80531862 234087534.208437 7192807.75897959 2369012.85326875 234071931.583569
a position +42000 +42600 15 2 7119643.71256703 2361516.1620761 234084108.402996 7120844.50730539 2366927.18238416 234099425.805757
a position +42600 +43200 4 18 6442294.8453471 2342940.52674502 234169487.553228 -135215148.854473 -3748.65649414063 -65198444.2041454
a position +42600 +43200 6 3 6862417.82958811 2364461.92917284 234120191.12083 6877337.78464256 2359416.94661417 234116112.867656
a position +42600 +43200 7 3 6309492.34775002 2337251.62342573 234191637.790708 6309432.4901847 2342717.37271001 234176333.63427
a position +42600 +43200 8 1 6266879.23026747 2348916.89748717 234188822.243013 6273100.43395212 2341464.34189563 234198868.268371
a position +42600 +43200 13 2 6267187.88823854 2339901.3312399 234183397.710163 6257555.63117834 2341464.34189563 234192141.781196
a position +42600 +43200 14 1 7190052.33411238 2373578.80531862 234087534.208437 7192807.75897959 2369012.85326875 234071931.583569
a position +42600 +43200 15 2 7119643.71256703 2361516.1620761 234084108.402996 7120844.50730539 2366927.18238416 234099425.805757
a position +43200 +43800 5 3 6468947.88801316 2342340.5186953 234167787.909694 6453351.43176727 2347311.14845328 234166283.107352
a position +43200 +43800 7 3 6309492.34775002 2337251.62342573 234191637.790708 6309432.4901847 2342717.37271001 234176333.63427
a position +43200 +43800 8 1 6266879.23026747 2348916.89748717 234188822.243013 6273100.43395212 2341464.34189563 234198868.268371
a position +43200 +43800 10 18 6455545.64864881 2342709.55009298 234169913.999273 -135215148.854473 -3748.65649414063 -65198444.2041454
a position +43200 +43800 11 1 6720131.80638458 2360264.40930005 234137980.921828 6704804.21115517 2354825.95832954 234138611.844235
a position +43200 +43800 12 2 6624947.60649045 2347101.58036424 234148498.314805 6640015.31250528 2352321.33633721 234145221.599552
a position +43200 +43800 13 2 6267187.88823854 2339901.3312399 234183397.710163 6257555.63117834 2341464.34189563 234192141.781196
a position +43800 +44400 5 3 6468947.88801316 2342340.5186953 234167787.909694 6453351.43176727 2347311.14845328 234166283.107352
a position +43800 +44400 7 18 7217758.18701015 2370018.20072306 234085632.096798 -135628141.657561 -3748.65649414063 -64299347.0189424
a position +43800 +44400 10 1 6259678.36185123 2339768.76566514 234191106.488135 6273100.43395212 2341464.34189563 234198868.268371
a position +43800 +44400 12 2 6624947.60649045 2347101.58036424 234148498.314805 6640015.31250528 2352321.33633721 234145221.599552
a position +43800 +44400 13 1 6547095.96293322 2354705.02363973 234164197.788765 6546201.48720882 2349816.39958988 234148394.100799
a position +43800 +44400 14 2 6462726.00790936 2342659.77219066 234161817.990685 6466250.15204615 2347311.14845328 234177260.790995
a position +43800 +44400 15 3 6630440.61799187 2347202.78547119 234142373.150749 6628656.46092257 2352321.33633721 234157785.954439
a position +44400 +45000 7 2 6784713.19466312 2352207.41135404 234136132.525961 6782968.44717796 2356912.90262175 234120279.427235
a position +44400 +45000 8 3 6938433.04776073 2357462.23822337 234118199.464472 6943149.12236517 2361503.40872756 234103109.304454
a position +44400 +45000 11 18 6442085.77181091 2343317.18847846 234169882.154295 -135215148.854473 -3748.65649414063 -65198444.2041454
a position +44400 +45000 12 1 7099560.88083172 2362078.62640764 234091609.37727 7114582.41332892 2366510.02179329 234086782.427906
a position +44400 +45000 13 1 6547095.96293322 2354705.02363973 234164197.788765 6546201.48720882 2349816.39958988 234148394.100799
a position +44400 +45000 14 2 6462726.00790936 2342659.77219066 234161817.990685 6466250.15204615 2347311.14845328 234177260.790995
a position +44400 +45000 15 3 6630440.61799187 2347202.78547119 234142373.150749 6628656.46092257 2352321.33633721 234157785.954439
a position +45000 +45600 5 18 6455767.75816778 2343078.69581256 234169494.794362 -135215148.854473 -3748.65649414063 -65198444.2041454
a position +45000 +45600 6 2 6261807.04816339 2335933.77683364 234190727.782118 6257555.63117834 2341464.34189563 234192141.781196
a position +45000 +45600 7 2 6784713.19466312 2352207.41135404 234136132.525961 6782968.44717796 2356912.90262175 234120279.427235
a position +45000 +45600 9 3 7078101.18264463 2363659.57994327 234102261.42925 7071287.57158604 2365675.67421078 234087633.338072
a position +45000 +45600 10 1 6259678.36185123 2339768.76566514 234191106.488135 6273100.43395212 2341464.34189563 234198868.268371
a position +45000 +45600 11 1 6720131.80638458 2360264.40930005 234137980.921828 6704804.21115517 2354825.95832954 234138611.844235
a position +45000 +45600 12 3 6272535.94956748 2335746.75981513 234191317.27253 6271153.34133758 2341464.34189563 234182042.830685
a position +45600 +46200 1 18 6973024.93877439 2362337.93212172 234115181.827508 -135491269.71357 -3748.65649414063 -64592035.1246989
a position +45600 +46200 5 2 6957914.23637377 2356650.91371307 234109602.949202 6942494.72881672 2361920.67481569 234111087.346203
a position +45600 +46200 6 2 6261807.04816339 2335933.77683364 234190727.782118 6257555.63117834 2341464.34189563 234192141.781196
a position +45600 +46200 8 3 6938433.04776073 2357462.23822337 234118199.464472 6943149.12236517 2361503.40872756 234103109.304454
a position +45600 +46200 9 3 7078101.18264463 2363659.57994327 234102261.42925 7071287.57158604 2365675.67421078 234087633.338072
a position +45600 +46200 12 1 7099560.88083172 2362078.62640764 234091609.37727 7114582.41332892 2366510.02179329 234086782.427906
a position +46200 +46800 4 18 6442294.8453471 2342940.52674502 234169487.553228 -135215148.854473 -3748.65649414063 -65198444.2041454
a position +46200 +46800 6 2 6261807.04816339 2335933.77683364 234190727.782118 6257555.63117834 2341464.34189563 234192141.781196
a position +46200 +46800 9 1 6868074.20292707 2364358.06559903 234113924.131101 6867133.73859098 2359416.94661417 234129631.890075
a position +46200 +46800 12 3 6272535.94956748 2335746.75981513 234191317.27253 6271153.34133758 2341464.34189563 234182042.830685
a position +46200 +46800 13 3 7036335.58327128 2369615.39730137 234105587.168208 7032520.89831722 2364424.086861 234090685.438967
a position +46200 +46800 14 2 6462726.00790936 2342659.77219066 234161817.990685 6466250.15204615 2347311.14845328 234177260.790995
a position +46200 +46800 15 1 6266965.39197594 2335655.84964081 234196183.049596 6273100.43395212 2341464.34189563 234198868.268371
a position +46800 +47400 3 18 6734759.98266489 2355243.36470154 234144161.366083 -135363099.881098 -3748.65649414063 -64870563.8979871
a position +46800 +47400 5 3 6468947.88801316 2342340.5186953 234167787.909694 6453351.43176727 2347311.14845328 234166283.107352
a position +46800 +47400 9 1 6868074.20292707 2364358.06559903 234113924.131101 6867133.73859098 2359416.94661417 234129631.890075
a position +46800 +47400 10 2 7015311.36272509 2366524.11639771 234103009.52837 7000250.38309053 2363589.65133033 234108983.577337
a position +46800 +47400 14 2 6462726.00790936 2342659.77219066 234161817.990685 6466250.15204615 2347311.14845328 234177260.790995
a position +46800 +47400 15 1 6266965.39197594 2335655.84964081 234196183.049596 6273100.43395212 2341464.34189563 234198868.268371
a position +47400 +48000 4 1 7030556.535852 2369910.73476371 234100087.732969 7045728.43405905 2364424.086861 234101289.56659
a position +47400 +48000 5 3 6468947.88801316 2342340.5186953 234167787.909694 6453351.43176727 2347311.14845328 234166283.107352
a position +47400 +48000 6 3 6862417.82958811 2364461.92917284 234120191.12083 6877337.78464256 2359416.94661417 234116112.867656
a position +47400 +48000 10 2 7015311.36272509 2366524.11639771 234103009.52837 7000250.38309053 2363589.65133033 234108983.577337
a position +47400 +48000 12 1 7099560.88083172 2362078.62640764 234091609.37727 7114582.41332892 2366510.02179329 234086782.427906
a position +47400 +48000 15 2 7119643.71256703 2361516.1620761 234084108.402996 7120844.50730539 2366927.18238416 234099425.805757
a position +48000 +48600 4 1 7030556.535852 2369910.73476371 234100087.732969 7045728.43405905 2364424.086861 234101289.56659
a position +48000 +48600 5 3 6468947.88801316 2342340.5186953 234167787.909694 6453351.43176727 2347311.14845328 234166283.107352
a position +48000 +48600 6 3 6862417.82958811 2364461.92917284 234120191.12083 6877337.78464256 2359416.94661417 234116112.867656
a position +48000 +48600 7 1 6966232.37870099 2361268.26777696 234100496.577161 6973024.93877439 2362337.93212172 234115181.827508
a position +48000 +48600 12 2 6624947.60649045 2347101.58036424 234148498.314805 6640015.31250528 2352321.33633721 234145221.599552
a position +47400 +48600 13 18 6980157.04503937 2362816.87771766 234114301.717052 -135498860.726485 -3748.65649414063 -64575701.913876
a position +48000 +48600 15 2 7119643.71256703 2361516.1620761 234084108.402996 7120844.50730539 2366927.18238416 234099425.805757
a position +48600 +49200 7 1 6966232.37870099 2361268.26777696 234100496.577161 6973024.93877439 2362337.93212172 234115181.827508
a position +48600 +49200 8 18 6896290.16296458 2360219.33364748 234124359.939741 -135453383.122144 -3748.65649414063 -64673806.2169659
a position +48600 +49200 9 3 7078101.18264463 2363659.57994327 234102261.42925 7071287.57158604 2365675.67421078 234087633.338072
a position +48600 +49200 10 3 6778195.76028132 2352316.002313 234130183.901414 6793584.55106384 2356912.90262175 234133477.338482
a position +48600 +49200 11 1 6720131.80638458 2360264.40930005 234137980.921828 6704804.21115517 2354825.95832954 234138611.844235
a position +48600 +49200 12 2 6624947.60649045 2347101.58036424 234148498.314805 6640015.31250528 2352321.33633721 234145221.599552
a position +48600 +49200 13 2 6267187.88823854 2339901.3312399 234183397.710163 6257555.63117834 2341464.34189563 234192141.781196
a position +49200 +49800 5 18 6455767.75816778 2343078.69581256 234169494.794362 -135215148.854473 -3748.65649414063 -65198444.2041454
a position +49200 +49800 8 1 6266879.23026747 2348916.89748717 234188822.243013 6273100.43395212 2341464.34189563 234198868.268371
a position +49200 +49800 9 3 7078101.18264463 2363659.57994327 234102261.42925 7071287.57158604 2365675.67421078 234087633.338072
a position +49200 +49800 10 3 6778195.76028132 2352316.002313 234130183.901414 6793584.55106384 2356912.90262175 234133477.338482
a position +49200 +49800 11 2 6269595.0950494 2348877.50020657 234190629.119586 6257555.63117834 2341464.34189563 234192141.781196
a position +49200 +49800 13 2 6267187.88823854 2339901.3312399 234183397.710163 6257555.63117834 2341464.34189563 234192141.781196
a position +49200 +49800 14 1 6938021.73369088 2357696.23924336 234104775.157466 6943072.29501491 2361503.40872756 234120046.855061
a position +49800 +50400 4 3 6274797.36199516 2339505.22420611 234190914.953743 6271153.34133758 2341464.34189563 234182042.830685
a position +49800 +50400 6 18 6448911.47962278 2354661.50561399 234170101.823701 -135215148.854473 -3748.65649414063 -65198444.2041454
a position +49800 +50400 9 2 6378856.39739143 2349433.31999134 234171665.197536 6375037.05607594 2344805.58329271 234186808.750253
a position +49800 +50400 11 2 6269595.0950494 2348877.50020657 234190629.119586 6257555.63117834 2341464.34189563 234192141.781196
a position +49800 +50400 13 1 6547095.96293322 2354705.02363973 234164197.788765 6546201.48720882 2349816.39958988 234148394.100799
a position +49800 +50400 14 1 6938021.73369088 2357696.23924336 234104775.157466 6943072.29501491 2361503.40872756 234120046.855061
a position +49800 +50400 15 3 6630440.61799187 2347202.78547119 234142373.150749 6628656.46092257 2352321.33633721 234157785.954439
a position +50400 +51000 4 3 6274797.36199516 2339505.22420611 234190914.953743 6271153.34133758 2341464.34189563 234182042.830685
a position +50400 +51000 7 18 6449204.61654831 2342824.41866652 234163068.312878 -135215148.854473 -3748.65649414063 -65198444.2041454
a position +50400 +51000 8 1 6266879.23026747 2348916.89748717 234188822.243013 6273100.43395212 2341464.34189563 234198868.268371
a position +50400 +51000 9 2 6378856.39739143 2349433.31999134 234171665.197536 6375037.05607594 2344805.58329271 234186808.750253
a position +50400 +51000 10 2 7015311.36272509 2366524.11639771 234103009.52837 7000250.38309053 2363589.65133033 234108983.577337
a position +50400 +51000 13 1 6547095.96293322 2354705.02363973 234164197.788765 6546201.48720882 2349816.39958988 234148394.100799
a position +50400 +51000 15 3 6630440.61799187 2347202.78547119 234142373.150749 6628656.46092257 2352321.33633721 234157785.954439
a position +51000 +51600 6 2 6261807.04816339 2335933.77683364 234190727.782118 6257555.63117834 2341464.34189563 234192141.781196
a position +51000 +51600 7 2 6784713.19466312 2352207.41135404 234136132.525961 6782968.44717796 2356912.90262175 234120279.427235
a position +51000 +51600 8 3 6938433.04776073 2357462.23822337 234118199.464472 6943149.12236517 2361503.40872756 234103109.304454
a position +51000 +51600 9 1 6868074.20292707 2364358.06559903 234113924.131101 6867133.73859098 2359416.94661417 234129631.890075
a position +51000 +51600 10 1 6259678.36185123 2339768.76566514 234191106.488135 6273100.43395212 2341464.34189563 234198868.268371
a position +51000 +51600 11 18 6442085.77181091 2343317.18847846 234169882.154295 -135215148.854473 -3748.65649414063 -65198444.2041454
a position +51000 +51600 12 3 6272535.94956748 2335746.75981513 234191317.27253 6271153.34133758 2341464.34189563 234182042.830685
a position +51600 +52200 4 1 7030556.535852 2369910.73476371 234100087.732969 7045728.43405905 2364424.086861 234101289.56659
a position +51600 +52200 7 2 6784713.19466312 2352207.41135404 234136132.525961 6782968.44717796 2356912.90262175 234120279.427235
a position +51600 +52200 8 3 6938433.04776073 2357462.23822337 234118199.464472 6943149.12236517 2361503.40872756 234103109.304454
a position +51600 +52200 10 2 7015311.36272509 2366524.11639771 234103009.52837 7000250.38309053 2363589.65133033 234108983.577337
a position +51600 +52200 11 1 6720131.80638458 2360264.40930005 234137980.921828 6704804.21115517 2354825.95832954 234138611.844235
a position +51600 +52200 12 3 6272535.94956748 2335746.75981513 234191317.27253 6271153.34133758 2341464.34189563 234182042.830685
a position +51600 +52200 14 18 6658678.93227245 2353421.27045405 234152683.105229 -135325811.860816 -3748.65649414063 -64952633.1948039
a position +52200 +52800 2 18 6511406.48874369 2348563.81329742 234170408.893521 -135244496.140835 -3748.65649414063 -65133003.430842
a position +52200 +52800 5 2 6957914.23637377 2356650.91371307 234109602.949202 6942494.72881672 2361920.67481569 234111087.346203
a position +52200 +52800 6 16 6261807.04816339 2335933.77683364 234190727.782118 -135117043.787059 3750.98291015625 -65403216.9563235
a position +52200 +52800 7 3 6309492.34775002 2337251.62342573 234191637.790708 6309432.4901847 2342717.37271001 234176333.63427
a position +52200 +52800 10 1 6259678.36185123 2339768.76566514 234191106.488135 6273100.43395212 2341464.34189563 234198868.268371
a position +52200 +52800 13 3 7036335.58327128 2369615.39730137 234105587.168208 7032520.89831722 2364424.086861 234090685.438967
a position +52200 +52800 15 1 6266965.39197594 2335655.84964081 234196183.049596 6273100.43395212 2341464.34189563 234198868.268371
a position +52800 +53400 1 18 6973024.93877439 2362337.93212172 234115181.827508 -135491269.71357 -3748.65649414063 -64592035.1246989
a position +52800 +53400 1 16 6973024.93877439 2362337.93212172 234115181.827508 -135498846.316597 3750.98291015625 -64593526.7592204
a position +52800 +53400 4 2 6526237.97161768 2353472.72942632 234160017.285674 6541005.2373214 2349398.87955648 234165217.492072
a position +52800 +53400 5 2 6957914.23637377 2356650.91371307 234109602.949202 6942494.72881672 2361920.67481569 234111087.346203
a position +52800 +53400 7 3 6309492.34775002 2337251.62342573 234191637.790708 6309432.4901847 2342717.37271001 234176333.63427
a position +52800 +53400 13 3 7036335.58327128 2369615.39730137 234105587.168208 7032520.89831722 2364424.086861 234090685.438967
a position +53400 +54000 4 2 6526237.97161768 2353472.72942632 234160017.285674 6541005.2373214 2349398.87955648 234165217.492072
a position +53400 +54000 5 2 6957914.23637377 2356650.91371307 234109602.949202 6942494.72881672 2361920.67481569 234111087.346203
a position +53400 +54000 6 3 6862417.82958811 2364461.92917284 234120191.12083 6877337.78464256 2359416.94661417 234116112.867656
a position +53400 +54000 8 1 6266879.23026747 2348916.89748717 234188822.243013 6273100.43395212 2341464.34189563 234198868.268371
a position +53400 +54000 9 1 6868074.20292707 2364358.06559903 234113924.131101 6867133.73859098 2359416.94661417 234129631.890075
a position +53400 +54000 14 3 6267656.12625352 2348835.8448062 234193472.120493 6271153.34133758 2341464.34189563 234182042.830685
a position +54000 +54600 4 3 6274797.36199516 2339505.22420611 234190914.953743 6271153.34133758 2341464.34189563 234182042.830685
a position +54000 +54600 6 3 6862417.82958811 2364461.92917284 234120191.12083 6877337.78464256 2359416.94661417 234116112.867656
a position +54000 +54600 8 1 6266879.23026747 2348916.89748717 234188822.243013 6273100.43395212 2341464.34189563 234198868.268371
a position +54000 +54600 9 1 6868074.20292707 2364358.06559903 234113924.131101 6867133.73859098 2359416.94661417 234129631.890075
a position +53400 +54600 12 18 6449342.66267797 2354653.98960034 234169288.017724 -135215148.854473 -3748.65649414063 -65198444.2041454
a position +54000 +54600 13 2 6267187.88823854 2339901.3312399 234183397.710163 6257555.63117834 2341464.34189563 234192141.781196
a position +54000 +54600 14 2 6462726.00790936 2342659.77219066 234161817.990685 6466250.15204615 2347311.14845328 234177260.790995
a position +53400 +54600 15 16 6826445.29708968 2359029.52521735 234132669.447188 -135423128.841223 3750.98291015625 -64753840.1519858
a position +54600 +55200 5 1 6265204.99630957 2348954.02464715 234191410.144391 6273100.43395212 2341464.34189563 234198868.268371
a position +54600 +55200 6 2 6261807.04816339 2335933.77683364 234190727.782118 6257555.63117834 2341464.34189563 234192141.781196
a position +54600 +55200 7 3 6309492.34775002 2337251.62342573 234191637.790708 6309432.4901847 2342717.37271001 234176333.63427
a position +54600 +55200 10 18 6455545.64864881 2342709.55009298 234169913.999273 -135215148.854473 -3748.65649414063 -65198444.2041454
a position +54600 +55200 11 1 6720131.80638458 2360264.40930005 234137980.921828 6704804.21115517 2354825.95832954 234138611.844235
a position +54600 +55200 12 16 6272535.94956748 2335746.75981513 234191317.27253 -135117043.787059 3750.98291015625 -65403216.9563235
a position +54600 +55200 14 2 6462726.00790936 2342659.77219066 234161817.990685 6466250.15204615 2347311.14845328 234177260.790995
a position +54600 +55200 15 3 6630440.61799187 2347202.78547119 234142373.150749 6628656.46092257 2352321.33633721 234157785.954439
a position +55200 +55800 3 18 6734759.98266489 2355243.36470154 234144161.366083 -135363099.881098 -3748.65649414063 -64870563.8979871
a position +55200 +55800 4 16 6274797.36199516 2339505.22420611 234190914.953743 -135117043.787059 3750.98291015625 -65403216.9563235
a position +55200 +55800 5 1 6265204.99630957 2348954.02464715 234191410.144391 6273100.43395212 2341464.34189563 234198868.268371
a position +55200 +55800 6 2 6261807.04816339 2335933.77683364 234190727.782118 6257555.63117834 2341464.34189563 234192141.781196
a position +55200 +55800 11 3 6902596.19552674 2359372.36678712 234114974.787916 6917177.75509219 2360668.85021153 234107988.909372
a position +55200 +55800 12 1 6791588.50113233 2353788.09724686 234130106.752187 6776846.77270408 2356912.90262175 234136072.198513
a position +55200 +55800 15 2 6840495.13062133 2360822.32915675 234130717.53972 6834324.86640139 2358582.3003531 234115588.360761
a position +55800 +56400 2 16 6511406.48874369 2348563.81329742 234170408.893521 -135246857.279263 3750.98291015625 -65125651.2257639
a position +55800 +56400 2 18 6511406.48874369 2348563.81329742 234170408.893521 -135244496.140835 -3748.65649414063 -65133003.430842
a position +55800 +56400 7 3 6309492.34775002 2337251.62342573 234191637.790708 6309432.4901847 2342717.37271001 234176333.63427
a position +55800 +56400 11 3 6902596.19552674 2359372.36678712 234114974.787916 6917177.75509219 2360668.85021153 234107988.909372
a position +55800 +56400 12 1 6791588.50113233 2353788.09724686 234130106.752187 6776846.77270408 2356912.90262175 234136072.198513
a position +55800 +56400 14 1 6938021.73369088 2357696.23924336 234104775.157466 6943072.29501491 2361503.40872756 234120046.855061
a position +56400 +57000 7 3 6309492.34775002 2337251.62342573 234191637.790708 6309432.4901847 2342717.37271001 234176333.63427
a position +56400 +57000 8 2 6266879.23026747 2348916.89748717 234188822.243013 6257555.63117834 2341464.34189563 234192141.781196
a position +56400 +57000 11 3 6902596.19552674 2359372.36678712 234114974.787916 6917177.75509219 2360668.85021153 234107988.909372
a position +56400 +57000 12 1 6791588.50113233 2353788.09724686 234130106.752187 6776846.77270408 2356912.90262175 234136072.198513
a position +56400 +57000 13 2 6267187.88823854 2339901.3312399 234183397.710163 6257555.63117834 2341464.34189563 234192141.781196
a position +56400 +57000 14 1 6938021.73369088 2357696.23924336 234104775.157466 6943072.29501491 2361503.40872756 234120046.855061
a position +57000 +57600 7 3 6309492.34775002 2337251.62342573 234191637.790708 6309432.4901847 2342717.37271001 234176333.63427
a position +57000 +57600 8 2 6266879.23026747 2348916.89748717 234188822.243013 6257555.63117834 2341464.34189563 234192141.781196
a position +57000 +57600 11 3 6902596.19552674 2359372.36678712 234114974.787916 6917177.75509219 2360668.85021153 234107988.909372
a position +57000 +57600 12 1 6791588.50113233 2353788.09724686 234130106.752187 6776846.77270408 2356912.90262175 234136072.198513
a position +57000 +57600 13 2 6267187.88823854 2339901.3312399 234183397.710163 6257555.63117834 2341464.34189563 234192141.781196
a position +57000 +57600 14 1 6938021.73369088 2357696.23924336 234104775.157466 6943072.29501491 2361503.40872756 234120046.855061
a position +57600 +58200 6 1 6372932.70880469 2349541.50915531 234178161.442471 6388833.59731645 2344805.58329271 234176983.172774
a position +57600 +58200 7 3 6309492.34775002 2337251.62342573 234191637.790708 6309432.4901847 2342717.37271001 234176333.63427
a position +57600 +58200 8 2 6266879.23026747 2348916.89748717 234188822.243013 6257555.63117834 2341464.34189563 234192141.781196
a position +57600 +58200 11 3 6902596.19552674 2359372.36678712 234114974.787916 6917177.75509219 2360668.85021153 234107988.909372
a position +57600 +58200 12 1 6791588.50113233 2353788.09724686 234130106.752187 6776846.77270408 2356912.90262175 234136072.198513
a position +57600 +58200 13 2 6267187.88823854 2339901.3312399 234183397.710163 6257555.63117834 2341464.34189563 234192141.781196
a position +56400 +58800 4 18 6442294.8453471 2342940.52674502 234169487.553228 -135215148.854473 -3748.65649414063 -65198444.2041454
a position +58200 +58800 6 1 6372932.70880469 2349541.50915531 234178161.442471 6388833.59731645 2344805.58329271 234176983.172774
a position +58200 +58800 8 2 6266879.23026747 2348916.89748717 234188822.243013 6257555.63117834 2341464.34189563 234192141.781196
a position +56400 +58800 10 16 6259678.36185123 2339768.76566514 234191106.488135 -135117043.787059 3750.98291015625 -65403216.9563235
a position +58200 +58800 11 3 6902596.19552674 2359372.36678712 234114974.787916 6917177.75509219 2360668.85021153 234107988.909372
a position +58200 +58800 12 1 6791588.50113233 2353788.09724686 234130106.752187 6776846.77270408 2356912.90262175 234136072.198513
a position +58200 +58800 13 2 6267187.88823854 2339901.3312399 234183397.710163 6257555.63117834 2341464.34189563 234192141.781196
a position +58800 +59400 6 1 6372932.70880469 2349541.50915531 234178161.442471 6388833.59731645 2344805.58329271 234176983.172774
a position +58200 +59400 7 3 6309492.34775002 2337251.62342573 234191637.790708 6309432.4901847 2342717.37271001 234176333.63427
a position +58800 +59400 8 2 6266879.23026747 2348916.89748717 234188822.243013 6257555.63117834 2341464.34189563 234192141.781196
a position +58800 +59400 9 3 6267564.59226036 2335839.41162018 234185652.358892 6271153.34133758 2341464.34189563 234182042.830685
a position +58800 +59400 12 1 6791588.50113233 2353788.09724686 234130106.752187 6776846.77270408 2356912.90262175 234136072.198513
a position +58800 +59400 13 2 6267187.88823854 2339901.3312399 234183397.710163 6257555.63117834 2341464.34189563 234192141.781196
a position +59400 +60000 6 1 6372932.70880469 2349541.50915531 234178161.442471 6388833.59731645 2344805.58329271 234176983.172774
a position +59400 +60000 7 3 6309492.34775002 2337251.62342573 234191637.790708 6309432.4901847 2342717.37271001 234176333.63427
a position +59400 +60000 8 2 6266879.23026747 2348916.89748717 234188822.243013 6257555.63117834 2341464.34189563 234192141.781196
a position +59400 +60000 12 1 6791588.50113233 2353788.09724686 234130106.752187 6776846.77270408 2356912.90262175 234136072.198513
a position +59400 +60000 13 2 6267187.88823854 2339901.3312399 234183397.710163 6257555.63117834 2341464.34189563 234192141.781196
a position +60000 +60600 6 1 6372932.70880469 2349541.50915531 234178161.442471 6388833.59731645 2344805.58329271 234176983.172774
a position +60000 +60600 8 2 6266879.23026747 2348916.89748717 234188822.243013 6257555.63117834 2341464.34189563 234192141.781196
a position +59400 +60600 9 3 6267564.59226036 2335839.41162018 234185652.358892 6271153.34133758 2341464.34189563 234182042.830685
a position +60000 +60600 10 3 6778195.76028132 2352316.002313 234130183.901414 6793584.55106384 2356912.90262175 234133477.338482
a position +60000 +60600 12 1 6791588.50113233 2353788.09724686 234130106.752187 6776846.77270408 2356912.90262175 234136072.198513
a position +60000 +60600 13 2 6267187.88823854 2339901.3312399 234183397.710163 6257555.63117834 2341464.34189563 234192141.781196
a position +58800 +61200 5 18 6455767.75816778 2343078.69581256 234169494.794362 -135215148.854473 -3748.65649414063 -65198444.2041454
a position +60600 +61200 8 2 6266879.23026747 2348916.89748717 234188822.243013 6257555.63117834 2341464.34189563 234192141.781196
a position +60600 +61200 9 3 6267564.59226036 2335839.41162018 234185652.358892 6271153.34133758 2341464.34189563 234182042.830685
a position +60600 +61200 10 3 6778195.76028132 2352316.002313 234130183.901414 6793584.55106384 2356912.90262175 234133477.338482
a position +58800 +61200 14 16 6658678.93227245 2353421.27045405 234152683.105229 -135331327.353491 3750.98291015625 -64947228.6385295
a position +60600 +61200 15 2 6840495.13062133 2360822.32915675 234130717.53972 6834324.86640139 2358582.3003531 234115588.360761
a position +60600 +61800 4 1 6777362.81674268 2352859.10430819 234131418.741915 6762146.79389345 2356495.53128008 234136712.33407
a position +60600 +61800 6 1 6372932.70880469 2349541.50915531 234178161.442471 6388833.59731645 2344805.58329271 234176983.172774
a position +61200 +61800 7 2 6784713.19466312 2352207.41135404 234136132.525961 6782968.44717796 2356912.90262175 234120279.427235
a position +61200 +61800 8 3 6700365.23035 2358871.36003514 234133560.704886 6704680.7927191 2354408.54320433 234148814.355049
a position +61200 +61800 14 3 6267656.12625352 2348835.8448062 234193472.120493 6271153.34133758 2341464.34189563 234182042.830685
a position +61200 +61800 15 2 6840495.13062133 2360822.32915675 234130717.53972 6834324.86640139 2358582.3003531 234115588.360761
a position +61800 +62400 4 1 6777362.81674268 2352859.10430819 234131418.741915 6762146.79389345 2356495.53128008 234136712.33407
a position +61800 +62400 5 3 6468947.88801316 2342340.5186953 234167787.909694 6453351.43176727 2347311.14845328 234166283.107352
a position +61800 +62400 6 1 6372932.70880469 2349541.50915531 234178161.442471 6388833.59731645 2344805.58329271 234176983.172774
a position +61800 +62400 7 2 6784713.19466312 2352207.41135404 234136132.525961 6782968.44717796 2356912.90262175 234120279.427235
a position +61800 +62400 8 3 6700365.23035 2358871.36003514 234133560.704886 6704680.7927191 2354408.54320433 234148814.355049
a position +61800 +62400 9 2 6378856.39739143 2349433.31999134 234171665.197536 6375037.05607594 2344805.58329271 234186808.750253
a position +61200 +62400 11 18 6442085.77181091 2343317.18847846 234169882.154295 -135215148.854473 -3748.65649414063 -65198444.2041454
a position +61200 +62400 13 16 6490908.92029039 2347810.16922185 234172524.88592 -135239184.284019 3750.98291015625 -65141924.3800975
a position +62400 +63000 4 3 6274797.36199516 2339505.22420611 234190914.953743 6271153.34133758 2341464.34189563 234182042.830685
a position +62400 +63000 7 2 6784713.19466312 2352207.41135404 234136132.525961 6782968.44717796 2356912.90262175 234120279.427235
a position +62400 +63000 9 2 6378856.39739143 2349433.31999134 234171665.197536 6375037.05607594 2344805.58329271 234186808.750253
a position +62400 +63000 10 1 6259678.36185123 2339768.76566514 234191106.488135 6273100.43395212 2341464.34189563 234198868.268371
a position +62400 +63000 11 16 6269595.0950494 2348877.50020657 234190629.119586 -135117043.787059 3750.98291015625 -65403216.9563235
a position +62400 +63000 12 3 6272535.94956748 2335746.75981513 234191317.27253 6271153.34133758 2341464.34189563 234182042.830685
a position +62400 +63000 14 18 6658678.93227245 2353421.27045405 234152683.105229 -135325811.860816 -3748.65649414063 -64952633.1948039
a position +62400 +63000 15 1 6266965.39197594 2335655.84964081 234196183.049596 6273100.43395212 2341464.34189563 234198868.268371
a position +63000 +63600 6 18 6448911.47962278 2354661.50561399 234170101.823701 -135215148.854473 -3748.65649414063 -65198444.2041454
a position +63000 +63600 7 2 6784713.19466312 2352207.41135404 234136132.525961 6782968.44717796 2356912.90262175 234120279.427235
a position +63000 +63600 8 16 6407036.81476514 2346006.34780396 234182398.82898 -135193219.513736 3750.98291015625 -65239726.2164394
a position +63000 +63600 9 2 6378856.39739143 2349433.31999134 234171665.197536 6375037.05607594 2344805.58329271 234186808.750253
a position +63000 +63600 10 1 6259678.36185123 2339768.76566514 234191106.488135 6273100.43395212 2341464.34189563 234198868.268371
a position +63000 +63600 12 3 6272535.94956748 2335746.75981513 234191317.27253 6271153.34133758 2341464.34189563 234182042.830685
a position +63000 +63600 13 1 6547095.96293322 2354705.02363973 234164197.788765 6546201.48720882 2349816.39958988 234148394.100799
a position +63000 +63600 15 3 6630440.61799187 2347202.78547119 234142373.150749 6628656.46092257 2352321.33633721 234157785.954439
a position +63600 +64200 4 3 6274797.36199516 2339505.22420611 234190914.953743 6271153.34133758 2341464.34189563 234182042.830685
a position +63600 +64200 5 16 6265204.99630957 2348954.02464715 234191410.144391 -135117043.787059 3750.98291015625 -65403216.9563235
a position +63600 +64200 7 1 6267365.58394018 2339636.71657955 234198578.278346 6273100.43395212 2341464.34189563 234198868.268371
a position +63600 +64200 8 18 6449185.07051516 2343197.37919682 234176536.759017 -135215148.854473 -3748.65649414063 -65198444.2041454
a position +63600 +64200 10 2 6259678.36185123 2339768.76566514 234191106.488135 6257555.63117834 2341464.34189563 234192141.781196
a position +63600 +64200 11 1 6720131.80638458 2360264.40930005 234137980.921828 6704804.21115517 2354825.95832954 234138611.844235
a position +63600 +64200 12 2 6624947.60649045 2347101.58036424 234148498.314805 6640015.31250528 2352321.33633721 234145221.599552
a position +63600 +64200 13 3 6728598.98973509 2356081.94875662 234128869.546559 6734759.98266489 2355243.36470154 234144161.366083
a position +64200 +64800 4 3 6274797.36199516 2339505.22420611 234190914.953743 6271153.34133758 2341464.34189563 234182042.830685
a position +64200 +64800 5 3 6468947.88801316 2342340.5186953 234167787.909694 6453351.43176727 2347311.14845328 234166283.107352
a position +64200 +64800 7 1 6267365.58394018 2339636.71657955 234198578.278346 6273100.43395212 2341464.34189563 234198868.268371
a position +64200 +64800 9 16 6574808.57405094 2350415.84649719 234162621.989032 -135285250.499 3750.98291015625 -65044414.1040179
a position +64200 +64800 12 2 6624947.60649045 2347101.58036424 234148498.314805 6640015.31250528 2352321.33633721 234145221.599552
a position +64200 +64800 13 1 6547095.96293322 2354705.02363973 234164197.788765 6546201.48720882 2349816.39958988 234148394.100799
a position +64200 +64800 15 18 6449397.6842679 2354646.6849953 234170181.59565 -135215148.854473 -3748.65649414063 -65198444.2041454
a position +64800 +65400 5 3 6468947.88801316 2342340.5186953 234167787.909694 6453351.43176727 2347311.14845328 234166283.107352
a position +64800 +65400 7 16 6267365.58394018 2339636.71657955 234198578.278346 -135117043.787059 3750.98291015625 -65403216.9563235
a position +64800 +65400 8 3 6700365.23035 2358871.36003514 234133560.704886 6704680.7927191 2354408.54320433 234148814.355049
a position +64800 +65400 9 18 6574808.57405094 2350415.84649719 234162621.989032 -135281339.338111 -3748.65649414063 -65051072.3850237
a position +64200 +65400 10 2 6259678.36185123 2339768.76566514 234191106.488135 6257555.63117834 2341464.34189563 234192141.781196
a position +64800 +65400 11 2 6269595.0950494 2348877.50020657 234190629.119586 6257555.63117834 2341464.34189563 234192141.781196
a position +64800 +65400 14 1 6267656.12625352 2348835.8448062 234193472.120493 6273100.43395212 2341464.34189563 234198868.268371
a position +64800 +65400 15 1 6266965.39197594 2335655.84964081 234196183.049596 6273100.43395212 2341464.34189563 234198868.268371
a position +65400 +66000 5 1 6265204.99630957 2348954.02464715 234191410.144391 6273100.43395212 2341464.34189563 234198868.268371
a position +65400 +66000 6 16 6261807.04816339 2335933.77683364 234190727.782118 -135117043.787059 3750.98291015625 -65403216.9563235
a position +65400 +66000 7 18 6449204.61654831 2342824.41866652 234163068.312878 -135215148.854473 -3748.65649414063 -65198444.2041454
a position +65400 +66000 10 2 6259678.36185123 2339768.76566514 234191106.488135 6257555.63117834 2341464.34189563 234192141.781196
a position +65400 +66000 11 2 6269595.0950494 2348877.50020657 234190629.119586 6257555.63117834 2341464.34189563 234192141.781196
a position +65400 +66000 12 3 6272535.94956748 2335746.75981513 234191317.27253 6271153.34133758 2341464.34189563 234182042.830685
a position +65400 +66000 14 3 6267656.12625352 2348835.8448062 234193472.120493 6271153.34133758 2341464.34189563 234182042.830685
a position +65400 +66000 15 1 6266965.39197594 2335655.84964081 234196183.049596 6273100.43395212 2341464.34189563 234198868.268371
a position +66000 +66600 4 2 6526237.97161768 2353472.72942632 234160017.285674 6541005.2373214 2349398.87955648 234165217.492072
a position +66000 +66600 6 3 6568528.09933 2351265.60514929 234156553.911417 6553448.84433647 2350233.91089026 234162928.239254
a position +66000 +66600 7 1 6267365.58394018 2339636.71657955 234198578.278346 6273100.43395212 2341464.34189563 234198868.268371
a position +66000 +66600 9 16 6574808.57405094 2350415.84649719 234162621.989032 -135285250.499 3750.98291015625 -65044414.1040179
a position +66000 +66600 11 2 6269595.0950494 2348877.50020657 234190629.119586 6257555.63117834 2341464.34189563 234192141.781196
a position +66000 +66600 13 1 6547095.96293322 2354705.02363973 234164197.788765 6546201.48720882 2349816.39958988 234148394.100799
a position +66000 +66600 15 3 6630440.61799187 2347202.78547119 234142373.150749 6628656.46092257 2352321.33633721 234157785.954439
a position +66600 +67200 4 2 6526237.97161768 2353472.72942632 234160017.285674 6541005.2373214 2349398.87955648 234165217.492072
a position +66600 +67200 5 16 6265204.99630957 2348954.02464715 234191410.144391 -135117043.787059 3750.98291015625 -65403216.9563235
a position +66600 +67200 8 1 6266879.23026747 2348916.89748717 234188822.243013 6273100.43395212 2341464.34189563 234198868.268371
a position +66600 +67200 9 1 6602908.24476984 2348516.48023734 234158725.465374 6597402.17710199 2351486.39237602 234143351.938433
a position +66000 +67200 10 18 6455545.64864881 2342709.55009298 234169913.999273 -135215148.854473 -3748.65649414063 -65198444.2041454
a position +66600 +67200 11 2 6269595.0950494 2348877.50020657 234190629.119586 6257555.63117834 2341464.34189563 234192141.781196
a position +66600 +67200 12 3 6272535.94956748 2335746.75981513 234191317.27253 6271153.34133758 2341464.34189563 234182042.830685
a position +66600 +67200 15 3 6630440.61799187 2347202.78547119 234142373.150749 6628656.46092257 2352321.33633721 234157785.954439
a position +67200 +67800 5 1 6265204.99630957 2348954.02464715 234191410.144391 6273100.43395212 2341464.34189563 234198868.268371
a position +67200 +67800 6 2 6261807.04816339 2335933.77683364 234190727.782118 6257555.63117834 2341464.34189563 234192141.781196
a position +67200 +67800 7 16 6267365.58394018 2339636.71657955 234198578.278346 -135117043.787059 3750.98291015625 -65403216.9563235
a position +67200 +67800 8 3 6700365.23035 2358871.36003514 234133560.704886 6704680.7927191 2354408.54320433 234148814.355049
a position +67200 +67800 9 1 6602908.24476984 2348516.48023734 234158725.465374 6597402.17710199 2351486.39237602 234143351.938433
a position +67200 +67800 10 3 6539623.34538942 2353239.40705712 234159602.510732 6524101.2089251 2349398.87955648 234164149.621771
a position +67200 +67800 13 18 6490908.92029039 2347810.16922185 234172524.88592 -135237149.373618 -3748.65649414063 -65149373.4755565
a position +67200 +67800 14 2 6462726.00790936 2342659.77219066 234161817.990685 6466250.15204615 2347311.14845328 234177260.790995
a position +67800 +68400 6 2 6261807.04816339 2335933.77683364 234190727.782118 6257555.63117834 2341464.34189563 234192141.781196
a position +67800 +68400 7 1 6267365.58394018 2339636.71657955 234198578.278346 6273100.43395212 2341464.34189563 234198868.268371
a position +67800 +68400 10 3 6539623.34538942 2353239.40705712 234159602.510732 6524101.2089251 2349398.87955648 234164149.621771
a position +67800 +68400 11 16 6269595.0950494 2348877.50020657 234190629.119586 -135117043.787059 3750.98291015625 -65403216.9563235
a position +67800 +68400 12 18 6449342.66267797 2354653.98960034 234169288.017724 -135215148.854473 -3748.65649414063 -65198444.2041454
a position +67800 +68400 13 1 6547095.96293322 2354705.02363973 234164197.788765 6546201.48720882 2349816.39958988 234148394.100799
a position +67800 +68400 14 3 6267656.12625352 2348835.8448062 234193472.120493 6271153.34133758 2341464.34189563 234182042.830685
a position +67800 +68400 15 2 6266965.39197594 2335655.84964081 234196183.049596 6257555.63117834 2341464.34189563 234192141.781196
a position +68400 +69000 4 16 6274797.36199516 2339505.22420611 234190914.953743 -135117043.787059 3750.98291015625 -65403216.9563235
a position +68400 +69000 5 2 6665140.68393114 2355626.7654645 234143356.862688 6680139.07523828 2353573.68670055 234136969.21118
a position +68400 +69000 6 3 6568528.09933 2351265.60514929 234156553.911417 6553448.84433647 2350233.91089026 234162928.239254
a position +68400 +69000 8 1 6266879.23026747 2348916.89748717 234188822.243013 6273100.43395212 2341464.34189563 234198868.268371
a position +68400 +69000 9 18 6574808.57405094 2350415.84649719 234162621.989032 -135281339.338111 -3748.65649414063 -65051072.3850237
a position +68400 +69000 10 1 6259678.36185123 2339768.76566514 234191106.488135 6273100.43395212 2341464.34189563 234198868.268371
a position +68400 +69000 14 2 6462726.00790936 2342659.77219066 234161817.990685 6466250.15204615 2347311.14845328 234177260.790995
a position +68400 +69000 15 3 6630440.61799187 2347202.78547119 234142373.150749 6628656.46092257 2352321.33633721 234157785.954439
a position +69000 +69600 1 16 6288036.44891554 2341882.02753509 234196422.008164 -135124630.710198 3750.98291015625 -65386848.2854662
a position +69000 +69600 4 3 6274797.36199516 2339505.22420611 234190914.953743 6271153.34133758 2341464.34189563 234182042.830685
a position +69000 +69600 7 18 6449204.61654831 2342824.41866652 234163068.312878 -135215148.854473 -3748.65649414063 -65198444.2041454
a position +69000 +69600 9 2 6378856.39739143 2349433.31999134 234171665.197536 6375037.05607594 2344805.58329271 234186808.750253
a position +69000 +69600 10 1 6259678.36185123 2339768.76566514 234191106.488135 6273100.43395212 2341464.34189563 234198868.268371
a position +69000 +69600 12 2 6624947.60649045 2347101.58036424 234148498.314805 6640015.31250528 2352321.33633721 234145221.599552
a position +69000 +69600 13 3 6267187.88823854 2339901.3312399 234183397.710163 6271153.34133758 2341464.34189563 234182042.830685
a position +69600 +70200 3 18 6439678.25174372 2346893.57605722 234166712.302579 -135215148.854473 -3748.65649414063 -65198444.2041454
a position +69600 +70200 4 2 6526237.97161768 2353472.72942632 234160017.285674 6541005.2373214 2349398.87955648 234165217.492072
a position +69600 +70200 5 1 6265204.99630957 2348954.02464715 234191410.144391 6273100.43395212 2341464.34189563 234198868.268371
a position +69600 +70200 10 1 6259678.36185123 2339768.76566514 234191106.488135 6273100.43395212 2341464.34189563 234198868.268371
a position +69600 +70200 12 2 6624947.60649045 2347101.58036424 234148498.314805 6640015.31250528 2352321.33633721 234145221.599552
a position +69600 +70200 13 3 6267187.88823854 2339901.3312399 234183397.710163 6271153.34133758 2341464.34189563 234182042.830685
a position +70200 +70800 6 2 6261807.04816339 2335933.77683364 234190727.782118 6257555.63117834 2341464.34189563 234192141.781196
a position +69600 +70800 8 16 6407036.81476514 2346006.34780396 234182398.82898 -135193219.513736 3750.98291015625 -65239726.2164394
a position +70200 +70800 9 3 6267564.59226036 2335839.41162018 234185652.358892 6271153.34133758 2341464.34189563 234182042.830685
a position +70200 +70800 13 3 6267187.88823854 2339901.3312399 234183397.710163 6271153.34133758 2341464.34189563 234182042.830685
a position +70200 +70800 15 2 6266965.39197594 2335655.84964081 234196183.049596 6257555.63117834 2341464.34189563 234192141.781196
a position +70200 +71400 5 1 6265204.99630957 2348954.02464715 234191410.144391 6273100.43395212 2341464.34189563 234198868.268371
a position +70800 +71400 6 3 6568528.09933 2351265.60514929 234156553.911417 6553448.84433647 2350233.91089026 234162928.239254
a position +70800 +71400 7 2 6504834.95219151 2349898.06558041 234155440.843461 6511406.48874369 2348563.81329742 234170408.893521
a position +70200 +71400 10 1 6259678.36185123 2339768.76566514 234191106.488135 6273100.43395212 2341464.34189563 234198868.268371
a position +70800 +71400 13 3 6267187.88823854 2339901.3312399 234183397.710163 6271153.34133758 2341464.34189563 234182042.830685
a position +70200 +71400 14 18 6448810.26654659 2343438.08716219 234162727.684057 -135215148.854473 -3748.65649414063 -65198444.2041454
a position +70800 +71400 15 2 6266965.39197594 2335655.84964081 234196183.049596 6257555.63117834 2341464.34189563 234192141.781196
a position +71400 +72000 4 3 6274797.36199516 2339505.22420611 234190914.953743 6271153.34133758 2341464.34189563 234182042.830685
a position +71400 +72000 5 3 6468947.88801316 2342340.5186953 234167787.909694 6453351.43176727 2347311.14845328 234166283.107352
a position +71400 +72000 8 18 6449185.07051516 2343197.37919682 234176536.759017 -135215148.854473 -3748.65649414063 -65198444.2041454
a position +71400 +72000 9 1 6602908.24476984 2348516.48023734 234158725.465374 6597402.17710199 2351486.39237602 234143351.938433
a position +71400 +72000 10 2 6259678.36185123 2339768.76566514 234191106.488135 6257555.63117834 2341464.34189563 234192141.781196
a position +71400 +72000 11 1 6427575.49894419 2344199.29906032 234171459.484554 6443034.56937599 2346475.99493987 234165747.135439
a position +70800 +72000 12 16 6272535.94956748 2335746.75981513 234191317.27253 -135117043.787059 3750.98291015625 -65403216.9563235
a position +71400 +72000 14 2 6462726.00790936 2342659.77219066 234161817.990685 6466250.15204615 2347311.14845328 234177260.790995
a position +72000 +72600 6 16 6261807.04816339 2335933.77683364 234190727.782118 -135117043.787059 3750.98291015625 -65403216.9563235
a position +72000 +72600 7 2 6504834.95219151 2349898.06558041 234155440.843461 6511406.48874369 2348563.81329742 234170408.893521
a position +72000 +72600 10 2 6259678.36185123 2339768.76566514 234191106.488135 6257555.63117834 2341464.34189563 234192141.781196
a position +72000 +72600 11 1 6427575.49894419 2344199.29906032 234171459.484554 6443034.56937599 2346475.99493987 234165747.135439
a position +72000 +72600 12 3 6272535.94956748 2335746.75981513 234191317.27253 6271153.34133758 2341464.34189563 234182042.830685
a position +72000 +72600 13 1 6547095.96293322 2354705.02363973 234164197.788765 6546201.48720882 2349816.39958988 234148394.100799
a position +72000 +72600 14 3 6267656.12625352 2348835.8448062 234193472.120493 6271153.34133758 2341464.34189563 234182042.830685
a position +72000 +72600 15 18 6449397.6842679 2354646.6849953 234170181.59565 -135215148.854473 -3748.65649414063 -65198444.2041454
a position +72600 +73200 4 2 6526237.97161768 2353472.72942632 234160017.285674 6541005.2373214 2349398.87955648 234165217.492072
a position +72600 +73200 5 2 6265204.99630957 2348954.02464715 234191410.144391 6257555.63117834 2341464.34189563 234192141.781196
a position +72600 +73200 6 18 6448911.47962278 2354661.50561399 234170101.823701 -135215148.854473 -3748.65649414063 -65198444.2041454
a position +72600 +73200 9 16 6574808.57405094 2350415.84649719 234162621.989032 -135285250.499 3750.98291015625 -65044414.1040179
a position +72600 +73200 11 1 6427575.49894419 2344199.29906032 234171459.484554 6443034.56937599 2346475.99493987 234165747.135439
a position +72600 +73200 12 3 6272535.94956748 2335746.75981513 234191317.27253 6271153.34133758 2341464.34189563 234182042.830685
a position +72600 +73200 13 1 6547095.96293322 2354705.02363973 234164197.788765 6546201.48720882 2349816.39958988 234148394.100799
a position +72600 +73200 14 3 6267656.12625352 2348835.8448062 234193472.120493 6271153.34133758 2341464.34189563 234182042.830685
a position +73200 +73800 2 18 6511406.48874369 2348563.81329742 234170408.893521 -135244496.140835 -3748.65649414063 -65133003.430842
a position +73200 +73800 2 16 6511406.48874369 2348563.81329742 234170408.893521 -135246857.279263 3750.98291015625 -65125651.2257639
a position +73200 +73800 4 1 6274797.36199516 2339505.22420611 234190914.953743 6273100.43395212 2341464.34189563 234198868.268371
a position +73200 +73800 9 3 6267564.59226036 2335839.41162018 234185652.358892 6271153.34133758 2341464.34189563 234182042.830685
a position +73200 +73800 10 3 6539623.34538942 2353239.40705712 234159602.510732 6524101.2089251 2349398.87955648 234164149.621771
a position +73200 +73800 15 1 6266965.39197594 2335655.84964081 234196183.049596 6273100.43395212 2341464.34189563 234198868.268371
a position +73800 +74400 3 16 6271153.34133758 2341464.34189563 234182042.830685 -135117043.787059 3750.98291015625 -65403216.9563235
a position +73800 +74400 3 18 6439678.25174372 2346893.57605722 234166712.302579 -135215148.854473 -3748.65649414063 -65198444.2041454
a position +73800 +74400 6 2 6261807.04816339 2335933.77683364 234190727.782118 6257555.63117834 2341464.34189563 234192141.781196
a position +73800 +74400 7 1 6267365.58394018 2339636.71657955 234198578.278346 6273100.43395212 2341464.34189563 234198868.268371
a position +73800 +74400 9 2 6378856.39739143 2349433.31999134 234171665.197536 6375037.05607594 2344805.58329271 234186808.750253
a position +73800 +74400 15 1 6266965.39197594 2335655.84964081 234196183.049596 6273100.43395212 2341464.34189563 234198868.268371
a position +74400 +75000 6 2 6261807.04816339 2335933.77683364 234190727.782118 6257555.63117834 2341464.34189563 234192141.781196
a position +74400 +75000 7 1 6267365.58394018 2339636.71657955 234198578.278346 6273100.43395212 2341464.34189563 234198868.268371
a position +74400 +75000 8 3 6392985.41763557 2346979.49625952 234183848.864273 6386431.36994879 2345223.19927783 234169097.834704
a position +74400 +75000 9 2 6378856.39739143 2349433.31999134 234171665.197536 6375037.05607594 2344805.58329271 234186808.750253
a position +74400 +75000 10 3 6539623.34538942 2353239.40705712 234159602.510732 6524101.2089251 2349398.87955648 234164149.621771
a position +74400 +75000 11 18 6442085.77181091 2343317.18847846 234169882.154295 -135215148.854473 -3748.65649414063 -65198444.2041454
a position +74400 +75000 13 16 6490908.92029039 2347810.16922185 234172524.88592 -135239184.284019 3750.98291015625 -65141924.3800975
a position +74400 +75000 14 1 6267656.12625352 2348835.8448062 234193472.120493 6273100.43395212 2341464.34189563 234198868.268371
a position +75000 +75600 1 18 6456230.76820808 2346893.57605722 234163120.545112 -135215148.854473 -3748.65649414063 -65198444.2041454
a position +75000 +75600 4 3 6274797.36199516 2339505.22420611 234190914.953743 6271153.34133758 2341464.34189563 234182042.830685
a position +75000 +75600 5 2 6265204.99630957 2348954.02464715 234191410.144391 6257555.63117834 2341464.34189563 234192141.781196
a position +75000 +75600 8 3 6392985.41763557 2346979.49625952 234183848.864273 6386431.36994879 2345223.19927783 234169097.834704
a position +75000 +75600 9 2 6378856.39739143 2349433.31999134 234171665.197536 6375037.05607594 2344805.58329271 234186808.750253
a position +75000 +75600 11 1 6427575.49894419 2344199.29906032 234171459.484554 6443034.56937599 2346475.99493987 234165747.135439
a position +75600 +76200 4 3 6274797.36199516 2339505.22420611 234190914.953743 6271153.34133758 2341464.34189563 234182042.830685
a position +75600 +76200 8 3 6392985.41763557 2346979.49625952 234183848.864273 6386431.36994879 2345223.19927783 234169097.834704
a position +75600 +76200 11 1 6427575.49894419 2344199.29906032 234171459.484554 6443034.56937599 2346475.99493987 234165747.135439
a position +75600 +76200 14 1 6267656.12625352 2348835.8448062 234193472.120493 6273100.43395212 2341464.34189563 234198868.268371
a position +76200 +76800 4 3 6274797.36199516 2339505.22420611 234190914.953743 6271153.34133758 2341464.34189563 234182042.830685
a position +75600 +76800 5 2 6265204.99630957 2348954.02464715 234191410.144391 6257555.63117834 2341464.34189563 234192141.781196
a position +76200 +76800 8 3 6392985.41763557 2346979.49625952 234183848.864273 6386431.36994879 2345223.19927783 234169097.834704
a position +75600 +76800 9 2 6378856.39739143 2349433.31999134 234171665.197536 6375037.05607594 2344805.58329271 234186808.750253
a position +76200 +76800 11 1 6427575.49894419 2344199.29906032 234171459.484554 6443034.56937599 2346475.99493987 234165747.135439
a position +76200 +76800 14 1 6267656.12625352 2348835.8448062 234193472.120493 6273100.43395212 2341464.34189563 234198868.268371
a position +76800 +77400 4 3 6274797.36199516 2339505.22420611 234190914.953743 6271153.34133758 2341464.34189563 234182042.830685
a position +76800 +77400 5 2 6265204.99630957 2348954.02464715 234191410.144391 6257555.63117834 2341464.34189563 234192141.781196
a position +76800 +77400 8 3 6392985.41763557 2346979.49625952 234183848.864273 6386431.36994879 2345223.19927783 234169097.834704
a position +76800 +77400 9 2 6378856.39739143 2349433.31999134 234171665.197536 6375037.05607594 2344805.58329271 234186808.750253
a position +76800 +77400 11 1 6427575.49894419 2344199.29906032 234171459.484554 6443034.56937599 2346475.99493987 234165747.135439
a position +76800 +77400 14 1 6267656.12625352 2348835.8448062 234193472.120493 6273100.43395212 2341464.34189563 234198868.268371
a position +77400 +78000 4 3 6274797.36199516 2339505.22420611 234190914.953743 6271153.34133758 2341464.34189563 234182042.830685
a position +77400 +78000 5 2 6265204.99630957 2348954.02464715 234191410.144391 6257555.63117834 2341464.34189563 234192141.781196
a position +77400 +78000 8 3 6392985.41763557 2346979.49625952 234183848.864273 6386431.36994879 2345223.19927783 234169097.834704
a position +77400 +78000 9 2 6378856.39739143 2349433.31999134 234171665.197536 6375037.05607594 2344805.58329271 234186808.750253
a position +77400 +78000 11 1 6427575.49894419 2344199.29906032 234171459.484554 6443034.56937599 2346475.99493987 234165747.135439
a position +77400 +78000 14 1 6267656.12625352 2348835.8448062 234193472.120493 6273100.43395212 2341464.34189563 234198868.268371
a position +75000 +78000 15 16 6337187.71721877 2344020.85460857 234190598.773106 -135155050.493498 3750.98291015625 -65321410.7868418
a position +78000 +78600 4 3 6274797.36199516 2339505.22420611 234190914.953743 6271153.34133758 2341464.34189563 234182042.830685
a position +78000 +78600 5 2 6265204.99630957 2348954.02464715 234191410.144391 6257555.63117834 2341464.34189563 234192141.781196
a position +75600 +78600 6 18 6448911.47962278 2354661.50561399 234170101.823701 -135215148.854473 -3748.65649414063 -65198444.2041454
a position +78000 +78600 8 3 6392985.41763557 2346979.49625952 234183848.864273 6386431.36994879 2345223.19927783 234169097.834704
a position +78000 +78600 9 2 6378856.39739143 2349433.31999134 234171665.197536 6375037.05607594 2344805.58329271 234186808.750253
a position +78000 +78600 11 1 6427575.49894419 2344199.29906032 234171459.484554 6443034.56937599 2346475.99493987 234165747.135439
a position +78000 +78600 14 1 6267656.12625352 2348835.8448062 234193472.120493 6273100.43395212 2341464.34189563 234198868.268371
a position +78600 +79200 4 3 6274797.36199516 2339505.22420611 234190914.953743 6271153.34133758 2341464.34189563 234182042.830685
a position +78600 +79200 5 2 6265204.99630957 2348954.02464715 234191410.144391 6257555.63117834 2341464.34189563 234192141.781196
a position +78600 +79200 8 3 6392985.41763557 2346979.49625952 234183848.864273 6386431.36994879 2345223.19927783 234169097.834704
a position +78600 +79200 9 2 6378856.39739143 2349433.31999134 234171665.197536 6375037.05607594 2344805.58329271 234186808.750253
a position +78600 +79200 11 1 6427575.49894419 2344199.29906032 234171459.484554 6443034.56937599 2346475.99493987 234165747.135439
a position +78600 +79200 14 1 6267656.12625352 2348835.8448062 234193472.120493 6273100.43395212 2341464.34189563 234198868.268371
a position +79200 +79800 4 3 6274797.36199516 2339505.22420611 234190914.953743 6271153.34133758 2341464.34189563 234182042.830685
a position +79200 +79800 8 3 6392985.41763557 2346979.49625952 234183848.864273 6386431.36994879 2345223.19927783 234169097.834704
a position +79200 +79800 9 2 6378856.39739143 2349433.31999134 234171665.197536 6375037.05607594 2344805.58329271 234186808.750253
a position +79200 +79800 14 1 6267656.12625352 2348835.8448062 234193472.120493 6273100.43395212 2341464.34189563 234198868.268371
a position +79200 +79800 15 1 6266965.39197594 2335655.84964081 234196183.049596 6273100.43395212 2341464.34189563 234198868.268371
a position +79200 +80400 5 2 6265204.99630957 2348954.02464715 234191410.144391 6257555.63117834 2341464.34189563 234192141.781196
a position +79800 +80400 6 3 6261807.04816339 2335933.77683364 234190727.782118 6271153.34133758 2341464.34189563 234182042.830685
a position +79800 +80400 8 3 6392985.41763557 2346979.49625952 234183848.864273 6386431.36994879 2345223.19927783 234169097.834704
a position +79800 +80400 11 2 6269595.0950494 2348877.50020657 234190629.119586 6257555.63117834 2341464.34189563 234192141.781196
a position +79800 +80400 14 1 6267656.12625352 2348835.8448062 234193472.120493 6273100.43395212 2341464.34189563 234198868.268371
a position +79800 +80400 15 1 6266965.39197594 2335655.84964081 234196183.049596 6273100.43395212 2341464.34189563 234198868.268371
a position +80400 +81000 6 3 6261807.04816339 2335933.77683364 234190727.782118 6271153.34133758 2341464.34189563 234182042.830685
a position +80400 +81000 8 3 6392985.41763557 2346979.49625952 234183848.864273 6386431.36994879 2345223.19927783 234169097.834704
a position +80400 +81000 14 1 6267656.12625352 2348835.8448062 234193472.120493 6273100.43395212 2341464.34189563 234198868.268371
a position +80400 +81000 15 1 6266965.39197594 2335655.84964081 234196183.049596 6273100.43395212 2341464.34189563 234198868.268371
a position +80400 +81600 5 2 6265204.99630957 2348954.02464715 234191410.144391 6257555.63117834 2341464.34189563 234192141.781196
a position +78000 +81600 7 16 6267365.58394018 2339636.71657955 234198578.278346 -135117043.787059 3750.98291015625 -65403216.9563235
a position +81000 +81600 8 1 6266879.23026747 2348916.89748717 234188822.243013 6273100.43395212 2341464.34189563 234198868.268371
a position +81000 +81600 9 1 6267564.59226036 2335839.41162018 234185652.358892 6273100.43395212 2341464.34189563 234198868.268371
a position +80400 +81600 11 2 6269595.0950494 2348877.50020657 234190629.119586 6257555.63117834 2341464.34189563 234192141.781196
a position +81000 +81600 12 3 6272535.94956748 2335746.75981513 234191317.27253 6271153.34133758 2341464.34189563 234182042.830685
a position +78600 +81600 13 17 6267187.88823854 2339901.3312399 234183397.710163 -135125392.026805 4196.68310546875 -65401677.5151614
a position +81600 +82200 4 16 6274797.36199516 2339505.22420611 234190914.953743 -135117043.787059 3750.98291015625 -65403216.9563235
a position +81000 +82200 6 3 6261807.04816339 2335933.77683364 234190727.782118 6271153.34133758 2341464.34189563 234182042.830685
a position +81600 +82200 7 17 6267365.58394018 2339636.71657955 234198578.278346 -135125392.026805 4196.68310546875 -65401677.5151614
a position +81600 +82200 8 1 6266879.23026747 2348916.89748717 234188822.243013 6273100.43395212 2341464.34189563 234198868.268371
a position +81600 +82200 9 1 6267564.59226036 2335839.41162018 234185652.358892 6273100.43395212 2341464.34189563 234198868.268371
a position +81600 +82200 11 2 6269595.0950494 2348877.50020657 234190629.119586 6257555.63117834 2341464.34189563 234192141.781196
a position +81600 +82200 12 2 6344918.67705973 2344156.11308125 234182802.288449 6330056.41312507 2343552.6830677 234189551.255048
a position +81600 +82200 15 3 6365287.21976355 2347571.6679454 234186650.039182 6360514.26409192 2344387.95859487 234170928.060251
a position +82200 +82800 4 1 6274797.36199516 2339505.22420611 234190914.953743 6273100.43395212 2341464.34189563 234198868.268371
a position +82200 +82800 5 16 6265204.99630957 2348954.02464715 234191410.144391 -135117043.787059 3750.98291015625 -65403216.9563235
a position +82200 +82800 6 3 6261807.04816339 2335933.77683364 234190727.782118 6271153.34133758 2341464.34189563 234182042.830685
a position +82200 +82800 7 1 6267365.58394018 2339636.71657955 234198578.278346 6273100.43395212 2341464.34189563 234198868.268371
a position +82200 +82800 9 3 6267564.59226036 2335839.41162018 234185652.358892 6271153.34133758 2341464.34189563 234182042.830685
a position +82200 +82800 11 2 6269595.0950494 2348877.50020657 234190629.119586 6257555.63117834 2341464.34189563 234192141.781196
a position +82200 +82800 12 2 6344918.67705973 2344156.11308125 234182802.288449 6330056.41312507 2343552.6830677 234189551.255048
a position +82200 +82800 15 17 6337187.71721877 2344020.85460857 234190598.773106 -135163533.352385 4196.68310546875 -65321733.4220957
a position +82800 +83400 4 1 6274797.36199516 2339505.22420611 234190914.953743 6273100.43395212 2341464.34189563 234198868.268371
a position +82800 +83400 5 3 6265204.99630957 2348954.02464715 234191410.144391 6271153.34133758 2341464.34189563 234182042.830685
a position +82800 +83400 7 17 6267365.58394018 2339636.71657955 234198578.278346 -135125392.026805 4196.68310546875 -65401677.5151614
a position +82800 +83400 10 2 6259678.36185123 2339768.76566514 234191106.488135 6257555.63117834 2341464.34189563 234192141.781196
a position +82800 +83400 11 16 6269595.0950494 2348877.50020657 234190629.119586 -135117043.787059 3750.98291015625 -65403216.9563235
a position +82800 +83400 12 3 6272535.94956748 2335746.75981513 234191317.27253 6271153.34133758 2341464.34189563 234182042.830685
a position +82800 +83400 13 1 6267187.88823854 2339901.3312399 234183397.710163 6273100.43395212 2341464.34189563 234198868.268371
a position +82800 +83400 14 2 6267656.12625352 2348835.8448062 234193472.120493 6257555.63117834 2341464.34189563 234192141.781196
a position +83400 +84000 4 2 6301572.31401272 2337805.57480419 234187511.224156 6286117.15897423 2342299.70447394 234191301.404089
a position +83400 +84000 5 1 6265204.99630957 2348954.02464715 234191410.144391 6273100.43395212 2341464.34189563 234198868.268371
a position +83400 +84000 8 1 6266879.23026747 2348916.89748717 234188822.243013 6273100.43395212 2341464.34189563 234198868.268371
a position +83400 +84000 9 3 6267564.59226036 2335839.41162018 234185652.358892 6271153.34133758 2341464.34189563 234182042.830685
a position +83400 +84000 10 3 6259678.36185123 2339768.76566514 234191106.488135 6271153.34133758 2341464.34189563 234182042.830685
a position +83400 +84000 11 2 6269595.0950494 2348877.50020657 234190629.119586 6257555.63117834 2341464.34189563 234192141.781196
a position +83400 +84000 12 17 6272535.94956748 2335746.75981513 234191317.27253 -135125392.026805 4196.68310546875 -65401677.5151614
a position +83400 +84000 13 16 6267187.88823854 2339901.3312399 234183397.710163 -135117043.787059 3750.98291015625 -65403216.9563235
a position +84000 +84600 4 2 6301572.31401272 2337805.57480419 234187511.224156 6286117.15897423 2342299.70447394 234191301.404089
a position +84000 +84600 7 2 6267365.58394018 2339636.71657955 234198578.278346 6257555.63117834 2341464.34189563 234192141.781196
a position +84000 +84600 8 17 6266879.23026747 2348916.89748717 234188822.243013 -135125392.026805 4196.68310546875 -65401677.5151614
a position +84000 +84600 9 1 6267564.59226036 2335839.41162018 234185652.358892 6273100.43395212 2341464.34189563 234198868.268371
a position +84000 +84600 10 3 6259678.36185123 2339768.76566514 234191106.488135 6271153.34133758 2341464.34189563 234182042.830685
a position +84000 +84600 11 3 6269595.0950494 2348877.50020657 234190629.119586 6271153.34133758 2341464.34189563 234182042.830685
a position +84000 +84600 12 16 6272535.94956748 2335746.75981513 234191317.27253 -135117043.787059 3750.98291015625 -65403216.9563235
a position +84000 +84600 13 1 6267187.88823854 2339901.3312399 234183397.710163 6273100.43395212 2341464.34189563 234198868.268371
a position +84600 +85200 4 17 6274797.36199516 2339505.22420611 234190914.953743 -135125392.026805 4196.68310546875 -65401677.5151614
a position +84600 +85200 5 3 6265204.99630957 2348954.02464715 234191410.144391 6271153.34133758 2341464.34189563 234182042.830685
a position +84600 +85200 7 2 6267365.58394018 2339636.71657955 234198578.278346 6257555.63117834 2341464.34189563 234192141.781196
a position +84600 +85200 8 1 6266879.23026747 2348916.89748717 234188822.243013 6273100.43395212 2341464.34189563 234198868.268371
a position +84600 +85200 9 16 6267564.59226036 2335839.41162018 234185652.358892 -135117043.787059 3750.98291015625 -65403216.9563235
a position +84600 +85200 10 1 6259678.36185123 2339768.76566514 234191106.488135 6273100.43395212 2341464.34189563 234198868.268371
a position +84600 +85200 11 3 6269595.0950494 2348877.50020657 234190629.119586 6271153.34133758 2341464.34189563 234182042.830685
a position +84600 +85200 14 2 6267656.12625352 2348835.8448062 234193472.120493 6257555.63117834 2341464.34189563 234192141.781196
a position +85200 +85800 4 16 6274797.36199516 2339505.22420611 234190914.953743 -135117043.787059 3750.98291015625 -65403216.9563235
a position +85200 +85800 5 3 6265204.99630957 2348954.02464715 234191410.144391 6271153.34133758 2341464.34189563 234182042.830685
a position +85200 +85800 6 2 6261807.04816339 2335933.77683364 234190727.782118 6257555.63117834 2341464.34189563 234192141.781196
a position +85200 +85800 7 1 6267365.58394018 2339636.71657955 234198578.278346 6273100.43395212 2341464.34189563 234198868.268371
a position +85200 +85800 8 1 6266879.23026747 2348916.89748717 234188822.243013 6273100.43395212 2341464.34189563 234198868.268371
a position +85200 +85800 10 2 6259678.36185123 2339768.76566514 234191106.488135 6257555.63117834 2341464.34189563 234192141.781196
a position +85200 +85800 11 17 6269595.0950494 2348877.50020657 234190629.119586 -135125392.026805 4196.68310546875 -65401677.5151614
a position +85200 +85800 14 3 6267656.12625352 2348835.8448062 234193472.120493 6271153.34133758 2341464.34189563 234182042.830685
a position +85800 +86400 4 1 6274797.36199516 2339505.22420611 234190914.953743 6273100.43395212 2341464.34189563 234198868.268371
a position +85800 +86400 5 2 6265204.99630957 2348954.02464715 234191410.144391 6257555.63117834 2341464.34189563 234192141.781196
a position +85800 +86400 6 3 6261807.04816339 2335933.77683364 234190727.782118 6271153.34133758 2341464.34189563 234182042.830685
a position +85800 +86400 7 16 6267365.58394018 2339636.71657955 234198578.278346 -135117043.787059 3750.98291015625 -65403216.9563235
a position +85800 +86400 8 3 6266879.23026747 2348916.89748717 234188822.243013 6271153.34133758 2341464.34189563 234182042.830685
a position +85800 +86400 9 1 6267564.59226036 2335839.41162018 234185652.358892 6273100.43395212 2341464.34189563 234198868.268371
a position +85800 +86400 11 2 6269595.0950494 2348877.50020657 234190629.119586 6257555.63117834 2341464.34189563 234192141.781196
a position +85800 +86400 13 17 6267187.88823854 2339901.3312399 234183397.710163 -135125392.026805 4196.68310546875 -65401677.5151614
