a contact +0 +600 2003 1003 50
a contact +0 +600 2005 1002 50
a contact +0 +600 2006 1001 50
a contact +0 +600 2007 1002 50
a contact +0 +600 2008 1001 50
a contact +0 +600 2010 9002 50
a contact +0 +600 2011 9003 50
a contact +0 +600 2012 1003 50
a contact +600 +1200 2001 1001 50
a contact +600 +1200 2003 1003 50
a contact +600 +1200 2005 1003 50
a contact +600 +1200 2009 1002 50
a contact +600 +1200 2010 1002 50
a contact +600 +1200 2012 1001 50
a contact +1200 +1800 2001 1002 50
a contact +1200 +1800 2003 1001 50
a contact +1200 +1800 2007 1001 50
a contact +1200 +1800 2008 9003 50
a contact +1200 +1800 2009 1003 50
a contact +1200 +1800 2010 1003 50
a contact +600 +1800 2011 9002 50
a contact +1200 +1800 2012 1002 50
a contact +1800 +2400 2006 1003 50
a contact +1800 +2400 2007 1002 50
a contact +1800 +2400 2008 1001 50
a contact +1800 +2400 2009 1001 50
a contact +1800 +2400 2010 9002 50
a contact +1800 +2400 2011 1002 50
a contact +1800 +2400 2012 1003 50
a contact +2400 +3000 2002 1002 50
a contact +2400 +3000 2003 9002 50
a contact +2400 +3000 2004 1003 50
a contact +2400 +3000 2007 1001 50
a contact +2400 +3000 2008 9001 50
a contact +2400 +3000 2009 1002 50
a contact +2400 +3000 2011 1003 50
a contact +2400 +3000 2012 1001 50
a contact +3000 +3600 2005 1001 50
a contact +3000 +3600 2007 1003 50
a contact +3000 +3600 2008 9003 50
a contact +3000 +3600 2009 1001 50
a contact +3000 +3600 2010 1003 50
a contact +3000 +3600 2011 1002 50
a contact +3000 +3600 2012 1002 50
a contact +3600 +4200 2002 1001 50
a contact +3600 +4200 2003 9001 50
a contact +3600 +4200 2007 9002 50
a contact +3600 +4200 2008 1003 50
a contact +3600 +4200 2009 1001 50
a contact +3600 +4200 2010 1002 50
a contact +3600 +4200 2011 1003 50
a contact +3600 +4200 2012 1002 50
a contact +4200 +4800 2001 1003 50
a contact +4200 +4800 2003 9002 50
a contact +4200 +4800 2005 1003 50
a contact +4200 +4800 2006 1001 50
a contact +4200 +4800 2009 1002 50
a contact +4200 +4800 2010 1002 50
a contact +4200 +4800 2011 1001 50
a contact +4800 +5400 2005 1002 50
a contact +4800 +5400 2006 1003 50
a contact +4800 +5400 2007 9001 50
a contact +4800 +5400 2009 1001 50
a contact +4800 +5400 2010 9003 50
a contact +4800 +5400 2011 1002 50
a contact +4800 +5400 2012 1001 50
a contact +5400 +6000 2006 1002 50
a contact +5400 +6000 2007 9003 50
a contact +5400 +6000 2009 1003 50
a contact +5400 +6000 2010 1001 50
a contact +5400 +6000 2011 1001 50
a contact +5400 +6000 2012 1002 50
a contact +6000 +6600 2001 1003 50
a contact +6000 +6600 2002 9003 50
a contact +6000 +6600 2004 1001 50
a contact +6000 +6600 2005 1001 50
a contact +4800 +6600 2008 1003 50
a contact +6000 +6600 2010 9002 50
a contact +6000 +6600 2012 1002 50
a contact +6600 +7200 2001 1002 50
a contact +6600 +7200 2002 1003 50
a contact +6600 +7200 2003 1001 50
a contact +6600 +7200 2007 9003 50
a contact +6600 +7200 2008 1001 50
a contact +6600 +7200 2009 1003 50
a contact +6000 +7200 2011 1002 50
a contact +7200 +7800 2003 9002 50
a contact +7200 +7800 2004 1003 50
a contact +7200 +7800 2005 1003 50
a contact +7200 +7800 2006 1002 50
a contact +7200 +7800 2008 1002 50
a contact +7200 +7800 2010 1001 50
a contact +7200 +7800 2011 9003 50
a contact +7200 +7800 2012 1001 50
a contact +7800 +8400 2001 1003 50
a contact +7800 +8400 2002 1003 50
a contact +7800 +8400 2005 1001 50
a contact +7800 +8400 2008 1001 50
a contact +7800 +8400 2009 1002 50
a contact +7800 +8400 2010 9001 50
a contact +7800 +8400 2012 9002 50
a contact +8400 +9000 2004 1001 50
a contact +8400 +9000 2005 1003 50
a contact +8400 +9000 2006 1001 50
a contact +8400 +9000 2007 9002 50
a contact +8400 +9000 2008 1002 50
a contact +8400 +9000 2009 1003 50
a contact +7800 +9000 2011 1002 50
a contact +9000 +9600 2003 1001 50
a contact +9000 +9600 2004 9001 50
a contact +9000 +9600 2005 1003 50
a contact +9000 +9600 2006 1002 50
a contact +9000 +9600 2007 9003 50
a contact +9000 +9600 2010 1002 50
a contact +9000 +9600 2011 1001 50
a contact +9000 +9600 2012 1003 50
a contact +9600 +10200 2005 1003 50
a contact +9600 +10200 2006 9003 50
a contact +9600 +10200 2007 1001 50
a contact +9600 +10200 2008 1001 50
a contact +9600 +10200 2009 1002 50
a contact +9600 +10200 2012 1003 50
a contact +10200 +10800 2001 9001 50
a contact +10200 +10800 2006 1003 50
a contact +10200 +10800 2007 1001 50
a contact +10200 +10800 2008 1001 50
a contact +10200 +10800 2009 1003 50
a contact +10200 +10800 2010 1002 50
a contact +9600 +10800 2011 1002 50
a contact +10200 +10800 2012 9003 50
a contact +10800 +11400 2002 9002 50
a contact +10800 +11400 2006 1001 50
a contact +10800 +11400 2008 1002 50
a contact +10800 +11400 2009 1002 50
a contact +10800 +11400 2010 1001 50
a contact +10800 +11400 2011 1003 50
a contact +11400 +12000 2004 9002 50
a contact +11400 +12000 2006 1002 50
a contact +10800 +12000 2007 1003 50
a contact +11400 +12000 2008 1001 50
a contact +11400 +12000 2009 1002 50
a contact +11400 +12000 2012 1003 50
a contact +12000 +12600 2004 1003 50
a contact +12000 +12600 2005 1002 50
a contact +12000 +12600 2006 9001 50
a contact +12000 +12600 2007 1001 50
a contact +12000 +12600 2008 1002 50
a contact +12000 +12600 2009 9002 50
a contact +12000 +12600 2010 1003 50
a contact +11400 +12600 2011 1001 50
a contact +12600 +13200 2001 1003 50
a contact +12600 +13200 2003 1003 50
a contact +12600 +13200 2007 1002 50
a contact +12600 +13200 2009 9003 50
a contact +12600 +13200 2010 1002 50
a contact +12600 +13200 2011 9002 50
a contact +12600 +13800 2004 1001 50
a contact +13200 +13800 2005 1002 50
a contact +13200 +13800 2006 9002 50
a contact +13200 +13800 2008 9001 50
a contact +13200 +13800 2009 1003 50
a contact +13200 +13800 2010 1002 50
a contact +13200 +13800 2011 1003 50
a contact +12600 +13800 2012 1001 50
a contact +13800 +14400 2003 1002 50
a contact +13800 +14400 2004 1003 50
a contact +13800 +14400 2008 1001 50
a contact +13800 +14400 2009 1002 50
a contact +13800 +14400 2010 1003 50
a contact +13800 +14400 2011 1001 50
a contact +13800 +14400 2012 9002 50
a contact +14400 +15000 2001 9001 50
a contact +14400 +15000 2002 1001 50
a contact +14400 +15000 2006 9002 50
a contact +14400 +15000 2007 1002 50
a contact +14400 +15000 2008 1001 50
a contact +14400 +15000 2010 1003 50
a contact +14400 +15000 2012 1003 50
a contact +15000 +15600 2002 1002 50
a contact +15000 +15600 2004 1003 50
a contact +14400 +15600 2005 1002 50
a contact +15000 +15600 2007 1003 50
a contact +15000 +15600 2009 9002 50
a contact +15000 +15600 2010 1001 50
a contact +15000 +15600 2011 1001 50
a contact +15000 +15600 2012 9001 50
a contact +15600 +16200 2001 1002 50
a contact +15600 +16200 2008 1001 50
a contact +15600 +16200 2009 1001 50
a contact +15600 +16200 2010 1003 50
a contact +15600 +16200 2011 1003 50
a contact +15600 +16200 2012 1002 50
a contact +16200 +16800 2001 1003 50
a contact +15600 +16800 2005 9003 50
a contact +16200 +16800 2006 1003 50
a contact +15600 +16800 2007 9001 50
a contact +16200 +16800 2008 1002 50
a contact +16200 +16800 2010 1002 50
a contact +16200 +16800 2011 1001 50
a contact +16200 +16800 2012 1001 50
a contact +16800 +17400 2001 1001 50
a contact +16800 +17400 2006 1003 50
a contact +16800 +17400 2008 1001 50
a contact +16800 +17400 2009 1002 50
a contact +16800 +17400 2010 1003 50
a contact +16800 +17400 2011 1002 50
a contact +16800 +17400 2012 9002 50
a contact +17400 +18000 2005 1002 50
a contact +17400 +18000 2006 1001 50
a contact +17400 +18000 2007 1002 50
a contact +17400 +18000 2008 1003 50
a contact +17400 +18000 2009 9002 50
a contact +17400 +18000 2010 9003 50
a contact +17400 +18000 2011 1001 50
a contact +17400 +18000 2012 1003 50
a contact +18000 +18600 2004 9003 50
a contact +18000 +18600 2005 1001 50
a contact +18000 +18600 2006 1003 50
a contact +18000 +18600 2007 9001 50
a contact +18000 +18600 2008 1002 50
a contact +18000 +18600 2009 1003 50
a contact +18000 +18600 2010 1002 50
a contact +18000 +18600 2012 1001 50
a contact +18600 +19200 2001 1001 50
a contact +18600 +19200 2003 1002 50
a contact +18600 +19200 2007 9002 50
a contact +18600 +19200 2008 9001 50
a contact +18600 +19200 2009 1001 50
a contact +18600 +19200 2010 1003 50
a contact +18600 +19200 2011 1002 50
a contact +19200 +19800 2001 1003 50
a contact +18600 +19800 2004 1003 50
a contact +19200 +19800 2005 1002 50
a contact +19200 +19800 2008 1001 50
a contact +19200 +19800 2010 1002 50
a contact +19200 +19800 2011 1001 50
a contact +19200 +19800 2012 9002 50
a contact +19800 +20400 2002 1001 50
a contact +19800 +20400 2005 1003 50
a contact +19800 +20400 2006 1003 50
a contact +19800 +20400 2007 1002 50
a contact +19800 +20400 2008 1001 50
a contact +19800 +20400 2009 9001 50
a contact +19800 +20400 2011 1002 50
a contact +19800 +20400 2012 9003 50
a contact +20400 +21000 2003 9001 50
a contact +20400 +21000 2005 1003 50
a contact +20400 +21000 2006 1003 50
a contact +20400 +21000 2007 9002 50
a contact +20400 +21000 2008 1002 50
a contact +20400 +21000 2010 1002 50
a contact +20400 +21000 2011 1001 50
a contact +21000 +21600 2006 1001 50
a contact +21000 +21600 2007 1003 50
a contact +21000 +21600 2008 9003 50
a contact +21000 +21600 2010 1002 50
a contact +21000 +21600 2011 9001 50
a contact +21000 +21600 2012 1002 50
a contact +21000 +22200 2001 1003 50
a contact +21600 +22200 2005 1003 50
a contact +21600 +22200 2006 1002 50
a contact +21600 +22200 2007 1002 50
a contact +21600 +22200 2008 1001 50
a contact +20400 +22200 2009 1001 50
a contact +21600 +22200 2010 9003 50
a contact +21600 +22200 2012 9001 50
a contact +22200 +22800 2001 1001 50
a contact +22200 +22800 2002 9001 50
a contact +22200 +22800 2007 1002 50
a contact +22200 +22800 2008 1002 50
a contact +22200 +22800 2009 1001 50
a contact +22200 +22800 2010 9002 50
a contact +22200 +22800 2011 1003 50
a contact +22800 +23400 2005 1002 50
a contact +22800 +23400 2006 1002 50
a contact +22800 +23400 2007 1001 50
a contact +22800 +23400 2008 1003 50
a contact +22800 +23400 2009 9001 50
a contact +22800 +23400 2010 1001 50
a contact +22200 +23400 2012 1003 50
a contact +23400 +24000 2006 1002 50
a contact +23400 +24000 2007 1003 50
a contact +23400 +24000 2008 1002 50
a contact +23400 +24000 2009 1001 50
a contact +23400 +24000 2010 1003 50
a contact +22800 +24000 2011 9003 50
a contact +23400 +24000 2012 1001 50
a contact +24000 +24600 2003 1002 50
a contact +24000 +24600 2004 9002 50
a contact +24000 +24600 2005 9003 50
a contact +24000 +24600 2006 1001 50
a contact +24000 +24600 2007 1003 50
a contact +24000 +24600 2010 1001 50
a contact +24000 +24600 2012 1003 50
a contact +24600 +25200 2002 1002 50
a contact +24600 +25200 2003 9001 50
a contact +24600 +25200 2004 1001 50
a contact +24600 +25200 2005 1001 50
a contact +24600 +25200 2006 9003 50
a contact +24600 +25200 2009 1003 50
a contact +24600 +25200 2010 1003 50
a contact +24000 +25200 2011 1002 50
a contact +25200 +25800 2003 1001 50
a contact +25200 +25800 2004 1001 50
a contact +25200 +25800 2006 1003 50
a contact +25200 +25800 2007 9002 50
a contact +25200 +25800 2008 1002 50
a contact +25200 +25800 2010 1002 50
a contact +25200 +26400 2005 1003 50
a contact +25800 +26400 2007 1002 50
a contact +25800 +26400 2008 1001 50
a contact +25800 +26400 2010 1003 50
a contact +25800 +26400 2011 9003 50
a contact +25800 +26400 2012 1001 50
a contact +26400 +27000 2002 9001 50
a contact +26400 +27000 2003 9002 50
a contact +26400 +27000 2005 1001 50
a contact +26400 +27000 2007 1001 50
a contact +26400 +27000 2008 1003 50
a contact +25800 +27000 2009 1002 50
a contact +26400 +27000 2010 1003 50
a contact +26400 +27000 2011 1002 50
a contact +27000 +27600 2001 9002 50
a contact +27000 +27600 2003 1001 50
a contact +27000 +27600 2004 1003 50
a contact +27000 +27600 2008 9003 50
a contact +27000 +27600 2009 1002 50
a contact +27000 +27600 2010 1002 50
a contact +27000 +27600 2011 1001 50
a contact +27000 +27600 2012 1003 50
a contact +27600 +28200 2004 1001 50
a contact +27600 +28200 2006 1001 50
a contact +27600 +28200 2007 1002 50
a contact +27600 +28200 2009 1003 50
a contact +27600 +28200 2010 1003 50
a contact +27600 +28200 2011 9002 50
a contact +27600 +28200 2012 1002 50
a contact +28200 +28800 2001 1002 50
a contact +28200 +28800 2005 9001 50
a contact +28200 +28800 2006 1003 50
a contact +28200 +28800 2007 1001 50
a contact +28200 +28800 2008 9003 50
a contact +28200 +28800 2009 1002 50
a contact +28200 +28800 2010 1001 50
a contact +28200 +28800 2011 1003 50
a contact +28800 +29400 2002 1003 50
a contact +28800 +29400 2006 1002 50
a contact +28800 +29400 2007 1003 50
a contact +28800 +29400 2008 1001 50
a contact +28800 +29400 2009 9002 50
a contact +28800 +29400 2011 1001 50
a contact +28800 +29400 2012 1002 50
a contact +29400 +30000 2001 1002 50
a contact +28800 +30000 2003 9003 50
a contact +29400 +30000 2004 1001 50
a contact +29400 +30000 2006 1003 50
a contact +29400 +30000 2007 1003 50
a contact +29400 +30000 2009 1001 50
a contact +29400 +30000 2010 9002 50
a contact +29400 +30000 2011 1002 50
a contact +30000 +30600 2005 9001 50
a contact +30000 +30600 2006 9003 50
a contact +30000 +30600 2007 1001 50
a contact +30000 +30600 2008 1003 50
a contact +30000 +30600 2009 1003 50
a contact +30000 +30600 2010 1002 50
a contact +30000 +30600 2011 1001 50
a contact +30000 +30600 2012 1002 50
a contact +30600 +31200 2002 1003 50
a contact +30600 +31200 2003 1001 50
a contact +30600 +31200 2007 1002 50
a contact +30600 +31200 2008 1001 50
a contact +30600 +31200 2009 1002 50
a contact +30600 +31200 2010 1003 50
a contact +30600 +31200 2012 9003 50
a contact +31200 +31800 2004 9003 50
a contact +31200 +31800 2005 1002 50
a contact +31200 +31800 2006 1003 50
a contact +31200 +31800 2008 1003 50
a contact +31200 +31800 2009 1001 50
a contact +31200 +31800 2010 1001 50
a contact +31200 +31800 2011 1002 50
a contact +31200 +31800 2012 9001 50
a contact +31800 +32400 2003 1003 50
a contact +31800 +32400 2004 1002 50
a contact +31800 +32400 2005 1001 50
a contact +31800 +32400 2006 1001 50
a contact +31800 +32400 2007 1002 50
a contact +31800 +32400 2009 9001 50
a contact +31800 +32400 2011 1003 50
a contact +31800 +32400 2012 9002 50
a contact +32400 +33000 2001 1001 50
a contact +32400 +33000 2004 1001 50
a contact +32400 +33000 2006 9001 50
a contact +32400 +33000 2007 1002 50
a contact +32400 +33000 2008 9002 50
a contact +32400 +33000 2009 1002 50
a contact +32400 +33000 2011 1003 50
a contact +32400 +33000 2012 1003 50
a contact +33000 +33600 2002 1003 50
a contact +33000 +33600 2006 1002 50
a contact +33000 +33600 2008 1003 50
a contact +33000 +33600 2009 9002 50
a contact +33000 +33600 2011 1001 50
a contact +33000 +34200 2001 1001 50
a contact +33600 +34200 2003 1002 50
a contact +33600 +34200 2005 1001 50
a contact +33600 +34200 2006 9001 50
a contact +33600 +34200 2009 9003 50
a contact +33600 +34200 2010 1003 50
a contact +33600 +34200 2011 1003 50
a contact +33000 +34200 2012 1002 50
a contact +34200 +34800 2001 1003 50
a contact +34200 +34800 2002 1002 50
a contact +34200 +34800 2006 1001 50
a contact +34200 +34800 2009 1002 50
a contact +34200 +34800 2010 1003 50
a contact +34200 +34800 2011 1001 50
a contact +34200 +34800 2012 9002 50
a contact +34800 +35400 2002 1003 50
a contact +34800 +35400 2004 9002 50
a contact +34800 +35400 2005 1001 50
a contact +34200 +35400 2007 9003 50
a contact +34800 +35400 2008 1003 50
a contact +34800 +35400 2009 1002 50
a contact +34800 +35400 2012 1001 50
a contact +35400 +36000 2002 1002 50
a contact +35400 +36000 2003 1001 50
a contact +35400 +36000 2004 9001 50
a contact +35400 +36000 2005 1003 50
a contact +35400 +36000 2006 1001 50
a contact +35400 +36000 2009 9003 50
a contact +35400 +36000 2010 1003 50
a contact +34800 +36000 2011 1002 50
a contact +36000 +36600 2004 1001 50
a contact +36000 +36600 2006 1001 50
a contact +36000 +36600 2007 1002 50
a contact +36000 +36600 2008 9003 50
a contact +36000 +36600 2009 9001 50
a contact +36000 +36600 2010 1002 50
a contact +36000 +36600 2011 1003 50
a contact +36000 +36600 2012 1003 50
a contact +36600 +37200 2001 1001 50
a contact +36600 +37200 2004 1002 50
a contact +36600 +37200 2007 1003 50
a contact +36600 +37200 2008 1002 50
a contact +36600 +37200 2009 1001 50
a contact +36600 +37200 2010 1003 50
a contact +36600 +37200 2012 9002 50
a contact +37200 +37800 2003 1001 50
a contact +37200 +37800 2005 1003 50
a contact +37200 +37800 2006 9002 50
a contact +37200 +37800 2007 9001 50
a contact +37200 +37800 2008 1003 50
a contact +37200 +37800 2011 1002 50
a contact +37200 +37800 2012 1001 50
a contact +37800 +38400 2001 1001 50
a contact +37800 +38400 2002 9003 50
a contact +37800 +38400 2003 1003 50
a contact +37800 +38400 2004 1003 50
a contact +37200 +38400 2009 1002 50
a contact +37800 +38400 2010 1002 50
a contact +37800 +38400 2011 1001 50
a contact +38400 +39000 2004 1002 50
a contact +38400 +39000 2006 1003 50
a contact +38400 +39000 2007 9001 50
a contact +38400 +39000 2008 1001 50
a contact +38400 +39000 2009 1001 50
a contact +38400 +39000 2010 1002 50
a contact +38400 +39000 2011 9003 50
a contact +38400 +39000 2012 1003 50
a contact +39000 +39600 2001 1001 50
a contact +39000 +39600 2003 1002 50
a contact +39000 +39600 2004 9003 50
a contact +39000 +39600 2005 1001 50
a contact +39000 +39600 2007 1003 50
a contact +39000 +39600 2009 1002 50
a contact +39000 +39600 2010 1003 50
a contact +39000 +39600 2011 9002 50
a contact +39600 +40200 2004 9002 50
a contact +39600 +40200 2005 9001 50
a contact +39600 +40200 2007 1002 50
a contact +39600 +40200 2008 1003 50
a contact +39600 +40200 2009 1003 50
a contact +39600 +40200 2010 1001 50
a contact +39600 +40200 2011 1001 50
a contact +39600 +40200 2012 1002 50
a contact +40200 +40800 2002 9002 50
a contact +40200 +40800 2004 1001 50
a contact +40200 +40800 2006 1001 50
a contact +40200 +40800 2007 9001 50
a contact +40200 +40800 2009 1003 50
a contact +40200 +40800 2010 1002 50
a contact +40200 +40800 2011 1003 50
a contact +40200 +40800 2012 1002 50
a contact +40800 +41400 2003 1002 50
a contact +40800 +41400 2005 9001 50
a contact +40800 +41400 2007 1001 50
a contact +40800 +41400 2008 1002 50
a contact +40800 +41400 2009 1001 50
a contact +40800 +41400 2010 1003 50
a contact +40800 +41400 2011 1003 50
a contact +41400 +42000 2002 1002 50
a contact +41400 +42000 2007 1002 50
a contact +41400 +42000 2008 1001 50
a contact +41400 +42000 2009 1003 50
a contact +41400 +42000 2010 1003 50
a contact +41400 +42000 2011 1001 50
a contact +40800 +42000 2012 9003 50
a contact +42000 +42600 2001 1001 50
a contact +42000 +42600 2002 1001 50
a contact +42000 +42600 2004 1003 50
a contact +42000 +42600 2005 1002 50
a contact +42000 +42600 2007 1003 50
a contact +42000 +42600 2009 1002 50
a contact +42000 +42600 2011 9001 50
a contact +42000 +42600 2012 9002 50
a contact +42600 +43200 2001 1003 50
a contact +42600 +43200 2006 9001 50
a contact +42600 +43200 2007 1002 50
a contact +42600 +43200 2008 1002 50
a contact +42600 +43200 2009 9003 50
a contact +42600 +43200 2010 1001 50
a contact +42600 +43200 2011 1001 50
a contact +42600 +43200 2012 1003 50
a contact +43200 +43800 2004 9003 50
a contact +43200 +43800 2005 9001 50
a contact +43200 +43800 2006 1002 50
a contact +43200 +43800 2007 1003 50
a contact +43200 +43800 2009 1002 50
a contact +43200 +43800 2011 1001 50
a contact +43200 +43800 2012 1003 50
a contact +43800 +44400 2002 1002 50
a contact +43800 +44400 2006 9002 50
a contact +43800 +44400 2008 1003 50
a contact +43800 +44400 2009 1001 50
a contact +43200 +44400 2010 1001 50
a contact +44400 +45000 2002 1001 50
a contact +44400 +45000 2003 1001 50
a contact +44400 +45000 2004 9001 50
a contact +44400 +45000 2005 1003 50
a contact +43800 +45000 2007 1002 50
a contact +44400 +45000 2009 1002 50
a contact +43800 +45000 2011 1003 50
a contact +44400 +45000 2012 9002 50
a contact +45000 +45600 2002 9001 50
a contact +45000 +45600 2006 1003 50
a contact +45000 +45600 2007 9003 50
a contact +45000 +45600 2008 1002 50
a contact +45000 +45600 2009 1002 50
a contact +45000 +45600 2010 1001 50
a contact +45000 +45600 2011 1003 50
a contact +45000 +45600 2012 1001 50
a contact +45600 +46200 2001 1001 50
a contact +45600 +46200 2002 1003 50
a contact +45600 +46200 2006 9003 50
a contact +45600 +46200 2007 9001 50
a contact +45600 +46200 2009 1003 50
a contact +45600 +46200 2010 1001 50
a contact +45600 +46200 2011 1002 50
a contact +45600 +46200 2012 1002 50
a contact +46200 +46800 2001 1002 50
a contact +46200 +46800 2002 1001 50
a contact +46200 +46800 2003 9001 50
a contact +46200 +46800 2007 1001 50
a contact +46200 +46800 2008 1002 50
a contact +46200 +46800 2010 1003 50
a contact +46200 +46800 2011 9003 50
a contact +46200 +46800 2012 1003 50
a contact +46800 +47400 2002 9001 50
a contact +46800 +47400 2003 9003 50
a contact +46800 +47400 2005 1002 50
a contact +46800 +47400 2008 1003 50
a contact +46800 +47400 2009 1002 50
a contact +46800 +47400 2010 1001 50
a contact +46800 +47400 2011 1001 50
a contact +46800 +47400 2012 1003 50
a contact +47400 +48000 2001 1001 50
a contact +47400 +48000 2005 1002 50
a contact +47400 +48000 2007 1001 50
a contact +47400 +48000 2008 9002 50
a contact +47400 +48000 2009 1003 50
a contact +47400 +48000 2010 1003 50
a contact +47400 +48000 2011 1002 50
a contact +47400 +48000 2012 9001 50
a contact +48000 +48600 2001 9002 50
a contact +48000 +48600 2003 1002 50
a contact +48000 +48600 2004 9001 50
a contact +48000 +48600 2005 1003 50
a contact +48000 +48600 2006 1002 50
a contact +48000 +48600 2007 1001 50
a contact +48000 +48600 2008 1003 50
a contact +48000 +48600 2010 1001 50
a contact +48600 +49200 2003 9002 50
a contact +48600 +49200 2005 1002 50
a contact +48600 +49200 2008 1001 50
a contact +48600 +49200 2009 1003 50
a contact +48600 +49200 2010 1003 50
a contact +48600 +49200 2012 1001 50
a contact +49200 +49800 2005 9001 50
a contact +49200 +49800 2006 1002 50
a contact +49200 +49800 2007 9003 50
a contact +49200 +49800 2008 1003 50
a contact +49200 +49800 2010 1001 50
a contact +48600 +49800 2011 1002 50
a contact +49200 +49800 2012 1003 50
a contact +49800 +50400 2005 1003 50
a contact +49800 +50400 2006 1002 50
a contact +49800 +50400 2007 9002 50
a contact +49800 +50400 2008 1001 50
a contact +49200 +50400 2009 1001 50
a contact +49800 +50400 2011 1003 50
a contact +50400 +51000 2002 1002 50
a contact +50400 +51000 2006 9002 50
a contact +50400 +51000 2007 1003 50
a contact +50400 +51000 2008 9001 50
a contact +50400 +51000 2009 1003 50
a contact +49800 +51000 2010 1002 50
a contact +50400 +51000 2011 1001 50
a contact +50400 +51000 2012 1001 50
a contact +51000 +51600 2001 9002 50
a contact +51000 +51600 2002 9003 50
a contact +51000 +51600 2005 1001 50
a contact +51000 +51600 2006 1003 50
a contact +51000 +51600 2008 1002 50
a contact +51000 +51600 2010 1001 50
a contact +51000 +51600 2011 1002 50
a contact +51000 +51600 2012 1003 50
a contact +51600 +52200 2001 1003 50
a contact +51600 +52200 2003 1001 50
a contact +51600 +52200 2007 1001 50
a contact +51600 +52200 2008 9001 50
a contact +51600 +52200 2009 1003 50
a contact +51600 +52200 2010 1002 50
a contact +51600 +52200 2011 1002 50
a contact +52200 +52800 2005 9002 50
a contact +51600 +52800 2006 9003 50
a contact +52200 +52800 2007 1002 50
a contact +52200 +52800 2008 1001 50
a contact +52200 +52800 2011 1003 50
a contact +52200 +52800 2012 1002 50
a contact +52800 +53400 2002 1002 50
a contact +52800 +53400 2003 9003 50
a contact +52800 +53400 2004 1002 50
a contact +52800 +53400 2006 1001 50
a contact +52200 +53400 2010 1003 50
a contact +52800 +53400 2012 1003 50
a contact +53400 +54000 2001 1002 50
a contact +53400 +54000 2007 1003 50
a contact +53400 +54000 2008 1003 50
a contact +53400 +54000 2010 1002 50
a contact +53400 +54000 2011 1001 50
a contact +53400 +54000 2012 9003 50
a contact +54000 +54600 2003 9003 50
a contact +54000 +54600 2004 1001 50
a contact +54000 +54600 2005 1003 50
a contact +54000 +54600 2006 1003 50
a contact +54000 +54600 2007 1002 50
a contact +54000 +54600 2008 9001 50
a contact +52200 +54600 2009 1001 50
a contact +54000 +54600 2012 1002 50
a contact +54600 +55200 2003 1002 50
a contact +54600 +55200 2004 9003 50
a contact +54600 +55200 2006 1003 50
a contact +54600 +55200 2007 1003 50
a contact +54600 +55200 2008 1001 50
a contact +54600 +55200 2010 9002 50
a contact +55200 +55800 2002 1003 50
a contact +55200 +55800 2007 1001 50
a contact +55200 +55800 2008 1003 50
a contact +54600 +55800 2009 1002 50
a contact +55200 +55800 2011 9003 50
a contact +54600 +55800 2012 1001 50
a contact +55800 +56400 2001 1003 50
a contact +55800 +56400 2002 1001 50
a contact +55800 +56400 2003 1002 50
a contact +55800 +56400 2004 1003 50
a contact +55800 +56400 2006 9002 50
a contact +55800 +56400 2008 9001 50
a contact +55200 +56400 2010 1002 50
a contact +56400 +57000 2005 1002 50
a contact +56400 +57000 2006 1003 50
a contact +56400 +57000 2007 1002 50
a contact +56400 +57000 2008 9002 50
a contact +56400 +57000 2010 1003 50
a contact +55800 +57000 2012 1001 50
a contact +57000 +57600 2002 1001 50
a contact +57000 +57600 2003 1003 50
a contact +56400 +57600 2004 1001 50
a contact +57000 +57600 2006 1002 50
a contact +57000 +57600 2008 9003 50
a contact +57000 +57600 2009 9002 50
a contact +57000 +57600 2010 1002 50
a contact +57000 +57600 2011 1003 50
a contact +57600 +58200 2001 1001 50
a contact +57600 +58200 2004 1003 50
a contact +57600 +58200 2005 9002 50
a contact +57600 +58200 2006 1001 50
a contact +57600 +58200 2007 1002 50
a contact +57600 +58200 2008 1003 50
a contact +57600 +58200 2009 9003 50
a contact +57600 +58200 2012 1002 50
a contact +58200 +58800 2001 1003 50
a contact +58200 +58800 2002 9003 50
a contact +58200 +58800 2005 1003 50
a contact +58200 +58800 2007 1002 50
a contact +58200 +58800 2009 1002 50
a contact +58200 +58800 2010 1001 50
a contact +58200 +58800 2011 1001 50
a contact +58200 +58800 2012 9002 50
a contact +58800 +59400 2003 1001 50
a contact +58800 +59400 2005 1003 50
a contact +58800 +59400 2006 9003 50
a contact +58800 +59400 2009 1003 50
a contact +58800 +59400 2010 1002 50
a contact +58800 +59400 2012 1001 50
a contact +59400 +60000 2002 1002 50
a contact +59400 +60000 2003 9001 50
a contact +59400 +60000 2006 1003 50
a contact +59400 +60000 2007 9003 50
a contact +58800 +60000 2008 1002 50
a contact +59400 +60000 2010 1001 50
a contact +59400 +60000 2011 1003 50
a contact +59400 +60000 2012 1001 50
a contact +60000 +60600 2004 9001 50
a contact +60000 +60600 2005 1003 50
a contact +60000 +60600 2006 9003 50
a contact +60000 +60600 2007 1001 50
a contact +60000 +60600 2008 1001 50
a contact +60000 +60600 2009 1002 50
a contact +60000 +60600 2010 1002 50
a contact +60000 +60600 2012 1003 50
a contact +60600 +61200 2004 1002 50
a contact +60600 +61200 2005 1002 50
a contact +60600 +61200 2006 1003 50
a contact +60600 +61200 2007 9002 50
a contact +60600 +61200 2008 1003 50
a contact +60600 +61200 2009 1001 50
a contact +60600 +61200 2010 9001 50
a contact +61200 +61800 2003 1002 50
a contact +61200 +61800 2006 1001 50
a contact +61200 +61800 2007 9003 50
a contact +61200 +61800 2009 1003 50
a contact +61200 +61800 2010 1002 50
a contact +61200 +61800 2011 1003 50
a contact +60600 +61800 2012 1001 50
a contact +61800 +62400 2004 1001 50
a contact +61800 +62400 2005 1002 50
a contact +61800 +62400 2006 1003 50
a contact +61800 +62400 2007 1001 50
a contact +61800 +62400 2009 9002 50
a contact +61800 +62400 2010 1003 50
a contact +61800 +62400 2011 9003 50
a contact +61800 +62400 2012 1002 50
a contact +62400 +63000 2005 9002 50
a contact +62400 +63000 2007 1003 50
a contact +62400 +63000 2008 1002 50
a contact +62400 +63000 2009 1003 50
a contact +62400 +63000 2010 1001 50
a contact +62400 +63000 2011 1002 50
a contact +62400 +63000 2012 1001 50
a contact +63000 +63600 2002 9003 50
a contact +63000 +63600 2005 1003 50
a contact +63000 +63600 2006 9001 50
a contact +63000 +63600 2007 1002 50
a contact +63000 +63600 2009 1002 50
a contact +63000 +63600 2010 1001 50
a contact +63600 +64200 2001 1002 50
a contact +63600 +64200 2002 9002 50
a contact +63600 +64200 2006 1001 50
a contact +63000 +64200 2008 1001 50
a contact +63600 +64200 2009 1003 50
a contact +63600 +64200 2010 9001 50
a contact +63000 +64200 2011 1003 50
a contact +64200 +64800 2002 1003 50
a contact +63600 +64800 2003 1002 50
a contact +64200 +64800 2004 1002 50
a contact +64200 +64800 2005 9002 50
a contact +64200 +64800 2006 9001 50
a contact +64200 +64800 2007 1001 50
a contact +64200 +64800 2008 1003 50
a contact +64200 +64800 2010 1001 50
a contact +64800 +65400 2001 9003 50
a contact +64800 +65400 2007 1003 50
a contact +64800 +65400 2008 1002 50
a contact +64800 +65400 2009 1001 50
a contact +64800 +65400 2010 1002 50
a contact +64800 +65400 2011 1003 50
a contact +64800 +65400 2012 1001 50
a contact +65400 +66000 2001 1002 50
a contact +65400 +66000 2002 1001 50
a contact +65400 +66000 2003 1003 50
a contact +65400 +66000 2006 9002 50
a contact +65400 +66000 2009 1002 50
a contact +65400 +66000 2010 1003 50
a contact +65400 +66000 2011 1001 50
a contact +66000 +66600 2003 9001 50
a contact +66000 +66600 2005 9002 50
a contact +66000 +66600 2007 1001 50
a contact +66000 +66600 2008 1002 50
a contact +66000 +66600 2009 1001 50
a contact +66000 +66600 2010 1003 50
a contact +66000 +66600 2011 1003 50
a contact +66000 +66600 2012 1002 50
a contact +66600 +67200 2003 1002 50
a contact +66600 +67200 2006 1002 50
a contact +66600 +67200 2007 1001 50
a contact +66600 +67200 2009 1003 50
a contact +66600 +67200 2010 9003 50
a contact +66600 +67200 2011 1001 50
a contact +66600 +67200 2012 9001 50
a contact +67200 +67800 2001 9001 50
a contact +67200 +67800 2004 1002 50
a contact +67200 +67800 2005 9002 50
a contact +66600 +67800 2008 1003 50
a contact +67200 +67800 2009 1001 50
a contact +67200 +67800 2010 1003 50
a contact +67200 +67800 2011 1002 50
a contact +67200 +67800 2012 1001 50
a contact +67800 +68400 2004 1003 50
a contact +67800 +68400 2005 1003 50
a contact +67800 +68400 2006 1002 50
a contact +67800 +68400 2007 1002 50
a contact +67800 +68400 2008 9001 50
a contact +67800 +68400 2011 1001 50
a contact +67800 +68400 2012 1001 50
a contact +68400 +69000 2003 1001 50
a contact +68400 +69000 2005 1003 50
a contact +68400 +69000 2006 1002 50
a contact +68400 +69000 2007 1003 50
a contact +68400 +69000 2008 1001 50
a contact +67800 +69000 2009 9003 50
a contact +68400 +69000 2012 9001 50
a contact +69000 +69600 2002 9001 50
a contact +69000 +69600 2006 9003 50
a contact +69000 +69600 2007 1002 50
a contact +69000 +69600 2008 1003 50
a contact +69000 +69600 2010 1001 50
a contact +68400 +69600 2011 1002 50
a contact +69000 +69600 2012 1001 50
a contact +69600 +70200 2002 1001 50
a contact +69600 +70200 2005 9003 50
a contact +69600 +70200 2006 1002 50
a contact +69600 +70200 2007 1003 50
a contact +69000 +70200 2009 1003 50
a contact +69600 +70200 2010 9002 50
a contact +69600 +70200 2011 1002 50
a contact +69600 +70200 2012 1001 50
a contact +70200 +70800 2003 1002 50
a contact +70200 +70800 2004 1002 50
a contact +70200 +70800 2007 9002 50
a contact +70200 +70800 2008 1001 50
a contact +70200 +70800 2010 1003 50
a contact +70200 +70800 2011 1001 50
a contact +70200 +70800 2012 1003 50
a contact +70800 +71400 2002 1001 50
a contact +70800 +71400 2003 1003 50
a contact +70800 +71400 2007 9001 50
a contact +70800 +71400 2009 1002 50
a contact +70800 +71400 2010 9003 50
a contact +70800 +71400 2011 1003 50
a contact +70800 +71400 2012 1002 50
a contact +71400 +72000 2002 9003 50
a contact +71400 +72000 2005 1003 50
a contact +71400 +72000 2006 1003 50
a contact +70800 +72000 2008 1001 50
a contact +71400 +72000 2009 1001 50
a contact +71400 +72000 2010 1002 50
a contact +71400 +72000 2011 1002 50
a contact +71400 +72000 2012 9001 50
a contact +72000 +72600 2004 1001 50
a contact +72000 +72600 2005 1001 50
a contact +72000 +72600 2006 9003 50
a contact +72000 +72600 2007 1003 50
a contact +72000 +72600 2009 1003 50
a contact +72000 +72600 2010 9001 50
a contact +72000 +72600 2011 1002 50
a contact +72000 +72600 2012 1002 50
a contact +72600 +73200 2003 1002 50
a contact +72600 +73200 2004 1003 50
a contact +72600 +73200 2005 1001 50
a contact +72600 +73200 2008 1001 50
a contact +72600 +73200 2009 1002 50
a contact +72600 +73200 2011 9003 50
a contact +72600 +73200 2012 1003 50
a contact +73200 +73800 2003 1001 50
a contact +73200 +73800 2007 9002 50
a contact +73200 +73800 2008 1003 50
a contact +73200 +73800 2009 1002 50
a contact +73200 +73800 2010 1002 50
a contact +73200 +73800 2011 1003 50
a contact +73800 +74400 2001 9002 50
a contact +73800 +74400 2002 1003 50
a contact +73800 +74400 2004 1001 50
a contact +73800 +74400 2007 1002 50
a contact +73800 +74400 2009 1002 50
a contact +73800 +74400 2011 1003 50
a contact +73200 +74400 2012 1001 50
a contact +74400 +75000 2001 1002 50
a contact +74400 +75000 2002 1002 50
a contact +74400 +75000 2003 9003 50
a contact +74400 +75000 2004 1003 50
a contact +74400 +75000 2007 1001 50
a contact +74400 +75000 2008 9002 50
a contact +74400 +75000 2010 1003 50
a contact +74400 +75000 2011 1001 50
a contact +75000 +75600 2002 1002 50
a contact +75000 +75600 2004 1003 50
a contact +75000 +75600 2005 1001 50
a contact +75000 +75600 2008 9001 50
a contact +75000 +75600 2009 1001 50
a contact +75000 +75600 2010 9002 50
a contact +75000 +75600 2011 1003 50
a contact +75000 +75600 2012 1002 50
a contact +75600 +76200 2005 1002 50
a contact +75600 +76200 2007 1001 50
a contact +75600 +76200 2008 1001 50
a contact +75600 +76200 2009 1003 50
a contact +75600 +76200 2010 9001 50
a contact +75600 +76200 2011 1002 50
a contact +76200 +76800 2002 1003 50
a contact +76200 +76800 2003 1002 50
a contact +76200 +76800 2005 1001 50
a contact +75600 +76800 2006 1003 50
a contact +76200 +76800 2008 9001 50
a contact +76200 +76800 2010 1002 50
a contact +75600 +76800 2012 9003 50
a contact +76800 +77400 2004 1003 50
a contact +76800 +77400 2005 9001 50
a contact +76800 +77400 2008 1001 50
a contact +76200 +77400 2009 1001 50
a contact +76800 +77400 2010 1003 50
a contact +76800 +77400 2011 1002 50
a contact +77400 +78000 2003 1003 50
a contact +76800 +78000 2006 9002 50
a contact +77400 +78000 2007 1001 50
a contact +77400 +78000 2008 9003 50
a contact +77400 +78000 2009 1001 50
a contact +77400 +78000 2010 1002 50
a contact +77400 +78000 2011 1003 50
a contact +76800 +78000 2012 1002 50
a contact +78000 +78600 2004 1002 50
a contact +78000 +78600 2005 1002 50
a contact +78000 +78600 2006 1001 50
a contact +78000 +78600 2007 9002 50
a contact +78000 +78600 2008 1003 50
a contact +78000 +78600 2009 1003 50
a contact +78000 +78600 2011 1001 50
a contact +78000 +78600 2012 9001 50
a contact +78600 +79200 2004 1001 50
a contact +78600 +79200 2007 1003 50
a contact +78600 +79200 2008 1001 50
a contact +78600 +79200 2009 1002 50
a contact +78600 +79200 2010 1002 50
a contact +78600 +79200 2011 1003 50
a contact +79200 +79800 2004 9001 50
a contact +78600 +79800 2006 9002 50
a contact +79200 +79800 2007 1003 50
a contact +79200 +79800 2008 1002 50
a contact +79200 +79800 2009 1003 50
a contact +79200 +79800 2010 1001 50
a contact +79200 +79800 2011 1001 50
a contact +79200 +79800 2012 1002 50
a contact +79800 +80400 2002 1001 50
a contact +79800 +80400 2004 1003 50
a contact +79800 +80400 2005 9001 50
a contact +79800 +80400 2006 9003 50
a contact +79800 +80400 2008 1002 50
a contact +79800 +80400 2010 1001 50
a contact +79800 +80400 2011 1002 50
a contact +79800 +80400 2012 1003 50
a contact +80400 +81000 2001 1002 50
a contact +80400 +81000 2003 1001 50
a contact +80400 +81000 2005 9003 50
a contact +80400 +81000 2007 1003 50
a contact +80400 +81000 2010 1003 50
a contact +80400 +81000 2011 1001 50
a contact +81000 +81600 2002 1003 50
a contact +81000 +81600 2004 1003 50
a contact +81000 +81600 2006 9003 50
a contact +81000 +81600 2007 1001 50
a contact +81000 +81600 2008 1002 50
a contact +80400 +81600 2009 1002 50
a contact +81000 +81600 2012 1001 50
a contact +81600 +82200 2005 9001 50
a contact +81600 +82200 2006 9002 50
a contact +81600 +82200 2007 1003 50
a contact +81600 +82200 2008 1001 50
a contact +81600 +82200 2009 1003 50
a contact +81600 +82200 2010 1001 50
a contact +81600 +82200 2011 1002 50
a contact +81600 +82200 2012 1002 50
a contact +82200 +82800 2002 1001 50
a contact +82200 +82800 2005 1002 50
a contact +82200 +82800 2006 1002 50
a contact +82200 +82800 2008 9001 50
a contact +82200 +82800 2009 9003 50
a contact +82200 +82800 2010 1003 50
a contact +82200 +82800 2011 1001 50
a contact +82200 +82800 2012 1003 50
a contact +82800 +83400 2003 1002 50
a contact +82800 +83400 2004 1003 50
a contact +82800 +83400 2005 1001 50
a contact +82800 +83400 2006 9001 50
a contact +82800 +83400 2007 1003 50
a contact +82800 +83400 2009 9002 50
a contact +82800 +83400 2012 1002 50
a contact +83400 +84000 2001 1002 50
a contact +83400 +84000 2006 1003 50
a contact +83400 +84000 2007 1001 50
a contact +83400 +84000 2008 9003 50
a contact +82800 +84000 2010 1001 50
a contact +83400 +84000 2011 9001 50
a contact +83400 +84000 2012 1002 50
a contact +84000 +84600 2001 9003 50
a contact +84000 +84600 2004 1001 50
a contact +84000 +84600 2005 1003 50
a contact +84000 +84600 2008 1002 50
a contact +83400 +84600 2009 1003 50
a contact +84000 +84600 2010 1002 50
a contact +84000 +85200 2003 9001 50
a contact +84600 +85200 2006 1002 50
a contact +84600 +85200 2009 1001 50
a contact +84600 +85200 2010 1002 50
a contact +84600 +85200 2011 1003 50
a contact +84000 +85200 2012 1001 50
a contact +85200 +85800 2004 1001 50
a contact +84600 +85800 2005 9002 50
a contact +84600 +85800 2007 1003 50
a contact +85200 +85800 2008 1003 50
a contact +85200 +85800 2009 1001 50
a contact +85200 +85800 2010 1002 50
a contact +85200 +85800 2012 1002 50
a contact +85800 +86400 2002 9003 50
a contact +85800 +86400 2003 1003 50
a contact +85800 +86400 2004 1002 50
a contact +85800 +86400 2005 1002 50
a contact +85800 +86400 2008 9002 50
a contact +85800 +86400 2010 1001 50
a contact +85800 +86400 2011 1001 50
a contact +85800 +86400 2012 1003 50

a range +0 +600 2003 1003 0.0543
a range +0 +600 2005 1002 0.0547
a range +0 +600 2006 1001 0.055
a range +0 +600 2007 1002 0.0552
a range +0 +600 2008 1001 0.0543
a range +0 +600 2010 9002 1103.3718
a range +0 +600 2011 9003 1103.6222
a range +0 +600 2012 1003 0.0545
a range +600 +1200 2001 1001 0.054
a range +600 +1200 2003 1003 0.0543
a range +600 +1200 2005 1003 0.0544
a range +600 +1200 2009 1002 0.0543
a range +600 +1200 2010 1002 0.0543
a range +600 +1200 2012 1001 0.0553
a range +1200 +1800 2001 1002 0.054
a range +1200 +1800 2003 1001 0.0555
a range +1200 +1800 2007 1001 0.052
a range +1200 +1800 2008 9003 1104.7655
a range +1200 +1800 2009 1003 0.0366
a range +1200 +1800 2010 1003 0.0542
a range +600 +1800 2011 9002 1103.3812
a range +1200 +1800 2012 1002 0.0543
a range +1800 +2400 2006 1003 0.0546
a range +1800 +2400 2007 1002 0.0552
a range +1800 +2400 2008 1001 0.0543
a range +1800 +2400 2009 1001 0.054
a range +1800 +2400 2010 9002 1103.1011
a range +1800 +2400 2011 1002 0.0551
a range +1800 +2400 2012 1003 0.0545
a range +2400 +3000 2002 1002 0.0358
a range +2400 +3000 2003 9002 1105.056
a range +2400 +3000 2004 1003 0.0542
a range +2400 +3000 2007 1001 0.052
a range +2400 +3000 2008 9001 1105.0599
a range +2400 +3000 2009 1002 0.0545
a range +2400 +3000 2011 1003 0.0468
a range +2400 +3000 2012 1001 0.0296
a range +3000 +3600 2005 1001 0.0466
a range +3000 +3600 2007 1003 0.0547
a range +3000 +3600 2008 9003 1104.7655
a range +3000 +3600 2009 1001 0.0547
a range +3000 +3600 2010 1003 0.0542
a range +3000 +3600 2011 1002 0.0551
a range +3000 +3600 2012 1002 0.0543
a range +3600 +4200 2002 1001 0.044
a range +3600 +4200 2003 9001 1105.0488
a range +3600 +4200 2007 9002 1105.0542
a range +3600 +4200 2008 1003 0.0382
a range +3600 +4200 2009 1001 0.0316
a range +3600 +4200 2010 1002 0.0437
a range +3600 +4200 2011 1003 0.0468
a range +3600 +4200 2012 1002 0.0393
a range +4200 +4800 2001 1003 0.0555
a range +4200 +4800 2003 9002 1103.3766
a range +4200 +4800 2005 1003 0.0544
a range +4200 +4800 2006 1001 0.055
a range +4200 +4800 2009 1002 0.0543
a range +4200 +4800 2010 1002 0.0543
a range +4200 +4800 2011 1001 0.055
a range +4800 +5400 2005 1002 0.0413
a range +4800 +5400 2006 1003 0.0253
a range +4800 +5400 2007 9001 1105.047
a range +4800 +5400 2009 1001 0.0316
a range +4800 +5400 2010 9003 1104.7267
a range +4800 +5400 2011 1002 0.0551
a range +4800 +5400 2012 1001 0.0296
a range +5400 +6000 2006 1002 0.0543
a range +5400 +6000 2007 9003 1104.7848
a range +5400 +6000 2009 1003 0.0366
a range +5400 +6000 2010 1001 0.0553
a range +5400 +6000 2011 1001 0.055
a range +5400 +6000 2012 1002 0.0543
a range +6000 +6600 2001 1003 0.0555
a range +6000 +6600 2002 9003 1104.7838
a range +6000 +6600 2004 1001 0.0543
a range +6000 +6600 2005 1001 0.0466
a range +4800 +6600 2008 1003 0.0554
a range +6000 +6600 2010 9002 1103.1011
a range +6000 +6600 2012 1002 0.0543
a range +6600 +7200 2001 1002 0.054
a range +6600 +7200 2002 1003 0.0548
a range +6600 +7200 2003 1001 0.0555
a range +6600 +7200 2007 9003 1104.7848
a range +6600 +7200 2008 1001 0.0543
a range +6600 +7200 2009 1003 0.0366
a range +6000 +7200 2011 1002 0.0551
a range +7200 +7800 2003 9002 1103.3766
a range +7200 +7800 2004 1003 0.0542
a range +7200 +7800 2005 1003 0.0544
a range +7200 +7800 2006 1002 0.0543
a range +7200 +7800 2008 1002 0.0542
a range +7200 +7800 2010 1001 0.0553
a range +7200 +7800 2011 9003 1103.6222
a range +7200 +7800 2012 1001 0.0549
a range +7800 +8400 2001 1003 0.0555
a range +7800 +8400 2002 1003 0.055
a range +7800 +8400 2005 1001 0.0555
a range +7800 +8400 2008 1001 0.0555
a range +7800 +8400 2009 1002 0.0548
a range +7800 +8400 2010 9001 1102.3667
a range +7800 +8400 2012 9002 1102.5575
a range +8400 +9000 2004 1001 0.0543
a range +8400 +9000 2005 1003 0.0544
a range +8400 +9000 2006 1001 0.055
a range +8400 +9000 2007 9002 1103.3814
a range +8400 +9000 2008 1002 0.0558
a range +8400 +9000 2009 1003 0.0543
a range +7800 +9000 2011 1002 0.0551
a range +9000 +9600 2003 1001 0.0555
a range +9000 +9600 2004 9001 1105.0805
a range +9000 +9600 2005 1003 0.0549
a range +9000 +9600 2006 1002 0.0543
a range +9000 +9600 2007 9003 1104.7848
a range +9000 +9600 2010 1002 0.0437
a range +9000 +9600 2011 1001 0.0355
a range +9000 +9600 2012 1003 0.0545
a range +9600 +10200 2005 1003 0.0544
a range +9600 +10200 2006 9003 1103.7597
a range +9600 +10200 2007 1001 0.052
a range +9600 +10200 2008 1001 0.0543
a range +9600 +10200 2009 1002 0.0543
a range +9600 +10200 2012 1003 0.0545
a range +10200 +10800 2001 9001 1105.068
a range +10200 +10800 2006 1003 0.0253
a range +10200 +10800 2007 1001 0.052
a range +10200 +10800 2008 1001 0.0543
a range +10200 +10800 2009 1003 0.0366
a range +10200 +10800 2010 1002 0.0437
a range +9600 +10800 2011 1002 0.0551
a range +10200 +10800 2012 9003 1104.7771
a range +10800 +11400 2002 9002 1103.3933
a range +10800 +11400 2006 1001 0.055
a range +10800 +11400 2008 1002 0.0558
a range +10800 +11400 2009 1002 0.0543
a range +10800 +11400 2010 1001 0.0553
a range +10800 +11400 2011 1003 0.0553
a range +11400 +12000 2004 9002 1103.4031
a range +11400 +12000 2006 1002 0.0549
a range +10800 +12000 2007 1003 0.0547
a range +11400 +12000 2008 1001 0.0543
a range +11400 +12000 2009 1002 0.0543
a range +11400 +12000 2012 1003 0.0545
a range +12000 +12600 2004 1003 0.0549
a range +12000 +12600 2005 1002 0.0541
a range +12000 +12600 2006 9001 1102.3483
a range +12000 +12600 2007 1001 0.0545
a range +12000 +12600 2008 1002 0.0543
a range +12000 +12600 2009 9002 1103.3991
a range +12000 +12600 2010 1003 0.0542
a range +11400 +12600 2011 1001 0.055
a range +12600 +13200 2001 1003 0.0543
a range +12600 +13200 2003 1003 0.0543
a range +12600 +13200 2007 1002 0.0552
a range +12600 +13200 2009 9003 1104.7743
a range +12600 +13200 2010 1002 0.0437
a range +12600 +13200 2011 9002 1103.3812
a range +12600 +13800 2004 1001 0.0543
a range +13200 +13800 2005 1002 0.0541
a range +13200 +13800 2006 9002 1103.3649
a range +13200 +13800 2008 9001 1102.3373
a range +13200 +13800 2009 1003 0.0543
a range +13200 +13800 2010 1002 0.0543
a range +13200 +13800 2011 1003 0.0553
a range +12600 +13800 2012 1001 0.0553
a range +13800 +14400 2003 1002 0.0546
a range +13800 +14400 2004 1003 0.0559
a range +13800 +14400 2008 1001 0.0543
a range +13800 +14400 2009 1002 0.0543
a range +13800 +14400 2010 1003 0.0542
a range +13800 +14400 2011 1001 0.055
a range +13800 +14400 2012 9002 1102.5575
a range +14400 +15000 2001 9001 1102.3348
a range +14400 +15000 2002 1001 0.0554
a range +14400 +15000 2006 9002 1103.3649
a range +14400 +15000 2007 1002 0.0552
a range +14400 +15000 2008 1001 0.0555
a range +14400 +15000 2010 1003 0.0542
a range +14400 +15000 2012 1003 0.0556
a range +15000 +15600 2002 1002 0.0546
a range +15000 +15600 2004 1003 0.0549
a range +14400 +15600 2005 1002 0.0541
a range +15000 +15600 2007 1003 0.0543
a range +15000 +15600 2009 9002 1103.3991
a range +15000 +15600 2010 1001 0.0556
a range +15000 +15600 2011 1001 0.055
a range +15000 +15600 2012 9001 1102.3445
a range +15600 +16200 2001 1002 0.054
a range +15600 +16200 2008 1001 0.0555
a range +15600 +16200 2009 1001 0.0316
a range +15600 +16200 2010 1003 0.0149
a range +15600 +16200 2011 1003 0.0468
a range +15600 +16200 2012 1002 0.0393
a range +16200 +16800 2001 1003 0.0327
a range +15600 +16800 2005 9003 1104.7957
a range +16200 +16800 2006 1003 0.0253
a range +15600 +16800 2007 9001 1105.047
a range +16200 +16800 2008 1002 0.0474
a range +16200 +16800 2010 1002 0.0437
a range +16200 +16800 2011 1001 0.0355
a range +16200 +16800 2012 1001 0.0296
a range +16800 +17400 2001 1001 0.054
a range +16800 +17400 2006 1003 0.0546
a range +16800 +17400 2008 1001 0.0543
a range +16800 +17400 2009 1002 0.0543
a range +16800 +17400 2010 1003 0.0542
a range +16800 +17400 2011 1002 0.0551
a range +16800 +17400 2012 9002 1103.3874
a range +17400 +18000 2005 1002 0.0541
a range +17400 +18000 2006 1001 0.055
a range +17400 +18000 2007 1002 0.0552
a range +17400 +18000 2008 1003 0.0554
a range +17400 +18000 2009 9002 1103.3991
a range +17400 +18000 2010 9003 1103.1034
a range +17400 +18000 2011 1001 0.055
a range +17400 +18000 2012 1003 0.0545
a range +18000 +18600 2004 9003 1104.7551
a range +18000 +18600 2005 1001 0.0466
a range +18000 +18600 2006 1003 0.0253
a range +18000 +18600 2007 9001 1105.047
a range +18000 +18600 2008 1002 0.0474
a range +18000 +18600 2009 1003 0.0366
a range +18000 +18600 2010 1002 0.0437
a range +18000 +18600 2012 1001 0.0296
a range +18600 +19200 2001 1001 0.054
a range +18600 +19200 2003 1002 0.0546
a range +18600 +19200 2007 9002 1103.3814
a range +18600 +19200 2008 9001 1102.3373
a range +18600 +19200 2009 1001 0.054
a range +18600 +19200 2010 1003 0.0542
a range +18600 +19200 2011 1002 0.0546
a range +19200 +19800 2001 1003 0.0555
a range +18600 +19800 2004 1003 0.0559
a range +19200 +19800 2005 1002 0.0541
a range +19200 +19800 2008 1001 0.0543
a range +19200 +19800 2010 1002 0.0543
a range +19200 +19800 2011 1001 0.055
a range +19200 +19800 2012 9002 1102.5575
a range +19800 +20400 2002 1001 0.044
a range +19800 +20400 2005 1003 0.0549
a range +19800 +20400 2006 1003 0.0253
a range +19800 +20400 2007 1002 0.0097
a range +19800 +20400 2008 1001 0.0543
a range +19800 +20400 2009 9001 1105.0659
a range +19800 +20400 2011 1002 0.0551
a range +19800 +20400 2012 9003 1104.7771
a range +20400 +21000 2003 9001 1105.0488
a range +20400 +21000 2005 1003 0.0365
a range +20400 +21000 2006 1003 0.0253
a range +20400 +21000 2007 9002 1105.0542
a range +20400 +21000 2008 1002 0.0474
a range +20400 +21000 2010 1002 0.0437
a range +20400 +21000 2011 1001 0.0355
a range +21000 +21600 2006 1001 0.055
a range +21000 +21600 2007 1003 0.0547
a range +21000 +21600 2008 9003 1104.7655
a range +21000 +21600 2010 1002 0.0437
a range +21000 +21600 2011 9001 1104.4319
a range +21000 +21600 2012 1002 0.055
a range +21000 +22200 2001 1003 0.0327
a range +21600 +22200 2005 1003 0.0549
a range +21600 +22200 2006 1002 0.0543
a range +21600 +22200 2007 1002 0.0097
a range +21600 +22200 2008 1001 0.0543
a range +20400 +22200 2009 1001 0.0541
a range +21600 +22200 2010 9003 1104.7267
a range +21600 +22200 2012 9001 1104.1608
a range +22200 +22800 2001 1001 0.0279
a range +22200 +22800 2002 9001 1105.056
a range +22200 +22800 2007 1002 0.0097
a range +22200 +22800 2008 1002 0.0474
a range +22200 +22800 2009 1001 0.0316
a range +22200 +22800 2010 9002 1105.0417
a range +22200 +22800 2011 1003 0.0468
a range +22800 +23400 2005 1002 0.0413
a range +22800 +23400 2006 1002 0.0543
a range +22800 +23400 2007 1001 0.052
a range +22800 +23400 2008 1003 0.0382
a range +22800 +23400 2009 9001 1105.0659
a range +22800 +23400 2010 1001 0.0553
a range +22200 +23400 2012 1003 0.0545
a range +23400 +24000 2006 1002 0.0543
a range +23400 +24000 2007 1003 0.0547
a range +23400 +24000 2008 1002 0.0474
a range +23400 +24000 2009 1001 0.0547
a range +23400 +24000 2010 1003 0.0542
a range +22800 +24000 2011 9003 1104.4405
a range +23400 +24000 2012 1001 0.0296
a range +24000 +24600 2003 1002 0.0543
a range +24000 +24600 2004 9002 1103.4031
a range +24000 +24600 2005 9003 1103.2378
a range +24000 +24600 2006 1001 0.055
a range +24000 +24600 2007 1003 0.0547
a range +24000 +24600 2010 1001 0.0553
a range +24000 +24600 2012 1003 0.0545
a range +24600 +25200 2002 1002 0.0548
a range +24600 +25200 2003 9001 1105.0488
a range +24600 +25200 2004 1001 0.0201
a range +24600 +25200 2005 1001 0.0466
a range +24600 +25200 2006 9003 1104.5835
a range +24600 +25200 2009 1003 0.0366
a range +24600 +25200 2010 1003 0.0551
a range +24000 +25200 2011 1002 0.0551
a range +25200 +25800 2003 1001 0.0554
a range +25200 +25800 2004 1001 0.0543
a range +25200 +25800 2006 1003 0.0546
a range +25200 +25800 2007 9002 1103.3814
a range +25200 +25800 2008 1002 0.0558
a range +25200 +25800 2010 1002 0.0543
a range +25200 +26400 2005 1003 0.0544
a range +25800 +26400 2007 1002 0.0549
a range +25800 +26400 2008 1001 0.0543
a range +25800 +26400 2010 1003 0.0542
a range +25800 +26400 2011 9003 1104.4405
a range +25800 +26400 2012 1001 0.0296
a range +26400 +27000 2002 9001 1102.3538
a range +26400 +27000 2003 9002 1103.3766
a range +26400 +27000 2005 1001 0.0555
a range +26400 +27000 2007 1001 0.0545
a range +26400 +27000 2008 1003 0.0554
a range +25800 +27000 2009 1002 0.0548
a range +26400 +27000 2010 1003 0.0542
a range +26400 +27000 2011 1002 0.0546
a range +27000 +27600 2001 9002 1103.3938
a range +27000 +27600 2003 1001 0.0555
a range +27000 +27600 2004 1003 0.0542
a range +27000 +27600 2008 9003 1104.7655
a range +27000 +27600 2009 1002 0.0543
a range +27000 +27600 2010 1002 0.0437
a range +27000 +27600 2011 1001 0.055
a range +27000 +27600 2012 1003 0.0545
a range +27600 +28200 2004 1001 0.0543
a range +27600 +28200 2006 1001 0.055
a range +27600 +28200 2007 1002 0.0552
a range +27600 +28200 2009 1003 0.0543
a range +27600 +28200 2010 1003 0.0542
a range +27600 +28200 2011 9002 1103.3812
a range +27600 +28200 2012 1002 0.0543
a range +28200 +28800 2001 1002 0.054
a range +28200 +28800 2005 9001 1104.8463
a range +28200 +28800 2006 1003 0.0253
a range +28200 +28800 2007 1001 0.052
a range +28200 +28800 2008 9003 1104.7655
a range +28200 +28800 2009 1002 0.0543
a range +28200 +28800 2010 1001 0.0553
a range +28200 +28800 2011 1003 0.0468
a range +28800 +29400 2002 1003 0.0548
a range +28800 +29400 2006 1002 0.0543
a range +28800 +29400 2007 1003 0.0547
a range +28800 +29400 2008 1001 0.0543
a range +28800 +29400 2009 9002 1103.3991
a range +28800 +29400 2011 1001 0.055
a range +28800 +29400 2012 1002 0.0543
a range +29400 +30000 2001 1002 0.054
a range +28800 +30000 2003 9003 1104.7761
a range +29400 +30000 2004 1001 0.0543
a range +29400 +30000 2006 1003 0.0546
a range +29400 +30000 2007 1003 0.0547
a range +29400 +30000 2009 1001 0.054
a range +29400 +30000 2010 9002 1103.1011
a range +29400 +30000 2011 1002 0.0551
a range +30000 +30600 2005 9001 1104.0488
a range +30000 +30600 2006 9003 1104.5835
a range +30000 +30600 2007 1001 0.052
a range +30000 +30600 2008 1003 0.0541
a range +30000 +30600 2009 1003 0.0366
a range +30000 +30600 2010 1002 0.0437
a range +30000 +30600 2011 1001 0.0551
a range +30000 +30600 2012 1002 0.055
a range +30600 +31200 2002 1003 0.0548
a range +30600 +31200 2003 1001 0.0555
a range +30600 +31200 2007 1002 0.0549
a range +30600 +31200 2008 1001 0.0543
a range +30600 +31200 2009 1002 0.0543
a range +30600 +31200 2010 1003 0.0542
a range +30600 +31200 2012 9003 1104.1559
a range +31200 +31800 2004 9003 1104.7551
a range +31200 +31800 2005 1002 0.0413
a range +31200 +31800 2006 1003 0.0253
a range +31200 +31800 2008 1003 0.0382
a range +31200 +31800 2009 1001 0.0316
a range +31200 +31800 2010 1001 0.0553
a range +31200 +31800 2011 1002 0.0551
a range +31200 +31800 2012 9001 1104.9633
a range +31800 +32400 2003 1003 0.0543
a range +31800 +32400 2004 1002 0.0555
a range +31800 +32400 2005 1001 0.0555
a range +31800 +32400 2006 1001 0.055
a range +31800 +32400 2007 1002 0.0552
a range +31800 +32400 2009 9001 1102.3435
a range +31800 +32400 2011 1003 0.0553
a range +31800 +32400 2012 9002 1102.5575
a range +32400 +33000 2001 1001 0.054
a range +32400 +33000 2004 1001 0.0543
a range +32400 +33000 2006 9001 1102.3483
a range +32400 +33000 2007 1002 0.0552
a range +32400 +33000 2008 9002 1103.3832
a range +32400 +33000 2009 1002 0.0548
a range +32400 +33000 2011 1003 0.0553
a range +32400 +33000 2012 1003 0.0556
a range +33000 +33600 2002 1003 0.0548
a range +33000 +33600 2006 1002 0.0549
a range +33000 +33600 2008 1003 0.0554
a range +33000 +33600 2009 9002 1103.3991
a range +33000 +33600 2011 1001 0.055
a range +33000 +34200 2001 1001 0.0279
a range +33600 +34200 2003 1002 0.0237
a range +33600 +34200 2005 1001 0.0466
a range +33600 +34200 2006 9001 1104.5688
a range +33600 +34200 2009 9003 1104.7743
a range +33600 +34200 2010 1003 0.0149
a range +33600 +34200 2011 1003 0.0468
a range +33000 +34200 2012 1002 0.0393
a range +34200 +34800 2001 1003 0.0543
a range +34200 +34800 2002 1002 0.0546
a range +34200 +34800 2006 1001 0.055
a range +34200 +34800 2009 1002 0.0543
a range +34200 +34800 2010 1003 0.0542
a range +34200 +34800 2011 1001 0.055
a range +34200 +34800 2012 9002 1103.3874
a range +34800 +35400 2002 1003 0.0548
a range +34800 +35400 2004 9002 1103.4031
a range +34800 +35400 2005 1001 0.0466
a range +34200 +35400 2007 9003 1104.7848
a range +34800 +35400 2008 1003 0.0554
a range +34800 +35400 2009 1002 0.0543
a range +34800 +35400 2012 1001 0.0549
a range +35400 +36000 2002 1002 0.0546
a range +35400 +36000 2003 1001 0.0555
a range +35400 +36000 2004 9001 1105.0805
a range +35400 +36000 2005 1003 0.0544
a range +35400 +36000 2006 1001 0.055
a range +35400 +36000 2009 9003 1104.7743
a range +35400 +36000 2010 1003 0.0542
a range +34800 +36000 2011 1002 0.0551
a range +36000 +36600 2004 1001 0.0201
a range +36000 +36600 2006 1001 0.055
a range +36000 +36600 2007 1002 0.0097
a range +36000 +36600 2008 9003 1104.7655
a range +36000 +36600 2009 9001 1105.0659
a range +36000 +36600 2010 1002 0.0437
a range +36000 +36600 2011 1003 0.0468
a range +36000 +36600 2012 1003 0.0545
a range +36600 +37200 2001 1001 0.054
a range +36600 +37200 2004 1002 0.0555
a range +36600 +37200 2007 1003 0.0547
a range +36600 +37200 2008 1002 0.0558
a range +36600 +37200 2009 1001 0.054
a range +36600 +37200 2010 1003 0.0542
a range +36600 +37200 2012 9002 1103.3874
a range +37200 +37800 2003 1001 0.0554
a range +37200 +37800 2005 1003 0.0544
a range +37200 +37800 2006 9002 1103.3649
a range +37200 +37800 2007 9001 1102.3566
a range +37200 +37800 2008 1003 0.0554
a range +37200 +37800 2011 1002 0.0546
a range +37200 +37800 2012 1001 0.0553
a range +37800 +38400 2001 1001 0.054
a range +37800 +38400 2002 9003 1104.7838
a range +37800 +38400 2003 1003 0.0543
a range +37800 +38400 2004 1003 0.0542
a range +37200 +38400 2009 1002 0.0543
a range +37800 +38400 2010 1002 0.0437
a range +37800 +38400 2011 1001 0.0551
a range +38400 +39000 2004 1002 0.0555
a range +38400 +39000 2006 1003 0.0253
a range +38400 +39000 2007 9001 1105.047
a range +38400 +39000 2008 1001 0.0543
a range +38400 +39000 2009 1001 0.0541
a range +38400 +39000 2010 1002 0.0437
a range +38400 +39000 2011 9003 1104.4405
a range +38400 +39000 2012 1003 0.0545
a range +39000 +39600 2001 1001 0.054
a range +39000 +39600 2003 1002 0.0543
a range +39000 +39600 2004 9003 1103.5084
a range +39000 +39600 2005 1001 0.0466
a range +39000 +39600 2007 1003 0.0547
a range +39000 +39600 2009 1002 0.0543
a range +39000 +39600 2010 1003 0.0542
a range +39000 +39600 2011 9002 1103.3812
a range +39600 +40200 2004 9002 1105.0877
a range +39600 +40200 2005 9001 1105.0506
a range +39600 +40200 2007 1002 0.0097
a range +39600 +40200 2008 1003 0.0382
a range +39600 +40200 2009 1003 0.0366
a range +39600 +40200 2010 1001 0.0555
a range +39600 +40200 2011 1001 0.0355
a range +39600 +40200 2012 1002 0.0393
a range +40200 +40800 2002 9002 1103.3933
a range +40200 +40800 2004 1001 0.0543
a range +40200 +40800 2006 1001 0.055
a range +40200 +40800 2007 9001 1102.3566
a range +40200 +40800 2009 1003 0.0543
a range +40200 +40800 2010 1002 0.0543
a range +40200 +40800 2011 1003 0.0553
a range +40200 +40800 2012 1002 0.0543
a range +40800 +41400 2003 1002 0.0237
a range +40800 +41400 2005 9001 1104.8463
a range +40800 +41400 2007 1001 0.052
a range +40800 +41400 2008 1002 0.0474
a range +40800 +41400 2009 1001 0.0316
a range +40800 +41400 2010 1003 0.0149
a range +40800 +41400 2011 1003 0.0468
a range +41400 +42000 2002 1002 0.0546
a range +41400 +42000 2007 1002 0.0549
a range +41400 +42000 2008 1001 0.0543
a range +41400 +42000 2009 1003 0.0366
a range +41400 +42000 2010 1003 0.0542
a range +41400 +42000 2011 1001 0.0551
a range +40800 +42000 2012 9003 1104.1559
a range +42000 +42600 2001 1001 0.0279
a range +42000 +42600 2002 1001 0.044
a range +42000 +42600 2004 1003 0.0542
a range +42000 +42600 2005 1002 0.0413
a range +42000 +42600 2007 1003 0.0491
a range +42000 +42600 2009 1002 0.0545
a range +42000 +42600 2011 9001 1105.0657
a range +42000 +42600 2012 9002 1104.9764
a range +42600 +43200 2001 1003 0.0327
a range +42600 +43200 2006 9001 1104.5688
a range +42600 +43200 2007 1002 0.0097
a range +42600 +43200 2008 1002 0.0474
a range +42600 +43200 2009 9003 1104.7743
a range +42600 +43200 2010 1001 0.0553
a range +42600 +43200 2011 1001 0.0355
a range +42600 +43200 2012 1003 0.0545
a range +43200 +43800 2004 9003 1104.7551
a range +43200 +43800 2005 9001 1104.8463
a range +43200 +43800 2006 1002 0.0543
a range +43200 +43800 2007 1003 0.0555
a range +43200 +43800 2009 1002 0.0543
a range +43200 +43800 2011 1001 0.0355
a range +43200 +43800 2012 1003 0.0545
a range +43800 +44400 2002 1002 0.0546
a range +43800 +44400 2006 9002 1103.3649
a range +43800 +44400 2008 1003 0.0554
a range +43800 +44400 2009 1001 0.054
a range +43200 +44400 2010 1001 0.0553
a range +44400 +45000 2002 1001 0.0554
a range +44400 +45000 2003 1001 0.0554
a range +44400 +45000 2004 9001 1102.3244
a range +44400 +45000 2005 1003 0.0544
a range +43800 +45000 2007 1002 0.0552
a range +44400 +45000 2009 1002 0.0543
a range +43800 +45000 2011 1003 0.0553
a range +44400 +45000 2012 9002 1102.5575
a range +45000 +45600 2002 9001 1105.056
a range +45000 +45600 2006 1003 0.0253
a range +45000 +45600 2007 9003 1104.7848
a range +45000 +45600 2008 1002 0.0474
a range +45000 +45600 2009 1002 0.0543
a range +45000 +45600 2010 1001 0.0553
a range +45000 +45600 2011 1003 0.0468
a range +45000 +45600 2012 1001 0.0296
a range +45600 +46200 2001 1001 0.0279
a range +45600 +46200 2002 1003 0.0548
a range +45600 +46200 2006 9003 1104.5835
a range +45600 +46200 2007 9001 1105.047
a range +45600 +46200 2009 1003 0.0366
a range +45600 +46200 2010 1001 0.0553
a range +45600 +46200 2011 1002 0.0551
a range +45600 +46200 2012 1002 0.0393
a range +46200 +46800 2001 1002 0.054
a range +46200 +46800 2002 1001 0.044
a range +46200 +46800 2003 9001 1105.0488
a range +46200 +46800 2007 1001 0.052
a range +46200 +46800 2008 1002 0.0474
a range +46200 +46800 2010 1003 0.0551
a range +46200 +46800 2011 9003 1104.4405
a range +46200 +46800 2012 1003 0.0545
a range +46800 +47400 2002 9001 1105.056
a range +46800 +47400 2003 9003 1104.7761
a range +46800 +47400 2005 1002 0.0413
a range +46800 +47400 2008 1003 0.0382
a range +46800 +47400 2009 1002 0.0543
a range +46800 +47400 2010 1001 0.0553
a range +46800 +47400 2011 1001 0.0355
a range +46800 +47400 2012 1003 0.0545
a range +47400 +48000 2001 1001 0.054
a range +47400 +48000 2005 1002 0.0541
a range +47400 +48000 2007 1001 0.0545
a range +47400 +48000 2008 9002 1103.3832
a range +47400 +48000 2009 1003 0.0543
a range +47400 +48000 2010 1003 0.0542
a range +47400 +48000 2011 1002 0.0546
a range +47400 +48000 2012 9001 1102.3445
a range +48000 +48600 2001 9002 1105.0752
a range +48000 +48600 2003 1002 0.0237
a range +48000 +48600 2004 9001 1105.0805
a range +48000 +48600 2005 1003 0.0365
a range +48000 +48600 2006 1002 0.044
a range +48000 +48600 2007 1001 0.052
a range +48000 +48600 2008 1003 0.0382
a range +48000 +48600 2010 1001 0.0555
a range +48600 +49200 2003 9002 1103.3766
a range +48600 +49200 2005 1002 0.0541
a range +48600 +49200 2008 1001 0.0543
a range +48600 +49200 2009 1003 0.0543
a range +48600 +49200 2010 1003 0.0542
a range +48600 +49200 2012 1001 0.0553
a range +49200 +49800 2005 9001 1104.8463
a range +49200 +49800 2006 1002 0.0543
a range +49200 +49800 2007 9003 1104.7848
a range +49200 +49800 2008 1003 0.0382
a range +49200 +49800 2010 1001 0.0553
a range +48600 +49800 2011 1002 0.0551
a range +49200 +49800 2012 1003 0.0545
a range +49800 +50400 2005 1003 0.0544
a range +49800 +50400 2006 1002 0.0553
a range +49800 +50400 2007 9002 1103.3814
a range +49800 +50400 2008 1001 0.0543
a range +49200 +50400 2009 1001 0.054
a range +49800 +50400 2011 1003 0.0553
a range +50400 +51000 2002 1002 0.0546
a range +50400 +51000 2006 9002 1103.3649
a range +50400 +51000 2007 1003 0.0543
a range +50400 +51000 2008 9001 1102.3373
a range +50400 +51000 2009 1003 0.0543
a range +49800 +51000 2010 1002 0.0543
a range +50400 +51000 2011 1001 0.055
a range +50400 +51000 2012 1001 0.0553
a range +51000 +51600 2001 9002 1103.3938
a range +51000 +51600 2002 9003 1104.7838
a range +51000 +51600 2005 1001 0.0466
a range +51000 +51600 2006 1003 0.0546
a range +51000 +51600 2008 1002 0.0542
a range +51000 +51600 2010 1001 0.0553
a range +51000 +51600 2011 1002 0.0551
a range +51000 +51600 2012 1003 0.0545
a range +51600 +52200 2001 1003 0.0327
a range +51600 +52200 2003 1001 0.0555
a range +51600 +52200 2007 1001 0.052
a range +51600 +52200 2008 9001 1105.0599
a range +51600 +52200 2009 1003 0.0366
a range +51600 +52200 2010 1002 0.0437
a range +51600 +52200 2011 1002 0.0551
a range +52200 +52800 2005 9002 1103.2443
a range +51600 +52800 2006 9003 1103.7597
a range +52200 +52800 2007 1002 0.0552
a range +52200 +52800 2008 1001 0.0543
a range +52200 +52800 2011 1003 0.0544
a range +52200 +52800 2012 1002 0.0543
a range +52800 +53400 2002 1002 0.0546
a range +52800 +53400 2003 9003 1104.7761
a range +52800 +53400 2004 1002 0.0555
a range +52800 +53400 2006 1001 0.055
a range +52200 +53400 2010 1003 0.0542
a range +52800 +53400 2012 1003 0.0545
a range +53400 +54000 2001 1002 0.054
a range +53400 +54000 2007 1003 0.0547
a range +53400 +54000 2008 1003 0.0554
a range +53400 +54000 2010 1002 0.0437
a range +53400 +54000 2011 1001 0.055
a range +53400 +54000 2012 9003 1104.1559
a range +54000 +54600 2003 9003 1104.7761
a range +54000 +54600 2004 1001 0.0201
a range +54000 +54600 2005 1003 0.0549
a range +54000 +54600 2006 1003 0.0253
a range +54000 +54600 2007 1002 0.0097
a range +54000 +54600 2008 9001 1105.0599
a range +52200 +54600 2009 1001 0.0541
a range +54000 +54600 2012 1002 0.055
a range +54600 +55200 2003 1002 0.0543
a range +54600 +55200 2004 9003 1103.5084
a range +54600 +55200 2006 1003 0.0546
a range +54600 +55200 2007 1003 0.0547
a range +54600 +55200 2008 1001 0.0543
a range +54600 +55200 2010 9002 1103.3718
a range +55200 +55800 2002 1003 0.0548
a range +55200 +55800 2007 1001 0.052
a range +55200 +55800 2008 1003 0.0554
a range +54600 +55800 2009 1002 0.0543
a range +55200 +55800 2011 9003 1103.6222
a range +54600 +55800 2012 1001 0.0296
a range +55800 +56400 2001 1003 0.0327
a range +55800 +56400 2002 1001 0.044
a range +55800 +56400 2003 1002 0.0237
a range +55800 +56400 2004 1003 0.0542
a range +55800 +56400 2006 9002 1105.0489
a range +55800 +56400 2008 9001 1105.0599
a range +55200 +56400 2010 1002 0.0437
a range +56400 +57000 2005 1002 0.0541
a range +56400 +57000 2006 1003 0.0546
a range +56400 +57000 2007 1002 0.0552
a range +56400 +57000 2008 9002 1103.3832
a range +56400 +57000 2010 1003 0.0542
a range +55800 +57000 2012 1001 0.0553
a range +57000 +57600 2002 1001 0.0554
a range +57000 +57600 2003 1003 0.0543
a range +56400 +57600 2004 1001 0.0543
a range +57000 +57600 2006 1002 0.0549
a range +57000 +57600 2008 9003 1104.7655
a range +57000 +57600 2009 9002 1103.3991
a range +57000 +57600 2010 1002 0.0544
a range +57000 +57600 2011 1003 0.0544
a range +57600 +58200 2001 1001 0.054
a range +57600 +58200 2004 1003 0.0542
a range +57600 +58200 2005 9002 1103.2443
a range +57600 +58200 2006 1001 0.055
a range +57600 +58200 2007 1002 0.0552
a range +57600 +58200 2008 1003 0.0554
a range +57600 +58200 2009 9003 1104.7743
a range +57600 +58200 2012 1002 0.0543
a range +58200 +58800 2001 1003 0.0543
a range +58200 +58800 2002 9003 1104.7838
a range +58200 +58800 2005 1003 0.0544
a range +58200 +58800 2007 1002 0.0552
a range +58200 +58800 2009 1002 0.0543
a range +58200 +58800 2010 1001 0.0553
a range +58200 +58800 2011 1001 0.055
a range +58200 +58800 2012 9002 1103.3874
a range +58800 +59400 2003 1001 0.0555
a range +58800 +59400 2005 1003 0.0544
a range +58800 +59400 2006 9003 1103.7597
a range +58800 +59400 2009 1003 0.0366
a range +58800 +59400 2010 1002 0.0437
a range +58800 +59400 2012 1001 0.0296
a range +59400 +60000 2002 1002 0.0548
a range +59400 +60000 2003 9001 1105.0488
a range +59400 +60000 2006 1003 0.0253
a range +59400 +60000 2007 9003 1104.7848
a range +58800 +60000 2008 1002 0.0474
a range +59400 +60000 2010 1001 0.0553
a range +59400 +60000 2011 1003 0.0468
a range +59400 +60000 2012 1001 0.0296
a range +60000 +60600 2004 9001 1105.0805
a range +60000 +60600 2005 1003 0.0549
a range +60000 +60600 2006 9003 1104.5835
a range +60000 +60600 2007 1001 0.052
a range +60000 +60600 2008 1001 0.0543
a range +60000 +60600 2009 1002 0.0543
a range +60000 +60600 2010 1002 0.0437
a range +60000 +60600 2012 1003 0.0545
a range +60600 +61200 2004 1002 0.0396
a range +60600 +61200 2005 1002 0.0413
a range +60600 +61200 2006 1003 0.0253
a range +60600 +61200 2007 9002 1105.0542
a range +60600 +61200 2008 1003 0.0382
a range +60600 +61200 2009 1001 0.0316
a range +60600 +61200 2010 9001 1105.0345
a range +61200 +61800 2003 1002 0.0237
a range +61200 +61800 2006 1001 0.055
a range +61200 +61800 2007 9003 1104.7848
a range +61200 +61800 2009 1003 0.0366
a range +61200 +61800 2010 1002 0.0437
a range +61200 +61800 2011 1003 0.0468
a range +60600 +61800 2012 1001 0.0296
a range +61800 +62400 2004 1001 0.0543
a range +61800 +62400 2005 1002 0.0541
a range +61800 +62400 2006 1003 0.0546
a range +61800 +62400 2007 1001 0.0552
a range +61800 +62400 2009 9002 1103.3991
a range +61800 +62400 2010 1003 0.0542
a range +61800 +62400 2011 9003 1103.6222
a range +61800 +62400 2012 1002 0.0543
a range +62400 +63000 2005 9002 1103.2443
a range +62400 +63000 2007 1003 0.0547
a range +62400 +63000 2008 1002 0.0558
a range +62400 +63000 2009 1003 0.0543
a range +62400 +63000 2010 1001 0.0553
a range +62400 +63000 2011 1002 0.0551
a range +62400 +63000 2012 1001 0.0553
a range +63000 +63600 2002 9003 1104.7838
a range +63000 +63600 2005 1003 0.0549
a range +63000 +63600 2006 9001 1104.5688
a range +63000 +63600 2007 1002 0.0097
a range +63000 +63600 2009 1002 0.0543
a range +63000 +63600 2010 1001 0.0553
a range +63600 +64200 2001 1002 0.0545
a range +63600 +64200 2002 9002 1103.3933
a range +63600 +64200 2006 1001 0.055
a range +63000 +64200 2008 1001 0.0555
a range +63600 +64200 2009 1003 0.0543
a range +63600 +64200 2010 9001 1102.3667
a range +63000 +64200 2011 1003 0.0553
a range +64200 +64800 2002 1003 0.0555
a range +63600 +64800 2003 1002 0.0546
a range +64200 +64800 2004 1002 0.0555
a range +64200 +64800 2005 9002 1103.2443
a range +64200 +64800 2006 9001 1102.3483
a range +64200 +64800 2007 1001 0.0545
a range +64200 +64800 2008 1003 0.0554
a range +64200 +64800 2010 1001 0.0556
a range +64800 +65400 2001 9003 1104.7646
a range +64800 +65400 2007 1003 0.0547
a range +64800 +65400 2008 1002 0.0474
a range +64800 +65400 2009 1001 0.0547
a range +64800 +65400 2010 1002 0.0437
a range +64800 +65400 2011 1003 0.0468
a range +64800 +65400 2012 1001 0.0296
a range +65400 +66000 2001 1002 0.0543
a range +65400 +66000 2002 1001 0.0554
a range +65400 +66000 2003 1003 0.0543
a range +65400 +66000 2006 9002 1103.3649
a range +65400 +66000 2009 1002 0.0543
a range +65400 +66000 2010 1003 0.0542
a range +65400 +66000 2011 1001 0.055
a range +66000 +66600 2003 9001 1102.3488
a range +66000 +66600 2005 9002 1103.2443
a range +66000 +66600 2007 1001 0.0545
a range +66000 +66600 2008 1002 0.0543
a range +66000 +66600 2009 1001 0.054
a range +66000 +66600 2010 1003 0.0542
a range +66000 +66600 2011 1003 0.0553
a range +66000 +66600 2012 1002 0.0543
a range +66600 +67200 2003 1002 0.0237
a range +66600 +67200 2006 1002 0.0543
a range +66600 +67200 2007 1001 0.052
a range +66600 +67200 2009 1003 0.0366
a range +66600 +67200 2010 9003 1104.7267
a range +66600 +67200 2011 1001 0.0355
a range +66600 +67200 2012 9001 1104.9633
a range +67200 +67800 2001 9001 1102.3348
a range +67200 +67800 2004 1002 0.0555
a range +67200 +67800 2005 9002 1103.2443
a range +66600 +67800 2008 1003 0.0554
a range +67200 +67800 2009 1001 0.054
a range +67200 +67800 2010 1003 0.0542
a range +67200 +67800 2011 1002 0.0546
a range +67200 +67800 2012 1001 0.0553
a range +67800 +68400 2004 1003 0.0542
a range +67800 +68400 2005 1003 0.0542
a range +67800 +68400 2006 1002 0.0543
a range +67800 +68400 2007 1002 0.0097
a range +67800 +68400 2008 9001 1105.0599
a range +67800 +68400 2011 1001 0.0355
a range +67800 +68400 2012 1001 0.0296
a range +68400 +69000 2003 1001 0.0555
a range +68400 +69000 2005 1003 0.0544
a range +68400 +69000 2006 1002 0.0543
a range +68400 +69000 2007 1003 0.0547
a range +68400 +69000 2008 1001 0.0543
a range +67800 +69000 2009 9003 1104.7743
a range +68400 +69000 2012 9001 1104.1608
a range +69000 +69600 2002 9001 1105.056
a range +69000 +69600 2006 9003 1104.5835
a range +69000 +69600 2007 1002 0.0097
a range +69000 +69600 2008 1003 0.0382
a range +69000 +69600 2010 1001 0.0553
a range +68400 +69600 2011 1002 0.0551
a range +69000 +69600 2012 1001 0.0296
a range +69600 +70200 2002 1001 0.0554
a range +69600 +70200 2005 9003 1103.2378
a range +69600 +70200 2006 1002 0.0543
a range +69600 +70200 2007 1003 0.0547
a range +69000 +70200 2009 1003 0.0366
a range +69600 +70200 2010 9002 1103.3718
a range +69600 +70200 2011 1002 0.0551
a range +69600 +70200 2012 1001 0.0549
a range +70200 +70800 2003 1002 0.0546
a range +70200 +70800 2004 1002 0.0555
a range +70200 +70800 2007 9002 1103.3814
a range +70200 +70800 2008 1001 0.0543
a range +70200 +70800 2010 1003 0.0542
a range +70200 +70800 2011 1001 0.055
a range +70200 +70800 2012 1003 0.0545
a range +70800 +71400 2002 1001 0.044
a range +70800 +71400 2003 1003 0.0543
a range +70800 +71400 2007 9001 1105.047
a range +70800 +71400 2009 1002 0.0543
a range +70800 +71400 2010 9003 1103.8986
a range +70800 +71400 2011 1003 0.0468
a range +70800 +71400 2012 1002 0.055
a range +71400 +72000 2002 9003 1104.7838
a range +71400 +72000 2005 1003 0.0544
a range +71400 +72000 2006 1003 0.0253
a range +70800 +72000 2008 1001 0.0543
a range +71400 +72000 2009 1001 0.0541
a range +71400 +72000 2010 1002 0.0437
a range +71400 +72000 2011 1002 0.0551
a range +71400 +72000 2012 9001 1104.1608
a range +72000 +72600 2004 1001 0.0201
a range +72000 +72600 2005 1001 0.0466
a range +72000 +72600 2006 9003 1104.5835
a range +72000 +72600 2007 1003 0.0547
a range +72000 +72600 2009 1003 0.0366
a range +72000 +72600 2010 9001 1104.7069
a range +72000 +72600 2011 1002 0.0551
a range +72000 +72600 2012 1002 0.055
a range +72600 +73200 2003 1002 0.0237
a range +72600 +73200 2004 1003 0.0542
a range +72600 +73200 2005 1001 0.0466
a range +72600 +73200 2008 1001 0.0543
a range +72600 +73200 2009 1002 0.0543
a range +72600 +73200 2011 9003 1103.6222
a range +72600 +73200 2012 1003 0.0545
a range +73200 +73800 2003 1001 0.0554
a range +73200 +73800 2007 9002 1103.3814
a range +73200 +73800 2008 1003 0.0554
a range +73200 +73800 2009 1002 0.0543
a range +73200 +73800 2010 1002 0.0543
a range +73200 +73800 2011 1003 0.0553
a range +73800 +74400 2001 9002 1103.3938
a range +73800 +74400 2002 1003 0.0548
a range +73800 +74400 2004 1001 0.0543
a range +73800 +74400 2007 1002 0.0552
a range +73800 +74400 2009 1002 0.0543
a range +73800 +74400 2011 1003 0.0553
a range +73200 +74400 2012 1001 0.0553
a range +74400 +75000 2001 1002 0.054
a range +74400 +75000 2002 1002 0.0546
a range +74400 +75000 2003 9003 1104.7761
a range +74400 +75000 2004 1003 0.0542
a range +74400 +75000 2007 1001 0.0552
a range +74400 +75000 2008 9002 1103.3832
a range +74400 +75000 2010 1003 0.0542
a range +74400 +75000 2011 1001 0.055
a range +75000 +75600 2002 1002 0.0546
a range +75000 +75600 2004 1003 0.0549
a range +75000 +75600 2005 1001 0.0555
a range +75000 +75600 2008 9001 1102.3373
a range +75000 +75600 2009 1001 0.054
a range +75000 +75600 2010 9002 1103.1011
a range +75000 +75600 2011 1003 0.0553
a range +75000 +75600 2012 1002 0.0543
a range +75600 +76200 2005 1002 0.0413
a range +75600 +76200 2007 1001 0.052
a range +75600 +76200 2008 1001 0.0543
a range +75600 +76200 2009 1003 0.0366
a range +75600 +76200 2010 9001 1104.7069
a range +75600 +76200 2011 1002 0.0551
a range +76200 +76800 2002 1003 0.0548
a range +76200 +76800 2003 1002 0.0237
a range +76200 +76800 2005 1001 0.0466
a range +75600 +76800 2006 1003 0.0253
a range +76200 +76800 2008 9001 1105.0599
a range +76200 +76800 2010 1002 0.0437
a range +75600 +76800 2012 9003 1104.1559
a range +76800 +77400 2004 1003 0.0549
a range +76800 +77400 2005 9001 1102.3646
a range +76800 +77400 2008 1001 0.0555
a range +76200 +77400 2009 1001 0.054
a range +76800 +77400 2010 1003 0.0542
a range +76800 +77400 2011 1002 0.0544
a range +77400 +78000 2003 1003 0.0543
a range +76800 +78000 2006 9002 1103.3649
a range +77400 +78000 2007 1001 0.052
a range +77400 +78000 2008 9003 1104.7655
a range +77400 +78000 2009 1001 0.0547
a range +77400 +78000 2010 1002 0.0437
a range +77400 +78000 2011 1003 0.0468
a range +76800 +78000 2012 1002 0.0543
a range +78000 +78600 2004 1002 0.0555
a range +78000 +78600 2005 1002 0.0541
a range +78000 +78600 2006 1001 0.055
a range +78000 +78600 2007 9002 1103.3814
a range +78000 +78600 2008 1003 0.0554
a range +78000 +78600 2009 1003 0.0543
a range +78000 +78600 2011 1001 0.055
a range +78000 +78600 2012 9001 1102.3445
a range +78600 +79200 2004 1001 0.0543
a range +78600 +79200 2007 1003 0.0547
a range +78600 +79200 2008 1001 0.0543
a range +78600 +79200 2009 1002 0.0543
a range +78600 +79200 2010 1002 0.0543
a range +78600 +79200 2011 1003 0.0553
a range +79200 +79800 2004 9001 1105.0805
a range +78600 +79800 2006 9002 1105.0489
a range +79200 +79800 2007 1003 0.0491
a range +79200 +79800 2008 1002 0.0474
a range +79200 +79800 2009 1003 0.0366
a range +79200 +79800 2010 1001 0.0555
a range +79200 +79800 2011 1001 0.0355
a range +79200 +79800 2012 1002 0.0393
a range +79800 +80400 2002 1001 0.044
a range +79800 +80400 2004 1003 0.0542
a range +79800 +80400 2005 9001 1104.8463
a range +79800 +80400 2006 9003 1104.5835
a range +79800 +80400 2008 1002 0.0474
a range +79800 +80400 2010 1001 0.0553
a range +79800 +80400 2011 1002 0.0551
a range +79800 +80400 2012 1003 0.0545
a range +80400 +81000 2001 1002 0.054
a range +80400 +81000 2003 1001 0.0555
a range +80400 +81000 2005 9003 1104.0385
a range +80400 +81000 2007 1003 0.0547
a range +80400 +81000 2010 1003 0.0542
a range +80400 +81000 2011 1001 0.055
a range +81000 +81600 2002 1003 0.0548
a range +81000 +81600 2004 1003 0.0542
a range +81000 +81600 2006 9003 1103.7597
a range +81000 +81600 2007 1001 0.052
a range +81000 +81600 2008 1002 0.0474
a range +80400 +81600 2009 1002 0.0543
a range +81000 +81600 2012 1001 0.0296
a range +81600 +82200 2005 9001 1102.3646
a range +81600 +82200 2006 9002 1103.3649
a range +81600 +82200 2007 1003 0.0543
a range +81600 +82200 2008 1001 0.0543
a range +81600 +82200 2009 1003 0.0543
a range +81600 +82200 2010 1001 0.0556
a range +81600 +82200 2011 1002 0.0546
a range +81600 +82200 2012 1002 0.0543
a range +82200 +82800 2002 1001 0.044
a range +82200 +82800 2005 1002 0.0413
a range +82200 +82800 2006 1002 0.0543
a range +82200 +82800 2008 9001 1105.0599
a range +82200 +82800 2009 9003 1104.7743
a range +82200 +82800 2010 1003 0.0149
a range +82200 +82800 2011 1001 0.0355
a range +82200 +82800 2012 1003 0.0558
a range +82800 +83400 2003 1002 0.0237
a range +82800 +83400 2004 1003 0.0542
a range +82800 +83400 2005 1001 0.0466
a range +82800 +83400 2006 9001 1105.0417
a range +82800 +83400 2007 1003 0.0491
a range +82800 +83400 2009 9002 1105.0731
a range +82800 +83400 2012 1002 0.0393
a range +83400 +84000 2001 1002 0.054
a range +83400 +84000 2006 1003 0.0253
a range +83400 +84000 2007 1001 0.052
a range +83400 +84000 2008 9003 1104.7655
a range +82800 +84000 2010 1001 0.0553
a range +83400 +84000 2011 9001 1104.4319
a range +83400 +84000 2012 1002 0.055
a range +84000 +84600 2001 9003 1104.7646
a range +84000 +84600 2004 1001 0.0201
a range +84000 +84600 2005 1003 0.0549
a range +84000 +84600 2008 1002 0.0474
a range +83400 +84600 2009 1003 0.0366
a range +84000 +84600 2010 1002 0.0437
a range +84000 +85200 2003 9001 1102.3488
a range +84600 +85200 2006 1002 0.0553
a range +84600 +85200 2009 1001 0.054
a range +84600 +85200 2010 1002 0.0543
a range +84600 +85200 2011 1003 0.0553
a range +84000 +85200 2012 1001 0.0553
a range +85200 +85800 2004 1001 0.0543
a range +84600 +85800 2005 9002 1103.2443
a range +84600 +85800 2007 1003 0.0547
a range +85200 +85800 2008 1003 0.0554
a range +85200 +85800 2009 1001 0.054
a range +85200 +85800 2010 1002 0.0544
a range +85200 +85800 2012 1002 0.0543
a range +85800 +86400 2002 9003 1104.7838
a range +85800 +86400 2003 1003 0.0543
a range +85800 +86400 2004 1002 0.0555
a range +85800 +86400 2005 1002 0.0541
a range +85800 +86400 2008 9002 1103.3832
a range +85800 +86400 2010 1001 0.0553
a range +85800 +86400 2011 1001 0.055
a range +85800 +86400 2012 1003 0.0545

a position +0 +600 2003 1003 6862417.82958811 2364461.92917284 234120191.12083 6877337.78464256 2359416.94661417 234116112.867656
a position +0 +600 2005 1002 7175647.14585938 2372198.25530399 234076040.365692 7181418.38117079 2368595.73670681 234090961.347438
a position +0 +600 2006 1001 6868074.20292707 2364358.06559903 234113924.131101 6867133.73859098 2359416.94661417 234129631.890075
a position +0 +600 2007 1002 7267648.13146835 2366603.87958568 234071330.413932 7283433.78309984 2371515.36755163 234071702.435618
a position +0 +600 2008 1001 6720131.80638458 2360264.40930005 234137980.921828 6704804.21115517 2354825.95832954 234138611.844235
a position +0 +600 2010 9002 7287346.65100144 2366106.6091105 234064229.518763 -135660364.297881 4196.68310546875 -64226690.0348886
a position +0 +600 2011 9003 7147916.37515274 2368423.64973547 234094063.547701 -135590127.900841 -3748.65649414063 -64380355.3012558
a position +0 +600 2012 1003 6630440.61799187 2347202.78547119 234142373.150749 6628656.46092257 2352321.33633721 234157785.954439
a position +600 +1200 2001 1001 7030556.535852 2369910.73476371 234100087.732969 7045728.43405905 2364424.086861 234101289.56659
a position +600 +1200 2003 1003 6862417.82958811 2364461.92917284 234120191.12083 6877337.78464256 2359416.94661417 234116112.867656
a position +600 +1200 2005 1003 6938433.04776073 2357462.23822337 234118199.464472 6943149.12236517 2361503.40872756 234103109.304454
a position +600 +1200 2009 1002 6624947.60649045 2347101.58036424 234148498.314805 6640015.31250528 2352321.33633721 234145221.599552
a position +600 +1200 2010 1002 7762582.48522743 2380995.14177526 234005279.047148 7760123.25380304 2386107.0266751 234020527.532857
a position +600 +1200 2012 1001 7594893.60981709 2376461.11465766 234025570.603696 7597753.96102735 2381105.39394421 234041228.663472
a position +1200 +1800 2001 1002 6526237.97161768 2353472.72942632 234160017.285674 6541005.2373214 2349398.87955648 234165217.492072
a position +1200 +1800 2003 1001 6372932.70880469 2349541.50915531 234178161.442471 6388833.59731645 2344805.58329271 234176983.172774
a position +1200 +1800 2007 1001 6259678.36185123 2339768.76566514 234191106.488135 6273100.43395212 2341464.34189563 234198868.268371
a position +1200 +1800 2008 9003 6442085.77181091 2343317.18847846 234169882.154295 -135215148.854473 -3748.65649414063 -65198444.2041454
a position +1200 +1800 2009 1003 6272535.94956748 2335746.75981513 234191317.27253 6271153.34133758 2341464.34189563 234182042.830685
a position +1200 +1800 2010 1003 7036335.58327128 2369615.39730137 234105587.168208 7032520.89831722 2364424.086861 234090685.438967
a position +600 +1800 2011 9002 7288037.85868534 2379295.63740665 234066896.031006 -135660364.297881 4196.68310546875 -64226690.0348886
a position +1200 +1800 2012 1002 7119643.71256703 2361516.1620761 234084108.402996 7120844.50730539 2366927.18238416 234099425.805757
a position +1800 +2400 2006 1003 7357261.40656314 2379259.10500975 234055132.541182 7359310.13020744 2374017.56427624 234070490.676787
a position +1800 +2400 2007 1002 7267648.13146835 2366603.87958568 234071330.413932 7283433.78309984 2371515.36755163 234071702.435618
a position +1800 +2400 2008 1001 6720131.80638458 2360264.40930005 234137980.921828 6704804.21115517 2354825.95832954 234138611.844235
a position +1800 +2400 2009 1001 7363368.22910284 2379158.24283597 234060604.52607 7348320.75058251 2374017.56427624 234057601.919731
a position +1800 +2400 2010 9002 7469373.36681461 2377812.66213325 234054991.799957 -135754678.01039 4196.68310546875 -64013204.9828516
a position +1800 +2400 2011 1002 6462726.00790936 2342659.77219066 234161817.990685 6466250.15204615 2347311.14845328 234177260.790995
a position +1800 +2400 2012 1003 6630440.61799187 2347202.78547119 234142373.150749 6628656.46092257 2352321.33633721 234157785.954439
a position +2400 +3000 2002 1002 6265204.99630957 2348954.02464715 234191410.144391 6257555.63117834 2341464.34189563 234192141.781196
a position +2400 +3000 2003 9002 6261807.04816339 2335933.77683364 234190727.782118 -135125392.026805 4196.68310546875 -65401677.5151614
a position +2400 +3000 2004 1003 6309492.34775002 2337251.62342573 234191637.790708 6309432.4901847 2342717.37271001 234176333.63427
a position +2400 +3000 2007 1001 6259678.36185123 2339768.76566514 234191106.488135 6273100.43395212 2341464.34189563 234198868.268371
a position +2400 +3000 2008 9001 6269595.0950494 2348877.50020657 234190629.119586 -135117043.787059 3750.98291015625 -65403216.9563235
a position +2400 +3000 2009 1002 6344918.67705973 2344156.11308125 234182802.288449 6330056.41312507 2343552.6830677 234189551.255048
a position +2400 +3000 2011 1003 6267656.12625352 2348835.8448062 234193472.120493 6271153.34133758 2341464.34189563 234182042.830685
a position +2400 +3000 2012 1001 6266965.39197594 2335655.84964081 234196183.049596 6273100.43395212 2341464.34189563 234198868.268371
a position +3000 +3600 2005 1001 6266879.23026747 2348916.89748717 234188822.243013 6273100.43395212 2341464.34189563 234198868.268371
a position +3000 +3600 2007 1003 6778195.76028132 2352316.002313 234130183.901414 6793584.55106384 2356912.90262175 234133477.338482
a position +3000 +3600 2008 9003 6442085.77181091 2343317.18847846 234169882.154295 -135215148.854473 -3748.65649414063 -65198444.2041454
a position +3000 +3600 2009 1001 7099560.88083172 2362078.62640764 234091609.37727 7114582.41332892 2366510.02179329 234086782.427906
a position +3000 +3600 2010 1003 7036335.58327128 2369615.39730137 234105587.168208 7032520.89831722 2364424.086861 234090685.438967
a position +3000 +3600 2011 1002 6462726.00790936 2342659.77219066 234161817.990685 6466250.15204615 2347311.14845328 234177260.790995
a position +3000 +3600 2012 1002 7119643.71256703 2361516.1620761 234084108.402996 7120844.50730539 2366927.18238416 234099425.805757
a position +3600 +4200 2002 1001 6265204.99630957 2348954.02464715 234191410.144391 6273100.43395212 2341464.34189563 234198868.268371
a position +3600 +4200 2003 9001 6261807.04816339 2335933.77683364 234190727.782118 -135117043.787059 3750.98291015625 -65403216.9563235
a position +3600 +4200 2007 9002 6259678.36185123 2339768.76566514 234191106.488135 -135125392.026805 4196.68310546875 -65401677.5151614
a position +3600 +4200 2008 1003 6269595.0950494 2348877.50020657 234190629.119586 6271153.34133758 2341464.34189563 234182042.830685
a position +3600 +4200 2009 1001 6272535.94956748 2335746.75981513 234191317.27253 6273100.43395212 2341464.34189563 234198868.268371
a position +3600 +4200 2010 1002 6267187.88823854 2339901.3312399 234183397.710163 6257555.63117834 2341464.34189563 234192141.781196
a position +3600 +4200 2011 1003 6267656.12625352 2348835.8448062 234193472.120493 6271153.34133758 2341464.34189563 234182042.830685
a position +3600 +4200 2012 1002 6266965.39197594 2335655.84964081 234196183.049596 6257555.63117834 2341464.34189563 234192141.781196
a position +4200 +4800 2001 1003 7505107.16249405 2383333.0008852 234042342.051471 7521054.94852187 2378604.09895463 234041858.761897
a position +4200 +4800 2003 9002 7279956.7080917 2370795.64967544 234069315.768663 -135660364.297881 4196.68310546875 -64226690.0348886
a position +4200 +4800 2005 1003 6938433.04776073 2357462.23822337 234118199.464472 6943149.12236517 2361503.40872756 234103109.304454
a position +4200 +4800 2006 1001 6868074.20292707 2364358.06559903 234113924.131101 6867133.73859098 2359416.94661417 234129631.890075
a position +4200 +4800 2009 1002 6624947.60649045 2347101.58036424 234148498.314805 6640015.31250528 2352321.33633721 234145221.599552
a position +4200 +4800 2010 1002 7762582.48522743 2380995.14177526 234005279.047148 7760123.25380304 2386107.0266751 234020527.532857
a position +4200 +4800 2011 1001 7190052.33411238 2373578.80531862 234087534.208437 7192807.75897959 2369012.85326875 234071931.583569
a position +4800 +5400 2005 1002 6266879.23026747 2348916.89748717 234188822.243013 6257555.63117834 2341464.34189563 234192141.781196
a position +4800 +5400 2006 1003 6267564.59226036 2335839.41162018 234185652.358892 6271153.34133758 2341464.34189563 234182042.830685
a position +4800 +5400 2007 9001 6259678.36185123 2339768.76566514 234191106.488135 -135117043.787059 3750.98291015625 -65403216.9563235
a position +4800 +5400 2009 1001 6272535.94956748 2335746.75981513 234191317.27253 6273100.43395212 2341464.34189563 234198868.268371
a position +4800 +5400 2010 9003 6490908.92029039 2347810.16922185 234172524.88592 -135237149.373618 -3748.65649414063 -65149373.4755565
a position +4800 +5400 2011 1002 6462726.00790936 2342659.77219066 234161817.990685 6466250.15204615 2347311.14845328 234177260.790995
a position +4800 +5400 2012 1001 6266965.39197594 2335655.84964081 234196183.049596 6273100.43395212 2341464.34189563 234198868.268371
a position +5400 +6000 2006 1002 6378856.39739143 2349433.31999134 234171665.197536 6375037.05607594 2344805.58329271 234186808.750253
a position +5400 +6000 2007 9003 6455545.64864881 2342709.55009298 234169913.999273 -135215148.854473 -3748.65649414063 -65198444.2041454
a position +5400 +6000 2009 1003 6272535.94956748 2335746.75981513 234191317.27253 6271153.34133758 2341464.34189563 234182042.830685
a position +5400 +6000 2010 1001 6547095.96293322 2354705.02363973 234164197.788765 6546201.48720882 2349816.39958988 234148394.100799
a position +5400 +6000 2011 1001 7190052.33411238 2373578.80531862 234087534.208437 7192807.75897959 2369012.85326875 234071931.583569
a position +5400 +6000 2012 1002 7119643.71256703 2361516.1620761 234084108.402996 7120844.50730539 2366927.18238416 234099425.805757
a position +6000 +6600 2001 1003 7505107.16249405 2383333.0008852 234042342.051471 7521054.94852187 2378604.09895463 234041858.761897
a position +6000 +6600 2002 9003 6455767.75816778 2343078.69581256 234169494.794362 -135215148.854473 -3748.65649414063 -65198444.2041454
a position +6000 +6600 2004 1001 7497123.02190642 2381608.30267902 234036821.792648 7491557.48902676 2378187.18547195 234051719.468378
a position +6000 +6600 2005 1001 6266879.23026747 2348916.89748717 234188822.243013 6273100.43395212 2341464.34189563 234198868.268371
a position +4800 +6600 2008 1003 7196025.74985683 2373687.79543011 234080995.743215 7180253.71293705 2369012.85326875 234083301.827672
a position +6000 +6600 2010 9002 7469373.36681461 2377812.66213325 234054991.799957 -135754678.01039 4196.68310546875 -64013204.9828516
a position +6000 +6600 2012 1002 7119643.71256703 2361516.1620761 234084108.402996 7120844.50730539 2366927.18238416 234099425.805757
a position +6600 +7200 2001 1002 6526237.97161768 2353472.72942632 234160017.285674 6541005.2373214 2349398.87955648 234165217.492072
a position +6600 +7200 2002 1003 6468947.88801316 2342340.5186953 234167787.909694 6453351.43176727 2347311.14845328 234166283.107352
a position +6600 +7200 2003 1001 6372932.70880469 2349541.50915531 234178161.442471 6388833.59731645 2344805.58329271 234176983.172774
a position +6600 +7200 2007 9003 6455545.64864881 2342709.55009298 234169913.999273 -135215148.854473 -3748.65649414063 -65198444.2041454
a position +6600 +7200 2008 1001 6720131.80638458 2360264.40930005 234137980.921828 6704804.21115517 2354825.95832954 234138611.844235
a position +6600 +7200 2009 1003 6272535.94956748 2335746.75981513 234191317.27253 6271153.34133758 2341464.34189563 234182042.830685
a position +6000 +7200 2011 1002 6462726.00790936 2342659.77219066 234161817.990685 6466250.15204615 2347311.14845328 234177260.790995
a position +7200 +7800 2003 9002 7279956.7080917 2370795.64967544 234069315.768663 -135660364.297881 4196.68310546875 -64226690.0348886
a position +7200 +7800 2004 1003 6309492.34775002 2337251.62342573 234191637.790708 6309432.4901847 2342717.37271001 234176333.63427
a position +7200 +7800 2005 1003 6938433.04776073 2357462.23822337 234118199.464472 6943149.12236517 2361503.40872756 234103109.304454
a position +7200 +7800 2006 1002 6378856.39739143 2349433.31999134 234171665.197536 6375037.05607594 2344805.58329271 234186808.750253
a position +7200 +7800 2008 1002 7350161.97370564 2376491.07152776 234060744.306595 7364977.43142895 2374017.56427624 234054529.216332
a position +7200 +7800 2010 1001 6547095.96293322 2354705.02363973 234164197.788765 6546201.48720882 2349816.39958988 234148394.100799
a position +7200 +7800 2011 9003 7147916.37515274 2368423.64973547 234094063.547701 -135590127.900841 -3748.65649414063 -64380355.3012558
a position +7200 +7800 2012 1001 7301621.42560993 2372207.79516179 234075454.510637 7295210.19011818 2372349.46842884 234060299.159685
a position +7800 +8400 2001 1003 7505107.16249405 2383333.0008852 234042342.051471 7521054.94852187 2378604.09895463 234041858.761897
a position +7800 +8400 2002 1003 8147754.27663093 2402172.38416708 233962649.735206 8163343.07008433 2397772.52499133 233965795.082671
a position +7800 +8400 2005 1001 7916830.23657197 2385992.29258221 233998273.883932 7915776.852001 2390690.73338572 233982333.345313
a position +7800 +8400 2008 1001 8147396.13842798 2400282.28258545 233964017.453964 8131937.81447698 2397356.02035554 233969417.511615
a position +7800 +8400 2009 1002 8034692.02598255 2393152.48843214 233976475.561575 8049749.5144362 2394440.23806916 233969999.160764
a position +7800 +8400 2010 9001 7916413.33594355 2387434.23631319 233999141.480145 -135989153.766107 3750.98291015625 -63495968.3965652
a position +7800 +8400 2012 9002 7790815.64146055 2387196.68082987 234015454.100068 -135924499.025162 4196.68310546875 -63635131.2425364
a position +8400 +9000 2004 1001 7497123.02190642 2381608.30267902 234036821.792648 7491557.48902676 2378187.18547195 234051719.468378
a position +8400 +9000 2005 1003 6938433.04776073 2357462.23822337 234118199.464472 6943149.12236517 2361503.40872756 234103109.304454
a position +8400 +9000 2006 1001 6868074.20292707 2364358.06559903 234113924.131101 6867133.73859098 2359416.94661417 234129631.890075
a position +8400 +9000 2007 9002 7282608.74103278 2366017.81244704 234069685.31597 -135660364.297881 4196.68310546875 -64226690.0348886
a position +8400 +9000 2008 1002 7671784.31671571 2387022.38875913 234023008.26866 7655970.9346074 2383189.56280037 234026921.007634
a position +8400 +9000 2009 1003 7574251.03809271 2377120.0110334 234033710.172834 7588849.29191242 2380688.53358604 234027480.432493
a position +7800 +9000 2011 1002 6462726.00790936 2342659.77219066 234161817.990685 6466250.15204615 2347311.14845328 234177260.790995
a position +9000 +9600 2003 1001 6372932.70880469 2349541.50915531 234178161.442471 6388833.59731645 2344805.58329271 234176983.172774
a position +9000 +9600 2004 9001 6267365.58394018 2339636.71657955 234198578.278346 -135117043.787059 3750.98291015625 -65403216.9563235
a position +9000 +9600 2005 1003 6700365.23035 2358871.36003514 234133560.704886 6704680.7927191 2354408.54320433 234148814.355049
a position +9000 +9600 2006 1002 6378856.39739143 2349433.31999134 234171665.197536 6375037.05607594 2344805.58329271 234186808.750253
a position +9000 +9600 2007 9003 6455545.64864881 2342709.55009298 234169913.999273 -135215148.854473 -3748.65649414063 -65198444.2041454
a position +9000 +9600 2010 1002 6267187.88823854 2339901.3312399 234183397.710163 6257555.63117834 2341464.34189563 234192141.781196
a position +9000 +9600 2011 1001 6267656.12625352 2348835.8448062 234193472.120493 6273100.43395212 2341464.34189563 234198868.268371
a position +9000 +9600 2012 1003 6630440.61799187 2347202.78547119 234142373.150749 6628656.46092257 2352321.33633721 234157785.954439
a position +9600 +10200 2005 1003 6938433.04776073 2357462.23822337 234118199.464472 6943149.12236517 2361503.40872756 234103109.304454
a position +9600 +10200 2006 9003 7064051.37846759 2364625.68555995 234104186.728593 -135544471.337839 -3748.65649414063 -64477870.8806247
a position +9600 +10200 2007 1001 6259678.36185123 2339768.76566514 234191106.488135 6273100.43395212 2341464.34189563 234198868.268371
a position +9600 +10200 2008 1001 6720131.80638458 2360264.40930005 234137980.921828 6704804.21115517 2354825.95832954 234138611.844235
a position +9600 +10200 2009 1002 6624947.60649045 2347101.58036424 234148498.314805 6640015.31250528 2352321.33633721 234145221.599552
a position +9600 +10200 2012 1003 6630440.61799187 2347202.78547119 234142373.150749 6628656.46092257 2352321.33633721 234157785.954439
a position +10200 +10800 2001 9001 6274797.36199516 2339505.22420611 234190914.953743 -135117043.787059 3750.98291015625 -65403216.9563235
a position +10200 +10800 2006 1003 6267564.59226036 2335839.41162018 234185652.358892 6271153.34133758 2341464.34189563 234182042.830685
a position +10200 +10800 2007 1001 6259678.36185123 2339768.76566514 234191106.488135 6273100.43395212 2341464.34189563 234198868.268371
a position +10200 +10800 2008 1001 6720131.80638458 2360264.40930005 234137980.921828 6704804.21115517 2354825.95832954 234138611.844235
a position +10200 +10800 2009 1003 6272535.94956748 2335746.75981513 234191317.27253 6271153.34133758 2341464.34189563 234182042.830685
a position +10200 +10800 2010 1002 6267187.88823854 2339901.3312399 234183397.710163 6257555.63117834 2341464.34189563 234192141.781196
a position +9600 +10800 2011 1002 6462726.00790936 2342659.77219066 234161817.990685 6466250.15204615 2347311.14845328 234177260.790995
a position +10200 +10800 2012 9003 6449397.6842679 2354646.6849953 234170181.59565 -135215148.854473 -3748.65649414063 -65198444.2041454
a position +10800 +11400 2002 9002 7290513.77426388 2379155.966967 234069753.914327 -135660364.297881 4196.68310546875 -64226690.0348886
a position +10800 +11400 2006 1001 6868074.20292707 2364358.06559903 234113924.131101 6867133.73859098 2359416.94661417 234129631.890075
a position +10800 +11400 2008 1002 7671784.31671571 2387022.38875913 234023008.26866 7655970.9346074 2383189.56280037 234026921.007634
a position +10800 +11400 2009 1002 6624947.60649045 2347101.58036424 234148498.314805 6640015.31250528 2352321.33633721 234145221.599552
a position +10800 +11400 2010 1001 6547095.96293322 2354705.02363973 234164197.788765 6546201.48720882 2349816.39958988 234148394.100799
a position +10800 +11400 2011 1003 7679250.05235673 2388488.10739522 234027538.205681 7679051.48034386 2383606.36997291 234011708.255618
a position +11400 +12000 2004 9002 7287966.49972718 2365930.81743121 234074314.438359 -135660364.297881 4196.68310546875 -64226690.0348886
a position +11400 +12000 2006 1002 7525162.72847691 2380785.92726298 234047957.323228 7519136.08086182 2379021.0035873 234032753.844254
a position +10800 +12000 2007 1003 6778195.76028132 2352316.002313 234130183.901414 6793584.55106384 2356912.90262175 234133477.338482
a position +11400 +12000 2008 1001 6720131.80638458 2360264.40930005 234137980.921828 6704804.21115517 2354825.95832954 234138611.844235
a position +11400 +12000 2009 1002 6624947.60649045 2347101.58036424 234148498.314805 6640015.31250528 2352321.33633721 234145221.599552
a position +11400 +12000 2012 1003 6630440.61799187 2347202.78547119 234142373.150749 6628656.46092257 2352321.33633721 234157785.954439
a position +12000 +12600 2004 1003 8000178.60710627 2398124.76456414 233975631.316654 7998550.66180598 2393190.48334178 233991234.848894
a position +12000 +12600 2005 1002 7441682.28020602 2371059.99127587 234056177.535237 7442317.40204645 2376519.44307684 234040908.006286
a position +12000 +12600 2006 9001 7916180.10471031 2398397.54749959 233993056.077688 -135989153.766107 3750.98291015625 -63495968.3965652
a position +12000 +12600 2007 1001 7757083.16858637 2380893.83386747 234011409.707426 7772346.83160319 2386107.0266751 234008802.744213
a position +12000 +12600 2008 1002 7910307.92736039 2386100.97602999 233992319.516675 7925427.5417945 2390690.73338572 233996252.781706
a position +12000 +12600 2009 9002 7295302.8147996 2370528.14948933 234069448.939222 -135660364.297881 4196.68310546875 -64226690.0348886
a position +12000 +12600 2010 1003 7036335.58327128 2369615.39730137 234105587.168208 7032520.89831722 2364424.086861 234090685.438967
a position +11400 +12600 2011 1001 7190052.33411238 2373578.80531862 234087534.208437 7192807.75897959 2369012.85326875 234071931.583569
a position +12600 +13200 2001 1003 7253008.63912186 2367963.65226754 234074323.318244 7238407.93475495 2370681.23139023 234080957.70064
a position +12600 +13200 2003 1003 6862417.82958811 2364461.92917284 234120191.12083 6877337.78464256 2359416.94661417 234116112.867656
a position +12600 +13200 2007 1002 7267648.13146835 2366603.87958568 234071330.413932 7283433.78309984 2371515.36755163 234071702.435618
a position +12600 +13200 2009 9003 6449342.66267797 2354653.98960034 234169288.017724 -135215148.854473 -3748.65649414063 -65198444.2041454
a position +12600 +13200 2010 1002 6267187.88823854 2339901.3312399 234183397.710163 6257555.63117834 2341464.34189563 234192141.781196
a position +12600 +13200 2011 9002 7288037.85868534 2379295.63740665 234066896.031006 -135660364.297881 4196.68310546875 -64226690.0348886
a position +12600 +13800 2004 1001 7497123.02190642 2381608.30267902 234036821.792648 7491557.48902676 2378187.18547195 234051719.468378
a position +13200 +13800 2005 1002 7441682.28020602 2371059.99127587 234056177.535237 7442317.40204645 2376519.44307684 234040908.006286
a position +13200 +13800 2006 9002 7287718.56436084 2370661.70604602 234061701.122222 -135660364.297881 4196.68310546875 -64226690.0348886
a position +13200 +13800 2008 9001 7910307.92736039 2386100.97602999 233992319.516675 -135989153.766107 3750.98291015625 -63495968.3965652
a position +13200 +13800 2009 1003 7852266.44459794 2394039.48652391 234000469.864716 7836932.78757356 2388607.36368475 234000404.605198
a position +13200 +13800 2010 1002 7762582.48522743 2380995.14177526 234005279.047148 7760123.25380304 2386107.0266751 234020527.532857
a position +13200 +13800 2011 1003 7679250.05235673 2388488.10739522 234027538.205681 7679051.48034386 2383606.36997291 234011708.255618
a position +12600 +13800 2012 1001 7594893.60981709 2376461.11465766 234025570.603696 7597753.96102735 2381105.39394421 234041228.663472
a position +13800 +14400 2003 1002 7601120.78920034 2376141.57409328 234031546.186149 7585668.54767621 2381105.39394421 234029361.511028
a position +13800 +14400 2004 1003 7735053.66143584 2382311.78406123 234021781.624883 7730143.65783625 2385273.50994438 234006044.952798
a position +13800 +14400 2008 1001 6720131.80638458 2360264.40930005 234137980.921828 6704804.21115517 2354825.95832954 234138611.844235
a position +13800 +14400 2009 1002 6624947.60649045 2347101.58036424 234148498.314805 6640015.31250528 2352321.33633721 234145221.599552
a position +13800 +14400 2010 1003 7036335.58327128 2369615.39730137 234105587.168208 7032520.89831722 2364424.086861 234090685.438967
a position +13800 +14400 2011 1001 7190052.33411238 2373578.80531862 234087534.208437 7192807.75897959 2369012.85326875 234071931.583569
a position +13800 +14400 2012 9002 7790815.64146055 2387196.68082987 234015454.100068 -135924499.025162 4196.68310546875 -63635131.2425364
a position +14400 +15000 2001 9001 7909360.51239695 2387807.81549379 233991927.89036 -135989153.766107 3750.98291015625 -63495968.3965652
a position +14400 +15000 2002 1001 7433769.77185207 2371615.58313885 234052115.61489 7418079.77339872 2376102.48537025 234055248.576663
a position +14400 +15000 2006 9002 7287718.56436084 2370661.70604602 234061701.122222 -135660364.297881 4196.68310546875 -64226690.0348886
a position +14400 +15000 2007 1002 7267648.13146835 2366603.87958568 234071330.413932 7283433.78309984 2371515.36755163 234071702.435618
a position +14400 +15000 2008 1001 8147396.13842798 2400282.28258545 233964017.453964 8131937.81447698 2397356.02035554 233969417.511615
a position +14400 +15000 2010 1003 7036335.58327128 2369615.39730137 234105587.168208 7032520.89831722 2364424.086861 234090685.438967
a position +14400 +15000 2012 1003 8070114.92947653 2391473.9168625 233966130.982272 8074548.99122509 2395273.36331914 233981730.495232
a position +15000 +15600 2002 1002 6957914.23637377 2356650.91371307 234109602.949202 6942494.72881672 2361920.67481569 234111087.346203
a position +15000 +15600 2004 1003 8000178.60710627 2398124.76456414 233975631.316654 7998550.66180598 2393190.48334178 233991234.848894
a position +14400 +15600 2005 1002 7441682.28020602 2371059.99127587 234056177.535237 7442317.40204645 2376519.44307684 234040908.006286
a position +15000 +15600 2007 1003 7938126.37292221 2389305.15847885 233990435.700669 7923302.86513206 2391107.38063589 233996896.287097
a position +15000 +15600 2009 9002 7295302.8147996 2370528.14948933 234069448.939222 -135660364.297881 4196.68310546875 -64226690.0348886
a position +15000 +15600 2010 1001 7972603.20409408 2394588.81537308 233992573.973447 7966994.89561362 2392357.26897508 233977031.251788
a position +15000 +15600 2011 1001 7190052.33411238 2373578.80531862 234087534.208437 7192807.75897959 2369012.85326875 234071931.583569
a position +15000 +15600 2012 9001 7916989.43736499 2398426.90628174 233991371.805949 -135989153.766107 3750.98291015625 -63495968.3965652
a position +15600 +16200 2001 1002 6526237.97161768 2353472.72942632 234160017.285674 6541005.2373214 2349398.87955648 234165217.492072
a position +15600 +16200 2008 1001 6427575.49894419 2344199.29906032 234171459.484554 6443034.56937599 2346475.99493987 234165747.135439
a position +15600 +16200 2009 1001 6272535.94956748 2335746.75981513 234191317.27253 6273100.43395212 2341464.34189563 234198868.268371
a position +15600 +16200 2010 1003 6267187.88823854 2339901.3312399 234183397.710163 6271153.34133758 2341464.34189563 234182042.830685
a position +15600 +16200 2011 1003 6267656.12625352 2348835.8448062 234193472.120493 6271153.34133758 2341464.34189563 234182042.830685
a position +15600 +16200 2012 1002 6266965.39197594 2335655.84964081 234196183.049596 6257555.63117834 2341464.34189563 234192141.781196
a position +16200 +16800 2001 1003 6274797.36199516 2339505.22420611 234190914.953743 6271153.34133758 2341464.34189563 234182042.830685
a position +15600 +16800 2005 9003 6449185.07051516 2343197.37919682 234176536.759017 -135215148.854473 -3748.65649414063 -65198444.2041454
a position +16200 +16800 2006 1003 6267564.59226036 2335839.41162018 234185652.358892 6271153.34133758 2341464.34189563 234182042.830685
a position +15600 +16800 2007 9001 6259678.36185123 2339768.76566514 234191106.488135 -135117043.787059 3750.98291015625 -65403216.9563235
a position +16200 +16800 2008 1002 6269595.0950494 2348877.50020657 234190629.119586 6257555.63117834 2341464.34189563 234192141.781196
a position +16200 +16800 2010 1002 6267187.88823854 2339901.3312399 234183397.710163 6257555.63117834 2341464.34189563 234192141.781196
a position +16200 +16800 2011 1001 6267656.12625352 2348835.8448062 234193472.120493 6273100.43395212 2341464.34189563 234198868.268371
a position +16200 +16800 2012 1001 6266965.39197594 2335655.84964081 234196183.049596 6273100.43395212 2341464.34189563 234198868.268371
a position +16800 +17400 2001 1001 7030556.535852 2369910.73476371 234100087.732969 7045728.43405905 2364424.086861 234101289.56659
a position +16800 +17400 2006 1003 7357261.40656314 2379259.10500975 234055132.541182 7359310.13020744 2374017.56427624 234070490.676787
a position +16800 +17400 2008 1001 6720131.80638458 2360264.40930005 234137980.921828 6704804.21115517 2354825.95832954 234138611.844235
a position +16800 +17400 2009 1002 6624947.60649045 2347101.58036424 234148498.314805 6640015.31250528 2352321.33633721 234145221.599552
a position +16800 +17400 2010 1003 7036335.58327128 2369615.39730137 234105587.168208 7032520.89831722 2364424.086861 234090685.438967
a position +16800 +17400 2011 1002 6462726.00790936 2342659.77219066 234161817.990685 6466250.15204615 2347311.14845328 234177260.790995
a position +16800 +17400 2012 9002 7301621.42560993 2372207.79516179 234075454.510637 -135667581.068016 4196.68310546875 -64210301.4146146
a position +17400 +18000 2005 1002 7441682.28020602 2371059.99127587 234056177.535237 7442317.40204645 2376519.44307684 234040908.006286
a position +17400 +18000 2006 1001 6868074.20292707 2364358.06559903 234113924.131101 6867133.73859098 2359416.94661417 234129631.890075
a position +17400 +18000 2007 1002 7267648.13146835 2366603.87958568 234071330.413932 7283433.78309984 2371515.36755163 234071702.435618
a position +17400 +18000 2008 1003 7196025.74985683 2373687.79543011 234080995.743215 7180253.71293705 2369012.85326875 234083301.827672
a position +17400 +18000 2009 9002 7295302.8147996 2370528.14948933 234069448.939222 -135660364.297881 4196.68310546875 -64226690.0348886
a position +17400 +18000 2010 9003 7469373.36681461 2377812.66213325 234054991.799957 -135763871.920058 -3748.65649414063 -64009470.3840357
a position +17400 +18000 2011 1001 7190052.33411238 2373578.80531862 234087534.208437 7192807.75897959 2369012.85326875 234071931.583569
a position +17400 +18000 2012 1003 6630440.61799187 2347202.78547119 234142373.150749 6628656.46092257 2352321.33633721 234157785.954439
a position +18000 +18600 2004 9003 6449204.61654831 2342824.41866652 234163068.312878 -135215148.854473 -3748.65649414063 -65198444.2041454
a position +18000 +18600 2005 1001 6266879.23026747 2348916.89748717 234188822.243013 6273100.43395212 2341464.34189563 234198868.268371
a position +18000 +18600 2006 1003 6267564.59226036 2335839.41162018 234185652.358892 6271153.34133758 2341464.34189563 234182042.830685
a position +18000 +18600 2007 9001 6259678.36185123 2339768.76566514 234191106.488135 -135117043.787059 3750.98291015625 -65403216.9563235
a position +18000 +18600 2008 1002 6269595.0950494 2348877.50020657 234190629.119586 6257555.63117834 2341464.34189563 234192141.781196
a position +18000 +18600 2009 1003 6272535.94956748 2335746.75981513 234191317.27253 6271153.34133758 2341464.34189563 234182042.830685
a position +18000 +18600 2010 1002 6267187.88823854 2339901.3312399 234183397.710163 6257555.63117834 2341464.34189563 234192141.781196
a position +18000 +18600 2012 1001 6266965.39197594 2335655.84964081 234196183.049596 6273100.43395212 2341464.34189563 234198868.268371
a position +18600 +19200 2001 1001 7030556.535852 2369910.73476371 234100087.732969 7045728.43405905 2364424.086861 234101289.56659
a position +18600 +19200 2003 1002 7601120.78920034 2376141.57409328 234031546.186149 7585668.54767621 2381105.39394421 234029361.511028
a position +18600 +19200 2007 9002 7282608.74103278 2366017.81244704 234069685.31597 -135660364.297881 4196.68310546875 -64226690.0348886
a position +18600 +19200 2008 9001 7910307.92736039 2386100.97602999 233992319.516675 -135989153.766107 3750.98291015625 -63495968.3965652
a position +18600 +19200 2009 1001 7363368.22910284 2379158.24283597 234060604.52607 7348320.75058251 2374017.56427624 234057601.919731
a position +18600 +19200 2010 1003 7036335.58327128 2369615.39730137 234105587.168208 7032520.89831722 2364424.086861 234090685.438967
a position +18600 +19200 2011 1002 7874627.84438242 2388884.35594806 233989527.911683 7881284.12664444 2389440.73824856 234004477.905918
a position +19200 +19800 2001 1003 7505107.16249405 2383333.0008852 234042342.051471 7521054.94852187 2378604.09895463 234041858.761897
a position +18600 +19800 2004 1003 7735053.66143584 2382311.78406123 234021781.624883 7730143.65783625 2385273.50994438 234006044.952798
a position +19200 +19800 2005 1002 7441682.28020602 2371059.99127587 234056177.535237 7442317.40204645 2376519.44307684 234040908.006286
a position +19200 +19800 2008 1001 6720131.80638458 2360264.40930005 234137980.921828 6704804.21115517 2354825.95832954 234138611.844235
a position +19200 +19800 2010 1002 7762582.48522743 2380995.14177526 234005279.047148 7760123.25380304 2386107.0266751 234020527.532857
a position +19200 +19800 2011 1001 7190052.33411238 2373578.80531862 234087534.208437 7192807.75897959 2369012.85326875 234071931.583569
a position +19200 +19800 2012 9002 7790815.64146055 2387196.68082987 234015454.100068 -135924499.025162 4196.68310546875 -63635131.2425364
a position +19800 +20400 2002 1001 6265204.99630957 2348954.02464715 234191410.144391 6273100.43395212 2341464.34189563 234198868.268371
a position +19800 +20400 2005 1003 6700365.23035 2358871.36003514 234133560.704886 6704680.7927191 2354408.54320433 234148814.355049
a position +19800 +20400 2006 1003 6267564.59226036 2335839.41162018 234185652.358892 6271153.34133758 2341464.34189563 234182042.830685
a position +19800 +20400 2007 1002 6259678.36185123 2339768.76566514 234191106.488135 6257555.63117834 2341464.34189563 234192141.781196
a position +19800 +20400 2008 1001 6720131.80638458 2360264.40930005 234137980.921828 6704804.21115517 2354825.95832954 234138611.844235
a position +19800 +20400 2009 9001 6272535.94956748 2335746.75981513 234191317.27253 -135117043.787059 3750.98291015625 -65403216.9563235
a position +19800 +20400 2011 1002 6462726.00790936 2342659.77219066 234161817.990685 6466250.15204615 2347311.14845328 234177260.790995
a position +19800 +20400 2012 9003 6449397.6842679 2354646.6849953 234170181.59565 -135215148.854473 -3748.65649414063 -65198444.2041454
a position +20400 +21000 2003 9001 6261807.04816339 2335933.77683364 234190727.782118 -135117043.787059 3750.98291015625 -65403216.9563235
a position +20400 +21000 2005 1003 6266879.23026747 2348916.89748717 234188822.243013 6271153.34133758 2341464.34189563 234182042.830685
a position +20400 +21000 2006 1003 6267564.59226036 2335839.41162018 234185652.358892 6271153.34133758 2341464.34189563 234182042.830685
a position +20400 +21000 2007 9002 6259678.36185123 2339768.76566514 234191106.488135 -135125392.026805 4196.68310546875 -65401677.5151614
a position +20400 +21000 2008 1002 6269595.0950494 2348877.50020657 234190629.119586 6257555.63117834 2341464.34189563 234192141.781196
a position +20400 +21000 2010 1002 6267187.88823854 2339901.3312399 234183397.710163 6257555.63117834 2341464.34189563 234192141.781196
a position +20400 +21000 2011 1001 6267656.12625352 2348835.8448062 234193472.120493 6273100.43395212 2341464.34189563 234198868.268371
a position +21000 +21600 2006 1001 6868074.20292707 2364358.06559903 234113924.131101 6867133.73859098 2359416.94661417 234129631.890075
a position +21000 +21600 2007 1003 6778195.76028132 2352316.002313 234130183.901414 6793584.55106384 2356912.90262175 234133477.338482
a position +21000 +21600 2008 9003 6442085.77181091 2343317.18847846 234169882.154295 -135215148.854473 -3748.65649414063 -65198444.2041454
a position +21000 +21600 2010 1002 6267187.88823854 2339901.3312399 234183397.710163 6257555.63117834 2341464.34189563 234192141.781196
a position +21000 +21600 2011 9001 6658678.93227245 2353421.27045405 234152683.105229 -135331327.353491 3750.98291015625 -64947228.6385295
a position +21000 +21600 2012 1002 6840495.13062133 2360822.32915675 234130717.53972 6834324.86640139 2358582.3003531 234115588.360761
a position +21000 +22200 2001 1003 6274797.36199516 2339505.22420611 234190914.953743 6271153.34133758 2341464.34189563 234182042.830685
a position +21600 +22200 2005 1003 6700365.23035 2358871.36003514 234133560.704886 6704680.7927191 2354408.54320433 234148814.355049
a position +21600 +22200 2006 1002 6378856.39739143 2349433.31999134 234171665.197536 6375037.05607594 2344805.58329271 234186808.750253
a position +21600 +22200 2007 1002 6259678.36185123 2339768.76566514 234191106.488135 6257555.63117834 2341464.34189563 234192141.781196
a position +21600 +22200 2008 1001 6720131.80638458 2360264.40930005 234137980.921828 6704804.21115517 2354825.95832954 234138611.844235
a position +20400 +22200 2009 1001 6791588.50113233 2353788.09724686 234130106.752187 6776846.77270408 2356912.90262175 234136072.198513
a position +21600 +22200 2010 9003 6490908.92029039 2347810.16922185 234172524.88592 -135237149.373618 -3748.65649414063 -65149373.4755565
a position +21600 +22200 2012 9001 6826445.29708968 2359029.52521735 234132669.447188 -135423128.841223 3750.98291015625 -64753840.1519858
a position +22200 +22800 2001 1001 6274797.36199516 2339505.22420611 234190914.953743 6273100.43395212 2341464.34189563 234198868.268371
a position +22200 +22800 2002 9001 6265204.99630957 2348954.02464715 234191410.144391 -135117043.787059 3750.98291015625 -65403216.9563235
a position +22200 +22800 2007 1002 6259678.36185123 2339768.76566514 234191106.488135 6257555.63117834 2341464.34189563 234192141.781196
a position +22200 +22800 2008 1002 6269595.0950494 2348877.50020657 234190629.119586 6257555.63117834 2341464.34189563 234192141.781196
a position +22200 +22800 2009 1001 6272535.94956748 2335746.75981513 234191317.27253 6273100.43395212 2341464.34189563 234198868.268371
a position +22200 +22800 2010 9002 6267187.88823854 2339901.3312399 234183397.710163 -135125392.026805 4196.68310546875 -65401677.5151614
a position +22200 +22800 2011 1003 6267656.12625352 2348835.8448062 234193472.120493 6271153.34133758 2341464.34189563 234182042.830685
a position +22800 +23400 2005 1002 6266879.23026747 2348916.89748717 234188822.243013 6257555.63117834 2341464.34189563 234192141.781196
a position +22800 +23400 2006 1002 6378856.39739143 2349433.31999134 234171665.197536 6375037.05607594 2344805.58329271 234186808.750253
a position +22800 +23400 2007 1001 6259678.36185123 2339768.76566514 234191106.488135 6273100.43395212 2341464.34189563 234198868.268371
a position +22800 +23400 2008 1003 6269595.0950494 2348877.50020657 234190629.119586 6271153.34133758 2341464.34189563 234182042.830685
a position +22800 +23400 2009 9001 6272535.94956748 2335746.75981513 234191317.27253 -135117043.787059 3750.98291015625 -65403216.9563235
a position +22800 +23400 2010 1001 6547095.96293322 2354705.02363973 234164197.788765 6546201.48720882 2349816.39958988 234148394.100799
a position +22200 +23400 2012 1003 6630440.61799187 2347202.78547119 234142373.150749 6628656.46092257 2352321.33633721 234157785.954439
a position +23400 +24000 2006 1002 6378856.39739143 2349433.31999134 234171665.197536 6375037.05607594 2344805.58329271 234186808.750253
a position +23400 +24000 2007 1003 6778195.76028132 2352316.002313 234130183.901414 6793584.55106384 2356912.90262175 234133477.338482
a position +23400 +24000 2008 1002 6269595.0950494 2348877.50020657 234190629.119586 6257555.63117834 2341464.34189563 234192141.781196
a position +23400 +24000 2009 1001 7099560.88083172 2362078.62640764 234091609.37727 7114582.41332892 2366510.02179329 234086782.427906
a position +23400 +24000 2010 1003 7036335.58327128 2369615.39730137 234105587.168208 7032520.89831722 2364424.086861 234090685.438967
a position +22800 +24000 2011 9003 6658678.93227245 2353421.27045405 234152683.105229 -135325811.860816 -3748.65649414063 -64952633.1948039
a position +23400 +24000 2012 1001 6266965.39197594 2335655.84964081 234196183.049596 6273100.43395212 2341464.34189563 234198868.268371
a position +24000 +24600 2003 1002 7337040.02869976 2377838.7367177 234062798.074099 7351751.85433359 2373600.55355694 234057236.352496
a position +24000 +24600 2004 9002 7287966.49972718 2365930.81743121 234074314.438359 -135660364.297881 4196.68310546875 -64226690.0348886
a position +24000 +24600 2005 9003 7385512.09727455 2374421.65420823 234065234.359024 -135718905.11096 -3748.65649414063 -64105829.7126488
a position +24000 +24600 2006 1001 6868074.20292707 2364358.06559903 234113924.131101 6867133.73859098 2359416.94661417 234129631.890075
a position +24000 +24600 2007 1003 6778195.76028132 2352316.002313 234130183.901414 6793584.55106384 2356912.90262175 234133477.338482
a position +24000 +24600 2010 1001 6547095.96293322 2354705.02363973 234164197.788765 6546201.48720882 2349816.39958988 234148394.100799
a position +24000 +24600 2012 1003 6630440.61799187 2347202.78547119 234142373.150749 6628656.46092257 2352321.33633721 234157785.954439
a position +24600 +25200 2002 1002 6665140.68393114 2355626.7654645 234143356.862688 6680139.07523828 2353573.68670055 234136969.21118
a position +24600 +25200 2003 9001 6261807.04816339 2335933.77683364 234190727.782118 -135117043.787059 3750.98291015625 -65403216.9563235
a position +24600 +25200 2004 1001 6267365.58394018 2339636.71657955 234198578.278346 6273100.43395212 2341464.34189563 234198868.268371
a position +24600 +25200 2005 1001 6266879.23026747 2348916.89748717 234188822.243013 6273100.43395212 2341464.34189563 234198868.268371
a position +24600 +25200 2006 9003 6574808.57405094 2350415.84649719 234162621.989032 -135281339.338111 -3748.65649414063 -65051072.3850237
a position +24600 +25200 2009 1003 6272535.94956748 2335746.75981513 234191317.27253 6271153.34133758 2341464.34189563 234182042.830685
a position +24600 +25200 2010 1003 6728598.98973509 2356081.94875662 234128869.546559 6734759.98266489 2355243.36470154 234144161.366083
a position +24000 +25200 2011 1002 6462726.00790936 2342659.77219066 234161817.990685 6466250.15204615 2347311.14845328 234177260.790995
a position +25200 +25800 2003 1001 7797273.33910133 2389401.77035398 234006056.591667 7812701.6827245 2387357.23516431 234000218.345686
a position +25200 +25800 2004 1001 7497123.02190642 2381608.30267902 234036821.792648 7491557.48902676 2378187.18547195 234051719.468378
a position +25200 +25800 2006 1003 7357261.40656314 2379259.10500975 234055132.541182 7359310.13020744 2374017.56427624 234070490.676787
a position +25200 +25800 2007 9002 7282608.74103278 2366017.81244704 234069685.31597 -135660364.297881 4196.68310546875 -64226690.0348886
a position +25200 +25800 2008 1002 7671784.31671571 2387022.38875913 234023008.26866 7655970.9346074 2383189.56280037 234026921.007634
a position +25200 +25800 2010 1002 7762582.48522743 2380995.14177526 234005279.047148 7760123.25380304 2386107.0266751 234020527.532857
a position +25200 +26400 2005 1003 6938433.04776073 2357462.23822337 234118199.464472 6943149.12236517 2361503.40872756 234103109.304454
a position +25800 +26400 2007 1002 7015311.36272509 2366524.11639771 234103009.52837 7000250.38309053 2363589.65133033 234108983.577337
a position +25800 +26400 2008 1001 6720131.80638458 2360264.40930005 234137980.921828 6704804.21115517 2354825.95832954 234138611.844235
a position +25800 +26400 2010 1003 7036335.58327128 2369615.39730137 234105587.168208 7032520.89831722 2364424.086861 234090685.438967
a position +25800 +26400 2011 9003 6658678.93227245 2353421.27045405 234152683.105229 -135325811.860816 -3748.65649414063 -64952633.1948039
a position +25800 +26400 2012 1001 6266965.39197594 2335655.84964081 234196183.049596 6273100.43395212 2341464.34189563 234198868.268371
a position +26400 +27000 2002 9001 7922695.85282692 2385885.04032502 233991827.121983 -135989153.766107 3750.98291015625 -63495968.3965652
a position +26400 +27000 2003 9002 7279956.7080917 2370795.64967544 234069315.768663 -135660364.297881 4196.68310546875 -64226690.0348886
a position +26400 +27000 2005 1001 7916830.23657197 2385992.29258221 233998273.883932 7915776.852001 2390690.73338572 233982333.345313
a position +26400 +27000 2007 1001 7757083.16858637 2380893.83386747 234011409.707426 7772346.83160319 2386107.0266751 234008802.744213
a position +26400 +27000 2008 1003 7196025.74985683 2373687.79543011 234080995.743215 7180253.71293705 2369012.85326875 234083301.827672
a position +25800 +27000 2009 1002 8034692.02598255 2393152.48843214 233976475.561575 8049749.5144362 2394440.23806916 233969999.160764
a position +26400 +27000 2010 1003 7036335.58327128 2369615.39730137 234105587.168208 7032520.89831722 2364424.086861 234090685.438967
a position +26400 +27000 2011 1002 7874627.84438242 2388884.35594806 233989527.911683 7881284.12664444 2389440.73824856 234004477.905918
a position +27000 +27600 2001 9002 7292485.42446016 2365845.65056225 234069056.350202 -135660364.297881 4196.68310546875 -64226690.0348886
a position +27000 +27600 2003 1001 6372932.70880469 2349541.50915531 234178161.442471 6388833.59731645 2344805.58329271 234176983.172774
a position +27000 +27600 2004 1003 6309492.34775002 2337251.62342573 234191637.790708 6309432.4901847 2342717.37271001 234176333.63427
a position +27000 +27600 2008 9003 6442085.77181091 2343317.18847846 234169882.154295 -135215148.854473 -3748.65649414063 -65198444.2041454
a position +27000 +27600 2009 1002 6624947.60649045 2347101.58036424 234148498.314805 6640015.31250528 2352321.33633721 234145221.599552
a position +27000 +27600 2010 1002 6267187.88823854 2339901.3312399 234183397.710163 6257555.63117834 2341464.34189563 234192141.781196
a position +27000 +27600 2011 1001 7190052.33411238 2373578.80531862 234087534.208437 7192807.75897959 2369012.85326875 234071931.583569
a position +27000 +27600 2012 1003 6630440.61799187 2347202.78547119 234142373.150749 6628656.46092257 2352321.33633721 234157785.954439
a position +27600 +28200 2004 1001 7497123.02190642 2381608.30267902 234036821.792648 7491557.48902676 2378187.18547195 234051719.468378
a position +27600 +28200 2006 1001 6868074.20292707 2364358.06559903 234113924.131101 6867133.73859098 2359416.94661417 234129631.890075
a position +27600 +28200 2007 1002 7267648.13146835 2366603.87958568 234071330.413932 7283433.78309984 2371515.36755163 234071702.435618
a position +27600 +28200 2009 1003 7574251.03809271 2377120.0110334 234033710.172834 7588849.29191242 2380688.53358604 234027480.432493
a position +27600 +28200 2010 1003 7036335.58327128 2369615.39730137 234105587.168208 7032520.89831722 2364424.086861 234090685.438967
a position +27600 +28200 2011 9002 7288037.85868534 2379295.63740665 234066896.031006 -135660364.297881 4196.68310546875 -64226690.0348886
a position +27600 +28200 2012 1002 7119643.71256703 2361516.1620761 234084108.402996 7120844.50730539 2366927.18238416 234099425.805757
a position +28200 +28800 2001 1002 6526237.97161768 2353472.72942632 234160017.285674 6541005.2373214 2349398.87955648 234165217.492072
a position +28200 +28800 2005 9001 6407036.81476514 2346006.34780396 234182398.82898 -135193219.513736 3750.98291015625 -65239726.2164394
a position +28200 +28800 2006 1003 6267564.59226036 2335839.41162018 234185652.358892 6271153.34133758 2341464.34189563 234182042.830685
a position +28200 +28800 2007 1001 6259678.36185123 2339768.76566514 234191106.488135 6273100.43395212 2341464.34189563 234198868.268371
a position +28200 +28800 2008 9003 6442085.77181091 2343317.18847846 234169882.154295 -135215148.854473 -3748.65649414063 -65198444.2041454
a position +28200 +28800 2009 1002 6624947.60649045 2347101.58036424 234148498.314805 6640015.31250528 2352321.33633721 234145221.599552
a position +28200 +28800 2010 1001 6547095.96293322 2354705.02363973 234164197.788765 6546201.48720882 2349816.39958988 234148394.100799
a position +28200 +28800 2011 1003 6267656.12625352 2348835.8448062 234193472.120493 6271153.34133758 2341464.34189563 234182042.830685
a position +28800 +29400 2002 1003 6468947.88801316 2342340.5186953 234167787.909694 6453351.43176727 2347311.14845328 234166283.107352
a position +28800 +29400 2006 1002 6378856.39739143 2349433.31999134 234171665.197536 6375037.05607594 2344805.58329271 234186808.750253
a position +28800 +29400 2007 1003 6778195.76028132 2352316.002313 234130183.901414 6793584.55106384 2356912.90262175 234133477.338482
a position +28800 +29400 2008 1001 6720131.80638458 2360264.40930005 234137980.921828 6704804.21115517 2354825.95832954 234138611.844235
a position +28800 +29400 2009 9002 7295302.8147996 2370528.14948933 234069448.939222 -135660364.297881 4196.68310546875 -64226690.0348886
a position +28800 +29400 2011 1001 7190052.33411238 2373578.80531862 234087534.208437 7192807.75897959 2369012.85326875 234071931.583569
a position +28800 +29400 2012 1002 7119643.71256703 2361516.1620761 234084108.402996 7120844.50730539 2366927.18238416 234099425.805757
a position +29400 +30000 2001 1002 6526237.97161768 2353472.72942632 234160017.285674 6541005.2373214 2349398.87955648 234165217.492072
a position +28800 +30000 2003 9003 6448911.47962278 2354661.50561399 234170101.823701 -135215148.854473 -3748.65649414063 -65198444.2041454
a position +29400 +30000 2004 1001 7497123.02190642 2381608.30267902 234036821.792648 7491557.48902676 2378187.18547195 234051719.468378
a position +29400 +30000 2006 1003 7357261.40656314 2379259.10500975 234055132.541182 7359310.13020744 2374017.56427624 234070490.676787
a position +29400 +30000 2007 1003 6778195.76028132 2352316.002313 234130183.901414 6793584.55106384 2356912.90262175 234133477.338482
a position +29400 +30000 2009 1001 7363368.22910284 2379158.24283597 234060604.52607 7348320.75058251 2374017.56427624 234057601.919731
a position +29400 +30000 2010 9002 7469373.36681461 2377812.66213325 234054991.799957 -135754678.01039 4196.68310546875 -64013204.9828516
a position +29400 +30000 2011 1002 6462726.00790936 2342659.77219066 234161817.990685 6466250.15204615 2347311.14845328 234177260.790995
a position +30000 +30600 2005 9001 6896290.16296458 2360219.33364748 234124359.939741 -135461102.554761 3750.98291015625 -64673605.6049053
a position +30000 +30600 2006 9003 6574808.57405094 2350415.84649719 234162621.989032 -135281339.338111 -3748.65649414063 -65051072.3850237
a position +30000 +30600 2007 1001 6259678.36185123 2339768.76566514 234191106.488135 6273100.43395212 2341464.34189563 234198868.268371
a position +30000 +30600 2008 1003 6902596.19552674 2359372.36678712 234114974.787916 6917177.75509219 2360668.85021153 234107988.909372
a position +30000 +30600 2009 1003 6272535.94956748 2335746.75981513 234191317.27253 6271153.34133758 2341464.34189563 234182042.830685
a position +30000 +30600 2010 1002 6267187.88823854 2339901.3312399 234183397.710163 6257555.63117834 2341464.34189563 234192141.781196
a position +30000 +30600 2011 1001 6938021.73369088 2357696.23924336 234104775.157466 6943072.29501491 2361503.40872756 234120046.855061
a position +30000 +30600 2012 1002 6840495.13062133 2360822.32915675 234130717.53972 6834324.86640139 2358582.3003531 234115588.360761
a position +30600 +31200 2002 1003 6468947.88801316 2342340.5186953 234167787.909694 6453351.43176727 2347311.14845328 234166283.107352
a position +30600 +31200 2003 1001 6372932.70880469 2349541.50915531 234178161.442471 6388833.59731645 2344805.58329271 234176983.172774
a position +30600 +31200 2007 1002 7015311.36272509 2366524.11639771 234103009.52837 7000250.38309053 2363589.65133033 234108983.577337
a position +30600 +31200 2008 1001 6720131.80638458 2360264.40930005 234137980.921828 6704804.21115517 2354825.95832954 234138611.844235
a position +30600 +31200 2009 1002 6624947.60649045 2347101.58036424 234148498.314805 6640015.31250528 2352321.33633721 234145221.599552
a position +30600 +31200 2010 1003 7036335.58327128 2369615.39730137 234105587.168208 7032520.89831722 2364424.086861 234090685.438967
a position +30600 +31200 2012 9003 6826445.29708968 2359029.52521735 234132669.447188 -135415639.941809 -3748.65649414063 -64755723.3072593
a position +31200 +31800 2004 9003 6449204.61654831 2342824.41866652 234163068.312878 -135215148.854473 -3748.65649414063 -65198444.2041454
a position +31200 +31800 2005 1002 6266879.23026747 2348916.89748717 234188822.243013 6257555.63117834 2341464.34189563 234192141.781196
a position +31200 +31800 2006 1003 6267564.59226036 2335839.41162018 234185652.358892 6271153.34133758 2341464.34189563 234182042.830685
a position +31200 +31800 2008 1003 6269595.0950494 2348877.50020657 234190629.119586 6271153.34133758 2341464.34189563 234182042.830685
a position +31200 +31800 2009 1001 6272535.94956748 2335746.75981513 234191317.27253 6273100.43395212 2341464.34189563 234198868.268371
a position +31200 +31800 2010 1001 6547095.96293322 2354705.02363973 234164197.788765 6546201.48720882 2349816.39958988 234148394.100799
a position +31200 +31800 2011 1002 6462726.00790936 2342659.77219066 234161817.990685 6466250.15204615 2347311.14845328 234177260.790995
a position +31200 +31800 2012 9001 6337187.71721877 2344020.85460857 234190598.773106 -135155050.493498 3750.98291015625 -65321410.7868418
a position +31800 +32400 2003 1003 6862417.82958811 2364461.92917284 234120191.12083 6877337.78464256 2359416.94661417 234116112.867656
a position +31800 +32400 2004 1002 6784713.19466312 2352207.41135404 234136132.525961 6782968.44717796 2356912.90262175 234120279.427235
a position +31800 +32400 2005 1001 7916830.23657197 2385992.29258221 233998273.883932 7915776.852001 2390690.73338572 233982333.345313
a position +31800 +32400 2006 1001 6868074.20292707 2364358.06559903 234113924.131101 6867133.73859098 2359416.94661417 234129631.890075
a position +31800 +32400 2007 1002 7267648.13146835 2366603.87958568 234071330.413932 7283433.78309984 2371515.36755163 234071702.435618
a position +31800 +32400 2009 9001 7915741.73757284 2398413.40309065 233991674.249715 -135989153.766107 3750.98291015625 -63495968.3965652
a position +31800 +32400 2011 1003 7679250.05235673 2388488.10739522 234027538.205681 7679051.48034386 2383606.36997291 234011708.255618
a position +31800 +32400 2012 9002 7790815.64146055 2387196.68082987 234015454.100068 -135924499.025162 4196.68310546875 -63635131.2425364
a position +32400 +33000 2001 1001 7030556.535852 2369910.73476371 234100087.732969 7045728.43405905 2364424.086861 234101289.56659
a position +32400 +33000 2004 1001 7497123.02190642 2381608.30267902 234036821.792648 7491557.48902676 2378187.18547195 234051719.468378
a position +32400 +33000 2006 9001 7916180.10471031 2398397.54749959 233993056.077688 -135989153.766107 3750.98291015625 -63495968.3965652
a position +32400 +33000 2007 1002 7267648.13146835 2366603.87958568 234071330.413932 7283433.78309984 2371515.36755163 234071702.435618
a position +32400 +33000 2008 9002 7285044.35098336 2379251.3052684 234068991.777999 -135660364.297881 4196.68310546875 -64226690.0348886
a position +32400 +33000 2009 1002 8034692.02598255 2393152.48843214 233976475.561575 8049749.5144362 2394440.23806916 233969999.160764
a position +32400 +33000 2011 1003 7679250.05235673 2388488.10739522 234027538.205681 7679051.48034386 2383606.36997291 234011708.255618
a position +32400 +33000 2012 1003 8070114.92947653 2391473.9168625 233966130.982272 8074548.99122509 2395273.36331914 233981730.495232
a position +33000 +33600 2002 1003 6468947.88801316 2342340.5186953 234167787.909694 6453351.43176727 2347311.14845328 234166283.107352
a position +33000 +33600 2006 1002 7525162.72847691 2380785.92726298 234047957.323228 7519136.08086182 2379021.0035873 234032753.844254
a position +33000 +33600 2008 1003 7196025.74985683 2373687.79543011 234080995.743215 7180253.71293705 2369012.85326875 234083301.827672
a position +33000 +33600 2009 9002 7295302.8147996 2370528.14948933 234069448.939222 -135660364.297881 4196.68310546875 -64226690.0348886
a position +33000 +33600 2011 1001 7190052.33411238 2373578.80531862 234087534.208437 7192807.75897959 2369012.85326875 234071931.583569
a position +33000 +34200 2001 1001 6274797.36199516 2339505.22420611 234190914.953743 6273100.43395212 2341464.34189563 234198868.268371
a position +33600 +34200 2003 1002 6261807.04816339 2335933.77683364 234190727.782118 6257555.63117834 2341464.34189563 234192141.781196
a position +33600 +34200 2005 1001 6266879.23026747 2348916.89748717 234188822.243013 6273100.43395212 2341464.34189563 234198868.268371
a position +33600 +34200 2006 9001 6574808.57405094 2350415.84649719 234162621.989032 -135285250.499 3750.98291015625 -65044414.1040179
a position +33600 +34200 2009 9003 6449342.66267797 2354653.98960034 234169288.017724 -135215148.854473 -3748.65649414063 -65198444.2041454
a position +33600 +34200 2010 1003 6267187.88823854 2339901.3312399 234183397.710163 6271153.34133758 2341464.34189563 234182042.830685
a position +33600 +34200 2011 1003 6267656.12625352 2348835.8448062 234193472.120493 6271153.34133758 2341464.34189563 234182042.830685
a position +33000 +34200 2012 1002 6266965.39197594 2335655.84964081 234196183.049596 6257555.63117834 2341464.34189563 234192141.781196
a position +34200 +34800 2001 1003 7253008.63912186 2367963.65226754 234074323.318244 7238407.93475495 2370681.23139023 234080957.70064
a position +34200 +34800 2002 1002 6957914.23637377 2356650.91371307 234109602.949202 6942494.72881672 2361920.67481569 234111087.346203
a position +34200 +34800 2006 1001 6868074.20292707 2364358.06559903 234113924.131101 6867133.73859098 2359416.94661417 234129631.890075
a position +34200 +34800 2009 1002 6624947.60649045 2347101.58036424 234148498.314805 6640015.31250528 2352321.33633721 234145221.599552
a position +34200 +34800 2010 1003 7036335.58327128 2369615.39730137 234105587.168208 7032520.89831722 2364424.086861 234090685.438967
a position +34200 +34800 2011 1001 7190052.33411238 2373578.80531862 234087534.208437 7192807.75897959 2369012.85326875 234071931.583569
a position +34200 +34800 2012 9002 7301621.42560993 2372207.79516179 234075454.510637 -135667581.068016 4196.68310546875 -64210301.4146146
a position +34800 +35400 2002 1003 6468947.88801316 2342340.5186953 234167787.909694 6453351.43176727 2347311.14845328 234166283.107352
a position +34800 +35400 2004 9002 7287966.49972718 2365930.81743121 234074314.438359 -135660364.297881 4196.68310546875 -64226690.0348886
a position +34800 +35400 2005 1001 6266879.23026747 2348916.89748717 234188822.243013 6273100.43395212 2341464.34189563 234198868.268371
a position +34200 +35400 2007 9003 6455545.64864881 2342709.55009298 234169913.999273 -135215148.854473 -3748.65649414063 -65198444.2041454
a position +34800 +35400 2008 1003 7196025.74985683 2373687.79543011 234080995.743215 7180253.71293705 2369012.85326875 234083301.827672
a position +34800 +35400 2009 1002 6624947.60649045 2347101.58036424 234148498.314805 6640015.31250528 2352321.33633721 234145221.599552
a position +34800 +35400 2012 1001 7301621.42560993 2372207.79516179 234075454.510637 7295210.19011818 2372349.46842884 234060299.159685
a position +35400 +36000 2002 1002 6957914.23637377 2356650.91371307 234109602.949202 6942494.72881672 2361920.67481569 234111087.346203
a position +35400 +36000 2003 1001 6372932.70880469 2349541.50915531 234178161.442471 6388833.59731645 2344805.58329271 234176983.172774
a position +35400 +36000 2004 9001 6267365.58394018 2339636.71657955 234198578.278346 -135117043.787059 3750.98291015625 -65403216.9563235
a position +35400 +36000 2005 1003 6938433.04776073 2357462.23822337 234118199.464472 6943149.12236517 2361503.40872756 234103109.304454
a position +35400 +36000 2006 1001 6868074.20292707 2364358.06559903 234113924.131101 6867133.73859098 2359416.94661417 234129631.890075
a position +35400 +36000 2009 9003 6449342.66267797 2354653.98960034 234169288.017724 -135215148.854473 -3748.65649414063 -65198444.2041454
a position +35400 +36000 2010 1003 7036335.58327128 2369615.39730137 234105587.168208 7032520.89831722 2364424.086861 234090685.438967
a position +34800 +36000 2011 1002 6462726.00790936 2342659.77219066 234161817.990685 6466250.15204615 2347311.14845328 234177260.790995
a position +36000 +36600 2004 1001 6267365.58394018 2339636.71657955 234198578.278346 6273100.43395212 2341464.34189563 234198868.268371
a position +36000 +36600 2006 1001 6868074.20292707 2364358.06559903 234113924.131101 6867133.73859098 2359416.94661417 234129631.890075
a position +36000 +36600 2007 1002 6259678.36185123 2339768.76566514 234191106.488135 6257555.63117834 2341464.34189563 234192141.781196
a position +36000 +36600 2008 9003 6442085.77181091 2343317.18847846 234169882.154295 -135215148.854473 -3748.65649414063 -65198444.2041454
a position +36000 +36600 2009 9001 6272535.94956748 2335746.75981513 234191317.27253 -135117043.787059 3750.98291015625 -65403216.9563235
a position +36000 +36600 2010 1002 6267187.88823854 2339901.3312399 234183397.710163 6257555.63117834 2341464.34189563 234192141.781196
a position +36000 +36600 2011 1003 6267656.12625352 2348835.8448062 234193472.120493 6271153.34133758 2341464.34189563 234182042.830685
a position +36000 +36600 2012 1003 6630440.61799187 2347202.78547119 234142373.150749 6628656.46092257 2352321.33633721 234157785.954439
a position +36600 +37200 2001 1001 7030556.535852 2369910.73476371 234100087.732969 7045728.43405905 2364424.086861 234101289.56659
a position +36600 +37200 2004 1002 6784713.19466312 2352207.41135404 234136132.525961 6782968.44717796 2356912.90262175 234120279.427235
a position +36600 +37200 2007 1003 6778195.76028132 2352316.002313 234130183.901414 6793584.55106384 2356912.90262175 234133477.338482
a position +36600 +37200 2008 1002 7671784.31671571 2387022.38875913 234023008.26866 7655970.9346074 2383189.56280037 234026921.007634
a position +36600 +37200 2009 1001 7363368.22910284 2379158.24283597 234060604.52607 7348320.75058251 2374017.56427624 234057601.919731
a position +36600 +37200 2010 1003 7036335.58327128 2369615.39730137 234105587.168208 7032520.89831722 2364424.086861 234090685.438967
a position +36600 +37200 2012 9002 7301621.42560993 2372207.79516179 234075454.510637 -135667581.068016 4196.68310546875 -64210301.4146146
a position +37200 +37800 2003 1001 7797273.33910133 2389401.77035398 234006056.591667 7812701.6827245 2387357.23516431 234000218.345686
a position +37200 +37800 2005 1003 6938433.04776073 2357462.23822337 234118199.464472 6943149.12236517 2361503.40872756 234103109.304454
a position +37200 +37800 2006 9002 7287718.56436084 2370661.70604602 234061701.122222 -135660364.297881 4196.68310546875 -64226690.0348886
a position +37200 +37800 2007 9001 7923702.34023681 2387557.82103661 233992243.166664 -135989153.766107 3750.98291015625 -63495968.3965652
a position +37200 +37800 2008 1003 7196025.74985683 2373687.79543011 234080995.743215 7180253.71293705 2369012.85326875 234083301.827672
a position +37200 +37800 2011 1002 7874627.84438242 2388884.35594806 233989527.911683 7881284.12664444 2389440.73824856 234004477.905918
a position +37200 +37800 2012 1001 7594893.60981709 2376461.11465766 234025570.603696 7597753.96102735 2381105.39394421 234041228.663472
a position +37800 +38400 2001 1001 7030556.535852 2369910.73476371 234100087.732969 7045728.43405905 2364424.086861 234101289.56659
a position +37800 +38400 2002 9003 6455767.75816778 2343078.69581256 234169494.794362 -135215148.854473 -3748.65649414063 -65198444.2041454
a position +37800 +38400 2003 1003 6862417.82958811 2364461.92917284 234120191.12083 6877337.78464256 2359416.94661417 234116112.867656
a position +37800 +38400 2004 1003 6309492.34775002 2337251.62342573 234191637.790708 6309432.4901847 2342717.37271001 234176333.63427
a position +37200 +38400 2009 1002 6624947.60649045 2347101.58036424 234148498.314805 6640015.31250528 2352321.33633721 234145221.599552
a position +37800 +38400 2010 1002 6267187.88823854 2339901.3312399 234183397.710163 6257555.63117834 2341464.34189563 234192141.781196
a position +37800 +38400 2011 1001 6938021.73369088 2357696.23924336 234104775.157466 6943072.29501491 2361503.40872756 234120046.855061
a position +38400 +39000 2004 1002 6784713.19466312 2352207.41135404 234136132.525961 6782968.44717796 2356912.90262175 234120279.427235
a position +38400 +39000 2006 1003 6267564.59226036 2335839.41162018 234185652.358892 6271153.34133758 2341464.34189563 234182042.830685
a position +38400 +39000 2007 9001 6259678.36185123 2339768.76566514 234191106.488135 -135117043.787059 3750.98291015625 -65403216.9563235
a position +38400 +39000 2008 1001 6720131.80638458 2360264.40930005 234137980.921828 6704804.21115517 2354825.95832954 234138611.844235
a position +38400 +39000 2009 1001 6791588.50113233 2353788.09724686 234130106.752187 6776846.77270408 2356912.90262175 234136072.198513
a position +38400 +39000 2010 1002 6267187.88823854 2339901.3312399 234183397.710163 6257555.63117834 2341464.34189563 234192141.781196
a position +38400 +39000 2011 9003 6658678.93227245 2353421.27045405 234152683.105229 -135325811.860816 -3748.65649414063 -64952633.1948039
a position +38400 +39000 2012 1003 6630440.61799187 2347202.78547119 234142373.150749 6628656.46092257 2352321.33633721 234157785.954439
a position +39000 +39600 2001 1001 7030556.535852 2369910.73476371 234100087.732969 7045728.43405905 2364424.086861 234101289.56659
a position +39000 +39600 2003 1002 7337040.02869976 2377838.7367177 234062798.074099 7351751.85433359 2373600.55355694 234057236.352496
a position +39000 +39600 2004 9003 7217758.18701015 2370018.20072306 234085632.096798 -135628141.657561 -3748.65649414063 -64299347.0189424
a position +39000 +39600 2005 1001 6266879.23026747 2348916.89748717 234188822.243013 6273100.43395212 2341464.34189563 234198868.268371
a position +39000 +39600 2007 1003 6778195.76028132 2352316.002313 234130183.901414 6793584.55106384 2356912.90262175 234133477.338482
a position +39000 +39600 2009 1002 6624947.60649045 2347101.58036424 234148498.314805 6640015.31250528 2352321.33633721 234145221.599552
a position +39000 +39600 2010 1003 7036335.58327128 2369615.39730137 234105587.168208 7032520.89831722 2364424.086861 234090685.438967
a position +39000 +39600 2011 9002 7288037.85868534 2379295.63740665 234066896.031006 -135660364.297881 4196.68310546875 -64226690.0348886
a position +39600 +40200 2004 9002 6267365.58394018 2339636.71657955 234198578.278346 -135125392.026805 4196.68310546875 -65401677.5151614
a position +39600 +40200 2005 9001 6266879.23026747 2348916.89748717 234188822.243013 -135117043.787059 3750.98291015625 -65403216.9563235
a position +39600 +40200 2007 1002 6259678.36185123 2339768.76566514 234191106.488135 6257555.63117834 2341464.34189563 234192141.781196
a position +39600 +40200 2008 1003 6269595.0950494 2348877.50020657 234190629.119586 6271153.34133758 2341464.34189563 234182042.830685
a position +39600 +40200 2009 1003 6272535.94956748 2335746.75981513 234191317.27253 6271153.34133758 2341464.34189563 234182042.830685
a position +39600 +40200 2010 1001 6267187.88823854 2339901.3312399 234183397.710163 6273100.43395212 2341464.34189563 234198868.268371
a position +39600 +40200 2011 1001 6267656.12625352 2348835.8448062 234193472.120493 6273100.43395212 2341464.34189563 234198868.268371
a position +39600 +40200 2012 1002 6266965.39197594 2335655.84964081 234196183.049596 6257555.63117834 2341464.34189563 234192141.781196
a position +40200 +40800 2002 9002 7290513.77426388 2379155.966967 234069753.914327 -135660364.297881 4196.68310546875 -64226690.0348886
a position +40200 +40800 2004 1001 7497123.02190642 2381608.30267902 234036821.792648 7491557.48902676 2378187.18547195 234051719.468378
a position +40200 +40800 2006 1001 6868074.20292707 2364358.06559903 234113924.131101 6867133.73859098 2359416.94661417 234129631.890075
a position +40200 +40800 2007 9001 7923702.34023681 2387557.82103661 233992243.166664 -135989153.766107 3750.98291015625 -63495968.3965652
a position +40200 +40800 2009 1003 7852266.44459794 2394039.48652391 234000469.864716 7836932.78757356 2388607.36368475 234000404.605198
a position +40200 +40800 2010 1002 7762582.48522743 2380995.14177526 234005279.047148 7760123.25380304 2386107.0266751 234020527.532857
a position +40200 +40800 2011 1003 7679250.05235673 2388488.10739522 234027538.205681 7679051.48034386 2383606.36997291 234011708.255618
a position +40200 +40800 2012 1002 7119643.71256703 2361516.1620761 234084108.402996 7120844.50730539 2366927.18238416 234099425.805757
a position +40800 +41400 2003 1002 6261807.04816339 2335933.77683364 234190727.782118 6257555.63117834 2341464.34189563 234192141.781196
a position +40800 +41400 2005 9001 6407036.81476514 2346006.34780396 234182398.82898 -135193219.513736 3750.98291015625 -65239726.2164394
a position +40800 +41400 2007 1001 6259678.36185123 2339768.76566514 234191106.488135 6273100.43395212 2341464.34189563 234198868.268371
a position +40800 +41400 2008 1002 6269595.0950494 2348877.50020657 234190629.119586 6257555.63117834 2341464.34189563 234192141.781196
a position +40800 +41400 2009 1001 6272535.94956748 2335746.75981513 234191317.27253 6273100.43395212 2341464.34189563 234198868.268371
a position +40800 +41400 2010 1003 6267187.88823854 2339901.3312399 234183397.710163 6271153.34133758 2341464.34189563 234182042.830685
a position +40800 +41400 2011 1003 6267656.12625352 2348835.8448062 234193472.120493 6271153.34133758 2341464.34189563 234182042.830685
a position +41400 +42000 2002 1002 6957914.23637377 2356650.91371307 234109602.949202 6942494.72881672 2361920.67481569 234111087.346203
a position +41400 +42000 2007 1002 7015311.36272509 2366524.11639771 234103009.52837 7000250.38309053 2363589.65133033 234108983.577337
a position +41400 +42000 2008 1001 6720131.80638458 2360264.40930005 234137980.921828 6704804.21115517 2354825.95832954 234138611.844235
a position +41400 +42000 2009 1003 6272535.94956748 2335746.75981513 234191317.27253 6271153.34133758 2341464.34189563 234182042.830685
a position +41400 +42000 2010 1003 7036335.58327128 2369615.39730137 234105587.168208 7032520.89831722 2364424.086861 234090685.438967
a position +41400 +42000 2011 1001 6938021.73369088 2357696.23924336 234104775.157466 6943072.29501491 2361503.40872756 234120046.855061
a position +40800 +42000 2012 9003 6826445.29708968 2359029.52521735 234132669.447188 -135415639.941809 -3748.65649414063 -64755723.3072593
a position +42000 +42600 2001 1001 6274797.36199516 2339505.22420611 234190914.953743 6273100.43395212 2341464.34189563 234198868.268371
a position +42000 +42600 2002 1001 6265204.99630957 2348954.02464715 234191410.144391 6273100.43395212 2341464.34189563 234198868.268371
a position +42000 +42600 2004 1003 6309492.34775002 2337251.62342573 234191637.790708 6309432.4901847 2342717.37271001 234176333.63427
a position +42000 +42600 2005 1002 6266879.23026747 2348916.89748717 234188822.243013 6257555.63117834 2341464.34189563 234192141.781196
a position +42000 +42600 2007 1003 6259678.36185123 2339768.76566514 234191106.488135 6271153.34133758 2341464.34189563 234182042.830685
a position +42000 +42600 2009 1002 6344918.67705973 2344156.11308125 234182802.288449 6330056.41312507 2343552.6830677 234189551.255048
a position +42000 +42600 2011 9001 6267656.12625352 2348835.8448062 234193472.120493 -135117043.787059 3750.98291015625 -65403216.9563235
a position +42000 +42600 2012 9002 6337187.71721877 2344020.85460857 234190598.773106 -135163533.352385 4196.68310546875 -65321733.4220957
a position +42600 +43200 2001 1003 6274797.36199516 2339505.22420611 234190914.953743 6271153.34133758 2341464.34189563 234182042.830685
a position +42600 +43200 2006 9001 6574808.57405094 2350415.84649719 234162621.989032 -135285250.499 3750.98291015625 -65044414.1040179
a position +42600 +43200 2007 1002 6259678.36185123 2339768.76566514 234191106.488135 6257555.63117834 2341464.34189563 234192141.781196
a position +42600 +43200 2008 1002 6269595.0950494 2348877.50020657 234190629.119586 6257555.63117834 2341464.34189563 234192141.781196
a position +42600 +43200 2009 9003 6449342.66267797 2354653.98960034 234169288.017724 -135215148.854473 -3748.65649414063 -65198444.2041454
a position +42600 +43200 2010 1001 6547095.96293322 2354705.02363973 234164197.788765 6546201.48720882 2349816.39958988 234148394.100799
a position +42600 +43200 2011 1001 6267656.12625352 2348835.8448062 234193472.120493 6273100.43395212 2341464.34189563 234198868.268371
a position +42600 +43200 2012 1003 6630440.61799187 2347202.78547119 234142373.150749 6628656.46092257 2352321.33633721 234157785.954439
a position +43200 +43800 2004 9003 6449204.61654831 2342824.41866652 234163068.312878 -135215148.854473 -3748.65649414063 -65198444.2041454
a position +43200 +43800 2005 9001 6407036.81476514 2346006.34780396 234182398.82898 -135193219.513736 3750.98291015625 -65239726.2164394
a position +43200 +43800 2006 1002 6378856.39739143 2349433.31999134 234171665.197536 6375037.05607594 2344805.58329271 234186808.750253
a position +43200 +43800 2007 1003 6539623.34538942 2353239.40705712 234159602.510732 6524101.2089251 2349398.87955648 234164149.621771
a position +43200 +43800 2009 1002 6624947.60649045 2347101.58036424 234148498.314805 6640015.31250528 2352321.33633721 234145221.599552
a position +43200 +43800 2011 1001 6267656.12625352 2348835.8448062 234193472.120493 6273100.43395212 2341464.34189563 234198868.268371
a position +43200 +43800 2012 1003 6630440.61799187 2347202.78547119 234142373.150749 6628656.46092257 2352321.33633721 234157785.954439
a position +43800 +44400 2002 1002 6957914.23637377 2356650.91371307 234109602.949202 6942494.72881672 2361920.67481569 234111087.346203
a position +43800 +44400 2006 9002 7287718.56436084 2370661.70604602 234061701.122222 -135660364.297881 4196.68310546875 -64226690.0348886
a position +43800 +44400 2008 1003 7196025.74985683 2373687.79543011 234080995.743215 7180253.71293705 2369012.85326875 234083301.827672
a position +43800 +44400 2009 1001 7363368.22910284 2379158.24283597 234060604.52607 7348320.75058251 2374017.56427624 234057601.919731
a position +43200 +44400 2010 1001 6547095.96293322 2354705.02363973 234164197.788765 6546201.48720882 2349816.39958988 234148394.100799
a position +44400 +45000 2002 1001 7433769.77185207 2371615.58313885 234052115.61489 7418079.77339872 2376102.48537025 234055248.576663
a position +44400 +45000 2003 1001 7797273.33910133 2389401.77035398 234006056.591667 7812701.6827245 2387357.23516431 234000218.345686
a position +44400 +45000 2004 9001 7916741.66388782 2387682.36007527 233984906.971434 -135989153.766107 3750.98291015625 -63495968.3965652
a position +44400 +45000 2005 1003 6938433.04776073 2357462.23822337 234118199.464472 6943149.12236517 2361503.40872756 234103109.304454
a position +43800 +45000 2007 1002 7267648.13146835 2366603.87958568 234071330.413932 7283433.78309984 2371515.36755163 234071702.435618
a position +44400 +45000 2009 1002 6624947.60649045 2347101.58036424 234148498.314805 6640015.31250528 2352321.33633721 234145221.599552
a position +43800 +45000 2011 1003 7679250.05235673 2388488.10739522 234027538.205681 7679051.48034386 2383606.36997291 234011708.255618
a position +44400 +45000 2012 9002 7790815.64146055 2387196.68082987 234015454.100068 -135924499.025162 4196.68310546875 -63635131.2425364
a position +45000 +45600 2002 9001 6265204.99630957 2348954.02464715 234191410.144391 -135117043.787059 3750.98291015625 -65403216.9563235
a position +45000 +45600 2006 1003 6267564.59226036 2335839.41162018 234185652.358892 6271153.34133758 2341464.34189563 234182042.830685
a position +45000 +45600 2007 9003 6455545.64864881 2342709.55009298 234169913.999273 -135215148.854473 -3748.65649414063 -65198444.2041454
a position +45000 +45600 2008 1002 6269595.0950494 2348877.50020657 234190629.119586 6257555.63117834 2341464.34189563 234192141.781196
a position +45000 +45600 2009 1002 6624947.60649045 2347101.58036424 234148498.314805 6640015.31250528 2352321.33633721 234145221.599552
a position +45000 +45600 2010 1001 6547095.96293322 2354705.02363973 234164197.788765 6546201.48720882 2349816.39958988 234148394.100799
a position +45000 +45600 2011 1003 6267656.12625352 2348835.8448062 234193472.120493 6271153.34133758 2341464.34189563 234182042.830685
a position +45000 +45600 2012 1001 6266965.39197594 2335655.84964081 234196183.049596 6273100.43395212 2341464.34189563 234198868.268371
a position +45600 +46200 2001 1001 6274797.36199516 2339505.22420611 234190914.953743 6273100.43395212 2341464.34189563 234198868.268371
a position +45600 +46200 2002 1003 6468947.88801316 2342340.5186953 234167787.909694 6453351.43176727 2347311.14845328 234166283.107352
a position +45600 +46200 2006 9003 6574808.57405094 2350415.84649719 234162621.989032 -135281339.338111 -3748.65649414063 -65051072.3850237
a position +45600 +46200 2007 9001 6259678.36185123 2339768.76566514 234191106.488135 -135117043.787059 3750.98291015625 -65403216.9563235
a position +45600 +46200 2009 1003 6272535.94956748 2335746.75981513 234191317.27253 6271153.34133758 2341464.34189563 234182042.830685
a position +45600 +46200 2010 1001 6547095.96293322 2354705.02363973 234164197.788765 6546201.48720882 2349816.39958988 234148394.100799
a position +45600 +46200 2011 1002 6462726.00790936 2342659.77219066 234161817.990685 6466250.15204615 2347311.14845328 234177260.790995
a position +45600 +46200 2012 1002 6266965.39197594 2335655.84964081 234196183.049596 6257555.63117834 2341464.34189563 234192141.781196
a position +46200 +46800 2001 1002 6526237.97161768 2353472.72942632 234160017.285674 6541005.2373214 2349398.87955648 234165217.492072
a position +46200 +46800 2002 1001 6265204.99630957 2348954.02464715 234191410.144391 6273100.43395212 2341464.34189563 234198868.268371
a position +46200 +46800 2003 9001 6261807.04816339 2335933.77683364 234190727.782118 -135117043.787059 3750.98291015625 -65403216.9563235
a position +46200 +46800 2007 1001 6259678.36185123 2339768.76566514 234191106.488135 6273100.43395212 2341464.34189563 234198868.268371
a position +46200 +46800 2008 1002 6269595.0950494 2348877.50020657 234190629.119586 6257555.63117834 2341464.34189563 234192141.781196
a position +46200 +46800 2010 1003 6728598.98973509 2356081.94875662 234128869.546559 6734759.98266489 2355243.36470154 234144161.366083
a position +46200 +46800 2011 9003 6658678.93227245 2353421.27045405 234152683.105229 -135325811.860816 -3748.65649414063 -64952633.1948039
a position +46200 +46800 2012 1003 6630440.61799187 2347202.78547119 234142373.150749 6628656.46092257 2352321.33633721 234157785.954439
a position +46800 +47400 2002 9001 6265204.99630957 2348954.02464715 234191410.144391 -135117043.787059 3750.98291015625 -65403216.9563235
a position +46800 +47400 2003 9003 6448911.47962278 2354661.50561399 234170101.823701 -135215148.854473 -3748.65649414063 -65198444.2041454
a position +46800 +47400 2005 1002 6266879.23026747 2348916.89748717 234188822.243013 6257555.63117834 2341464.34189563 234192141.781196
a position +46800 +47400 2008 1003 6269595.0950494 2348877.50020657 234190629.119586 6271153.34133758 2341464.34189563 234182042.830685
a position +46800 +47400 2009 1002 6624947.60649045 2347101.58036424 234148498.314805 6640015.31250528 2352321.33633721 234145221.599552
a position +46800 +47400 2010 1001 6547095.96293322 2354705.02363973 234164197.788765 6546201.48720882 2349816.39958988 234148394.100799
a position +46800 +47400 2011 1001 6267656.12625352 2348835.8448062 234193472.120493 6273100.43395212 2341464.34189563 234198868.268371
a position +46800 +47400 2012 1003 6630440.61799187 2347202.78547119 234142373.150749 6628656.46092257 2352321.33633721 234157785.954439
a position +47400 +48000 2001 1001 7030556.535852 2369910.73476371 234100087.732969 7045728.43405905 2364424.086861 234101289.56659
a position +47400 +48000 2005 1002 7441682.28020602 2371059.99127587 234056177.535237 7442317.40204645 2376519.44307684 234040908.006286
a position +47400 +48000 2007 1001 7757083.16858637 2380893.83386747 234011409.707426 7772346.83160319 2386107.0266751 234008802.744213
a position +47400 +48000 2008 9002 7285044.35098336 2379251.3052684 234068991.777999 -135660364.297881 4196.68310546875 -64226690.0348886
a position +47400 +48000 2009 1003 7852266.44459794 2394039.48652391 234000469.864716 7836932.78757356 2388607.36368475 234000404.605198
a position +47400 +48000 2010 1003 7036335.58327128 2369615.39730137 234105587.168208 7032520.89831722 2364424.086861 234090685.438967
a position +47400 +48000 2011 1002 7874627.84438242 2388884.35594806 233989527.911683 7881284.12664444 2389440.73824856 234004477.905918
a position +47400 +48000 2012 9001 7916989.43736499 2398426.90628174 233991371.805949 -135989153.766107 3750.98291015625 -63495968.3965652
a position +48000 +48600 2001 9002 6274797.36199516 2339505.22420611 234190914.953743 -135125392.026805 4196.68310546875 -65401677.5151614
a position +48000 +48600 2003 1002 6261807.04816339 2335933.77683364 234190727.782118 6257555.63117834 2341464.34189563 234192141.781196
a position +48000 +48600 2004 9001 6267365.58394018 2339636.71657955 234198578.278346 -135117043.787059 3750.98291015625 -65403216.9563235
a position +48000 +48600 2005 1003 6266879.23026747 2348916.89748717 234188822.243013 6271153.34133758 2341464.34189563 234182042.830685
a position +48000 +48600 2006 1002 6267564.59226036 2335839.41162018 234185652.358892 6257555.63117834 2341464.34189563 234192141.781196
a position +48000 +48600 2007 1001 6259678.36185123 2339768.76566514 234191106.488135 6273100.43395212 2341464.34189563 234198868.268371
a position +48000 +48600 2008 1003 6269595.0950494 2348877.50020657 234190629.119586 6271153.34133758 2341464.34189563 234182042.830685
a position +48000 +48600 2010 1001 6267187.88823854 2339901.3312399 234183397.710163 6273100.43395212 2341464.34189563 234198868.268371
a position +48600 +49200 2003 9002 7279956.7080917 2370795.64967544 234069315.768663 -135660364.297881 4196.68310546875 -64226690.0348886
a position +48600 +49200 2005 1002 7441682.28020602 2371059.99127587 234056177.535237 7442317.40204645 2376519.44307684 234040908.006286
a position +48600 +49200 2008 1001 6720131.80638458 2360264.40930005 234137980.921828 6704804.21115517 2354825.95832954 234138611.844235
a position +48600 +49200 2009 1003 7852266.44459794 2394039.48652391 234000469.864716 7836932.78757356 2388607.36368475 234000404.605198
a position +48600 +49200 2010 1003 7036335.58327128 2369615.39730137 234105587.168208 7032520.89831722 2364424.086861 234090685.438967
a position +48600 +49200 2012 1001 7594893.60981709 2376461.11465766 234025570.603696 7597753.96102735 2381105.39394421 234041228.663472
a position +49200 +49800 2005 9001 6407036.81476514 2346006.34780396 234182398.82898 -135193219.513736 3750.98291015625 -65239726.2164394
a position +49200 +49800 2006 1002 6378856.39739143 2349433.31999134 234171665.197536 6375037.05607594 2344805.58329271 234186808.750253
a position +49200 +49800 2007 9003 6455545.64864881 2342709.55009298 234169913.999273 -135215148.854473 -3748.65649414063 -65198444.2041454
a position +49200 +49800 2008 1003 6269595.0950494 2348877.50020657 234190629.119586 6271153.34133758 2341464.34189563 234182042.830685
a position +49200 +49800 2010 1001 6547095.96293322 2354705.02363973 234164197.788765 6546201.48720882 2349816.39958988 234148394.100799
a position +48600 +49800 2011 1002 6462726.00790936 2342659.77219066 234161817.990685 6466250.15204615 2347311.14845328 234177260.790995
a position +49200 +49800 2012 1003 6630440.61799187 2347202.78547119 234142373.150749 6628656.46092257 2352321.33633721 234157785.954439
a position +49800 +50400 2005 1003 6938433.04776073 2357462.23822337 234118199.464472 6943149.12236517 2361503.40872756 234103109.304454
a position +49800 +50400 2006 1002 7832496.23453723 2392646.22728929 233996114.747405 7836169.14593111 2388190.66306621 234011641.249366
a position +49800 +50400 2007 9002 7282608.74103278 2366017.81244704 234069685.31597 -135660364.297881 4196.68310546875 -64226690.0348886
a position +49800 +50400 2008 1001 6720131.80638458 2360264.40930005 234137980.921828 6704804.21115517 2354825.95832954 234138611.844235
a position +49200 +50400 2009 1001 7363368.22910284 2379158.24283597 234060604.52607 7348320.75058251 2374017.56427624 234057601.919731
a position +49800 +50400 2011 1003 7679250.05235673 2388488.10739522 234027538.205681 7679051.48034386 2383606.36997291 234011708.255618
a position +50400 +51000 2002 1002 6957914.23637377 2356650.91371307 234109602.949202 6942494.72881672 2361920.67481569 234111087.346203
a position +50400 +51000 2006 9002 7287718.56436084 2370661.70604602 234061701.122222 -135660364.297881 4196.68310546875 -64226690.0348886
a position +50400 +51000 2007 1003 7938126.37292221 2389305.15847885 233990435.700669 7923302.86513206 2391107.38063589 233996896.287097
a position +50400 +51000 2008 9001 7910307.92736039 2386100.97602999 233992319.516675 -135989153.766107 3750.98291015625 -63495968.3965652
a position +50400 +51000 2009 1003 7852266.44459794 2394039.48652391 234000469.864716 7836932.78757356 2388607.36368475 234000404.605198
a position +49800 +51000 2010 1002 7762582.48522743 2380995.14177526 234005279.047148 7760123.25380304 2386107.0266751 234020527.532857
a position +50400 +51000 2011 1001 7190052.33411238 2373578.80531862 234087534.208437 7192807.75897959 2369012.85326875 234071931.583569
a position +50400 +51000 2012 1001 7594893.60981709 2376461.11465766 234025570.603696 7597753.96102735 2381105.39394421 234041228.663472
a position +51000 +51600 2001 9002 7292485.42446016 2365845.65056225 234069056.350202 -135660364.297881 4196.68310546875 -64226690.0348886
a position +51000 +51600 2002 9003 6455767.75816778 2343078.69581256 234169494.794362 -135215148.854473 -3748.65649414063 -65198444.2041454
a position +51000 +51600 2005 1001 6266879.23026747 2348916.89748717 234188822.243013 6273100.43395212 2341464.34189563 234198868.268371
a position +51000 +51600 2006 1003 7357261.40656314 2379259.10500975 234055132.541182 7359310.13020744 2374017.56427624 234070490.676787
a position +51000 +51600 2008 1002 7350161.97370564 2376491.07152776 234060744.306595 7364977.43142895 2374017.56427624 234054529.216332
a position +51000 +51600 2010 1001 6547095.96293322 2354705.02363973 234164197.788765 6546201.48720882 2349816.39958988 234148394.100799
a position +51000 +51600 2011 1002 6462726.00790936 2342659.77219066 234161817.990685 6466250.15204615 2347311.14845328 234177260.790995
a position +51000 +51600 2012 1003 6630440.61799187 2347202.78547119 234142373.150749 6628656.46092257 2352321.33633721 234157785.954439
a position +51600 +52200 2001 1003 6274797.36199516 2339505.22420611 234190914.953743 6271153.34133758 2341464.34189563 234182042.830685
a position +51600 +52200 2003 1001 6372932.70880469 2349541.50915531 234178161.442471 6388833.59731645 2344805.58329271 234176983.172774
a position +51600 +52200 2007 1001 6259678.36185123 2339768.76566514 234191106.488135 6273100.43395212 2341464.34189563 234198868.268371
a position +51600 +52200 2008 9001 6269595.0950494 2348877.50020657 234190629.119586 -135117043.787059 3750.98291015625 -65403216.9563235
a position +51600 +52200 2009 1003 6272535.94956748 2335746.75981513 234191317.27253 6271153.34133758 2341464.34189563 234182042.830685
a position +51600 +52200 2010 1002 6267187.88823854 2339901.3312399 234183397.710163 6257555.63117834 2341464.34189563 234192141.781196
a position +51600 +52200 2011 1002 6462726.00790936 2342659.77219066 234161817.990685 6466250.15204615 2347311.14845328 234177260.790995
a position +52200 +52800 2005 9002 7385512.09727455 2374421.65420823 234065234.359024 -135711006.922728 4196.68310546875 -64111837.5250267
a position +51600 +52800 2006 9003 7064051.37846759 2364625.68555995 234104186.728593 -135544471.337839 -3748.65649414063 -64477870.8806247
a position +52200 +52800 2007 1002 7267648.13146835 2366603.87958568 234071330.413932 7283433.78309984 2371515.36755163 234071702.435618
a position +52200 +52800 2008 1001 6720131.80638458 2360264.40930005 234137980.921828 6704804.21115517 2354825.95832954 234138611.844235
a position +52200 +52800 2011 1003 7413290.99248919 2372786.57224037 234046840.085781 7419713.07034845 2375685.51882409 234061561.408763
a position +52200 +52800 2012 1002 7119643.71256703 2361516.1620761 234084108.402996 7120844.50730539 2366927.18238416 234099425.805757
a position +52800 +53400 2002 1002 6957914.23637377 2356650.91371307 234109602.949202 6942494.72881672 2361920.67481569 234111087.346203
a position +52800 +53400 2003 9003 6448911.47962278 2354661.50561399 234170101.823701 -135215148.854473 -3748.65649414063 -65198444.2041454
a position +52800 +53400 2004 1002 6784713.19466312 2352207.41135404 234136132.525961 6782968.44717796 2356912.90262175 234120279.427235
a position +52800 +53400 2006 1001 6868074.20292707 2364358.06559903 234113924.131101 6867133.73859098 2359416.94661417 234129631.890075
a position +52200 +53400 2010 1003 7036335.58327128 2369615.39730137 234105587.168208 7032520.89831722 2364424.086861 234090685.438967
a position +52800 +53400 2012 1003 6630440.61799187 2347202.78547119 234142373.150749 6628656.46092257 2352321.33633721 234157785.954439
a position +53400 +54000 2001 1002 6526237.97161768 2353472.72942632 234160017.285674 6541005.2373214 2349398.87955648 234165217.492072
a position +53400 +54000 2007 1003 6778195.76028132 2352316.002313 234130183.901414 6793584.55106384 2356912.90262175 234133477.338482
a position +53400 +54000 2008 1003 7196025.74985683 2373687.79543011 234080995.743215 7180253.71293705 2369012.85326875 234083301.827672
a position +53400 +54000 2010 1002 6267187.88823854 2339901.3312399 234183397.710163 6257555.63117834 2341464.34189563 234192141.781196
a position +53400 +54000 2011 1001 7190052.33411238 2373578.80531862 234087534.208437 7192807.75897959 2369012.85326875 234071931.583569
a position +53400 +54000 2012 9003 6826445.29708968 2359029.52521735 234132669.447188 -135415639.941809 -3748.65649414063 -64755723.3072593
a position +54000 +54600 2003 9003 6448911.47962278 2354661.50561399 234170101.823701 -135215148.854473 -3748.65649414063 -65198444.2041454
a position +54000 +54600 2004 1001 6267365.58394018 2339636.71657955 234198578.278346 6273100.43395212 2341464.34189563 234198868.268371
a position +54000 +54600 2005 1003 6700365.23035 2358871.36003514 234133560.704886 6704680.7927191 2354408.54320433 234148814.355049
a position +54000 +54600 2006 1003 6267564.59226036 2335839.41162018 234185652.358892 6271153.34133758 2341464.34189563 234182042.830685
a position +54000 +54600 2007 1002 6259678.36185123 2339768.76566514 234191106.488135 6257555.63117834 2341464.34189563 234192141.781196
a position +54000 +54600 2008 9001 6269595.0950494 2348877.50020657 234190629.119586 -135117043.787059 3750.98291015625 -65403216.9563235
a position +52200 +54600 2009 1001 6791588.50113233 2353788.09724686 234130106.752187 6776846.77270408 2356912.90262175 234136072.198513
a position +54000 +54600 2012 1002 6840495.13062133 2360822.32915675 234130717.53972 6834324.86640139 2358582.3003531 234115588.360761
a position +54600 +55200 2003 1002 7337040.02869976 2377838.7367177 234062798.074099 7351751.85433359 2373600.55355694 234057236.352496
a position +54600 +55200 2004 9003 7217758.18701015 2370018.20072306 234085632.096798 -135628141.657561 -3748.65649414063 -64299347.0189424
a position +54600 +55200 2006 1003 7357261.40656314 2379259.10500975 234055132.541182 7359310.13020744 2374017.56427624 234070490.676787
a position +54600 +55200 2007 1003 6778195.76028132 2352316.002313 234130183.901414 6793584.55106384 2356912.90262175 234133477.338482
a position +54600 +55200 2008 1001 6720131.80638458 2360264.40930005 234137980.921828 6704804.21115517 2354825.95832954 234138611.844235
a position +54600 +55200 2010 9002 7287346.65100144 2366106.6091105 234064229.518763 -135660364.297881 4196.68310546875 -64226690.0348886
a position +55200 +55800 2002 1003 6468947.88801316 2342340.5186953 234167787.909694 6453351.43176727 2347311.14845328 234166283.107352
a position +55200 +55800 2007 1001 6259678.36185123 2339768.76566514 234191106.488135 6273100.43395212 2341464.34189563 234198868.268371
a position +55200 +55800 2008 1003 7196025.74985683 2373687.79543011 234080995.743215 7180253.71293705 2369012.85326875 234083301.827672
a position +54600 +55800 2009 1002 6624947.60649045 2347101.58036424 234148498.314805 6640015.31250528 2352321.33633721 234145221.599552
a position +55200 +55800 2011 9003 7147916.37515274 2368423.64973547 234094063.547701 -135590127.900841 -3748.65649414063 -64380355.3012558
a position +54600 +55800 2012 1001 6266965.39197594 2335655.84964081 234196183.049596 6273100.43395212 2341464.34189563 234198868.268371
a position +55800 +56400 2001 1003 6274797.36199516 2339505.22420611 234190914.953743 6271153.34133758 2341464.34189563 234182042.830685
a position +55800 +56400 2002 1001 6265204.99630957 2348954.02464715 234191410.144391 6273100.43395212 2341464.34189563 234198868.268371
a position +55800 +56400 2003 1002 6261807.04816339 2335933.77683364 234190727.782118 6257555.63117834 2341464.34189563 234192141.781196
a position +55800 +56400 2004 1003 6309492.34775002 2337251.62342573 234191637.790708 6309432.4901847 2342717.37271001 234176333.63427
a position +55800 +56400 2006 9002 6267564.59226036 2335839.41162018 234185652.358892 -135125392.026805 4196.68310546875 -65401677.5151614
a position +55800 +56400 2008 9001 6269595.0950494 2348877.50020657 234190629.119586 -135117043.787059 3750.98291015625 -65403216.9563235
a position +55200 +56400 2010 1002 6267187.88823854 2339901.3312399 234183397.710163 6257555.63117834 2341464.34189563 234192141.781196
a position +56400 +57000 2005 1002 7441682.28020602 2371059.99127587 234056177.535237 7442317.40204645 2376519.44307684 234040908.006286
a position +56400 +57000 2006 1003 7357261.40656314 2379259.10500975 234055132.541182 7359310.13020744 2374017.56427624 234070490.676787
a position +56400 +57000 2007 1002 7267648.13146835 2366603.87958568 234071330.413932 7283433.78309984 2371515.36755163 234071702.435618
a position +56400 +57000 2008 9002 7285044.35098336 2379251.3052684 234068991.777999 -135660364.297881 4196.68310546875 -64226690.0348886
a position +56400 +57000 2010 1003 7036335.58327128 2369615.39730137 234105587.168208 7032520.89831722 2364424.086861 234090685.438967
a position +55800 +57000 2012 1001 7594893.60981709 2376461.11465766 234025570.603696 7597753.96102735 2381105.39394421 234041228.663472
a position +57000 +57600 2002 1001 7433769.77185207 2371615.58313885 234052115.61489 7418079.77339872 2376102.48537025 234055248.576663
a position +57000 +57600 2003 1003 6862417.82958811 2364461.92917284 234120191.12083 6877337.78464256 2359416.94661417 234116112.867656
a position +56400 +57600 2004 1001 7497123.02190642 2381608.30267902 234036821.792648 7491557.48902676 2378187.18547195 234051719.468378
a position +57000 +57600 2006 1002 7525162.72847691 2380785.92726298 234047957.323228 7519136.08086182 2379021.0035873 234032753.844254
a position +57000 +57600 2008 9003 6442085.77181091 2343317.18847846 234169882.154295 -135215148.854473 -3748.65649414063 -65198444.2041454
a position +57000 +57600 2009 9002 7295302.8147996 2370528.14948933 234069448.939222 -135660364.297881 4196.68310546875 -64226690.0348886
a position +57000 +57600 2010 1002 7511509.37082176 2383003.96505386 234048505.214595 7506186.78826339 2378604.09895463 234033745.54222
a position +57000 +57600 2011 1003 7413290.99248919 2372786.57224037 234046840.085781 7419713.07034845 2375685.51882409 234061561.408763
a position +57600 +58200 2001 1001 7030556.535852 2369910.73476371 234100087.732969 7045728.43405905 2364424.086861 234101289.56659
a position +57600 +58200 2004 1003 6309492.34775002 2337251.62342573 234191637.790708 6309432.4901847 2342717.37271001 234176333.63427
a position +57600 +58200 2005 9002 7385512.09727455 2374421.65420823 234065234.359024 -135711006.922728 4196.68310546875 -64111837.5250267
a position +57600 +58200 2006 1001 6868074.20292707 2364358.06559903 234113924.131101 6867133.73859098 2359416.94661417 234129631.890075
a position +57600 +58200 2007 1002 7267648.13146835 2366603.87958568 234071330.413932 7283433.78309984 2371515.36755163 234071702.435618
a position +57600 +58200 2008 1003 7196025.74985683 2373687.79543011 234080995.743215 7180253.71293705 2369012.85326875 234083301.827672
a position +57600 +58200 2009 9003 6449342.66267797 2354653.98960034 234169288.017724 -135215148.854473 -3748.65649414063 -65198444.2041454
a position +57600 +58200 2012 1002 7119643.71256703 2361516.1620761 234084108.402996 7120844.50730539 2366927.18238416 234099425.805757
a position +58200 +58800 2001 1003 7253008.63912186 2367963.65226754 234074323.318244 7238407.93475495 2370681.23139023 234080957.70064
a position +58200 +58800 2002 9003 6455767.75816778 2343078.69581256 234169494.794362 -135215148.854473 -3748.65649414063 -65198444.2041454
a position +58200 +58800 2005 1003 6938433.04776073 2357462.23822337 234118199.464472 6943149.12236517 2361503.40872756 234103109.304454
a position +58200 +58800 2007 1002 7267648.13146835 2366603.87958568 234071330.413932 7283433.78309984 2371515.36755163 234071702.435618
a position +58200 +58800 2009 1002 6624947.60649045 2347101.58036424 234148498.314805 6640015.31250528 2352321.33633721 234145221.599552
a position +58200 +58800 2010 1001 6547095.96293322 2354705.02363973 234164197.788765 6546201.48720882 2349816.39958988 234148394.100799
a position +58200 +58800 2011 1001 7190052.33411238 2373578.80531862 234087534.208437 7192807.75897959 2369012.85326875 234071931.583569
a position +58200 +58800 2012 9002 7301621.42560993 2372207.79516179 234075454.510637 -135667581.068016 4196.68310546875 -64210301.4146146
a position +58800 +59400 2003 1001 6372932.70880469 2349541.50915531 234178161.442471 6388833.59731645 2344805.58329271 234176983.172774
a position +58800 +59400 2005 1003 6938433.04776073 2357462.23822337 234118199.464472 6943149.12236517 2361503.40872756 234103109.304454
a position +58800 +59400 2006 9003 7064051.37846759 2364625.68555995 234104186.728593 -135544471.337839 -3748.65649414063 -64477870.8806247
a position +58800 +59400 2009 1003 6272535.94956748 2335746.75981513 234191317.27253 6271153.34133758 2341464.34189563 234182042.830685
a position +58800 +59400 2010 1002 6267187.88823854 2339901.3312399 234183397.710163 6257555.63117834 2341464.34189563 234192141.781196
a position +58800 +59400 2012 1001 6266965.39197594 2335655.84964081 234196183.049596 6273100.43395212 2341464.34189563 234198868.268371
a position +59400 +60000 2002 1002 6665140.68393114 2355626.7654645 234143356.862688 6680139.07523828 2353573.68670055 234136969.21118
a position +59400 +60000 2003 9001 6261807.04816339 2335933.77683364 234190727.782118 -135117043.787059 3750.98291015625 -65403216.9563235
a position +59400 +60000 2006 1003 6267564.59226036 2335839.41162018 234185652.358892 6271153.34133758 2341464.34189563 234182042.830685
a position +59400 +60000 2007 9003 6455545.64864881 2342709.55009298 234169913.999273 -135215148.854473 -3748.65649414063 -65198444.2041454
a position +58800 +60000 2008 1002 6269595.0950494 2348877.50020657 234190629.119586 6257555.63117834 2341464.34189563 234192141.781196
a position +59400 +60000 2010 1001 6547095.96293322 2354705.02363973 234164197.788765 6546201.48720882 2349816.39958988 234148394.100799
a position +59400 +60000 2011 1003 6267656.12625352 2348835.8448062 234193472.120493 6271153.34133758 2341464.34189563 234182042.830685
a position +59400 +60000 2012 1001 6266965.39197594 2335655.84964081 234196183.049596 6273100.43395212 2341464.34189563 234198868.268371
a position +60000 +60600 2004 9001 6267365.58394018 2339636.71657955 234198578.278346 -135117043.787059 3750.98291015625 -65403216.9563235
a position +60000 +60600 2005 1003 6700365.23035 2358871.36003514 234133560.704886 6704680.7927191 2354408.54320433 234148814.355049
a position +60000 +60600 2006 9003 6574808.57405094 2350415.84649719 234162621.989032 -135281339.338111 -3748.65649414063 -65051072.3850237
a position +60000 +60600 2007 1001 6259678.36185123 2339768.76566514 234191106.488135 6273100.43395212 2341464.34189563 234198868.268371
a position +60000 +60600 2008 1001 6720131.80638458 2360264.40930005 234137980.921828 6704804.21115517 2354825.95832954 234138611.844235
a position +60000 +60600 2009 1002 6624947.60649045 2347101.58036424 234148498.314805 6640015.31250528 2352321.33633721 234145221.599552
a position +60000 +60600 2010 1002 6267187.88823854 2339901.3312399 234183397.710163 6257555.63117834 2341464.34189563 234192141.781196
a position +60000 +60600 2012 1003 6630440.61799187 2347202.78547119 234142373.150749 6628656.46092257 2352321.33633721 234157785.954439
a position +60600 +61200 2004 1002 6267365.58394018 2339636.71657955 234198578.278346 6257555.63117834 2341464.34189563 234192141.781196
a position +60600 +61200 2005 1002 6266879.23026747 2348916.89748717 234188822.243013 6257555.63117834 2341464.34189563 234192141.781196
a position +60600 +61200 2006 1003 6267564.59226036 2335839.41162018 234185652.358892 6271153.34133758 2341464.34189563 234182042.830685
a position +60600 +61200 2007 9002 6259678.36185123 2339768.76566514 234191106.488135 -135125392.026805 4196.68310546875 -65401677.5151614
a position +60600 +61200 2008 1003 6269595.0950494 2348877.50020657 234190629.119586 6271153.34133758 2341464.34189563 234182042.830685
a position +60600 +61200 2009 1001 6272535.94956748 2335746.75981513 234191317.27253 6273100.43395212 2341464.34189563 234198868.268371
a position +60600 +61200 2010 9001 6267187.88823854 2339901.3312399 234183397.710163 -135117043.787059 3750.98291015625 -65403216.9563235
a position +61200 +61800 2003 1002 6261807.04816339 2335933.77683364 234190727.782118 6257555.63117834 2341464.34189563 234192141.781196
a position +61200 +61800 2006 1001 6868074.20292707 2364358.06559903 234113924.131101 6867133.73859098 2359416.94661417 234129631.890075
a position +61200 +61800 2007 9003 6455545.64864881 2342709.55009298 234169913.999273 -135215148.854473 -3748.65649414063 -65198444.2041454
a position +61200 +61800 2009 1003 6272535.94956748 2335746.75981513 234191317.27253 6271153.34133758 2341464.34189563 234182042.830685
a position +61200 +61800 2010 1002 6267187.88823854 2339901.3312399 234183397.710163 6257555.63117834 2341464.34189563 234192141.781196
a position +61200 +61800 2011 1003 6267656.12625352 2348835.8448062 234193472.120493 6271153.34133758 2341464.34189563 234182042.830685
a position +60600 +61800 2012 1001 6266965.39197594 2335655.84964081 234196183.049596 6273100.43395212 2341464.34189563 234198868.268371
a position +61800 +62400 2004 1001 7497123.02190642 2381608.30267902 234036821.792648 7491557.48902676 2378187.18547195 234051719.468378
a position +61800 +62400 2005 1002 7441682.28020602 2371059.99127587 234056177.535237 7442317.40204645 2376519.44307684 234040908.006286
a position +61800 +62400 2006 1003 7357261.40656314 2379259.10500975 234055132.541182 7359310.13020744 2374017.56427624 234070490.676787
a position +61800 +62400 2007 1001 7477105.47392355 2377947.9311805 234047195.248625 7461782.83089743 2377353.33196396 234053421.365613
a position +61800 +62400 2009 9002 7295302.8147996 2370528.14948933 234069448.939222 -135660364.297881 4196.68310546875 -64226690.0348886
a position +61800 +62400 2010 1003 7036335.58327128 2369615.39730137 234105587.168208 7032520.89831722 2364424.086861 234090685.438967
a position +61800 +62400 2011 9003 7147916.37515274 2368423.64973547 234094063.547701 -135590127.900841 -3748.65649414063 -64380355.3012558
a position +61800 +62400 2012 1002 7119643.71256703 2361516.1620761 234084108.402996 7120844.50730539 2366927.18238416 234099425.805757
a position +62400 +63000 2005 9002 7385512.09727455 2374421.65420823 234065234.359024 -135711006.922728 4196.68310546875 -64111837.5250267
a position +62400 +63000 2007 1003 6778195.76028132 2352316.002313 234130183.901414 6793584.55106384 2356912.90262175 234133477.338482
a position +62400 +63000 2008 1002 7671784.31671571 2387022.38875913 234023008.26866 7655970.9346074 2383189.56280037 234026921.007634
a position +62400 +63000 2009 1003 7574251.03809271 2377120.0110334 234033710.172834 7588849.29191242 2380688.53358604 234027480.432493
a position +62400 +63000 2010 1001 6547095.96293322 2354705.02363973 234164197.788765 6546201.48720882 2349816.39958988 234148394.100799
a position +62400 +63000 2011 1002 6462726.00790936 2342659.77219066 234161817.990685 6466250.15204615 2347311.14845328 234177260.790995
a position +62400 +63000 2012 1001 7594893.60981709 2376461.11465766 234025570.603696 7597753.96102735 2381105.39394421 234041228.663472
a position +63000 +63600 2002 9003 6455767.75816778 2343078.69581256 234169494.794362 -135215148.854473 -3748.65649414063 -65198444.2041454
a position +63000 +63600 2005 1003 6700365.23035 2358871.36003514 234133560.704886 6704680.7927191 2354408.54320433 234148814.355049
a position +63000 +63600 2006 9001 6574808.57405094 2350415.84649719 234162621.989032 -135285250.499 3750.98291015625 -65044414.1040179
a position +63000 +63600 2007 1002 6259678.36185123 2339768.76566514 234191106.488135 6257555.63117834 2341464.34189563 234192141.781196
a position +63000 +63600 2009 1002 6624947.60649045 2347101.58036424 234148498.314805 6640015.31250528 2352321.33633721 234145221.599552
a position +63000 +63600 2010 1001 6547095.96293322 2354705.02363973 234164197.788765 6546201.48720882 2349816.39958988 234148394.100799
a position +63600 +64200 2001 1002 7994516.11926785 2398228.7274326 233981903.590741 8009690.24655298 2393190.48334178 233978475.688472
a position +63600 +64200 2002 9002 7290513.77426388 2379155.966967 234069753.914327 -135660364.297881 4196.68310546875 -64226690.0348886
a position +63600 +64200 2006 1001 6868074.20292707 2364358.06559903 234113924.131101 6867133.73859098 2359416.94661417 234129631.890075
a position +63000 +64200 2008 1001 8147396.13842798 2400282.28258545 233964017.453964 8131937.81447698 2397356.02035554 233969417.511615
a position +63600 +64200 2009 1003 7852266.44459794 2394039.48652391 234000469.864716 7836932.78757356 2388607.36368475 234000404.605198
a position +63600 +64200 2010 9001 7916413.33594355 2387434.23631319 233999141.480145 -135989153.766107 3750.98291015625 -63495968.3965652
a position +63000 +64200 2011 1003 7679250.05235673 2388488.10739522 234027538.205681 7679051.48034386 2383606.36997291 234011708.255618
a position +64200 +64800 2002 1003 7909486.58822651 2386645.47944907 233993625.667408 7893924.64889724 2390274.07723681 233998312.712727
a position +63600 +64800 2003 1002 7601120.78920034 2376141.57409328 234031546.186149 7585668.54767621 2381105.39394421 234029361.511028
a position +64200 +64800 2004 1002 6784713.19466312 2352207.41135404 234136132.525961 6782968.44717796 2356912.90262175 234120279.427235
a position +64200 +64800 2005 9002 7385512.09727455 2374421.65420823 234065234.359024 -135711006.922728 4196.68310546875 -64111837.5250267
a position +64200 +64800 2006 9001 7916180.10471031 2398397.54749959 233993056.077688 -135989153.766107 3750.98291015625 -63495968.3965652
a position +64200 +64800 2007 1001 7757083.16858637 2380893.83386747 234011409.707426 7772346.83160319 2386107.0266751 234008802.744213
a position +64200 +64800 2008 1003 7196025.74985683 2373687.79543011 234080995.743215 7180253.71293705 2369012.85326875 234083301.827672
a position +64200 +64800 2010 1001 7972603.20409408 2394588.81537308 233992573.973447 7966994.89561362 2392357.26897508 233977031.251788
a position +64800 +65400 2001 9003 6442294.8453471 2342940.52674502 234169487.553228 -135215148.854473 -3748.65649414063 -65198444.2041454
a position +64800 +65400 2007 1003 6778195.76028132 2352316.002313 234130183.901414 6793584.55106384 2356912.90262175 234133477.338482
a position +64800 +65400 2008 1002 6269595.0950494 2348877.50020657 234190629.119586 6257555.63117834 2341464.34189563 234192141.781196
a position +64800 +65400 2009 1001 7099560.88083172 2362078.62640764 234091609.37727 7114582.41332892 2366510.02179329 234086782.427906
a position +64800 +65400 2010 1002 6267187.88823854 2339901.3312399 234183397.710163 6257555.63117834 2341464.34189563 234192141.781196
a position +64800 +65400 2011 1003 6267656.12625352 2348835.8448062 234193472.120493 6271153.34133758 2341464.34189563 234182042.830685
a position +64800 +65400 2012 1001 6266965.39197594 2335655.84964081 234196183.049596 6273100.43395212 2341464.34189563 234198868.268371
a position +65400 +66000 2001 1002 7714716.92511995 2384077.76006031 234018021.392063 7699956.99946487 2384439.95770584 234024879.769526
a position +65400 +66000 2002 1001 7433769.77185207 2371615.58313885 234052115.61489 7418079.77339872 2376102.48537025 234055248.576663
a position +65400 +66000 2003 1003 6862417.82958811 2364461.92917284 234120191.12083 6877337.78464256 2359416.94661417 234116112.867656
a position +65400 +66000 2006 9002 7287718.56436084 2370661.70604602 234061701.122222 -135660364.297881 4196.68310546875 -64226690.0348886
a position +65400 +66000 2009 1002 6624947.60649045 2347101.58036424 234148498.314805 6640015.31250528 2352321.33633721 234145221.599552
a position +65400 +66000 2010 1003 7036335.58327128 2369615.39730137 234105587.168208 7032520.89831722 2364424.086861 234090685.438967
a position +65400 +66000 2011 1001 7190052.33411238 2373578.80531862 234087534.208437 7192807.75897959 2369012.85326875 234071931.583569
a position +66000 +66600 2003 9001 7917695.63994613 2398379.34433826 233992481.920711 -135989153.766107 3750.98291015625 -63495968.3965652
a position +66000 +66600 2005 9002 7385512.09727455 2374421.65420823 234065234.359024 -135711006.922728 4196.68310546875 -64111837.5250267
a position +66000 +66600 2007 1001 7757083.16858637 2380893.83386747 234011409.707426 7772346.83160319 2386107.0266751 234008802.744213
a position +66000 +66600 2008 1002 7910307.92736039 2386100.97602999 233992319.516675 7925427.5417945 2390690.73338572 233996252.781706
a position +66000 +66600 2009 1001 7363368.22910284 2379158.24283597 234060604.52607 7348320.75058251 2374017.56427624 234057601.919731
a position +66000 +66600 2010 1003 7036335.58327128 2369615.39730137 234105587.168208 7032520.89831722 2364424.086861 234090685.438967
a position +66000 +66600 2011 1003 7679250.05235673 2388488.10739522 234027538.205681 7679051.48034386 2383606.36997291 234011708.255618
a position +66000 +66600 2012 1002 7119643.71256703 2361516.1620761 234084108.402996 7120844.50730539 2366927.18238416 234099425.805757
a position +66600 +67200 2003 1002 6261807.04816339 2335933.77683364 234190727.782118 6257555.63117834 2341464.34189563 234192141.781196
a position +66600 +67200 2006 1002 6378856.39739143 2349433.31999134 234171665.197536 6375037.05607594 2344805.58329271 234186808.750253
a position +66600 +67200 2007 1001 6259678.36185123 2339768.76566514 234191106.488135 6273100.43395212 2341464.34189563 234198868.268371
a position +66600 +67200 2009 1003 6272535.94956748 2335746.75981513 234191317.27253 6271153.34133758 2341464.34189563 234182042.830685
a position +66600 +67200 2010 9003 6490908.92029039 2347810.16922185 234172524.88592 -135237149.373618 -3748.65649414063 -65149373.4755565
a position +66600 +67200 2011 1001 6267656.12625352 2348835.8448062 234193472.120493 6273100.43395212 2341464.34189563 234198868.268371
a position +66600 +67200 2012 9001 6337187.71721877 2344020.85460857 234190598.773106 -135155050.493498 3750.98291015625 -65321410.7868418
a position +67200 +67800 2001 9001 7909360.51239695 2387807.81549379 233991927.89036 -135989153.766107 3750.98291015625 -63495968.3965652
a position +67200 +67800 2004 1002 6784713.19466312 2352207.41135404 234136132.525961 6782968.44717796 2356912.90262175 234120279.427235
a position +67200 +67800 2005 9002 7385512.09727455 2374421.65420823 234065234.359024 -135711006.922728 4196.68310546875 -64111837.5250267
a position +66600 +67800 2008 1003 7196025.74985683 2373687.79543011 234080995.743215 7180253.71293705 2369012.85326875 234083301.827672
a position +67200 +67800 2009 1001 7363368.22910284 2379158.24283597 234060604.52607 7348320.75058251 2374017.56427624 234057601.919731
a position +67200 +67800 2010 1003 7036335.58327128 2369615.39730137 234105587.168208 7032520.89831722 2364424.086861 234090685.438967
a position +67200 +67800 2011 1002 7874627.84438242 2388884.35594806 233989527.911683 7881284.12664444 2389440.73824856 234004477.905918
a position +67200 +67800 2012 1001 7594893.60981709 2376461.11465766 234025570.603696 7597753.96102735 2381105.39394421 234041228.663472
a position +67800 +68400 2004 1003 6309492.34775002 2337251.62342573 234191637.790708 6309432.4901847 2342717.37271001 234176333.63427
a position +67800 +68400 2005 1003 6392985.41763557 2346979.49625952 234183848.864273 6386431.36994879 2345223.19927783 234169097.834704
a position +67800 +68400 2006 1002 6378856.39739143 2349433.31999134 234171665.197536 6375037.05607594 2344805.58329271 234186808.750253
a position +67800 +68400 2007 1002 6259678.36185123 2339768.76566514 234191106.488135 6257555.63117834 2341464.34189563 234192141.781196
a position +67800 +68400 2008 9001 6269595.0950494 2348877.50020657 234190629.119586 -135117043.787059 3750.98291015625 -65403216.9563235
a position +67800 +68400 2011 1001 6267656.12625352 2348835.8448062 234193472.120493 6273100.43395212 2341464.34189563 234198868.268371
a position +67800 +68400 2012 1001 6266965.39197594 2335655.84964081 234196183.049596 6273100.43395212 2341464.34189563 234198868.268371
a position +68400 +69000 2003 1001 6372932.70880469 2349541.50915531 234178161.442471 6388833.59731645 2344805.58329271 234176983.172774
a position +68400 +69000 2005 1003 6938433.04776073 2357462.23822337 234118199.464472 6943149.12236517 2361503.40872756 234103109.304454
a position +68400 +69000 2006 1002 6378856.39739143 2349433.31999134 234171665.197536 6375037.05607594 2344805.58329271 234186808.750253
a position +68400 +69000 2007 1003 6778195.76028132 2352316.002313 234130183.901414 6793584.55106384 2356912.90262175 234133477.338482
a position +68400 +69000 2008 1001 6720131.80638458 2360264.40930005 234137980.921828 6704804.21115517 2354825.95832954 234138611.844235
a position +67800 +69000 2009 9003 6449342.66267797 2354653.98960034 234169288.017724 -135215148.854473 -3748.65649414063 -65198444.2041454
a position +68400 +69000 2012 9001 6826445.29708968 2359029.52521735 234132669.447188 -135423128.841223 3750.98291015625 -64753840.1519858
a position +69000 +69600 2002 9001 6265204.99630957 2348954.02464715 234191410.144391 -135117043.787059 3750.98291015625 -65403216.9563235
a position +69000 +69600 2006 9003 6574808.57405094 2350415.84649719 234162621.989032 -135281339.338111 -3748.65649414063 -65051072.3850237
a position +69000 +69600 2007 1002 6259678.36185123 2339768.76566514 234191106.488135 6257555.63117834 2341464.34189563 234192141.781196
a position +69000 +69600 2008 1003 6269595.0950494 2348877.50020657 234190629.119586 6271153.34133758 2341464.34189563 234182042.830685
a position +69000 +69600 2010 1001 6547095.96293322 2354705.02363973 234164197.788765 6546201.48720882 2349816.39958988 234148394.100799
a position +68400 +69600 2011 1002 6462726.00790936 2342659.77219066 234161817.990685 6466250.15204615 2347311.14845328 234177260.790995
a position +69000 +69600 2012 1001 6266965.39197594 2335655.84964081 234196183.049596 6273100.43395212 2341464.34189563 234198868.268371
a position +69600 +70200 2002 1001 7433769.77185207 2371615.58313885 234052115.61489 7418079.77339872 2376102.48537025 234055248.576663
a position +69600 +70200 2005 9003 7385512.09727455 2374421.65420823 234065234.359024 -135718905.11096 -3748.65649414063 -64105829.7126488
a position +69600 +70200 2006 1002 6378856.39739143 2349433.31999134 234171665.197536 6375037.05607594 2344805.58329271 234186808.750253
a position +69600 +70200 2007 1003 6778195.76028132 2352316.002313 234130183.901414 6793584.55106384 2356912.90262175 234133477.338482
a position +69000 +70200 2009 1003 6272535.94956748 2335746.75981513 234191317.27253 6271153.34133758 2341464.34189563 234182042.830685
a position +69600 +70200 2010 9002 7287346.65100144 2366106.6091105 234064229.518763 -135660364.297881 4196.68310546875 -64226690.0348886
a position +69600 +70200 2011 1002 6462726.00790936 2342659.77219066 234161817.990685 6466250.15204615 2347311.14845328 234177260.790995
a position +69600 +70200 2012 1001 7301621.42560993 2372207.79516179 234075454.510637 7295210.19011818 2372349.46842884 234060299.159685
a position +70200 +70800 2003 1002 7601120.78920034 2376141.57409328 234031546.186149 7585668.54767621 2381105.39394421 234029361.511028
a position +70200 +70800 2004 1002 6784713.19466312 2352207.41135404 234136132.525961 6782968.44717796 2356912.90262175 234120279.427235
a position +70200 +70800 2007 9002 7282608.74103278 2366017.81244704 234069685.31597 -135660364.297881 4196.68310546875 -64226690.0348886
a position +70200 +70800 2008 1001 6720131.80638458 2360264.40930005 234137980.921828 6704804.21115517 2354825.95832954 234138611.844235
a position +70200 +70800 2010 1003 7036335.58327128 2369615.39730137 234105587.168208 7032520.89831722 2364424.086861 234090685.438967
a position +70200 +70800 2011 1001 7190052.33411238 2373578.80531862 234087534.208437 7192807.75897959 2369012.85326875 234071931.583569
a position +70200 +70800 2012 1003 6630440.61799187 2347202.78547119 234142373.150749 6628656.46092257 2352321.33633721 234157785.954439
a position +70800 +71400 2002 1001 6265204.99630957 2348954.02464715 234191410.144391 6273100.43395212 2341464.34189563 234198868.268371
a position +70800 +71400 2003 1003 6862417.82958811 2364461.92917284 234120191.12083 6877337.78464256 2359416.94661417 234116112.867656
a position +70800 +71400 2007 9001 6259678.36185123 2339768.76566514 234191106.488135 -135117043.787059 3750.98291015625 -65403216.9563235
a position +70800 +71400 2009 1002 6624947.60649045 2347101.58036424 234148498.314805 6640015.31250528 2352321.33633721 234145221.599552
a position +70800 +71400 2010 9003 6980157.04503937 2362816.87771766 234114301.717052 -135498860.726485 -3748.65649414063 -64575701.913876
a position +70800 +71400 2011 1003 6267656.12625352 2348835.8448062 234193472.120493 6271153.34133758 2341464.34189563 234182042.830685
a position +70800 +71400 2012 1002 6840495.13062133 2360822.32915675 234130717.53972 6834324.86640139 2358582.3003531 234115588.360761
a position +71400 +72000 2002 9003 6455767.75816778 2343078.69581256 234169494.794362 -135215148.854473 -3748.65649414063 -65198444.2041454
a position +71400 +72000 2005 1003 6938433.04776073 2357462.23822337 234118199.464472 6943149.12236517 2361503.40872756 234103109.304454
a position +71400 +72000 2006 1003 6267564.59226036 2335839.41162018 234185652.358892 6271153.34133758 2341464.34189563 234182042.830685
a position +70800 +72000 2008 1001 6720131.80638458 2360264.40930005 234137980.921828 6704804.21115517 2354825.95832954 234138611.844235
a position +71400 +72000 2009 1001 6791588.50113233 2353788.09724686 234130106.752187 6776846.77270408 2356912.90262175 234136072.198513
a position +71400 +72000 2010 1002 6267187.88823854 2339901.3312399 234183397.710163 6257555.63117834 2341464.34189563 234192141.781196
a position +71400 +72000 2011 1002 6462726.00790936 2342659.77219066 234161817.990685 6466250.15204615 2347311.14845328 234177260.790995
a position +71400 +72000 2012 9001 6826445.29708968 2359029.52521735 234132669.447188 -135423128.841223 3750.98291015625 -64753840.1519858
a position +72000 +72600 2004 1001 6267365.58394018 2339636.71657955 234198578.278346 6273100.43395212 2341464.34189563 234198868.268371
a position +72000 +72600 2005 1001 6266879.23026747 2348916.89748717 234188822.243013 6273100.43395212 2341464.34189563 234198868.268371
a position +72000 +72600 2006 9003 6574808.57405094 2350415.84649719 234162621.989032 -135281339.338111 -3748.65649414063 -65051072.3850237
a position +72000 +72600 2007 1003 6778195.76028132 2352316.002313 234130183.901414 6793584.55106384 2356912.90262175 234133477.338482
a position +72000 +72600 2009 1003 6272535.94956748 2335746.75981513 234191317.27253 6271153.34133758 2341464.34189563 234182042.830685
a position +72000 +72600 2010 9001 6490908.92029039 2347810.16922185 234172524.88592 -135239184.284019 3750.98291015625 -65141924.3800975
a position +72000 +72600 2011 1002 6462726.00790936 2342659.77219066 234161817.990685 6466250.15204615 2347311.14845328 234177260.790995
a position +72000 +72600 2012 1002 6840495.13062133 2360822.32915675 234130717.53972 6834324.86640139 2358582.3003531 234115588.360761
a position +72600 +73200 2003 1002 6261807.04816339 2335933.77683364 234190727.782118 6257555.63117834 2341464.34189563 234192141.781196
a position +72600 +73200 2004 1003 6309492.34775002 2337251.62342573 234191637.790708 6309432.4901847 2342717.37271001 234176333.63427
a position +72600 +73200 2005 1001 6266879.23026747 2348916.89748717 234188822.243013 6273100.43395212 2341464.34189563 234198868.268371
a position +72600 +73200 2008 1001 6720131.80638458 2360264.40930005 234137980.921828 6704804.21115517 2354825.95832954 234138611.844235
a position +72600 +73200 2009 1002 6624947.60649045 2347101.58036424 234148498.314805 6640015.31250528 2352321.33633721 234145221.599552
a position +72600 +73200 2011 9003 7147916.37515274 2368423.64973547 234094063.547701 -135590127.900841 -3748.65649414063 -64380355.3012558
a position +72600 +73200 2012 1003 6630440.61799187 2347202.78547119 234142373.150749 6628656.46092257 2352321.33633721 234157785.954439
a position +73200 +73800 2003 1001 7797273.33910133 2389401.77035398 234006056.591667 7812701.6827245 2387357.23516431 234000218.345686
a position +73200 +73800 2007 9002 7282608.74103278 2366017.81244704 234069685.31597 -135660364.297881 4196.68310546875 -64226690.0348886
a position +73200 +73800 2008 1003 7196025.74985683 2373687.79543011 234080995.743215 7180253.71293705 2369012.85326875 234083301.827672
a position +73200 +73800 2009 1002 6624947.60649045 2347101.58036424 234148498.314805 6640015.31250528 2352321.33633721 234145221.599552
a position +73200 +73800 2010 1002 7762582.48522743 2380995.14177526 234005279.047148 7760123.25380304 2386107.0266751 234020527.532857
a position +73200 +73800 2011 1003 7679250.05235673 2388488.10739522 234027538.205681 7679051.48034386 2383606.36997291 234011708.255618
a position +73800 +74400 2001 9002 7292485.42446016 2365845.65056225 234069056.350202 -135660364.297881 4196.68310546875 -64226690.0348886
a position +73800 +74400 2002 1003 6468947.88801316 2342340.5186953 234167787.909694 6453351.43176727 2347311.14845328 234166283.107352
a position +73800 +74400 2004 1001 7497123.02190642 2381608.30267902 234036821.792648 7491557.48902676 2378187.18547195 234051719.468378
a position +73800 +74400 2007 1002 7267648.13146835 2366603.87958568 234071330.413932 7283433.78309984 2371515.36755163 234071702.435618
a position +73800 +74400 2009 1002 6624947.60649045 2347101.58036424 234148498.314805 6640015.31250528 2352321.33633721 234145221.599552
a position +73800 +74400 2011 1003 7679250.05235673 2388488.10739522 234027538.205681 7679051.48034386 2383606.36997291 234011708.255618
a position +73200 +74400 2012 1001 7594893.60981709 2376461.11465766 234025570.603696 7597753.96102735 2381105.39394421 234041228.663472
a position +74400 +75000 2001 1002 6526237.97161768 2353472.72942632 234160017.285674 6541005.2373214 2349398.87955648 234165217.492072
a position +74400 +75000 2002 1002 6957914.23637377 2356650.91371307 234109602.949202 6942494.72881672 2361920.67481569 234111087.346203
a position +74400 +75000 2003 9003 6448911.47962278 2354661.50561399 234170101.823701 -135215148.854473 -3748.65649414063 -65198444.2041454
a position +74400 +75000 2004 1003 6309492.34775002 2337251.62342573 234191637.790708 6309432.4901847 2342717.37271001 234176333.63427
a position +74400 +75000 2007 1001 7477105.47392355 2377947.9311805 234047195.248625 7461782.83089743 2377353.33196396 234053421.365613
a position +74400 +75000 2008 9002 7285044.35098336 2379251.3052684 234068991.777999 -135660364.297881 4196.68310546875 -64226690.0348886
a position +74400 +75000 2010 1003 7036335.58327128 2369615.39730137 234105587.168208 7032520.89831722 2364424.086861 234090685.438967
a position +74400 +75000 2011 1001 7190052.33411238 2373578.80531862 234087534.208437 7192807.75897959 2369012.85326875 234071931.583569
a position +75000 +75600 2002 1002 6957914.23637377 2356650.91371307 234109602.949202 6942494.72881672 2361920.67481569 234111087.346203
a position +75000 +75600 2004 1003 8000178.60710627 2398124.76456414 233975631.316654 7998550.66180598 2393190.48334178 233991234.848894
a position +75000 +75600 2005 1001 7916830.23657197 2385992.29258221 233998273.883932 7915776.852001 2390690.73338572 233982333.345313
a position +75000 +75600 2008 9001 7910307.92736039 2386100.97602999 233992319.516675 -135989153.766107 3750.98291015625 -63495968.3965652
a position +75000 +75600 2009 1001 7363368.22910284 2379158.24283597 234060604.52607 7348320.75058251 2374017.56427624 234057601.919731
a position +75000 +75600 2010 9002 7469373.36681461 2377812.66213325 234054991.799957 -135754678.01039 4196.68310546875 -64013204.9828516
a position +75000 +75600 2011 1003 7679250.05235673 2388488.10739522 234027538.205681 7679051.48034386 2383606.36997291 234011708.255618
a position +75000 +75600 2012 1002 7119643.71256703 2361516.1620761 234084108.402996 7120844.50730539 2366927.18238416 234099425.805757
a position +75600 +76200 2005 1002 6266879.23026747 2348916.89748717 234188822.243013 6257555.63117834 2341464.34189563 234192141.781196
a position +75600 +76200 2007 1001 6259678.36185123 2339768.76566514 234191106.488135 6273100.43395212 2341464.34189563 234198868.268371
a position +75600 +76200 2008 1001 6720131.80638458 2360264.40930005 234137980.921828 6704804.21115517 2354825.95832954 234138611.844235
a position +75600 +76200 2009 1003 6272535.94956748 2335746.75981513 234191317.27253 6271153.34133758 2341464.34189563 234182042.830685
a position +75600 +76200 2010 9001 6490908.92029039 2347810.16922185 234172524.88592 -135239184.284019 3750.98291015625 -65141924.3800975
a position +75600 +76200 2011 1002 6462726.00790936 2342659.77219066 234161817.990685 6466250.15204615 2347311.14845328 234177260.790995
a position +76200 +76800 2002 1003 6468947.88801316 2342340.5186953 234167787.909694 6453351.43176727 2347311.14845328 234166283.107352
a position +76200 +76800 2003 1002 6261807.04816339 2335933.77683364 234190727.782118 6257555.63117834 2341464.34189563 234192141.781196
a position +76200 +76800 2005 1001 6266879.23026747 2348916.89748717 234188822.243013 6273100.43395212 2341464.34189563 234198868.268371
a position +75600 +76800 2006 1003 6267564.59226036 2335839.41162018 234185652.358892 6271153.34133758 2341464.34189563 234182042.830685
a position +76200 +76800 2008 9001 6269595.0950494 2348877.50020657 234190629.119586 -135117043.787059 3750.98291015625 -65403216.9563235
a position +76200 +76800 2010 1002 6267187.88823854 2339901.3312399 234183397.710163 6257555.63117834 2341464.34189563 234192141.781196
a position +75600 +76800 2012 9003 6826445.29708968 2359029.52521735 234132669.447188 -135415639.941809 -3748.65649414063 -64755723.3072593
a position +76800 +77400 2004 1003 8000178.60710627 2398124.76456414 233975631.316654 7998550.66180598 2393190.48334178 233991234.848894
a position +76800 +77400 2005 9001 7916830.23657197 2385992.29258221 233998273.883932 -135989153.766107 3750.98291015625 -63495968.3965652
a position +76800 +77400 2008 1001 8147396.13842798 2400282.28258545 233964017.453964 8131937.81447698 2397356.02035554 233969417.511615
a position +76200 +77400 2009 1001 7363368.22910284 2379158.24283597 234060604.52607 7348320.75058251 2374017.56427624 234057601.919731
a position +76800 +77400 2010 1003 7036335.58327128 2369615.39730137 234105587.168208 7032520.89831722 2364424.086861 234090685.438967
a position +76800 +77400 2011 1002 8168412.09365608 2403373.73871402 233966459.514286 8165254.89634334 2398189.02069922 233951323.012815
a position +77400 +78000 2003 1003 6862417.82958811 2364461.92917284 234120191.12083 6877337.78464256 2359416.94661417 234116112.867656
a position +76800 +78000 2006 9002 7287718.56436084 2370661.70604602 234061701.122222 -135660364.297881 4196.68310546875 -64226690.0348886
a position +77400 +78000 2007 1001 6259678.36185123 2339768.76566514 234191106.488135 6273100.43395212 2341464.34189563 234198868.268371
a position +77400 +78000 2008 9003 6442085.77181091 2343317.18847846 234169882.154295 -135215148.854473 -3748.65649414063 -65198444.2041454
a position +77400 +78000 2009 1001 7099560.88083172 2362078.62640764 234091609.37727 7114582.41332892 2366510.02179329 234086782.427906
a position +77400 +78000 2010 1002 6267187.88823854 2339901.3312399 234183397.710163 6257555.63117834 2341464.34189563 234192141.781196
a position +77400 +78000 2011 1003 6267656.12625352 2348835.8448062 234193472.120493 6271153.34133758 2341464.34189563 234182042.830685
a position +76800 +78000 2012 1002 7119643.71256703 2361516.1620761 234084108.402996 7120844.50730539 2366927.18238416 234099425.805757
a position +78000 +78600 2004 1002 6784713.19466312 2352207.41135404 234136132.525961 6782968.44717796 2356912.90262175 234120279.427235
a position +78000 +78600 2005 1002 7441682.28020602 2371059.99127587 234056177.535237 7442317.40204645 2376519.44307684 234040908.006286
a position +78000 +78600 2006 1001 6868074.20292707 2364358.06559903 234113924.131101 6867133.73859098 2359416.94661417 234129631.890075
a position +78000 +78600 2007 9002 7282608.74103278 2366017.81244704 234069685.31597 -135660364.297881 4196.68310546875 -64226690.0348886
a position +78000 +78600 2008 1003 7196025.74985683 2373687.79543011 234080995.743215 7180253.71293705 2369012.85326875 234083301.827672
a position +78000 +78600 2009 1003 7852266.44459794 2394039.48652391 234000469.864716 7836932.78757356 2388607.36368475 234000404.605198
a position +78000 +78600 2011 1001 7190052.33411238 2373578.80531862 234087534.208437 7192807.75897959 2369012.85326875 234071931.583569
a position +78000 +78600 2012 9001 7916989.43736499 2398426.90628174 233991371.805949 -135989153.766107 3750.98291015625 -63495968.3965652
a position +78600 +79200 2004 1001 7497123.02190642 2381608.30267902 234036821.792648 7491557.48902676 2378187.18547195 234051719.468378
a position +78600 +79200 2007 1003 6778195.76028132 2352316.002313 234130183.901414 6793584.55106384 2356912.90262175 234133477.338482
a position +78600 +79200 2008 1001 6720131.80638458 2360264.40930005 234137980.921828 6704804.21115517 2354825.95832954 234138611.844235
a position +78600 +79200 2009 1002 6624947.60649045 2347101.58036424 234148498.314805 6640015.31250528 2352321.33633721 234145221.599552
a position +78600 +79200 2010 1002 7762582.48522743 2380995.14177526 234005279.047148 7760123.25380304 2386107.0266751 234020527.532857
a position +78600 +79200 2011 1003 7679250.05235673 2388488.10739522 234027538.205681 7679051.48034386 2383606.36997291 234011708.255618
a position +79200 +79800 2004 9001 6267365.58394018 2339636.71657955 234198578.278346 -135117043.787059 3750.98291015625 -65403216.9563235
a position +78600 +79800 2006 9002 6267564.59226036 2335839.41162018 234185652.358892 -135125392.026805 4196.68310546875 -65401677.5151614
a position +79200 +79800 2007 1003 6259678.36185123 2339768.76566514 234191106.488135 6271153.34133758 2341464.34189563 234182042.830685
a position +79200 +79800 2008 1002 6269595.0950494 2348877.50020657 234190629.119586 6257555.63117834 2341464.34189563 234192141.781196
a position +79200 +79800 2009 1003 6272535.94956748 2335746.75981513 234191317.27253 6271153.34133758 2341464.34189563 234182042.830685
a position +79200 +79800 2010 1001 6267187.88823854 2339901.3312399 234183397.710163 6273100.43395212 2341464.34189563 234198868.268371
a position +79200 +79800 2011 1001 6267656.12625352 2348835.8448062 234193472.120493 6273100.43395212 2341464.34189563 234198868.268371
a position +79200 +79800 2012 1002 6266965.39197594 2335655.84964081 234196183.049596 6257555.63117834 2341464.34189563 234192141.781196
a position +79800 +80400 2002 1001 6265204.99630957 2348954.02464715 234191410.144391 6273100.43395212 2341464.34189563 234198868.268371
a position +79800 +80400 2004 1003 6309492.34775002 2337251.62342573 234191637.790708 6309432.4901847 2342717.37271001 234176333.63427
a position +79800 +80400 2005 9001 6407036.81476514 2346006.34780396 234182398.82898 -135193219.513736 3750.98291015625 -65239726.2164394
a position +79800 +80400 2006 9003 6574808.57405094 2350415.84649719 234162621.989032 -135281339.338111 -3748.65649414063 -65051072.3850237
a position +79800 +80400 2008 1002 6269595.0950494 2348877.50020657 234190629.119586 6257555.63117834 2341464.34189563 234192141.781196
a position +79800 +80400 2010 1001 6547095.96293322 2354705.02363973 234164197.788765 6546201.48720882 2349816.39958988 234148394.100799
a position +79800 +80400 2011 1002 6462726.00790936 2342659.77219066 234161817.990685 6466250.15204615 2347311.14845328 234177260.790995
a position +79800 +80400 2012 1003 6630440.61799187 2347202.78547119 234142373.150749 6628656.46092257 2352321.33633721 234157785.954439
a position +80400 +81000 2001 1002 6526237.97161768 2353472.72942632 234160017.285674 6541005.2373214 2349398.87955648 234165217.492072
a position +80400 +81000 2003 1001 6372932.70880469 2349541.50915531 234178161.442471 6388833.59731645 2344805.58329271 234176983.172774
a position +80400 +81000 2005 9003 6896290.16296458 2360219.33364748 234124359.939741 -135453383.122144 -3748.65649414063 -64673806.2169659
a position +80400 +81000 2007 1003 6778195.76028132 2352316.002313 234130183.901414 6793584.55106384 2356912.90262175 234133477.338482
a position +80400 +81000 2010 1003 7036335.58327128 2369615.39730137 234105587.168208 7032520.89831722 2364424.086861 234090685.438967
a position +80400 +81000 2011 1001 7190052.33411238 2373578.80531862 234087534.208437 7192807.75897959 2369012.85326875 234071931.583569
a position +81000 +81600 2002 1003 6468947.88801316 2342340.5186953 234167787.909694 6453351.43176727 2347311.14845328 234166283.107352
a position +81000 +81600 2004 1003 6309492.34775002 2337251.62342573 234191637.790708 6309432.4901847 2342717.37271001 234176333.63427
a position +81000 +81600 2006 9003 7064051.37846759 2364625.68555995 234104186.728593 -135544471.337839 -3748.65649414063 -64477870.8806247
a position +81000 +81600 2007 1001 6259678.36185123 2339768.76566514 234191106.488135 6273100.43395212 2341464.34189563 234198868.268371
a position +81000 +81600 2008 1002 6269595.0950494 2348877.50020657 234190629.119586 6257555.63117834 2341464.34189563 234192141.781196
a position +80400 +81600 2009 1002 6624947.60649045 2347101.58036424 234148498.314805 6640015.31250528 2352321.33633721 234145221.599552
a position +81000 +81600 2012 1001 6266965.39197594 2335655.84964081 234196183.049596 6273100.43395212 2341464.34189563 234198868.268371
a position +81600 +82200 2005 9001 7916830.23657197 2385992.29258221 233998273.883932 -135989153.766107 3750.98291015625 -63495968.3965652
a position +81600 +82200 2006 9002 7287718.56436084 2370661.70604602 234061701.122222 -135660364.297881 4196.68310546875 -64226690.0348886
a position +81600 +82200 2007 1003 7938126.37292221 2389305.15847885 233990435.700669 7923302.86513206 2391107.38063589 233996896.287097
a position +81600 +82200 2008 1001 6720131.80638458 2360264.40930005 234137980.921828 6704804.21115517 2354825.95832954 234138611.844235
a position +81600 +82200 2009 1003 7852266.44459794 2394039.48652391 234000469.864716 7836932.78757356 2388607.36368475 234000404.605198
a position +81600 +82200 2010 1001 7972603.20409408 2394588.81537308 233992573.973447 7966994.89561362 2392357.26897508 233977031.251788
a position +81600 +82200 2011 1002 7874627.84438242 2388884.35594806 233989527.911683 7881284.12664444 2389440.73824856 234004477.905918
a position +81600 +82200 2012 1002 7119643.71256703 2361516.1620761 234084108.402996 7120844.50730539 2366927.18238416 234099425.805757
a position +82200 +82800 2002 1001 6265204.99630957 2348954.02464715 234191410.144391 6273100.43395212 2341464.34189563 234198868.268371
a position +82200 +82800 2005 1002 6266879.23026747 2348916.89748717 234188822.243013 6257555.63117834 2341464.34189563 234192141.781196
a position +82200 +82800 2006 1002 6378856.39739143 2349433.31999134 234171665.197536 6375037.05607594 2344805.58329271 234186808.750253
a position +82200 +82800 2008 9001 6269595.0950494 2348877.50020657 234190629.119586 -135117043.787059 3750.98291015625 -65403216.9563235
a position +82200 +82800 2009 9003 6449342.66267797 2354653.98960034 234169288.017724 -135215148.854473 -3748.65649414063 -65198444.2041454
a position +82200 +82800 2010 1003 6267187.88823854 2339901.3312399 234183397.710163 6271153.34133758 2341464.34189563 234182042.830685
a position +82200 +82800 2011 1001 6267656.12625352 2348835.8448062 234193472.120493 6273100.43395212 2341464.34189563 234198868.268371
a position +82200 +82800 2012 1003 6365287.21976355 2347571.6679454 234186650.039182 6360514.26409192 2344387.95859487 234170928.060251
a position +82800 +83400 2003 1002 6261807.04816339 2335933.77683364 234190727.782118 6257555.63117834 2341464.34189563 234192141.781196
a position +82800 +83400 2004 1003 6309492.34775002 2337251.62342573 234191637.790708 6309432.4901847 2342717.37271001 234176333.63427
a position +82800 +83400 2005 1001 6266879.23026747 2348916.89748717 234188822.243013 6273100.43395212 2341464.34189563 234198868.268371
a position +82800 +83400 2006 9001 6267564.59226036 2335839.41162018 234185652.358892 -135117043.787059 3750.98291015625 -65403216.9563235
a position +82800 +83400 2007 1003 6259678.36185123 2339768.76566514 234191106.488135 6271153.34133758 2341464.34189563 234182042.830685
a position +82800 +83400 2009 9002 6272535.94956748 2335746.75981513 234191317.27253 -135125392.026805 4196.68310546875 -65401677.5151614
a position +82800 +83400 2012 1002 6266965.39197594 2335655.84964081 234196183.049596 6257555.63117834 2341464.34189563 234192141.781196
a position +83400 +84000 2001 1002 6526237.97161768 2353472.72942632 234160017.285674 6541005.2373214 2349398.87955648 234165217.492072
a position +83400 +84000 2006 1003 6267564.59226036 2335839.41162018 234185652.358892 6271153.34133758 2341464.34189563 234182042.830685
a position +83400 +84000 2007 1001 6259678.36185123 2339768.76566514 234191106.488135 6273100.43395212 2341464.34189563 234198868.268371
a position +83400 +84000 2008 9003 6442085.77181091 2343317.18847846 234169882.154295 -135215148.854473 -3748.65649414063 -65198444.2041454
a position +82800 +84000 2010 1001 6547095.96293322 2354705.02363973 234164197.788765 6546201.48720882 2349816.39958988 234148394.100799
a position +83400 +84000 2011 9001 6658678.93227245 2353421.27045405 234152683.105229 -135331327.353491 3750.98291015625 -64947228.6385295
a position +83400 +84000 2012 1002 6840495.13062133 2360822.32915675 234130717.53972 6834324.86640139 2358582.3003531 234115588.360761
a position +84000 +84600 2001 9003 6442294.8453471 2342940.52674502 234169487.553228 -135215148.854473 -3748.65649414063 -65198444.2041454
a position +84000 +84600 2004 1001 6267365.58394018 2339636.71657955 234198578.278346 6273100.43395212 2341464.34189563 234198868.268371
a position +84000 +84600 2005 1003 6700365.23035 2358871.36003514 234133560.704886 6704680.7927191 2354408.54320433 234148814.355049
a position +84000 +84600 2008 1002 6269595.0950494 2348877.50020657 234190629.119586 6257555.63117834 2341464.34189563 234192141.781196
a position +83400 +84600 2009 1003 6272535.94956748 2335746.75981513 234191317.27253 6271153.34133758 2341464.34189563 234182042.830685
a position +84000 +84600 2010 1002 6267187.88823854 2339901.3312399 234183397.710163 6257555.63117834 2341464.34189563 234192141.781196
a position +84000 +85200 2003 9001 7917695.63994613 2398379.34433826 233992481.920711 -135989153.766107 3750.98291015625 -63495968.3965652
a position +84600 +85200 2006 1002 7832496.23453723 2392646.22728929 233996114.747405 7836169.14593111 2388190.66306621 234011641.249366
a position +84600 +85200 2009 1001 7363368.22910284 2379158.24283597 234060604.52607 7348320.75058251 2374017.56427624 234057601.919731
a position +84600 +85200 2010 1002 7762582.48522743 2380995.14177526 234005279.047148 7760123.25380304 2386107.0266751 234020527.532857
a position +84600 +85200 2011 1003 7679250.05235673 2388488.10739522 234027538.205681 7679051.48034386 2383606.36997291 234011708.255618
a position +84000 +85200 2012 1001 7594893.60981709 2376461.11465766 234025570.603696 7597753.96102735 2381105.39394421 234041228.663472
a position +85200 +85800 2004 1001 7497123.02190642 2381608.30267902 234036821.792648 7491557.48902676 2378187.18547195 234051719.468378
a position +84600 +85800 2005 9002 7385512.09727455 2374421.65420823 234065234.359024 -135711006.922728 4196.68310546875 -64111837.5250267
a position +84600 +85800 2007 1003 6778195.76028132 2352316.002313 234130183.901414 6793584.55106384 2356912.90262175 234133477.338482
a position +85200 +85800 2008 1003 7196025.74985683 2373687.79543011 234080995.743215 7180253.71293705 2369012.85326875 234083301.827672
a position +85200 +85800 2009 1001 7363368.22910284 2379158.24283597 234060604.52607 7348320.75058251 2374017.56427624 234057601.919731
a position +85200 +85800 2010 1002 7511509.37082176 2383003.96505386 234048505.214595 7506186.78826339 2378604.09895463 234033745.54222
a position +85200 +85800 2012 1002 7119643.71256703 2361516.1620761 234084108.402996 7120844.50730539 2366927.18238416 234099425.805757
a position +85800 +86400 2002 9003 6455767.75816778 2343078.69581256 234169494.794362 -135215148.854473 -3748.65649414063 -65198444.2041454
a position +85800 +86400 2003 1003 6862417.82958811 2364461.92917284 234120191.12083 6877337.78464256 2359416.94661417 234116112.867656
a position +85800 +86400 2004 1002 6784713.19466312 2352207.41135404 234136132.525961 6782968.44717796 2356912.90262175 234120279.427235
a position +85800 +86400 2005 1002 7441682.28020602 2371059.99127587 234056177.535237 7442317.40204645 2376519.44307684 234040908.006286
a position +85800 +86400 2008 9002 7285044.35098336 2379251.3052684 234068991.777999 -135660364.297881 4196.68310546875 -64226690.0348886
a position +85800 +86400 2010 1001 6547095.96293322 2354705.02363973 234164197.788765 6546201.48720882 2349816.39958988 234148394.100799
a position +85800 +86400 2011 1001 7190052.33411238 2373578.80531862 234087534.208437 7192807.75897959 2369012.85326875 234071931.583569
a position +85800 +86400 2012 1003 6630440.61799187 2347202.78547119 234142373.150749 6628656.46092257 2352321.33633721 234157785.954439
