a contact +0 +200 1001 9003 100000
a contact +0 +200 2022 1002 10000
a contact +0 +200 2023 1002 10000
a contact +0 +200 2024 1002 10000
a contact +200 +400 1001 9003 100000
a contact +200 +400 1002 9001 100000
a contact +200 +400 2023 1002 10000
a contact +200 +400 2024 1002 10000
a contact +400 +500 2001 1002 10000
a contact +400 +500 2023 1002 10000
a contact +400 +500 2024 1002 10000
a contact +400 +600 1001 9003 100000
a contact +500 +600 2001 1002 10000
a contact +500 +600 2023 1002 10000
a contact +500 +600 2024 1002 10000
a contact +600 +800 1001 9003 100000
a contact +600 +800 2001 1002 10000
a contact +600 +800 2023 1002 10000
a contact +600 +800 2024 1002 10000
a contact +800 +1000 1001 9003 100000
a contact +800 +1000 1002 9001 100000
a contact +800 +1000 1002 9002 100000
a contact +800 +1000 2002 1002 10000
a contact +1000 +1500 1001 9003 100000
a contact +1000 +1500 2002 1002 10000
a contact +1000 +1500 2003 1002 10000
a contact +1000 +1500 2022 1002 10000
a contact +1500 +1600 1001 9003 100000
a contact +1600 +1900 1001 9003 100000
a contact +1500 +1900 2002 1002 10000
a contact +1500 +1900 2003 1002 10000
a contact +1500 +1900 2022 1002 10000
a contact +1900 +2100 2002 1002 10000
a contact +1900 +2100 2003 1002 10000
a contact +1900 +2100 2022 1002 10000
a contact +1900 +2400 1001 9003 100000
a contact +2100 +2400 1002 9001 100000
a contact +2100 +2400 1002 9002 100000
a contact +2100 +2400 2004 1002 10000
a contact +2400 +2500 2001 1001 10000
a contact +2400 +2500 2004 1002 10000
a contact +2400 +2500 2020 1002 10000
a contact +2400 +2500 2021 1002 10000
a contact +2400 +2500 2023 1001 10000
a contact +2400 +2500 2024 1001 10000
a contact +2500 +2700 2001 1001 10000
a contact +2500 +2700 2004 1002 10000
a contact +2500 +2700 2020 1002 10000
a contact +2500 +2700 2021 1002 10000
a contact +2500 +2700 2023 1001 10000
a contact +2500 +2700 2024 1001 10000
a contact +2700 +2800 2001 1001 10000
a contact +2700 +2800 2004 1002 10000
a contact +2700 +2800 2020 1002 10000
a contact +2700 +2800 2021 1002 10000
a contact +2700 +2800 2023 1001 10000
a contact +2700 +2800 2024 1001 10000
a contact +2800 +3100 2001 1001 10000
a contact +2800 +3100 2004 1002 10000
a contact +2800 +3100 2020 1002 10000
a contact +2800 +3100 2021 1002 10000
a contact +2800 +3100 2023 1001 10000
a contact +2800 +3100 2024 1001 10000
a contact +3100 +3300 2001 1001 10000
a contact +3100 +3300 2004 1002 10000
a contact +3100 +3300 2020 1002 10000
a contact +3100 +3300 2021 1002 10000
a contact +3100 +3300 2023 1001 10000
a contact +3100 +3300 2024 1001 10000
a contact +3300 +3600 2001 1001 10000
a contact +3300 +3600 2020 1002 10000
a contact +3300 +3600 2021 1002 10000
a contact +3300 +3600 2023 1001 10000
a contact +3300 +3600 2024 1001 10000
a contact +3600 +3700 2001 1001 10000
a contact +3300 +3700 2004 1002 10000
a contact +3600 +3700 2020 1002 10000
a contact +3600 +3700 2021 1002 10000
a contact +3600 +3700 2023 1001 10000
a contact +3600 +3700 2024 1001 10000
a contact +3700 +4200 2001 1001 10000
a contact +3700 +4200 2004 1002 10000
a contact +3700 +4200 2020 1002 10000
a contact +3700 +4200 2021 1002 10000
a contact +3700 +4200 2023 1001 10000
a contact +3700 +4200 2024 1001 10000
a contact +4200 +4600 1002 9002 100000
a contact +4200 +4600 2001 1001 10000
a contact +4200 +4600 2005 1002 10000
a contact +4200 +4600 2019 1002 10000
a contact +4200 +4600 2023 1001 10000
a contact +4200 +4600 2024 1001 10000
a contact +4600 +4700 2005 1002 10000
a contact +4600 +4700 2006 1002 10000
a contact +4600 +4700 2019 1002 10000
a contact +4700 +4800 2005 1002 10000
a contact +4700 +4800 2006 1002 10000
a contact +4600 +5100 2001 1001 10000
a contact +4800 +5100 2005 1002 10000
a contact +4800 +5100 2006 1002 10000
a contact +4700 +5100 2019 1002 10000
a contact +4600 +5100 2023 1001 10000
a contact +4600 +5100 2024 1001 10000
a contact +5100 +5300 2001 1001 10000
a contact +5100 +5300 2005 1002 10000
a contact +5100 +5300 2006 1002 10000
a contact +5100 +5300 2019 1002 10000
a contact +5100 +5300 2023 1001 10000
a contact +5100 +5300 2024 1001 10000
a contact +5300 +5500 2001 1001 10000
a contact +5300 +5500 2006 1002 10000
a contact +5300 +5500 2019 1002 10000
a contact +5300 +5500 2023 1001 10000
a contact +5300 +5500 2024 1001 10000
a contact +5500 +5600 2001 1001 10000
a contact +5300 +5600 2005 1002 10000
a contact +5500 +5600 2006 1002 10000
a contact +5500 +5600 2019 1002 10000
a contact +5500 +5600 2023 1001 10000
a contact +5500 +5600 2024 1001 10000
a contact +5600 +5900 1002 9002 100000
a contact +5600 +5900 2001 1001 10000
a contact +5600 +5900 2007 1002 10000
a contact +5600 +5900 2018 1002 10000
a contact +5600 +5900 2023 1001 10000
a contact +5600 +5900 2024 1001 10000
a contact +5900 +6000 2001 1001 10000
a contact +5900 +6000 2007 1002 10000
a contact +5900 +6000 2008 1002 10000
a contact +5900 +6000 2018 1002 10000
a contact +5900 +6000 2023 1001 10000
a contact +5900 +6000 2024 1001 10000
a contact +6000 +6300 2001 1001 10000
a contact +6000 +6300 2007 1002 10000
a contact +6000 +6300 2008 1002 10000
a contact +6000 +6300 2018 1002 10000
a contact +6000 +6300 2023 1001 10000
a contact +6000 +6300 2024 1001 10000
a contact +6300 +6400 2001 1001 10000
a contact +6300 +6400 2008 1002 10000
a contact +6300 +6400 2018 1002 10000
a contact +6300 +6400 2023 1001 10000
a contact +6300 +6400 2024 1001 10000
a contact +6400 +6700 2002 1001 10000
a contact +6300 +6700 2007 1002 10000
a contact +6400 +6700 2008 1002 10000
a contact +6400 +6700 2018 1002 10000
a contact +6400 +6700 2021 1001 10000
a contact +6400 +6700 2022 1001 10000
a contact +6700 +6800 1002 9002 100000
a contact +6700 +6800 2002 1001 10000
a contact +6700 +6800 2009 1002 10000
a contact +6700 +6800 2017 1002 10000
a contact +6700 +6800 2021 1001 10000
a contact +6700 +6800 2022 1001 10000
a contact +6800 +6900 2009 1002 10000
a contact +6800 +6900 2010 1002 10000
a contact +6800 +6900 2016 1002 10000
a contact +6800 +7200 2002 1001 10000
a contact +6900 +7200 2009 1002 10000
a contact +6900 +7200 2010 1002 10000
a contact +6900 +7200 2016 1002 10000
a contact +6800 +7200 2021 1001 10000
a contact +6800 +7200 2022 1001 10000
a contact +7200 +7300 1002 9002 100000
a contact +7200 +7300 2012 1002 10000
a contact +7200 +7300 2016 1002 10000
a contact +7300 +7800 1002 9002 100000
a contact +7200 +7800 2002 1001 10000
a contact +7300 +7800 2012 1002 10000
a contact +7300 +7800 2015 1002 10000
a contact +7200 +7800 2021 1001 10000
a contact +7200 +7800 2022 1001 10000
a contact +7800 +7900 2010 1002 10000
a contact +7800 +7900 2012 1002 10000
a contact +7800 +7900 2015 1002 10000
a contact +7800 +8200 2002 1001 10000
a contact +7900 +8200 2010 1002 10000
a contact +7900 +8200 2012 1002 10000
a contact +7900 +8200 2015 1002 10000
a contact +7800 +8200 2021 1001 10000
a contact +7800 +8200 2022 1001 10000
a contact +8200 +8500 2002 1001 10000
a contact +8200 +8500 2010 1002 10000
a contact +8200 +8500 2012 1002 10000
a contact +8200 +8500 2015 1002 10000
a contact +8200 +8500 2021 1001 10000
a contact +8200 +8500 2022 1001 10000
a contact +8500 +8600 2002 1001 10000
a contact +8500 +8600 2010 1002 10000
a contact +8500 +8600 2015 1002 10000
a contact +8500 +8600 2021 1001 10000
a contact +8500 +8600 2022 1001 10000
a contact +8600 +8800 2002 1001 10000
a contact +8600 +8800 2010 1002 10000
a contact +8500 +8800 2012 1002 10000
a contact +8600 +8800 2015 1002 10000
a contact +8600 +8800 2021 1001 10000
a contact +8600 +8800 2022 1001 10000
a contact +8800 +9000 2002 1001 10000
a contact +8800 +9000 2010 1002 10000
a contact +8800 +9000 2012 1002 10000
a contact +8800 +9000 2015 1002 10000
a contact +8800 +9000 2021 1001 10000
a contact +8800 +9000 2022 1001 10000
a contact +9000 +9100 2002 1001 10000
a contact +9000 +9100 2010 1002 10000
a contact +9000 +9100 2012 1002 10000
a contact +9000 +9100 2015 1002 10000
a contact +9000 +9100 2021 1001 10000
a contact +9000 +9100 2022 1001 10000
a contact +9100 +9400 1002 9003 100000
a contact +9100 +9400 2002 1001 10000
a contact +9100 +9400 2011 1002 10000
a contact +9100 +9400 2017 1002 10000
a contact +9100 +9400 2021 1001 10000
a contact +9100 +9400 2022 1001 10000
a contact +9400 +9600 2002 1001 10000
a contact +9400 +9600 2011 1002 10000
a contact +9400 +9600 2013 1002 10000
a contact +9400 +9600 2017 1002 10000
a contact +9400 +9600 2021 1001 10000
a contact +9400 +9600 2022 1001 10000
a contact +9600 +9900 2002 1001 10000
a contact +9600 +9900 2013 1002 10000
a contact +9600 +9900 2017 1002 10000
a contact +9600 +9900 2021 1001 10000
a contact +9600 +9900 2022 1001 10000
a contact +9900 +10000 1001 9001 100000
a contact +9900 +10000 2003 1001 10000
a contact +9600 +10000 2011 1002 10000
a contact +9900 +10000 2017 1002 10000
a contact +9900 +10000 2020 1001 10000
a contact +10000 +10400 2003 1001 10000
a contact +10000 +10400 2004 1001 10000
a contact +10000 +10400 2011 1002 10000
a contact +9900 +10400 2013 1002 10000
a contact +10000 +10400 2017 1002 10000
a contact +10000 +10400 2020 1001 10000
a contact +10400 +10500 1001 9001 100000
a contact +10400 +10500 1001 9002 100000
a contact +10400 +10500 1002 9003 100000
a contact +10400 +10500 2001 1002 10000
a contact +10400 +10500 2005 1001 10000
a contact +10400 +10500 2014 1002 10000
a contact +10500 +10900 1002 9003 100000
a contact +10500 +10900 2004 1001 10000
a contact +10500 +10900 2005 1001 10000
a contact +10500 +10900 2006 1001 10000
a contact +10500 +10900 2014 1002 10000
a contact +10500 +10900 2023 1002 10000
a contact +10900 +11000 1001 9001 100000
a contact +10900 +11000 1001 9002 100000
a contact +10900 +11000 2003 1001 10000
a contact +11000 +11300 2003 1001 10000
a contact +10900 +11300 2014 1002 10000
a contact +11000 +11300 2020 1001 10000
a contact +10900 +11300 2023 1002 10000
a contact +10900 +11300 2024 1002 10000
a contact +11300 +11500 2003 1001 10000
a contact +11000 +11500 2004 1001 10000
a contact +11300 +11500 2014 1002 10000
a contact +11300 +11500 2020 1001 10000
a contact +11300 +11500 2023 1002 10000
a contact +11300 +11500 2024 1002 10000
a contact +11500 +11600 1001 9002 100000
a contact +11500 +11600 1001 9001 100000
a contact +11500 +11600 2005 1001 10000
a contact +11500 +11800 1002 9003 100000
a contact +11600 +11800 2005 1001 10000
a contact +11600 +11800 2006 1001 10000
a contact +11600 +11800 2014 1001 10000
a contact +11800 +11900 1002 9003 100000
a contact +11800 +11900 2005 1001 10000
a contact +11800 +11900 2014 1001 10000
a contact +11900 +12000 1002 9003 100000
a contact +11900 +12000 2005 1001 10000
a contact +11800 +12000 2006 1001 10000
a contact +11900 +12000 2014 1001 10000
a contact +12000 +12200 1002 9003 100000
a contact +12000 +12200 2017 1001 10000
a contact +12000 +12200 2018 1001 10000
a contact +12000 +12200 2019 1001 10000
a contact +12200 +12300 1001 9002 100000
a contact +12200 +12300 1002 9003 100000
a contact +12200 +12300 2007 1001 10000
a contact +12200 +12300 2019 1001 10000
a contact +12300 +12600 1002 9003 100000
a contact +12300 +12600 2017 1001 10000
a contact +12300 +12600 2018 1001 10000
a contact +12300 +12600 2019 1001 10000
a contact +12600 +12700 1001 9002 100000
a contact +12600 +12700 1002 9003 100000
a contact +12600 +12700 2008 1001 10000
a contact +12600 +12700 2018 1001 10000
a contact +12700 +13000 1002 9003 100000
a contact +12700 +13000 2015 1001 10000
a contact +12700 +13000 2016 1001 10000
a contact +12700 +13000 2017 1001 10000
a contact +13000 +13100 1001 9002 100000
a contact +13000 +13100 2007 1001 10000
a contact +13000 +13100 2016 1001 10000
a contact +13100 +13400 1001 9002 100000
a contact +13000 +13400 1002 9003 100000
a contact +13100 +13400 2010 1001 10000
a contact +13100 +13400 2016 1001 10000
a contact +13400 +13600 1002 9003 100000
a contact +13400 +13600 1002 9001 100000
a contact +13400 +13600 2008 1001 10000
a contact +13400 +13600 2010 1001 10000
a contact +13400 +13600 2016 1001 10000
a contact +13600 +14100 1002 9003 100000
a contact +13600 +14100 1002 9001 100000
a contact +13600 +14100 2008 1001 10000
a contact +13600 +14100 2010 1001 10000
a contact +13600 +14100 2016 1001 10000
a contact +14100 +14200 1002 9001 100000
a contact +14100 +14200 1002 9003 100000
a contact +14100 +14200 2008 1001 10000
a contact +14100 +14200 2010 1001 10000
a contact +14100 +14200 2016 1001 10000
a contact +14200 +14500 1001 9002 100000
a contact +14200 +14500 2001 1002 10000
a contact +14200 +14500 2008 1002 10000
a contact +14200 +14500 2011 1001 10000
a contact +14200 +14500 2015 1001 10000
a contact +14200 +14500 2016 1002 10000
a contact +14500 +14700 2001 1002 10000
a contact +14500 +14700 2007 1001 10000
a contact +14500 +14700 2008 1002 10000
a contact +14500 +14700 2011 1001 10000
a contact +14500 +14700 2015 1001 10000
a contact +14500 +14700 2016 1002 10000
a contact +14700 +14900 2001 1002 10000
a contact +14700 +14900 2007 1001 10000
a contact +14700 +14900 2008 1002 10000
a contact +14700 +14900 2011 1001 10000
a contact +14700 +14900 2015 1001 10000
a contact +14700 +14900 2016 1002 10000
a contact +14900 +15000 2001 1002 10000
a contact +14900 +15000 2007 1001 10000
a contact +14900 +15000 2008 1002 10000
a contact +14900 +15000 2011 1001 10000
a contact +14900 +15000 2015 1001 10000
a contact +14900 +15000 2016 1002 10000
a contact +15000 +15300 2001 1002 10000
a contact +15000 +15300 2007 1001 10000
a contact +15000 +15300 2008 1002 10000
a contact +15000 +15300 2011 1001 10000
a contact +15000 +15300 2015 1001 10000
a contact +15000 +15300 2016 1002 10000
a contact +15300 +15400 1001 9002 100000
a contact +15300 +15400 2001 1002 10000
a contact +15300 +15400 2008 1002 10000
a contact +15300 +15400 2009 1001 10000
a contact +15300 +15400 2013 1001 10000
a contact +15300 +15400 2016 1002 10000
a contact +15400 +15700 2001 1002 10000
a contact +15400 +15700 2008 1002 10000
a contact +15400 +15700 2009 1001 10000
a contact +15400 +15700 2012 1001 10000
a contact +15400 +15700 2013 1001 10000
a contact +15400 +15700 2016 1002 10000
a contact +15700 +15900 1001 9002 100000
a contact +15700 +15900 2001 1002 10000
a contact +15700 +15900 2009 1002 10000
a contact +15700 +15900 2012 1001 10000
a contact +15700 +15900 2013 1001 10000
a contact +15700 +15900 2016 1002 10000
a contact +15900 +16200 2001 1002 10000
a contact +15900 +16200 2009 1002 10000
a contact +15900 +16200 2012 1001 10000
a contact +15900 +16200 2013 1001 10000
a contact +15900 +16200 2014 1001 10000
a contact +15900 +16200 2016 1002 10000
a contact +16200 +16300 2001 1002 10000
a contact +16200 +16300 2009 1002 10000
a contact +16200 +16300 2010 1001 10000
a contact +16200 +16300 2012 1001 10000
a contact +16200 +16300 2013 1001 10000
a contact +16200 +16300 2016 1002 10000
a contact +16300 +16400 1001 9002 100000
a contact +16300 +16400 2009 1002 10000
a contact +16300 +16400 2016 1002 10000
a contact +16300 +16400 2018 1001 10000
a contact +16300 +16400 2019 1001 10000
a contact +16300 +16700 2001 1002 10000
a contact +16400 +16700 2003 1001 10000
a contact +16400 +16700 2009 1002 10000
a contact +16400 +16700 2016 1002 10000
a contact +16400 +16700 2018 1001 10000
a contact +16400 +16700 2019 1001 10000
a contact +16700 +16800 1001 9002 100000
a contact +16700 +16800 2001 1002 10000
a contact +16700 +16800 2005 1001 10000
a contact +16700 +16800 2009 1002 10000
a contact +16700 +16800 2016 1002 10000
a contact +16700 +16800 2018 1001 10000
a contact +16800 +17200 2001 1002 10000
a contact +16800 +17200 2006 1001 10000
a contact +16800 +17200 2009 1002 10000
a contact +16800 +17200 2016 1002 10000
a contact +16800 +17200 2018 1001 10000
a contact +16800 +17200 2019 1001 10000
a contact +17200 +17300 1001 9002 100000
a contact +17200 +17300 2006 1001 10000
a contact +17300 +17600 1001 9002 100000
a contact +17200 +17600 2003 1002 10000
a contact +17200 +17600 2007 1002 10000
a contact +17200 +17600 2009 1001 10000
a contact +17200 +17600 2011 1002 10000
a contact +17300 +17600 2014 1001 10000
a contact +17600 +17800 2003 1002 10000
a contact +17600 +17800 2007 1002 10000
a contact +17600 +17800 2009 1001 10000
a contact +17600 +17800 2011 1002 10000
a contact +17600 +17800 2017 1001 10000
a contact +17800 +18100 2003 1002 10000
a contact +17800 +18100 2007 1002 10000
a contact +17800 +18100 2009 1001 10000
a contact +17800 +18100 2011 1002 10000
a contact +17600 +18100 2014 1001 10000
a contact +17800 +18100 2017 1001 10000
a contact +18100 +18200 2003 1002 10000
a contact +18100 +18200 2007 1002 10000
a contact +18100 +18200 2009 1001 10000
a contact +18100 +18200 2011 1002 10000
a contact +18100 +18200 2014 1001 10000
a contact +18100 +18200 2017 1001 10000
a contact +18200 +18500 2003 1002 10000
a contact +18200 +18500 2007 1002 10000
a contact +18200 +18500 2009 1001 10000
a contact +18200 +18500 2011 1002 10000
a contact +18200 +18500 2014 1001 10000
a contact +18200 +18500 2017 1001 10000
a contact +18500 +18600 1001 9003 100000
a contact +18500 +18600 2008 1001 10000
a contact +18500 +18600 2010 1001 10000
a contact +18500 +18800 2003 1002 10000
a contact +18500 +18800 2007 1002 10000
a contact +18600 +18800 2008 1001 10000
a contact +18500 +18800 2011 1002 10000
a contact +18600 +18800 2012 1001 10000
a contact +18600 +18800 2020 1001 10000
a contact +18800 +19000 1001 9003 100000
a contact +18800 +19000 2003 1002 10000
a contact +18800 +19000 2011 1002 10000
a contact +18800 +19000 2012 1001 10000
a contact +18800 +19000 2013 1002 10000
a contact +19000 +19200 2003 1002 10000
a contact +19000 +19200 2004 1001 10000
a contact +18800 +19200 2008 1001 10000
a contact +19000 +19200 2011 1002 10000
a contact +19000 +19200 2012 1001 10000
a contact +19200 +19300 2004 1001 10000
a contact +19200 +19300 2008 1001 10000
a contact +19200 +19300 2011 1002 10000
a contact +19200 +19300 2012 1001 10000
a contact +19000 +19300 2013 1002 10000
a contact +19200 +19400 2003 1002 10000
a contact +19300 +19400 2004 1001 10000
a contact +19300 +19400 2008 1001 10000
a contact +19300 +19400 2011 1002 10000
a contact +19300 +19400 2012 1001 10000
a contact +19300 +19400 2013 1002 10000
a contact +19400 +19900 1001 9003 100000
a contact +19400 +19900 2003 1001 10000
a contact +19400 +19900 2006 1002 10000
a contact +19400 +19900 2011 1001 10000
a contact +19400 +19900 2018 1002 10000
a contact +19400 +19900 2024 1002 10000
a contact +19900 +20400 2003 1001 10000
a contact +19900 +20400 2005 1001 10000
a contact +19900 +20400 2006 1002 10000
a contact +19900 +20400 2011 1001 10000
a contact +19900 +20400 2018 1002 10000
a contact +19900 +20400 2024 1002 10000
a contact +20400 +20500 2003 1001 10000
a contact +20400 +20500 2005 1001 10000
a contact +20400 +20500 2011 1001 10000
a contact +20500 +20800 2003 1001 10000
a contact +20500 +20800 2005 1001 10000
a contact +20400 +20800 2006 1002 10000
a contact +20500 +20800 2011 1001 10000
a contact +20400 +20800 2018 1002 10000
a contact +20400 +20800 2024 1002 10000
a contact +20800 +21000 2005 1001 10000
a contact +20800 +21000 2006 1002 10000
a contact +20800 +21000 2011 1001 10000
a contact +20800 +21000 2018 1002 10000
a contact +20800 +21000 2024 1002 10000
a contact +20800 +21200 2003 1001 10000
a contact +21000 +21200 2005 1001 10000
a contact +21000 +21200 2006 1002 10000
a contact +21000 +21200 2011 1001 10000
a contact +21000 +21200 2018 1002 10000
a contact +21000 +21200 2024 1002 10000
a contact +21200 +21300 1001 9003 100000
a contact +21200 +21300 2006 1002 10000
a contact +21200 +21300 2007 1001 10000
a contact +21200 +21300 2018 1002 10000
a contact +21200 +21300 2020 1001 10000
a contact +21200 +21300 2024 1002 10000
a contact +21300 +21600 2006 1002 10000
a contact +21300 +21600 2007 1001 10000
a contact +21300 +21600 2013 1001 10000
a contact +21300 +21600 2018 1002 10000
a contact +21300 +21600 2020 1001 10000
a contact +21300 +21600 2024 1002 10000
a contact +21600 +21700 1001 9003 100000
a contact +21600 +21700 2006 1002 10000
a contact +21600 +21700 2018 1002 10000
a contact +21600 +21700 2019 1001 10000
a contact +21600 +21700 2024 1002 10000
a contact +21700 +22000 2006 1002 10000
a contact +21600 +22000 2013 1001 10000
a contact +21700 +22000 2016 1001 10000
a contact +21700 +22000 2018 1002 10000
a contact +21700 +22000 2019 1001 10000
a contact +21700 +22000 2024 1002 10000
a contact +22000 +22200 1001 9003 100000
a contact +22000 +22200 2002 1002 10000
a contact +22000 +22200 2006 1001 10000
a contact +22000 +22200 2014 1002 10000
a contact +22000 +22200 2017 1002 10000
a contact +22200 +22400 2002 1002 10000
a contact +22200 +22400 2014 1002 10000
a contact +22200 +22400 2015 1001 10000
a contact +22200 +22400 2017 1002 10000
a contact +22000 +22400 2018 1001 10000
a contact +22400 +22500 2002 1002 10000
a contact +22200 +22500 2006 1001 10000
a contact +22400 +22500 2014 1002 10000
a contact +22400 +22500 2017 1002 10000
a contact +22400 +22500 2018 1001 10000
a contact +22500 +22600 2002 1002 10000
a contact +22500 +22600 2006 1001 10000
a contact +22500 +22600 2010 1001 10000
a contact +22500 +22600 2014 1002 10000
a contact +22400 +22600 2015 1001 10000
a contact +22600 +23000 1001 9001 100000
a contact +22600 +23000 1001 9003 100000
a contact +22600 +23000 2002 1002 10000
a contact +22600 +23000 2007 1001 10000
a contact +22600 +23000 2014 1002 10000
a contact +22500 +23000 2017 1002 10000
a contact +23000 +23200 2002 1002 10000
a contact +23000 +23200 2007 1001 10000
a contact +23000 +23200 2013 1001 10000
a contact +23000 +23200 2014 1002 10000
a contact +23000 +23200 2017 1002 10000
a contact +23000 +23200 2020 1001 10000
a contact +23200 +23500 1001 9001 100000
a contact +23200 +23500 1001 9003 100000
a contact +23200 +23500 2002 1002 10000
a contact +23200 +23500 2014 1002 10000
a contact +23200 +23500 2017 1002 10000
a contact +23500 +23900 1001 9003 100000
a contact +23500 +23900 1001 9001 100000
a contact +23500 +23900 2002 1002 10000
a contact +23500 +23900 2014 1002 10000
a contact +23500 +23900 2017 1002 10000
a contact +23900 +24100 1001 9001 100000
a contact +23900 +24100 1001 9003 100000
a contact +23900 +24100 2002 1002 10000
a contact +23900 +24100 2014 1002 10000
a contact +23900 +24100 2017 1002 10000
a contact +24100 +24400 1001 9001 100000
a contact +24100 +24400 1001 9003 100000
a contact +24100 +24400 2002 1002 10000
a contact +24100 +24400 2014 1002 10000
a contact +24100 +24400 2017 1002 10000
a contact +24400 +24500 1001 9001 100000
a contact +24400 +24500 2002 1002 10000
a contact +24400 +24500 2014 1002 10000
a contact +24400 +24500 2017 1002 10000
a contact +24400 +24700 1001 9003 100000
a contact +24500 +24700 1001 9001 100000
a contact +24500 +24700 2002 1002 10000
a contact +24500 +24700 2014 1002 10000
a contact +24500 +24700 2017 1002 10000
a contact +24700 +24800 1001 9001 100000
a contact +24700 +24800 1001 9003 100000
a contact +24700 +24800 2002 1002 10000
a contact +24700 +24800 2014 1002 10000
a contact +24700 +24800 2017 1002 10000
a contact +24800 +25100 1001 9001 100000
a contact +24800 +25100 1001 9003 100000
a contact +24800 +25100 2002 1002 10000
a contact +24800 +25100 2014 1002 10000
a contact +24800 +25100 2017 1002 10000
a contact +25100 +25300 1001 9001 100000
a contact +25100 +25300 1001 9003 100000
a contact +25100 +25300 1002 9002 100000
a contact +25100 +25300 2019 1002 10000
a contact +25100 +25300 2020 1002 10000
a contact +25300 +25600 1001 9003 100000
a contact +25300 +25600 1001 9001 100000
a contact +25300 +25600 2010 1002 10000
a contact +25300 +25600 2019 1002 10000
a contact +25300 +25600 2020 1002 10000
a contact +25600 +25700 1001 9001 100000
a contact +25600 +25700 2010 1002 10000
a contact +25600 +25700 2019 1002 10000
a contact +25600 +25700 2020 1002 10000
a contact +25700 +26000 1001 9001 100000
a contact +25700 +26000 1002 9002 100000
a contact +25700 +26000 2005 1002 10000
a contact +25700 +26000 2012 1002 10000
a contact +26000 +26200 2005 1002 10000
a contact +26000 +26200 2012 1002 10000
a contact +26000 +26200 2013 1002 10000
a contact +26000 +26200 2016 1001 10000
a contact +26000 +26200 2019 1001 10000
a contact +26200 +26600 2005 1002 10000
a contact +26200 +26600 2012 1002 10000
a contact +26200 +26600 2013 1002 10000
a contact +26200 +26600 2016 1001 10000
a contact +26200 +26600 2019 1001 10000
a contact +26600 +26700 2005 1002 10000
a contact +26000 +26700 2007 1001 10000
a contact +26600 +26700 2012 1002 10000
a contact +26600 +26700 2013 1002 10000
a contact +26600 +26700 2016 1001 10000
a contact +26700 +26800 1002 9002 100000
a contact +26700 +26800 2007 1001 10000
a contact +26700 +26800 2016 1001 10000
a contact +26600 +26800 2019 1001 10000
a contact +26700 +26800 2022 1002 10000
a contact +26700 +27000 2004 1002 10000
a contact +26800 +27000 2007 1001 10000
a contact +26800 +27000 2016 1001 10000
a contact +26800 +27000 2019 1001 10000
a contact +26800 +27000 2021 1002 10000
a contact +26800 +27000 2022 1002 10000
a contact +27000 +27300 2005 1002 10000
a contact +27000 +27300 2007 1001 10000
a contact +27000 +27300 2016 1001 10000
a contact +27000 +27300 2019 1001 10000
a contact +27000 +27300 2022 1002 10000
a contact +27000 +27300 2023 1002 10000
a contact +27300 +27500 1002 9003 100000
a contact +27300 +27500 2007 1001 10000
a contact +27300 +27500 2009 1002 10000
a contact +27300 +27500 2016 1001 10000
a contact +27300 +27500 2019 1001 10000
a contact +27300 +27600 2008 1002 10000
a contact +27500 +27600 2009 1002 10000
a contact +27500 +27900 2007 1001 10000
a contact +27600 +27900 2008 1002 10000
a contact +27600 +27900 2009 1002 10000
a contact +27500 +27900 2016 1001 10000
a contact +27500 +27900 2019 1001 10000
a contact +27500 +27900 2021 1002 10000
a contact +27900 +28000 1002 9003 100000
a contact +27900 +28000 2007 1001 10000
a contact +27900 +28000 2016 1001 10000
a contact +27900 +28000 2019 1001 10000
a contact +27900 +28000 2022 1002 10000
a contact +28000 +28300 2007 1001 10000
a contact +28000 +28300 2010 1002 10000
a contact +27900 +28300 2015 1002 10000
a contact +28000 +28300 2016 1001 10000
a contact +28000 +28300 2019 1001 10000
a contact +28000 +28300 2022 1002 10000
a contact +28300 +28400 1002 9003 100000
a contact +28300 +28400 2013 1002 10000
a contact +28300 +28400 2015 1002 10000
a contact +28300 +28700 2007 1001 10000
a contact +28400 +28700 2015 1002 10000
a contact +28300 +28700 2016 1001 10000
a contact +28300 +28700 2019 1001 10000
a contact +28400 +28700 2020 1002 10000
a contact +28400 +28700 2022 1002 10000
a contact +28700 +28800 1002 9003 100000
a contact +28700 +28800 2004 1002 10000
a contact +28700 +28800 2016 1001 10000
a contact +28800 +28900 1002 9003 100000
a contact +28700 +28900 2007 1001 10000
a contact +28700 +28900 2009 1001 10000
a contact +28700 +28900 2019 1002 10000
a contact +28800 +28900 2023 1002 10000
a contact +28900 +29300 2004 1002 10000
a contact +28900 +29300 2007 1001 10000
a contact +28900 +29300 2009 1001 10000
a contact +28800 +29300 2017 1001 10000
a contact +28900 +29300 2019 1002 10000
a contact +28900 +29300 2023 1002 10000
a contact +29300 +29800 1002 9003 100000
a contact +29300 +29800 2007 1001 10000
a contact +29300 +29800 2009 1001 10000
a contact +29300 +29800 2013 1002 10000
a contact +29300 +29800 2017 1001 10000
a contact +29300 +29800 2019 1002 10000
a contact +29800 +30200 2007 1001 10000
a contact +29800 +30200 2009 1001 10000
a contact +29800 +30200 2013 1002 10000
a contact +29800 +30200 2015 1002 10000
a contact +29800 +30200 2017 1001 10000
a contact +29800 +30200 2019 1002 10000
a contact +30200 +30400 2007 1001 10000
a contact +30200 +30400 2009 1001 10000
a contact +30200 +30400 2013 1002 10000
a contact +30200 +30400 2015 1002 10000
a contact +30200 +30400 2017 1001 10000
a contact +30200 +30400 2019 1002 10000
a contact +30400 +30500 2007 1001 10000
a contact +30400 +30500 2013 1002 10000
a contact +30400 +30500 2017 1001 10000
a contact +30400 +30500 2019 1002 10000
a contact +30500 +30600 2007 1001 10000
a contact +30400 +30600 2009 1001 10000
a contact +30500 +30600 2013 1002 10000
a contact +30400 +30600 2015 1002 10000
a contact +30500 +30600 2017 1001 10000
a contact +30500 +30600 2019 1002 10000
a contact +30600 +30700 2007 1001 10000
a contact +30600 +30700 2009 1001 10000
a contact +30600 +30700 2015 1002 10000
a contact +30600 +30700 2017 1001 10000
a contact +30600 +30700 2019 1002 10000
a contact +30700 +31000 2007 1001 10000
a contact +30700 +31000 2009 1001 10000
a contact +30600 +31000 2013 1002 10000
a contact +30700 +31000 2015 1002 10000
a contact +30700 +31000 2017 1001 10000
a contact +30700 +31000 2019 1002 10000
a contact +31000 +31100 1002 9003 100000
a contact +31000 +31100 2007 1001 10000
a contact +31000 +31100 2009 1001 10000
a contact +31000 +31100 2017 1001 10000
a contact +31000 +31100 2021 1002 10000
a contact +31100 +31400 2007 1001 10000
a contact +31100 +31400 2009 1001 10000
a contact +31000 +31400 2010 1002 10000
a contact +31100 +31400 2017 1001 10000
a contact +31100 +31400 2021 1002 10000
a contact +31100 +31400 2022 1002 10000
a contact +31400 +31600 1002 9003 100000
a contact +31400 +31600 2004 1001 10000
a contact +31400 +31600 2005 1002 10000
a contact +31400 +31600 2010 1001 10000
a contact +31400 +31600 2020 1002 10000
a contact +31600 +31800 2005 1002 10000
a contact +31600 +31800 2010 1001 10000
a contact +31400 +31800 2017 1001 10000
a contact +31600 +31800 2020 1002 10000
a contact +31600 +31800 2023 1002 10000
a contact +31600 +31900 2004 1001 10000
a contact +31800 +31900 2005 1002 10000
a contact +31800 +31900 2010 1001 10000
a contact +31800 +31900 2020 1002 10000
a contact +31900 +32000 2004 1001 10000
a contact +31900 +32000 2005 1002 10000
a contact +31900 +32000 2010 1001 10000
a contact +31800 +32000 2017 1001 10000
a contact +31900 +32000 2020 1002 10000
a contact +31800 +32000 2023 1002 10000
a contact +32000 +32400 1002 9003 100000
a contact +32000 +32400 1002 9001 100000
a contact +32000 +32400 2004 1001 10000
a contact +32000 +32400 2007 1002 10000
a contact +32000 +32400 2010 1001 10000
a contact +32000 +32400 2017 1001 10000
a contact +32400 +32500 1002 9001 100000
a contact +32400 +32500 2004 1001 10000
a contact +32400 +32500 2007 1002 10000
a contact +32400 +32500 2008 1002 10000
a contact +32400 +32500 2010 1001 10000
a contact +32400 +32500 2017 1001 10000
a contact +32500 +32900 2004 1001 10000
a contact +32500 +32900 2007 1002 10000
a contact +32500 +32900 2008 1002 10000
a contact +32500 +32900 2010 1001 10000
a contact +32500 +32900 2012 1002 10000
a contact +32500 +32900 2017 1001 10000
a contact +32900 +33100 2007 1002 10000
a contact +32900 +33100 2008 1002 10000
a contact +32900 +33100 2012 1002 10000
a contact +32900 +33300 2004 1001 10000
a contact +33100 +33300 2007 1002 10000
a contact +33100 +33300 2008 1002 10000
a contact +32900 +33300 2010 1001 10000
a contact +33100 +33300 2012 1002 10000
a contact +32900 +33300 2017 1001 10000
a contact +33300 +33500 2004 1001 10000
a contact +33300 +33500 2007 1002 10000
a contact +33300 +33500 2008 1002 10000
a contact +33300 +33500 2010 1001 10000
a contact +33300 +33500 2012 1002 10000
a contact +33300 +33500 2017 1001 10000
a contact +33500 +33800 2004 1001 10000
a contact +33500 +33800 2007 1002 10000
a contact +33500 +33800 2008 1002 10000
a contact +33500 +33800 2010 1001 10000
a contact +33500 +33800 2012 1002 10000
a contact +33500 +33800 2017 1001 10000
a contact +33800 +33900 2004 1001 10000
a contact +33800 +33900 2007 1002 10000
a contact +33800 +33900 2008 1002 10000
a contact +33800 +33900 2010 1001 10000
a contact +33800 +33900 2012 1002 10000
a contact +33800 +33900 2017 1001 10000
a contact +33900 +34200 2004 1001 10000
a contact +33900 +34200 2007 1002 10000
a contact +33900 +34200 2008 1002 10000
a contact +33900 +34200 2010 1001 10000
a contact +33900 +34200 2012 1002 10000
a contact +33900 +34200 2017 1001 10000
a contact +34200 +34300 2010 1001 10000
a contact +34200 +34300 2017 1001 10000
a contact +34200 +34600 2004 1001 10000
a contact +34200 +34600 2007 1002 10000
a contact +34200 +34600 2008 1002 10000
a contact +34300 +34600 2010 1001 10000
a contact +34200 +34600 2012 1002 10000
a contact +34300 +34600 2017 1001 10000
a contact +34600 +34700 2004 1001 10000
a contact +34600 +34700 2007 1002 10000
a contact +34600 +34700 2009 1002 10000
a contact +34600 +34700 2010 1001 10000
a contact +34600 +34700 2012 1002 10000
a contact +34600 +34700 2017 1001 10000
a contact +34700 +34900 2004 1001 10000
a contact +34700 +34900 2007 1002 10000
a contact +34700 +34900 2009 1002 10000
a contact +34700 +34900 2010 1001 10000
a contact +34700 +34900 2012 1002 10000
a contact +34700 +34900 2017 1001 10000
a contact +34900 +35000 2004 1001 10000
a contact +34900 +35000 2010 1001 10000
a contact +34900 +35000 2021 1002 10000
a contact +34900 +35000 2022 1002 10000
a contact +35000 +35100 2004 1001 10000
a contact +35000 +35100 2010 1001 10000
a contact +34900 +35100 2017 1001 10000
a contact +34900 +35600 1002 9001 100000
a contact +35100 +35600 2004 1001 10000
a contact +35100 +35600 2010 1001 10000
a contact +35100 +35600 2020 1001 10000
a contact +35600 +36100 1002 9001 100000
a contact +35600 +36100 2004 1001 10000
a contact +35600 +36100 2010 1001 10000
a contact +35600 +36100 2020 1001 10000
a contact +36100 +36500 1002 9001 100000
a contact +36500 +36700 1002 9001 100000
a contact +36100 +36700 2004 1001 10000
a contact +36100 +36700 2010 1001 10000
a contact +36100 +36700 2020 1001 10000
a contact +36700 +36900 1002 9001 100000
a contact +36700 +36900 2004 1001 10000
a contact +36700 +36900 2010 1001 10000
a contact +36700 +36900 2020 1001 10000
a contact +36900 +37000 2004 1001 10000
a contact +36900 +37000 2010 1001 10000
a contact +36900 +37300 1002 9001 100000
a contact +37000 +37300 2004 1001 10000
a contact +37000 +37300 2010 1001 10000
a contact +36900 +37300 2020 1001 10000
a contact +37300 +37400 1002 9001 100000
a contact +37300 +37400 2004 1001 10000
a contact +37300 +37400 2010 1001 10000
a contact +37300 +37400 2020 1001 10000
a contact +37400 +37700 1002 9001 100000
a contact +37400 +37700 2004 1001 10000
a contact +37400 +37700 2010 1001 10000
a contact +37400 +37700 2020 1001 10000
a contact +37700 +37900 2004 1001 10000
a contact +37700 +37900 2009 1002 10000
a contact +37700 +37900 2010 1001 10000
a contact +37700 +37900 2020 1001 10000
a contact +37700 +37900 2021 1002 10000
a contact +37700 +37900 2023 1002 10000
a contact +37900 +38200 2004 1001 10000
a contact +37900 +38200 2009 1002 10000
a contact +37900 +38200 2010 1001 10000
a contact +37900 +38200 2020 1001 10000
a contact +37900 +38200 2021 1002 10000
a contact +37900 +38200 2023 1002 10000
a contact +38200 +38300 2004 1001 10000
a contact +38200 +38300 2010 1001 10000
a contact +38200 +38300 2020 1001 10000
a contact +38200 +38700 2009 1002 10000
a contact +38300 +38700 2012 1001 10000
a contact +38300 +38700 2015 1001 10000
a contact +38300 +38700 2020 1001 10000
a contact +38200 +38700 2021 1002 10000
a contact +38200 +38700 2023 1002 10000
a contact +38700 +38800 2012 1001 10000
a contact +38700 +38800 2015 1001 10000
a contact +38700 +38800 2020 1001 10000
a contact +38700 +39200 2009 1002 10000
a contact +38800 +39200 2012 1001 10000
a contact +38800 +39200 2015 1001 10000
a contact +38800 +39200 2020 1001 10000
a contact +38700 +39200 2021 1002 10000
a contact +38700 +39200 2023 1002 10000
a contact +39200 +39600 2009 1002 10000
a contact +39200 +39600 2012 1001 10000
a contact +39200 +39600 2015 1001 10000
a contact +39200 +39600 2020 1001 10000
a contact +39200 +39600 2021 1002 10000
a contact +39200 +39600 2023 1002 10000
a contact +39600 +39700 2015 1001 10000
a contact +39600 +39700 2020 1001 10000
a contact +39600 +39800 2009 1002 10000
a contact +39600 +39800 2012 1001 10000
a contact +39700 +39800 2015 1001 10000
a contact +39700 +39800 2020 1001 10000
a contact +39600 +39800 2021 1002 10000
a contact +39600 +39800 2023 1002 10000
a contact +39800 +40100 2009 1002 10000
a contact +39800 +40100 2012 1001 10000
a contact +39800 +40100 2015 1001 10000
a contact +39800 +40100 2020 1001 10000
a contact +39800 +40100 2021 1002 10000
a contact +39800 +40100 2023 1002 10000
a contact +40100 +40200 2009 1002 10000
a contact +40100 +40200 2012 1001 10000
a contact +40100 +40200 2015 1001 10000
a contact +40100 +40200 2020 1001 10000
a contact +40100 +40200 2021 1002 10000
a contact +40100 +40200 2023 1002 10000
a contact +40200 +40500 2009 1002 10000
a contact +40200 +40500 2012 1001 10000
a contact +40200 +40500 2015 1001 10000
a contact +40200 +40500 2020 1001 10000
a contact +40200 +40500 2021 1002 10000
a contact +40200 +40500 2023 1002 10000
a contact +40500 +40800 2009 1002 10000
a contact +40500 +40800 2012 1001 10000
a contact +40500 +40800 2015 1001 10000
a contact +40500 +40800 2020 1001 10000
a contact +40500 +40800 2021 1002 10000
a contact +40500 +40800 2023 1002 10000
a contact +40800 +41000 2006 1001 10000
a contact +40800 +41000 2009 1002 10000
a contact +40800 +41000 2015 1001 10000
a contact +40800 +41000 2020 1001 10000
a contact +40800 +41000 2021 1002 10000
a contact +40800 +41000 2023 1002 10000
a contact +41000 +41100 2006 1001 10000
a contact +41000 +41100 2009 1002 10000
a contact +41000 +41100 2015 1001 10000
a contact +41000 +41100 2020 1001 10000
a contact +41000 +41100 2021 1002 10000
a contact +41000 +41100 2023 1002 10000
a contact +41100 +41300 2006 1001 10000
a contact +41100 +41300 2009 1002 10000
a contact +41100 +41300 2015 1001 10000
a contact +41100 +41300 2020 1001 10000
a contact +41100 +41300 2021 1002 10000
a contact +41100 +41300 2023 1002 10000
a contact +41300 +41400 2006 1001 10000
a contact +41300 +41400 2009 1002 10000
a contact +41300 +41400 2015 1001 10000
a contact +41300 +41400 2020 1001 10000
a contact +41300 +41400 2021 1002 10000
a contact +41300 +41400 2023 1002 10000
a contact +41400 +41900 2006 1001 10000
a contact +41400 +41900 2009 1002 10000
a contact +41400 +41900 2014 1001 10000
a contact +41400 +41900 2015 1001 10000
a contact +41400 +41900 2021 1002 10000
a contact +41400 +41900 2023 1002 10000
a contact +41900 +42200 2006 1001 10000
a contact +41900 +42200 2009 1002 10000
a contact +41900 +42200 2014 1001 10000
a contact +41900 +42200 2015 1001 10000
a contact +41900 +42200 2021 1002 10000
a contact +41900 +42200 2023 1002 10000
a contact +42200 +42500 2006 1001 10000
a contact +42200 +42500 2009 1002 10000
a contact +42200 +42500 2014 1001 10000
a contact +42200 +42500 2015 1001 10000
a contact +42200 +42500 2021 1002 10000
a contact +42200 +42500 2023 1002 10000
a contact +42500 +42800 2006 1001 10000
a contact +42500 +42800 2009 1002 10000
a contact +42500 +42800 2014 1001 10000
a contact +42500 +42800 2015 1001 10000
a contact +42500 +42800 2021 1002 10000
a contact +42500 +42800 2023 1002 10000
a contact +42800 +43000 2006 1001 10000
a contact +42800 +43000 2009 1002 10000
a contact +42800 +43000 2014 1001 10000
a contact +42800 +43000 2015 1001 10000
a contact +42800 +43000 2021 1002 10000
a contact +42800 +43000 2023 1002 10000
a contact +43000 +43200 2008 1001 10000
a contact +43000 +43200 2009 1002 10000
a contact +43000 +43200 2013 1001 10000
a contact +43000 +43200 2018 1001 10000
a contact +43000 +43200 2021 1002 10000
a contact +43000 +43200 2023 1002 10000
a contact +43200 +43300 1001 9001 100000
a contact +43200 +43300 1001 9003 100000
a contact +43200 +43300 2005 1001 10000
a contact +43200 +43300 2009 1002 10000
a contact +43200 +43300 2021 1002 10000
a contact +43200 +43300 2023 1002 10000
a contact +43300 +43600 2005 1001 10000
a contact +43300 +43600 2008 1001 10000
a contact +43300 +43600 2009 1002 10000
a contact +43300 +43600 2018 1001 10000
a contact +43300 +43600 2021 1002 10000
a contact +43300 +43600 2023 1002 10000
a contact +43600 +43700 2005 1001 10000
a contact +43600 +43700 2008 1001 10000
a contact +43600 +43700 2009 1002 10000
a contact +43600 +43700 2018 1001 10000
a contact +43600 +43700 2021 1002 10000
a contact +43600 +43700 2023 1002 10000
a contact +43700 +44000 2005 1001 10000
a contact +43700 +44000 2008 1001 10000
a contact +43700 +44000 2009 1002 10000
a contact +43700 +44000 2013 1001 10000
a contact +43700 +44000 2021 1002 10000
a contact +43700 +44000 2023 1002 10000
a contact +44000 +44100 1001 9003 100000
a contact +44000 +44100 1001 9001 100000
a contact +44000 +44100 2004 1002 10000
a contact +44000 +44100 2010 1002 10000
a contact +44000 +44100 2013 1001 10000
a contact +44100 +44200 2004 1002 10000
a contact +44100 +44200 2008 1001 10000
a contact +44100 +44200 2010 1002 10000
a contact +44100 +44200 2013 1001 10000
a contact +44200 +44400 2004 1002 10000
a contact +44100 +44400 2005 1001 10000
a contact +44000 +44400 2006 1002 10000
a contact +44200 +44400 2008 1001 10000
a contact +44200 +44400 2010 1002 10000
a contact +44200 +44400 2013 1001 10000
a contact +44400 +44500 1001 9001 100000
a contact +44400 +44500 2004 1002 10000
a contact +44400 +44500 2006 1002 10000
a contact +44400 +44500 2008 1001 10000
a contact +44400 +44500 2010 1002 10000
a contact +44400 +44500 2018 1001 10000
a contact +44500 +44600 2003 1001 10000
a contact +44500 +44600 2004 1002 10000
a contact +44500 +44600 2006 1002 10000
a contact +44500 +44600 2008 1001 10000
a contact +44500 +44600 2018 1001 10000
a contact +44600 +45000 2004 1002 10000
a contact +44600 +45000 2006 1002 10000
a contact +44600 +45000 2008 1001 10000
a contact +44500 +45000 2010 1002 10000
a contact +44600 +45000 2013 1001 10000
a contact +44600 +45000 2018 1001 10000
a contact +45000 +45400 1001 9001 100000
a contact +45000 +45400 2004 1002 10000
a contact +45000 +45400 2006 1002 10000
a contact +45000 +45400 2010 1002 10000
a contact +45000 +45400 2013 1001 10000
a contact +45000 +45400 2018 1001 10000
a contact +45400 +45900 2004 1002 10000
a contact +45400 +45900 2006 1002 10000
a contact +45400 +45900 2008 1001 10000
a contact +45400 +45900 2010 1002 10000
a contact +45400 +45900 2013 1001 10000
a contact +45400 +45900 2018 1001 10000
a contact +45900 +46100 2004 1002 10000
a contact +45900 +46100 2006 1002 10000
a contact +45900 +46100 2008 1001 10000
a contact +45900 +46100 2010 1002 10000
a contact +45900 +46100 2013 1001 10000
a contact +45900 +46100 2018 1001 10000
a contact +46100 +46400 1001 9001 100000
a contact +46100 +46400 2003 1001 10000
a contact +46100 +46400 2004 1002 10000
a contact +46100 +46400 2006 1002 10000
a contact +46100 +46400 2010 1002 10000
a contact +46100 +46400 2011 1001 10000
a contact +46400 +46500 1002 9003 100000
a contact +46400 +46500 2002 1001 10000
a contact +46400 +46500 2011 1001 10000
a contact +46400 +46500 2022 1002 10000
a contact +46500 +46700 2002 1001 10000
a contact +46400 +46700 2003 1001 10000
a contact +46400 +46700 2005 1002 10000
a contact +46500 +46700 2011 1001 10000
a contact +46500 +46700 2016 1002 10000
a contact +46500 +46700 2022 1002 10000
a contact +46700 +46800 1002 9003 100000
a contact +46700 +46800 2001 1001 10000
a contact +46700 +46800 2002 1001 10000
a contact +46700 +46800 2003 1002 10000
a contact +46700 +46800 2022 1001 10000
a contact +46800 +47100 1001 9001 100000
a contact +46900 +47100 1001 9002 100000
a contact +46800 +47100 2003 1002 10000
a contact +46700 +47100 2005 1002 10000
a contact +46800 +47100 2022 1002 10000
a contact +47100 +47300 1001 9002 100000
a contact +47100 +47300 1001 9001 100000
a contact +47100 +47300 1002 9003 100000
a contact +47100 +47300 2001 1002 10000
a contact +47100 +47300 2020 1002 10000
a contact +47300 +47600 1001 9002 100000
a contact +47300 +47600 1001 9001 100000
a contact +47300 +47600 2001 1002 10000
a contact +47300 +47600 2020 1002 10000
a contact +47300 +47600 2022 1002 10000
a contact +47600 +47700 1001 9001 100000
a contact +47600 +47700 1001 9002 100000
a contact +47600 +47700 2001 1002 10000
a contact +47600 +47700 2020 1002 10000
a contact +47600 +47700 2022 1002 10000
a contact +47700 +48200 1001 9002 100000
a contact +47700 +48200 1001 9001 100000
a contact +47700 +48200 2003 1002 10000
a contact +47700 +48200 2011 1002 10000
a contact +47700 +48200 2015 1002 10000
a contact +48200 +48600 1001 9001 100000
a contact +48200 +48600 1001 9002 100000
a contact +48200 +48600 1002 9003 100000
a contact +48200 +48600 2020 1002 10000
a contact +48200 +48700 2011 1002 10000
a contact +48600 +48700 2020 1002 10000
a contact +48700 +48800 2011 1002 10000
a contact +48700 +48800 2020 1002 10000
a contact +48600 +48900 1001 9002 100000
a contact +48600 +48900 1001 9001 100000
a contact +48800 +48900 2011 1002 10000
a contact +48800 +48900 2020 1002 10000
a contact +48600 +48900 2024 1002 10000
a contact +48900 +49000 1001 9002 100000
a contact +48900 +49000 2011 1002 10000
a contact +48900 +49000 2020 1002 10000
a contact +48900 +49000 2024 1002 10000
a contact +49000 +49300 1001 9002 100000
a contact +49000 +49300 2011 1002 10000
a contact +49000 +49300 2020 1002 10000
a contact +49000 +49300 2024 1002 10000
a contact +49300 +49500 1001 9002 100000
a contact +49300 +49500 1002 9003 100000
a contact +49300 +49500 2015 1002 10000
a contact +49500 +49600 2005 1001 10000
a contact +49500 +49600 2014 1001 10000
a contact +49500 +49600 2015 1002 10000
a contact +49300 +49600 2016 1002 10000
a contact +49500 +49600 2018 1002 10000
a contact +49500 +49600 2021 1001 10000
a contact +49600 +49900 2005 1001 10000
a contact +49600 +49900 2014 1001 10000
a contact +49600 +49900 2015 1002 10000
a contact +49600 +49900 2016 1002 10000
a contact +49600 +49900 2018 1002 10000
a contact +49600 +49900 2021 1001 10000
a contact +49900 +50000 2002 1002 10000
a contact +49900 +50000 2003 1002 10000
a contact +49900 +50000 2005 1001 10000
a contact +49900 +50000 2014 1001 10000
a contact +49900 +50000 2021 1001 10000
a contact +49900 +50000 2022 1002 10000
a contact +50000 +50300 1002 9003 100000
a contact +50000 +50300 2005 1001 10000
a contact +50000 +50300 2013 1002 10000
a contact +50000 +50300 2014 1001 10000
a contact +50000 +50300 2021 1001 10000
a contact +50300 +50400 2013 1002 10000
a contact +50000 +50400 2019 1002 10000
a contact +50300 +50700 2005 1001 10000
a contact +50400 +50700 2013 1002 10000
a contact +50300 +50700 2014 1001 10000
a contact +50300 +50700 2018 1002 10000
a contact +50400 +50700 2019 1002 10000
a contact +50300 +50700 2021 1001 10000
a contact +50700 +50800 2005 1001 10000
a contact +50700 +50800 2013 1002 10000
a contact +50700 +50800 2014 1001 10000
a contact +50700 +50800 2018 1002 10000
a contact +50700 +50800 2019 1002 10000
a contact +50700 +50800 2021 1001 10000
a contact +50800 +50900 2005 1001 10000
a contact +50800 +50900 2013 1002 10000
a contact +50800 +50900 2014 1001 10000
a contact +50800 +50900 2018 1002 10000
a contact +50800 +50900 2019 1002 10000
a contact +50800 +50900 2021 1001 10000
a contact +50900 +51300 2005 1001 10000
a contact +50900 +51300 2013 1002 10000
a contact +50900 +51300 2014 1001 10000
a contact +50900 +51300 2018 1002 10000
a contact +50900 +51300 2019 1002 10000
a contact +50900 +51300 2021 1001 10000
a contact +51300 +51800 1002 9001 100000
a contact +51300 +51800 1002 9003 100000
a contact +51300 +51800 2001 1002 10000
a contact +51300 +51800 2005 1001 10000
a contact +51300 +51800 2014 1001 10000
a contact +51300 +51800 2021 1001 10000
a contact +51800 +51900 2001 1002 10000
a contact +51800 +51900 2003 1002 10000
a contact +51800 +51900 2022 1002 10000
a contact +51900 +52200 2001 1002 10000
a contact +51900 +52200 2003 1002 10000
a contact +51800 +52200 2005 1001 10000
a contact +51800 +52200 2014 1001 10000
a contact +51800 +52200 2021 1001 10000
a contact +51900 +52200 2022 1002 10000
a contact +52200 +52400 2001 1002 10000
a contact +52200 +52400 2005 1001 10000
a contact +52200 +52400 2014 1001 10000
a contact +52200 +52400 2021 1001 10000
a contact +52200 +52400 2022 1002 10000
a contact +52400 +52600 2001 1002 10000
a contact +52200 +52600 2003 1002 10000
a contact +52400 +52600 2005 1001 10000
a contact +52400 +52600 2014 1001 10000
a contact +52400 +52600 2021 1001 10000
a contact +52400 +52600 2022 1002 10000
a contact +52600 +52700 2001 1002 10000
a contact +52600 +52700 2003 1002 10000
a contact +52600 +52700 2005 1001 10000
a contact +52600 +52700 2014 1001 10000
a contact +52600 +52700 2021 1001 10000
a contact +52600 +52700 2022 1002 10000
a contact +52700 +53000 2001 1002 10000
a contact +52700 +53000 2003 1002 10000
a contact +52700 +53000 2005 1001 10000
a contact +52700 +53000 2014 1001 10000
a contact +52700 +53000 2021 1001 10000
a contact +52700 +53000 2022 1002 10000
a contact +53000 +53100 2001 1002 10000
a contact +53000 +53100 2003 1002 10000
a contact +53000 +53100 2005 1001 10000
a contact +53000 +53100 2014 1001 10000
a contact +53000 +53100 2021 1001 10000
a contact +53000 +53100 2022 1002 10000
a contact +53100 +53300 2001 1002 10000
a contact +53100 +53300 2003 1002 10000
a contact +53100 +53300 2005 1001 10000
a contact +53100 +53300 2014 1001 10000
a contact +53100 +53300 2021 1001 10000
a contact +53100 +53300 2022 1002 10000
a contact +53300 +53600 2001 1002 10000
a contact +53300 +53600 2003 1002 10000
a contact +53300 +53600 2005 1001 10000
a contact +53300 +53600 2014 1001 10000
a contact +53300 +53600 2021 1001 10000
a contact +53300 +53600 2022 1002 10000
a contact +53600 +53900 2001 1002 10000
a contact +53600 +53900 2003 1002 10000
a contact +53600 +53900 2005 1001 10000
a contact +53600 +53900 2014 1001 10000
a contact +53600 +53900 2021 1001 10000
a contact +53600 +53900 2022 1002 10000
a contact +53900 +54000 2002 1001 10000
a contact +53900 +54000 2021 1001 10000
a contact +53900 +54400 2001 1002 10000
a contact +54000 +54400 2002 1001 10000
a contact +53900 +54400 2003 1002 10000
a contact +53900 +54400 2005 1001 10000
a contact +54000 +54400 2021 1001 10000
a contact +53900 +54400 2022 1002 10000
a contact +54400 +54500 2002 1001 10000
a contact +54400 +54500 2005 1001 10000
a contact +54400 +54500 2021 1001 10000
a contact +54400 +54600 2001 1002 10000
a contact +54500 +54600 2002 1001 10000
a contact +54400 +54600 2003 1002 10000
a contact +54500 +54600 2005 1001 10000
a contact +54500 +54600 2021 1001 10000
a contact +54400 +54600 2022 1002 10000
a contact +54600 +54700 2002 1001 10000
a contact +54600 +54700 2005 1001 10000
a contact +54600 +54700 2015 1002 10000
a contact +54600 +54700 2017 1002 10000
a contact +54600 +54700 2018 1002 10000
a contact +54600 +54700 2021 1001 10000
a contact +54700 +54900 1002 9001 100000
a contact +54700 +54900 2002 1001 10000
a contact +54700 +54900 2005 1001 10000
a contact +54700 +54900 2016 1002 10000
a contact +54700 +54900 2021 1001 10000
a contact +54900 +55000 2005 1001 10000
a contact +54900 +55000 2021 1001 10000
a contact +54900 +55100 2002 1001 10000
a contact +55000 +55100 2005 1001 10000
a contact +54900 +55100 2016 1002 10000
a contact +54700 +55100 2020 1002 10000
a contact +55000 +55100 2021 1001 10000
a contact +55100 +55300 2002 1001 10000
a contact +55100 +55300 2005 1001 10000
a contact +54900 +55300 2012 1002 10000
a contact +55100 +55300 2016 1002 10000
a contact +55100 +55300 2020 1002 10000
a contact +55100 +55300 2021 1001 10000
a contact +55300 +55500 2002 1001 10000
a contact +55300 +55500 2005 1001 10000
a contact +55300 +55500 2012 1002 10000
a contact +55300 +55500 2016 1002 10000
a contact +55300 +55500 2020 1002 10000
a contact +55300 +55500 2021 1001 10000
a contact +55500 +55800 1002 9001 100000
a contact +55500 +55800 2002 1001 10000
a contact +55500 +55800 2005 1001 10000
a contact +55500 +55800 2014 1002 10000
a contact +55500 +55800 2021 1001 10000
a contact +55500 +55800 2024 1002 10000
a contact +55800 +55900 2002 1001 10000
a contact +55800 +55900 2005 1001 10000
a contact +55800 +55900 2021 1001 10000
a contact +55900 +56100 2002 1001 10000
a contact +55900 +56100 2005 1001 10000
a contact +55800 +56100 2014 1002 10000
a contact +55800 +56100 2017 1002 10000
a contact +55900 +56100 2021 1001 10000
a contact +55800 +56100 2024 1002 10000
a contact +56100 +56200 2002 1001 10000
a contact +56100 +56200 2005 1001 10000
a contact +56100 +56200 2014 1002 10000
a contact +56100 +56200 2017 1002 10000
a contact +56100 +56200 2021 1001 10000
a contact +56100 +56200 2024 1002 10000
a contact +56200 +56300 2002 1001 10000
a contact +56200 +56300 2005 1001 10000
a contact +56200 +56300 2014 1002 10000
a contact +56200 +56300 2017 1002 10000
a contact +56200 +56300 2021 1001 10000
a contact +56300 +56600 2002 1001 10000
a contact +56300 +56600 2005 1001 10000
a contact +56300 +56600 2014 1002 10000
a contact +56300 +56600 2017 1002 10000
a contact +56300 +56600 2021 1001 10000
a contact +56200 +56600 2024 1002 10000
a contact +56600 +56700 1002 9002 100000
a contact +56600 +56700 1002 9001 100000
a contact +56600 +56700 2002 1001 10000
a contact +56600 +56700 2005 1002 10000
a contact +56600 +56700 2011 1001 10000
a contact +56600 +56700 2021 1001 10000
a contact +56700 +57000 2002 1001 10000
a contact +56700 +57000 2005 1002 10000
a contact +56700 +57000 2011 1001 10000
a contact +56700 +57000 2015 1002 10000
a contact +56700 +57000 2018 1002 10000
a contact +56700 +57000 2021 1001 10000
a contact +57000 +57100 2005 1002 10000
a contact +57000 +57100 2011 1001 10000
a contact +57000 +57100 2015 1002 10000
a contact +57000 +57100 2018 1002 10000
a contact +57000 +57100 2021 1001 10000
a contact +57100 +57600 1002 9001 100000
a contact +57100 +57600 1002 9002 100000
a contact +57000 +57600 2002 1001 10000
a contact +57100 +57600 2003 1001 10000
a contact +57100 +57600 2005 1002 10000
a contact +57100 +57600 2011 1001 10000
a contact +57600 +58100 2002 1001 10000
a contact +57600 +58100 2003 1001 10000
a contact +57600 +58100 2005 1002 10000
a contact +57600 +58100 2008 1002 10000
a contact +57600 +58100 2011 1001 10000
a contact +57600 +58100 2016 1002 10000
a contact +58100 +58200 2005 1002 10000
a contact +58100 +58200 2008 1002 10000
a contact +58100 +58200 2016 1002 10000
a contact +58100 +58500 2002 1001 10000
a contact +58100 +58500 2003 1001 10000
a contact +58200 +58500 2005 1002 10000
a contact +58200 +58500 2008 1002 10000
a contact +58100 +58500 2011 1001 10000
a contact +58200 +58500 2016 1002 10000
a contact +58500 +58700 1002 9002 100000
a contact +58500 +58700 2002 1001 10000
a contact +58500 +58700 2003 1001 10000
a contact +58500 +58700 2011 1001 10000
a contact +58700 +58900 1002 9002 100000
a contact +58700 +58900 2002 1001 10000
a contact +58700 +58900 2003 1001 10000
a contact +58700 +58900 2011 1001 10000
a contact +58900 +59000 1002 9002 100000
a contact +58900 +59000 2002 1001 10000
a contact +58900 +59000 2003 1001 10000
a contact +59000 +59300 1002 9002 100000
a contact +59000 +59300 2002 1001 10000
a contact +59000 +59300 2003 1001 10000
a contact +58900 +59300 2011 1001 10000
a contact +59300 +59400 2002 1001 10000
a contact +59300 +59400 2003 1001 10000
a contact +59300 +59400 2011 1001 10000
a contact +59300 +59500 1002 9002 100000
a contact +59400 +59500 2002 1001 10000
a contact +59400 +59500 2003 1001 10000
a contact +59400 +59500 2011 1001 10000
a contact +59500 +59700 1002 9002 100000
a contact +59500 +59700 2002 1001 10000
a contact +59500 +59700 2003 1001 10000
a contact +59500 +59700 2011 1001 10000
a contact +59700 +59900 1002 9002 100000
a contact +59700 +59900 2002 1001 10000
a contact +59700 +59900 2003 1001 10000
a contact +59700 +59900 2011 1001 10000
a contact +59900 +60200 1002 9002 100000
a contact +59900 +60200 2002 1001 10000
a contact +59900 +60200 2003 1001 10000
a contact +59900 +60200 2011 1001 10000
a contact +60200 +60300 1002 9002 100000
a contact +60200 +60300 2002 1001 10000
a contact +60200 +60300 2003 1001 10000
a contact +60200 +60300 2011 1001 10000
a contact +60300 +60700 1002 9002 100000
a contact +60300 +60700 2002 1001 10000
a contact +60300 +60700 2003 1001 10000
a contact +60300 +60700 2011 1001 10000
a contact +60700 +60800 1002 9002 100000
a contact +60800 +61200 1002 9002 100000
a contact +60700 +61200 2002 1001 10000
a contact +60700 +61200 2003 1001 10000
a contact +60700 +61200 2011 1001 10000
a contact +61200 +61300 1002 9002 100000
a contact +61200 +61400 2002 1001 10000
a contact +61200 +61400 2003 1001 10000
a contact +61200 +61400 2011 1001 10000
a contact +61400 +61600 2002 1001 10000
a contact +61400 +61600 2003 1001 10000
a contact +61300 +61600 2004 1002 10000
a contact +61300 +61600 2005 1002 10000
a contact +61400 +61600 2011 1001 10000
a contact +61300 +61600 2019 1002 10000
a contact +61600 +61800 2003 1001 10000
a contact +61600 +61800 2004 1002 10000
a contact +61600 +61800 2005 1002 10000
a contact +61600 +61800 2011 1001 10000
a contact +61600 +62100 2002 1001 10000
a contact +61800 +62100 2003 1001 10000
a contact +61800 +62100 2004 1002 10000
a contact +61800 +62100 2005 1002 10000
a contact +61800 +62100 2011 1001 10000
a contact +61600 +62100 2019 1002 10000
a contact +62100 +62200 2002 1001 10000
a contact +62100 +62200 2003 1001 10000
a contact +62100 +62200 2011 1001 10000
a contact +62200 +62400 2002 1001 10000
a contact +62200 +62400 2003 1001 10000
a contact +62100 +62400 2004 1002 10000
a contact +62100 +62400 2005 1002 10000
a contact +62200 +62400 2011 1001 10000
a contact +62100 +62400 2019 1002 10000
a contact +62400 +62500 2002 1001 10000
a contact +62400 +62500 2011 1001 10000
a contact +62500 +62600 2002 1001 10000
a contact +62400 +62600 2004 1002 10000
a contact +62400 +62600 2005 1002 10000
a contact +62500 +62600 2011 1001 10000
a contact +62600 +62900 2002 1001 10000
a contact +62400 +62900 2003 1001 10000
a contact +62600 +62900 2004 1002 10000
a contact +62600 +62900 2005 1002 10000
a contact +62600 +62900 2011 1001 10000
a contact +62400 +62900 2019 1002 10000
a contact +62900 +63000 2002 1001 10000
a contact +62900 +63000 2003 1001 10000
a contact +62900 +63000 2004 1002 10000
a contact +62900 +63000 2005 1002 10000
a contact +62900 +63000 2019 1002 10000
a contact +62900 +63000 2022 1001 10000
a contact +63000 +63300 2002 1001 10000
a contact +63000 +63300 2003 1001 10000
a contact +63000 +63300 2004 1002 10000
a contact +63000 +63300 2005 1002 10000
a contact +63000 +63300 2019 1002 10000
a contact +63000 +63300 2022 1001 10000
a contact +63300 +63400 2002 1001 10000
a contact +63300 +63400 2003 1001 10000
a contact +63300 +63400 2022 1001 10000
a contact +63300 +63900 2004 1002 10000
a contact +63300 +63900 2005 1002 10000
a contact +63400 +63900 2006 1001 10000
a contact +63400 +63900 2012 1001 10000
a contact +63300 +63900 2019 1002 10000
a contact +63400 +63900 2024 1001 10000
a contact +63900 +64300 1001 9001 100000
a contact +63900 +64300 2002 1002 10000
a contact +63900 +64300 2004 1002 10000
a contact +63900 +64300 2022 1001 10000
a contact +63900 +64300 2024 1001 10000
a contact +64300 +64400 2001 1001 10000
a contact +64300 +64400 2004 1002 10000
a contact +63900 +64400 2005 1002 10000
a contact +64300 +64400 2022 1001 10000
a contact +64300 +64500 2002 1002 10000
a contact +64400 +64500 2004 1002 10000
a contact +64400 +64500 2005 1002 10000
a contact +64400 +64800 2001 1001 10000
a contact +64500 +64800 2002 1002 10000
a contact +64500 +64800 2004 1002 10000
a contact +64500 +64800 2005 1002 10000
a contact +64400 +64800 2022 1001 10000
a contact +64300 +64800 2024 1001 10000
a contact +64800 +65000 2001 1001 10000
a contact +64800 +65000 2002 1002 10000
a contact +64800 +65000 2004 1002 10000
a contact +64800 +65000 2005 1002 10000
a contact +64800 +65000 2022 1001 10000
a contact +64800 +65000 2024 1001 10000
a contact +65000 +65200 1001 9001 100000
a contact +65000 +65200 2002 1002 10000
a contact +65000 +65200 2004 1002 10000
a contact +65000 +65200 2005 1002 10000
a contact +65000 +65200 2009 1001 10000
a contact +65000 +65200 2023 1001 10000
a contact +65200 +65300 2002 1002 10000
a contact +65200 +65300 2004 1002 10000
a contact +65200 +65300 2005 1002 10000
a contact +65200 +65300 2009 1001 10000
a contact +65200 +65300 2023 1001 10000
a contact +65300 +65600 2002 1002 10000
a contact +65300 +65600 2004 1002 10000
a contact +65300 +65600 2005 1002 10000
a contact +65200 +65600 2008 1001 10000
a contact +65300 +65600 2009 1001 10000
a contact +65300 +65600 2023 1001 10000
a contact +65600 +65700 2002 1002 10000
a contact +65600 +65700 2004 1002 10000
a contact +65600 +65700 2005 1002 10000
a contact +65600 +65700 2008 1001 10000
a contact +65600 +65700 2009 1001 10000
a contact +65600 +65700 2023 1001 10000
a contact +65700 +66000 1001 9001 100000
a contact +65700 +66000 1001 9002 100000
a contact +65700 +66000 2002 1002 10000
a contact +65700 +66000 2004 1002 10000
a contact +65700 +66000 2005 1002 10000
a contact +65700 +66000 2016 1001 10000
a contact +66000 +66200 2002 1002 10000
a contact +66000 +66200 2004 1002 10000
a contact +66000 +66200 2005 1002 10000
a contact +66000 +66200 2016 1001 10000
a contact +66000 +66200 2018 1001 10000
a contact +66000 +66200 2019 1001 10000
a contact +66200 +66400 2002 1002 10000
a contact +66200 +66400 2004 1002 10000
a contact +66200 +66400 2005 1002 10000
a contact +66200 +66400 2016 1001 10000
a contact +66200 +66400 2018 1001 10000
a contact +66200 +66400 2019 1001 10000
a contact +66400 +66500 2002 1002 10000
a contact +66400 +66500 2004 1002 10000
a contact +66400 +66500 2005 1002 10000
a contact +66400 +66500 2018 1001 10000
a contact +66400 +66500 2019 1001 10000
a contact +66500 +66600 2002 1002 10000
a contact +66500 +66600 2004 1002 10000
a contact +66400 +66600 2012 1001 10000
a contact +66500 +66600 2018 1001 10000
a contact +66500 +66600 2019 1001 10000
a contact +66600 +67000 2002 1002 10000
a contact +66600 +67000 2004 1002 10000
a contact +66500 +67000 2005 1002 10000
a contact +66600 +67000 2012 1001 10000
a contact +66600 +67000 2018 1001 10000
a contact +66600 +67000 2019 1001 10000
a contact +67000 +67400 2002 1002 10000
a contact +67000 +67400 2004 1002 10000
a contact +67000 +67400 2005 1002 10000
a contact +67000 +67400 2012 1001 10000
a contact +67000 +67400 2018 1001 10000
a contact +67000 +67400 2019 1001 10000
a contact +67400 +67700 2012 1001 10000
a contact +67400 +67700 2019 1001 10000
a contact +67400 +67900 2002 1002 10000
a contact +67400 +67900 2004 1002 10000
a contact +67400 +67900 2005 1002 10000
a contact +67700 +67900 2012 1001 10000
a contact +67400 +67900 2018 1001 10000
a contact +67700 +67900 2019 1001 10000
a contact +67900 +68100 1001 9002 100000
a contact +67900 +68100 2002 1002 10000
a contact +67900 +68100 2004 1002 10000
a contact +67900 +68100 2005 1002 10000
a contact +67900 +68100 2006 1001 10000
a contact +67900 +68100 2013 1001 10000
a contact +68100 +68400 2001 1001 10000
a contact +68100 +68400 2002 1002 10000
a contact +68100 +68400 2004 1002 10000
a contact +68100 +68400 2005 1002 10000
a contact +68100 +68400 2006 1001 10000
a contact +68100 +68400 2013 1001 10000
a contact +68400 +68500 2002 1002 10000
a contact +68400 +68500 2004 1002 10000
a contact +68400 +68500 2005 1002 10000
a contact +68400 +68500 2006 1001 10000
a contact +68400 +68500 2013 1001 10000
a contact +68500 +68700 1001 9002 100000
a contact +68400 +68700 2001 1001 10000
a contact +68500 +68700 2002 1002 10000
a contact +68500 +68700 2004 1002 10000
a contact +68500 +68700 2005 1002 10000
a contact +68500 +68700 2023 1001 10000
a contact +68700 +68800 2001 1001 10000
a contact +68700 +68800 2002 1002 10000
a contact +68700 +68800 2004 1002 10000
a contact +68700 +68800 2005 1002 10000
a contact +68700 +68800 2008 1001 10000
a contact +68700 +68800 2023 1001 10000
a contact +68800 +69100 2001 1001 10000
a contact +68800 +69100 2002 1002 10000
a contact +68800 +69100 2004 1002 10000
a contact +68800 +69100 2005 1002 10000
a contact +68800 +69100 2008 1001 10000
a contact +68800 +69100 2023 1001 10000
a contact +69100 +69300 2001 1001 10000
a contact +69100 +69300 2002 1002 10000
a contact +69100 +69300 2004 1002 10000
a contact +69100 +69300 2005 1002 10000
a contact +69100 +69300 2008 1001 10000
a contact +69100 +69300 2023 1001 10000
a contact +69300 +69600 1001 9002 100000
a contact +69300 +69600 2002 1002 10000
a contact +69300 +69600 2004 1002 10000
a contact +69300 +69600 2005 1002 10000
a contact +69300 +69600 2013 1001 10000
a contact +69300 +69600 2022 1001 10000
a contact +69600 +69700 2002 1002 10000
a contact +69600 +69700 2004 1002 10000
a contact +69600 +69700 2005 1002 10000
a contact +69600 +69700 2016 1001 10000
a contact +69600 +69700 2022 1001 10000
a contact +69700 +70200 2002 1002 10000
a contact +69700 +70200 2010 1002 10000
a contact +69600 +70200 2013 1001 10000
a contact +69700 +70200 2016 1001 10000
a contact +69700 +70200 2017 1002 10000
a contact +69700 +70200 2022 1001 10000
a contact +70200 +70300 2002 1002 10000
a contact +70200 +70300 2010 1002 10000
a contact +70200 +70300 2013 1001 10000
a contact +70200 +70300 2016 1001 10000
a contact +70200 +70300 2017 1002 10000
a contact +70200 +70300 2022 1001 10000
a contact +70300 +70600 1001 9002 100000
a contact +70300 +70600 2002 1002 10000
a contact +70300 +70600 2010 1002 10000
a contact +70300 +70600 2017 1002 10000
a contact +70600 +70800 1001 9002 100000
a contact +70800 +71000 1001 9002 100000
a contact +70600 +71000 2002 1002 10000
a contact +70600 +71000 2010 1002 10000
a contact +70600 +71000 2017 1002 10000
a contact +71000 +71200 1001 9002 100000
a contact +71000 +71200 2002 1002 10000
a contact +71000 +71200 2010 1002 10000
a contact +71000 +71200 2017 1002 10000
a contact +71200 +71500 1001 9002 100000
a contact +71200 +71500 2002 1002 10000
a contact +71200 +71500 2010 1002 10000
a contact +71200 +71500 2017 1002 10000
a contact +71500 +71600 1001 9002 100000
a contact +71500 +71600 2002 1002 10000
a contact +71500 +71600 2010 1002 10000
a contact +71500 +71600 2017 1002 10000
a contact +71600 +71800 1001 9002 100000
a contact +71600 +71800 2002 1002 10000
a contact +71600 +71800 2010 1002 10000
a contact +71600 +71800 2017 1002 10000
a contact +71800 +71900 1001 9002 100000
a contact +71800 +71900 1002 9001 100000
a contact +71800 +71900 2011 1002 10000
a contact +71800 +71900 2014 1002 10000
a contact +71900 +72000 1001 9002 100000
a contact +71900 +72000 2011 1002 10000
a contact +71900 +72000 2014 1002 10000
a contact +72000 +72300 1001 9002 100000
a contact +72000 +72300 2011 1002 10000
a contact +71900 +72300 2013 1002 10000
a contact +72000 +72300 2024 1002 10000
a contact +72300 +72400 1001 9002 100000
a contact +72300 +72400 1002 9001 100000
a contact +72300 +72400 2011 1002 10000
a contact +72300 +72400 2024 1002 10000
a contact +72400 +72700 1001 9002 100000
a contact +72400 +72700 1002 9001 100000
a contact +72400 +72700 2007 1002 10000
a contact +72400 +72700 2015 1002 10000
a contact +72700 +72800 2015 1002 10000
a contact +72700 +72800 2018 1002 10000
a contact +72700 +73000 1001 9002 100000
a contact +72700 +73000 2007 1002 10000
a contact +72800 +73000 2015 1002 10000
a contact +72800 +73000 2018 1002 10000
a contact +73000 +73100 2006 1001 10000
a contact +73000 +73100 2007 1002 10000
a contact +73000 +73100 2009 1001 10000
a contact +73000 +73100 2015 1002 10000
a contact +73000 +73100 2018 1002 10000
a contact +73000 +73100 2023 1001 10000
a contact +73100 +73300 2006 1001 10000
a contact +73100 +73300 2007 1002 10000
a contact +73100 +73300 2009 1001 10000
a contact +73100 +73300 2015 1002 10000
a contact +73100 +73300 2018 1002 10000
a contact +73100 +73300 2023 1001 10000
a contact +73300 +73800 2006 1001 10000
a contact +73300 +73800 2009 1001 10000
a contact +73300 +73800 2011 1002 10000
a contact +73300 +73800 2013 1002 10000
a contact +73300 +73800 2016 1002 10000
a contact +73300 +73800 2023 1001 10000
a contact +73800 +73900 2006 1001 10000
a contact +73800 +73900 2009 1001 10000
a contact +73800 +73900 2012 1002 10000
a contact +73800 +73900 2023 1001 10000
a contact +73800 +74200 1002 9001 100000
a contact +73900 +74200 2006 1001 10000
a contact +73900 +74200 2009 1001 10000
a contact +73800 +74200 2011 1002 10000
a contact +73900 +74200 2014 1002 10000
a contact +73900 +74200 2023 1001 10000
a contact +74200 +74400 2011 1002 10000
a contact +74200 +74400 2014 1002 10000
a contact +74200 +74600 2006 1001 10000
a contact +74200 +74600 2009 1001 10000
a contact +74400 +74600 2011 1002 10000
a contact +74200 +74600 2013 1002 10000
a contact +74400 +74600 2014 1002 10000
a contact +74200 +74600 2023 1001 10000
a contact +74600 +74700 2011 1002 10000
a contact +74600 +74700 2014 1002 10000
a contact +74600 +75000 2006 1001 10000
a contact +74600 +75000 2009 1001 10000
a contact +74700 +75000 2011 1002 10000
a contact +74600 +75000 2013 1002 10000
a contact +74700 +75000 2014 1002 10000
a contact +74600 +75000 2023 1001 10000
a contact +75000 +75100 1002 9001 100000
a contact +75000 +75100 1002 9002 100000
a contact +75000 +75100 2006 1001 10000
a contact +75000 +75100 2008 1002 10000
a contact +75000 +75100 2009 1001 10000
a contact +75000 +75100 2023 1001 10000
a contact +75100 +75400 2006 1001 10000
a contact +75100 +75400 2008 1002 10000
a contact +75100 +75400 2009 1001 10000
a contact +75100 +75400 2012 1002 10000
a contact +75100 +75400 2020 1002 10000
a contact +75100 +75400 2023 1001 10000
a contact +75400 +75600 2006 1001 10000
a contact +75400 +75600 2008 1002 10000
a contact +75400 +75600 2009 1001 10000
a contact +75400 +75600 2012 1002 10000
a contact +75400 +75600 2020 1002 10000
a contact +75600 +75900 1002 9001 100000
a contact +75600 +75900 1002 9002 100000
a contact +75600 +75900 2006 1001 10000
a contact +75600 +75900 2009 1001 10000
a contact +75400 +75900 2023 1001 10000
a contact +75600 +75900 2024 1002 10000
a contact +75900 +76000 2006 1001 10000
a contact +75900 +76000 2009 1001 10000
a contact +75900 +76000 2018 1002 10000
a contact +75900 +76000 2023 1001 10000
a contact +75900 +76000 2024 1002 10000
a contact +76000 +76400 2006 1001 10000
a contact +75900 +76400 2008 1002 10000
a contact +76000 +76400 2009 1001 10000
a contact +76000 +76400 2018 1002 10000
a contact +76000 +76400 2023 1001 10000
a contact +76000 +76400 2024 1002 10000
a contact +76400 +76500 2008 1002 10000
a contact +76400 +76500 2018 1002 10000
a contact +76400 +76500 2024 1002 10000
a contact +76400 +76600 2006 1001 10000
a contact +76500 +76600 2008 1002 10000
a contact +76400 +76600 2009 1001 10000
a contact +76500 +76600 2018 1002 10000
a contact +76400 +76600 2023 1001 10000
a contact +76500 +76600 2024 1002 10000
a contact +76600 +76900 2006 1001 10000
a contact +76600 +76900 2008 1002 10000
a contact +76600 +76900 2009 1001 10000
a contact +76600 +76900 2018 1002 10000
a contact +76600 +76900 2023 1001 10000
a contact +76600 +76900 2024 1002 10000
a contact +76900 +77100 2006 1001 10000
a contact +76900 +77100 2008 1002 10000
a contact +76900 +77100 2009 1001 10000
a contact +76900 +77100 2018 1002 10000
a contact +76900 +77100 2023 1001 10000
a contact +76900 +77100 2024 1002 10000
a contact +77100 +77300 2006 1001 10000
a contact +77100 +77300 2008 1002 10000
a contact +77100 +77300 2009 1001 10000
a contact +77100 +77300 2018 1002 10000
a contact +77100 +77300 2023 1001 10000
a contact +77100 +77300 2024 1002 10000
a contact +77300 +77500 2006 1001 10000
a contact +77300 +77500 2008 1002 10000
a contact +77300 +77500 2009 1001 10000
a contact +77300 +77500 2018 1002 10000
a contact +77300 +77500 2023 1001 10000
a contact +77300 +77500 2024 1002 10000
a contact +77500 +77800 2006 1001 10000
a contact +77500 +77800 2008 1002 10000
a contact +77500 +77800 2009 1001 10000
a contact +77500 +77800 2018 1002 10000
a contact +77500 +77800 2023 1001 10000
a contact +77500 +77800 2024 1002 10000
a contact +77800 +77900 1002 9002 100000
a contact +77800 +77900 2006 1001 10000
a contact +77800 +77900 2009 1001 10000
a contact +77800 +77900 2012 1002 10000
a contact +77800 +77900 2016 1002 10000
a contact +77800 +77900 2023 1001 10000
a contact +77900 +78000 2006 1001 10000
a contact +77900 +78000 2009 1001 10000
a contact +77900 +78000 2012 1002 10000
a contact +77900 +78000 2016 1002 10000
a contact +77900 +78000 2020 1002 10000
a contact +77900 +78000 2023 1001 10000
a contact +78000 +78200 1002 9002 100000
a contact +78000 +78200 2006 1001 10000
a contact +78000 +78200 2007 1002 10000
a contact +78000 +78200 2009 1001 10000
a contact +78000 +78200 2015 1002 10000
a contact +78000 +78200 2023 1001 10000
a contact +78200 +78300 2006 1001 10000
a contact +78200 +78300 2007 1002 10000
a contact +78200 +78300 2009 1001 10000
a contact +78200 +78300 2015 1002 10000
a contact +78300 +78400 2006 1001 10000
a contact +78300 +78400 2009 1001 10000
a contact +78200 +78400 2012 1002 10000
a contact +78300 +78400 2015 1002 10000
a contact +78200 +78400 2023 1001 10000
a contact +78400 +78600 2006 1001 10000
a contact +78300 +78600 2007 1002 10000
a contact +78400 +78600 2009 1001 10000
a contact +78400 +78600 2012 1002 10000
a contact +78400 +78600 2015 1002 10000
a contact +78400 +78600 2023 1001 10000
a contact +78600 +78700 2006 1001 10000
a contact +78600 +78700 2007 1002 10000
a contact +78600 +78700 2009 1001 10000
a contact +78600 +78700 2015 1002 10000
a contact +78600 +78700 2023 1001 10000
a contact +78700 +79000 2006 1001 10000
a contact +78700 +79000 2009 1001 10000
a contact +78700 +79000 2014 1002 10000
a contact +78700 +79000 2016 1002 10000
a contact +78600 +79000 2020 1002 10000
a contact +78700 +79000 2023 1001 10000
a contact +79000 +79100 1002 9002 100000
a contact +79000 +79100 2006 1002 10000
a contact +79000 +79100 2014 1002 10000
a contact +79100 +79600 1002 9002 100000
a contact +79100 +79600 2003 1002 10000
a contact +79100 +79600 2006 1002 10000
a contact +79000 +79600 2008 1001 10000
a contact +79000 +79600 2009 1001 10000
a contact +79000 +79600 2023 1001 10000
a contact +79600 +80100 2003 1002 10000
a contact +79600 +80100 2006 1002 10000
a contact +79600 +80100 2008 1001 10000
a contact +79600 +80100 2009 1001 10000
a contact +79600 +80100 2016 1002 10000
a contact +79600 +80100 2023 1001 10000
a contact +80100 +80200 2003 1002 10000
a contact +80100 +80200 2006 1002 10000
a contact +80100 +80200 2016 1002 10000
a contact +80200 +80500 2003 1002 10000
a contact +80200 +80500 2006 1002 10000
a contact +80100 +80500 2008 1001 10000
a contact +80200 +80500 2016 1002 10000
a contact +80100 +80500 2023 1001 10000
a contact +80500 +80700 2003 1002 10000
a contact +80500 +80700 2006 1002 10000
a contact +80500 +80700 2008 1001 10000
a contact +80100 +80700 2009 1001 10000
a contact +80500 +80700 2016 1002 10000
a contact +80500 +80700 2023 1001 10000
a contact +80700 +80900 2003 1002 10000
a contact +80700 +80900 2006 1002 10000
a contact +80700 +80900 2008 1001 10000
a contact +80700 +80900 2009 1001 10000
a contact +80700 +80900 2016 1002 10000
a contact +80700 +80900 2023 1001 10000
a contact +80900 +81000 1001 9001 100000
a contact +80900 +81000 1001 9003 100000
a contact +80900 +81000 1002 9002 100000
a contact +80900 +81000 2001 1001 10000
a contact +80900 +81000 2014 1002 10000
a contact +80900 +81000 2020 1002 10000
a contact +81000 +81300 2001 1001 10000
a contact +81000 +81300 2014 1002 10000
a contact +81000 +81300 2015 1002 10000
a contact +81000 +81300 2016 1001 10000
a contact +81000 +81300 2020 1002 10000
a contact +81300 +81400 1002 9002 100000
a contact +81300 +81400 2001 1001 10000
a contact +81300 +81400 2007 1002 10000
a contact +81000 +81400 2013 1001 10000
a contact +81300 +81400 2016 1001 10000
a contact +81300 +81400 2022 1002 10000
a contact +81400 +81700 2007 1002 10000
a contact +81400 +81700 2012 1002 10000
a contact +81400 +81700 2013 1001 10000
a contact +81400 +81700 2018 1001 10000
a contact +81400 +81700 2022 1002 10000
a contact +81400 +81700 2024 1001 10000
a contact +81700 +81900 1001 9001 100000
a contact +81700 +81900 1002 9002 100000
a contact +81700 +81900 2014 1002 10000
a contact +81700 +81900 2020 1002 10000
a contact +81700 +81900 2022 1001 10000
a contact +81700 +81900 2024 1001 10000
a contact +81900 +82000 2001 1002 10000
a contact +81900 +82000 2012 1001 10000
a contact +81900 +82000 2014 1002 10000
a contact +81900 +82000 2020 1002 10000
a contact +81900 +82000 2022 1001 10000
a contact +82000 +82100 2012 1001 10000
a contact +82000 +82100 2022 1001 10000
a contact +82000 +82200 1002 9002 100000
a contact +82100 +82200 2012 1001 10000
a contact +82100 +82200 2022 1001 10000
a contact +81900 +82200 2024 1001 10000
a contact +82200 +82300 1001 9001 100000
a contact +82200 +82300 1002 9002 100000
a contact +82200 +82300 2019 1001 10000
a contact +82300 +82400 2001 1001 10000
a contact +82300 +82400 2019 1001 10000
a contact +82400 +82700 1002 9003 100000
a contact +82400 +82700 2001 1001 10000
a contact +82200 +82700 2016 1001 10000
a contact +82400 +82700 2019 1001 10000
a contact +82700 +82800 1001 9001 100000
a contact +82700 +82800 2024 1001 10000
a contact +82700 +83200 1002 9003 100000
a contact +82700 +83200 2012 1001 10000
a contact +82800 +83200 2018 1001 10000
a contact +82800 +83200 2024 1001 10000
a contact +83200 +83300 1001 9001 100000
a contact +83200 +83300 2001 1001 10000
a contact +83200 +83300 2015 1001 10000
a contact +83300 +83400 1001 9001 100000
a contact +83200 +83400 1002 9003 100000
a contact +83300 +83400 2013 1001 10000
a contact +83300 +83400 2024 1001 10000
a contact +83400 +83600 1002 9003 100000
a contact +83400 +83600 2012 1001 10000
a contact +83400 +83600 2013 1001 10000
a contact +83400 +83600 2024 1001 10000
a contact +83600 +83800 1001 9001 100000
a contact +83600 +83800 1002 9003 100000
a contact +83600 +83800 2015 1001 10000
a contact +83600 +83800 2022 1001 10000
a contact +83800 +84100 1002 9003 100000
a contact +83800 +84100 2015 1001 10000
a contact +83800 +84100 2018 1001 10000
a contact +83800 +84100 2022 1001 10000
a contact +84100 +84200 1002 9003 100000
a contact +84100 +84200 2015 1001 10000
a contact +84100 +84200 2018 1001 10000
a contact +84100 +84200 2022 1001 10000
a contact +84200 +84400 1002 9003 100000
a contact +84200 +84400 2013 1001 10000
a contact +84200 +84400 2016 1001 10000
a contact +84200 +84400 2019 1001 10000
a contact +84400 +84600 1001 9001 100000
a contact +84400 +84600 1001 9002 100000
a contact +84400 +84600 1002 9003 100000
a contact +84400 +84600 2001 1001 10000
a contact +84600 +84800 1002 9003 100000
a contact +84600 +84800 2001 1001 10000
a contact +84600 +84800 2012 1001 10000
a contact +84600 +84800 2019 1001 10000
a contact +84800 +84900 2011 1002 10000
a contact +84800 +84900 2012 1001 10000
a contact +84800 +84900 2013 1002 10000
a contact +84800 +84900 2019 1001 10000
a contact +84800 +84900 2022 1002 10000
a contact +84800 +85000 2001 1001 10000
a contact +84900 +85000 2011 1002 10000
a contact +84900 +85000 2012 1001 10000
a contact +84900 +85000 2013 1002 10000
a contact +84900 +85000 2019 1001 10000
a contact +84900 +85000 2022 1002 10000
a contact +85000 +85300 2001 1001 10000
a contact +85000 +85300 2011 1002 10000
a contact +85000 +85300 2012 1001 10000
a contact +85000 +85300 2013 1002 10000
a contact +85000 +85300 2019 1001 10000
a contact +85000 +85300 2022 1002 10000
a contact +85300 +85400 2001 1001 10000
a contact +85300 +85400 2012 1001 10000
a contact +85300 +85400 2019 1001 10000
a contact +85400 +85800 2001 1001 10000
a contact +85300 +85800 2011 1002 10000
a contact +85400 +85800 2012 1001 10000
a contact +85300 +85800 2013 1002 10000
a contact +85400 +85800 2019 1001 10000
a contact +85300 +85800 2022 1002 10000
a contact +85800 +85900 1001 9002 100000
a contact +85800 +85900 2007 1001 10000
a contact +85800 +85900 2015 1001 10000
a contact +85800 +86300 2011 1002 10000
a contact +85800 +86300 2013 1002 10000
a contact +85900 +86300 2015 1001 10000
a contact +85900 +86300 2018 1001 10000
a contact +85800 +86300 2022 1002 10000
a contact +85900 +86300 2024 1001 10000
a contact +86300 +86400 1001 9002 100000
a contact +86300 +86400 2008 1001 10000
a contact +86300 +86400 2011 1002 10000
a contact +86300 +86400 2013 1002 10000
a contact +86300 +86400 2022 1002 10000
a contact +86300 +86400 2024 1001 10000

a range +0 +200 1001 9003 0
a range +0 +200 2022 1002 0
a range +0 +200 2023 1002 0
a range +0 +200 2024 1002 0
a range +200 +400 1001 9003 0
a range +200 +400 1002 9001 0
a range +200 +400 2023 1002 0
a range +200 +400 2024 1002 0
a range +400 +500 2001 1002 0
a range +400 +500 2023 1002 0
a range +400 +500 2024 1002 0
a range +400 +600 1001 9003 0
a range +500 +600 2001 1002 0
a range +500 +600 2023 1002 0
a range +500 +600 2024 1002 0
a range +600 +800 1001 9003 0
a range +600 +800 2001 1002 0
a range +600 +800 2023 1002 0
a range +600 +800 2024 1002 0
a range +800 +1000 1001 9003 0
a range +800 +1000 1002 9001 0
a range +800 +1000 1002 9002 0
a range +800 +1000 2002 1002 0
a range +1000 +1500 1001 9003 0
a range +1000 +1500 2002 1002 0
a range +1000 +1500 2003 1002 0
a range +1000 +1500 2022 1002 0
a range +1500 +1600 1001 9003 0
a range +1600 +1900 1001 9003 0
a range +1500 +1900 2002 1002 0
a range +1500 +1900 2003 1002 0
a range +1500 +1900 2022 1002 0
a range +1900 +2100 2002 1002 0
a range +1900 +2100 2003 1002 0
a range +1900 +2100 2022 1002 0
a range +1900 +2400 1001 9003 0
a range +2100 +2400 1002 9001 0
a range +2100 +2400 1002 9002 0
a range +2100 +2400 2004 1002 0
a range +2400 +2500 2001 1001 0
a range +2400 +2500 2004 1002 0
a range +2400 +2500 2020 1002 0
a range +2400 +2500 2021 1002 0
a range +2400 +2500 2023 1001 0
a range +2400 +2500 2024 1001 0
a range +2500 +2700 2001 1001 0
a range +2500 +2700 2004 1002 0
a range +2500 +2700 2020 1002 0
a range +2500 +2700 2021 1002 0
a range +2500 +2700 2023 1001 0
a range +2500 +2700 2024 1001 0
a range +2700 +2800 2001 1001 0
a range +2700 +2800 2004 1002 0
a range +2700 +2800 2020 1002 0
a range +2700 +2800 2021 1002 0
a range +2700 +2800 2023 1001 0
a range +2700 +2800 2024 1001 0
a range +2800 +3100 2001 1001 0
a range +2800 +3100 2004 1002 0
a range +2800 +3100 2020 1002 0
a range +2800 +3100 2021 1002 0
a range +2800 +3100 2023 1001 0
a range +2800 +3100 2024 1001 0
a range +3100 +3300 2001 1001 0
a range +3100 +3300 2004 1002 0
a range +3100 +3300 2020 1002 0
a range +3100 +3300 2021 1002 0
a range +3100 +3300 2023 1001 0
a range +3100 +3300 2024 1001 0
a range +3300 +3600 2001 1001 0
a range +3300 +3600 2020 1002 0
a range +3300 +3600 2021 1002 0
a range +3300 +3600 2023 1001 0
a range +3300 +3600 2024 1001 0
a range +3600 +3700 2001 1001 0
a range +3300 +3700 2004 1002 0
a range +3600 +3700 2020 1002 0
a range +3600 +3700 2021 1002 0
a range +3600 +3700 2023 1001 0
a range +3600 +3700 2024 1001 0
a range +3700 +4200 2001 1001 0
a range +3700 +4200 2004 1002 0
a range +3700 +4200 2020 1002 0
a range +3700 +4200 2021 1002 0
a range +3700 +4200 2023 1001 0
a range +3700 +4200 2024 1001 0
a range +4200 +4600 1002 9002 0
a range +4200 +4600 2001 1001 0
a range +4200 +4600 2005 1002 0
a range +4200 +4600 2019 1002 0
a range +4200 +4600 2023 1001 0
a range +4200 +4600 2024 1001 0
a range +4600 +4700 2005 1002 0
a range +4600 +4700 2006 1002 0
a range +4600 +4700 2019 1002 0
a range +4700 +4800 2005 1002 0
a range +4700 +4800 2006 1002 0
a range +4600 +5100 2001 1001 0
a range +4800 +5100 2005 1002 0
a range +4800 +5100 2006 1002 0
a range +4700 +5100 2019 1002 0
a range +4600 +5100 2023 1001 0
a range +4600 +5100 2024 1001 0
a range +5100 +5300 2001 1001 0
a range +5100 +5300 2005 1002 0
a range +5100 +5300 2006 1002 0
a range +5100 +5300 2019 1002 0
a range +5100 +5300 2023 1001 0
a range +5100 +5300 2024 1001 0
a range +5300 +5500 2001 1001 0
a range +5300 +5500 2006 1002 0
a range +5300 +5500 2019 1002 0
a range +5300 +5500 2023 1001 0
a range +5300 +5500 2024 1001 0
a range +5500 +5600 2001 1001 0
a range +5300 +5600 2005 1002 0
a range +5500 +5600 2006 1002 0
a range +5500 +5600 2019 1002 0
a range +5500 +5600 2023 1001 0
a range +5500 +5600 2024 1001 0
a range +5600 +5900 1002 9002 0
a range +5600 +5900 2001 1001 0
a range +5600 +5900 2007 1002 0
a range +5600 +5900 2018 1002 0
a range +5600 +5900 2023 1001 0
a range +5600 +5900 2024 1001 0
a range +5900 +6000 2001 1001 0
a range +5900 +6000 2007 1002 0
a range +5900 +6000 2008 1002 0
a range +5900 +6000 2018 1002 0
a range +5900 +6000 2023 1001 0
a range +5900 +6000 2024 1001 0
a range +6000 +6300 2001 1001 0
a range +6000 +6300 2007 1002 0
a range +6000 +6300 2008 1002 0
a range +6000 +6300 2018 1002 0
a range +6000 +6300 2023 1001 0
a range +6000 +6300 2024 1001 0
a range +6300 +6400 2001 1001 0
a range +6300 +6400 2008 1002 0
a range +6300 +6400 2018 1002 0
a range +6300 +6400 2023 1001 0
a range +6300 +6400 2024 1001 0
a range +6400 +6700 2002 1001 0
a range +6300 +6700 2007 1002 0
a range +6400 +6700 2008 1002 0
a range +6400 +6700 2018 1002 0
a range +6400 +6700 2021 1001 0
a range +6400 +6700 2022 1001 0
a range +6700 +6800 1002 9002 0
a range +6700 +6800 2002 1001 0
a range +6700 +6800 2009 1002 0
a range +6700 +6800 2017 1002 0
a range +6700 +6800 2021 1001 0
a range +6700 +6800 2022 1001 0
a range +6800 +6900 2009 1002 0
a range +6800 +6900 2010 1002 0
a range +6800 +6900 2016 1002 0
a range +6800 +7200 2002 1001 0
a range +6900 +7200 2009 1002 0
a range +6900 +7200 2010 1002 0
a range +6900 +7200 2016 1002 0
a range +6800 +7200 2021 1001 0
a range +6800 +7200 2022 1001 0
a range +7200 +7300 1002 9002 0
a range +7200 +7300 2012 1002 0
a range +7200 +7300 2016 1002 0
a range +7300 +7800 1002 9002 0
a range +7200 +7800 2002 1001 0
a range +7300 +7800 2012 1002 0
a range +7300 +7800 2015 1002 0
a range +7200 +7800 2021 1001 0
a range +7200 +7800 2022 1001 0
a range +7800 +7900 2010 1002 0
a range +7800 +7900 2012 1002 0
a range +7800 +7900 2015 1002 0
a range +7800 +8200 2002 1001 0
a range +7900 +8200 2010 1002 0
a range +7900 +8200 2012 1002 0
a range +7900 +8200 2015 1002 0
a range +7800 +8200 2021 1001 0
a range +7800 +8200 2022 1001 0
a range +8200 +8500 2002 1001 0
a range +8200 +8500 2010 1002 0
a range +8200 +8500 2012 1002 0
a range +8200 +8500 2015 1002 0
a range +8200 +8500 2021 1001 0
a range +8200 +8500 2022 1001 0
a range +8500 +8600 2002 1001 0
a range +8500 +8600 2010 1002 0
a range +8500 +8600 2015 1002 0
a range +8500 +8600 2021 1001 0
a range +8500 +8600 2022 1001 0
a range +8600 +8800 2002 1001 0
a range +8600 +8800 2010 1002 0
a range +8500 +8800 2012 1002 0
a range +8600 +8800 2015 1002 0
a range +8600 +8800 2021 1001 0
a range +8600 +8800 2022 1001 0
a range +8800 +9000 2002 1001 0
a range +8800 +9000 2010 1002 0
a range +8800 +9000 2012 1002 0
a range +8800 +9000 2015 1002 0
a range +8800 +9000 2021 1001 0
a range +8800 +9000 2022 1001 0
a range +9000 +9100 2002 1001 0
a range +9000 +9100 2010 1002 0
a range +9000 +9100 2012 1002 0
a range +9000 +9100 2015 1002 0
a range +9000 +9100 2021 1001 0
a range +9000 +9100 2022 1001 0
a range +9100 +9400 1002 9003 0
a range +9100 +9400 2002 1001 0
a range +9100 +9400 2011 1002 0
a range +9100 +9400 2017 1002 0
a range +9100 +9400 2021 1001 0
a range +9100 +9400 2022 1001 0
a range +9400 +9600 2002 1001 0
a range +9400 +9600 2011 1002 0
a range +9400 +9600 2013 1002 0
a range +9400 +9600 2017 1002 0
a range +9400 +9600 2021 1001 0
a range +9400 +9600 2022 1001 0
a range +9600 +9900 2002 1001 0
a range +9600 +9900 2013 1002 0
a range +9600 +9900 2017 1002 0
a range +9600 +9900 2021 1001 0
a range +9600 +9900 2022 1001 0
a range +9900 +10000 1001 9001 0
a range +9900 +10000 2003 1001 0
a range +9600 +10000 2011 1002 0
a range +9900 +10000 2017 1002 0
a range +9900 +10000 2020 1001 0
a range +10000 +10400 2003 1001 0
a range +10000 +10400 2004 1001 0
a range +10000 +10400 2011 1002 0
a range +9900 +10400 2013 1002 0
a range +10000 +10400 2017 1002 0
a range +10000 +10400 2020 1001 0
a range +10400 +10500 1001 9001 0
a range +10400 +10500 1001 9002 0
a range +10400 +10500 1002 9003 0
a range +10400 +10500 2001 1002 0
a range +10400 +10500 2005 1001 0
a range +10400 +10500 2014 1002 0
a range +10500 +10900 1002 9003 0
a range +10500 +10900 2004 1001 0
a range +10500 +10900 2005 1001 0
a range +10500 +10900 2006 1001 0
a range +10500 +10900 2014 1002 0
a range +10500 +10900 2023 1002 0
a range +10900 +11000 1001 9001 0
a range +10900 +11000 1001 9002 0
a range +10900 +11000 2003 1001 0
a range +11000 +11300 2003 1001 0
a range +10900 +11300 2014 1002 0
a range +11000 +11300 2020 1001 0
a range +10900 +11300 2023 1002 0
a range +10900 +11300 2024 1002 0
a range +11300 +11500 2003 1001 0
a range +11000 +11500 2004 1001 0
a range +11300 +11500 2014 1002 0
a range +11300 +11500 2020 1001 0
a range +11300 +11500 2023 1002 0
a range +11300 +11500 2024 1002 0
a range +11500 +11600 1001 9002 0
a range +11500 +11600 1001 9001 0
a range +11500 +11600 2005 1001 0
a range +11500 +11800 1002 9003 0
a range +11600 +11800 2005 1001 0
a range +11600 +11800 2006 1001 0
a range +11600 +11800 2014 1001 0
a range +11800 +11900 1002 9003 0
a range +11800 +11900 2005 1001 0
a range +11800 +11900 2014 1001 0
a range +11900 +12000 1002 9003 0
a range +11900 +12000 2005 1001 0
a range +11800 +12000 2006 1001 0
a range +11900 +12000 2014 1001 0
a range +12000 +12200 1002 9003 0
a range +12000 +12200 2017 1001 0
a range +12000 +12200 2018 1001 0
a range +12000 +12200 2019 1001 0
a range +12200 +12300 1001 9002 0
a range +12200 +12300 1002 9003 0
a range +12200 +12300 2007 1001 0
a range +12200 +12300 2019 1001 0
a range +12300 +12600 1002 9003 0
a range +12300 +12600 2017 1001 0
a range +12300 +12600 2018 1001 0
a range +12300 +12600 2019 1001 0
a range +12600 +12700 1001 9002 0
a range +12600 +12700 1002 9003 0
a range +12600 +12700 2008 1001 0
a range +12600 +12700 2018 1001 0
a range +12700 +13000 1002 9003 0
a range +12700 +13000 2015 1001 0
a range +12700 +13000 2016 1001 0
a range +12700 +13000 2017 1001 0
a range +13000 +13100 1001 9002 0
a range +13000 +13100 2007 1001 0
a range +13000 +13100 2016 1001 0
a range +13100 +13400 1001 9002 0
a range +13000 +13400 1002 9003 0
a range +13100 +13400 2010 1001 0
a range +13100 +13400 2016 1001 0
a range +13400 +13600 1002 9003 0
a range +13400 +13600 1002 9001 0
a range +13400 +13600 2008 1001 0
a range +13400 +13600 2010 1001 0
a range +13400 +13600 2016 1001 0
a range +13600 +14100 1002 9003 0
a range +13600 +14100 1002 9001 0
a range +13600 +14100 2008 1001 0
a range +13600 +14100 2010 1001 0
a range +13600 +14100 2016 1001 0
a range +14100 +14200 1002 9001 0
a range +14100 +14200 1002 9003 0
a range +14100 +14200 2008 1001 0
a range +14100 +14200 2010 1001 0
a range +14100 +14200 2016 1001 0
a range +14200 +14500 1001 9002 0
a range +14200 +14500 2001 1002 0
a range +14200 +14500 2008 1002 0
a range +14200 +14500 2011 1001 0
a range +14200 +14500 2015 1001 0
a range +14200 +14500 2016 1002 0
a range +14500 +14700 2001 1002 0
a range +14500 +14700 2007 1001 0
a range +14500 +14700 2008 1002 0
a range +14500 +14700 2011 1001 0
a range +14500 +14700 2015 1001 0
a range +14500 +14700 2016 1002 0
a range +14700 +14900 2001 1002 0
a range +14700 +14900 2007 1001 0
a range +14700 +14900 2008 1002 0
a range +14700 +14900 2011 1001 0
a range +14700 +14900 2015 1001 0
a range +14700 +14900 2016 1002 0
a range +14900 +15000 2001 1002 0
a range +14900 +15000 2007 1001 0
a range +14900 +15000 2008 1002 0
a range +14900 +15000 2011 1001 0
a range +14900 +15000 2015 1001 0
a range +14900 +15000 2016 1002 0
a range +15000 +15300 2001 1002 0
a range +15000 +15300 2007 1001 0
a range +15000 +15300 2008 1002 0
a range +15000 +15300 2011 1001 0
a range +15000 +15300 2015 1001 0
a range +15000 +15300 2016 1002 0
a range +15300 +15400 1001 9002 0
a range +15300 +15400 2001 1002 0
a range +15300 +15400 2008 1002 0
a range +15300 +15400 2009 1001 0
a range +15300 +15400 2013 1001 0
a range +15300 +15400 2016 1002 0
a range +15400 +15700 2001 1002 0
a range +15400 +15700 2008 1002 0
a range +15400 +15700 2009 1001 0
a range +15400 +15700 2012 1001 0
a range +15400 +15700 2013 1001 0
a range +15400 +15700 2016 1002 0
a range +15700 +15900 1001 9002 0
a range +15700 +15900 2001 1002 0
a range +15700 +15900 2009 1002 0
a range +15700 +15900 2012 1001 0
a range +15700 +15900 2013 1001 0
a range +15700 +15900 2016 1002 0
a range +15900 +16200 2001 1002 0
a range +15900 +16200 2009 1002 0
a range +15900 +16200 2012 1001 0
a range +15900 +16200 2013 1001 0
a range +15900 +16200 2014 1001 0
a range +15900 +16200 2016 1002 0
a range +16200 +16300 2001 1002 0
a range +16200 +16300 2009 1002 0
a range +16200 +16300 2010 1001 0
a range +16200 +16300 2012 1001 0
a range +16200 +16300 2013 1001 0
a range +16200 +16300 2016 1002 0
a range +16300 +16400 1001 9002 0
a range +16300 +16400 2009 1002 0
a range +16300 +16400 2016 1002 0
a range +16300 +16400 2018 1001 0
a range +16300 +16400 2019 1001 0
a range +16300 +16700 2001 1002 0
a range +16400 +16700 2003 1001 0
a range +16400 +16700 2009 1002 0
a range +16400 +16700 2016 1002 0
a range +16400 +16700 2018 1001 0
a range +16400 +16700 2019 1001 0
a range +16700 +16800 1001 9002 0
a range +16700 +16800 2001 1002 0
a range +16700 +16800 2005 1001 0
a range +16700 +16800 2009 1002 0
a range +16700 +16800 2016 1002 0
a range +16700 +16800 2018 1001 0
a range +16800 +17200 2001 1002 0
a range +16800 +17200 2006 1001 0
a range +16800 +17200 2009 1002 0
a range +16800 +17200 2016 1002 0
a range +16800 +17200 2018 1001 0
a range +16800 +17200 2019 1001 0
a range +17200 +17300 1001 9002 0
a range +17200 +17300 2006 1001 0
a range +17300 +17600 1001 9002 0
a range +17200 +17600 2003 1002 0
a range +17200 +17600 2007 1002 0
a range +17200 +17600 2009 1001 0
a range +17200 +17600 2011 1002 0
a range +17300 +17600 2014 1001 0
a range +17600 +17800 2003 1002 0
a range +17600 +17800 2007 1002 0
a range +17600 +17800 2009 1001 0
a range +17600 +17800 2011 1002 0
a range +17600 +17800 2017 1001 0
a range +17800 +18100 2003 1002 0
a range +17800 +18100 2007 1002 0
a range +17800 +18100 2009 1001 0
a range +17800 +18100 2011 1002 0
a range +17600 +18100 2014 1001 0
a range +17800 +18100 2017 1001 0
a range +18100 +18200 2003 1002 0
a range +18100 +18200 2007 1002 0
a range +18100 +18200 2009 1001 0
a range +18100 +18200 2011 1002 0
a range +18100 +18200 2014 1001 0
a range +18100 +18200 2017 1001 0
a range +18200 +18500 2003 1002 0
a range +18200 +18500 2007 1002 0
a range +18200 +18500 2009 1001 0
a range +18200 +18500 2011 1002 0
a range +18200 +18500 2014 1001 0
a range +18200 +18500 2017 1001 0
a range +18500 +18600 1001 9003 0
a range +18500 +18600 2008 1001 0
a range +18500 +18600 2010 1001 0
a range +18500 +18800 2003 1002 0
a range +18500 +18800 2007 1002 0
a range +18600 +18800 2008 1001 0
a range +18500 +18800 2011 1002 0
a range +18600 +18800 2012 1001 0
a range +18600 +18800 2020 1001 0
a range +18800 +19000 1001 9003 0
a range +18800 +19000 2003 1002 0
a range +18800 +19000 2011 1002 0
a range +18800 +19000 2012 1001 0
a range +18800 +19000 2013 1002 0
a range +19000 +19200 2003 1002 0
a range +19000 +19200 2004 1001 0
a range +18800 +19200 2008 1001 0
a range +19000 +19200 2011 1002 0
a range +19000 +19200 2012 1001 0
a range +19200 +19300 2004 1001 0
a range +19200 +19300 2008 1001 0
a range +19200 +19300 2011 1002 0
a range +19200 +19300 2012 1001 0
a range +19000 +19300 2013 1002 0
a range +19200 +19400 2003 1002 0
a range +19300 +19400 2004 1001 0
a range +19300 +19400 2008 1001 0
a range +19300 +19400 2011 1002 0
a range +19300 +19400 2012 1001 0
a range +19300 +19400 2013 1002 0
a range +19400 +19900 1001 9003 0
a range +19400 +19900 2003 1001 0
a range +19400 +19900 2006 1002 0
a range +19400 +19900 2011 1001 0
a range +19400 +19900 2018 1002 0
a range +19400 +19900 2024 1002 0
a range +19900 +20400 2003 1001 0
a range +19900 +20400 2005 1001 0
a range +19900 +20400 2006 1002 0
a range +19900 +20400 2011 1001 0
a range +19900 +20400 2018 1002 0
a range +19900 +20400 2024 1002 0
a range +20400 +20500 2003 1001 0
a range +20400 +20500 2005 1001 0
a range +20400 +20500 2011 1001 0
a range +20500 +20800 2003 1001 0
a range +20500 +20800 2005 1001 0
a range +20400 +20800 2006 1002 0
a range +20500 +20800 2011 1001 0
a range +20400 +20800 2018 1002 0
a range +20400 +20800 2024 1002 0
a range +20800 +21000 2005 1001 0
a range +20800 +21000 2006 1002 0
a range +20800 +21000 2011 1001 0
a range +20800 +21000 2018 1002 0
a range +20800 +21000 2024 1002 0
a range +20800 +21200 2003 1001 0
a range +21000 +21200 2005 1001 0
a range +21000 +21200 2006 1002 0
a range +21000 +21200 2011 1001 0
a range +21000 +21200 2018 1002 0
a range +21000 +21200 2024 1002 0
a range +21200 +21300 1001 9003 0
a range +21200 +21300 2006 1002 0
a range +21200 +21300 2007 1001 0
a range +21200 +21300 2018 1002 0
a range +21200 +21300 2020 1001 0
a range +21200 +21300 2024 1002 0
a range +21300 +21600 2006 1002 0
a range +21300 +21600 2007 1001 0
a range +21300 +21600 2013 1001 0
a range +21300 +21600 2018 1002 0
a range +21300 +21600 2020 1001 0
a range +21300 +21600 2024 1002 0
a range +21600 +21700 1001 9003 0
a range +21600 +21700 2006 1002 0
a range +21600 +21700 2018 1002 0
a range +21600 +21700 2019 1001 0
a range +21600 +21700 2024 1002 0
a range +21700 +22000 2006 1002 0
a range +21600 +22000 2013 1001 0
a range +21700 +22000 2016 1001 0
a range +21700 +22000 2018 1002 0
a range +21700 +22000 2019 1001 0
a range +21700 +22000 2024 1002 0
a range +22000 +22200 1001 9003 0
a range +22000 +22200 2002 1002 0
a range +22000 +22200 2006 1001 0
a range +22000 +22200 2014 1002 0
a range +22000 +22200 2017 1002 0
a range +22200 +22400 2002 1002 0
a range +22200 +22400 2014 1002 0
a range +22200 +22400 2015 1001 0
a range +22200 +22400 2017 1002 0
a range +22000 +22400 2018 1001 0
a range +22400 +22500 2002 1002 0
a range +22200 +22500 2006 1001 0
a range +22400 +22500 2014 1002 0
a range +22400 +22500 2017 1002 0
a range +22400 +22500 2018 1001 0
a range +22500 +22600 2002 1002 0
a range +22500 +22600 2006 1001 0
a range +22500 +22600 2010 1001 0
a range +22500 +22600 2014 1002 0
a range +22400 +22600 2015 1001 0
a range +22600 +23000 1001 9001 0
a range +22600 +23000 1001 9003 0
a range +22600 +23000 2002 1002 0
a range +22600 +23000 2007 1001 0
a range +22600 +23000 2014 1002 0
a range +22500 +23000 2017 1002 0
a range +23000 +23200 2002 1002 0
a range +23000 +23200 2007 1001 0
a range +23000 +23200 2013 1001 0
a range +23000 +23200 2014 1002 0
a range +23000 +23200 2017 1002 0
a range +23000 +23200 2020 1001 0
a range +23200 +23500 1001 9001 0
a range +23200 +23500 1001 9003 0
a range +23200 +23500 2002 1002 0
a range +23200 +23500 2014 1002 0
a range +23200 +23500 2017 1002 0
a range +23500 +23900 1001 9003 0
a range +23500 +23900 1001 9001 0
a range +23500 +23900 2002 1002 0
a range +23500 +23900 2014 1002 0
a range +23500 +23900 2017 1002 0
a range +23900 +24100 1001 9001 0
a range +23900 +24100 1001 9003 0
a range +23900 +24100 2002 1002 0
a range +23900 +24100 2014 1002 0
a range +23900 +24100 2017 1002 0
a range +24100 +24400 1001 9001 0
a range +24100 +24400 1001 9003 0
a range +24100 +24400 2002 1002 0
a range +24100 +24400 2014 1002 0
a range +24100 +24400 2017 1002 0
a range +24400 +24500 1001 9001 0
a range +24400 +24500 2002 1002 0
a range +24400 +24500 2014 1002 0
a range +24400 +24500 2017 1002 0
a range +24400 +24700 1001 9003 0
a range +24500 +24700 1001 9001 0
a range +24500 +24700 2002 1002 0
a range +24500 +24700 2014 1002 0
a range +24500 +24700 2017 1002 0
a range +24700 +24800 1001 9001 0
a range +24700 +24800 1001 9003 0
a range +24700 +24800 2002 1002 0
a range +24700 +24800 2014 1002 0
a range +24700 +24800 2017 1002 0
a range +24800 +25100 1001 9001 0
a range +24800 +25100 1001 9003 0
a range +24800 +25100 2002 1002 0
a range +24800 +25100 2014 1002 0
a range +24800 +25100 2017 1002 0
a range +25100 +25300 1001 9001 0
a range +25100 +25300 1001 9003 0
a range +25100 +25300 1002 9002 0
a range +25100 +25300 2019 1002 0
a range +25100 +25300 2020 1002 0
a range +25300 +25600 1001 9003 0
a range +25300 +25600 1001 9001 0
a range +25300 +25600 2010 1002 0
a range +25300 +25600 2019 1002 0
a range +25300 +25600 2020 1002 0
a range +25600 +25700 1001 9001 0
a range +25600 +25700 2010 1002 0
a range +25600 +25700 2019 1002 0
a range +25600 +25700 2020 1002 0
a range +25700 +26000 1001 9001 0
a range +25700 +26000 1002 9002 0
a range +25700 +26000 2005 1002 0
a range +25700 +26000 2012 1002 0
a range +26000 +26200 2005 1002 0
a range +26000 +26200 2012 1002 0
a range +26000 +26200 2013 1002 0
a range +26000 +26200 2016 1001 0
a range +26000 +26200 2019 1001 0
a range +26200 +26600 2005 1002 0
a range +26200 +26600 2012 1002 0
a range +26200 +26600 2013 1002 0
a range +26200 +26600 2016 1001 0
a range +26200 +26600 2019 1001 0
a range +26600 +26700 2005 1002 0
a range +26000 +26700 2007 1001 0
a range +26600 +26700 2012 1002 0
a range +26600 +26700 2013 1002 0
a range +26600 +26700 2016 1001 0
a range +26700 +26800 1002 9002 0
a range +26700 +26800 2007 1001 0
a range +26700 +26800 2016 1001 0
a range +26600 +26800 2019 1001 0
a range +26700 +26800 2022 1002 0
a range +26700 +27000 2004 1002 0
a range +26800 +27000 2007 1001 0
a range +26800 +27000 2016 1001 0
a range +26800 +27000 2019 1001 0
a range +26800 +27000 2021 1002 0
a range +26800 +27000 2022 1002 0
a range +27000 +27300 2005 1002 0
a range +27000 +27300 2007 1001 0
a range +27000 +27300 2016 1001 0
a range +27000 +27300 2019 1001 0
a range +27000 +27300 2022 1002 0
a range +27000 +27300 2023 1002 0
a range +27300 +27500 1002 9003 0
a range +27300 +27500 2007 1001 0
a range +27300 +27500 2009 1002 0
a range +27300 +27500 2016 1001 0
a range +27300 +27500 2019 1001 0
a range +27300 +27600 2008 1002 0
a range +27500 +27600 2009 1002 0
a range +27500 +27900 2007 1001 0
a range +27600 +27900 2008 1002 0
a range +27600 +27900 2009 1002 0
a range +27500 +27900 2016 1001 0
a range +27500 +27900 2019 1001 0
a range +27500 +27900 2021 1002 0
a range +27900 +28000 1002 9003 0
a range +27900 +28000 2007 1001 0
a range +27900 +28000 2016 1001 0
a range +27900 +28000 2019 1001 0
a range +27900 +28000 2022 1002 0
a range +28000 +28300 2007 1001 0
a range +28000 +28300 2010 1002 0
a range +27900 +28300 2015 1002 0
a range +28000 +28300 2016 1001 0
a range +28000 +28300 2019 1001 0
a range +28000 +28300 2022 1002 0
a range +28300 +28400 1002 9003 0
a range +28300 +28400 2013 1002 0
a range +28300 +28400 2015 1002 0
a range +28300 +28700 2007 1001 0
a range +28400 +28700 2015 1002 0
a range +28300 +28700 2016 1001 0
a range +28300 +28700 2019 1001 0
a range +28400 +28700 2020 1002 0
a range +28400 +28700 2022 1002 0
a range +28700 +28800 1002 9003 0
a range +28700 +28800 2004 1002 0
a range +28700 +28800 2016 1001 0
a range +28800 +28900 1002 9003 0
a range +28700 +28900 2007 1001 0
a range +28700 +28900 2009 1001 0
a range +28700 +28900 2019 1002 0
a range +28800 +28900 2023 1002 0
a range +28900 +29300 2004 1002 0
a range +28900 +29300 2007 1001 0
a range +28900 +29300 2009 1001 0
a range +28800 +29300 2017 1001 0
a range +28900 +29300 2019 1002 0
a range +28900 +29300 2023 1002 0
a range +29300 +29800 1002 9003 0
a range +29300 +29800 2007 1001 0
a range +29300 +29800 2009 1001 0
a range +29300 +29800 2013 1002 0
a range +29300 +29800 2017 1001 0
a range +29300 +29800 2019 1002 0
a range +29800 +30200 2007 1001 0
a range +29800 +30200 2009 1001 0
a range +29800 +30200 2013 1002 0
a range +29800 +30200 2015 1002 0
a range +29800 +30200 2017 1001 0
a range +29800 +30200 2019 1002 0
a range +30200 +30400 2007 1001 0
a range +30200 +30400 2009 1001 0
a range +30200 +30400 2013 1002 0
a range +30200 +30400 2015 1002 0
a range +30200 +30400 2017 1001 0
a range +30200 +30400 2019 1002 0
a range +30400 +30500 2007 1001 0
a range +30400 +30500 2013 1002 0
a range +30400 +30500 2017 1001 0
a range +30400 +30500 2019 1002 0
a range +30500 +30600 2007 1001 0
a range +30400 +30600 2009 1001 0
a range +30500 +30600 2013 1002 0
a range +30400 +30600 2015 1002 0
a range +30500 +30600 2017 1001 0
a range +30500 +30600 2019 1002 0
a range +30600 +30700 2007 1001 0
a range +30600 +30700 2009 1001 0
a range +30600 +30700 2015 1002 0
a range +30600 +30700 2017 1001 0
a range +30600 +30700 2019 1002 0
a range +30700 +31000 2007 1001 0
a range +30700 +31000 2009 1001 0
a range +30600 +31000 2013 1002 0
a range +30700 +31000 2015 1002 0
a range +30700 +31000 2017 1001 0
a range +30700 +31000 2019 1002 0
a range +31000 +31100 1002 9003 0
a range +31000 +31100 2007 1001 0
a range +31000 +31100 2009 1001 0
a range +31000 +31100 2017 1001 0
a range +31000 +31100 2021 1002 0
a range +31100 +31400 2007 1001 0
a range +31100 +31400 2009 1001 0
a range +31000 +31400 2010 1002 0
a range +31100 +31400 2017 1001 0
a range +31100 +31400 2021 1002 0
a range +31100 +31400 2022 1002 0
a range +31400 +31600 1002 9003 0
a range +31400 +31600 2004 1001 0
a range +31400 +31600 2005 1002 0
a range +31400 +31600 2010 1001 0
a range +31400 +31600 2020 1002 0
a range +31600 +31800 2005 1002 0
a range +31600 +31800 2010 1001 0
a range +31400 +31800 2017 1001 0
a range +31600 +31800 2020 1002 0
a range +31600 +31800 2023 1002 0
a range +31600 +31900 2004 1001 0
a range +31800 +31900 2005 1002 0
a range +31800 +31900 2010 1001 0
a range +31800 +31900 2020 1002 0
a range +31900 +32000 2004 1001 0
a range +31900 +32000 2005 1002 0
a range +31900 +32000 2010 1001 0
a range +31800 +32000 2017 1001 0
a range +31900 +32000 2020 1002 0
a range +31800 +32000 2023 1002 0
a range +32000 +32400 1002 9003 0
a range +32000 +32400 1002 9001 0
a range +32000 +32400 2004 1001 0
a range +32000 +32400 2007 1002 0
a range +32000 +32400 2010 1001 0
a range +32000 +32400 2017 1001 0
a range +32400 +32500 1002 9001 0
a range +32400 +32500 2004 1001 0
a range +32400 +32500 2007 1002 0
a range +32400 +32500 2008 1002 0
a range +32400 +32500 2010 1001 0
a range +32400 +32500 2017 1001 0
a range +32500 +32900 2004 1001 0
a range +32500 +32900 2007 1002 0
a range +32500 +32900 2008 1002 0
a range +32500 +32900 2010 1001 0
a range +32500 +32900 2012 1002 0
a range +32500 +32900 2017 1001 0
a range +32900 +33100 2007 1002 0
a range +32900 +33100 2008 1002 0
a range +32900 +33100 2012 1002 0
a range +32900 +33300 2004 1001 0
a range +33100 +33300 2007 1002 0
a range +33100 +33300 2008 1002 0
a range +32900 +33300 2010 1001 0
a range +33100 +33300 2012 1002 0
a range +32900 +33300 2017 1001 0
a range +33300 +33500 2004 1001 0
a range +33300 +33500 2007 1002 0
a range +33300 +33500 2008 1002 0
a range +33300 +33500 2010 1001 0
a range +33300 +33500 2012 1002 0
a range +33300 +33500 2017 1001 0
a range +33500 +33800 2004 1001 0
a range +33500 +33800 2007 1002 0
a range +33500 +33800 2008 1002 0
a range +33500 +33800 2010 1001 0
a range +33500 +33800 2012 1002 0
a range +33500 +33800 2017 1001 0
a range +33800 +33900 2004 1001 0
a range +33800 +33900 2007 1002 0
a range +33800 +33900 2008 1002 0
a range +33800 +33900 2010 1001 0
a range +33800 +33900 2012 1002 0
a range +33800 +33900 2017 1001 0
a range +33900 +34200 2004 1001 0
a range +33900 +34200 2007 1002 0
a range +33900 +34200 2008 1002 0
a range +33900 +34200 2010 1001 0
a range +33900 +34200 2012 1002 0
a range +33900 +34200 2017 1001 0
a range +34200 +34300 2010 1001 0
a range +34200 +34300 2017 1001 0
a range +34200 +34600 2004 1001 0
a range +34200 +34600 2007 1002 0
a range +34200 +34600 2008 1002 0
a range +34300 +34600 2010 1001 0
a range +34200 +34600 2012 1002 0
a range +34300 +34600 2017 1001 0
a range +34600 +34700 2004 1001 0
a range +34600 +34700 2007 1002 0
a range +34600 +34700 2009 1002 0
a range +34600 +34700 2010 1001 0
a range +34600 +34700 2012 1002 0
a range +34600 +34700 2017 1001 0
a range +34700 +34900 2004 1001 0
a range +34700 +34900 2007 1002 0
a range +34700 +34900 2009 1002 0
a range +34700 +34900 2010 1001 0
a range +34700 +34900 2012 1002 0
a range +34700 +34900 2017 1001 0
a range +34900 +35000 2004 1001 0
a range +34900 +35000 2010 1001 0
a range +34900 +35000 2021 1002 0
a range +34900 +35000 2022 1002 0
a range +35000 +35100 2004 1001 0
a range +35000 +35100 2010 1001 0
a range +34900 +35100 2017 1001 0
a range +34900 +35600 1002 9001 0
a range +35100 +35600 2004 1001 0
a range +35100 +35600 2010 1001 0
a range +35100 +35600 2020 1001 0
a range +35600 +36100 1002 9001 0
a range +35600 +36100 2004 1001 0
a range +35600 +36100 2010 1001 0
a range +35600 +36100 2020 1001 0
a range +36100 +36500 1002 9001 0
a range +36500 +36700 1002 9001 0
a range +36100 +36700 2004 1001 0
a range +36100 +36700 2010 1001 0
a range +36100 +36700 2020 1001 0
a range +36700 +36900 1002 9001 0
a range +36700 +36900 2004 1001 0
a range +36700 +36900 2010 1001 0
a range +36700 +36900 2020 1001 0
a range +36900 +37000 2004 1001 0
a range +36900 +37000 2010 1001 0
a range +36900 +37300 1002 9001 0
a range +37000 +37300 2004 1001 0
a range +37000 +37300 2010 1001 0
a range +36900 +37300 2020 1001 0
a range +37300 +37400 1002 9001 0
a range +37300 +37400 2004 1001 0
a range +37300 +37400 2010 1001 0
a range +37300 +37400 2020 1001 0
a range +37400 +37700 1002 9001 0
a range +37400 +37700 2004 1001 0
a range +37400 +37700 2010 1001 0
a range +37400 +37700 2020 1001 0
a range +37700 +37900 2004 1001 0
a range +37700 +37900 2009 1002 0
a range +37700 +37900 2010 1001 0
a range +37700 +37900 2020 1001 0
a range +37700 +37900 2021 1002 0
a range +37700 +37900 2023 1002 0
a range +37900 +38200 2004 1001 0
a range +37900 +38200 2009 1002 0
a range +37900 +38200 2010 1001 0
a range +37900 +38200 2020 1001 0
a range +37900 +38200 2021 1002 0
a range +37900 +38200 2023 1002 0
a range +38200 +38300 2004 1001 0
a range +38200 +38300 2010 1001 0
a range +38200 +38300 2020 1001 0
a range +38200 +38700 2009 1002 0
a range +38300 +38700 2012 1001 0
a range +38300 +38700 2015 1001 0
a range +38300 +38700 2020 1001 0
a range +38200 +38700 2021 1002 0
a range +38200 +38700 2023 1002 0
a range +38700 +38800 2012 1001 0
a range +38700 +38800 2015 1001 0
a range +38700 +38800 2020 1001 0
a range +38700 +39200 2009 1002 0
a range +38800 +39200 2012 1001 0
a range +38800 +39200 2015 1001 0
a range +38800 +39200 2020 1001 0
a range +38700 +39200 2021 1002 0
a range +38700 +39200 2023 1002 0
a range +39200 +39600 2009 1002 0
a range +39200 +39600 2012 1001 0
a range +39200 +39600 2015 1001 0
a range +39200 +39600 2020 1001 0
a range +39200 +39600 2021 1002 0
a range +39200 +39600 2023 1002 0
a range +39600 +39700 2015 1001 0
a range +39600 +39700 2020 1001 0
a range +39600 +39800 2009 1002 0
a range +39600 +39800 2012 1001 0
a range +39700 +39800 2015 1001 0
a range +39700 +39800 2020 1001 0
a range +39600 +39800 2021 1002 0
a range +39600 +39800 2023 1002 0
a range +39800 +40100 2009 1002 0
a range +39800 +40100 2012 1001 0
a range +39800 +40100 2015 1001 0
a range +39800 +40100 2020 1001 0
a range +39800 +40100 2021 1002 0
a range +39800 +40100 2023 1002 0
a range +40100 +40200 2009 1002 0
a range +40100 +40200 2012 1001 0
a range +40100 +40200 2015 1001 0
a range +40100 +40200 2020 1001 0
a range +40100 +40200 2021 1002 0
a range +40100 +40200 2023 1002 0
a range +40200 +40500 2009 1002 0
a range +40200 +40500 2012 1001 0
a range +40200 +40500 2015 1001 0
a range +40200 +40500 2020 1001 0
a range +40200 +40500 2021 1002 0
a range +40200 +40500 2023 1002 0
a range +40500 +40800 2009 1002 0
a range +40500 +40800 2012 1001 0
a range +40500 +40800 2015 1001 0
a range +40500 +40800 2020 1001 0
a range +40500 +40800 2021 1002 0
a range +40500 +40800 2023 1002 0
a range +40800 +41000 2006 1001 0
a range +40800 +41000 2009 1002 0
a range +40800 +41000 2015 1001 0
a range +40800 +41000 2020 1001 0
a range +40800 +41000 2021 1002 0
a range +40800 +41000 2023 1002 0
a range +41000 +41100 2006 1001 0
a range +41000 +41100 2009 1002 0
a range +41000 +41100 2015 1001 0
a range +41000 +41100 2020 1001 0
a range +41000 +41100 2021 1002 0
a range +41000 +41100 2023 1002 0
a range +41100 +41300 2006 1001 0
a range +41100 +41300 2009 1002 0
a range +41100 +41300 2015 1001 0
a range +41100 +41300 2020 1001 0
a range +41100 +41300 2021 1002 0
a range +41100 +41300 2023 1002 0
a range +41300 +41400 2006 1001 0
a range +41300 +41400 2009 1002 0
a range +41300 +41400 2015 1001 0
a range +41300 +41400 2020 1001 0
a range +41300 +41400 2021 1002 0
a range +41300 +41400 2023 1002 0
a range +41400 +41900 2006 1001 0
a range +41400 +41900 2009 1002 0
a range +41400 +41900 2014 1001 0
a range +41400 +41900 2015 1001 0
a range +41400 +41900 2021 1002 0
a range +41400 +41900 2023 1002 0
a range +41900 +42200 2006 1001 0
a range +41900 +42200 2009 1002 0
a range +41900 +42200 2014 1001 0
a range +41900 +42200 2015 1001 0
a range +41900 +42200 2021 1002 0
a range +41900 +42200 2023 1002 0
a range +42200 +42500 2006 1001 0
a range +42200 +42500 2009 1002 0
a range +42200 +42500 2014 1001 0
a range +42200 +42500 2015 1001 0
a range +42200 +42500 2021 1002 0
a range +42200 +42500 2023 1002 0
a range +42500 +42800 2006 1001 0
a range +42500 +42800 2009 1002 0
a range +42500 +42800 2014 1001 0
a range +42500 +42800 2015 1001 0
a range +42500 +42800 2021 1002 0
a range +42500 +42800 2023 1002 0
a range +42800 +43000 2006 1001 0
a range +42800 +43000 2009 1002 0
a range +42800 +43000 2014 1001 0
a range +42800 +43000 2015 1001 0
a range +42800 +43000 2021 1002 0
a range +42800 +43000 2023 1002 0
a range +43000 +43200 2008 1001 0
a range +43000 +43200 2009 1002 0
a range +43000 +43200 2013 1001 0
a range +43000 +43200 2018 1001 0
a range +43000 +43200 2021 1002 0
a range +43000 +43200 2023 1002 0
a range +43200 +43300 1001 9001 0
a range +43200 +43300 1001 9003 0
a range +43200 +43300 2005 1001 0
a range +43200 +43300 2009 1002 0
a range +43200 +43300 2021 1002 0
a range +43200 +43300 2023 1002 0
a range +43300 +43600 2005 1001 0
a range +43300 +43600 2008 1001 0
a range +43300 +43600 2009 1002 0
a range +43300 +43600 2018 1001 0
a range +43300 +43600 2021 1002 0
a range +43300 +43600 2023 1002 0
a range +43600 +43700 2005 1001 0
a range +43600 +43700 2008 1001 0
a range +43600 +43700 2009 1002 0
a range +43600 +43700 2018 1001 0
a range +43600 +43700 2021 1002 0
a range +43600 +43700 2023 1002 0
a range +43700 +44000 2005 1001 0
a range +43700 +44000 2008 1001 0
a range +43700 +44000 2009 1002 0
a range +43700 +44000 2013 1001 0
a range +43700 +44000 2021 1002 0
a range +43700 +44000 2023 1002 0
a range +44000 +44100 1001 9003 0
a range +44000 +44100 1001 9001 0
a range +44000 +44100 2004 1002 0
a range +44000 +44100 2010 1002 0
a range +44000 +44100 2013 1001 0
a range +44100 +44200 2004 1002 0
a range +44100 +44200 2008 1001 0
a range +44100 +44200 2010 1002 0
a range +44100 +44200 2013 1001 0
a range +44200 +44400 2004 1002 0
a range +44100 +44400 2005 1001 0
a range +44000 +44400 2006 1002 0
a range +44200 +44400 2008 1001 0
a range +44200 +44400 2010 1002 0
a range +44200 +44400 2013 1001 0
a range +44400 +44500 1001 9001 0
a range +44400 +44500 2004 1002 0
a range +44400 +44500 2006 1002 0
a range +44400 +44500 2008 1001 0
a range +44400 +44500 2010 1002 0
a range +44400 +44500 2018 1001 0
a range +44500 +44600 2003 1001 0
a range +44500 +44600 2004 1002 0
a range +44500 +44600 2006 1002 0
a range +44500 +44600 2008 1001 0
a range +44500 +44600 2018 1001 0
a range +44600 +45000 2004 1002 0
a range +44600 +45000 2006 1002 0
a range +44600 +45000 2008 1001 0
a range +44500 +45000 2010 1002 0
a range +44600 +45000 2013 1001 0
a range +44600 +45000 2018 1001 0
a range +45000 +45400 1001 9001 0
a range +45000 +45400 2004 1002 0
a range +45000 +45400 2006 1002 0
a range +45000 +45400 2010 1002 0
a range +45000 +45400 2013 1001 0
a range +45000 +45400 2018 1001 0
a range +45400 +45900 2004 1002 0
a range +45400 +45900 2006 1002 0
a range +45400 +45900 2008 1001 0
a range +45400 +45900 2010 1002 0
a range +45400 +45900 2013 1001 0
a range +45400 +45900 2018 1001 0
a range +45900 +46100 2004 1002 0
a range +45900 +46100 2006 1002 0
a range +45900 +46100 2008 1001 0
a range +45900 +46100 2010 1002 0
a range +45900 +46100 2013 1001 0
a range +45900 +46100 2018 1001 0
a range +46100 +46400 1001 9001 0
a range +46100 +46400 2003 1001 0
a range +46100 +46400 2004 1002 0
a range +46100 +46400 2006 1002 0
a range +46100 +46400 2010 1002 0
a range +46100 +46400 2011 1001 0
a range +46400 +46500 1002 9003 0
a range +46400 +46500 2002 1001 0
a range +46400 +46500 2011 1001 0
a range +46400 +46500 2022 1002 0
a range +46500 +46700 2002 1001 0
a range +46400 +46700 2003 1001 0
a range +46400 +46700 2005 1002 0
a range +46500 +46700 2011 1001 0
a range +46500 +46700 2016 1002 0
a range +46500 +46700 2022 1002 0
a range +46700 +46800 1002 9003 0
a range +46700 +46800 2001 1001 0
a range +46700 +46800 2002 1001 0
a range +46700 +46800 2003 1002 0
a range +46700 +46800 2022 1001 0
a range +46800 +47100 1001 9001 0
a range +46900 +47100 1001 9002 0
a range +46800 +47100 2003 1002 0
a range +46700 +47100 2005 1002 0
a range +46800 +47100 2022 1002 0
a range +47100 +47300 1001 9002 0
a range +47100 +47300 1001 9001 0
a range +47100 +47300 1002 9003 0
a range +47100 +47300 2001 1002 0
a range +47100 +47300 2020 1002 0
a range +47300 +47600 1001 9002 0
a range +47300 +47600 1001 9001 0
a range +47300 +47600 2001 1002 0
a range +47300 +47600 2020 1002 0
a range +47300 +47600 2022 1002 0
a range +47600 +47700 1001 9001 0
a range +47600 +47700 1001 9002 0
a range +47600 +47700 2001 1002 0
a range +47600 +47700 2020 1002 0
a range +47600 +47700 2022 1002 0
a range +47700 +48200 1001 9002 0
a range +47700 +48200 1001 9001 0
a range +47700 +48200 2003 1002 0
a range +47700 +48200 2011 1002 0
a range +47700 +48200 2015 1002 0
a range +48200 +48600 1001 9001 0
a range +48200 +48600 1001 9002 0
a range +48200 +48600 1002 9003 0
a range +48200 +48600 2020 1002 0
a range +48200 +48700 2011 1002 0
a range +48600 +48700 2020 1002 0
a range +48700 +48800 2011 1002 0
a range +48700 +48800 2020 1002 0
a range +48600 +48900 1001 9002 0
a range +48600 +48900 1001 9001 0
a range +48800 +48900 2011 1002 0
a range +48800 +48900 2020 1002 0
a range +48600 +48900 2024 1002 0
a range +48900 +49000 1001 9002 0
a range +48900 +49000 2011 1002 0
a range +48900 +49000 2020 1002 0
a range +48900 +49000 2024 1002 0
a range +49000 +49300 1001 9002 0
a range +49000 +49300 2011 1002 0
a range +49000 +49300 2020 1002 0
a range +49000 +49300 2024 1002 0
a range +49300 +49500 1001 9002 0
a range +49300 +49500 1002 9003 0
a range +49300 +49500 2015 1002 0
a range +49500 +49600 2005 1001 0
a range +49500 +49600 2014 1001 0
a range +49500 +49600 2015 1002 0
a range +49300 +49600 2016 1002 0
a range +49500 +49600 2018 1002 0
a range +49500 +49600 2021 1001 0
a range +49600 +49900 2005 1001 0
a range +49600 +49900 2014 1001 0
a range +49600 +49900 2015 1002 0
a range +49600 +49900 2016 1002 0
a range +49600 +49900 2018 1002 0
a range +49600 +49900 2021 1001 0
a range +49900 +50000 2002 1002 0
a range +49900 +50000 2003 1002 0
a range +49900 +50000 2005 1001 0
a range +49900 +50000 2014 1001 0
a range +49900 +50000 2021 1001 0
a range +49900 +50000 2022 1002 0
a range +50000 +50300 1002 9003 0
a range +50000 +50300 2005 1001 0
a range +50000 +50300 2013 1002 0
a range +50000 +50300 2014 1001 0
a range +50000 +50300 2021 1001 0
a range +50300 +50400 2013 1002 0
a range +50000 +50400 2019 1002 0
a range +50300 +50700 2005 1001 0
a range +50400 +50700 2013 1002 0
a range +50300 +50700 2014 1001 0
a range +50300 +50700 2018 1002 0
a range +50400 +50700 2019 1002 0
a range +50300 +50700 2021 1001 0
a range +50700 +50800 2005 1001 0
a range +50700 +50800 2013 1002 0
a range +50700 +50800 2014 1001 0
a range +50700 +50800 2018 1002 0
a range +50700 +50800 2019 1002 0
a range +50700 +50800 2021 1001 0
a range +50800 +50900 2005 1001 0
a range +50800 +50900 2013 1002 0
a range +50800 +50900 2014 1001 0
a range +50800 +50900 2018 1002 0
a range +50800 +50900 2019 1002 0
a range +50800 +50900 2021 1001 0
a range +50900 +51300 2005 1001 0
a range +50900 +51300 2013 1002 0
a range +50900 +51300 2014 1001 0
a range +50900 +51300 2018 1002 0
a range +50900 +51300 2019 1002 0
a range +50900 +51300 2021 1001 0
a range +51300 +51800 1002 9001 0
a range +51300 +51800 1002 9003 0
a range +51300 +51800 2001 1002 0
a range +51300 +51800 2005 1001 0
a range +51300 +51800 2014 1001 0
a range +51300 +51800 2021 1001 0
a range +51800 +51900 2001 1002 0
a range +51800 +51900 2003 1002 0
a range +51800 +51900 2022 1002 0
a range +51900 +52200 2001 1002 0
a range +51900 +52200 2003 1002 0
a range +51800 +52200 2005 1001 0
a range +51800 +52200 2014 1001 0
a range +51800 +52200 2021 1001 0
a range +51900 +52200 2022 1002 0
a range +52200 +52400 2001 1002 0
a range +52200 +52400 2005 1001 0
a range +52200 +52400 2014 1001 0
a range +52200 +52400 2021 1001 0
a range +52200 +52400 2022 1002 0
a range +52400 +52600 2001 1002 0
a range +52200 +52600 2003 1002 0
a range +52400 +52600 2005 1001 0
a range +52400 +52600 2014 1001 0
a range +52400 +52600 2021 1001 0
a range +52400 +52600 2022 1002 0
a range +52600 +52700 2001 1002 0
a range +52600 +52700 2003 1002 0
a range +52600 +52700 2005 1001 0
a range +52600 +52700 2014 1001 0
a range +52600 +52700 2021 1001 0
a range +52600 +52700 2022 1002 0
a range +52700 +53000 2001 1002 0
a range +52700 +53000 2003 1002 0
a range +52700 +53000 2005 1001 0
a range +52700 +53000 2014 1001 0
a range +52700 +53000 2021 1001 0
a range +52700 +53000 2022 1002 0
a range +53000 +53100 2001 1002 0
a range +53000 +53100 2003 1002 0
a range +53000 +53100 2005 1001 0
a range +53000 +53100 2014 1001 0
a range +53000 +53100 2021 1001 0
a range +53000 +53100 2022 1002 0
a range +53100 +53300 2001 1002 0
a range +53100 +53300 2003 1002 0
a range +53100 +53300 2005 1001 0
a range +53100 +53300 2014 1001 0
a range +53100 +53300 2021 1001 0
a range +53100 +53300 2022 1002 0
a range +53300 +53600 2001 1002 0
a range +53300 +53600 2003 1002 0
a range +53300 +53600 2005 1001 0
a range +53300 +53600 2014 1001 0
a range +53300 +53600 2021 1001 0
a range +53300 +53600 2022 1002 0
a range +53600 +53900 2001 1002 0
a range +53600 +53900 2003 1002 0
a range +53600 +53900 2005 1001 0
a range +53600 +53900 2014 1001 0
a range +53600 +53900 2021 1001 0
a range +53600 +53900 2022 1002 0
a range +53900 +54000 2002 1001 0
a range +53900 +54000 2021 1001 0
a range +53900 +54400 2001 1002 0
a range +54000 +54400 2002 1001 0
a range +53900 +54400 2003 1002 0
a range +53900 +54400 2005 1001 0
a range +54000 +54400 2021 1001 0
a range +53900 +54400 2022 1002 0
a range +54400 +54500 2002 1001 0
a range +54400 +54500 2005 1001 0
a range +54400 +54500 2021 1001 0
a range +54400 +54600 2001 1002 0
a range +54500 +54600 2002 1001 0
a range +54400 +54600 2003 1002 0
a range +54500 +54600 2005 1001 0
a range +54500 +54600 2021 1001 0
a range +54400 +54600 2022 1002 0
a range +54600 +54700 2002 1001 0
a range +54600 +54700 2005 1001 0
a range +54600 +54700 2015 1002 0
a range +54600 +54700 2017 1002 0
a range +54600 +54700 2018 1002 0
a range +54600 +54700 2021 1001 0
a range +54700 +54900 1002 9001 0
a range +54700 +54900 2002 1001 0
a range +54700 +54900 2005 1001 0
a range +54700 +54900 2016 1002 0
a range +54700 +54900 2021 1001 0
a range +54900 +55000 2005 1001 0
a range +54900 +55000 2021 1001 0
a range +54900 +55100 2002 1001 0
a range +55000 +55100 2005 1001 0
a range +54900 +55100 2016 1002 0
a range +54700 +55100 2020 1002 0
a range +55000 +55100 2021 1001 0
a range +55100 +55300 2002 1001 0
a range +55100 +55300 2005 1001 0
a range +54900 +55300 2012 1002 0
a range +55100 +55300 2016 1002 0
a range +55100 +55300 2020 1002 0
a range +55100 +55300 2021 1001 0
a range +55300 +55500 2002 1001 0
a range +55300 +55500 2005 1001 0
a range +55300 +55500 2012 1002 0
a range +55300 +55500 2016 1002 0
a range +55300 +55500 2020 1002 0
a range +55300 +55500 2021 1001 0
a range +55500 +55800 1002 9001 0
a range +55500 +55800 2002 1001 0
a range +55500 +55800 2005 1001 0
a range +55500 +55800 2014 1002 0
a range +55500 +55800 2021 1001 0
a range +55500 +55800 2024 1002 0
a range +55800 +55900 2002 1001 0
a range +55800 +55900 2005 1001 0
a range +55800 +55900 2021 1001 0
a range +55900 +56100 2002 1001 0
a range +55900 +56100 2005 1001 0
a range +55800 +56100 2014 1002 0
a range +55800 +56100 2017 1002 0
a range +55900 +56100 2021 1001 0
a range +55800 +56100 2024 1002 0
a range +56100 +56200 2002 1001 0
a range +56100 +56200 2005 1001 0
a range +56100 +56200 2014 1002 0
a range +56100 +56200 2017 1002 0
a range +56100 +56200 2021 1001 0
a range +56100 +56200 2024 1002 0
a range +56200 +56300 2002 1001 0
a range +56200 +56300 2005 1001 0
a range +56200 +56300 2014 1002 0
a range +56200 +56300 2017 1002 0
a range +56200 +56300 2021 1001 0
a range +56300 +56600 2002 1001 0
a range +56300 +56600 2005 1001 0
a range +56300 +56600 2014 1002 0
a range +56300 +56600 2017 1002 0
a range +56300 +56600 2021 1001 0
a range +56200 +56600 2024 1002 0
a range +56600 +56700 1002 9002 0
a range +56600 +56700 1002 9001 0
a range +56600 +56700 2002 1001 0
a range +56600 +56700 2005 1002 0
a range +56600 +56700 2011 1001 0
a range +56600 +56700 2021 1001 0
a range +56700 +57000 2002 1001 0
a range +56700 +57000 2005 1002 0
a range +56700 +57000 2011 1001 0
a range +56700 +57000 2015 1002 0
a range +56700 +57000 2018 1002 0
a range +56700 +57000 2021 1001 0
a range +57000 +57100 2005 1002 0
a range +57000 +57100 2011 1001 0
a range +57000 +57100 2015 1002 0
a range +57000 +57100 2018 1002 0
a range +57000 +57100 2021 1001 0
a range +57100 +57600 1002 9001 0
a range +57100 +57600 1002 9002 0
a range +57000 +57600 2002 1001 0
a range +57100 +57600 2003 1001 0
a range +57100 +57600 2005 1002 0
a range +57100 +57600 2011 1001 0
a range +57600 +58100 2002 1001 0
a range +57600 +58100 2003 1001 0
a range +57600 +58100 2005 1002 0
a range +57600 +58100 2008 1002 0
a range +57600 +58100 2011 1001 0
a range +57600 +58100 2016 1002 0
a range +58100 +58200 2005 1002 0
a range +58100 +58200 2008 1002 0
a range +58100 +58200 2016 1002 0
a range +58100 +58500 2002 1001 0
a range +58100 +58500 2003 1001 0
a range +58200 +58500 2005 1002 0
a range +58200 +58500 2008 1002 0
a range +58100 +58500 2011 1001 0
a range +58200 +58500 2016 1002 0
a range +58500 +58700 1002 9002 0
a range +58500 +58700 2002 1001 0
a range +58500 +58700 2003 1001 0
a range +58500 +58700 2011 1001 0
a range +58700 +58900 1002 9002 0
a range +58700 +58900 2002 1001 0
a range +58700 +58900 2003 1001 0
a range +58700 +58900 2011 1001 0
a range +58900 +59000 1002 9002 0
a range +58900 +59000 2002 1001 0
a range +58900 +59000 2003 1001 0
a range +59000 +59300 1002 9002 0
a range +59000 +59300 2002 1001 0
a range +59000 +59300 2003 1001 0
a range +58900 +59300 2011 1001 0
a range +59300 +59400 2002 1001 0
a range +59300 +59400 2003 1001 0
a range +59300 +59400 2011 1001 0
a range +59300 +59500 1002 9002 0
a range +59400 +59500 2002 1001 0
a range +59400 +59500 2003 1001 0
a range +59400 +59500 2011 1001 0
a range +59500 +59700 1002 9002 0
a range +59500 +59700 2002 1001 0
a range +59500 +59700 2003 1001 0
a range +59500 +59700 2011 1001 0
a range +59700 +59900 1002 9002 0
a range +59700 +59900 2002 1001 0
a range +59700 +59900 2003 1001 0
a range +59700 +59900 2011 1001 0
a range +59900 +60200 1002 9002 0
a range +59900 +60200 2002 1001 0
a range +59900 +60200 2003 1001 0
a range +59900 +60200 2011 1001 0
a range +60200 +60300 1002 9002 0
a range +60200 +60300 2002 1001 0
a range +60200 +60300 2003 1001 0
a range +60200 +60300 2011 1001 0
a range +60300 +60700 1002 9002 0
a range +60300 +60700 2002 1001 0
a range +60300 +60700 2003 1001 0
a range +60300 +60700 2011 1001 0
a range +60700 +60800 1002 9002 0
a range +60800 +61200 1002 9002 0
a range +60700 +61200 2002 1001 0
a range +60700 +61200 2003 1001 0
a range +60700 +61200 2011 1001 0
a range +61200 +61300 1002 9002 0
a range +61200 +61400 2002 1001 0
a range +61200 +61400 2003 1001 0
a range +61200 +61400 2011 1001 0
a range +61400 +61600 2002 1001 0
a range +61400 +61600 2003 1001 0
a range +61300 +61600 2004 1002 0
a range +61300 +61600 2005 1002 0
a range +61400 +61600 2011 1001 0
a range +61300 +61600 2019 1002 0
a range +61600 +61800 2003 1001 0
a range +61600 +61800 2004 1002 0
a range +61600 +61800 2005 1002 0
a range +61600 +61800 2011 1001 0
a range +61600 +62100 2002 1001 0
a range +61800 +62100 2003 1001 0
a range +61800 +62100 2004 1002 0
a range +61800 +62100 2005 1002 0
a range +61800 +62100 2011 1001 0
a range +61600 +62100 2019 1002 0
a range +62100 +62200 2002 1001 0
a range +62100 +62200 2003 1001 0
a range +62100 +62200 2011 1001 0
a range +62200 +62400 2002 1001 0
a range +62200 +62400 2003 1001 0
a range +62100 +62400 2004 1002 0
a range +62100 +62400 2005 1002 0
a range +62200 +62400 2011 1001 0
a range +62100 +62400 2019 1002 0
a range +62400 +62500 2002 1001 0
a range +62400 +62500 2011 1001 0
a range +62500 +62600 2002 1001 0
a range +62400 +62600 2004 1002 0
a range +62400 +62600 2005 1002 0
a range +62500 +62600 2011 1001 0
a range +62600 +62900 2002 1001 0
a range +62400 +62900 2003 1001 0
a range +62600 +62900 2004 1002 0
a range +62600 +62900 2005 1002 0
a range +62600 +62900 2011 1001 0
a range +62400 +62900 2019 1002 0
a range +62900 +63000 2002 1001 0
a range +62900 +63000 2003 1001 0
a range +62900 +63000 2004 1002 0
a range +62900 +63000 2005 1002 0
a range +62900 +63000 2019 1002 0
a range +62900 +63000 2022 1001 0
a range +63000 +63300 2002 1001 0
a range +63000 +63300 2003 1001 0
a range +63000 +63300 2004 1002 0
a range +63000 +63300 2005 1002 0
a range +63000 +63300 2019 1002 0
a range +63000 +63300 2022 1001 0
a range +63300 +63400 2002 1001 0
a range +63300 +63400 2003 1001 0
a range +63300 +63400 2022 1001 0
a range +63300 +63900 2004 1002 0
a range +63300 +63900 2005 1002 0
a range +63400 +63900 2006 1001 0
a range +63400 +63900 2012 1001 0
a range +63300 +63900 2019 1002 0
a range +63400 +63900 2024 1001 0
a range +63900 +64300 1001 9001 0
a range +63900 +64300 2002 1002 0
a range +63900 +64300 2004 1002 0
a range +63900 +64300 2022 1001 0
a range +63900 +64300 2024 1001 0
a range +64300 +64400 2001 1001 0
a range +64300 +64400 2004 1002 0
a range +63900 +64400 2005 1002 0
a range +64300 +64400 2022 1001 0
a range +64300 +64500 2002 1002 0
a range +64400 +64500 2004 1002 0
a range +64400 +64500 2005 1002 0
a range +64400 +64800 2001 1001 0
a range +64500 +64800 2002 1002 0
a range +64500 +64800 2004 1002 0
a range +64500 +64800 2005 1002 0
a range +64400 +64800 2022 1001 0
a range +64300 +64800 2024 1001 0
a range +64800 +65000 2001 1001 0
a range +64800 +65000 2002 1002 0
a range +64800 +65000 2004 1002 0
a range +64800 +65000 2005 1002 0
a range +64800 +65000 2022 1001 0
a range +64800 +65000 2024 1001 0
a range +65000 +65200 1001 9001 0
a range +65000 +65200 2002 1002 0
a range +65000 +65200 2004 1002 0
a range +65000 +65200 2005 1002 0
a range +65000 +65200 2009 1001 0
a range +65000 +65200 2023 1001 0
a range +65200 +65300 2002 1002 0
a range +65200 +65300 2004 1002 0
a range +65200 +65300 2005 1002 0
a range +65200 +65300 2009 1001 0
a range +65200 +65300 2023 1001 0
a range +65300 +65600 2002 1002 0
a range +65300 +65600 2004 1002 0
a range +65300 +65600 2005 1002 0
a range +65200 +65600 2008 1001 0
a range +65300 +65600 2009 1001 0
a range +65300 +65600 2023 1001 0
a range +65600 +65700 2002 1002 0
a range +65600 +65700 2004 1002 0
a range +65600 +65700 2005 1002 0
a range +65600 +65700 2008 1001 0
a range +65600 +65700 2009 1001 0
a range +65600 +65700 2023 1001 0
a range +65700 +66000 1001 9001 0
a range +65700 +66000 1001 9002 0
a range +65700 +66000 2002 1002 0
a range +65700 +66000 2004 1002 0
a range +65700 +66000 2005 1002 0
a range +65700 +66000 2016 1001 0
a range +66000 +66200 2002 1002 0
a range +66000 +66200 2004 1002 0
a range +66000 +66200 2005 1002 0
a range +66000 +66200 2016 1001 0
a range +66000 +66200 2018 1001 0
a range +66000 +66200 2019 1001 0
a range +66200 +66400 2002 1002 0
a range +66200 +66400 2004 1002 0
a range +66200 +66400 2005 1002 0
a range +66200 +66400 2016 1001 0
a range +66200 +66400 2018 1001 0
a range +66200 +66400 2019 1001 0
a range +66400 +66500 2002 1002 0
a range +66400 +66500 2004 1002 0
a range +66400 +66500 2005 1002 0
a range +66400 +66500 2018 1001 0
a range +66400 +66500 2019 1001 0
a range +66500 +66600 2002 1002 0
a range +66500 +66600 2004 1002 0
a range +66400 +66600 2012 1001 0
a range +66500 +66600 2018 1001 0
a range +66500 +66600 2019 1001 0
a range +66600 +67000 2002 1002 0
a range +66600 +67000 2004 1002 0
a range +66500 +67000 2005 1002 0
a range +66600 +67000 2012 1001 0
a range +66600 +67000 2018 1001 0
a range +66600 +67000 2019 1001 0
a range +67000 +67400 2002 1002 0
a range +67000 +67400 2004 1002 0
a range +67000 +67400 2005 1002 0
a range +67000 +67400 2012 1001 0
a range +67000 +67400 2018 1001 0
a range +67000 +67400 2019 1001 0
a range +67400 +67700 2012 1001 0
a range +67400 +67700 2019 1001 0
a range +67400 +67900 2002 1002 0
a range +67400 +67900 2004 1002 0
a range +67400 +67900 2005 1002 0
a range +67700 +67900 2012 1001 0
a range +67400 +67900 2018 1001 0
a range +67700 +67900 2019 1001 0
a range +67900 +68100 1001 9002 0
a range +67900 +68100 2002 1002 0
a range +67900 +68100 2004 1002 0
a range +67900 +68100 2005 1002 0
a range +67900 +68100 2006 1001 0
a range +67900 +68100 2013 1001 0
a range +68100 +68400 2001 1001 0
a range +68100 +68400 2002 1002 0
a range +68100 +68400 2004 1002 0
a range +68100 +68400 2005 1002 0
a range +68100 +68400 2006 1001 0
a range +68100 +68400 2013 1001 0
a range +68400 +68500 2002 1002 0
a range +68400 +68500 2004 1002 0
a range +68400 +68500 2005 1002 0
a range +68400 +68500 2006 1001 0
a range +68400 +68500 2013 1001 0
a range +68500 +68700 1001 9002 0
a range +68400 +68700 2001 1001 0
a range +68500 +68700 2002 1002 0
a range +68500 +68700 2004 1002 0
a range +68500 +68700 2005 1002 0
a range +68500 +68700 2023 1001 0
a range +68700 +68800 2001 1001 0
a range +68700 +68800 2002 1002 0
a range +68700 +68800 2004 1002 0
a range +68700 +68800 2005 1002 0
a range +68700 +68800 2008 1001 0
a range +68700 +68800 2023 1001 0
a range +68800 +69100 2001 1001 0
a range +68800 +69100 2002 1002 0
a range +68800 +69100 2004 1002 0
a range +68800 +69100 2005 1002 0
a range +68800 +69100 2008 1001 0
a range +68800 +69100 2023 1001 0
a range +69100 +69300 2001 1001 0
a range +69100 +69300 2002 1002 0
a range +69100 +69300 2004 1002 0
a range +69100 +69300 2005 1002 0
a range +69100 +69300 2008 1001 0
a range +69100 +69300 2023 1001 0
a range +69300 +69600 1001 9002 0
a range +69300 +69600 2002 1002 0
a range +69300 +69600 2004 1002 0
a range +69300 +69600 2005 1002 0
a range +69300 +69600 2013 1001 0
a range +69300 +69600 2022 1001 0
a range +69600 +69700 2002 1002 0
a range +69600 +69700 2004 1002 0
a range +69600 +69700 2005 1002 0
a range +69600 +69700 2016 1001 0
a range +69600 +69700 2022 1001 0
a range +69700 +70200 2002 1002 0
a range +69700 +70200 2010 1002 0
a range +69600 +70200 2013 1001 0
a range +69700 +70200 2016 1001 0
a range +69700 +70200 2017 1002 0
a range +69700 +70200 2022 1001 0
a range +70200 +70300 2002 1002 0
a range +70200 +70300 2010 1002 0
a range +70200 +70300 2013 1001 0
a range +70200 +70300 2016 1001 0
a range +70200 +70300 2017 1002 0
a range +70200 +70300 2022 1001 0
a range +70300 +70600 1001 9002 0
a range +70300 +70600 2002 1002 0
a range +70300 +70600 2010 1002 0
a range +70300 +70600 2017 1002 0
a range +70600 +70800 1001 9002 0
a range +70800 +71000 1001 9002 0
a range +70600 +71000 2002 1002 0
a range +70600 +71000 2010 1002 0
a range +70600 +71000 2017 1002 0
a range +71000 +71200 1001 9002 0
a range +71000 +71200 2002 1002 0
a range +71000 +71200 2010 1002 0
a range +71000 +71200 2017 1002 0
a range +71200 +71500 1001 9002 0
a range +71200 +71500 2002 1002 0
a range +71200 +71500 2010 1002 0
a range +71200 +71500 2017 1002 0
a range +71500 +71600 1001 9002 0
a range +71500 +71600 2002 1002 0
a range +71500 +71600 2010 1002 0
a range +71500 +71600 2017 1002 0
a range +71600 +71800 1001 9002 0
a range +71600 +71800 2002 1002 0
a range +71600 +71800 2010 1002 0
a range +71600 +71800 2017 1002 0
a range +71800 +71900 1001 9002 0
a range +71800 +71900 1002 9001 0
a range +71800 +71900 2011 1002 0
a range +71800 +71900 2014 1002 0
a range +71900 +72000 1001 9002 0
a range +71900 +72000 2011 1002 0
a range +71900 +72000 2014 1002 0
a range +72000 +72300 1001 9002 0
a range +72000 +72300 2011 1002 0
a range +71900 +72300 2013 1002 0
a range +72000 +72300 2024 1002 0
a range +72300 +72400 1001 9002 0
a range +72300 +72400 1002 9001 0
a range +72300 +72400 2011 1002 0
a range +72300 +72400 2024 1002 0
a range +72400 +72700 1001 9002 0
a range +72400 +72700 1002 9001 0
a range +72400 +72700 2007 1002 0
a range +72400 +72700 2015 1002 0
a range +72700 +72800 2015 1002 0
a range +72700 +72800 2018 1002 0
a range +72700 +73000 1001 9002 0
a range +72700 +73000 2007 1002 0
a range +72800 +73000 2015 1002 0
a range +72800 +73000 2018 1002 0
a range +73000 +73100 2006 1001 0
a range +73000 +73100 2007 1002 0
a range +73000 +73100 2009 1001 0
a range +73000 +73100 2015 1002 0
a range +73000 +73100 2018 1002 0
a range +73000 +73100 2023 1001 0
a range +73100 +73300 2006 1001 0
a range +73100 +73300 2007 1002 0
a range +73100 +73300 2009 1001 0
a range +73100 +73300 2015 1002 0
a range +73100 +73300 2018 1002 0
a range +73100 +73300 2023 1001 0
a range +73300 +73800 2006 1001 0
a range +73300 +73800 2009 1001 0
a range +73300 +73800 2011 1002 0
a range +73300 +73800 2013 1002 0
a range +73300 +73800 2016 1002 0
a range +73300 +73800 2023 1001 0
a range +73800 +73900 2006 1001 0
a range +73800 +73900 2009 1001 0
a range +73800 +73900 2012 1002 0
a range +73800 +73900 2023 1001 0
a range +73800 +74200 1002 9001 0
a range +73900 +74200 2006 1001 0
a range +73900 +74200 2009 1001 0
a range +73800 +74200 2011 1002 0
a range +73900 +74200 2014 1002 0
a range +73900 +74200 2023 1001 0
a range +74200 +74400 2011 1002 0
a range +74200 +74400 2014 1002 0
a range +74200 +74600 2006 1001 0
a range +74200 +74600 2009 1001 0
a range +74400 +74600 2011 1002 0
a range +74200 +74600 2013 1002 0
a range +74400 +74600 2014 1002 0
a range +74200 +74600 2023 1001 0
a range +74600 +74700 2011 1002 0
a range +74600 +74700 2014 1002 0
a range +74600 +75000 2006 1001 0
a range +74600 +75000 2009 1001 0
a range +74700 +75000 2011 1002 0
a range +74600 +75000 2013 1002 0
a range +74700 +75000 2014 1002 0
a range +74600 +75000 2023 1001 0
a range +75000 +75100 1002 9001 0
a range +75000 +75100 1002 9002 0
a range +75000 +75100 2006 1001 0
a range +75000 +75100 2008 1002 0
a range +75000 +75100 2009 1001 0
a range +75000 +75100 2023 1001 0
a range +75100 +75400 2006 1001 0
a range +75100 +75400 2008 1002 0
a range +75100 +75400 2009 1001 0
a range +75100 +75400 2012 1002 0
a range +75100 +75400 2020 1002 0
a range +75100 +75400 2023 1001 0
a range +75400 +75600 2006 1001 0
a range +75400 +75600 2008 1002 0
a range +75400 +75600 2009 1001 0
a range +75400 +75600 2012 1002 0
a range +75400 +75600 2020 1002 0
a range +75600 +75900 1002 9001 0
a range +75600 +75900 1002 9002 0
a range +75600 +75900 2006 1001 0
a range +75600 +75900 2009 1001 0
a range +75400 +75900 2023 1001 0
a range +75600 +75900 2024 1002 0
a range +75900 +76000 2006 1001 0
a range +75900 +76000 2009 1001 0
a range +75900 +76000 2018 1002 0
a range +75900 +76000 2023 1001 0
a range +75900 +76000 2024 1002 0
a range +76000 +76400 2006 1001 0
a range +75900 +76400 2008 1002 0
a range +76000 +76400 2009 1001 0
a range +76000 +76400 2018 1002 0
a range +76000 +76400 2023 1001 0
a range +76000 +76400 2024 1002 0
a range +76400 +76500 2008 1002 0
a range +76400 +76500 2018 1002 0
a range +76400 +76500 2024 1002 0
a range +76400 +76600 2006 1001 0
a range +76500 +76600 2008 1002 0
a range +76400 +76600 2009 1001 0
a range +76500 +76600 2018 1002 0
a range +76400 +76600 2023 1001 0
a range +76500 +76600 2024 1002 0
a range +76600 +76900 2006 1001 0
a range +76600 +76900 2008 1002 0
a range +76600 +76900 2009 1001 0
a range +76600 +76900 2018 1002 0
a range +76600 +76900 2023 1001 0
a range +76600 +76900 2024 1002 0
a range +76900 +77100 2006 1001 0
a range +76900 +77100 2008 1002 0
a range +76900 +77100 2009 1001 0
a range +76900 +77100 2018 1002 0
a range +76900 +77100 2023 1001 0
a range +76900 +77100 2024 1002 0
a range +77100 +77300 2006 1001 0
a range +77100 +77300 2008 1002 0
a range +77100 +77300 2009 1001 0
a range +77100 +77300 2018 1002 0
a range +77100 +77300 2023 1001 0
a range +77100 +77300 2024 1002 0
a range +77300 +77500 2006 1001 0
a range +77300 +77500 2008 1002 0
a range +77300 +77500 2009 1001 0
a range +77300 +77500 2018 1002 0
a range +77300 +77500 2023 1001 0
a range +77300 +77500 2024 1002 0
a range +77500 +77800 2006 1001 0
a range +77500 +77800 2008 1002 0
a range +77500 +77800 2009 1001 0
a range +77500 +77800 2018 1002 0
a range +77500 +77800 2023 1001 0
a range +77500 +77800 2024 1002 0
a range +77800 +77900 1002 9002 0
a range +77800 +77900 2006 1001 0
a range +77800 +77900 2009 1001 0
a range +77800 +77900 2012 1002 0
a range +77800 +77900 2016 1002 0
a range +77800 +77900 2023 1001 0
a range +77900 +78000 2006 1001 0
a range +77900 +78000 2009 1001 0
a range +77900 +78000 2012 1002 0
a range +77900 +78000 2016 1002 0
a range +77900 +78000 2020 1002 0
a range +77900 +78000 2023 1001 0
a range +78000 +78200 1002 9002 0
a range +78000 +78200 2006 1001 0
a range +78000 +78200 2007 1002 0
a range +78000 +78200 2009 1001 0
a range +78000 +78200 2015 1002 0
a range +78000 +78200 2023 1001 0
a range +78200 +78300 2006 1001 0
a range +78200 +78300 2007 1002 0
a range +78200 +78300 2009 1001 0
a range +78200 +78300 2015 1002 0
a range +78300 +78400 2006 1001 0
a range +78300 +78400 2009 1001 0
a range +78200 +78400 2012 1002 0
a range +78300 +78400 2015 1002 0
a range +78200 +78400 2023 1001 0
a range +78400 +78600 2006 1001 0
a range +78300 +78600 2007 1002 0
a range +78400 +78600 2009 1001 0
a range +78400 +78600 2012 1002 0
a range +78400 +78600 2015 1002 0
a range +78400 +78600 2023 1001 0
a range +78600 +78700 2006 1001 0
a range +78600 +78700 2007 1002 0
a range +78600 +78700 2009 1001 0
a range +78600 +78700 2015 1002 0
a range +78600 +78700 2023 1001 0
a range +78700 +79000 2006 1001 0
a range +78700 +79000 2009 1001 0
a range +78700 +79000 2014 1002 0
a range +78700 +79000 2016 1002 0
a range +78600 +79000 2020 1002 0
a range +78700 +79000 2023 1001 0
a range +79000 +79100 1002 9002 0
a range +79000 +79100 2006 1002 0
a range +79000 +79100 2014 1002 0
a range +79100 +79600 1002 9002 0
a range +79100 +79600 2003 1002 0
a range +79100 +79600 2006 1002 0
a range +79000 +79600 2008 1001 0
a range +79000 +79600 2009 1001 0
a range +79000 +79600 2023 1001 0
a range +79600 +80100 2003 1002 0
a range +79600 +80100 2006 1002 0
a range +79600 +80100 2008 1001 0
a range +79600 +80100 2009 1001 0
a range +79600 +80100 2016 1002 0
a range +79600 +80100 2023 1001 0
a range +80100 +80200 2003 1002 0
a range +80100 +80200 2006 1002 0
a range +80100 +80200 2016 1002 0
a range +80200 +80500 2003 1002 0
a range +80200 +80500 2006 1002 0
a range +80100 +80500 2008 1001 0
a range +80200 +80500 2016 1002 0
a range +80100 +80500 2023 1001 0
a range +80500 +80700 2003 1002 0
a range +80500 +80700 2006 1002 0
a range +80500 +80700 2008 1001 0
a range +80100 +80700 2009 1001 0
a range +80500 +80700 2016 1002 0
a range +80500 +80700 2023 1001 0
a range +80700 +80900 2003 1002 0
a range +80700 +80900 2006 1002 0
a range +80700 +80900 2008 1001 0
a range +80700 +80900 2009 1001 0
a range +80700 +80900 2016 1002 0
a range +80700 +80900 2023 1001 0
a range +80900 +81000 1001 9001 0
a range +80900 +81000 1001 9003 0
a range +80900 +81000 1002 9002 0
a range +80900 +81000 2001 1001 0
a range +80900 +81000 2014 1002 0
a range +80900 +81000 2020 1002 0
a range +81000 +81300 2001 1001 0
a range +81000 +81300 2014 1002 0
a range +81000 +81300 2015 1002 0
a range +81000 +81300 2016 1001 0
a range +81000 +81300 2020 1002 0
a range +81300 +81400 1002 9002 0
a range +81300 +81400 2001 1001 0
a range +81300 +81400 2007 1002 0
a range +81000 +81400 2013 1001 0
a range +81300 +81400 2016 1001 0
a range +81300 +81400 2022 1002 0
a range +81400 +81700 2007 1002 0
a range +81400 +81700 2012 1002 0
a range +81400 +81700 2013 1001 0
a range +81400 +81700 2018 1001 0
a range +81400 +81700 2022 1002 0
a range +81400 +81700 2024 1001 0
a range +81700 +81900 1001 9001 0
a range +81700 +81900 1002 9002 0
a range +81700 +81900 2014 1002 0
a range +81700 +81900 2020 1002 0
a range +81700 +81900 2022 1001 0
a range +81700 +81900 2024 1001 0
a range +81900 +82000 2001 1002 0
a range +81900 +82000 2012 1001 0
a range +81900 +82000 2014 1002 0
a range +81900 +82000 2020 1002 0
a range +81900 +82000 2022 1001 0
a range +82000 +82100 2012 1001 0
a range +82000 +82100 2022 1001 0
a range +82000 +82200 1002 9002 0
a range +82100 +82200 2012 1001 0
a range +82100 +82200 2022 1001 0
a range +81900 +82200 2024 1001 0
a range +82200 +82300 1001 9001 0
a range +82200 +82300 1002 9002 0
a range +82200 +82300 2019 1001 0
a range +82300 +82400 2001 1001 0
a range +82300 +82400 2019 1001 0
a range +82400 +82700 1002 9003 0
a range +82400 +82700 2001 1001 0
a range +82200 +82700 2016 1001 0
a range +82400 +82700 2019 1001 0
a range +82700 +82800 1001 9001 0
a range +82700 +82800 2024 1001 0
a range +82700 +83200 1002 9003 0
a range +82700 +83200 2012 1001 0
a range +82800 +83200 2018 1001 0
a range +82800 +83200 2024 1001 0
a range +83200 +83300 1001 9001 0
a range +83200 +83300 2001 1001 0
a range +83200 +83300 2015 1001 0
a range +83300 +83400 1001 9001 0
a range +83200 +83400 1002 9003 0
a range +83300 +83400 2013 1001 0
a range +83300 +83400 2024 1001 0
a range +83400 +83600 1002 9003 0
a range +83400 +83600 2012 1001 0
a range +83400 +83600 2013 1001 0
a range +83400 +83600 2024 1001 0
a range +83600 +83800 1001 9001 0
a range +83600 +83800 1002 9003 0
a range +83600 +83800 2015 1001 0
a range +83600 +83800 2022 1001 0
a range +83800 +84100 1002 9003 0
a range +83800 +84100 2015 1001 0
a range +83800 +84100 2018 1001 0
a range +83800 +84100 2022 1001 0
a range +84100 +84200 1002 9003 0
a range +84100 +84200 2015 1001 0
a range +84100 +84200 2018 1001 0
a range +84100 +84200 2022 1001 0
a range +84200 +84400 1002 9003 0
a range +84200 +84400 2013 1001 0
a range +84200 +84400 2016 1001 0
a range +84200 +84400 2019 1001 0
a range +84400 +84600 1001 9001 0
a range +84400 +84600 1001 9002 0
a range +84400 +84600 1002 9003 0
a range +84400 +84600 2001 1001 0
a range +84600 +84800 1002 9003 0
a range +84600 +84800 2001 1001 0
a range +84600 +84800 2012 1001 0
a range +84600 +84800 2019 1001 0
a range +84800 +84900 2011 1002 0
a range +84800 +84900 2012 1001 0
a range +84800 +84900 2013 1002 0
a range +84800 +84900 2019 1001 0
a range +84800 +84900 2022 1002 0
a range +84800 +85000 2001 1001 0
a range +84900 +85000 2011 1002 0
a range +84900 +85000 2012 1001 0
a range +84900 +85000 2013 1002 0
a range +84900 +85000 2019 1001 0
a range +84900 +85000 2022 1002 0
a range +85000 +85300 2001 1001 0
a range +85000 +85300 2011 1002 0
a range +85000 +85300 2012 1001 0
a range +85000 +85300 2013 1002 0
a range +85000 +85300 2019 1001 0
a range +85000 +85300 2022 1002 0
a range +85300 +85400 2001 1001 0
a range +85300 +85400 2012 1001 0
a range +85300 +85400 2019 1001 0
a range +85400 +85800 2001 1001 0
a range +85300 +85800 2011 1002 0
a range +85400 +85800 2012 1001 0
a range +85300 +85800 2013 1002 0
a range +85400 +85800 2019 1001 0
a range +85300 +85800 2022 1002 0
a range +85800 +85900 1001 9002 0
a range +85800 +85900 2007 1001 0
a range +85800 +85900 2015 1001 0
a range +85800 +86300 2011 1002 0
a range +85800 +86300 2013 1002 0
a range +85900 +86300 2015 1001 0
a range +85900 +86300 2018 1001 0
a range +85800 +86300 2022 1002 0
a range +85900 +86300 2024 1001 0
a range +86300 +86400 1001 9002 0
a range +86300 +86400 2008 1001 0
a range +86300 +86400 2011 1002 0
a range +86300 +86400 2013 1002 0
a range +86300 +86400 2022 1002 0
a range +86300 +86400 2024 1001 0
