a contact +0 +600 2 8 1000000000
a contact +0 +600 2 28 1000000000
a contact +0 +600 5 12 1000000000
a contact +0 +600 5 24 1000000000
a contact +0 +600 8 2 1000000000
a contact +0 +600 12 5 1000000000
a contact +0 +600 24 5 1000000000
a contact +0 +600 28 2 1000000000
a contact +0 +1200 1 19 1000000000
a contact +0 +1200 1 31 1000000000
a contact +0 +1200 4 15 1000000000
a contact +0 +1200 4 35 1000000000
a contact +0 +1200 7 24 1000000000
a contact +0 +1200 8 23 1000000000
a contact +0 +1200 9 22 1000000000
a contact +0 +1200 9 30 1000000000
a contact +0 +1200 9 38 1000000000
a contact +0 +1200 10 21 1000000000
a contact +0 +1200 10 29 1000000000
a contact +0 +1200 10 37 1000000000
a contact +0 +1200 11 28 1000000000
a contact +0 +1200 12 27 1000000000
a contact +0 +1200 13 18 1000000000
a contact +0 +1200 13 26 1000000000
a contact +0 +1200 13 34 1000000000
a contact +0 +1200 14 17 1000000000
a contact +0 +1200 14 25 1000000000
a contact +0 +1200 14 33 1000000000
a contact +0 +1200 15 4 1000000000
a contact +0 +1200 15 32 1000000000
a contact +0 +1200 16 31 1000000000
a contact +0 +1200 17 14 1000000000
a contact +0 +1200 17 30 1000000000
a contact +0 +1200 17 38 1000000000
a contact +0 +1200 18 13 1000000000
a contact +0 +1200 18 29 1000000000
a contact +0 +1200 18 37 1000000000
a contact +0 +1200 19 1 1000000000
a contact +0 +1200 19 36 1000000000
a contact +0 +1200 20 35 1000000000
a contact +0 +1200 21 10 1000000000
a contact +0 +1200 21 26 1000000000
a contact +0 +1200 21 34 1000000000
a contact +0 +1200 22 9 1000000000
a contact +0 +1200 22 25 1000000000
a contact +0 +1200 22 33 1000000000
a contact +0 +1200 23 8 1000000000
a contact +0 +1200 24 7 1000000000
a contact +0 +1200 25 14 1000000000
a contact +0 +1200 25 22 1000000000
a contact +0 +1200 25 38 1000000000
a contact +0 +1200 26 13 1000000000
a contact +0 +1200 26 21 1000000000
a contact +0 +1200 26 37 1000000000
a contact +0 +1200 27 12 1000000000
a contact +0 +1200 28 11 1000000000
a contact +0 +1200 29 10 1000000000
a contact +0 +1200 29 18 1000000000
a contact +0 +1200 29 34 1000000000
a contact +0 +1200 30 9 1000000000
a contact +0 +1200 30 17 1000000000
a contact +0 +1200 30 33 1000000000
a contact +0 +1200 31 1 1000000000
a contact +0 +1200 31 16 1000000000
a contact +0 +1200 32 15 1000000000
a contact +0 +1200 33 14 1000000000
a contact +0 +1200 33 22 1000000000
a contact +0 +1200 33 30 1000000000
a contact +0 +1200 34 13 1000000000
a contact +0 +1200 34 21 1000000000
a contact +0 +1200 34 29 1000000000
a contact +0 +1200 35 4 1000000000
a contact +0 +1200 35 20 1000000000
a contact +0 +1200 36 19 1000000000
a contact +0 +1200 37 10 1000000000
a contact +0 +1200 37 18 1000000000
a contact +0 +1200 37 26 1000000000
a contact +0 +1200 38 9 1000000000
a contact +0 +1200 38 17 1000000000
a contact +0 +1200 38 25 1000000000
a contact +0 +1800 2 7 1000000000
a contact +0 +1800 2 27 1000000000
a contact +0 +1800 5 11 1000000000
a contact +0 +1800 5 23 1000000000
a contact +0 +1800 7 2 1000000000
a contact +0 +1800 9 21 1000000000
a contact +0 +1800 9 37 1000000000
a contact +0 +1800 11 5 1000000000
a contact +0 +1800 13 17 1000000000
a contact +0 +1800 13 33 1000000000
a contact +0 +1800 17 13 1000000000
a contact +0 +1800 17 29 1000000000
a contact +0 +1800 21 9 1000000000
a contact +0 +1800 21 25 1000000000
a contact +0 +1800 23 5 1000000000
a contact +0 +1800 25 21 1000000000
a contact +0 +1800 25 37 1000000000
a contact +0 +1800 27 2 1000000000
a contact +0 +1800 29 17 1000000000
a contact +0 +1800 29 33 1000000000
a contact +0 +1800 33 13 1000000000
a contact +0 +1800 33 29 1000000000
a contact +0 +1800 37 9 1000000000
a contact +0 +1800 37 25 1000000000
a contact +0 +2400 7 23 1000000000
a contact +0 +2400 8 30 1000000000
a contact +0 +2400 9 29 1000000000
a contact +0 +2400 10 28 1000000000
a contact +0 +2400 11 27 1000000000
a contact +0 +2400 12 26 1000000000
a contact +0 +2400 13 25 1000000000
a contact +0 +2400 14 24 1000000000
a contact +0 +2400 15 31 1000000000
a contact +0 +2400 16 38 1000000000
a contact +0 +2400 17 37 1000000000
a contact +0 +2400 18 36 1000000000
a contact +0 +2400 19 35 1000000000
a contact +0 +2400 20 34 1000000000
a contact +0 +2400 21 33 1000000000
a contact +0 +2400 22 32 1000000000
a contact +0 +2400 23 7 1000000000
a contact +0 +2400 24 14 1000000000
a contact +0 +2400 25 13 1000000000
a contact +0 +2400 26 12 1000000000
a contact +0 +2400 27 11 1000000000
a contact +0 +2400 28 10 1000000000
a contact +0 +2400 29 9 1000000000
a contact +0 +2400 30 8 1000000000
a contact +0 +2400 31 15 1000000000
a contact +0 +2400 32 22 1000000000
a contact +0 +2400 33 21 1000000000
a contact +0 +2400 34 20 1000000000
a contact +0 +2400 35 19 1000000000
a contact +0 +2400 36 18 1000000000
a contact +0 +2400 37 17 1000000000
a contact +0 +2400 38 16 1000000000
a contact +0 +3000 3 15 1000000000
a contact +0 +3000 3 35 1000000000
a contact +0 +3000 6 19 1000000000
a contact +0 +3000 6 31 1000000000
a contact +0 +3000 6 39 1000000000
a contact +0 +3000 6 40 1000000000
a contact +0 +3000 6 42 1000000000
a contact +0 +3000 6 43 1000000000
a contact +0 +3000 15 3 1000000000
a contact +0 +3000 19 6 1000000000
a contact +0 +3000 31 6 1000000000
a contact +0 +3000 35 3 1000000000
a contact +0 +3000 39 6 1000000000
a contact +0 +3000 40 6 1000000000
a contact +0 +3000 42 6 1000000000
a contact +0 +3000 43 6 1000000000
a contact +0 +3600 8 37 1000000000
a contact +0 +3600 9 20 1000000000
a contact +0 +3600 9 36 1000000000
a contact +0 +3600 12 33 1000000000
a contact +0 +3600 13 16 1000000000
a contact +0 +3600 13 32 1000000000
a contact +0 +3600 16 13 1000000000
a contact +0 +3600 17 28 1000000000
a contact +0 +3600 20 9 1000000000
a contact +0 +3600 21 24 1000000000
a contact +0 +3600 24 21 1000000000
a contact +0 +3600 24 37 1000000000
a contact +0 +3600 25 36 1000000000
a contact +0 +3600 28 17 1000000000
a contact +0 +3600 28 33 1000000000
a contact +0 +3600 29 32 1000000000
a contact +0 +3600 32 13 1000000000
a contact +0 +3600 32 29 1000000000
a contact +0 +3600 33 12 1000000000
a contact +0 +3600 33 28 1000000000
a contact +0 +3600 36 9 1000000000
a contact +0 +3600 36 25 1000000000
a contact +0 +3600 37 8 1000000000
a contact +0 +3600 37 24 1000000000
a contact +0 +4200 2 14 1000000000
a contact +0 +4200 2 26 1000000000
a contact +0 +4200 3 22 1000000000
a contact +0 +4200 3 34 1000000000
a contact +0 +4200 5 10 1000000000
a contact +0 +4200 5 30 1000000000
a contact +0 +4200 6 18 1000000000
a contact +0 +4200 6 38 1000000000
a contact +0 +4200 7 30 1000000000
a contact +0 +4200 8 21 1000000000
a contact +0 +4200 8 29 1000000000
a contact +0 +4200 9 28 1000000000
a contact +0 +4200 10 5 1000000000
a contact +0 +4200 10 27 1000000000
a contact +0 +4200 11 26 1000000000
a contact +0 +4200 12 17 1000000000
a contact +0 +4200 12 25 1000000000
a contact +0 +4200 13 24 1000000000
a contact +0 +4200 14 2 1000000000
a contact +0 +4200 14 23 1000000000
a contact +0 +4200 15 38 1000000000
a contact +0 +4200 16 29 1000000000
a contact +0 +4200 16 37 1000000000
a contact +0 +4200 17 12 1000000000
a contact +0 +4200 17 36 1000000000
a contact +0 +4200 18 6 1000000000
a contact +0 +4200 18 35 1000000000
a contact +0 +4200 19 34 1000000000
a contact +0 +4200 20 25 1000000000
a contact +0 +4200 20 33 1000000000
a contact +0 +4200 21 8 1000000000
a contact +0 +4200 21 32 1000000000
a contact +0 +4200 22 3 1000000000
a contact +0 +4200 22 31 1000000000
a contact +0 +4200 23 14 1000000000
a contact +0 +4200 24 13 1000000000
a contact +0 +4200 24 36 1000000000
a contact +0 +4200 25 12 1000000000
a contact +0 +4200 25 20 1000000000
a contact +0 +4200 26 2 1000000000
a contact +0 +4200 26 11 1000000000
a contact +0 +4200 27 10 1000000000
a contact +0 +4200 28 9 1000000000
a contact +0 +4200 28 32 1000000000
a contact +0 +4200 29 8 1000000000
a contact +0 +4200 29 16 1000000000
a contact +0 +4200 30 5 1000000000
a contact +0 +4200 30 7 1000000000
a contact +0 +4200 31 22 1000000000
a contact +0 +4200 32 21 1000000000
a contact +0 +4200 32 28 1000000000
a contact +0 +4200 33 20 1000000000
a contact +0 +4200 34 3 1000000000
a contact +0 +4200 34 19 1000000000
a contact +0 +4200 35 18 1000000000
a contact +0 +4200 36 17 1000000000
a contact +0 +4200 36 24 1000000000
a contact +0 +4200 37 16 1000000000
a contact +0 +4200 38 6 1000000000
a contact +0 +4200 38 15 1000000000
a contact +0 +4800 8 20 1000000000
a contact +0 +4800 8 36 1000000000
a contact +0 +4800 12 16 1000000000
a contact +0 +4800 12 32 1000000000
a contact +0 +4800 16 12 1000000000
a contact +0 +4800 16 28 1000000000
a contact +0 +4800 20 8 1000000000
a contact +0 +4800 20 24 1000000000
a contact +0 +4800 24 20 1000000000
a contact +0 +4800 28 16 1000000000
a contact +0 +4800 32 12 1000000000
a contact +0 +4800 36 8 1000000000
a contact +0 +5400 1 14 1000000000
a contact +0 +5400 1 26 1000000000
a contact +0 +5400 4 10 1000000000
a contact +0 +5400 4 30 1000000000
a contact +0 +5400 7 29 1000000000
a contact +0 +5400 8 28 1000000000
a contact +0 +5400 9 27 1000000000
a contact +0 +5400 10 4 1000000000
a contact +0 +5400 10 26 1000000000
a contact +0 +5400 11 25 1000000000
a contact +0 +5400 12 24 1000000000
a contact +0 +5400 13 23 1000000000
a contact +0 +5400 14 1 1000000000
a contact +0 +5400 14 30 1000000000
a contact +0 +5400 15 37 1000000000
a contact +0 +5400 16 36 1000000000
a contact +0 +5400 17 35 1000000000
a contact +0 +5400 18 34 1000000000
a contact +0 +5400 19 33 1000000000
a contact +0 +5400 20 32 1000000000
a contact +0 +5400 21 31 1000000000
a contact +0 +5400 22 38 1000000000
a contact +0 +5400 23 13 1000000000
a contact +0 +5400 24 12 1000000000
a contact +0 +5400 25 11 1000000000
a contact +0 +5400 26 1 1000000000
a contact +0 +5400 26 10 1000000000
a contact +0 +5400 27 9 1000000000
a contact +0 +5400 28 8 1000000000
a contact +0 +5400 29 7 1000000000
a contact +0 +5400 30 4 1000000000
a contact +0 +5400 30 14 1000000000
a contact +0 +5400 31 21 1000000000
a contact +0 +5400 32 20 1000000000
a contact +0 +5400 33 19 1000000000
a contact +0 +5400 34 18 1000000000
a contact +0 +5400 35 17 1000000000
a contact +0 +5400 36 16 1000000000
a contact +0 +5400 37 15 1000000000
a contact +0 +5400 38 22 1000000000
a contact +0 +6000 8 19 1000000000
a contact +0 +6000 12 15 1000000000
a contact +0 +6000 15 12 1000000000
a contact +0 +6000 16 27 1000000000
a contact +0 +6000 19 8 1000000000
a contact +0 +6000 20 23 1000000000
a contact +0 +6000 23 20 1000000000
a contact +0 +6000 24 35 1000000000
a contact +0 +6000 27 16 1000000000
a contact +0 +6000 28 31 1000000000
a contact +0 +6000 31 28 1000000000
a contact +0 +6000 35 24 1000000000
a contact +0 +6600 3 21 1000000000
a contact +0 +6600 3 33 1000000000
a contact +0 +6600 6 17 1000000000
a contact +0 +6600 6 37 1000000000
a contact +0 +6600 7 20 1000000000
a contact +0 +6600 7 28 1000000000
a contact +0 +6600 7 36 1000000000
a contact +0 +6600 8 27 1000000000
a contact +0 +6600 8 35 1000000000
a contact +0 +6600 9 26 1000000000
a contact +0 +6600 10 25 1000000000
a contact +0 +6600 11 16 1000000000
a contact +0 +6600 11 24 1000000000
a contact +0 +6600 11 32 1000000000
a contact +0 +6600 12 23 1000000000
a contact +0 +6600 12 31 1000000000
a contact +0 +6600 13 30 1000000000
a contact +0 +6600 14 29 1000000000
a contact +0 +6600 15 28 1000000000
a contact +0 +6600 15 36 1000000000
a contact +0 +6600 16 11 1000000000
a contact +0 +6600 16 35 1000000000
a contact +0 +6600 17 6 1000000000
a contact +0 +6600 17 34 1000000000
a contact +0 +6600 18 33 1000000000
a contact +0 +6600 19 24 1000000000
a contact +0 +6600 19 32 1000000000
a contact +0 +6600 20 7 1000000000
a contact +0 +6600 20 31 1000000000
a contact +0 +6600 21 3 1000000000
a contact +0 +6600 21 38 1000000000
a contact +0 +6600 22 37 1000000000
a contact +0 +6600 23 12 1000000000
a contact +0 +6600 23 36 1000000000
a contact +0 +6600 24 11 1000000000
a contact +0 +6600 24 19 1000000000
a contact +0 +6600 25 10 1000000000
a contact +0 +6600 26 9 1000000000
a contact +0 +6600 27 8 1000000000
a contact +0 +6600 27 32 1000000000
a contact +0 +6600 28 7 1000000000
a contact +0 +6600 28 15 1000000000
a contact +0 +6600 29 14 1000000000
a contact +0 +6600 30 13 1000000000
a contact +0 +6600 31 12 1000000000
a contact +0 +6600 31 20 1000000000
a contact +0 +6600 32 11 1000000000
a contact +0 +6600 32 19 1000000000
a contact +0 +6600 32 27 1000000000
a contact +0 +6600 33 3 1000000000
a contact +0 +6600 33 18 1000000000
a contact +0 +6600 34 17 1000000000
a contact +0 +6600 35 8 1000000000
a contact +0 +6600 35 16 1000000000
a contact +0 +6600 36 7 1000000000
a contact +0 +6600 36 15 1000000000
a contact +0 +6600 36 23 1000000000
a contact +0 +6600 37 6 1000000000
a contact +0 +6600 37 22 1000000000
a contact +0 +6600 38 21 1000000000
a contact +0 +7200 1 13 1000000000
a contact +0 +7200 1 25 1000000000
a contact +0 +7200 4 9 1000000000
a contact +0 +7200 4 29 1000000000
a contact +1200 +7200 7 19 1000000000
a contact +1200 +7200 7 35 1000000000
a contact +0 +7200 9 4 1000000000
a contact +1200 +7200 11 15 1000000000
a contact +1200 +7200 11 31 1000000000
a contact +0 +7200 13 1 1000000000
a contact +1200 +7200 15 11 1000000000
a contact +1200 +7200 15 27 1000000000
a contact +1200 +7200 19 7 1000000000
a contact +1200 +7200 19 23 1000000000
a contact +1200 +7200 23 19 1000000000
a contact +1200 +7200 23 35 1000000000
a contact +0 +7200 25 1 1000000000
a contact +1200 +7200 27 15 1000000000
a contact +1200 +7200 27 31 1000000000
a contact +0 +7200 29 4 1000000000
a contact +1200 +7200 31 11 1000000000
a contact +1200 +7200 31 27 1000000000
a contact +1200 +7200 35 7 1000000000
a contact +1200 +7200 35 23 1000000000
a contact +0 +7800 2 21 1000000000
a contact +0 +7800 2 33 1000000000
a contact +0 +7800 5 17 1000000000
a contact +0 +7800 5 37 1000000000
a contact +0 +7800 5 39 1000000000
a contact +0 +7800 5 40 1000000000
a contact +0 +7800 5 42 1000000000
a contact +0 +7800 5 43 1000000000
a contact +600 +7800 7 27 1000000000
a contact +600 +7800 8 26 1000000000
a contact +600 +7800 9 25 1000000000
a contact +600 +7800 10 24 1000000000
a contact +600 +7800 11 23 1000000000
a contact +600 +7800 12 30 1000000000
a contact +600 +7800 13 29 1000000000
a contact +600 +7800 14 28 1000000000
a contact +600 +7800 15 35 1000000000
a contact +600 +7800 16 34 1000000000
a contact +0 +7800 17 5 1000000000
a contact +600 +7800 17 33 1000000000
a contact +600 +7800 18 32 1000000000
a contact +600 +7800 19 31 1000000000
a contact +600 +7800 20 38 1000000000
a contact +0 +7800 21 2 1000000000
a contact +600 +7800 21 37 1000000000
a contact +600 +7800 22 36 1000000000
a contact +600 +7800 23 11 1000000000
a contact +600 +7800 24 10 1000000000
a contact +600 +7800 25 9 1000000000
a contact +600 +7800 26 8 1000000000
a contact +600 +7800 27 7 1000000000
a contact +600 +7800 28 14 1000000000
a contact +600 +7800 29 13 1000000000
a contact +600 +7800 30 12 1000000000
a contact +600 +7800 31 19 1000000000
a contact +600 +7800 32 18 1000000000
a contact +0 +7800 33 2 1000000000
a contact +600 +7800 33 17 1000000000
a contact +600 +7800 34 16 1000000000
a contact +600 +7800 35 15 1000000000
a contact +600 +7800 36 22 1000000000
a contact +0 +7800 37 5 1000000000
a contact +600 +7800 37 21 1000000000
a contact +600 +7800 38 20 1000000000
a contact +0 +7800 39 5 1000000000
a contact +0 +7800 40 5 1000000000
a contact +0 +7800 42 5 1000000000
a contact +0 +7800 43 5 1000000000
a contact +0 +9000 1 24 1000000000
a contact +0 +9000 4 28 1000000000
a contact +2400 +9000 7 18 1000000000
a contact +1800 +9000 7 26 1000000000
a contact +1800 +9000 7 34 1000000000
a contact +1800 +9000 8 25 1000000000
a contact +1800 +9000 9 24 1000000000
a contact +1800 +9000 10 15 1000000000
a contact +1800 +9000 10 23 1000000000
a contact +1800 +9000 10 31 1000000000
a contact +2400 +9000 11 22 1000000000
a contact +1800 +9000 11 30 1000000000
a contact +1800 +9000 11 38 1000000000
a contact +1800 +9000 12 29 1000000000
a contact +1800 +9000 13 28 1000000000
a contact +1800 +9000 14 19 1000000000
a contact +1800 +9000 14 27 1000000000
a contact +1800 +9000 14 35 1000000000
a contact +1800 +9000 15 10 1000000000
a contact +1800 +9000 15 26 1000000000
a contact +1800 +9000 15 34 1000000000
a contact +1800 +9000 16 33 1000000000
a contact +1800 +9000 17 32 1000000000
a contact +2400 +9000 18 7 1000000000
a contact +1800 +9000 18 23 1000000000
a contact +1800 +9000 18 31 1000000000
a contact +1800 +9000 19 14 1000000000
a contact +1800 +9000 19 30 1000000000
a contact +1800 +9000 19 38 1000000000
a contact +1800 +9000 20 37 1000000000
a contact +1800 +9000 21 36 1000000000
a contact +2400 +9000 22 11 1000000000
a contact +1800 +9000 22 27 1000000000
a contact +1800 +9000 22 35 1000000000
a contact +1800 +9000 23 10 1000000000
a contact +1800 +9000 23 18 1000000000
a contact +1800 +9000 23 34 1000000000
a contact +0 +9000 24 1 1000000000
a contact +1800 +9000 24 9 1000000000
a contact +1800 +9000 25 8 1000000000
a contact +1800 +9000 26 7 1000000000
a contact +1800 +9000 26 15 1000000000
a contact +1800 +9000 26 31 1000000000
a contact +1800 +9000 27 14 1000000000
a contact +1800 +9000 27 22 1000000000
a contact +1800 +9000 27 38 1000000000
a contact +0 +9000 28 4 1000000000
a contact +1800 +9000 28 13 1000000000
a contact +1800 +9000 29 12 1000000000
a contact +1800 +9000 30 11 1000000000
a contact +1800 +9000 30 19 1000000000
a contact +1800 +9000 30 35 1000000000
a contact +1800 +9000 31 10 1000000000
a contact +1800 +9000 31 18 1000000000
a contact +1800 +9000 31 26 1000000000
a contact +1800 +9000 32 17 1000000000
a contact +1800 +9000 33 16 1000000000
a contact +1800 +9000 34 7 1000000000
a contact +1800 +9000 34 15 1000000000
a contact +1800 +9000 34 23 1000000000
a contact +1800 +9000 35 14 1000000000
a contact +1800 +9000 35 22 1000000000
a contact +1800 +9000 35 30 1000000000
a contact +1800 +9000 36 21 1000000000
a contact +1800 +9000 37 20 1000000000
a contact +1800 +9000 38 11 1000000000
a contact +1800 +9000 38 19 1000000000
a contact +1800 +9000 38 27 1000000000
a contact +0 +9600 1 12 1000000000
a contact +0 +9600 2 20 1000000000
a contact +0 +9600 2 32 1000000000
a contact +0 +9600 4 8 1000000000
a contact +0 +9600 5 16 1000000000
a contact +0 +9600 5 36 1000000000
a contact +0 +9600 8 4 1000000000
a contact +3600 +9600 10 22 1000000000
a contact +3600 +9600 10 38 1000000000
a contact +0 +9600 12 1 1000000000
a contact +3600 +9600 14 18 1000000000
a contact +3600 +9600 14 34 1000000000
a contact +0 +9600 16 5 1000000000
a contact +3600 +9600 18 14 1000000000
a contact +3600 +9600 18 30 1000000000
a contact +0 +9600 20 2 1000000000
a contact +3600 +9600 22 10 1000000000
a contact +3600 +9600 22 26 1000000000
a contact +3600 +9600 26 22 1000000000
a contact +3600 +9600 26 38 1000000000
a contact +3600 +9600 30 18 1000000000
a contact +3600 +9600 30 34 1000000000
a contact +0 +9600 32 2 1000000000
a contact +3600 +9600 34 14 1000000000
a contact +3600 +9600 34 30 1000000000
a contact +0 +9600 36 5 1000000000
a contact +3600 +9600 38 10 1000000000
a contact +3600 +9600 38 26 1000000000
a contact +1200 +10200 3 9 1000000000
a contact +2400 +10200 3 28 1000000000
a contact +1200 +10200 3 29 1000000000
a contact +1200 +10200 6 13 1000000000
a contact +2400 +10200 6 24 1000000000
a contact +1200 +10200 6 25 1000000000
a contact +3000 +10200 7 25 1000000000
a contact +3000 +10200 8 24 1000000000
a contact +1200 +10200 9 3 1000000000
a contact +3000 +10200 9 23 1000000000
a contact +3000 +10200 10 30 1000000000
a contact +3000 +10200 11 29 1000000000
a contact +3000 +10200 12 28 1000000000
a contact +1200 +10200 13 6 1000000000
a contact +3000 +10200 13 27 1000000000
a contact +3000 +10200 14 26 1000000000
a contact +3000 +10200 15 33 1000000000
a contact +3000 +10200 16 32 1000000000
a contact +3000 +10200 17 31 1000000000
a contact +3000 +10200 18 38 1000000000
a contact +3000 +10200 19 37 1000000000
a contact +3000 +10200 20 36 1000000000
a contact +3000 +10200 21 35 1000000000
a contact +3000 +10200 22 34 1000000000
a contact +3000 +10200 23 9 1000000000
a contact +2400 +10200 24 6 1000000000
a contact +3000 +10200 24 8 1000000000
a contact +1200 +10200 25 6 1000000000
a contact +3000 +10200 25 7 1000000000
a contact +3000 +10200 26 14 1000000000
a contact +3000 +10200 27 13 1000000000
a contact +2400 +10200 28 3 1000000000
a contact +3000 +10200 28 12 1000000000
a contact +1200 +10200 29 3 1000000000
a contact +3000 +10200 29 11 1000000000
a contact +3000 +10200 30 10 1000000000
a contact +3000 +10200 31 17 1000000000
a contact +3000 +10200 32 16 1000000000
a contact +3000 +10200 33 15 1000000000
a contact +3000 +10200 34 22 1000000000
a contact +3000 +10200 35 21 1000000000
a contact +3000 +10200 36 20 1000000000
a contact +3000 +10200 37 19 1000000000
a contact +3000 +10200 38 18 1000000000
a contact +3000 +10800 3 8 1000000000
a contact +3000 +10800 6 12 1000000000
a contact +3000 +10800 8 3 1000000000
a contact +3000 +10800 12 6 1000000000
a contact +4800 +11400 9 38 1000000000
a contact +4800 +11400 10 21 1000000000
a contact +4200 +11400 10 37 1000000000
a contact +4800 +11400 13 34 1000000000
a contact +4800 +11400 14 17 1000000000
a contact +4200 +11400 14 33 1000000000
a contact +4800 +11400 17 14 1000000000
a contact +4800 +11400 18 29 1000000000
a contact +4800 +11400 21 10 1000000000
a contact +4800 +11400 22 25 1000000000
a contact +4800 +11400 25 22 1000000000
a contact +4800 +11400 26 37 1000000000
a contact +4800 +11400 29 18 1000000000
a contact +4800 +11400 30 33 1000000000
a contact +0 +11400 32 39 1000000000
a contact +0 +11400 32 40 1000000000
a contact +0 +11400 32 42 1000000000
a contact +0 +11400 32 43 1000000000
a contact +4200 +11400 33 14 1000000000
a contact +4800 +11400 33 30 1000000000
a contact +4800 +11400 34 13 1000000000
a contact +4200 +11400 37 10 1000000000
a contact +4800 +11400 37 26 1000000000
a contact +4800 +11400 38 9 1000000000
a contact +0 +11400 39 32 1000000000
a contact +0 +11400 40 32 1000000000
a contact +0 +11400 42 32 1000000000
a contact +0 +11400 43 32 1000000000
a contact +0 +12000 2 19 1000000000
a contact +0 +12000 2 31 1000000000
a contact +0 +12000 3 7 1000000000
a contact +0 +12000 3 27 1000000000
a contact +0 +12000 5 15 1000000000
a contact +0 +12000 5 35 1000000000
a contact +0 +12000 6 11 1000000000
a contact +0 +12000 6 23 1000000000
a contact +0 +12000 7 3 1000000000
a contact +4200 +12000 7 24 1000000000
a contact +4200 +12000 8 23 1000000000
a contact +4200 +12000 9 22 1000000000
a contact +4200 +12000 9 30 1000000000
a contact +4200 +12000 10 29 1000000000
a contact +0 +12000 11 6 1000000000
a contact +4200 +12000 11 28 1000000000
a contact +4200 +12000 12 27 1000000000
a contact +4200 +12000 13 18 1000000000
a contact +4200 +12000 13 26 1000000000
a contact +4200 +12000 14 25 1000000000
a contact +0 +12000 15 5 1000000000
a contact +4200 +12000 15 32 1000000000
a contact +4200 +12000 16 31 1000000000
a contact +4200 +12000 17 30 1000000000
a contact +4200 +12000 17 38 1000000000
a contact +4200 +12000 18 13 1000000000
a contact +4200 +12000 18 37 1000000000
a contact +0 +12000 19 2 1000000000
a contact +4200 +12000 19 36 1000000000
a contact +4200 +12000 20 35 1000000000
a contact +4200 +12000 21 26 1000000000
a contact +4200 +12000 21 34 1000000000
a contact +4200 +12000 22 9 1000000000
a contact +4200 +12000 22 33 1000000000
a contact +0 +12000 23 6 1000000000
a contact +4200 +12000 23 8 1000000000
a contact +4200 +12000 24 7 1000000000
a contact +4200 +12000 25 14 1000000000
a contact +4200 +12000 25 38 1000000000
a contact +4200 +12000 26 13 1000000000
a contact +4200 +12000 26 21 1000000000
a contact +0 +12000 27 3 1000000000
a contact +4200 +12000 27 12 1000000000
a contact +4200 +12000 28 11 1000000000
a contact +4200 +12000 29 10 1000000000
a contact +4200 +12000 29 34 1000000000
a contact +4200 +12000 30 9 1000000000
a contact +4200 +12000 30 17 1000000000
a contact +0 +12000 31 2 1000000000
a contact +4200 +12000 31 16 1000000000
a contact +4200 +12000 32 15 1000000000
a contact +4200 +12000 33 22 1000000000
a contact +4200 +12000 34 21 1000000000
a contact +4200 +12000 34 29 1000000000
a contact +0 +12000 35 5 1000000000
a contact +4200 +12000 35 20 1000000000
a contact +4200 +12000 36 19 1000000000
a contact +4200 +12000 37 18 1000000000
a contact +4200 +12000 38 17 1000000000
a contact +4200 +12000 38 25 1000000000
a contact +3600 +12600 1 20 1000000000
a contact +3600 +12600 1 32 1000000000
a contact +3600 +12600 4 16 1000000000
a contact +3600 +12600 4 36 1000000000
a contact +0 +12600 4 39 1000000000
a contact +0 +12600 4 40 1000000000
a contact +0 +12600 4 42 1000000000
a contact +0 +12600 4 43 1000000000
a contact +6600 +12600 9 21 1000000000
a contact +6600 +12600 9 37 1000000000
a contact +6600 +12600 13 17 1000000000
a contact +6600 +12600 13 33 1000000000
a contact +3600 +12600 16 4 1000000000
a contact +6600 +12600 17 13 1000000000
a contact +6600 +12600 17 29 1000000000
a contact +3600 +12600 20 1 1000000000
a contact +6600 +12600 21 9 1000000000
a contact +6600 +12600 21 25 1000000000
a contact +6600 +12600 25 21 1000000000
a contact +6000 +12600 25 37 1000000000
a contact +6600 +12600 29 17 1000000000
a contact +6000 +12600 29 33 1000000000
a contact +3600 +12600 32 1 1000000000
a contact +6600 +12600 33 13 1000000000
a contact +6000 +12600 33 29 1000000000
a contact +3600 +12600 36 4 1000000000
a contact +6600 +12600 37 9 1000000000
a contact +6000 +12600 37 25 1000000000
a contact +0 +12600 39 4 1000000000
a contact +0 +12600 40 4 1000000000
a contact +0 +12600 42 4 1000000000
a contact +0 +12600 43 4 1000000000
a contact +5400 +13200 1 19 1000000000
a contact +5400 +13200 1 31 1000000000
a contact +5400 +13200 4 15 1000000000
a contact +5400 +13200 4 35 1000000000
a contact +5400 +13200 7 23 1000000000
a contact +5400 +13200 8 30 1000000000
a contact +5400 +13200 9 29 1000000000
a contact +5400 +13200 10 28 1000000000
a contact +5400 +13200 11 27 1000000000
a contact +5400 +13200 12 26 1000000000
a contact +5400 +13200 13 25 1000000000
a contact +5400 +13200 14 24 1000000000
a contact +5400 +13200 15 4 1000000000
a contact +5400 +13200 15 31 1000000000
a contact +5400 +13200 16 38 1000000000
a contact +5400 +13200 17 37 1000000000
a contact +5400 +13200 18 36 1000000000
a contact +5400 +13200 19 1 1000000000
a contact +5400 +13200 19 35 1000000000
a contact +5400 +13200 20 34 1000000000
a contact +5400 +13200 21 33 1000000000
a contact +5400 +13200 22 32 1000000000
a contact +5400 +13200 23 7 1000000000
a contact +5400 +13200 24 14 1000000000
a contact +5400 +13200 25 13 1000000000
a contact +5400 +13200 26 12 1000000000
a contact +5400 +13200 27 11 1000000000
a contact +5400 +13200 28 10 1000000000
a contact +5400 +13200 29 9 1000000000
a contact +5400 +13200 30 8 1000000000
a contact +5400 +13200 31 1 1000000000
a contact +5400 +13200 31 15 1000000000
a contact +5400 +13200 32 22 1000000000
a contact +5400 +13200 33 21 1000000000
a contact +5400 +13200 34 20 1000000000
a contact +5400 +13200 35 4 1000000000
a contact +5400 +13200 35 19 1000000000
a contact +5400 +13200 36 18 1000000000
a contact +5400 +13200 37 17 1000000000
a contact +5400 +13200 38 16 1000000000
a contact +7200 +13800 9 20 1000000000
a contact +7200 +13800 13 16 1000000000
a contact +7200 +13800 16 13 1000000000
a contact +7200 +13800 17 28 1000000000
a contact +7200 +13800 20 9 1000000000
a contact +7200 +13800 21 24 1000000000
a contact +7200 +13800 24 21 1000000000
a contact +7200 +13800 25 36 1000000000
a contact +7200 +13800 28 17 1000000000
a contact +7200 +13800 29 32 1000000000
a contact +7200 +13800 32 29 1000000000
a contact +7200 +13800 36 25 1000000000
a contact +0 +14400 1 18 1000000000
a contact +0 +14400 1 38 1000000000
a contact +0 +14400 3 14 1000000000
a contact +0 +14400 3 26 1000000000
a contact +0 +14400 4 22 1000000000
a contact +0 +14400 4 34 1000000000
a contact +0 +14400 6 10 1000000000
a contact +0 +14400 6 30 1000000000
a contact +7200 +14400 7 30 1000000000
a contact +7200 +14400 8 21 1000000000
a contact +7200 +14400 8 29 1000000000
a contact +7200 +14400 8 37 1000000000
a contact +7200 +14400 9 28 1000000000
a contact +7200 +14400 9 36 1000000000
a contact +0 +14400 10 6 1000000000
a contact +7200 +14400 10 27 1000000000
a contact +7200 +14400 11 26 1000000000
a contact +7200 +14400 12 17 1000000000
a contact +7200 +14400 12 25 1000000000
a contact +7200 +14400 12 33 1000000000
a contact +7200 +14400 13 24 1000000000
a contact +7200 +14400 13 32 1000000000
a contact +0 +14400 14 3 1000000000
a contact +7200 +14400 14 23 1000000000
a contact +7200 +14400 15 38 1000000000
a contact +7200 +14400 16 29 1000000000
a contact +6600 +14400 16 37 1000000000
a contact +7200 +14400 17 12 1000000000
a contact +6600 +14400 17 36 1000000000
a contact +0 +14400 18 1 1000000000
a contact +7200 +14400 18 35 1000000000
a contact +7200 +14400 19 34 1000000000
a contact +7200 +14400 20 25 1000000000
a contact +6600 +14400 20 33 1000000000
a contact +7200 +14400 21 8 1000000000
a contact +6600 +14400 21 32 1000000000
a contact +0 +14400 22 4 1000000000
a contact +7200 +14400 22 31 1000000000
a contact +7200 +14400 23 14 1000000000
a contact +7200 +14400 24 13 1000000000
a contact +6600 +14400 24 37 1000000000
a contact +7200 +14400 25 12 1000000000
a contact +7200 +14400 25 20 1000000000
a contact +0 +14400 26 3 1000000000
a contact +7200 +14400 26 11 1000000000
a contact +7200 +14400 27 10 1000000000
a contact +7200 +14400 28 9 1000000000
a contact +6600 +14400 28 33 1000000000
a contact +7200 +14400 29 8 1000000000
a contact +7200 +14400 29 16 1000000000
a contact +0 +14400 30 6 1000000000
a contact +7200 +14400 30 7 1000000000
a contact +7200 +14400 31 22 1000000000
a contact +7200 +14400 32 13 1000000000
a contact +6600 +14400 32 21 1000000000
a contact +7200 +14400 33 12 1000000000
a contact +6600 +14400 33 20 1000000000
a contact +6600 +14400 33 28 1000000000
a contact +0 +14400 34 4 1000000000
a contact +7200 +14400 34 19 1000000000
a contact +7200 +14400 35 18 1000000000
a contact +7200 +14400 36 9 1000000000
a contact +6600 +14400 36 17 1000000000
a contact +7200 +14400 37 8 1000000000
a contact +6600 +14400 37 16 1000000000
a contact +6600 +14400 37 24 1000000000
a contact +0 +14400 38 1 1000000000
a contact +7200 +14400 38 15 1000000000
a contact +6600 +15000 2 7 1000000000
a contact +6600 +15000 2 27 1000000000
a contact +6600 +15000 5 11 1000000000
a contact +6600 +15000 5 23 1000000000
a contact +6600 +15000 7 2 1000000000
a contact +9000 +15000 8 20 1000000000
a contact +9000 +15000 8 36 1000000000
a contact +6600 +15000 11 5 1000000000
a contact +9000 +15000 12 16 1000000000
a contact +9000 +15000 12 32 1000000000
a contact +9000 +15000 16 12 1000000000
a contact +9000 +15000 16 28 1000000000
a contact +9000 +15000 20 8 1000000000
a contact +9000 +15000 20 24 1000000000
a contact +6600 +15000 23 5 1000000000
a contact +9000 +15000 24 20 1000000000
a contact +9000 +15000 24 36 1000000000
a contact +6600 +15000 27 2 1000000000
a contact +9000 +15000 28 16 1000000000
a contact +9000 +15000 28 32 1000000000
a contact +9000 +15000 32 12 1000000000
a contact +9000 +15000 32 28 1000000000
a contact +9000 +15000 36 8 1000000000
a contact +9000 +15000 36 24 1000000000
a contact +1200 +15600 1 39 1000000000
a contact +1200 +15600 1 42 1000000000
a contact +7800 +15600 2 14 1000000000
a contact +7800 +15600 2 26 1000000000
a contact +0 +15600 2 39 1000000000
a contact +0 +15600 2 42 1000000000
a contact +0 +15600 3 39 1000000000
a contact +0 +15600 3 42 1000000000
a contact +7800 +15600 5 10 1000000000
a contact +7800 +15600 5 30 1000000000
a contact +10800 +15600 5 39 1000000000
a contact +10800 +15600 5 42 1000000000
a contact +6000 +15600 6 39 1000000000
a contact +6000 +15600 6 42 1000000000
a contact +8400 +15600 7 29 1000000000
a contact +0 +15600 7 39 1000000000
a contact +0 +15600 7 42 1000000000
a contact +8400 +15600 8 28 1000000000
a contact +0 +15600 8 39 1000000000
a contact +0 +15600 8 42 1000000000
a contact +8400 +15600 9 27 1000000000
a contact +0 +15600 9 39 1000000000
a contact +0 +15600 9 42 1000000000
a contact +7800 +15600 10 5 1000000000
a contact +8400 +15600 10 26 1000000000
a contact +0 +15600 10 39 1000000000
a contact +0 +15600 10 42 1000000000
a contact +8400 +15600 11 25 1000000000
a contact +0 +15600 11 39 1000000000
a contact +0 +15600 11 42 1000000000
a contact +8400 +15600 12 24 1000000000
a contact +0 +15600 12 39 1000000000
a contact +0 +15600 12 42 1000000000
a contact +8400 +15600 13 23 1000000000
a contact +0 +15600 13 39 1000000000
a contact +0 +15600 13 42 1000000000
a contact +7800 +15600 14 2 1000000000
a contact +8400 +15600 14 30 1000000000
a contact +0 +15600 14 39 1000000000
a contact +0 +15600 14 42 1000000000
a contact +8400 +15600 15 37 1000000000
a contact +0 +15600 15 39 1000000000
a contact +0 +15600 15 42 1000000000
a contact +8400 +15600 16 36 1000000000
a contact +0 +15600 16 39 1000000000
a contact +0 +15600 16 42 1000000000
a contact +8400 +15600 17 35 1000000000
a contact +0 +15600 17 39 1000000000
a contact +0 +15600 17 42 1000000000
a contact +8400 +15600 18 34 1000000000
a contact +0 +15600 18 39 1000000000
a contact +0 +15600 18 42 1000000000
a contact +8400 +15600 19 33 1000000000
a contact +0 +15600 19 39 1000000000
a contact +0 +15600 19 42 1000000000
a contact +8400 +15600 20 32 1000000000
a contact +0 +15600 20 39 1000000000
a contact +0 +15600 20 42 1000000000
a contact +8400 +15600 21 31 1000000000
a contact +0 +15600 21 39 1000000000
a contact +0 +15600 21 42 1000000000
a contact +8400 +15600 22 38 1000000000
a contact +0 +15600 22 39 1000000000
a contact +0 +15600 22 42 1000000000
a contact +8400 +15600 23 13 1000000000
a contact +0 +15600 23 39 1000000000
a contact +0 +15600 23 42 1000000000
a contact +8400 +15600 24 12 1000000000
a contact +0 +15600 24 39 1000000000
a contact +0 +15600 24 42 1000000000
a contact +8400 +15600 25 11 1000000000
a contact +0 +15600 25 39 1000000000
a contact +0 +15600 25 42 1000000000
a contact +7800 +15600 26 2 1000000000
a contact +8400 +15600 26 10 1000000000
a contact +0 +15600 26 39 1000000000
a contact +0 +15600 26 42 1000000000
a contact +8400 +15600 27 9 1000000000
a contact +0 +15600 27 39 1000000000
a contact +0 +15600 27 42 1000000000
a contact +8400 +15600 28 8 1000000000
a contact +0 +15600 28 39 1000000000
a contact +0 +15600 28 42 1000000000
a contact +8400 +15600 29 7 1000000000
a contact +0 +15600 29 39 1000000000
a contact +0 +15600 29 42 1000000000
a contact +7800 +15600 30 5 1000000000
a contact +8400 +15600 30 14 1000000000
a contact +0 +15600 30 39 1000000000
a contact +0 +15600 30 42 1000000000
a contact +8400 +15600 31 21 1000000000
a contact +0 +15600 31 39 1000000000
a contact +0 +15600 31 42 1000000000
a contact +8400 +15600 32 20 1000000000
a contact +12000 +15600 32 39 1000000000
a contact +12000 +15600 32 42 1000000000
a contact +8400 +15600 33 19 1000000000
a contact +0 +15600 33 39 1000000000
a contact +0 +15600 33 42 1000000000
a contact +8400 +15600 34 18 1000000000
a contact +0 +15600 34 39 1000000000
a contact +0 +15600 34 42 1000000000
a contact +8400 +15600 35 17 1000000000
a contact +0 +15600 35 39 1000000000
a contact +0 +15600 35 42 1000000000
a contact +8400 +15600 36 16 1000000000
a contact +0 +15600 36 39 1000000000
a contact +0 +15600 36 42 1000000000
a contact +8400 +15600 37 15 1000000000
a contact +0 +15600 37 39 1000000000
a contact +0 +15600 37 42 1000000000
a contact +8400 +15600 38 22 1000000000
a contact +0 +15600 38 39 1000000000
a contact +0 +15600 38 42 1000000000
a contact +1200 +15600 39 1 1000000000
a contact +0 +15600 39 2 1000000000
a contact +0 +15600 39 3 1000000000
a contact +10800 +15600 39 5 1000000000
a contact +6000 +15600 39 6 1000000000
a contact +0 +15600 39 7 1000000000
a contact +0 +15600 39 8 1000000000
a contact +0 +15600 39 9 1000000000
a contact +0 +15600 39 10 1000000000
a contact +0 +15600 39 11 1000000000
a contact +0 +15600 39 12 1000000000
a contact +0 +15600 39 13 1000000000
a contact +0 +15600 39 14 1000000000
a contact +0 +15600 39 15 1000000000
a contact +0 +15600 39 16 1000000000
a contact +0 +15600 39 17 1000000000
a contact +0 +15600 39 18 1000000000
a contact +0 +15600 39 19 1000000000
a contact +0 +15600 39 20 1000000000
a contact +0 +15600 39 21 1000000000
a contact +0 +15600 39 22 1000000000
a contact +0 +15600 39 23 1000000000
a contact +0 +15600 39 24 1000000000
a contact +0 +15600 39 25 1000000000
a contact +0 +15600 39 26 1000000000
a contact +0 +15600 39 27 1000000000
a contact +0 +15600 39 28 1000000000
a contact +0 +15600 39 29 1000000000
a contact +0 +15600 39 30 1000000000
a contact +0 +15600 39 31 1000000000
a contact +12000 +15600 39 32 1000000000
a contact +0 +15600 39 33 1000000000
a contact +0 +15600 39 34 1000000000
a contact +0 +15600 39 35 1000000000
a contact +0 +15600 39 36 1000000000
a contact +0 +15600 39 37 1000000000
a contact +0 +15600 39 38 1000000000
a contact +1200 +15600 42 1 1000000000
a contact +0 +15600 42 2 1000000000
a contact +0 +15600 42 3 1000000000
a contact +10800 +15600 42 5 1000000000
a contact +6000 +15600 42 6 1000000000
a contact +0 +15600 42 7 1000000000
a contact +0 +15600 42 8 1000000000
a contact +0 +15600 42 9 1000000000
a contact +0 +15600 42 10 1000000000
a contact +0 +15600 42 11 1000000000
a contact +0 +15600 42 12 1000000000
a contact +0 +15600 42 13 1000000000
a contact +0 +15600 42 14 1000000000
a contact +0 +15600 42 15 1000000000
a contact +0 +15600 42 16 1000000000
a contact +0 +15600 42 17 1000000000
a contact +0 +15600 42 18 1000000000
a contact +0 +15600 42 19 1000000000
a contact +0 +15600 42 20 1000000000
a contact +0 +15600 42 21 1000000000
a contact +0 +15600 42 22 1000000000
a contact +0 +15600 42 23 1000000000
a contact +0 +15600 42 24 1000000000
a contact +0 +15600 42 25 1000000000
a contact +0 +15600 42 26 1000000000
a contact +0 +15600 42 27 1000000000
a contact +0 +15600 42 28 1000000000
a contact +0 +15600 42 29 1000000000
a contact +0 +15600 42 30 1000000000
a contact +0 +15600 42 31 1000000000
a contact +12000 +15600 42 32 1000000000
a contact +0 +15600 42 33 1000000000
a contact +0 +15600 42 34 1000000000
a contact +0 +15600 42 35 1000000000
a contact +0 +15600 42 36 1000000000
a contact +0 +15600 42 37 1000000000
a contact +0 +15600 42 38 1000000000
a contact +0 +16800 1 37 1000000000
a contact +0 +16800 4 33 1000000000
a contact +9600 +16800 7 20 1000000000
a contact +9600 +16800 7 28 1000000000
a contact +9600 +16800 7 36 1000000000
a contact +10200 +16800 8 19 1000000000
a contact +9600 +16800 8 27 1000000000
a contact +9600 +16800 8 35 1000000000
a contact +9600 +16800 9 26 1000000000
a contact +9600 +16800 10 25 1000000000
a contact +9600 +16800 11 16 1000000000
a contact +9600 +16800 11 24 1000000000
a contact +9600 +16800 11 32 1000000000
a contact +10200 +16800 12 15 1000000000
a contact +9600 +16800 12 23 1000000000
a contact +9600 +16800 12 31 1000000000
a contact +9600 +16800 13 30 1000000000
a contact +9600 +16800 14 29 1000000000
a contact +10200 +16800 15 12 1000000000
a contact +9600 +16800 15 28 1000000000
a contact +9600 +16800 15 36 1000000000
a contact +9600 +16800 16 11 1000000000
a contact +9600 +16800 16 27 1000000000
a contact +9600 +16800 16 35 1000000000
a contact +9600 +16800 17 34 1000000000
a contact +9600 +16800 18 33 1000000000
a contact +0 +16800 18 40 1000000000
a contact +0 +16800 18 43 1000000000
a contact +10200 +16800 19 8 1000000000
a contact +9600 +16800 19 24 1000000000
a contact +9600 +16800 19 32 1000000000
a contact +9600 +16800 20 7 1000000000
a contact +9600 +16800 20 23 1000000000
a contact +9600 +16800 20 31 1000000000
a contact +9600 +16800 21 38 1000000000
a contact +9600 +16800 22 37 1000000000
a contact +9600 +16800 23 12 1000000000
a contact +9600 +16800 23 20 1000000000
a contact +9600 +16800 23 36 1000000000
a contact +9600 +16800 24 11 1000000000
a contact +9600 +16800 24 19 1000000000
a contact +9600 +16800 24 35 1000000000
a contact +9600 +16800 25 10 1000000000
a contact +9600 +16800 26 9 1000000000
a contact +9600 +16800 27 8 1000000000
a contact +9600 +16800 27 16 1000000000
a contact +9600 +16800 27 32 1000000000
a contact +9600 +16800 28 7 1000000000
a contact +9600 +16800 28 15 1000000000
a contact +9600 +16800 28 31 1000000000
a contact +9600 +16800 29 14 1000000000
a contact +9600 +16800 30 13 1000000000
a contact +9600 +16800 31 12 1000000000
a contact +9600 +16800 31 20 1000000000
a contact +9600 +16800 31 28 1000000000
a contact +9600 +16800 32 11 1000000000
a contact +9600 +16800 32 19 1000000000
a contact +9600 +16800 32 27 1000000000
a contact +0 +16800 33 4 1000000000
a contact +9600 +16800 33 18 1000000000
a contact +9600 +16800 34 17 1000000000
a contact +9600 +16800 35 8 1000000000
a contact +9600 +16800 35 16 1000000000
a contact +9600 +16800 35 24 1000000000
a contact +9600 +16800 36 7 1000000000
a contact +9600 +16800 36 15 1000000000
a contact +9600 +16800 36 23 1000000000
a contact +0 +16800 37 1 1000000000
a contact +9600 +16800 37 22 1000000000
a contact +9600 +16800 38 21 1000000000
a contact +0 +16800 40 18 1000000000
a contact +0 +16800 43 18 1000000000
a contact +0 +17400 1 17 1000000000
a contact +0 +17400 2 13 1000000000
a contact +0 +17400 2 25 1000000000
a contact +9000 +17400 3 22 1000000000
a contact +9000 +17400 3 34 1000000000
a contact +0 +17400 3 40 1000000000
a contact +0 +17400 3 43 1000000000
a contact +0 +17400 4 21 1000000000
a contact +0 +17400 5 9 1000000000
a contact +0 +17400 5 29 1000000000
a contact +9000 +17400 6 18 1000000000
a contact +9000 +17400 6 38 1000000000
a contact +11400 +17400 7 19 1000000000
a contact +11400 +17400 7 35 1000000000
a contact +0 +17400 9 5 1000000000
a contact +11400 +17400 11 15 1000000000
a contact +11400 +17400 11 31 1000000000
a contact +0 +17400 13 2 1000000000
a contact +11400 +17400 15 11 1000000000
a contact +11400 +17400 15 27 1000000000
a contact +0 +17400 17 1 1000000000
a contact +9000 +17400 18 6 1000000000
a contact +11400 +17400 19 7 1000000000
a contact +11400 +17400 19 23 1000000000
a contact +0 +17400 21 4 1000000000
a contact +9000 +17400 22 3 1000000000
a contact +11400 +17400 23 19 1000000000
a contact +11400 +17400 23 35 1000000000
a contact +0 +17400 25 2 1000000000
a contact +11400 +17400 27 15 1000000000
a contact +11400 +17400 27 31 1000000000
a contact +0 +17400 29 5 1000000000
a contact +11400 +17400 31 11 1000000000
a contact +11400 +17400 31 27 1000000000
a contact +9000 +17400 34 3 1000000000
a contact +11400 +17400 35 7 1000000000
a contact +11400 +17400 35 23 1000000000
a contact +9000 +17400 38 6 1000000000
a contact +0 +17400 40 3 1000000000
a contact +0 +17400 43 3 1000000000
a contact +10200 +18000 3 21 1000000000
a contact +10200 +18000 3 33 1000000000
a contact +10200 +18000 6 17 1000000000
a contact +10200 +18000 6 37 1000000000
a contact +10800 +18000 8 26 1000000000
a contact +10800 +18000 9 25 1000000000
a contact +10800 +18000 10 24 1000000000
a contact +10800 +18000 12 30 1000000000
a contact +10800 +18000 13 29 1000000000
a contact +10800 +18000 14 28 1000000000
a contact +10800 +18000 15 35 1000000000
a contact +10800 +18000 16 34 1000000000
a contact +10200 +18000 17 6 1000000000
a contact +10800 +18000 17 33 1000000000
a contact +10800 +18000 18 32 1000000000
a contact +10800 +18000 19 31 1000000000
a contact +10800 +18000 20 38 1000000000
a contact +10200 +18000 21 3 1000000000
a contact +10800 +18000 21 37 1000000000
a contact +10800 +18000 22 36 1000000000
a contact +10800 +18000 24 10 1000000000
a contact +10800 +18000 25 9 1000000000
a contact +10800 +18000 26 8 1000000000
a contact +10800 +18000 28 14 1000000000
a contact +10800 +18000 29 13 1000000000
a contact +10800 +18000 30 12 1000000000
a contact +10800 +18000 31 19 1000000000
a contact +10800 +18000 32 18 1000000000
a contact +10200 +18000 33 3 1000000000
a contact +10800 +18000 33 17 1000000000
a contact +10800 +18000 34 16 1000000000
a contact +10800 +18000 35 15 1000000000
a contact +10800 +18000 36 22 1000000000
a contact +10200 +18000 37 6 1000000000
a contact +10800 +18000 37 21 1000000000
a contact +10800 +18000 38 20 1000000000
a contact +10800 +18600 7 27 1000000000
a contact +10800 +18600 11 23 1000000000
a contact +10800 +18600 23 11 1000000000
a contact +10800 +18600 27 7 1000000000
a contact +12600 +19200 7 18 1000000000
a contact +12000 +19200 7 34 1000000000
a contact +12600 +19200 10 31 1000000000
a contact +12600 +19200 11 22 1000000000
a contact +12000 +19200 11 38 1000000000
a contact +12600 +19200 14 35 1000000000
a contact +12600 +19200 15 26 1000000000
a contact +12600 +19200 18 7 1000000000
a contact +12600 +19200 19 30 1000000000
a contact +12600 +19200 22 11 1000000000
a contact +12600 +19200 23 34 1000000000
a contact +12600 +19200 26 15 1000000000
a contact +12600 +19200 27 38 1000000000
a contact +12600 +19200 30 19 1000000000
a contact +12600 +19200 31 10 1000000000
a contact +12000 +19200 34 7 1000000000
a contact +12600 +19200 34 23 1000000000
a contact +12600 +19200 35 14 1000000000
a contact +0 +19200 37 40 1000000000
a contact +0 +19200 37 43 1000000000
a contact +12000 +19200 38 11 1000000000
a contact +12600 +19200 38 27 1000000000
a contact +0 +19200 40 37 1000000000
a contact +0 +19200 43 37 1000000000
a contact +11400 +19800 1 13 1000000000
a contact +11400 +19800 1 25 1000000000
a contact +0 +19800 2 12 1000000000
a contact +0 +19800 2 24 1000000000
a contact +0 +19800 3 20 1000000000
a contact +0 +19800 3 32 1000000000
a contact +11400 +19800 4 9 1000000000
a contact +11400 +19800 4 29 1000000000
a contact +0 +19800 5 8 1000000000
a contact +0 +19800 5 28 1000000000
a contact +0 +19800 6 16 1000000000
a contact +0 +19800 6 36 1000000000
a contact +12000 +19800 7 26 1000000000
a contact +0 +19800 8 5 1000000000
a contact +12000 +19800 8 25 1000000000
a contact +11400 +19800 9 4 1000000000
a contact +12000 +19800 9 24 1000000000
a contact +12000 +19800 10 15 1000000000
a contact +12000 +19800 10 23 1000000000
a contact +12000 +19800 11 30 1000000000
a contact +0 +19800 12 2 1000000000
a contact +12000 +19800 12 29 1000000000
a contact +11400 +19800 13 1 1000000000
a contact +12000 +19800 13 28 1000000000
a contact +12000 +19800 14 19 1000000000
a contact +12000 +19800 14 27 1000000000
a contact +12000 +19800 15 10 1000000000
a contact +12000 +19800 15 34 1000000000
a contact +0 +19800 16 6 1000000000
a contact +12000 +19800 16 33 1000000000
a contact +12000 +19800 17 32 1000000000
a contact +12000 +19800 18 23 1000000000
a contact +12000 +19800 18 31 1000000000
a contact +12000 +19800 19 14 1000000000
a contact +12000 +19800 19 38 1000000000
a contact +0 +19800 20 3 1000000000
a contact +12000 +19800 20 37 1000000000
a contact +12000 +19800 21 36 1000000000
a contact +12000 +19800 22 27 1000000000
a contact +12000 +19800 22 35 1000000000
a contact +12000 +19800 23 10 1000000000
a contact +12000 +19800 23 18 1000000000
a contact +0 +19800 24 2 1000000000
a contact +12000 +19800 24 9 1000000000
a contact +11400 +19800 25 1 1000000000
a contact +12000 +19800 25 8 1000000000
a contact +12000 +19800 26 7 1000000000
a contact +12000 +19800 26 31 1000000000
a contact +12000 +19800 27 14 1000000000
a contact +12000 +19800 27 22 1000000000
a contact +0 +19800 28 5 1000000000
a contact +12000 +19800 28 13 1000000000
a contact +11400 +19800 29 4 1000000000
a contact +12000 +19800 29 12 1000000000
a contact +12000 +19800 30 11 1000000000
a contact +12000 +19800 30 35 1000000000
a contact +12000 +19800 31 18 1000000000
a contact +12000 +19800 31 26 1000000000
a contact +0 +19800 32 3 1000000000
a contact +12000 +19800 32 17 1000000000
a contact +12000 +19800 33 16 1000000000
a contact +12000 +19800 34 15 1000000000
a contact +12000 +19800 35 22 1000000000
a contact +12000 +19800 35 30 1000000000
a contact +0 +19800 36 6 1000000000
a contact +12000 +19800 36 21 1000000000
a contact +12000 +19800 37 20 1000000000
a contact +12000 +19800 38 19 1000000000
a contact +12600 +20400 1 12 1000000000
a contact +12600 +20400 1 24 1000000000
a contact +12600 +20400 4 8 1000000000
a contact +12600 +20400 4 28 1000000000
a contact +12600 +20400 8 4 1000000000
a contact +14400 +20400 10 22 1000000000
a contact +14400 +20400 10 38 1000000000
a contact +12600 +20400 12 1 1000000000
a contact +14400 +20400 14 18 1000000000
a contact +14400 +20400 14 34 1000000000
a contact +14400 +20400 18 14 1000000000
a contact +14400 +20400 18 30 1000000000
a contact +14400 +20400 22 10 1000000000
a contact +14400 +20400 22 26 1000000000
a contact +12600 +20400 24 1 1000000000
a contact +14400 +20400 26 22 1000000000
a contact +13800 +20400 26 38 1000000000
a contact +12600 +20400 28 4 1000000000
a contact +14400 +20400 30 18 1000000000
a contact +13800 +20400 30 34 1000000000
a contact +14400 +20400 34 14 1000000000
a contact +13800 +20400 34 30 1000000000
a contact +14400 +20400 38 10 1000000000
a contact +13800 +20400 38 26 1000000000
a contact +13200 +21000 7 25 1000000000
a contact +13200 +21000 8 24 1000000000
a contact +13200 +21000 9 23 1000000000
a contact +13200 +21000 10 30 1000000000
a contact +13200 +21000 11 29 1000000000
a contact +13200 +21000 12 28 1000000000
a contact +13200 +21000 13 27 1000000000
a contact +13200 +21000 14 26 1000000000
a contact +13200 +21000 15 33 1000000000
a contact +13200 +21000 16 32 1000000000
a contact +13200 +21000 17 31 1000000000
a contact +13200 +21000 18 38 1000000000
a contact +13200 +21000 19 37 1000000000
a contact +13200 +21000 20 36 1000000000
a contact +13200 +21000 21 35 1000000000
a contact +13200 +21000 22 34 1000000000
a contact +13200 +21000 23 9 1000000000
a contact +13200 +21000 24 8 1000000000
a contact +13200 +21000 25 7 1000000000
a contact +13200 +21000 26 14 1000000000
a contact +13200 +21000 27 13 1000000000
a contact +13200 +21000 28 12 1000000000
a contact +13200 +21000 29 11 1000000000
a contact +13200 +21000 30 10 1000000000
a contact +13200 +21000 31 17 1000000000
a contact +13200 +21000 32 16 1000000000
a contact +13200 +21000 33 15 1000000000
a contact +13200 +21000 34 22 1000000000
a contact +13200 +21000 35 21 1000000000
a contact +13200 +21000 36 20 1000000000
a contact +13200 +21000 37 19 1000000000
a contact +13200 +21000 38 18 1000000000
a contact +15000 +21600 10 21 1000000000
a contact +15000 +21600 14 17 1000000000
a contact +15000 +21600 17 14 1000000000
a contact +15000 +21600 18 29 1000000000
a contact +15000 +21600 21 10 1000000000
a contact +15000 +21600 22 25 1000000000
a contact +15000 +21600 25 22 1000000000
a contact +15000 +21600 26 37 1000000000
a contact +15000 +21600 29 18 1000000000
a contact +15000 +21600 30 33 1000000000
a contact +15000 +21600 33 30 1000000000
a contact +15000 +21600 37 26 1000000000
a contact +0 +22200 1 11 1000000000
a contact +0 +22200 1 23 1000000000
a contact +13800 +22200 2 20 1000000000
a contact +13800 +22200 2 32 1000000000
a contact +0 +22200 2 40 1000000000
a contact +0 +22200 2 43 1000000000
a contact +0 +22200 3 31 1000000000
a contact +0 +22200 4 7 1000000000
a contact +0 +22200 4 27 1000000000
a contact +13800 +22200 5 16 1000000000
a contact +13800 +22200 5 36 1000000000
a contact +0 +22200 6 35 1000000000
a contact +0 +22200 7 4 1000000000
a contact +15000 +22200 7 24 1000000000
a contact +15000 +22200 8 23 1000000000
a contact +15000 +22200 9 22 1000000000
a contact +15000 +22200 9 30 1000000000
a contact +15000 +22200 9 38 1000000000
a contact +15000 +22200 10 29 1000000000
a contact +15000 +22200 10 37 1000000000
a contact +0 +22200 11 1 1000000000
a contact +15000 +22200 11 28 1000000000
a contact +15000 +22200 12 27 1000000000
a contact +15000 +22200 13 18 1000000000
a contact +15000 +22200 13 26 1000000000
a contact +15000 +22200 13 34 1000000000
a contact +15000 +22200 14 25 1000000000
a contact +15000 +22200 14 33 1000000000
a contact +15000 +22200 15 32 1000000000
a contact +13800 +22200 16 5 1000000000
a contact +15000 +22200 16 31 1000000000
a contact +15000 +22200 17 30 1000000000
a contact +15000 +22200 17 38 1000000000
a contact +15000 +22200 18 13 1000000000
a contact +15000 +22200 18 37 1000000000
a contact +15000 +22200 19 36 1000000000
a contact +13800 +22200 20 2 1000000000
a contact +15000 +22200 20 35 1000000000
a contact +15000 +22200 21 26 1000000000
a contact +15000 +22200 21 34 1000000000
a contact +15000 +22200 22 9 1000000000
a contact +15000 +22200 22 33 1000000000
a contact +0 +22200 23 1 1000000000
a contact +15000 +22200 23 8 1000000000
a contact +15000 +22200 24 7 1000000000
a contact +15000 +22200 25 14 1000000000
a contact +14400 +22200 25 38 1000000000
a contact +15000 +22200 26 13 1000000000
a contact +15000 +22200 26 21 1000000000
a contact +0 +22200 27 4 1000000000
a contact +15000 +22200 27 12 1000000000
a contact +15000 +22200 28 11 1000000000
a contact +15000 +22200 29 10 1000000000
a contact +14400 +22200 29 34 1000000000
a contact +15000 +22200 30 9 1000000000
a contact +15000 +22200 30 17 1000000000
a contact +0 +22200 31 3 1000000000
a contact +15000 +22200 31 16 1000000000
a contact +13800 +22200 32 2 1000000000
a contact +15000 +22200 32 15 1000000000
a contact +15000 +22200 33 14 1000000000
a contact +15000 +22200 33 22 1000000000
a contact +15000 +22200 34 13 1000000000
a contact +15000 +22200 34 21 1000000000
a contact +14400 +22200 34 29 1000000000
a contact +0 +22200 35 6 1000000000
a contact +15000 +22200 35 20 1000000000
a contact +13800 +22200 36 5 1000000000
a contact +15000 +22200 36 19 1000000000
a contact +15000 +22200 37 10 1000000000
a contact +15000 +22200 37 18 1000000000
a contact +15000 +22200 38 9 1000000000
a contact +15000 +22200 38 17 1000000000
a contact +14400 +22200 38 25 1000000000
a contact +0 +22200 40 2 1000000000
a contact +0 +22200 43 2 1000000000
a contact +15000 +22800 2 31 1000000000
a contact +0 +22800 3 19 1000000000
a contact +15000 +22800 5 35 1000000000
a contact +0 +22800 6 15 1000000000
a contact +16800 +22800 9 21 1000000000
a contact +16800 +22800 9 37 1000000000
a contact +16800 +22800 13 17 1000000000
a contact +16800 +22800 13 33 1000000000
a contact +0 +22800 15 6 1000000000
a contact +16800 +22800 17 13 1000000000
a contact +16800 +22800 17 29 1000000000
a contact +0 +22800 19 3 1000000000
a contact +16800 +22800 21 9 1000000000
a contact +16800 +22800 21 25 1000000000
a contact +16800 +22800 25 21 1000000000
a contact +16800 +22800 25 37 1000000000
a contact +16800 +22800 29 17 1000000000
a contact +16800 +22800 29 33 1000000000
a contact +15000 +22800 31 2 1000000000
a contact +16800 +22800 33 13 1000000000
a contact +16800 +22800 33 29 1000000000
a contact +15000 +22800 35 5 1000000000
a contact +16800 +22800 37 9 1000000000
a contact +16800 +22800 37 25 1000000000
a contact +15000 +23400 2 19 1000000000
a contact +15000 +23400 5 15 1000000000
a contact +16200 +23400 7 23 1000000000
a contact +16200 +23400 8 30 1000000000
a contact +16200 +23400 9 29 1000000000
a contact +16200 +23400 10 28 1000000000
a contact +16200 +23400 11 27 1000000000
a contact +16200 +23400 12 26 1000000000
a contact +16200 +23400 13 25 1000000000
a contact +16200 +23400 14 24 1000000000
a contact +15000 +23400 15 5 1000000000
a contact +16200 +23400 15 31 1000000000
a contact +16200 +23400 16 38 1000000000
a contact +16200 +23400 17 37 1000000000
a contact +16200 +23400 18 36 1000000000
a contact +15000 +23400 19 2 1000000000
a contact +16200 +23400 19 35 1000000000
a contact +16200 +23400 20 34 1000000000
a contact +16200 +23400 21 33 1000000000
a contact +16200 +23400 22 32 1000000000
a contact +16200 +23400 23 7 1000000000
a contact +16200 +23400 24 14 1000000000
a contact +16200 +23400 25 13 1000000000
a contact +16200 +23400 26 12 1000000000
a contact +16200 +23400 27 11 1000000000
a contact +16200 +23400 28 10 1000000000
a contact +16200 +23400 29 9 1000000000
a contact +16200 +23400 30 8 1000000000
a contact +16200 +23400 31 15 1000000000
a contact +16200 +23400 32 22 1000000000
a contact +16200 +23400 33 21 1000000000
a contact +16200 +23400 34 20 1000000000
a contact +16200 +23400 35 19 1000000000
a contact +16200 +23400 36 18 1000000000
a contact +16200 +23400 37 17 1000000000
a contact +16200 +23400 38 16 1000000000
a contact +0 +24600 2 38 1000000000
a contact +16800 +24600 3 7 1000000000
a contact +16800 +24600 3 27 1000000000
a contact +0 +24600 5 34 1000000000
a contact +16800 +24600 6 11 1000000000
a contact +16800 +24600 6 23 1000000000
a contact +16800 +24600 7 3 1000000000
a contact +17400 +24600 7 30 1000000000
a contact +17400 +24600 8 21 1000000000
a contact +17400 +24600 8 29 1000000000
a contact +17400 +24600 8 37 1000000000
a contact +18000 +24600 9 20 1000000000
a contact +17400 +24600 9 28 1000000000
a contact +17400 +24600 9 36 1000000000
a contact +17400 +24600 10 27 1000000000
a contact +16800 +24600 11 6 1000000000
a contact +17400 +24600 11 26 1000000000
a contact +17400 +24600 12 17 1000000000
a contact +17400 +24600 12 25 1000000000
a contact +17400 +24600 12 33 1000000000
a contact +18000 +24600 13 16 1000000000
a contact +17400 +24600 13 24 1000000000
a contact +17400 +24600 13 32 1000000000
a contact +17400 +24600 14 23 1000000000
a contact +17400 +24600 15 38 1000000000
a contact +0 +24600 15 40 1000000000
a contact +0 +24600 15 43 1000000000
a contact +18000 +24600 16 13 1000000000
a contact +17400 +24600 16 29 1000000000
a contact +17400 +24600 16 37 1000000000
a contact +17400 +24600 17 12 1000000000
a contact +17400 +24600 17 28 1000000000
a contact +17400 +24600 17 36 1000000000
a contact +17400 +24600 18 35 1000000000
a contact +17400 +24600 19 34 1000000000
a contact +18000 +24600 20 9 1000000000
a contact +17400 +24600 20 25 1000000000
a contact +17400 +24600 20 33 1000000000
a contact +17400 +24600 21 8 1000000000
a contact +17400 +24600 21 24 1000000000
a contact +17400 +24600 21 32 1000000000
a contact +17400 +24600 22 31 1000000000
a contact +16800 +24600 23 6 1000000000
a contact +17400 +24600 23 14 1000000000
a contact +17400 +24600 24 13 1000000000
a contact +17400 +24600 24 21 1000000000
a contact +17400 +24600 24 37 1000000000
a contact +17400 +24600 25 12 1000000000
a contact +17400 +24600 25 20 1000000000
a contact +17400 +24600 25 36 1000000000
a contact +17400 +24600 26 11 1000000000
a contact +16800 +24600 27 3 1000000000
a contact +17400 +24600 27 10 1000000000
a contact +17400 +24600 28 9 1000000000
a contact +17400 +24600 28 17 1000000000
a contact +17400 +24600 28 33 1000000000
a contact +17400 +24600 29 8 1000000000
a contact +17400 +24600 29 16 1000000000
a contact +17400 +24600 29 32 1000000000
a contact +17400 +24600 30 7 1000000000
a contact +17400 +24600 31 22 1000000000
a contact +17400 +24600 32 13 1000000000
a contact +17400 +24600 32 21 1000000000
a contact +17400 +24600 32 29 1000000000
a contact +17400 +24600 33 12 1000000000
a contact +17400 +24600 33 20 1000000000
a contact +17400 +24600 33 28 1000000000
a contact +0 +24600 34 5 1000000000
a contact +17400 +24600 34 19 1000000000
a contact +17400 +24600 35 18 1000000000
a contact +0 +24600 35 40 1000000000
a contact +0 +24600 35 43 1000000000
a contact +17400 +24600 36 9 1000000000
a contact +17400 +24600 36 17 1000000000
a contact +17400 +24600 36 25 1000000000
a contact +17400 +24600 37 8 1000000000
a contact +17400 +24600 37 16 1000000000
a contact +17400 +24600 37 24 1000000000
a contact +0 +24600 38 2 1000000000
a contact +17400 +24600 38 15 1000000000
a contact +0 +24600 40 15 1000000000
a contact +0 +24600 40 35 1000000000
a contact +0 +24600 43 15 1000000000
a contact +0 +24600 43 35 1000000000
a contact +0 +25200 1 10 1000000000
a contact +0 +25200 1 30 1000000000
a contact +0 +25200 2 18 1000000000
a contact +0 +25200 4 14 1000000000
a contact +0 +25200 4 26 1000000000
a contact +0 +25200 5 22 1000000000
a contact +19200 +25200 8 20 1000000000
a contact +19200 +25200 8 36 1000000000
a contact +0 +25200 10 1 1000000000
a contact +19200 +25200 12 16 1000000000
a contact +19200 +25200 12 32 1000000000
a contact +0 +25200 14 4 1000000000
a contact +19200 +25200 16 12 1000000000
a contact +19200 +25200 16 28 1000000000
a contact +0 +25200 18 2 1000000000
a contact +19200 +25200 20 8 1000000000
a contact +19200 +25200 20 24 1000000000
a contact +0 +25200 22 5 1000000000
a contact +19200 +25200 24 20 1000000000
a contact +19200 +25200 24 36 1000000000
a contact +0 +25200 26 4 1000000000
a contact +19200 +25200 28 16 1000000000
a contact +19200 +25200 28 32 1000000000
a contact +0 +25200 30 1 1000000000
a contact +19200 +25200 32 12 1000000000
a contact +19200 +25200 32 28 1000000000
a contact +19200 +25200 36 8 1000000000
a contact +19200 +25200 36 24 1000000000
a contact +17400 +25800 3 14 1000000000
a contact +17400 +25800 3 26 1000000000
a contact +17400 +25800 6 10 1000000000
a contact +17400 +25800 6 30 1000000000
a contact +17400 +25800 10 6 1000000000
a contact +17400 +25800 14 3 1000000000
a contact +18600 +25800 15 37 1000000000
a contact +18600 +25800 16 36 1000000000
a contact +18600 +25800 17 35 1000000000
a contact +18600 +25800 18 34 1000000000
a contact +18600 +25800 19 33 1000000000
a contact +18600 +25800 20 32 1000000000
a contact +18600 +25800 21 31 1000000000
a contact +18600 +25800 22 38 1000000000
a contact +17400 +25800 26 3 1000000000
a contact +17400 +25800 30 6 1000000000
a contact +18600 +25800 31 21 1000000000
a contact +18600 +25800 32 20 1000000000
a contact +18600 +25800 33 19 1000000000
a contact +18600 +25800 34 18 1000000000
a contact +18600 +25800 35 17 1000000000
a contact +18600 +25800 36 16 1000000000
a contact +18600 +25800 37 15 1000000000
a contact +18600 +25800 38 22 1000000000
a contact +18600 +26400 7 29 1000000000
a contact +18600 +26400 8 28 1000000000
a contact +18600 +26400 9 27 1000000000
a contact +18600 +26400 10 26 1000000000
a contact +18600 +26400 11 25 1000000000
a contact +18600 +26400 12 24 1000000000
a contact +18600 +26400 13 23 1000000000
a contact +18600 +26400 14 30 1000000000
a contact +18600 +26400 23 13 1000000000
a contact +18600 +26400 24 12 1000000000
a contact +18600 +26400 25 11 1000000000
a contact +18600 +26400 26 10 1000000000
a contact +18600 +26400 27 9 1000000000
a contact +18600 +26400 28 8 1000000000
a contact +18600 +26400 29 7 1000000000
a contact +18600 +26400 30 14 1000000000
a contact +19200 +27000 1 18 1000000000
a contact +19200 +27000 1 38 1000000000
a contact +1200 +27000 1 40 1000000000
a contact +1200 +27000 1 43 1000000000
a contact +19200 +27000 4 22 1000000000
a contact +19200 +27000 4 34 1000000000
a contact +20400 +27000 7 36 1000000000
a contact +20400 +27000 8 19 1000000000
a contact +19800 +27000 8 35 1000000000
a contact +20400 +27000 11 32 1000000000
a contact +20400 +27000 12 15 1000000000
a contact +19800 +27000 12 31 1000000000
a contact +20400 +27000 15 12 1000000000
a contact +20400 +27000 16 27 1000000000
a contact +19200 +27000 18 1 1000000000
a contact +20400 +27000 19 8 1000000000
a contact +20400 +27000 20 23 1000000000
a contact +19200 +27000 22 4 1000000000
a contact +20400 +27000 23 20 1000000000
a contact +20400 +27000 24 35 1000000000
a contact +20400 +27000 27 16 1000000000
a contact +20400 +27000 28 31 1000000000
a contact +19800 +27000 31 12 1000000000
a contact +20400 +27000 31 28 1000000000
a contact +20400 +27000 32 11 1000000000
a contact +19200 +27000 34 4 1000000000
a contact +0 +27000 34 40 1000000000
a contact +0 +27000 34 43 1000000000
a contact +19800 +27000 35 8 1000000000
a contact +20400 +27000 35 24 1000000000
a contact +20400 +27000 36 7 1000000000
a contact +19200 +27000 38 1 1000000000
a contact +1200 +27000 40 1 1000000000
a contact +0 +27000 40 34 1000000000
a contact +1200 +27000 43 1 1000000000
a contact +0 +27000 43 34 1000000000
a contact +0 +27600 2 17 1000000000
a contact +0 +27600 2 37 1000000000
a contact +0 +27600 3 13 1000000000
a contact +0 +27600 3 25 1000000000
a contact +0 +27600 5 21 1000000000
a contact +0 +27600 5 33 1000000000
a contact +0 +27600 6 9 1000000000
a contact +0 +27600 6 29 1000000000
a contact +19800 +27600 7 20 1000000000
a contact +19800 +27600 7 28 1000000000
a contact +19800 +27600 8 27 1000000000
a contact +0 +27600 9 6 1000000000
a contact +19800 +27600 9 26 1000000000
a contact +19800 +27600 10 25 1000000000
a contact +19800 +27600 11 16 1000000000
a contact +19800 +27600 11 24 1000000000
a contact +19800 +27600 12 23 1000000000
a contact +0 +27600 13 3 1000000000
a contact +19800 +27600 13 30 1000000000
a contact +19800 +27600 14 29 1000000000
a contact +19800 +27600 15 28 1000000000
a contact +19800 +27600 15 36 1000000000
a contact +19800 +27600 16 11 1000000000
a contact +19800 +27600 16 35 1000000000
a contact +0 +27600 17 2 1000000000
a contact +19800 +27600 17 34 1000000000
a contact +19800 +27600 18 33 1000000000
a contact +19800 +27600 19 24 1000000000
a contact +19800 +27600 19 32 1000000000
a contact +19800 +27600 20 7 1000000000
a contact +19800 +27600 20 31 1000000000
a contact +0 +27600 21 5 1000000000
a contact +19800 +27600 21 38 1000000000
a contact +19800 +27600 22 37 1000000000
a contact +19800 +27600 23 12 1000000000
a contact +19800 +27600 23 36 1000000000
a contact +19800 +27600 24 11 1000000000
a contact +19800 +27600 24 19 1000000000
a contact +0 +27600 25 3 1000000000
a contact +19800 +27600 25 10 1000000000
a contact +19800 +27600 26 9 1000000000
a contact +19800 +27600 27 8 1000000000
a contact +19800 +27600 27 32 1000000000
a contact +19800 +27600 28 7 1000000000
a contact +19800 +27600 28 15 1000000000
a contact +0 +27600 29 6 1000000000
a contact +19800 +27600 29 14 1000000000
a contact +19800 +27600 30 13 1000000000
a contact +19800 +27600 31 20 1000000000
a contact +19800 +27600 32 19 1000000000
a contact +19800 +27600 32 27 1000000000
a contact +0 +27600 33 5 1000000000
a contact +19800 +27600 33 18 1000000000
a contact +19800 +27600 34 17 1000000000
a contact +19800 +27600 35 16 1000000000
a contact +19800 +27600 36 15 1000000000
a contact +19800 +27600 36 23 1000000000
a contact +0 +27600 37 2 1000000000
a contact +19800 +27600 37 22 1000000000
a contact +19800 +27600 38 21 1000000000
a contact +19800 +28200 1 17 1000000000
a contact +19800 +28200 1 37 1000000000
a contact +19800 +28200 4 21 1000000000
a contact +19800 +28200 4 33 1000000000
a contact +22200 +28200 7 19 1000000000
a contact +22200 +28200 7 35 1000000000
a contact +22200 +28200 11 15 1000000000
a contact +22200 +28200 11 31 1000000000
a contact +22200 +28200 15 11 1000000000
a contact +22200 +28200 15 27 1000000000
a contact +19800 +28200 17 1 1000000000
a contact +22200 +28200 19 7 1000000000
a contact +22200 +28200 19 23 1000000000
a contact +19800 +28200 21 4 1000000000
a contact +22200 +28200 23 19 1000000000
a contact +21600 +28200 23 35 1000000000
a contact +22200 +28200 27 15 1000000000
a contact +21600 +28200 27 31 1000000000
a contact +22200 +28200 31 11 1000000000
a contact +21600 +28200 31 27 1000000000
a contact +19800 +28200 33 4 1000000000
a contact +22200 +28200 35 7 1000000000
a contact +21600 +28200 35 23 1000000000
a contact +19800 +28200 37 1 1000000000
a contact +21000 +28800 7 27 1000000000
a contact +21000 +28800 8 26 1000000000
a contact +21000 +28800 9 25 1000000000
a contact +21000 +28800 10 24 1000000000
a contact +21000 +28800 11 23 1000000000
a contact +21000 +28800 12 30 1000000000
a contact +21000 +28800 13 29 1000000000
a contact +21000 +28800 14 28 1000000000
a contact +21000 +28800 15 35 1000000000
a contact +21000 +28800 16 34 1000000000
a contact +21000 +28800 17 33 1000000000
a contact +21000 +28800 18 32 1000000000
a contact +21000 +28800 19 31 1000000000
a contact +21000 +28800 20 38 1000000000
a contact +21000 +28800 21 37 1000000000
a contact +21000 +28800 22 36 1000000000
a contact +21000 +28800 23 11 1000000000
a contact +21000 +28800 24 10 1000000000
a contact +21000 +28800 25 9 1000000000
a contact +21000 +28800 26 8 1000000000
a contact +21000 +28800 27 7 1000000000
a contact +21000 +28800 28 14 1000000000
a contact +21000 +28800 29 13 1000000000
a contact +21000 +28800 30 12 1000000000
a contact +21000 +28800 31 19 1000000000
a contact +21000 +28800 32 18 1000000000
a contact +21000 +28800 33 17 1000000000
a contact +21000 +28800 34 16 1000000000
a contact +21000 +28800 35 15 1000000000
a contact +21000 +28800 36 22 1000000000
a contact +21000 +28800 37 21 1000000000
a contact +21000 +28800 38 20 1000000000
a contact +21600 +29400 2 13 1000000000
a contact +21600 +29400 2 25 1000000000
a contact +21600 +29400 5 9 1000000000
a contact +21600 +29400 5 29 1000000000
a contact +21600 +29400 9 5 1000000000
a contact +21600 +29400 13 2 1000000000
a contact +22800 +29400 15 26 1000000000
a contact +22800 +29400 19 30 1000000000
a contact +22800 +29400 23 34 1000000000
a contact +21600 +29400 25 2 1000000000
a contact +22800 +29400 26 15 1000000000
a contact +22800 +29400 27 38 1000000000
a contact +21600 +29400 29 5 1000000000
a contact +22800 +29400 30 19 1000000000
a contact +22800 +29400 34 23 1000000000
a contact +22800 +29400 38 27 1000000000
a contact +0 +30000 1 16 1000000000
a contact +0 +30000 1 36 1000000000
a contact +0 +30000 4 20 1000000000
a contact +0 +30000 4 32 1000000000
a contact +22800 +30000 7 18 1000000000
a contact +22800 +30000 7 26 1000000000
a contact +22800 +30000 7 34 1000000000
a contact +22800 +30000 8 25 1000000000
a contact +22800 +30000 9 24 1000000000
a contact +22800 +30000 10 15 1000000000
a contact +22800 +30000 10 23 1000000000
a contact +22800 +30000 10 31 1000000000
a contact +22800 +30000 11 22 1000000000
a contact +22800 +30000 11 30 1000000000
a contact +22800 +30000 11 38 1000000000
a contact +22800 +30000 12 29 1000000000
a contact +22800 +30000 13 28 1000000000
a contact +22800 +30000 14 19 1000000000
a contact +22800 +30000 14 27 1000000000
a contact +22800 +30000 14 35 1000000000
a contact +22800 +30000 15 10 1000000000
a contact +22800 +30000 15 34 1000000000
a contact +0 +30000 16 1 1000000000
a contact +22800 +30000 16 33 1000000000
a contact +22800 +30000 17 32 1000000000
a contact +22800 +30000 18 7 1000000000
a contact +22800 +30000 18 23 1000000000
a contact +22800 +30000 18 31 1000000000
a contact +22800 +30000 19 14 1000000000
a contact +22800 +30000 19 38 1000000000
a contact +0 +30000 20 4 1000000000
a contact +22800 +30000 20 37 1000000000
a contact +22800 +30000 21 36 1000000000
a contact +0 +30000 21 40 1000000000
a contact +0 +30000 21 43 1000000000
a contact +22800 +30000 22 11 1000000000
a contact +22800 +30000 22 27 1000000000
a contact +22800 +30000 22 35 1000000000
a contact +22800 +30000 23 10 1000000000
a contact +22800 +30000 23 18 1000000000
a contact +22800 +30000 24 9 1000000000
a contact +22800 +30000 25 8 1000000000
a contact +22800 +30000 26 7 1000000000
a contact +22200 +30000 26 31 1000000000
a contact +22800 +30000 27 14 1000000000
a contact +22800 +30000 27 22 1000000000
a contact +22800 +30000 28 13 1000000000
a contact +22800 +30000 29 12 1000000000
a contact +22800 +30000 30 11 1000000000
a contact +22200 +30000 30 35 1000000000
a contact +22800 +30000 31 10 1000000000
a contact +22800 +30000 31 18 1000000000
a contact +22200 +30000 31 26 1000000000
a contact +0 +30000 32 4 1000000000
a contact +22800 +30000 32 17 1000000000
a contact +22800 +30000 33 16 1000000000
a contact +22800 +30000 34 7 1000000000
a contact +22800 +30000 34 15 1000000000
a contact +22800 +30000 35 14 1000000000
a contact +22800 +30000 35 22 1000000000
a contact +22200 +30000 35 30 1000000000
a contact +0 +30000 36 1 1000000000
a contact +22800 +30000 36 21 1000000000
a contact +22800 +30000 37 20 1000000000
a contact +22800 +30000 38 11 1000000000
a contact +22800 +30000 38 19 1000000000
a contact +0 +30000 40 21 1000000000
a contact +0 +30000 43 21 1000000000
a contact +22200 +30600 2 12 1000000000
a contact +22200 +30600 2 24 1000000000
a contact +0 +30600 3 12 1000000000
a contact +0 +30600 3 24 1000000000
a contact +22200 +30600 5 8 1000000000
a contact +22200 +30600 5 28 1000000000
a contact +0 +30600 6 8 1000000000
a contact +0 +30600 6 28 1000000000
a contact +22200 +30600 8 5 1000000000
a contact +0 +30600 8 6 1000000000
a contact +24600 +30600 10 22 1000000000
a contact +24600 +30600 10 38 1000000000
a contact +22200 +30600 12 2 1000000000
a contact +0 +30600 12 3 1000000000
a contact +24600 +30600 14 18 1000000000
a contact +24600 +30600 14 34 1000000000
a contact +24600 +30600 18 14 1000000000
a contact +24600 +30600 18 30 1000000000
a contact +24600 +30600 22 10 1000000000
a contact +24600 +30600 22 26 1000000000
a contact +22200 +30600 24 2 1000000000
a contact +0 +30600 24 3 1000000000
a contact +24600 +30600 26 22 1000000000
a contact +24600 +30600 26 38 1000000000
a contact +22200 +30600 28 5 1000000000
a contact +0 +30600 28 6 1000000000
a contact +24600 +30600 30 18 1000000000
a contact +24600 +30600 30 34 1000000000
a contact +24600 +30600 34 14 1000000000
a contact +24600 +30600 34 30 1000000000
a contact +24600 +30600 38 10 1000000000
a contact +24600 +30600 38 26 1000000000
a contact +24000 +31200 7 25 1000000000
a contact +24000 +31200 8 24 1000000000
a contact +24000 +31200 9 23 1000000000
a contact +24000 +31200 10 30 1000000000
a contact +24000 +31200 11 29 1000000000
a contact +24000 +31200 12 28 1000000000
a contact +24000 +31200 13 27 1000000000
a contact +24000 +31200 14 26 1000000000
a contact +24000 +31200 15 33 1000000000
a contact +24000 +31200 16 32 1000000000
a contact +24000 +31200 17 31 1000000000
a contact +24000 +31200 18 38 1000000000
a contact +24000 +31200 19 37 1000000000
a contact +24000 +31200 20 36 1000000000
a contact +24000 +31200 21 35 1000000000
a contact +24000 +31200 22 34 1000000000
a contact +24000 +31200 23 9 1000000000
a contact +24000 +31200 24 8 1000000000
a contact +24000 +31200 25 7 1000000000
a contact +24000 +31200 26 14 1000000000
a contact +24000 +31200 27 13 1000000000
a contact +24000 +31200 28 12 1000000000
a contact +24000 +31200 29 11 1000000000
a contact +24000 +31200 30 10 1000000000
a contact +24000 +31200 31 17 1000000000
a contact +24000 +31200 32 16 1000000000
a contact +24000 +31200 33 15 1000000000
a contact +24000 +31200 34 22 1000000000
a contact +24000 +31200 35 21 1000000000
a contact +24000 +31200 36 20 1000000000
a contact +24000 +31200 37 19 1000000000
a contact +24000 +31200 38 18 1000000000
a contact +0 +32400 2 23 1000000000
a contact +24000 +32400 3 20 1000000000
a contact +24000 +32400 3 32 1000000000
a contact +0 +32400 5 27 1000000000
a contact +24000 +32400 6 16 1000000000
a contact +24000 +32400 6 36 1000000000
a contact +6000 +32400 6 40 1000000000
a contact +30000 +32400 6 41 1000000000
a contact +6000 +32400 6 43 1000000000
a contact +30000 +32400 6 44 1000000000
a contact +25200 +32400 7 24 1000000000
a contact +25200 +32400 8 23 1000000000
a contact +25200 +32400 9 22 1000000000
a contact +25200 +32400 9 30 1000000000
a contact +25200 +32400 9 38 1000000000
a contact +25800 +32400 10 21 1000000000
a contact +25200 +32400 10 29 1000000000
a contact +25200 +32400 10 37 1000000000
a contact +25200 +32400 11 28 1000000000
a contact +25200 +32400 12 27 1000000000
a contact +25200 +32400 13 18 1000000000
a contact +25200 +32400 13 26 1000000000
a contact +25200 +32400 13 34 1000000000
a contact +25800 +32400 14 17 1000000000
a contact +25200 +32400 14 25 1000000000
a contact +25200 +32400 14 33 1000000000
a contact +25200 +32400 15 32 1000000000
a contact +24000 +32400 16 6 1000000000
a contact +25200 +32400 16 31 1000000000
a contact +25800 +32400 17 14 1000000000
a contact +25200 +32400 17 30 1000000000
a contact +25200 +32400 17 38 1000000000
a contact +25200 +32400 18 13 1000000000
a contact +25200 +32400 18 29 1000000000
a contact +25200 +32400 18 37 1000000000
a contact +25200 +32400 19 36 1000000000
a contact +24000 +32400 20 3 1000000000
a contact +25200 +32400 20 35 1000000000
a contact +0 +32400 20 40 1000000000
a contact +30000 +32400 20 41 1000000000
a contact +0 +32400 20 43 1000000000
a contact +30000 +32400 20 44 1000000000
a contact +25800 +32400 21 10 1000000000
a contact +25200 +32400 21 26 1000000000
a contact +25200 +32400 21 34 1000000000
a contact +25200 +32400 22 9 1000000000
a contact +25200 +32400 22 25 1000000000
a contact +25200 +32400 22 33 1000000000
a contact +0 +32400 23 2 1000000000
a contact +25200 +32400 23 8 1000000000
a contact +25200 +32400 24 7 1000000000
a contact +25200 +32400 25 14 1000000000
a contact +25200 +32400 25 22 1000000000
a contact +25200 +32400 25 38 1000000000
a contact +25200 +32400 26 13 1000000000
a contact +25200 +32400 26 21 1000000000
a contact +25200 +32400 26 37 1000000000
a contact +0 +32400 27 5 1000000000
a contact +25200 +32400 27 12 1000000000
a contact +25200 +32400 28 11 1000000000
a contact +25200 +32400 29 10 1000000000
a contact +25200 +32400 29 18 1000000000
a contact +25200 +32400 29 34 1000000000
a contact +25200 +32400 30 9 1000000000
a contact +25200 +32400 30 17 1000000000
a contact +25200 +32400 30 33 1000000000
a contact +25200 +32400 31 16 1000000000
a contact +24000 +32400 32 3 1000000000
a contact +25200 +32400 32 15 1000000000
a contact +12000 +32400 32 40 1000000000
a contact +30000 +32400 32 41 1000000000
a contact +12000 +32400 32 43 1000000000
a contact +30000 +32400 32 44 1000000000
a contact +25200 +32400 33 14 1000000000
a contact +25200 +32400 33 22 1000000000
a contact +25200 +32400 33 30 1000000000
a contact +25200 +32400 34 13 1000000000
a contact +25200 +32400 34 21 1000000000
a contact +25200 +32400 34 29 1000000000
a contact +25200 +32400 35 20 1000000000
a contact +24000 +32400 36 6 1000000000
a contact +25200 +32400 36 19 1000000000
a contact +25200 +32400 37 10 1000000000
a contact +25200 +32400 37 18 1000000000
a contact +25200 +32400 37 26 1000000000
a contact +25200 +32400 38 9 1000000000
a contact +25200 +32400 38 17 1000000000
a contact +25200 +32400 38 25 1000000000
a contact +6000 +32400 40 6 1000000000
a contact +0 +32400 40 20 1000000000
a contact +12000 +32400 40 32 1000000000
a contact +30000 +32400 41 6 1000000000
a contact +30000 +32400 41 20 1000000000
a contact +30000 +32400 41 32 1000000000
a contact +6000 +32400 43 6 1000000000
a contact +0 +32400 43 20 1000000000
a contact +12000 +32400 43 32 1000000000
a contact +30000 +32400 44 6 1000000000
a contact +30000 +32400 44 20 1000000000
a contact +30000 +32400 44 32 1000000000
a contact +0 +33000 1 35 1000000000
a contact +0 +33000 2 11 1000000000
a contact +25200 +33000 3 19 1000000000
a contact +25200 +33000 3 31 1000000000
a contact +0 +33000 4 31 1000000000
a contact +0 +33000 5 7 1000000000
a contact +25200 +33000 6 15 1000000000
a contact +25200 +33000 6 35 1000000000
a contact +0 +33000 7 5 1000000000
a contact +27000 +33000 9 21 1000000000
a contact +27000 +33000 9 37 1000000000
a contact +0 +33000 11 2 1000000000
a contact +27000 +33000 13 17 1000000000
a contact +27000 +33000 13 33 1000000000
a contact +25200 +33000 15 6 1000000000
a contact +27000 +33000 17 13 1000000000
a contact +27000 +33000 17 29 1000000000
a contact +25200 +33000 19 3 1000000000
a contact +27000 +33000 21 9 1000000000
a contact +27000 +33000 21 25 1000000000
a contact +27000 +33000 25 21 1000000000
a contact +27000 +33000 25 37 1000000000
a contact +27000 +33000 29 17 1000000000
a contact +27000 +33000 29 33 1000000000
a contact +25200 +33000 31 3 1000000000
a contact +0 +33000 31 4 1000000000
a contact +27000 +33000 33 13 1000000000
a contact +27000 +33000 33 29 1000000000
a contact +0 +33000 35 1 1000000000
a contact +25200 +33000 35 6 1000000000
a contact +27000 +33000 37 9 1000000000
a contact +27000 +33000 37 25 1000000000
a contact +0 +33600 1 15 1000000000
a contact +0 +33600 4 19 1000000000
a contact +0 +33600 15 1 1000000000
a contact +26400 +33600 15 31 1000000000
a contact +26400 +33600 16 38 1000000000
a contact +26400 +33600 17 37 1000000000
a contact +26400 +33600 18 36 1000000000
a contact +0 +33600 19 4 1000000000
a contact +26400 +33600 19 35 1000000000
a contact +26400 +33600 20 34 1000000000
a contact +26400 +33600 21 33 1000000000
a contact +26400 +33600 22 32 1000000000
a contact +26400 +33600 31 15 1000000000
a contact +26400 +33600 32 22 1000000000
a contact +26400 +33600 33 21 1000000000
a contact +26400 +33600 34 20 1000000000
a contact +26400 +33600 35 19 1000000000
a contact +26400 +33600 36 18 1000000000
a contact +26400 +33600 37 17 1000000000
a contact +26400 +33600 38 16 1000000000
a contact +26400 +34200 7 23 1000000000
a contact +26400 +34200 8 30 1000000000
a contact +26400 +34200 9 29 1000000000
a contact +26400 +34200 10 28 1000000000
a contact +26400 +34200 11 27 1000000000
a contact +26400 +34200 12 26 1000000000
a contact +26400 +34200 13 25 1000000000
a contact +26400 +34200 14 24 1000000000
a contact +26400 +34200 23 7 1000000000
a contact +26400 +34200 24 14 1000000000
a contact +26400 +34200 25 13 1000000000
a contact +26400 +34200 26 12 1000000000
a contact +26400 +34200 27 11 1000000000
a contact +26400 +34200 28 10 1000000000
a contact +26400 +34200 29 9 1000000000
a contact +26400 +34200 30 8 1000000000
a contact +27000 +34800 1 11 1000000000
a contact +27000 +34800 1 23 1000000000
a contact +27000 +34800 4 7 1000000000
a contact +27000 +34800 4 27 1000000000
a contact +27000 +34800 7 4 1000000000
a contact +28200 +34800 8 37 1000000000
a contact +28200 +34800 9 20 1000000000
a contact +27600 +34800 9 36 1000000000
a contact +27000 +34800 11 1 1000000000
a contact +28200 +34800 12 33 1000000000
a contact +28200 +34800 13 16 1000000000
a contact +27600 +34800 13 32 1000000000
a contact +28200 +34800 16 13 1000000000
a contact +28200 +34800 17 28 1000000000
a contact +28200 +34800 20 9 1000000000
a contact +28200 +34800 21 24 1000000000
a contact +27000 +34800 23 1 1000000000
a contact +28200 +34800 24 21 1000000000
a contact +28200 +34800 25 36 1000000000
a contact +27000 +34800 27 4 1000000000
a contact +28200 +34800 28 17 1000000000
a contact +28200 +34800 29 32 1000000000
a contact +0 +34800 31 40 1000000000
a contact +30000 +34800 31 41 1000000000
a contact +0 +34800 31 43 1000000000
a contact +30000 +34800 31 44 1000000000
a contact +27600 +34800 32 13 1000000000
a contact +28200 +34800 32 29 1000000000
a contact +28200 +34800 33 12 1000000000
a contact +27600 +34800 36 9 1000000000
a contact +28200 +34800 36 25 1000000000
a contact +28200 +34800 37 8 1000000000
a contact +0 +34800 40 31 1000000000
a contact +30000 +34800 41 31 1000000000
a contact +0 +34800 43 31 1000000000
a contact +30000 +34800 44 31 1000000000
a contact +0 +35400 3 18 1000000000
a contact +0 +35400 3 38 1000000000
a contact +0 +35400 6 22 1000000000
a contact +0 +35400 6 34 1000000000
a contact +27600 +35400 7 30 1000000000
a contact +27600 +35400 8 21 1000000000
a contact +27600 +35400 8 29 1000000000
a contact +27600 +35400 9 28 1000000000
a contact +27600 +35400 10 27 1000000000
a contact +27600 +35400 11 26 1000000000
a contact +27600 +35400 12 17 1000000000
a contact +27600 +35400 12 25 1000000000
a contact +27600 +35400 13 24 1000000000
a contact +27600 +35400 14 23 1000000000
a contact +27600 +35400 15 38 1000000000
a contact +27600 +35400 16 29 1000000000
a contact +27600 +35400 16 37 1000000000
a contact +27600 +35400 17 12 1000000000
a contact +27600 +35400 17 36 1000000000
a contact +0 +35400 18 3 1000000000
a contact +27600 +35400 18 35 1000000000
a contact +27600 +35400 19 34 1000000000
a contact +27600 +35400 20 25 1000000000
a contact +27600 +35400 20 33 1000000000
a contact +27600 +35400 21 8 1000000000
a contact +27600 +35400 21 32 1000000000
a contact +0 +35400 22 6 1000000000
a contact +27600 +35400 22 31 1000000000
a contact +27600 +35400 23 14 1000000000
a contact +27600 +35400 24 13 1000000000
a contact +27600 +35400 24 37 1000000000
a contact +27600 +35400 25 12 1000000000
a contact +27600 +35400 25 20 1000000000
a contact +27600 +35400 26 11 1000000000
a contact +27600 +35400 27 10 1000000000
a contact +27600 +35400 28 9 1000000000
a contact +27600 +35400 28 33 1000000000
a contact +27600 +35400 29 8 1000000000
a contact +27600 +35400 29 16 1000000000
a contact +27600 +35400 30 7 1000000000
a contact +27600 +35400 31 22 1000000000
a contact +27600 +35400 32 21 1000000000
a contact +27600 +35400 33 20 1000000000
a contact +27600 +35400 33 28 1000000000
a contact +0 +35400 34 6 1000000000
a contact +27600 +35400 34 19 1000000000
a contact +27600 +35400 35 18 1000000000
a contact +27600 +35400 36 17 1000000000
a contact +27600 +35400 37 16 1000000000
a contact +27600 +35400 37 24 1000000000
a contact +0 +35400 38 3 1000000000
a contact +27600 +35400 38 15 1000000000
a contact +27600 +36000 1 10 1000000000
a contact +27600 +36000 1 30 1000000000
a contact +0 +36000 2 30 1000000000
a contact +27600 +36000 4 14 1000000000
a contact +27600 +36000 4 26 1000000000
a contact +0 +36000 5 26 1000000000
a contact +30000 +36000 8 20 1000000000
a contact +30000 +36000 8 36 1000000000
a contact +27600 +36000 10 1 1000000000
a contact +30000 +36000 12 16 1000000000
a contact +30000 +36000 12 32 1000000000
a contact +27600 +36000 14 4 1000000000
a contact +30000 +36000 16 12 1000000000
a contact +30000 +36000 16 28 1000000000
a contact +30000 +36000 20 8 1000000000
a contact +30000 +36000 20 24 1000000000
a contact +30000 +36000 24 20 1000000000
a contact +30000 +36000 24 36 1000000000
a contact +27600 +36000 26 4 1000000000
a contact +0 +36000 26 5 1000000000
a contact +30000 +36000 28 16 1000000000
a contact +30000 +36000 28 32 1000000000
a contact +27600 +36000 30 1 1000000000
a contact +0 +36000 30 2 1000000000
a contact +30000 +36000 32 12 1000000000
a contact +30000 +36000 32 28 1000000000
a contact +30000 +36000 36 8 1000000000
a contact +30000 +36000 36 24 1000000000
a contact +28800 +36600 7 29 1000000000
a contact +28800 +36600 8 28 1000000000
a contact +28800 +36600 9 27 1000000000
a contact +28800 +36600 10 26 1000000000
a contact +28800 +36600 11 25 1000000000
a contact +28800 +36600 12 24 1000000000
a contact +28800 +36600 13 23 1000000000
a contact +28800 +36600 14 30 1000000000
a contact +28800 +36600 15 37 1000000000
a contact +28800 +36600 16 36 1000000000
a contact +28800 +36600 17 35 1000000000
a contact +28800 +36600 18 34 1000000000
a contact +28800 +36600 19 33 1000000000
a contact +28800 +36600 20 32 1000000000
a contact +28800 +36600 21 31 1000000000
a contact +28800 +36600 22 38 1000000000
a contact +28800 +36600 23 13 1000000000
a contact +28800 +36600 24 12 1000000000
a contact +28800 +36600 25 11 1000000000
a contact +28800 +36600 26 10 1000000000
a contact +28800 +36600 27 9 1000000000
a contact +28800 +36600 28 8 1000000000
a contact +28800 +36600 29 7 1000000000
a contact +28800 +36600 30 14 1000000000
a contact +28800 +36600 31 21 1000000000
a contact +28800 +36600 32 20 1000000000
a contact +28800 +36600 33 19 1000000000
a contact +28800 +36600 34 18 1000000000
a contact +28800 +36600 35 17 1000000000
a contact +28800 +36600 36 16 1000000000
a contact +28800 +36600 37 15 1000000000
a contact +28800 +36600 38 22 1000000000
a contact +29400 +37200 2 18 1000000000
a contact +29400 +37200 2 38 1000000000
a contact +29400 +37200 5 22 1000000000
a contact +29400 +37200 5 34 1000000000
a contact +10800 +37200 5 40 1000000000
a contact +30000 +37200 5 41 1000000000
a contact +10800 +37200 5 43 1000000000
a contact +30000 +37200 5 44 1000000000
a contact +30600 +37200 16 27 1000000000
a contact +29400 +37200 18 2 1000000000
a contact +30600 +37200 20 23 1000000000
a contact +29400 +37200 22 5 1000000000
a contact +30600 +37200 23 20 1000000000
a contact +30600 +37200 24 35 1000000000
a contact +30600 +37200 27 16 1000000000
a contact +30600 +37200 28 31 1000000000
a contact +30600 +37200 31 28 1000000000
a contact +29400 +37200 34 5 1000000000
a contact +30600 +37200 35 24 1000000000
a contact +29400 +37200 38 2 1000000000
a contact +10800 +37200 40 5 1000000000
a contact +30000 +37200 41 5 1000000000
a contact +10800 +37200 43 5 1000000000
a contact +30000 +37200 44 5 1000000000
a contact +0 +37800 1 9 1000000000
a contact +0 +37800 1 29 1000000000
a contact +0 +37800 4 13 1000000000
a contact +0 +37800 4 25 1000000000
a contact +30600 +37800 7 20 1000000000
a contact +30600 +37800 7 28 1000000000
a contact +30600 +37800 7 36 1000000000
a contact +30600 +37800 8 19 1000000000
a contact +30600 +37800 8 27 1000000000
a contact +30600 +37800 8 35 1000000000
a contact +0 +37800 9 1 1000000000
a contact +30600 +37800 9 26 1000000000
a contact +30600 +37800 10 25 1000000000
a contact +30600 +37800 11 16 1000000000
a contact +30600 +37800 11 24 1000000000
a contact +30600 +37800 11 32 1000000000
a contact +30600 +37800 12 15 1000000000
a contact +30600 +37800 12 23 1000000000
a contact +30600 +37800 12 31 1000000000
a contact +0 +37800 13 4 1000000000
a contact +30600 +37800 13 30 1000000000
a contact +30600 +37800 14 29 1000000000
a contact +30600 +37800 15 12 1000000000
a contact +30600 +37800 15 28 1000000000
a contact +30600 +37800 15 36 1000000000
a contact +30600 +37800 16 11 1000000000
a contact +30600 +37800 16 35 1000000000
a contact +30600 +37800 17 34 1000000000
a contact +30600 +37800 18 33 1000000000
a contact +17400 +37800 18 40 1000000000
a contact +30000 +37800 18 41 1000000000
a contact +17400 +37800 18 43 1000000000
a contact +30000 +37800 18 44 1000000000
a contact +30600 +37800 19 8 1000000000
a contact +30600 +37800 19 24 1000000000
a contact +30600 +37800 19 32 1000000000
a contact +30600 +37800 20 7 1000000000
a contact +30600 +37800 20 31 1000000000
a contact +30600 +37800 21 38 1000000000
a contact +30600 +37800 22 37 1000000000
a contact +30600 +37800 23 12 1000000000
a contact +30600 +37800 23 36 1000000000
a contact +30600 +37800 24 11 1000000000
a contact +30600 +37800 24 19 1000000000
a contact +0 +37800 25 4 1000000000
a contact +30600 +37800 25 10 1000000000
a contact +30600 +37800 26 9 1000000000
a contact +30600 +37800 27 8 1000000000
a contact +30600 +37800 27 32 1000000000
a contact +30600 +37800 28 7 1000000000
a contact +30600 +37800 28 15 1000000000
a contact +0 +37800 29 1 1000000000
a contact +30600 +37800 29 14 1000000000
a contact +30600 +37800 30 13 1000000000
a contact +30600 +37800 31 12 1000000000
a contact +30600 +37800 31 20 1000000000
a contact +30600 +37800 32 11 1000000000
a contact +30600 +37800 32 19 1000000000
a contact +30600 +37800 32 27 1000000000
a contact +30600 +37800 33 18 1000000000
a contact +30600 +37800 34 17 1000000000
a contact +30600 +37800 35 8 1000000000
a contact +30600 +37800 35 16 1000000000
a contact +30600 +37800 36 7 1000000000
a contact +30600 +37800 36 15 1000000000
a contact +30600 +37800 36 23 1000000000
a contact +30600 +37800 37 22 1000000000
a contact +30600 +37800 38 21 1000000000
a contact +17400 +37800 40 18 1000000000
a contact +30000 +37800 41 18 1000000000
a contact +17400 +37800 43 18 1000000000
a contact +30000 +37800 44 18 1000000000
a contact +30000 +38400 2 17 1000000000
a contact +30000 +38400 2 37 1000000000
a contact +30000 +38400 5 21 1000000000
a contact +30000 +38400 5 33 1000000000
a contact +32400 +38400 7 19 1000000000
a contact +32400 +38400 7 35 1000000000
a contact +32400 +38400 11 15 1000000000
a contact +32400 +38400 11 31 1000000000
a contact +32400 +38400 15 11 1000000000
a contact +32400 +38400 15 27 1000000000
a contact +30000 +38400 17 2 1000000000
a contact +32400 +38400 19 7 1000000000
a contact +32400 +38400 19 23 1000000000
a contact +30000 +38400 21 5 1000000000
a contact +32400 +38400 23 19 1000000000
a contact +32400 +38400 23 35 1000000000
a contact +32400 +38400 27 15 1000000000
a contact +32400 +38400 27 31 1000000000
a contact +32400 +38400 31 11 1000000000
a contact +32400 +38400 31 27 1000000000
a contact +30000 +38400 33 5 1000000000
a contact +32400 +38400 35 7 1000000000
a contact +32400 +38400 35 23 1000000000
a contact +30000 +38400 37 2 1000000000
a contact +31800 +39000 7 27 1000000000
a contact +31800 +39000 8 26 1000000000
a contact +31800 +39000 9 25 1000000000
a contact +31800 +39000 10 24 1000000000
a contact +31800 +39000 11 23 1000000000
a contact +31800 +39000 12 30 1000000000
a contact +31800 +39000 13 29 1000000000
a contact +31800 +39000 14 28 1000000000
a contact +31800 +39000 15 35 1000000000
a contact +31800 +39000 16 34 1000000000
a contact +31800 +39000 17 33 1000000000
a contact +31800 +39000 18 32 1000000000
a contact +31800 +39000 19 31 1000000000
a contact +31800 +39000 20 38 1000000000
a contact +31800 +39000 21 37 1000000000
a contact +31800 +39000 22 36 1000000000
a contact +31800 +39000 23 11 1000000000
a contact +31800 +39000 24 10 1000000000
a contact +31800 +39000 25 9 1000000000
a contact +31800 +39000 26 8 1000000000
a contact +31800 +39000 27 7 1000000000
a contact +31800 +39000 28 14 1000000000
a contact +31800 +39000 29 13 1000000000
a contact +31800 +39000 30 12 1000000000
a contact +31800 +39000 31 19 1000000000
a contact +31800 +39000 32 18 1000000000
a contact +31800 +39000 33 17 1000000000
a contact +31800 +39000 34 16 1000000000
a contact +31800 +39000 35 15 1000000000
a contact +31800 +39000 36 22 1000000000
a contact +31800 +39000 37 21 1000000000
a contact +31800 +39000 38 20 1000000000
a contact +31800 +39600 3 13 1000000000
a contact +31800 +39600 3 25 1000000000
a contact +31800 +39600 6 9 1000000000
a contact +31800 +39600 6 29 1000000000
a contact +31800 +39600 9 6 1000000000
a contact +31800 +39600 13 3 1000000000
a contact +31800 +39600 25 3 1000000000
a contact +31800 +39600 29 6 1000000000
a contact +0 +40200 2 36 1000000000
a contact +0 +40200 5 32 1000000000
a contact +33600 +40200 7 18 1000000000
a contact +33000 +40200 7 26 1000000000
a contact +33000 +40200 7 34 1000000000
a contact +33000 +40200 8 25 1000000000
a contact +33000 +40200 9 24 1000000000
a contact +33000 +40200 10 15 1000000000
a contact +33000 +40200 10 23 1000000000
a contact +33000 +40200 10 31 1000000000
a contact +33600 +40200 11 22 1000000000
a contact +33000 +40200 11 30 1000000000
a contact +33000 +40200 11 38 1000000000
a contact +33000 +40200 12 29 1000000000
a contact +33000 +40200 13 28 1000000000
a contact +33000 +40200 14 19 1000000000
a contact +33000 +40200 14 27 1000000000
a contact +33000 +40200 14 35 1000000000
a contact +33000 +40200 15 10 1000000000
a contact +33600 +40200 15 26 1000000000
a contact +33000 +40200 15 34 1000000000
a contact +33000 +40200 16 33 1000000000
a contact +33000 +40200 17 32 1000000000
a contact +0 +40200 17 40 1000000000
a contact +30000 +40200 17 41 1000000000
a contact +0 +40200 17 43 1000000000
a contact +30000 +40200 17 44 1000000000
a contact +33600 +40200 18 7 1000000000
a contact +33000 +40200 18 23 1000000000
a contact +33000 +40200 18 31 1000000000
a contact +33000 +40200 19 14 1000000000
a contact +33600 +40200 19 30 1000000000
a contact +33000 +40200 19 38 1000000000
a contact +33000 +40200 20 37 1000000000
a contact +33000 +40200 21 36 1000000000
a contact +33600 +40200 22 11 1000000000
a contact +33000 +40200 22 27 1000000000
a contact +33000 +40200 22 35 1000000000
a contact +33000 +40200 23 10 1000000000
a contact +33000 +40200 23 18 1000000000
a contact +33000 +40200 23 34 1000000000
a contact +33000 +40200 24 9 1000000000
a contact +33000 +40200 25 8 1000000000
a contact +33000 +40200 26 7 1000000000
a contact +33600 +40200 26 15 1000000000
a contact +33000 +40200 26 31 1000000000
a contact +33000 +40200 27 14 1000000000
a contact +33000 +40200 27 22 1000000000
a contact +33000 +40200 27 38 1000000000
a contact +33000 +40200 28 13 1000000000
a contact +33000 +40200 29 12 1000000000
a contact +33000 +40200 30 11 1000000000
a contact +33600 +40200 30 19 1000000000
a contact +33000 +40200 30 35 1000000000
a contact +33000 +40200 31 10 1000000000
a contact +33000 +40200 31 18 1000000000
a contact +33000 +40200 31 26 1000000000
a contact +0 +40200 32 5 1000000000
a contact +33000 +40200 32 17 1000000000
a contact +33000 +40200 33 16 1000000000
a contact +33000 +40200 34 7 1000000000
a contact +33000 +40200 34 15 1000000000
a contact +33000 +40200 34 23 1000000000
a contact +33000 +40200 35 14 1000000000
a contact +33000 +40200 35 22 1000000000
a contact +33000 +40200 35 30 1000000000
a contact +0 +40200 36 2 1000000000
a contact +33000 +40200 36 21 1000000000
a contact +33000 +40200 37 20 1000000000
a contact +19800 +40200 37 40 1000000000
a contact +30000 +40200 37 41 1000000000
a contact +19800 +40200 37 43 1000000000
a contact +30000 +40200 37 44 1000000000
a contact +33000 +40200 38 11 1000000000
a contact +33000 +40200 38 19 1000000000
a contact +33000 +40200 38 27 1000000000
a contact +0 +40200 40 17 1000000000
a contact +19800 +40200 40 37 1000000000
a contact +30000 +40200 41 17 1000000000
a contact +30000 +40200 41 37 1000000000
a contact +0 +40200 43 17 1000000000
a contact +19800 +40200 43 37 1000000000
a contact +30000 +40200 44 17 1000000000
a contact +30000 +40200 44 37 1000000000
a contact +0 +40800 2 16 1000000000
a contact +31800 +40800 3 12 1000000000
a contact +32400 +40800 3 24 1000000000
a contact +0 +40800 5 20 1000000000
a contact +31800 +40800 6 8 1000000000
a contact +32400 +40800 6 28 1000000000
a contact +31800 +40800 8 6 1000000000
a contact +34800 +40800 10 22 1000000000
a contact +34800 +40800 10 38 1000000000
a contact +31800 +40800 12 3 1000000000
a contact +34800 +40800 14 18 1000000000
a contact +34800 +40800 14 34 1000000000
a contact +0 +40800 16 2 1000000000
a contact +34800 +40800 18 14 1000000000
a contact +34800 +40800 18 30 1000000000
a contact +0 +40800 20 5 1000000000
a contact +34800 +40800 22 10 1000000000
a contact +34800 +40800 22 26 1000000000
a contact +32400 +40800 24 3 1000000000
a contact +34800 +40800 26 22 1000000000
a contact +34800 +40800 26 38 1000000000
a contact +32400 +40800 28 6 1000000000
a contact +34800 +40800 30 18 1000000000
a contact +34800 +40800 30 34 1000000000
a contact +34800 +40800 34 14 1000000000
a contact +34800 +40800 34 30 1000000000
a contact +34800 +40800 38 10 1000000000
a contact +34800 +40800 38 26 1000000000
a contact +34200 +41400 15 33 1000000000
a contact +34200 +41400 16 32 1000000000
a contact +34200 +41400 17 31 1000000000
a contact +34200 +41400 18 38 1000000000
a contact +34200 +41400 19 37 1000000000
a contact +34200 +41400 20 36 1000000000
a contact +34200 +41400 21 35 1000000000
a contact +34200 +41400 22 34 1000000000
a contact +34200 +41400 31 17 1000000000
a contact +34200 +41400 32 16 1000000000
a contact +34200 +41400 33 15 1000000000
a contact +34200 +41400 34 22 1000000000
a contact +34200 +41400 35 21 1000000000
a contact +34200 +41400 36 20 1000000000
a contact +34200 +41400 37 19 1000000000
a contact +34200 +41400 38 18 1000000000
a contact +34200 +42000 1 16 1000000000
a contact +34200 +42000 1 36 1000000000
a contact +34200 +42000 4 20 1000000000
a contact +34200 +42000 4 32 1000000000
a contact +15600 +42000 4 40 1000000000
a contact +30000 +42000 4 41 1000000000
a contact +15600 +42000 4 43 1000000000
a contact +30000 +42000 4 44 1000000000
a contact +34200 +42000 7 25 1000000000
a contact +34200 +42000 8 24 1000000000
a contact +34200 +42000 9 23 1000000000
a contact +34200 +42000 10 30 1000000000
a contact +34200 +42000 11 29 1000000000
a contact +34200 +42000 12 28 1000000000
a contact +34200 +42000 13 27 1000000000
a contact +34200 +42000 14 26 1000000000
a contact +34200 +42000 16 1 1000000000
a contact +34200 +42000 20 4 1000000000
a contact +34200 +42000 23 9 1000000000
a contact +34200 +42000 24 8 1000000000
a contact +34200 +42000 25 7 1000000000
a contact +34200 +42000 26 14 1000000000
a contact +34200 +42000 27 13 1000000000
a contact +34200 +42000 28 12 1000000000
a contact +34200 +42000 29 11 1000000000
a contact +34200 +42000 30 10 1000000000
a contact +34200 +42000 32 4 1000000000
a contact +34200 +42000 36 1 1000000000
a contact +15600 +42000 40 4 1000000000
a contact +30000 +42000 41 4 1000000000
a contact +15600 +42000 43 4 1000000000
a contact +30000 +42000 44 4 1000000000
a contact +30600 +42600 1 40 1000000000
a contact +30600 +42600 1 43 1000000000
a contact +25800 +42600 2 40 1000000000
a contact +25800 +42600 2 43 1000000000
a contact +21000 +42600 3 40 1000000000
a contact +21000 +42600 3 43 1000000000
a contact +40200 +42600 5 40 1000000000
a contact +40200 +42600 5 43 1000000000
a contact +35400 +42600 6 40 1000000000
a contact +35400 +42600 6 43 1000000000
a contact +0 +42600 7 40 1000000000
a contact +0 +42600 7 43 1000000000
a contact +0 +42600 8 40 1000000000
a contact +0 +42600 8 43 1000000000
a contact +36000 +42600 9 38 1000000000
a contact +0 +42600 9 40 1000000000
a contact +0 +42600 9 43 1000000000
a contact +36000 +42600 10 21 1000000000
a contact +35400 +42600 10 37 1000000000
a contact +0 +42600 10 40 1000000000
a contact +0 +42600 10 43 1000000000
a contact +0 +42600 11 40 1000000000
a contact +0 +42600 11 43 1000000000
a contact +0 +42600 12 40 1000000000
a contact +0 +42600 12 43 1000000000
a contact +36000 +42600 13 34 1000000000
a contact +0 +42600 13 40 1000000000
a contact +0 +42600 13 43 1000000000
a contact +36000 +42600 14 17 1000000000
a contact +35400 +42600 14 33 1000000000
a contact +0 +42600 14 40 1000000000
a contact +0 +42600 14 43 1000000000
a contact +25200 +42600 15 40 1000000000
a contact +25200 +42600 15 43 1000000000
a contact +0 +42600 16 40 1000000000
a contact +0 +42600 16 43 1000000000
a contact +36000 +42600 17 14 1000000000
a contact +40800 +42600 17 40 1000000000
a contact +40800 +42600 17 43 1000000000
a contact +36000 +42600 18 29 1000000000
a contact +38400 +42600 18 40 1000000000
a contact +38400 +42600 18 43 1000000000
a contact +0 +42600 19 40 1000000000
a contact +0 +42600 19 43 1000000000
a contact +33000 +42600 20 40 1000000000
a contact +33000 +42600 20 43 1000000000
a contact +36000 +42600 21 10 1000000000
a contact +30600 +42600 21 40 1000000000
a contact +30600 +42600 21 43 1000000000
a contact +36000 +42600 22 25 1000000000
a contact +0 +42600 22 40 1000000000
a contact +0 +42600 22 43 1000000000
a contact +0 +42600 23 40 1000000000
a contact +0 +42600 23 43 1000000000
a contact +0 +42600 24 40 1000000000
a contact +0 +42600 24 43 1000000000
a contact +36000 +42600 25 22 1000000000
a contact +0 +42600 25 40 1000000000
a contact +0 +42600 25 43 1000000000
a contact +36000 +42600 26 37 1000000000
a contact +0 +42600 26 40 1000000000
a contact +0 +42600 26 43 1000000000
a contact +0 +42600 27 40 1000000000
a contact +0 +42600 27 43 1000000000
a contact +0 +42600 28 40 1000000000
a contact +0 +42600 28 43 1000000000
a contact +36000 +42600 29 18 1000000000
a contact +0 +42600 29 40 1000000000
a contact +0 +42600 29 43 1000000000
a contact +36000 +42600 30 33 1000000000
a contact +0 +42600 30 40 1000000000
a contact +0 +42600 30 43 1000000000
a contact +35400 +42600 31 40 1000000000
a contact +35400 +42600 31 43 1000000000
a contact +33000 +42600 32 40 1000000000
a contact +33000 +42600 32 43 1000000000
a contact +35400 +42600 33 14 1000000000
a contact +36000 +42600 33 30 1000000000
a contact +0 +42600 33 40 1000000000
a contact +0 +42600 33 43 1000000000
a contact +36000 +42600 34 13 1000000000
a contact +27600 +42600 34 40 1000000000
a contact +27600 +42600 34 43 1000000000
a contact +25200 +42600 35 40 1000000000
a contact +25200 +42600 35 43 1000000000
a contact +0 +42600 36 40 1000000000
a contact +30000 +42600 36 41 1000000000
a contact +0 +42600 36 43 1000000000
a contact +30000 +42600 36 44 1000000000
a contact +35400 +42600 37 10 1000000000
a contact +36000 +42600 37 26 1000000000
a contact +40800 +42600 37 40 1000000000
a contact +40800 +42600 37 43 1000000000
a contact +36000 +42600 38 9 1000000000
a contact +0 +42600 38 40 1000000000
a contact +0 +42600 38 43 1000000000
a contact +30600 +42600 40 1 1000000000
a contact +25800 +42600 40 2 1000000000
a contact +21000 +42600 40 3 1000000000
a contact +40200 +42600 40 5 1000000000
a contact +35400 +42600 40 6 1000000000
a contact +0 +42600 40 7 1000000000
a contact +0 +42600 40 8 1000000000
a contact +0 +42600 40 9 1000000000
a contact +0 +42600 40 10 1000000000
a contact +0 +42600 40 11 1000000000
a contact +0 +42600 40 12 1000000000
a contact +0 +42600 40 13 1000000000
a contact +0 +42600 40 14 1000000000
a contact +25200 +42600 40 15 1000000000
a contact +0 +42600 40 16 1000000000
a contact +40800 +42600 40 17 1000000000
a contact +38400 +42600 40 18 1000000000
a contact +0 +42600 40 19 1000000000
a contact +33000 +42600 40 20 1000000000
a contact +30600 +42600 40 21 1000000000
a contact +0 +42600 40 22 1000000000
a contact +0 +42600 40 23 1000000000
a contact +0 +42600 40 24 1000000000
a contact +0 +42600 40 25 1000000000
a contact +0 +42600 40 26 1000000000
a contact +0 +42600 40 27 1000000000
a contact +0 +42600 40 28 1000000000
a contact +0 +42600 40 29 1000000000
a contact +0 +42600 40 30 1000000000
a contact +35400 +42600 40 31 1000000000
a contact +33000 +42600 40 32 1000000000
a contact +0 +42600 40 33 1000000000
a contact +27600 +42600 40 34 1000000000
a contact +25200 +42600 40 35 1000000000
a contact +0 +42600 40 36 1000000000
a contact +40800 +42600 40 37 1000000000
a contact +0 +42600 40 38 1000000000
a contact +30000 +42600 41 36 1000000000
a contact +30600 +42600 43 1 1000000000
a contact +25800 +42600 43 2 1000000000
a contact +21000 +42600 43 3 1000000000
a contact +40200 +42600 43 5 1000000000
a contact +35400 +42600 43 6 1000000000
a contact +0 +42600 43 7 1000000000
a contact +0 +42600 43 8 1000000000
a contact +0 +42600 43 9 1000000000
a contact +0 +42600 43 10 1000000000
a contact +0 +42600 43 11 1000000000
a contact +0 +42600 43 12 1000000000
a contact +0 +42600 43 13 1000000000
a contact +0 +42600 43 14 1000000000
a contact +25200 +42600 43 15 1000000000
a contact +0 +42600 43 16 1000000000
a contact +40800 +42600 43 17 1000000000
a contact +38400 +42600 43 18 1000000000
a contact +0 +42600 43 19 1000000000
a contact +33000 +42600 43 20 1000000000
a contact +30600 +42600 43 21 1000000000
a contact +0 +42600 43 22 1000000000
a contact +0 +42600 43 23 1000000000
a contact +0 +42600 43 24 1000000000
a contact +0 +42600 43 25 1000000000
a contact +0 +42600 43 26 1000000000
a contact +0 +42600 43 27 1000000000
a contact +0 +42600 43 28 1000000000
a contact +0 +42600 43 29 1000000000
a contact +0 +42600 43 30 1000000000
a contact +35400 +42600 43 31 1000000000
a contact +33000 +42600 43 32 1000000000
a contact +0 +42600 43 33 1000000000
a contact +27600 +42600 43 34 1000000000
a contact +25200 +42600 43 35 1000000000
a contact +0 +42600 43 36 1000000000
a contact +40800 +42600 43 37 1000000000
a contact +0 +42600 43 38 1000000000
a contact +30000 +42600 44 36 1000000000
a contact +34200 +43200 1 15 1000000000
a contact +34800 +43200 1 35 1000000000
a contact +0 +43200 3 11 1000000000
a contact +0 +43200 3 23 1000000000
a contact +34200 +43200 4 19 1000000000
a contact +34800 +43200 4 31 1000000000
a contact +0 +43200 6 7 1000000000
a contact +0 +43200 6 27 1000000000
a contact +0 +43200 7 6 1000000000
a contact +35400 +43200 7 24 1000000000
a contact +35400 +43200 8 23 1000000000
a contact +35400 +43200 9 22 1000000000
a contact +35400 +43200 9 30 1000000000
a contact +35400 +43200 10 29 1000000000
a contact +0 +43200 11 3 1000000000
a contact +35400 +43200 11 28 1000000000
a contact +35400 +43200 12 27 1000000000
a contact +35400 +43200 13 18 1000000000
a contact +35400 +43200 13 26 1000000000
a contact +35400 +43200 14 25 1000000000
a contact +34200 +43200 15 1 1000000000
a contact +35400 +43200 15 32 1000000000
a contact +35400 +43200 16 31 1000000000
a contact +35400 +43200 17 30 1000000000
a contact +35400 +43200 17 38 1000000000
a contact +35400 +43200 18 13 1000000000
a contact +35400 +43200 18 37 1000000000
a contact +34200 +43200 19 4 1000000000
a contact +35400 +43200 19 36 1000000000
a contact +35400 +43200 20 35 1000000000
a contact +35400 +43200 21 26 1000000000
a contact +35400 +43200 21 34 1000000000
a contact +35400 +43200 22 9 1000000000
a contact +35400 +43200 22 33 1000000000
a contact +0 +43200 23 3 1000000000
a contact +35400 +43200 23 8 1000000000
a contact +35400 +43200 24 7 1000000000
a contact +35400 +43200 25 14 1000000000
a contact +35400 +43200 25 38 1000000000
a contact +35400 +43200 26 13 1000000000
a contact +35400 +43200 26 21 1000000000
a contact +0 +43200 27 6 1000000000
a contact +35400 +43200 27 12 1000000000
a contact +35400 +43200 28 11 1000000000
a contact +35400 +43200 29 10 1000000000
a contact +35400 +43200 29 34 1000000000
a contact +35400 +43200 30 9 1000000000
a contact +35400 +43200 30 17 1000000000
a contact +34800 +43200 31 4 1000000000
a contact +35400 +43200 31 16 1000000000
a contact +35400 +43200 32 15 1000000000
a contact +35400 +43200 33 22 1000000000
a contact +35400 +43200 34 21 1000000000
a contact +35400 +43200 34 29 1000000000
a contact +34800 +43200 35 1 1000000000
a contact +35400 +43200 35 20 1000000000
a contact +35400 +43200 36 19 1000000000
a contact +35400 +43200 37 18 1000000000
a contact +35400 +43200 38 17 1000000000
a contact +35400 +43200 38 25 1000000000
a contact +37800 +43800 9 21 1000000000
a contact +37800 +43800 9 37 1000000000
a contact +37800 +43800 13 17 1000000000
a contact +37800 +43800 13 33 1000000000
a contact +37800 +43800 17 13 1000000000
a contact +37800 +43800 17 29 1000000000
a contact +37800 +43800 21 9 1000000000
a contact +37800 +43800 21 25 1000000000
a contact +37800 +43800 25 21 1000000000
a contact +37800 +43800 25 37 1000000000
a contact +37800 +43800 29 17 1000000000
a contact +37800 +43800 29 33 1000000000
a contact +37800 +43800 33 13 1000000000
a contact +37800 +43800 33 29 1000000000
a contact +37800 +43800 37 9 1000000000
a contact +37800 +43800 37 25 1000000000
a contact +36600 +44400 2 11 1000000000
a contact +36600 +44400 2 23 1000000000
a contact +36600 +44400 5 7 1000000000
a contact +36600 +44400 5 27 1000000000
a contact +36600 +44400 7 5 1000000000
a contact +37200 +44400 7 23 1000000000
a contact +37200 +44400 8 30 1000000000
a contact +36600 +44400 9 29 1000000000
a contact +37200 +44400 10 28 1000000000
a contact +36600 +44400 11 2 1000000000
a contact +37200 +44400 11 27 1000000000
a contact +37200 +44400 12 26 1000000000
a contact +36600 +44400 13 25 1000000000
a contact +37200 +44400 14 24 1000000000
a contact +36600 +44400 15 31 1000000000
a contact +36600 +44400 16 38 1000000000
a contact +36600 +44400 17 37 1000000000
a contact +36600 +44400 18 36 1000000000
a contact +36600 +44400 19 35 1000000000
a contact +36600 +44400 20 34 1000000000
a contact +36600 +44400 21 33 1000000000
a contact +36600 +44400 22 32 1000000000
a contact +36600 +44400 23 2 1000000000
a contact +37200 +44400 23 7 1000000000
a contact +37200 +44400 24 14 1000000000
a contact +36600 +44400 25 13 1000000000
a contact +37200 +44400 26 12 1000000000
a contact +36600 +44400 27 5 1000000000
a contact +37200 +44400 27 11 1000000000
a contact +37200 +44400 28 10 1000000000
a contact +36600 +44400 29 9 1000000000
a contact +37200 +44400 30 8 1000000000
a contact +36600 +44400 31 15 1000000000
a contact +36600 +44400 32 22 1000000000
a contact +36600 +44400 33 21 1000000000
a contact +36600 +44400 34 20 1000000000
a contact +36600 +44400 35 19 1000000000
a contact +36600 +44400 36 18 1000000000
a contact +36600 +44400 37 17 1000000000
a contact +36600 +44400 38 16 1000000000
a contact +38400 +45000 17 28 1000000000
a contact +38400 +45000 21 24 1000000000
a contact +38400 +45000 24 21 1000000000
a contact +38400 +45000 25 36 1000000000
a contact +38400 +45000 28 17 1000000000
a contact +38400 +45000 29 32 1000000000
a contact +38400 +45000 32 29 1000000000
a contact +38400 +45000 36 25 1000000000
a contact +0 +45600 1 22 1000000000
a contact +0 +45600 1 34 1000000000
a contact +0 +45600 4 18 1000000000
a contact +0 +45600 4 38 1000000000
a contact +38400 +45600 7 30 1000000000
a contact +38400 +45600 8 21 1000000000
a contact +38400 +45600 8 29 1000000000
a contact +38400 +45600 8 37 1000000000
a contact +38400 +45600 9 20 1000000000
a contact +38400 +45600 9 28 1000000000
a contact +38400 +45600 9 36 1000000000
a contact +38400 +45600 10 27 1000000000
a contact +38400 +45600 11 26 1000000000
a contact +38400 +45600 12 17 1000000000
a contact +38400 +45600 12 25 1000000000
a contact +38400 +45600 12 33 1000000000
a contact +38400 +45600 13 16 1000000000
a contact +38400 +45600 13 24 1000000000
a contact +38400 +45600 13 32 1000000000
a contact +38400 +45600 14 23 1000000000
a contact +38400 +45600 15 38 1000000000
a contact +30000 +45600 15 41 1000000000
a contact +30000 +45600 15 44 1000000000
a contact +38400 +45600 16 13 1000000000
a contact +38400 +45600 16 29 1000000000
a contact +38400 +45600 16 37 1000000000
a contact +38400 +45600 17 12 1000000000
a contact +38400 +45600 17 36 1000000000
a contact +0 +45600 18 4 1000000000
a contact +38400 +45600 18 35 1000000000
a contact +38400 +45600 19 34 1000000000
a contact +38400 +45600 20 9 1000000000
a contact +38400 +45600 20 25 1000000000
a contact +38400 +45600 20 33 1000000000
a contact +38400 +45600 21 8 1000000000
a contact +38400 +45600 21 32 1000000000
a contact +0 +45600 22 1 1000000000
a contact +38400 +45600 22 31 1000000000
a contact +38400 +45600 23 14 1000000000
a contact +38400 +45600 24 13 1000000000
a contact +38400 +45600 24 37 1000000000
a contact +38400 +45600 25 12 1000000000
a contact +38400 +45600 25 20 1000000000
a contact +38400 +45600 26 11 1000000000
a contact +38400 +45600 27 10 1000000000
a contact +38400 +45600 28 9 1000000000
a contact +38400 +45600 28 33 1000000000
a contact +38400 +45600 29 8 1000000000
a contact +38400 +45600 29 16 1000000000
a contact +38400 +45600 30 7 1000000000
a contact +38400 +45600 31 22 1000000000
a contact +38400 +45600 32 13 1000000000
a contact +38400 +45600 32 21 1000000000
a contact +38400 +45600 33 12 1000000000
a contact +38400 +45600 33 20 1000000000
a contact +38400 +45600 33 28 1000000000
a contact +0 +45600 34 1 1000000000
a contact +38400 +45600 34 19 1000000000
a contact +38400 +45600 35 18 1000000000
a contact +38400 +45600 36 9 1000000000
a contact +38400 +45600 36 17 1000000000
a contact +38400 +45600 37 8 1000000000
a contact +38400 +45600 37 16 1000000000
a contact +38400 +45600 37 24 1000000000
a contact +0 +45600 38 4 1000000000
a contact +38400 +45600 38 15 1000000000
a contact +30000 +45600 41 15 1000000000
a contact +30000 +45600 44 15 1000000000
a contact +0 +46200 2 10 1000000000
a contact +36600 +46200 2 30 1000000000
a contact +0 +46200 5 14 1000000000
a contact +36600 +46200 5 26 1000000000
a contact +40200 +46200 8 20 1000000000
a contact +40200 +46200 8 36 1000000000
a contact +0 +46200 10 2 1000000000
a contact +40200 +46200 12 16 1000000000
a contact +40200 +46200 12 32 1000000000
a contact +0 +46200 14 5 1000000000
a contact +40200 +46200 16 12 1000000000
a contact +40200 +46200 16 28 1000000000
a contact +40200 +46200 20 8 1000000000
a contact +40200 +46200 20 24 1000000000
a contact +40200 +46200 24 20 1000000000
a contact +40200 +46200 24 36 1000000000
a contact +36600 +46200 26 5 1000000000
a contact +40200 +46200 28 16 1000000000
a contact +40200 +46200 28 32 1000000000
a contact +36600 +46200 30 2 1000000000
a contact +40200 +46200 32 12 1000000000
a contact +40200 +46200 32 28 1000000000
a contact +40200 +46200 36 8 1000000000
a contact +40200 +46200 36 24 1000000000
a contact +39600 +46800 3 18 1000000000
a contact +39000 +46800 3 38 1000000000
a contact +30000 +46800 3 41 1000000000
a contact +30000 +46800 3 44 1000000000
a contact +39600 +46800 6 22 1000000000
a contact +39000 +46800 6 34 1000000000
a contact +39600 +46800 7 29 1000000000
a contact +39600 +46800 8 28 1000000000
a contact +39600 +46800 9 27 1000000000
a contact +39600 +46800 10 26 1000000000
a contact +39600 +46800 11 25 1000000000
a contact +39600 +46800 12 24 1000000000
a contact +39600 +46800 13 23 1000000000
a contact +39600 +46800 14 30 1000000000
a contact +39600 +46800 15 37 1000000000
a contact +39600 +46800 16 36 1000000000
a contact +39600 +46800 17 35 1000000000
a contact +39600 +46800 18 3 1000000000
a contact +39600 +46800 18 34 1000000000
a contact +39600 +46800 19 33 1000000000
a contact +39600 +46800 20 32 1000000000
a contact +39600 +46800 21 31 1000000000
a contact +39600 +46800 22 6 1000000000
a contact +39600 +46800 22 38 1000000000
a contact +39600 +46800 23 13 1000000000
a contact +39600 +46800 24 12 1000000000
a contact +39600 +46800 25 11 1000000000
a contact +39600 +46800 26 10 1000000000
a contact +39600 +46800 27 9 1000000000
a contact +39600 +46800 28 8 1000000000
a contact +39600 +46800 29 7 1000000000
a contact +39600 +46800 30 14 1000000000
a contact +39600 +46800 31 21 1000000000
a contact +39600 +46800 32 20 1000000000
a contact +39600 +46800 33 19 1000000000
a contact +39000 +46800 34 6 1000000000
a contact +39600 +46800 34 18 1000000000
a contact +39600 +46800 35 17 1000000000
a contact +39600 +46800 36 16 1000000000
a contact +39600 +46800 37 15 1000000000
a contact +39000 +46800 38 3 1000000000
a contact +39600 +46800 38 22 1000000000
a contact +30000 +46800 41 3 1000000000
a contact +30000 +46800 44 3 1000000000
a contact +40800 +48000 7 20 1000000000
a contact +40800 +48000 7 28 1000000000
a contact +40800 +48000 7 36 1000000000
a contact +41400 +48000 8 19 1000000000
a contact +40800 +48000 8 27 1000000000
a contact +40800 +48000 8 35 1000000000
a contact +40800 +48000 9 26 1000000000
a contact +40800 +48000 10 25 1000000000
a contact +40800 +48000 11 16 1000000000
a contact +40800 +48000 11 24 1000000000
a contact +40800 +48000 11 32 1000000000
a contact +41400 +48000 12 15 1000000000
a contact +40800 +48000 12 23 1000000000
a contact +40800 +48000 12 31 1000000000
a contact +40800 +48000 13 30 1000000000
a contact +40800 +48000 14 29 1000000000
a contact +41400 +48000 15 12 1000000000
a contact +40800 +48000 15 28 1000000000
a contact +40800 +48000 15 36 1000000000
a contact +40800 +48000 16 11 1000000000
a contact +41400 +48000 16 27 1000000000
a contact +40800 +48000 16 35 1000000000
a contact +40800 +48000 17 34 1000000000
a contact +40800 +48000 18 33 1000000000
a contact +41400 +48000 19 8 1000000000
a contact +40800 +48000 19 24 1000000000
a contact +40800 +48000 19 32 1000000000
a contact +40800 +48000 20 7 1000000000
a contact +41400 +48000 20 23 1000000000
a contact +40800 +48000 20 31 1000000000
a contact +40800 +48000 21 38 1000000000
a contact +40800 +48000 22 37 1000000000
a contact +30000 +48000 22 41 1000000000
a contact +30000 +48000 22 44 1000000000
a contact +40800 +48000 23 12 1000000000
a contact +41400 +48000 23 20 1000000000
a contact +40800 +48000 23 36 1000000000
a contact +40800 +48000 24 11 1000000000
a contact +40800 +48000 24 19 1000000000
a contact +40800 +48000 24 35 1000000000
a contact +40800 +48000 25 10 1000000000
a contact +40800 +48000 26 9 1000000000
a contact +40800 +48000 27 8 1000000000
a contact +41400 +48000 27 16 1000000000
a contact +40800 +48000 27 32 1000000000
a contact +40800 +48000 28 7 1000000000
a contact +40800 +48000 28 15 1000000000
a contact +40800 +48000 28 31 1000000000
a contact +40800 +48000 29 14 1000000000
a contact +40800 +48000 30 13 1000000000
a contact +40800 +48000 31 12 1000000000
a contact +40800 +48000 31 20 1000000000
a contact +40800 +48000 31 28 1000000000
a contact +40800 +48000 32 11 1000000000
a contact +40800 +48000 32 19 1000000000
a contact +40800 +48000 32 27 1000000000
a contact +40800 +48000 33 18 1000000000
a contact +40800 +48000 34 17 1000000000
a contact +30000 +48000 34 41 1000000000
a contact +30000 +48000 34 44 1000000000
a contact +40800 +48000 35 8 1000000000
a contact +40800 +48000 35 16 1000000000
a contact +40800 +48000 35 24 1000000000
a contact +40800 +48000 36 7 1000000000
a contact +40800 +48000 36 15 1000000000
a contact +40800 +48000 36 23 1000000000
a contact +40800 +48000 37 22 1000000000
a contact +40800 +48000 38 21 1000000000
a contact +30000 +48000 41 22 1000000000
a contact +30000 +48000 41 34 1000000000
a contact +30000 +48000 44 22 1000000000
a contact +30000 +48000 44 34 1000000000
a contact +0 +48600 2 9 1000000000
a contact +0 +48600 2 29 1000000000
a contact +0 +48600 3 17 1000000000
a contact +0 +48600 3 37 1000000000
a contact +0 +48600 5 13 1000000000
a contact +0 +48600 5 25 1000000000
a contact +0 +48600 6 21 1000000000
a contact +0 +48600 6 33 1000000000
a contact +42600 +48600 7 19 1000000000
a contact +42600 +48600 7 35 1000000000
a contact +0 +48600 9 2 1000000000
a contact +42600 +48600 11 15 1000000000
a contact +42600 +48600 11 31 1000000000
a contact +0 +48600 13 5 1000000000
a contact +42600 +48600 15 11 1000000000
a contact +42600 +48600 15 27 1000000000
a contact +0 +48600 17 3 1000000000
a contact +42600 +48600 19 7 1000000000
a contact +42600 +48600 19 23 1000000000
a contact +0 +48600 21 6 1000000000
a contact +42600 +48600 23 19 1000000000
a contact +42600 +48600 23 35 1000000000
a contact +0 +48600 25 5 1000000000
a contact +42600 +48600 27 15 1000000000
a contact +42600 +48600 27 31 1000000000
a contact +0 +48600 29 2 1000000000
a contact +42600 +48600 31 11 1000000000
a contact +42600 +48600 31 27 1000000000
a contact +0 +48600 33 6 1000000000
a contact +42600 +48600 35 7 1000000000
a contact +42600 +48600 35 23 1000000000
a contact +0 +48600 37 3 1000000000
a contact +42000 +49200 15 35 1000000000
a contact +42000 +49200 16 34 1000000000
a contact +42000 +49200 17 33 1000000000
a contact +42000 +49200 18 32 1000000000
a contact +42000 +49200 19 31 1000000000
a contact +42000 +49200 20 38 1000000000
a contact +42000 +49200 21 37 1000000000
a contact +42000 +49200 22 36 1000000000
a contact +42000 +49200 31 19 1000000000
a contact +42000 +49200 32 18 1000000000
a contact +42000 +49200 33 17 1000000000
a contact +42000 +49200 34 16 1000000000
a contact +42000 +49200 35 15 1000000000
a contact +42000 +49200 36 22 1000000000
a contact +42000 +49200 37 21 1000000000
a contact +42000 +49200 38 20 1000000000
a contact +42000 +49800 1 9 1000000000
a contact +40200 +49800 1 10 1000000000
a contact +42000 +49800 1 29 1000000000
a contact +42000 +49800 4 13 1000000000
a contact +40200 +49800 4 14 1000000000
a contact +42000 +49800 4 25 1000000000
a contact +42000 +49800 7 27 1000000000
a contact +42000 +49800 8 26 1000000000
a contact +42000 +49800 9 1 1000000000
a contact +42000 +49800 9 25 1000000000
a contact +40200 +49800 10 1 1000000000
a contact +42000 +49800 10 24 1000000000
a contact +42000 +49800 11 23 1000000000
a contact +42000 +49800 12 30 1000000000
a contact +42000 +49800 13 4 1000000000
a contact +42000 +49800 13 29 1000000000
a contact +40200 +49800 14 4 1000000000
a contact +42000 +49800 14 28 1000000000
a contact +42000 +49800 23 11 1000000000
a contact +42000 +49800 24 10 1000000000
a contact +42000 +49800 25 4 1000000000
a contact +42000 +49800 25 9 1000000000
a contact +42000 +49800 26 8 1000000000
a contact +42000 +49800 27 7 1000000000
a contact +42000 +49800 28 14 1000000000
a contact +42000 +49800 29 1 1000000000
a contact +42000 +49800 29 13 1000000000
a contact +42000 +49800 30 12 1000000000
a contact +43800 +50400 7 18 1000000000
a contact +43800 +50400 10 31 1000000000
a contact +43800 +50400 11 22 1000000000
a contact +43800 +50400 14 35 1000000000
a contact +43800 +50400 15 26 1000000000
a contact +43800 +50400 18 7 1000000000
a contact +43800 +50400 19 30 1000000000
a contact +43800 +50400 22 11 1000000000
a contact +43800 +50400 23 34 1000000000
a contact +43800 +50400 26 15 1000000000
a contact +43800 +50400 27 38 1000000000
a contact +43800 +50400 30 19 1000000000
a contact +43800 +50400 31 10 1000000000
a contact +30000 +50400 33 41 1000000000
a contact +30000 +50400 33 44 1000000000
a contact +43800 +50400 34 23 1000000000
a contact +43800 +50400 35 14 1000000000
a contact +43800 +50400 38 27 1000000000
a contact +30000 +50400 41 33 1000000000
a contact +30000 +50400 44 33 1000000000
a contact +0 +51000 1 8 1000000000
a contact +0 +51000 1 28 1000000000
a contact +0 +51000 3 16 1000000000
a contact +0 +51000 3 36 1000000000
a contact +0 +51000 4 12 1000000000
a contact +0 +51000 4 24 1000000000
a contact +0 +51000 6 20 1000000000
a contact +0 +51000 6 32 1000000000
a contact +43200 +51000 7 26 1000000000
a contact +43200 +51000 7 34 1000000000
a contact +0 +51000 8 1 1000000000
a contact +43200 +51000 8 25 1000000000
a contact +43200 +51000 9 24 1000000000
a contact +43200 +51000 10 15 1000000000
a contact +43200 +51000 10 23 1000000000
a contact +43200 +51000 11 30 1000000000
a contact +43200 +51000 11 38 1000000000
a contact +0 +51000 12 4 1000000000
a contact +43200 +51000 12 29 1000000000
a contact +43200 +51000 13 28 1000000000
a contact +43200 +51000 14 19 1000000000
a contact +43200 +51000 14 27 1000000000
a contact +43200 +51000 15 10 1000000000
a contact +43200 +51000 15 34 1000000000
a contact +0 +51000 16 3 1000000000
a contact +43200 +51000 16 33 1000000000
a contact +43200 +51000 17 32 1000000000
a contact +43200 +51000 18 23 1000000000
a contact +43200 +51000 18 31 1000000000
a contact +43200 +51000 19 14 1000000000
a contact +43200 +51000 19 38 1000000000
a contact +0 +51000 20 6 1000000000
a contact +43200 +51000 20 37 1000000000
a contact +43200 +51000 21 36 1000000000
a contact +43200 +51000 22 27 1000000000
a contact +43200 +51000 22 35 1000000000
a contact +43200 +51000 23 10 1000000000
a contact +43200 +51000 23 18 1000000000
a contact +0 +51000 24 4 1000000000
a contact +43200 +51000 24 9 1000000000
a contact +43200 +51000 25 8 1000000000
a contact +43200 +51000 26 7 1000000000
a contact +43200 +51000 26 31 1000000000
a contact +43200 +51000 27 14 1000000000
a contact +43200 +51000 27 22 1000000000
a contact +0 +51000 28 1 1000000000
a contact +43200 +51000 28 13 1000000000
a contact +43200 +51000 29 12 1000000000
a contact +43200 +51000 30 11 1000000000
a contact +43200 +51000 30 35 1000000000
a contact +43200 +51000 31 18 1000000000
a contact +43200 +51000 31 26 1000000000
a contact +0 +51000 32 6 1000000000
a contact +43200 +51000 32 17 1000000000
a contact +43200 +51000 33 16 1000000000
a contact +43200 +51000 34 7 1000000000
a contact +43200 +51000 34 15 1000000000
a contact +43200 +51000 35 22 1000000000
a contact +43200 +51000 35 30 1000000000
a contact +0 +51000 36 3 1000000000
a contact +43200 +51000 36 21 1000000000
a contact +43200 +51000 37 20 1000000000
a contact +43200 +51000 38 11 1000000000
a contact +43200 +51000 38 19 1000000000
a contact +43200 +51600 2 17 1000000000
a contact +30000 +51600 2 41 1000000000
a contact +30000 +51600 2 44 1000000000
a contact +43200 +51600 5 21 1000000000
a contact +45600 +51600 10 22 1000000000
a contact +45600 +51600 10 38 1000000000
a contact +45600 +51600 14 18 1000000000
a contact +45600 +51600 14 34 1000000000
a contact +43200 +51600 17 2 1000000000
a contact +45600 +51600 18 14 1000000000
a contact +45600 +51600 18 30 1000000000
a contact +43200 +51600 21 5 1000000000
a contact +45600 +51600 22 10 1000000000
a contact +45600 +51600 22 26 1000000000
a contact +45600 +51600 26 22 1000000000
a contact +45600 +51600 26 38 1000000000
a contact +45600 +51600 30 18 1000000000
a contact +45600 +51600 30 34 1000000000
a contact +45600 +51600 34 14 1000000000
a contact +45600 +51600 34 30 1000000000
a contact +45600 +51600 38 10 1000000000
a contact +45600 +51600 38 26 1000000000
a contact +30000 +51600 41 2 1000000000
a contact +30000 +51600 44 2 1000000000
a contact +44400 +52200 2 16 1000000000
a contact +44400 +52200 2 36 1000000000
a contact +42600 +52200 2 37 1000000000
a contact +44400 +52200 5 20 1000000000
a contact +44400 +52200 5 32 1000000000
a contact +42600 +52200 5 33 1000000000
a contact +45000 +52200 7 25 1000000000
a contact +45000 +52200 8 24 1000000000
a contact +45000 +52200 9 23 1000000000
a contact +45000 +52200 10 30 1000000000
a contact +45000 +52200 11 29 1000000000
a contact +45000 +52200 12 28 1000000000
a contact +45000 +52200 13 27 1000000000
a contact +45000 +52200 14 26 1000000000
a contact +44400 +52200 15 33 1000000000
a contact +44400 +52200 16 2 1000000000
a contact +44400 +52200 16 32 1000000000
a contact +44400 +52200 17 31 1000000000
a contact +44400 +52200 18 38 1000000000
a contact +44400 +52200 19 37 1000000000
a contact +44400 +52200 20 5 1000000000
a contact +44400 +52200 20 36 1000000000
a contact +44400 +52200 21 35 1000000000
a contact +44400 +52200 22 34 1000000000
a contact +45000 +52200 23 9 1000000000
a contact +45000 +52200 24 8 1000000000
a contact +45000 +52200 25 7 1000000000
a contact +45000 +52200 26 14 1000000000
a contact +45000 +52200 27 13 1000000000
a contact +45000 +52200 28 12 1000000000
a contact +45000 +52200 29 11 1000000000
a contact +45000 +52200 30 10 1000000000
a contact +44400 +52200 31 17 1000000000
a contact +44400 +52200 32 5 1000000000
a contact +44400 +52200 32 16 1000000000
a contact +42600 +52200 33 5 1000000000
a contact +44400 +52200 33 15 1000000000
a contact +44400 +52200 34 22 1000000000
a contact +44400 +52200 35 21 1000000000
a contact +44400 +52200 36 2 1000000000
a contact +44400 +52200 36 20 1000000000
a contact +42600 +52200 37 2 1000000000
a contact +44400 +52200 37 19 1000000000
a contact +44400 +52200 38 18 1000000000
a contact +46200 +52800 18 29 1000000000
a contact +46200 +52800 22 25 1000000000
a contact +46200 +52800 25 22 1000000000
a contact +46200 +52800 26 37 1000000000
a contact +46200 +52800 29 18 1000000000
a contact +46200 +52800 30 33 1000000000
a contact +46200 +52800 33 30 1000000000
a contact +46200 +52800 37 26 1000000000
a contact +0 +53400 1 7 1000000000
a contact +0 +53400 1 27 1000000000
a contact +0 +53400 2 35 1000000000
a contact +0 +53400 4 11 1000000000
a contact +0 +53400 4 23 1000000000
a contact +0 +53400 5 31 1000000000
a contact +0 +53400 7 1 1000000000
a contact +46200 +53400 7 24 1000000000
a contact +46200 +53400 8 23 1000000000
a contact +46200 +53400 9 22 1000000000
a contact +46200 +53400 9 30 1000000000
a contact +46200 +53400 9 38 1000000000
a contact +46200 +53400 10 21 1000000000
a contact +46200 +53400 10 29 1000000000
a contact +46200 +53400 10 37 1000000000
a contact +0 +53400 11 4 1000000000
a contact +46200 +53400 11 28 1000000000
a contact +46200 +53400 12 27 1000000000
a contact +46200 +53400 13 18 1000000000
a contact +46200 +53400 13 26 1000000000
a contact +46200 +53400 13 34 1000000000
a contact +46200 +53400 14 17 1000000000
a contact +46200 +53400 14 25 1000000000
a contact +46200 +53400 14 33 1000000000
a contact +46200 +53400 15 32 1000000000
a contact +46200 +53400 16 31 1000000000
a contact +46200 +53400 17 14 1000000000
a contact +46200 +53400 17 30 1000000000
a contact +46200 +53400 17 38 1000000000
a contact +46200 +53400 18 13 1000000000
a contact +46200 +53400 18 37 1000000000
a contact +46200 +53400 19 36 1000000000
a contact +46200 +53400 20 35 1000000000
a contact +52200 +53400 20 39 1000000000
a contact +33000 +53400 20 41 1000000000
a contact +52200 +53400 20 42 1000000000
a contact +33000 +53400 20 44 1000000000
a contact +46200 +53400 21 10 1000000000
a contact +46200 +53400 21 26 1000000000
a contact +46200 +53400 21 34 1000000000
a contact +46200 +53400 22 9 1000000000
a contact +46200 +53400 22 33 1000000000
a contact +0 +53400 23 4 1000000000
a contact +46200 +53400 23 8 1000000000
a contact +46200 +53400 24 7 1000000000
a contact +46200 +53400 25 14 1000000000
a contact +46200 +53400 25 38 1000000000
a contact +46200 +53400 26 13 1000000000
a contact +46200 +53400 26 21 1000000000
a contact +0 +53400 27 1 1000000000
a contact +46200 +53400 27 12 1000000000
a contact +46200 +53400 28 11 1000000000
a contact +46200 +53400 29 10 1000000000
a contact +46200 +53400 29 34 1000000000
a contact +46200 +53400 30 9 1000000000
a contact +46200 +53400 30 17 1000000000
a contact +0 +53400 31 5 1000000000
a contact +46200 +53400 31 16 1000000000
a contact +46200 +53400 32 15 1000000000
a contact +46200 +53400 33 14 1000000000
a contact +46200 +53400 33 22 1000000000
a contact +46200 +53400 34 13 1000000000
a contact +46200 +53400 34 21 1000000000
a contact +46200 +53400 34 29 1000000000
a contact +0 +53400 35 2 1000000000
a contact +46200 +53400 35 20 1000000000
a contact +46200 +53400 36 19 1000000000
a contact +46200 +53400 37 10 1000000000
a contact +46200 +53400 37 18 1000000000
a contact +46200 +53400 38 9 1000000000
a contact +46200 +53400 38 17 1000000000
a contact +46200 +53400 38 25 1000000000
a contact +52200 +53400 39 20 1000000000
a contact +33000 +53400 41 20 1000000000
a contact +52200 +53400 42 20 1000000000
a contact +33000 +53400 44 20 1000000000
a contact +0 +54000 2 15 1000000000
a contact +45600 +54000 3 12 1000000000
a contact +45600 +54000 3 24 1000000000
a contact +0 +54000 5 19 1000000000
a contact +45600 +54000 6 8 1000000000
a contact +45600 +54000 6 28 1000000000
a contact +45600 +54000 8 6 1000000000
a contact +48000 +54000 9 21 1000000000
a contact +48000 +54000 9 37 1000000000
a contact +45600 +54000 12 3 1000000000
a contact +48000 +54000 13 17 1000000000
a contact +48000 +54000 13 33 1000000000
a contact +0 +54000 15 2 1000000000
a contact +48000 +54000 17 13 1000000000
a contact +48000 +54000 17 29 1000000000
a contact +0 +54000 19 5 1000000000
a contact +48000 +54000 21 9 1000000000
a contact +48000 +54000 21 25 1000000000
a contact +45600 +54000 24 3 1000000000
a contact +48000 +54000 25 21 1000000000
a contact +48000 +54000 25 37 1000000000
a contact +45600 +54000 28 6 1000000000
a contact +48000 +54000 29 17 1000000000
a contact +48000 +54000 29 33 1000000000
a contact +48000 +54000 33 13 1000000000
a contact +48000 +54000 33 29 1000000000
a contact +48000 +54000 37 9 1000000000
a contact +48000 +54000 37 25 1000000000
a contact +46800 +54600 3 11 1000000000
a contact +46800 +54600 3 23 1000000000
a contact +46800 +54600 6 7 1000000000
a contact +46800 +54600 6 27 1000000000
a contact +46800 +54600 7 6 1000000000
a contact +47400 +54600 7 23 1000000000
a contact +47400 +54600 8 30 1000000000
a contact +47400 +54600 9 29 1000000000
a contact +47400 +54600 10 28 1000000000
a contact +46800 +54600 11 3 1000000000
a contact +47400 +54600 11 27 1000000000
a contact +47400 +54600 12 26 1000000000
a contact +47400 +54600 13 25 1000000000
a contact +47400 +54600 14 24 1000000000
a contact +47400 +54600 15 31 1000000000
a contact +47400 +54600 16 38 1000000000
a contact +47400 +54600 17 37 1000000000
a contact +47400 +54600 18 36 1000000000
a contact +47400 +54600 19 35 1000000000
a contact +47400 +54600 20 34 1000000000
a contact +47400 +54600 21 33 1000000000
a contact +47400 +54600 22 32 1000000000
a contact +46800 +54600 23 3 1000000000
a contact +47400 +54600 23 7 1000000000
a contact +47400 +54600 24 14 1000000000
a contact +47400 +54600 25 13 1000000000
a contact +47400 +54600 26 12 1000000000
a contact +46800 +54600 27 6 1000000000
a contact +47400 +54600 27 11 1000000000
a contact +47400 +54600 28 10 1000000000
a contact +47400 +54600 29 9 1000000000
a contact +47400 +54600 30 8 1000000000
a contact +47400 +54600 31 15 1000000000
a contact +47400 +54600 32 22 1000000000
a contact +47400 +54600 33 21 1000000000
a contact +47400 +54600 34 20 1000000000
a contact +47400 +54600 35 19 1000000000
a contact +47400 +54600 36 18 1000000000
a contact +47400 +54600 37 17 1000000000
a contact +47400 +54600 38 16 1000000000
a contact +48600 +55800 7 30 1000000000
a contact +48600 +55800 8 21 1000000000
a contact +48600 +55800 8 29 1000000000
a contact +48600 +55800 8 37 1000000000
a contact +49200 +55800 9 20 1000000000
a contact +48600 +55800 9 28 1000000000
a contact +48600 +55800 9 36 1000000000
a contact +48600 +55800 10 27 1000000000
a contact +48600 +55800 11 26 1000000000
a contact +48600 +55800 12 17 1000000000
a contact +48600 +55800 12 25 1000000000
a contact +48600 +55800 12 33 1000000000
a contact +49200 +55800 13 16 1000000000
a contact +48600 +55800 13 24 1000000000
a contact +48600 +55800 13 32 1000000000
a contact +48600 +55800 14 23 1000000000
a contact +48600 +55800 15 38 1000000000
a contact +49200 +55800 16 13 1000000000
a contact +48600 +55800 16 29 1000000000
a contact +48600 +55800 16 37 1000000000
a contact +48600 +55800 17 12 1000000000
a contact +49200 +55800 17 28 1000000000
a contact +48600 +55800 17 36 1000000000
a contact +48600 +55800 18 35 1000000000
a contact +48600 +55800 19 34 1000000000
a contact +52200 +55800 19 39 1000000000
a contact +30000 +55800 19 41 1000000000
a contact +52200 +55800 19 42 1000000000
a contact +30000 +55800 19 44 1000000000
a contact +49200 +55800 20 9 1000000000
a contact +48600 +55800 20 25 1000000000
a contact +48600 +55800 20 33 1000000000
a contact +48600 +55800 21 8 1000000000
a contact +49200 +55800 21 24 1000000000
a contact +48600 +55800 21 32 1000000000
a contact +48600 +55800 22 31 1000000000
a contact +48600 +55800 23 14 1000000000
a contact +48600 +55800 24 13 1000000000
a contact +49200 +55800 24 21 1000000000
a contact +48600 +55800 24 37 1000000000
a contact +48600 +55800 25 12 1000000000
a contact +48600 +55800 25 20 1000000000
a contact +48600 +55800 25 36 1000000000
a contact +48600 +55800 26 11 1000000000
a contact +48600 +55800 27 10 1000000000
a contact +48600 +55800 28 9 1000000000
a contact +49200 +55800 28 17 1000000000
a contact +48600 +55800 28 33 1000000000
a contact +48600 +55800 29 8 1000000000
a contact +48600 +55800 29 16 1000000000
a contact +48600 +55800 29 32 1000000000
a contact +48600 +55800 30 7 1000000000
a contact +48600 +55800 31 22 1000000000
a contact +52200 +55800 31 39 1000000000
a contact +35400 +55800 31 41 1000000000
a contact +52200 +55800 31 42 1000000000
a contact +35400 +55800 31 44 1000000000
a contact +48600 +55800 32 13 1000000000
a contact +48600 +55800 32 21 1000000000
a contact +48600 +55800 32 29 1000000000
a contact +48600 +55800 33 12 1000000000
a contact +48600 +55800 33 20 1000000000
a contact +48600 +55800 33 28 1000000000
a contact +48600 +55800 34 19 1000000000
a contact +48600 +55800 35 18 1000000000
a contact +48600 +55800 36 9 1000000000
a contact +48600 +55800 36 17 1000000000
a contact +48600 +55800 36 25 1000000000
a contact +48600 +55800 37 8 1000000000
a contact +48600 +55800 37 16 1000000000
a contact +48600 +55800 37 24 1000000000
a contact +48600 +55800 38 15 1000000000
a contact +52200 +55800 39 19 1000000000
a contact +52200 +55800 39 31 1000000000
a contact +30000 +55800 41 19 1000000000
a contact +35400 +55800 41 31 1000000000
a contact +52200 +55800 42 19 1000000000
a contact +52200 +55800 42 31 1000000000
a contact +30000 +55800 44 19 1000000000
a contact +35400 +55800 44 31 1000000000
a contact +48000 +56400 1 15 1000000000
a contact +48000 +56400 1 35 1000000000
a contact +52200 +56400 1 39 1000000000
a contact +30600 +56400 1 41 1000000000
a contact +52200 +56400 1 42 1000000000
a contact +30600 +56400 1 44 1000000000
a contact +0 +56400 2 22 1000000000
a contact +0 +56400 2 34 1000000000
a contact +0 +56400 3 10 1000000000
a contact +0 +56400 3 30 1000000000
a contact +48000 +56400 4 19 1000000000
a contact +48000 +56400 4 31 1000000000
a contact +0 +56400 5 18 1000000000
a contact +0 +56400 5 38 1000000000
a contact +0 +56400 6 14 1000000000
a contact +0 +56400 6 26 1000000000
a contact +50400 +56400 8 20 1000000000
a contact +50400 +56400 8 36 1000000000
a contact +0 +56400 10 3 1000000000
a contact +50400 +56400 12 16 1000000000
a contact +50400 +56400 12 32 1000000000
a contact +0 +56400 14 6 1000000000
a contact +48000 +56400 15 1 1000000000
a contact +50400 +56400 16 12 1000000000
a contact +50400 +56400 16 28 1000000000
a contact +0 +56400 18 5 1000000000
a contact +48000 +56400 19 4 1000000000
a contact +50400 +56400 20 8 1000000000
a contact +50400 +56400 20 24 1000000000
a contact +0 +56400 22 2 1000000000
a contact +50400 +56400 24 20 1000000000
a contact +50400 +56400 24 36 1000000000
a contact +0 +56400 26 6 1000000000
a contact +50400 +56400 28 16 1000000000
a contact +50400 +56400 28 32 1000000000
a contact +0 +56400 30 3 1000000000
a contact +48000 +56400 31 4 1000000000
a contact +50400 +56400 32 12 1000000000
a contact +50400 +56400 32 28 1000000000
a contact +0 +56400 34 2 1000000000
a contact +48000 +56400 35 1 1000000000
a contact +50400 +56400 36 8 1000000000
a contact +50400 +56400 36 24 1000000000
a contact +0 +56400 38 5 1000000000
a contact +52200 +56400 39 1 1000000000
a contact +30600 +56400 41 1 1000000000
a contact +52200 +56400 42 1 1000000000
a contact +30600 +56400 44 1 1000000000
a contact +49200 +57000 1 22 1000000000
a contact +49200 +57000 1 34 1000000000
a contact +49200 +57000 4 18 1000000000
a contact +49200 +57000 4 38 1000000000
a contact +49800 +57000 15 37 1000000000
a contact +49800 +57000 17 35 1000000000
a contact +49200 +57000 18 4 1000000000
a contact +49800 +57000 18 34 1000000000
a contact +49800 +57000 19 33 1000000000
a contact +49800 +57000 21 31 1000000000
a contact +49200 +57000 22 1 1000000000
a contact +49800 +57000 22 38 1000000000
a contact +49800 +57000 31 21 1000000000
a contact +49800 +57000 33 19 1000000000
a contact +49200 +57000 34 1 1000000000
a contact +49800 +57000 34 18 1000000000
a contact +49800 +57000 35 17 1000000000
a contact +49800 +57000 37 15 1000000000
a contact +49200 +57000 38 4 1000000000
a contact +49800 +57000 38 22 1000000000
a contact +49800 +57600 7 29 1000000000
a contact +49800 +57600 8 28 1000000000
a contact +49800 +57600 9 27 1000000000
a contact +49800 +57600 10 26 1000000000
a contact +49800 +57600 11 25 1000000000
a contact +49800 +57600 12 24 1000000000
a contact +49800 +57600 13 23 1000000000
a contact +49800 +57600 14 30 1000000000
a contact +49800 +57600 16 36 1000000000
a contact +49800 +57600 20 32 1000000000
a contact +49800 +57600 23 13 1000000000
a contact +49800 +57600 24 12 1000000000
a contact +49800 +57600 25 11 1000000000
a contact +49800 +57600 26 10 1000000000
a contact +49800 +57600 27 9 1000000000
a contact +49800 +57600 28 8 1000000000
a contact +49800 +57600 29 7 1000000000
a contact +49800 +57600 30 14 1000000000
a contact +49800 +57600 32 20 1000000000
a contact +49800 +57600 36 16 1000000000
a contact +51600 +58200 7 36 1000000000
a contact +51600 +58200 8 19 1000000000
a contact +51600 +58200 11 32 1000000000
a contact +51600 +58200 12 15 1000000000
a contact +51600 +58200 15 12 1000000000
a contact +51600 +58200 16 27 1000000000
a contact +51600 +58200 19 8 1000000000
a contact +51600 +58200 20 23 1000000000
a contact +51600 +58200 23 20 1000000000
a contact +51600 +58200 24 35 1000000000
a contact +51600 +58200 27 16 1000000000
a contact +51600 +58200 28 31 1000000000
a contact +51600 +58200 31 28 1000000000
a contact +51600 +58200 32 11 1000000000
a contact +51600 +58200 35 24 1000000000
a contact +51600 +58200 36 7 1000000000
a contact +52200 +58200 38 39 1000000000
a contact +30000 +58200 38 41 1000000000
a contact +52200 +58200 38 42 1000000000
a contact +30000 +58200 38 44 1000000000
a contact +52200 +58200 39 38 1000000000
a contact +30000 +58200 41 38 1000000000
a contact +52200 +58200 42 38 1000000000
a contact +30000 +58200 44 38 1000000000
a contact +1800 +58800 1 21 1000000000
a contact +1800 +58800 1 33 1000000000
a contact +50400 +58800 2 10 1000000000
a contact +50400 +58800 2 30 1000000000
a contact +11400 +58800 3 9 1000000000
a contact +11400 +58800 3 29 1000000000
a contact +1800 +58800 4 17 1000000000
a contact +1800 +58800 4 37 1000000000
a contact +50400 +58800 5 14 1000000000
a contact +50400 +58800 5 26 1000000000
a contact +11400 +58800 6 13 1000000000
a contact +11400 +58800 6 25 1000000000
a contact +51000 +58800 7 20 1000000000
a contact +51000 +58800 7 28 1000000000
a contact +51000 +58800 8 27 1000000000
a contact +51000 +58800 8 35 1000000000
a contact +11400 +58800 9 3 1000000000
a contact +51000 +58800 9 26 1000000000
a contact +50400 +58800 10 2 1000000000
a contact +51000 +58800 10 25 1000000000
a contact +51000 +58800 11 16 1000000000
a contact +51000 +58800 11 24 1000000000
a contact +51000 +58800 12 23 1000000000
a contact +51000 +58800 12 31 1000000000
a contact +11400 +58800 13 6 1000000000
a contact +51000 +58800 13 30 1000000000
a contact +50400 +58800 14 5 1000000000
a contact +51000 +58800 14 29 1000000000
a contact +51000 +58800 15 28 1000000000
a contact +51000 +58800 15 36 1000000000
a contact +51000 +58800 16 11 1000000000
a contact +51000 +58800 16 35 1000000000
a contact +1800 +58800 17 4 1000000000
a contact +51000 +58800 17 34 1000000000
a contact +51000 +58800 18 33 1000000000
a contact +51000 +58800 19 24 1000000000
a contact +51000 +58800 19 32 1000000000
a contact +51000 +58800 20 7 1000000000
a contact +51000 +58800 20 31 1000000000
a contact +1800 +58800 21 1 1000000000
a contact +51000 +58800 21 38 1000000000
a contact +51000 +58800 22 37 1000000000
a contact +51000 +58800 23 12 1000000000
a contact +51000 +58800 23 36 1000000000
a contact +51000 +58800 24 11 1000000000
a contact +51000 +58800 24 19 1000000000
a contact +11400 +58800 25 6 1000000000
a contact +51000 +58800 25 10 1000000000
a contact +50400 +58800 26 5 1000000000
a contact +51000 +58800 26 9 1000000000
a contact +51000 +58800 27 8 1000000000
a contact +51000 +58800 27 32 1000000000
a contact +51000 +58800 28 7 1000000000
a contact +51000 +58800 28 15 1000000000
a contact +11400 +58800 29 3 1000000000
a contact +51000 +58800 29 14 1000000000
a contact +50400 +58800 30 2 1000000000
a contact +51000 +58800 30 13 1000000000
a contact +51000 +58800 31 12 1000000000
a contact +51000 +58800 31 20 1000000000
a contact +51000 +58800 32 19 1000000000
a contact +51000 +58800 32 27 1000000000
a contact +1800 +58800 33 1 1000000000
a contact +51000 +58800 33 18 1000000000
a contact +51000 +58800 34 17 1000000000
a contact +51000 +58800 35 8 1000000000
a contact +51000 +58800 35 16 1000000000
a contact +51000 +58800 36 15 1000000000
a contact +51000 +58800 36 23 1000000000
a contact +1800 +58800 37 4 1000000000
a contact +51000 +58800 37 22 1000000000
a contact +51000 +58800 38 21 1000000000
a contact +51600 +59400 2 9 1000000000
a contact +51600 +59400 2 29 1000000000
a contact +51600 +59400 5 13 1000000000
a contact +51600 +59400 5 25 1000000000
a contact +53400 +59400 7 19 1000000000
a contact +53400 +59400 7 35 1000000000
a contact +51600 +59400 9 2 1000000000
a contact +53400 +59400 11 15 1000000000
a contact +53400 +59400 11 31 1000000000
a contact +51600 +59400 13 5 1000000000
a contact +53400 +59400 15 11 1000000000
a contact +53400 +59400 15 27 1000000000
a contact +53400 +59400 19 7 1000000000
a contact +53400 +59400 19 23 1000000000
a contact +53400 +59400 23 19 1000000000
a contact +53400 +59400 23 35 1000000000
a contact +51600 +59400 25 5 1000000000
a contact +53400 +59400 27 15 1000000000
a contact +53400 +59400 27 31 1000000000
a contact +51600 +59400 29 2 1000000000
a contact +53400 +59400 31 11 1000000000
a contact +53400 +59400 31 27 1000000000
a contact +53400 +59400 35 7 1000000000
a contact +53400 +59400 35 23 1000000000
a contact +52800 +60000 7 27 1000000000
a contact +52800 +60000 8 26 1000000000
a contact +52800 +60000 9 25 1000000000
a contact +52800 +60000 10 24 1000000000
a contact +52800 +60000 11 23 1000000000
a contact +52800 +60000 12 30 1000000000
a contact +52800 +60000 13 29 1000000000
a contact +52800 +60000 14 28 1000000000
a contact +52200 +60000 15 35 1000000000
a contact +52200 +60000 16 34 1000000000
a contact +52200 +60000 17 33 1000000000
a contact +52200 +60000 18 32 1000000000
a contact +52200 +60000 19 31 1000000000
a contact +52200 +60000 20 38 1000000000
a contact +52200 +60000 21 37 1000000000
a contact +52200 +60000 22 36 1000000000
a contact +52800 +60000 23 11 1000000000
a contact +52800 +60000 24 10 1000000000
a contact +52800 +60000 25 9 1000000000
a contact +52800 +60000 26 8 1000000000
a contact +52800 +60000 27 7 1000000000
a contact +52800 +60000 28 14 1000000000
a contact +52800 +60000 29 13 1000000000
a contact +52800 +60000 30 12 1000000000
a contact +52200 +60000 31 19 1000000000
a contact +52200 +60000 32 18 1000000000
a contact +52200 +60000 33 17 1000000000
a contact +52200 +60000 34 16 1000000000
a contact +52200 +60000 35 15 1000000000
a contact +52200 +60000 36 22 1000000000
a contact +52200 +60000 37 21 1000000000
a contact +52200 +60000 38 20 1000000000
a contact +54000 +60600 15 26 1000000000
a contact +54000 +60600 19 30 1000000000
a contact +54000 +60600 23 34 1000000000
a contact +54000 +60600 26 15 1000000000
a contact +54000 +60600 27 38 1000000000
a contact +54000 +60600 30 19 1000000000
a contact +54000 +60600 34 23 1000000000
a contact +54000 +60600 38 27 1000000000
a contact +13800 +61200 1 32 1000000000
a contact +4200 +61200 2 28 1000000000
a contact +53400 +61200 3 17 1000000000
a contact +52800 +61200 3 37 1000000000
a contact +13800 +61200 4 36 1000000000
a contact +4200 +61200 5 24 1000000000
a contact +53400 +61200 6 21 1000000000
a contact +52800 +61200 6 33 1000000000
a contact +52200 +61200 6 39 1000000000
a contact +35400 +61200 6 41 1000000000
a contact +52200 +61200 6 42 1000000000
a contact +35400 +61200 6 44 1000000000
a contact +54000 +61200 7 18 1000000000
a contact +54000 +61200 7 26 1000000000
a contact +54000 +61200 7 34 1000000000
a contact +54000 +61200 8 25 1000000000
a contact +54000 +61200 9 24 1000000000
a contact +54000 +61200 10 15 1000000000
a contact +54000 +61200 10 23 1000000000
a contact +54000 +61200 10 31 1000000000
a contact +54000 +61200 11 22 1000000000
a contact +54000 +61200 11 30 1000000000
a contact +54000 +61200 11 38 1000000000
a contact +54000 +61200 12 29 1000000000
a contact +54000 +61200 13 28 1000000000
a contact +54000 +61200 14 19 1000000000
a contact +54000 +61200 14 27 1000000000
a contact +54000 +61200 14 35 1000000000
a contact +54000 +61200 15 10 1000000000
a contact +54000 +61200 15 34 1000000000
a contact +54000 +61200 16 33 1000000000
a contact +53400 +61200 17 3 1000000000
a contact +54000 +61200 17 32 1000000000
a contact +52200 +61200 17 39 1000000000
a contact +40800 +61200 17 41 1000000000
a contact +52200 +61200 17 42 1000000000
a contact +40800 +61200 17 44 1000000000
a contact +54000 +61200 18 7 1000000000
a contact +54000 +61200 18 23 1000000000
a contact +54000 +61200 18 31 1000000000
a contact +54000 +61200 19 14 1000000000
a contact +54000 +61200 19 38 1000000000
a contact +54000 +61200 20 37 1000000000
a contact +53400 +61200 21 6 1000000000
a contact +54000 +61200 21 36 1000000000
a contact +54000 +61200 22 11 1000000000
a contact +54000 +61200 22 27 1000000000
a contact +54000 +61200 22 35 1000000000
a contact +54000 +61200 23 10 1000000000
a contact +54000 +61200 23 18 1000000000
a contact +4200 +61200 24 5 1000000000
a contact +54000 +61200 24 9 1000000000
a contact +54000 +61200 25 8 1000000000
a contact +54000 +61200 26 7 1000000000
a contact +54000 +61200 26 31 1000000000
a contact +54000 +61200 27 14 1000000000
a contact +54000 +61200 27 22 1000000000
a contact +4200 +61200 28 2 1000000000
a contact +54000 +61200 28 13 1000000000
a contact +54000 +61200 29 12 1000000000
a contact +54000 +61200 30 11 1000000000
a contact +54000 +61200 30 35 1000000000
a contact +54000 +61200 31 10 1000000000
a contact +54000 +61200 31 18 1000000000
a contact +54000 +61200 31 26 1000000000
a contact +13800 +61200 32 1 1000000000
a contact +54000 +61200 32 17 1000000000
a contact +52800 +61200 33 6 1000000000
a contact +54000 +61200 33 16 1000000000
a contact +54000 +61200 34 7 1000000000
a contact +54000 +61200 34 15 1000000000
a contact +54000 +61200 35 14 1000000000
a contact +54000 +61200 35 22 1000000000
a contact +54000 +61200 35 30 1000000000
a contact +13800 +61200 36 4 1000000000
a contact +54000 +61200 36 21 1000000000
a contact +52800 +61200 37 3 1000000000
a contact +54000 +61200 37 20 1000000000
a contact +52200 +61200 37 39 1000000000
a contact +40800 +61200 37 41 1000000000
a contact +52200 +61200 37 42 1000000000
a contact +40800 +61200 37 44 1000000000
a contact +54000 +61200 38 11 1000000000
a contact +54000 +61200 38 19 1000000000
a contact +52200 +61200 39 6 1000000000
a contact +52200 +61200 39 17 1000000000
a contact +52200 +61200 39 37 1000000000
a contact +35400 +61200 41 6 1000000000
a contact +40800 +61200 41 17 1000000000
a contact +40800 +61200 41 37 1000000000
a contact +52200 +61200 42 6 1000000000
a contact +52200 +61200 42 17 1000000000
a contact +52200 +61200 42 37 1000000000
a contact +35400 +61200 44 6 1000000000
a contact +40800 +61200 44 17 1000000000
a contact +40800 +61200 44 37 1000000000
a contact +14400 +61800 1 20 1000000000
a contact +4200 +61800 2 8 1000000000
a contact +14400 +61800 4 16 1000000000
a contact +4200 +61800 5 12 1000000000
a contact +4200 +61800 8 2 1000000000
a contact +55800 +61800 10 22 1000000000
a contact +55800 +61800 10 38 1000000000
a contact +4200 +61800 12 5 1000000000
a contact +55800 +61800 14 18 1000000000
a contact +55800 +61800 14 34 1000000000
a contact +14400 +61800 16 4 1000000000
a contact +55800 +61800 18 14 1000000000
a contact +55800 +61800 18 30 1000000000
a contact +14400 +61800 20 1 1000000000
a contact +55800 +61800 22 10 1000000000
a contact +55800 +61800 22 26 1000000000
a contact +55800 +61800 26 22 1000000000
a contact +55800 +61800 26 38 1000000000
a contact +55800 +61800 30 18 1000000000
a contact +55800 +61800 30 34 1000000000
a contact +55800 +61800 34 14 1000000000
a contact +55800 +61800 34 30 1000000000
a contact +55800 +61800 38 10 1000000000
a contact +55800 +61800 38 26 1000000000
a contact +54000 +62400 3 16 1000000000
a contact +54000 +62400 3 36 1000000000
a contact +54000 +62400 6 20 1000000000
a contact +54000 +62400 6 32 1000000000
a contact +55200 +62400 7 25 1000000000
a contact +55200 +62400 8 24 1000000000
a contact +55200 +62400 9 23 1000000000
a contact +55200 +62400 10 30 1000000000
a contact +55200 +62400 11 29 1000000000
a contact +55200 +62400 12 28 1000000000
a contact +55200 +62400 13 27 1000000000
a contact +55200 +62400 14 26 1000000000
a contact +55200 +62400 15 33 1000000000
a contact +54000 +62400 16 3 1000000000
a contact +55200 +62400 16 32 1000000000
a contact +55200 +62400 17 31 1000000000
a contact +55200 +62400 18 38 1000000000
a contact +55200 +62400 19 37 1000000000
a contact +54000 +62400 20 6 1000000000
a contact +55200 +62400 20 36 1000000000
a contact +55200 +62400 21 35 1000000000
a contact +55200 +62400 22 34 1000000000
a contact +55200 +62400 23 9 1000000000
a contact +55200 +62400 24 8 1000000000
a contact +55200 +62400 25 7 1000000000
a contact +55200 +62400 26 14 1000000000
a contact +55200 +62400 27 13 1000000000
a contact +55200 +62400 28 12 1000000000
a contact +55200 +62400 29 11 1000000000
a contact +55200 +62400 30 10 1000000000
a contact +55200 +62400 31 17 1000000000
a contact +54000 +62400 32 6 1000000000
a contact +55200 +62400 32 16 1000000000
a contact +55200 +62400 33 15 1000000000
a contact +55200 +62400 34 22 1000000000
a contact +55200 +62400 35 21 1000000000
a contact +54000 +62400 36 3 1000000000
a contact +55200 +62400 36 20 1000000000
a contact +55200 +62400 37 19 1000000000
a contact +55200 +62400 38 18 1000000000
a contact +55800 +63600 1 8 1000000000
a contact +55800 +63600 1 28 1000000000
a contact +55800 +63600 4 12 1000000000
a contact +55800 +63600 4 24 1000000000
a contact +56400 +63600 7 24 1000000000
a contact +55800 +63600 8 1 1000000000
a contact +56400 +63600 8 23 1000000000
a contact +56400 +63600 9 22 1000000000
a contact +56400 +63600 9 30 1000000000
a contact +56400 +63600 9 38 1000000000
a contact +57000 +63600 10 21 1000000000
a contact +56400 +63600 10 29 1000000000
a contact +56400 +63600 10 37 1000000000
a contact +56400 +63600 11 28 1000000000
a contact +55800 +63600 12 4 1000000000
a contact +56400 +63600 12 27 1000000000
a contact +56400 +63600 13 18 1000000000
a contact +56400 +63600 13 26 1000000000
a contact +56400 +63600 13 34 1000000000
a contact +57000 +63600 14 17 1000000000
a contact +56400 +63600 14 25 1000000000
a contact +56400 +63600 14 33 1000000000
a contact +56400 +63600 15 32 1000000000
a contact +56400 +63600 16 31 1000000000
a contact +52200 +63600 16 39 1000000000
a contact +30000 +63600 16 41 1000000000
a contact +52200 +63600 16 42 1000000000
a contact +30000 +63600 16 44 1000000000
a contact +57000 +63600 17 14 1000000000
a contact +56400 +63600 17 30 1000000000
a contact +56400 +63600 17 38 1000000000
a contact +56400 +63600 18 13 1000000000
a contact +57000 +63600 18 29 1000000000
a contact +56400 +63600 18 37 1000000000
a contact +56400 +63600 19 36 1000000000
a contact +56400 +63600 20 35 1000000000
a contact +57000 +63600 21 10 1000000000
a contact +56400 +63600 21 26 1000000000
a contact +56400 +63600 21 34 1000000000
a contact +56400 +63600 22 9 1000000000
a contact +57000 +63600 22 25 1000000000
a contact +56400 +63600 22 33 1000000000
a contact +56400 +63600 23 8 1000000000
a contact +55800 +63600 24 4 1000000000
a contact +56400 +63600 24 7 1000000000
a contact +56400 +63600 25 14 1000000000
a contact +57000 +63600 25 22 1000000000
a contact +56400 +63600 25 38 1000000000
a contact +56400 +63600 26 13 1000000000
a contact +56400 +63600 26 21 1000000000
a contact +56400 +63600 26 37 1000000000
a contact +56400 +63600 27 12 1000000000
a contact +55800 +63600 28 1 1000000000
a contact +56400 +63600 28 11 1000000000
a contact +56400 +63600 29 10 1000000000
a contact +57000 +63600 29 18 1000000000
a contact +56400 +63600 29 34 1000000000
a contact +56400 +63600 30 9 1000000000
a contact +56400 +63600 30 17 1000000000
a contact +56400 +63600 30 33 1000000000
a contact +56400 +63600 31 16 1000000000
a contact +56400 +63600 32 15 1000000000
a contact +56400 +63600 33 14 1000000000
a contact +56400 +63600 33 22 1000000000
a contact +56400 +63600 33 30 1000000000
a contact +56400 +63600 34 13 1000000000
a contact +56400 +63600 34 21 1000000000
a contact +56400 +63600 34 29 1000000000
a contact +56400 +63600 35 20 1000000000
a contact +56400 +63600 36 19 1000000000
a contact +52200 +63600 36 39 1000000000
a contact +43200 +63600 36 41 1000000000
a contact +52200 +63600 36 42 1000000000
a contact +43200 +63600 36 44 1000000000
a contact +56400 +63600 37 10 1000000000
a contact +56400 +63600 37 18 1000000000
a contact +56400 +63600 37 26 1000000000
a contact +56400 +63600 38 9 1000000000
a contact +56400 +63600 38 17 1000000000
a contact +56400 +63600 38 25 1000000000
a contact +52200 +63600 39 16 1000000000
a contact +52200 +63600 39 36 1000000000
a contact +30000 +63600 41 16 1000000000
a contact +43200 +63600 41 36 1000000000
a contact +52200 +63600 42 16 1000000000
a contact +52200 +63600 42 36 1000000000
a contact +30000 +63600 44 16 1000000000
a contact +43200 +63600 44 36 1000000000
a contact +16800 +64200 2 7 1000000000
a contact +16800 +64200 2 27 1000000000
a contact +6600 +64200 3 15 1000000000
a contact +6600 +64200 3 35 1000000000
a contact +16800 +64200 5 11 1000000000
a contact +16800 +64200 5 23 1000000000
a contact +6600 +64200 6 19 1000000000
a contact +6600 +64200 6 31 1000000000
a contact +16800 +64200 7 2 1000000000
a contact +58200 +64200 9 21 1000000000
a contact +58200 +64200 9 37 1000000000
a contact +16800 +64200 11 5 1000000000
a contact +58200 +64200 13 17 1000000000
a contact +58200 +64200 13 33 1000000000
a contact +6600 +64200 15 3 1000000000
a contact +58200 +64200 17 13 1000000000
a contact +58200 +64200 17 29 1000000000
a contact +6600 +64200 19 6 1000000000
a contact +58200 +64200 21 9 1000000000
a contact +58200 +64200 21 25 1000000000
a contact +16800 +64200 23 5 1000000000
a contact +58200 +64200 25 21 1000000000
a contact +58200 +64200 25 37 1000000000
a contact +16800 +64200 27 2 1000000000
a contact +58200 +64200 29 17 1000000000
a contact +58200 +64200 29 33 1000000000
a contact +6600 +64200 31 6 1000000000
a contact +58200 +64200 33 13 1000000000
a contact +58200 +64200 33 29 1000000000
a contact +6600 +64200 35 3 1000000000
a contact +58200 +64200 37 9 1000000000
a contact +58200 +64200 37 25 1000000000
a contact +57000 +64800 1 7 1000000000
a contact +57000 +64800 1 27 1000000000
a contact +57000 +64800 4 11 1000000000
a contact +57000 +64800 4 23 1000000000
a contact +57000 +64800 7 1 1000000000
a contact +57000 +64800 11 4 1000000000
a contact +57000 +64800 23 4 1000000000
a contact +57000 +64800 27 1 1000000000
a contact +57600 +65400 7 23 1000000000
a contact +57600 +65400 8 30 1000000000
a contact +57600 +65400 9 29 1000000000
a contact +57600 +65400 10 28 1000000000
a contact +57600 +65400 11 27 1000000000
a contact +57600 +65400 12 26 1000000000
a contact +57600 +65400 13 25 1000000000
a contact +57600 +65400 14 24 1000000000
a contact +57600 +65400 15 31 1000000000
a contact +57600 +65400 16 38 1000000000
a contact +57600 +65400 17 37 1000000000
a contact +57600 +65400 18 36 1000000000
a contact +57600 +65400 19 35 1000000000
a contact +57600 +65400 20 34 1000000000
a contact +57600 +65400 21 33 1000000000
a contact +57600 +65400 22 32 1000000000
a contact +57600 +65400 23 7 1000000000
a contact +57600 +65400 24 14 1000000000
a contact +57600 +65400 25 13 1000000000
a contact +57600 +65400 26 12 1000000000
a contact +57600 +65400 27 11 1000000000
a contact +57600 +65400 28 10 1000000000
a contact +57600 +65400 29 9 1000000000
a contact +57600 +65400 30 8 1000000000
a contact +57600 +65400 31 15 1000000000
a contact +57600 +65400 32 22 1000000000
a contact +57600 +65400 33 21 1000000000
a contact +57600 +65400 34 20 1000000000
a contact +57600 +65400 35 19 1000000000
a contact +57600 +65400 36 18 1000000000
a contact +57600 +65400 37 17 1000000000
a contact +57600 +65400 38 16 1000000000
a contact +59400 +66000 8 37 1000000000
a contact +59400 +66000 9 20 1000000000
a contact +59400 +66000 12 33 1000000000
a contact +59400 +66000 13 16 1000000000
a contact +59400 +66000 16 13 1000000000
a contact +59400 +66000 17 28 1000000000
a contact +59400 +66000 20 9 1000000000
a contact +59400 +66000 21 24 1000000000
a contact +59400 +66000 24 21 1000000000
a contact +59400 +66000 25 36 1000000000
a contact +59400 +66000 28 17 1000000000
a contact +59400 +66000 29 32 1000000000
a contact +59400 +66000 32 29 1000000000
a contact +59400 +66000 33 12 1000000000
a contact +52200 +66000 35 39 1000000000
a contact +30000 +66000 35 41 1000000000
a contact +52200 +66000 35 42 1000000000
a contact +30000 +66000 35 44 1000000000
a contact +59400 +66000 36 25 1000000000
a contact +59400 +66000 37 8 1000000000
a contact +52200 +66000 39 35 1000000000
a contact +30000 +66000 41 35 1000000000
a contact +52200 +66000 42 35 1000000000
a contact +30000 +66000 44 35 1000000000
a contact +9600 +66600 1 14 1000000000
a contact +9600 +66600 1 26 1000000000
a contact +58200 +66600 2 15 1000000000
a contact +58200 +66600 2 35 1000000000
a contact +19800 +66600 3 22 1000000000
a contact +19200 +66600 3 34 1000000000
a contact +9600 +66600 4 10 1000000000
a contact +9600 +66600 4 30 1000000000
a contact +58200 +66600 5 19 1000000000
a contact +58200 +66600 5 31 1000000000
a contact +52200 +66600 5 39 1000000000
a contact +40200 +66600 5 41 1000000000
a contact +52200 +66600 5 42 1000000000
a contact +40200 +66600 5 44 1000000000
a contact +19800 +66600 6 18 1000000000
a contact +19200 +66600 6 38 1000000000
a contact +58800 +66600 7 30 1000000000
a contact +58800 +66600 8 21 1000000000
a contact +58800 +66600 8 29 1000000000
a contact +58800 +66600 9 28 1000000000
a contact +59400 +66600 9 36 1000000000
a contact +9600 +66600 10 4 1000000000
a contact +58800 +66600 10 27 1000000000
a contact +58800 +66600 11 26 1000000000
a contact +58800 +66600 12 17 1000000000
a contact +58800 +66600 12 25 1000000000
a contact +58800 +66600 13 24 1000000000
a contact +59400 +66600 13 32 1000000000
a contact +9600 +66600 14 1 1000000000
a contact +58800 +66600 14 23 1000000000
a contact +58200 +66600 15 2 1000000000
a contact +58800 +66600 15 38 1000000000
a contact +58800 +66600 16 29 1000000000
a contact +58800 +66600 16 37 1000000000
a contact +58800 +66600 17 12 1000000000
a contact +58800 +66600 17 36 1000000000
a contact +19800 +66600 18 6 1000000000
a contact +58800 +66600 18 35 1000000000
a contact +58200 +66600 19 5 1000000000
a contact +58800 +66600 19 34 1000000000
a contact +58800 +66600 20 25 1000000000
a contact +58800 +66600 20 33 1000000000
a contact +58800 +66600 21 8 1000000000
a contact +58800 +66600 21 32 1000000000
a contact +19800 +66600 22 3 1000000000
a contact +58800 +66600 22 31 1000000000
a contact +58800 +66600 23 14 1000000000
a contact +58800 +66600 24 13 1000000000
a contact +58800 +66600 24 37 1000000000
a contact +58800 +66600 25 12 1000000000
a contact +58800 +66600 25 20 1000000000
a contact +9600 +66600 26 1 1000000000
a contact +58800 +66600 26 11 1000000000
a contact +58800 +66600 27 10 1000000000
a contact +58800 +66600 28 9 1000000000
a contact +58800 +66600 28 33 1000000000
a contact +58800 +66600 29 8 1000000000
a contact +58800 +66600 29 16 1000000000
a contact +9600 +66600 30 4 1000000000
a contact +58800 +66600 30 7 1000000000
a contact +58200 +66600 31 5 1000000000
a contact +58800 +66600 31 22 1000000000
a contact +59400 +66600 32 13 1000000000
a contact +58800 +66600 32 21 1000000000
a contact +58800 +66600 33 20 1000000000
a contact +58800 +66600 33 28 1000000000
a contact +19200 +66600 34 3 1000000000
a contact +58800 +66600 34 19 1000000000
a contact +58200 +66600 35 2 1000000000
a contact +58800 +66600 35 18 1000000000
a contact +59400 +66600 36 9 1000000000
a contact +58800 +66600 36 17 1000000000
a contact +58800 +66600 37 16 1000000000
a contact +58800 +66600 37 24 1000000000
a contact +19200 +66600 38 6 1000000000
a contact +58800 +66600 38 15 1000000000
a contact +52200 +66600 39 5 1000000000
a contact +40200 +66600 41 5 1000000000
a contact +52200 +66600 42 5 1000000000
a contact +40200 +66600 44 5 1000000000
a contact +59400 +67200 2 22 1000000000
a contact +59400 +67200 2 34 1000000000
a contact +59400 +67200 5 18 1000000000
a contact +59400 +67200 5 38 1000000000
a contact +61200 +67200 8 20 1000000000
a contact +61200 +67200 8 36 1000000000
a contact +61200 +67200 12 16 1000000000
a contact +61200 +67200 12 32 1000000000
a contact +61200 +67200 16 12 1000000000
a contact +61200 +67200 16 28 1000000000
a contact +59400 +67200 18 5 1000000000
a contact +61200 +67200 20 8 1000000000
a contact +61200 +67200 20 24 1000000000
a contact +59400 +67200 22 2 1000000000
a contact +61200 +67200 24 20 1000000000
a contact +61200 +67200 24 36 1000000000
a contact +61200 +67200 28 16 1000000000
a contact +61200 +67200 28 32 1000000000
a contact +61200 +67200 32 12 1000000000
a contact +61200 +67200 32 28 1000000000
a contact +59400 +67200 34 2 1000000000
a contact +61200 +67200 36 8 1000000000
a contact +61200 +67200 36 24 1000000000
a contact +59400 +67200 38 5 1000000000
a contact +60600 +67800 7 29 1000000000
a contact +60600 +67800 8 28 1000000000
a contact +60600 +67800 9 27 1000000000
a contact +60600 +67800 10 26 1000000000
a contact +60600 +67800 11 25 1000000000
a contact +60600 +67800 12 24 1000000000
a contact +60600 +67800 13 23 1000000000
a contact +60600 +67800 14 30 1000000000
a contact +60000 +67800 15 37 1000000000
a contact +60000 +67800 16 36 1000000000
a contact +60000 +67800 17 35 1000000000
a contact +60000 +67800 18 34 1000000000
a contact +60000 +67800 19 33 1000000000
a contact +60000 +67800 20 32 1000000000
a contact +60000 +67800 21 31 1000000000
a contact +60000 +67800 22 38 1000000000
a contact +60600 +67800 23 13 1000000000
a contact +60600 +67800 24 12 1000000000
a contact +60600 +67800 25 11 1000000000
a contact +60600 +67800 26 10 1000000000
a contact +60600 +67800 27 9 1000000000
a contact +60600 +67800 28 8 1000000000
a contact +60600 +67800 29 7 1000000000
a contact +60600 +67800 30 14 1000000000
a contact +60000 +67800 31 21 1000000000
a contact +60000 +67800 32 20 1000000000
a contact +60000 +67800 33 19 1000000000
a contact +60000 +67800 34 18 1000000000
a contact +60000 +67800 35 17 1000000000
a contact +60000 +67800 36 16 1000000000
a contact +60000 +67800 37 15 1000000000
a contact +60000 +67800 38 22 1000000000
a contact +61800 +68400 24 35 1000000000
a contact +61800 +68400 28 31 1000000000
a contact +61800 +68400 31 28 1000000000
a contact +61800 +68400 35 24 1000000000
a contact +12000 +69000 2 21 1000000000
a contact +12000 +69000 2 33 1000000000
a contact +60600 +69000 3 10 1000000000
a contact +60600 +69000 3 30 1000000000
a contact +12000 +69000 5 17 1000000000
a contact +12000 +69000 5 37 1000000000
a contact +60600 +69000 6 14 1000000000
a contact +60600 +69000 6 26 1000000000
a contact +61800 +69000 7 20 1000000000
a contact +61800 +69000 7 28 1000000000
a contact +61800 +69000 7 36 1000000000
a contact +61800 +69000 8 19 1000000000
a contact +61800 +69000 8 27 1000000000
a contact +61800 +69000 8 35 1000000000
a contact +61800 +69000 9 26 1000000000
a contact +60600 +69000 10 3 1000000000
a contact +61800 +69000 10 25 1000000000
a contact +61800 +69000 11 16 1000000000
a contact +61800 +69000 11 24 1000000000
a contact +61800 +69000 11 32 1000000000
a contact +61800 +69000 12 15 1000000000
a contact +61800 +69000 12 23 1000000000
a contact +61800 +69000 12 31 1000000000
a contact +61800 +69000 13 30 1000000000
a contact +60600 +69000 14 6 1000000000
a contact +61800 +69000 14 29 1000000000
a contact +61800 +69000 15 12 1000000000
a contact +61800 +69000 15 28 1000000000
a contact +61800 +69000 15 36 1000000000
a contact +61800 +69000 16 11 1000000000
a contact +61800 +69000 16 27 1000000000
a contact +61800 +69000 16 35 1000000000
a contact +12000 +69000 17 5 1000000000
a contact +61800 +69000 17 34 1000000000
a contact +61800 +69000 18 33 1000000000
a contact +61800 +69000 19 8 1000000000
a contact +61800 +69000 19 24 1000000000
a contact +61800 +69000 19 32 1000000000
a contact +61800 +69000 20 7 1000000000
a contact +61800 +69000 20 23 1000000000
a contact +61800 +69000 20 31 1000000000
a contact +12000 +69000 21 2 1000000000
a contact +61800 +69000 21 38 1000000000
a contact +61800 +69000 22 37 1000000000
a contact +52200 +69000 22 39 1000000000
a contact +48600 +69000 22 41 1000000000
a contact +52200 +69000 22 42 1000000000
a contact +48600 +69000 22 44 1000000000
a contact +61800 +69000 23 12 1000000000
a contact +61800 +69000 23 20 1000000000
a contact +61800 +69000 23 36 1000000000
a contact +61800 +69000 24 11 1000000000
a contact +61800 +69000 24 19 1000000000
a contact +61800 +69000 25 10 1000000000
a contact +60600 +69000 26 6 1000000000
a contact +61800 +69000 26 9 1000000000
a contact +61800 +69000 27 8 1000000000
a contact +61800 +69000 27 16 1000000000
a contact +61800 +69000 27 32 1000000000
a contact +61800 +69000 28 7 1000000000
a contact +61800 +69000 28 15 1000000000
a contact +61800 +69000 29 14 1000000000
a contact +60600 +69000 30 3 1000000000
a contact +61800 +69000 30 13 1000000000
a contact +61800 +69000 31 12 1000000000
a contact +61800 +69000 31 20 1000000000
a contact +61800 +69000 32 11 1000000000
a contact +61800 +69000 32 19 1000000000
a contact +61800 +69000 32 27 1000000000
a contact +12000 +69000 33 2 1000000000
a contact +61800 +69000 33 18 1000000000
a contact +61800 +69000 34 17 1000000000
a contact +52200 +69000 34 39 1000000000
a contact +48600 +69000 34 41 1000000000
a contact +52200 +69000 34 42 1000000000
a contact +48600 +69000 34 44 1000000000
a contact +61800 +69000 35 8 1000000000
a contact +61800 +69000 35 16 1000000000
a contact +61800 +69000 36 7 1000000000
a contact +61800 +69000 36 15 1000000000
a contact +61800 +69000 36 23 1000000000
a contact +12000 +69000 37 5 1000000000
a contact +61800 +69000 37 22 1000000000
a contact +61800 +69000 38 21 1000000000
a contact +52200 +69000 39 22 1000000000
a contact +52200 +69000 39 34 1000000000
a contact +48600 +69000 41 22 1000000000
a contact +48600 +69000 41 34 1000000000
a contact +52200 +69000 42 22 1000000000
a contact +52200 +69000 42 34 1000000000
a contact +48600 +69000 44 22 1000000000
a contact +48600 +69000 44 34 1000000000
a contact +22200 +69600 1 13 1000000000
a contact +22200 +69600 1 25 1000000000
a contact +61800 +69600 3 9 1000000000
a contact +61800 +69600 3 29 1000000000
a contact +22200 +69600 4 9 1000000000
a contact +22200 +69600 4 29 1000000000
a contact +61800 +69600 6 13 1000000000
a contact +61800 +69600 6 25 1000000000
a contact +63600 +69600 7 19 1000000000
a contact +63600 +69600 7 35 1000000000
a contact +61800 +69600 9 3 1000000000
a contact +22200 +69600 9 4 1000000000
a contact +63600 +69600 11 15 1000000000
a contact +63600 +69600 11 31 1000000000
a contact +22200 +69600 13 1 1000000000
a contact +61800 +69600 13 6 1000000000
a contact +63600 +69600 15 11 1000000000
a contact +63600 +69600 15 27 1000000000
a contact +63600 +69600 19 7 1000000000
a contact +63600 +69600 19 23 1000000000
a contact +63600 +69600 23 19 1000000000
a contact +63600 +69600 23 35 1000000000
a contact +22200 +69600 25 1 1000000000
a contact +61800 +69600 25 6 1000000000
a contact +63600 +69600 27 15 1000000000
a contact +63600 +69600 27 31 1000000000
a contact +61800 +69600 29 3 1000000000
a contact +22200 +69600 29 4 1000000000
a contact +63600 +69600 31 11 1000000000
a contact +63600 +69600 31 27 1000000000
a contact +63600 +69600 35 7 1000000000
a contact +63600 +69600 35 23 1000000000
a contact +63000 +70200 7 27 1000000000
a contact +63000 +70200 8 26 1000000000
a contact +63000 +70200 9 25 1000000000
a contact +63000 +70200 10 24 1000000000
a contact +63000 +70200 11 23 1000000000
a contact +63000 +70200 12 30 1000000000
a contact +63000 +70200 13 29 1000000000
a contact +63000 +70200 14 28 1000000000
a contact +63000 +70200 15 35 1000000000
a contact +63000 +70200 16 34 1000000000
a contact +63000 +70200 17 33 1000000000
a contact +63000 +70200 18 32 1000000000
a contact +63000 +70200 19 31 1000000000
a contact +63000 +70200 20 38 1000000000
a contact +63000 +70200 21 37 1000000000
a contact +63000 +70200 22 36 1000000000
a contact +63000 +70200 23 11 1000000000
a contact +63000 +70200 24 10 1000000000
a contact +63000 +70200 25 9 1000000000
a contact +63000 +70200 26 8 1000000000
a contact +63000 +70200 27 7 1000000000
a contact +63000 +70200 28 14 1000000000
a contact +63000 +70200 29 13 1000000000
a contact +63000 +70200 30 12 1000000000
a contact +63000 +70200 31 19 1000000000
a contact +63000 +70200 32 18 1000000000
a contact +63000 +70200 33 17 1000000000
a contact +63000 +70200 34 16 1000000000
a contact +63000 +70200 35 15 1000000000
a contact +63000 +70200 36 22 1000000000
a contact +63000 +70200 37 21 1000000000
a contact +63000 +70200 38 20 1000000000
a contact +63600 +71400 1 21 1000000000
a contact +63000 +71400 1 33 1000000000
a contact +63600 +71400 4 17 1000000000
a contact +63000 +71400 4 37 1000000000
a contact +52200 +71400 4 39 1000000000
a contact +45000 +71400 4 41 1000000000
a contact +52200 +71400 4 42 1000000000
a contact +45000 +71400 4 44 1000000000
a contact +64800 +71400 7 18 1000000000
a contact +64200 +71400 7 26 1000000000
a contact +64200 +71400 7 34 1000000000
a contact +64200 +71400 8 25 1000000000
a contact +64200 +71400 9 24 1000000000
a contact +64200 +71400 10 23 1000000000
a contact +64200 +71400 10 31 1000000000
a contact +64800 +71400 11 22 1000000000
a contact +64200 +71400 11 30 1000000000
a contact +64200 +71400 11 38 1000000000
a contact +64200 +71400 12 29 1000000000
a contact +64200 +71400 13 28 1000000000
a contact +64200 +71400 14 27 1000000000
a contact +64200 +71400 14 35 1000000000
a contact +64800 +71400 15 26 1000000000
a contact +64200 +71400 15 34 1000000000
a contact +64200 +71400 16 33 1000000000
a contact +63600 +71400 17 4 1000000000
a contact +64200 +71400 17 32 1000000000
a contact +64800 +71400 18 7 1000000000
a contact +64200 +71400 18 23 1000000000
a contact +64200 +71400 18 31 1000000000
a contact +64800 +71400 19 30 1000000000
a contact +64200 +71400 19 38 1000000000
a contact +64200 +71400 20 37 1000000000
a contact +63600 +71400 21 1 1000000000
a contact +64200 +71400 21 36 1000000000
a contact +52200 +71400 21 39 1000000000
a contact +30600 +71400 21 41 1000000000
a contact +52200 +71400 21 42 1000000000
a contact +30600 +71400 21 44 1000000000
a contact +64800 +71400 22 11 1000000000
a contact +64200 +71400 22 27 1000000000
a contact +64200 +71400 22 35 1000000000
a contact +64200 +71400 23 10 1000000000
a contact +64200 +71400 23 18 1000000000
a contact +64200 +71400 23 34 1000000000
a contact +64200 +71400 24 9 1000000000
a contact +64200 +71400 25 8 1000000000
a contact +64200 +71400 26 7 1000000000
a contact +64800 +71400 26 15 1000000000
a contact +64200 +71400 26 31 1000000000
a contact +64200 +71400 27 14 1000000000
a contact +64200 +71400 27 22 1000000000
a contact +64200 +71400 27 38 1000000000
a contact +64200 +71400 28 13 1000000000
a contact +64200 +71400 29 12 1000000000
a contact +64200 +71400 30 11 1000000000
a contact +64800 +71400 30 19 1000000000
a contact +64200 +71400 30 35 1000000000
a contact +64200 +71400 31 10 1000000000
a contact +64200 +71400 31 18 1000000000
a contact +64200 +71400 31 26 1000000000
a contact +64200 +71400 32 17 1000000000
a contact +63000 +71400 33 1 1000000000
a contact +64200 +71400 33 16 1000000000
a contact +52200 +71400 33 39 1000000000
a contact +51000 +71400 33 41 1000000000
a contact +52200 +71400 33 42 1000000000
a contact +51000 +71400 33 44 1000000000
a contact +64200 +71400 34 7 1000000000
a contact +64200 +71400 34 15 1000000000
a contact +64200 +71400 34 23 1000000000
a contact +64200 +71400 35 14 1000000000
a contact +64200 +71400 35 22 1000000000
a contact +64200 +71400 35 30 1000000000
a contact +64200 +71400 36 21 1000000000
a contact +63000 +71400 37 4 1000000000
a contact +64200 +71400 37 20 1000000000
a contact +64200 +71400 38 11 1000000000
a contact +64200 +71400 38 19 1000000000
a contact +64200 +71400 38 27 1000000000
a contact +52200 +71400 39 4 1000000000
a contact +52200 +71400 39 21 1000000000
a contact +52200 +71400 39 33 1000000000
a contact +45000 +71400 41 4 1000000000
a contact +30600 +71400 41 21 1000000000
a contact +51000 +71400 41 33 1000000000
a contact +52200 +71400 42 4 1000000000
a contact +52200 +71400 42 21 1000000000
a contact +52200 +71400 42 33 1000000000
a contact +45000 +71400 44 4 1000000000
a contact +30600 +71400 44 21 1000000000
a contact +51000 +71400 44 33 1000000000
a contact +64200 +72000 1 32 1000000000
a contact +25200 +72000 2 20 1000000000
a contact +24600 +72000 2 32 1000000000
a contact +14400 +72000 3 8 1000000000
a contact +14400 +72000 3 28 1000000000
a contact +64200 +72000 4 36 1000000000
a contact +25200 +72000 5 16 1000000000
a contact +24600 +72000 5 36 1000000000
a contact +14400 +72000 6 12 1000000000
a contact +14400 +72000 6 24 1000000000
a contact +14400 +72000 8 3 1000000000
a contact +64200 +72000 10 15 1000000000
a contact +66000 +72000 10 38 1000000000
a contact +14400 +72000 12 6 1000000000
a contact +64200 +72000 14 19 1000000000
a contact +66000 +72000 14 34 1000000000
a contact +64200 +72000 15 10 1000000000
a contact +25200 +72000 16 5 1000000000
a contact +66000 +72000 18 30 1000000000
a contact +64200 +72000 19 14 1000000000
a contact +25200 +72000 20 2 1000000000
a contact +66000 +72000 22 26 1000000000
a contact +14400 +72000 24 6 1000000000
a contact +66000 +72000 26 22 1000000000
a contact +66000 +72000 26 38 1000000000
a contact +14400 +72000 28 3 1000000000
a contact +66000 +72000 30 18 1000000000
a contact +66000 +72000 30 34 1000000000
a contact +64200 +72000 32 1 1000000000
a contact +24600 +72000 32 2 1000000000
a contact +66000 +72000 34 14 1000000000
a contact +66000 +72000 34 30 1000000000
a contact +64200 +72000 36 4 1000000000
a contact +24600 +72000 36 5 1000000000
a contact +66000 +72000 38 10 1000000000
a contact +66000 +72000 38 26 1000000000
a contact +64200 +72600 1 20 1000000000
a contact +64200 +72600 4 16 1000000000
a contact +66000 +72600 10 22 1000000000
a contact +66000 +72600 14 18 1000000000
a contact +64200 +72600 16 4 1000000000
a contact +66000 +72600 18 14 1000000000
a contact +64200 +72600 20 1 1000000000
a contact +66000 +72600 22 10 1000000000
a contact +65400 +73200 7 25 1000000000
a contact +65400 +73200 8 24 1000000000
a contact +65400 +73200 9 23 1000000000
a contact +65400 +73200 10 30 1000000000
a contact +65400 +73200 11 29 1000000000
a contact +65400 +73200 12 28 1000000000
a contact +65400 +73200 13 27 1000000000
a contact +65400 +73200 14 26 1000000000
a contact +65400 +73200 15 33 1000000000
a contact +65400 +73200 16 32 1000000000
a contact +65400 +73200 17 31 1000000000
a contact +65400 +73200 18 38 1000000000
a contact +65400 +73200 19 37 1000000000
a contact +65400 +73200 20 36 1000000000
a contact +65400 +73200 21 35 1000000000
a contact +65400 +73200 22 34 1000000000
a contact +65400 +73200 23 9 1000000000
a contact +65400 +73200 24 8 1000000000
a contact +65400 +73200 25 7 1000000000
a contact +65400 +73200 26 14 1000000000
a contact +65400 +73200 27 13 1000000000
a contact +65400 +73200 28 12 1000000000
a contact +65400 +73200 29 11 1000000000
a contact +65400 +73200 30 10 1000000000
a contact +65400 +73200 31 17 1000000000
a contact +65400 +73200 32 16 1000000000
a contact +65400 +73200 33 15 1000000000
a contact +65400 +73200 34 22 1000000000
a contact +65400 +73200 35 21 1000000000
a contact +65400 +73200 36 20 1000000000
a contact +65400 +73200 37 19 1000000000
a contact +65400 +73200 38 18 1000000000
a contact +66000 +73800 2 8 1000000000
a contact +66000 +73800 2 28 1000000000
a contact +66000 +73800 5 12 1000000000
a contact +66000 +73800 5 24 1000000000
a contact +66000 +73800 8 2 1000000000
a contact +67200 +73800 9 38 1000000000
a contact +67200 +73800 10 21 1000000000
a contact +66000 +73800 12 5 1000000000
a contact +67200 +73800 13 34 1000000000
a contact +67200 +73800 14 17 1000000000
a contact +67200 +73800 17 14 1000000000
a contact +67200 +73800 18 29 1000000000
a contact +67200 +73800 21 10 1000000000
a contact +67200 +73800 22 25 1000000000
a contact +66000 +73800 24 5 1000000000
a contact +67200 +73800 25 22 1000000000
a contact +67200 +73800 26 37 1000000000
a contact +66000 +73800 28 2 1000000000
a contact +67200 +73800 29 18 1000000000
a contact +67200 +73800 30 33 1000000000
a contact +52200 +73800 32 39 1000000000
a contact +33000 +73800 32 41 1000000000
a contact +52200 +73800 32 42 1000000000
a contact +33000 +73800 32 44 1000000000
a contact +67200 +73800 33 30 1000000000
a contact +67200 +73800 34 13 1000000000
a contact +67200 +73800 37 26 1000000000
a contact +67200 +73800 38 9 1000000000
a contact +52200 +73800 39 32 1000000000
a contact +33000 +73800 41 32 1000000000
a contact +52200 +73800 42 32 1000000000
a contact +33000 +73800 44 32 1000000000
a contact +17400 +74400 1 19 1000000000
a contact +17400 +74400 1 31 1000000000
a contact +17400 +74400 4 15 1000000000
a contact +17400 +74400 4 35 1000000000
a contact +66600 +74400 7 24 1000000000
a contact +66600 +74400 8 23 1000000000
a contact +66600 +74400 9 22 1000000000
a contact +66600 +74400 9 30 1000000000
a contact +66600 +74400 10 29 1000000000
a contact +67200 +74400 10 37 1000000000
a contact +66600 +74400 11 28 1000000000
a contact +66600 +74400 12 27 1000000000
a contact +66600 +74400 13 18 1000000000
a contact +66600 +74400 13 26 1000000000
a contact +66600 +74400 14 25 1000000000
a contact +67200 +74400 14 33 1000000000
a contact +17400 +74400 15 4 1000000000
a contact +66600 +74400 15 32 1000000000
a contact +66600 +74400 16 31 1000000000
a contact +66600 +74400 17 30 1000000000
a contact +66600 +74400 17 38 1000000000
a contact +66600 +74400 18 13 1000000000
a contact +66600 +74400 18 37 1000000000
a contact +17400 +74400 19 1 1000000000
a contact +66600 +74400 19 36 1000000000
a contact +66600 +74400 20 35 1000000000
a contact +54000 +74400 20 39 1000000000
a contact +54000 +74400 20 41 1000000000
a contact +54000 +74400 20 42 1000000000
a contact +54000 +74400 20 44 1000000000
a contact +66600 +74400 21 26 1000000000
a contact +66600 +74400 21 34 1000000000
a contact +66600 +74400 22 9 1000000000
a contact +66600 +74400 22 33 1000000000
a contact +66600 +74400 23 8 1000000000
a contact +66600 +74400 24 7 1000000000
a contact +66600 +74400 25 14 1000000000
a contact +66600 +74400 25 38 1000000000
a contact +66600 +74400 26 13 1000000000
a contact +66600 +74400 26 21 1000000000
a contact +66600 +74400 27 12 1000000000
a contact +66600 +74400 28 11 1000000000
a contact +66600 +74400 29 10 1000000000
a contact +66600 +74400 29 34 1000000000
a contact +66600 +74400 30 9 1000000000
a contact +66600 +74400 30 17 1000000000
a contact +17400 +74400 31 1 1000000000
a contact +66600 +74400 31 16 1000000000
a contact +66600 +74400 32 15 1000000000
a contact +67200 +74400 33 14 1000000000
a contact +66600 +74400 33 22 1000000000
a contact +66600 +74400 34 21 1000000000
a contact +66600 +74400 34 29 1000000000
a contact +17400 +74400 35 4 1000000000
a contact +66600 +74400 35 20 1000000000
a contact +66600 +74400 36 19 1000000000
a contact +67200 +74400 37 10 1000000000
a contact +66600 +74400 37 18 1000000000
a contact +66600 +74400 38 17 1000000000
a contact +66600 +74400 38 25 1000000000
a contact +54000 +74400 39 20 1000000000
a contact +54000 +74400 41 20 1000000000
a contact +54000 +74400 42 20 1000000000
a contact +54000 +74400 44 20 1000000000
a contact +66600 +75000 2 7 1000000000
a contact +66600 +75000 2 27 1000000000
a contact +27600 +75000 3 7 1000000000
a contact +27600 +75000 3 27 1000000000
a contact +66600 +75000 5 11 1000000000
a contact +66600 +75000 5 23 1000000000
a contact +27600 +75000 6 11 1000000000
a contact +27600 +75000 6 23 1000000000
a contact +66600 +75000 7 2 1000000000
a contact +27600 +75000 7 3 1000000000
a contact +69000 +75000 9 21 1000000000
a contact +69000 +75000 9 37 1000000000
a contact +66600 +75000 11 5 1000000000
a contact +27600 +75000 11 6 1000000000
a contact +69000 +75000 13 17 1000000000
a contact +69000 +75000 13 33 1000000000
a contact +69000 +75000 17 13 1000000000
a contact +69000 +75000 17 29 1000000000
a contact +69000 +75000 21 9 1000000000
a contact +69000 +75000 21 25 1000000000
a contact +66600 +75000 23 5 1000000000
a contact +27600 +75000 23 6 1000000000
a contact +69000 +75000 25 21 1000000000
a contact +69000 +75000 25 37 1000000000
a contact +66600 +75000 27 2 1000000000
a contact +27600 +75000 27 3 1000000000
a contact +69000 +75000 29 17 1000000000
a contact +69000 +75000 29 33 1000000000
a contact +69000 +75000 33 13 1000000000
a contact +69000 +75000 33 29 1000000000
a contact +69000 +75000 37 9 1000000000
a contact +69000 +75000 37 25 1000000000
a contact +68400 +75600 7 23 1000000000
a contact +68400 +75600 8 30 1000000000
a contact +68400 +75600 9 29 1000000000
a contact +68400 +75600 10 28 1000000000
a contact +68400 +75600 11 27 1000000000
a contact +68400 +75600 12 26 1000000000
a contact +68400 +75600 13 25 1000000000
a contact +68400 +75600 14 24 1000000000
a contact +67800 +75600 15 31 1000000000
a contact +67800 +75600 16 38 1000000000
a contact +67800 +75600 17 37 1000000000
a contact +67800 +75600 18 36 1000000000
a contact +67800 +75600 19 35 1000000000
a contact +67800 +75600 20 34 1000000000
a contact +67800 +75600 21 33 1000000000
a contact +67800 +75600 22 32 1000000000
a contact +68400 +75600 23 7 1000000000
a contact +68400 +75600 24 14 1000000000
a contact +68400 +75600 25 13 1000000000
a contact +68400 +75600 26 12 1000000000
a contact +68400 +75600 27 11 1000000000
a contact +68400 +75600 28 10 1000000000
a contact +68400 +75600 29 9 1000000000
a contact +68400 +75600 30 8 1000000000
a contact +67800 +75600 31 15 1000000000
a contact +67800 +75600 32 22 1000000000
a contact +67800 +75600 33 21 1000000000
a contact +67800 +75600 34 20 1000000000
a contact +67800 +75600 35 19 1000000000
a contact +67800 +75600 36 18 1000000000
a contact +67800 +75600 37 17 1000000000
a contact +67800 +75600 38 16 1000000000
a contact +68400 +76200 3 15 1000000000
a contact +68400 +76200 3 35 1000000000
a contact +52200 +76200 3 39 1000000000
a contact +50400 +76200 3 41 1000000000
a contact +52200 +76200 3 42 1000000000
a contact +50400 +76200 3 44 1000000000
a contact +68400 +76200 6 19 1000000000
a contact +68400 +76200 6 31 1000000000
a contact +68400 +76200 15 3 1000000000
a contact +68400 +76200 19 6 1000000000
a contact +69600 +76200 25 36 1000000000
a contact +69600 +76200 29 32 1000000000
a contact +68400 +76200 31 6 1000000000
a contact +69600 +76200 32 29 1000000000
a contact +68400 +76200 35 3 1000000000
a contact +69600 +76200 36 25 1000000000
a contact +52200 +76200 39 3 1000000000
a contact +50400 +76200 41 3 1000000000
a contact +52200 +76200 42 3 1000000000
a contact +50400 +76200 44 3 1000000000
a contact +19800 +76800 2 14 1000000000
a contact +19800 +76800 2 26 1000000000
a contact +19800 +76800 5 10 1000000000
a contact +19800 +76800 5 30 1000000000
a contact +69600 +76800 7 30 1000000000
a contact +69600 +76800 8 21 1000000000
a contact +69600 +76800 8 29 1000000000
a contact +69600 +76800 8 37 1000000000
a contact +69600 +76800 9 20 1000000000
a contact +69600 +76800 9 28 1000000000
a contact +69600 +76800 9 36 1000000000
a contact +19800 +76800 10 5 1000000000
a contact +69600 +76800 10 27 1000000000
a contact +69600 +76800 11 26 1000000000
a contact +69600 +76800 12 17 1000000000
a contact +69600 +76800 12 25 1000000000
a contact +69600 +76800 12 33 1000000000
a contact +69600 +76800 13 16 1000000000
a contact +69600 +76800 13 24 1000000000
a contact +69600 +76800 13 32 1000000000
a contact +19800 +76800 14 2 1000000000
a contact +69600 +76800 14 23 1000000000
a contact +69600 +76800 15 38 1000000000
a contact +69600 +76800 16 13 1000000000
a contact +69600 +76800 16 29 1000000000
a contact +69600 +76800 16 37 1000000000
a contact +69600 +76800 17 12 1000000000
a contact +69600 +76800 17 28 1000000000
a contact +69600 +76800 17 36 1000000000
a contact +69600 +76800 18 35 1000000000
a contact +69600 +76800 19 34 1000000000
a contact +56400 +76800 19 39 1000000000
a contact +56400 +76800 19 41 1000000000
a contact +56400 +76800 19 42 1000000000
a contact +56400 +76800 19 44 1000000000
a contact +69600 +76800 20 9 1000000000
a contact +69600 +76800 20 25 1000000000
a contact +69600 +76800 20 33 1000000000
a contact +69600 +76800 21 8 1000000000
a contact +69600 +76800 21 24 1000000000
a contact +69600 +76800 21 32 1000000000
a contact +69600 +76800 22 31 1000000000
a contact +69600 +76800 23 14 1000000000
a contact +69600 +76800 24 13 1000000000
a contact +69600 +76800 24 21 1000000000
a contact +69600 +76800 24 37 1000000000
a contact +69600 +76800 25 12 1000000000
a contact +69600 +76800 25 20 1000000000
a contact +19800 +76800 26 2 1000000000
a contact +69600 +76800 26 11 1000000000
a contact +69600 +76800 27 10 1000000000
a contact +69600 +76800 28 9 1000000000
a contact +69600 +76800 28 17 1000000000
a contact +69600 +76800 28 33 1000000000
a contact +69600 +76800 29 8 1000000000
a contact +69600 +76800 29 16 1000000000
a contact +19800 +76800 30 5 1000000000
a contact +69600 +76800 30 7 1000000000
a contact +69600 +76800 31 22 1000000000
a contact +56400 +76800 31 39 1000000000
a contact +56400 +76800 31 41 1000000000
a contact +56400 +76800 31 42 1000000000
a contact +56400 +76800 31 44 1000000000
a contact +69600 +76800 32 13 1000000000
a contact +69600 +76800 32 21 1000000000
a contact +69600 +76800 33 12 1000000000
a contact +69600 +76800 33 20 1000000000
a contact +69600 +76800 33 28 1000000000
a contact +69600 +76800 34 19 1000000000
a contact +69600 +76800 35 18 1000000000
a contact +69600 +76800 36 9 1000000000
a contact +69600 +76800 36 17 1000000000
a contact +69600 +76800 37 8 1000000000
a contact +69600 +76800 37 16 1000000000
a contact +69600 +76800 37 24 1000000000
a contact +69600 +76800 38 15 1000000000
a contact +56400 +76800 39 19 1000000000
a contact +56400 +76800 39 31 1000000000
a contact +56400 +76800 41 19 1000000000
a contact +56400 +76800 41 31 1000000000
a contact +56400 +76800 42 19 1000000000
a contact +56400 +76800 42 31 1000000000
a contact +56400 +76800 44 19 1000000000
a contact +56400 +76800 44 31 1000000000
a contact +30000 +77400 1 38 1000000000
a contact +69000 +77400 3 22 1000000000
a contact +69000 +77400 3 34 1000000000
a contact +30000 +77400 4 34 1000000000
a contact +69000 +77400 6 18 1000000000
a contact +69000 +77400 6 38 1000000000
a contact +71400 +77400 8 20 1000000000
a contact +71400 +77400 8 36 1000000000
a contact +71400 +77400 12 16 1000000000
a contact +71400 +77400 12 32 1000000000
a contact +71400 +77400 16 12 1000000000
a contact +71400 +77400 16 28 1000000000
a contact +69000 +77400 18 6 1000000000
a contact +71400 +77400 20 8 1000000000
a contact +71400 +77400 20 24 1000000000
a contact +69000 +77400 22 3 1000000000
a contact +71400 +77400 24 20 1000000000
a contact +71400 +77400 24 36 1000000000
a contact +71400 +77400 28 16 1000000000
a contact +71400 +77400 28 32 1000000000
a contact +71400 +77400 32 12 1000000000
a contact +71400 +77400 32 28 1000000000
a contact +69000 +77400 34 3 1000000000
a contact +30000 +77400 34 4 1000000000
a contact +71400 +77400 36 8 1000000000
a contact +71400 +77400 36 24 1000000000
a contact +30000 +77400 38 1 1000000000
a contact +69000 +77400 38 6 1000000000
a contact +70800 +78000 7 29 1000000000
a contact +70800 +78000 8 28 1000000000
a contact +70800 +78000 9 27 1000000000
a contact +70800 +78000 10 26 1000000000
a contact +70800 +78000 11 25 1000000000
a contact +70800 +78000 12 24 1000000000
a contact +70800 +78000 13 23 1000000000
a contact +70800 +78000 14 30 1000000000
a contact +70800 +78000 15 37 1000000000
a contact +70800 +78000 16 36 1000000000
a contact +70800 +78000 17 35 1000000000
a contact +70800 +78000 18 34 1000000000
a contact +70800 +78000 19 33 1000000000
a contact +70800 +78000 20 32 1000000000
a contact +70800 +78000 21 31 1000000000
a contact +70800 +78000 22 38 1000000000
a contact +70800 +78000 23 13 1000000000
a contact +70800 +78000 24 12 1000000000
a contact +70800 +78000 25 11 1000000000
a contact +70800 +78000 26 10 1000000000
a contact +70800 +78000 27 9 1000000000
a contact +70800 +78000 28 8 1000000000
a contact +70800 +78000 29 7 1000000000
a contact +70800 +78000 30 14 1000000000
a contact +70800 +78000 31 21 1000000000
a contact +70800 +78000 32 20 1000000000
a contact +70800 +78000 33 19 1000000000
a contact +70800 +78000 34 18 1000000000
a contact +70800 +78000 35 17 1000000000
a contact +70800 +78000 36 16 1000000000
a contact +70800 +78000 37 15 1000000000
a contact +70800 +78000 38 22 1000000000
a contact +70800 +78600 1 14 1000000000
a contact +70800 +78600 1 26 1000000000
a contact +60000 +78600 1 41 1000000000
a contact +60000 +78600 1 44 1000000000
a contact +55200 +78600 2 41 1000000000
a contact +55200 +78600 2 44 1000000000
a contact +70800 +78600 4 10 1000000000
a contact +70800 +78600 4 30 1000000000
a contact +74400 +78600 4 41 1000000000
a contact +74400 +78600 4 44 1000000000
a contact +69600 +78600 5 41 1000000000
a contact +69600 +78600 5 44 1000000000
a contact +64800 +78600 6 41 1000000000
a contact +64800 +78600 6 44 1000000000
a contact +30000 +78600 7 41 1000000000
a contact +30000 +78600 7 44 1000000000
a contact +30000 +78600 8 41 1000000000
a contact +30000 +78600 8 44 1000000000
a contact +30000 +78600 9 41 1000000000
a contact +30000 +78600 9 44 1000000000
a contact +70800 +78600 10 4 1000000000
a contact +30000 +78600 10 41 1000000000
a contact +30000 +78600 10 44 1000000000
a contact +30000 +78600 11 41 1000000000
a contact +30000 +78600 11 44 1000000000
a contact +30000 +78600 12 41 1000000000
a contact +30000 +78600 12 44 1000000000
a contact +30000 +78600 13 41 1000000000
a contact +30000 +78600 13 44 1000000000
a contact +70800 +78600 14 1 1000000000
a contact +30000 +78600 14 41 1000000000
a contact +30000 +78600 14 44 1000000000
a contact +46200 +78600 15 41 1000000000
a contact +46200 +78600 15 44 1000000000
a contact +64200 +78600 16 41 1000000000
a contact +64200 +78600 16 44 1000000000
a contact +61800 +78600 17 41 1000000000
a contact +61800 +78600 17 44 1000000000
a contact +38400 +78600 18 41 1000000000
a contact +38400 +78600 18 44 1000000000
a contact +77400 +78600 19 41 1000000000
a contact +77400 +78600 19 44 1000000000
a contact +75000 +78600 20 41 1000000000
a contact +75000 +78600 20 44 1000000000
a contact +72000 +78600 21 41 1000000000
a contact +72000 +78600 21 44 1000000000
a contact +69600 +78600 22 41 1000000000
a contact +69600 +78600 22 44 1000000000
a contact +30000 +78600 23 41 1000000000
a contact +30000 +78600 23 44 1000000000
a contact +30000 +78600 24 41 1000000000
a contact +30000 +78600 24 44 1000000000
a contact +30000 +78600 25 41 1000000000
a contact +30000 +78600 25 44 1000000000
a contact +70800 +78600 26 1 1000000000
a contact +30000 +78600 26 41 1000000000
a contact +30000 +78600 26 44 1000000000
a contact +30000 +78600 27 41 1000000000
a contact +30000 +78600 27 44 1000000000
a contact +30000 +78600 28 41 1000000000
a contact +30000 +78600 28 44 1000000000
a contact +30000 +78600 29 41 1000000000
a contact +30000 +78600 29 44 1000000000
a contact +70800 +78600 30 4 1000000000
a contact +30000 +78600 30 41 1000000000
a contact +30000 +78600 30 44 1000000000
a contact +77400 +78600 31 41 1000000000
a contact +77400 +78600 31 44 1000000000
a contact +74400 +78600 32 41 1000000000
a contact +74400 +78600 32 44 1000000000
a contact +72000 +78600 33 41 1000000000
a contact +72000 +78600 33 44 1000000000
a contact +69600 +78600 34 41 1000000000
a contact +69600 +78600 34 44 1000000000
a contact +66600 +78600 35 41 1000000000
a contact +66600 +78600 35 44 1000000000
a contact +64200 +78600 36 41 1000000000
a contact +64200 +78600 36 44 1000000000
a contact +61800 +78600 37 41 1000000000
a contact +61800 +78600 37 44 1000000000
a contact +58800 +78600 38 41 1000000000
a contact +58800 +78600 38 44 1000000000
a contact +60000 +78600 41 1 1000000000
a contact +55200 +78600 41 2 1000000000
a contact +74400 +78600 41 4 1000000000
a contact +69600 +78600 41 5 1000000000
a contact +64800 +78600 41 6 1000000000
a contact +30000 +78600 41 7 1000000000
a contact +30000 +78600 41 8 1000000000
a contact +30000 +78600 41 9 1000000000
a contact +30000 +78600 41 10 1000000000
a contact +30000 +78600 41 11 1000000000
a contact +30000 +78600 41 12 1000000000
a contact +30000 +78600 41 13 1000000000
a contact +30000 +78600 41 14 1000000000
a contact +46200 +78600 41 15 1000000000
a contact +64200 +78600 41 16 1000000000
a contact +61800 +78600 41 17 1000000000
a contact +38400 +78600 41 18 1000000000
a contact +77400 +78600 41 19 1000000000
a contact +75000 +78600 41 20 1000000000
a contact +72000 +78600 41 21 1000000000
a contact +69600 +78600 41 22 1000000000
a contact +30000 +78600 41 23 1000000000
a contact +30000 +78600 41 24 1000000000
a contact +30000 +78600 41 25 1000000000
a contact +30000 +78600 41 26 1000000000
a contact +30000 +78600 41 27 1000000000
a contact +30000 +78600 41 28 1000000000
a contact +30000 +78600 41 29 1000000000
a contact +30000 +78600 41 30 1000000000
a contact +77400 +78600 41 31 1000000000
a contact +74400 +78600 41 32 1000000000
a contact +72000 +78600 41 33 1000000000
a contact +69600 +78600 41 34 1000000000
a contact +66600 +78600 41 35 1000000000
a contact +64200 +78600 41 36 1000000000
a contact +61800 +78600 41 37 1000000000
a contact +58800 +78600 41 38 1000000000
a contact +60000 +78600 44 1 1000000000
a contact +55200 +78600 44 2 1000000000
a contact +74400 +78600 44 4 1000000000
a contact +69600 +78600 44 5 1000000000
a contact +64800 +78600 44 6 1000000000
a contact +30000 +78600 44 7 1000000000
a contact +30000 +78600 44 8 1000000000
a contact +30000 +78600 44 9 1000000000
a contact +30000 +78600 44 10 1000000000
a contact +30000 +78600 44 11 1000000000
a contact +30000 +78600 44 12 1000000000
a contact +30000 +78600 44 13 1000000000
a contact +30000 +78600 44 14 1000000000
a contact +46200 +78600 44 15 1000000000
a contact +64200 +78600 44 16 1000000000
a contact +61800 +78600 44 17 1000000000
a contact +38400 +78600 44 18 1000000000
a contact +77400 +78600 44 19 1000000000
a contact +75000 +78600 44 20 1000000000
a contact +72000 +78600 44 21 1000000000
a contact +69600 +78600 44 22 1000000000
a contact +30000 +78600 44 23 1000000000
a contact +30000 +78600 44 24 1000000000
a contact +30000 +78600 44 25 1000000000
a contact +30000 +78600 44 26 1000000000
a contact +30000 +78600 44 27 1000000000
a contact +30000 +78600 44 28 1000000000
a contact +30000 +78600 44 29 1000000000
a contact +30000 +78600 44 30 1000000000
a contact +77400 +78600 44 31 1000000000
a contact +74400 +78600 44 32 1000000000
a contact +72000 +78600 44 33 1000000000
a contact +69600 +78600 44 34 1000000000
a contact +66600 +78600 44 35 1000000000
a contact +64200 +78600 44 36 1000000000
a contact +61800 +78600 44 37 1000000000
a contact +58800 +78600 44 38 1000000000
a contact +22200 +79200 3 33 1000000000
a contact +22200 +79200 6 37 1000000000
a contact +72000 +79200 7 28 1000000000
a contact +72000 +79200 7 36 1000000000
a contact +72600 +79200 8 19 1000000000
a contact +72000 +79200 8 27 1000000000
a contact +72000 +79200 8 35 1000000000
a contact +72000 +79200 9 26 1000000000
a contact +72000 +79200 10 25 1000000000
a contact +72000 +79200 11 24 1000000000
a contact +72000 +79200 11 32 1000000000
a contact +72600 +79200 12 15 1000000000
a contact +72000 +79200 12 23 1000000000
a contact +72000 +79200 12 31 1000000000
a contact +72000 +79200 13 30 1000000000
a contact +72000 +79200 14 29 1000000000
a contact +72600 +79200 15 12 1000000000
a contact +72000 +79200 15 28 1000000000
a contact +72000 +79200 15 36 1000000000
a contact +72600 +79200 16 27 1000000000
a contact +72000 +79200 16 35 1000000000
a contact +72000 +79200 17 34 1000000000
a contact +72000 +79200 18 33 1000000000
a contact +52200 +79200 18 39 1000000000
a contact +78600 +79200 18 40 1000000000
a contact +52200 +79200 18 42 1000000000
a contact +78600 +79200 18 43 1000000000
a contact +72600 +79200 19 8 1000000000
a contact +72000 +79200 19 24 1000000000
a contact +72000 +79200 19 32 1000000000
a contact +72600 +79200 20 23 1000000000
a contact +72000 +79200 20 31 1000000000
a contact +72000 +79200 21 38 1000000000
a contact +72000 +79200 22 37 1000000000
a contact +72000 +79200 23 12 1000000000
a contact +72600 +79200 23 20 1000000000
a contact +72000 +79200 23 36 1000000000
a contact +72000 +79200 24 11 1000000000
a contact +72000 +79200 24 19 1000000000
a contact +72600 +79200 24 35 1000000000
a contact +72000 +79200 25 10 1000000000
a contact +72000 +79200 26 9 1000000000
a contact +72000 +79200 27 8 1000000000
a contact +72600 +79200 27 16 1000000000
a contact +72000 +79200 27 32 1000000000
a contact +72000 +79200 28 7 1000000000
a contact +72000 +79200 28 15 1000000000
a contact +72600 +79200 28 31 1000000000
a contact +72000 +79200 29 14 1000000000
a contact +72000 +79200 30 13 1000000000
a contact +72000 +79200 31 12 1000000000
a contact +72000 +79200 31 20 1000000000
a contact +72600 +79200 31 28 1000000000
a contact +72000 +79200 32 11 1000000000
a contact +72000 +79200 32 19 1000000000
a contact +72000 +79200 32 27 1000000000
a contact +22200 +79200 33 3 1000000000
a contact +72000 +79200 33 18 1000000000
a contact +72000 +79200 34 17 1000000000
a contact +72000 +79200 35 8 1000000000
a contact +72000 +79200 35 16 1000000000
a contact +72600 +79200 35 24 1000000000
a contact +72000 +79200 36 7 1000000000
a contact +72000 +79200 36 15 1000000000
a contact +72000 +79200 36 23 1000000000
a contact +22200 +79200 37 6 1000000000
a contact +72000 +79200 37 22 1000000000
a contact +72000 +79200 38 21 1000000000
a contact +58800 +79200 38 39 1000000000
a contact +78600 +79200 38 40 1000000000
a contact +58800 +79200 38 42 1000000000
a contact +78600 +79200 38 43 1000000000
a contact +52200 +79200 39 18 1000000000
a contact +58800 +79200 39 38 1000000000
a contact +78600 +79200 40 18 1000000000
a contact +78600 +79200 40 38 1000000000
a contact +52200 +79200 42 18 1000000000
a contact +58800 +79200 42 38 1000000000
a contact +78600 +79200 43 18 1000000000
a contact +78600 +79200 43 38 1000000000
a contact +71400 +79800 1 13 1000000000
a contact +71400 +79800 1 25 1000000000
a contact +22200 +79800 3 21 1000000000
a contact +71400 +79800 4 9 1000000000
a contact +71400 +79800 4 29 1000000000
a contact +22200 +79800 6 17 1000000000
a contact +72000 +79800 7 20 1000000000
a contact +73800 +79800 7 35 1000000000
a contact +71400 +79800 9 4 1000000000
a contact +72000 +79800 11 16 1000000000
a contact +73800 +79800 11 31 1000000000
a contact +71400 +79800 13 1 1000000000
a contact +73800 +79800 15 27 1000000000
a contact +72000 +79800 16 11 1000000000
a contact +22200 +79800 17 6 1000000000
a contact +73800 +79800 19 23 1000000000
a contact +72000 +79800 20 7 1000000000
a contact +22200 +79800 21 3 1000000000
a contact +73800 +79800 23 19 1000000000
a contact +73800 +79800 23 35 1000000000
a contact +71400 +79800 25 1 1000000000
a contact +73800 +79800 27 15 1000000000
a contact +73800 +79800 27 31 1000000000
a contact +71400 +79800 29 4 1000000000
a contact +73800 +79800 31 11 1000000000
a contact +73800 +79800 31 27 1000000000
a contact +73800 +79800 35 7 1000000000
a contact +73800 +79800 35 23 1000000000
a contact +73800 +80400 7 19 1000000000
a contact +73800 +80400 11 15 1000000000
a contact +73800 +80400 15 11 1000000000
a contact +73800 +80400 19 7 1000000000
a contact +73200 +81000 2 21 1000000000
a contact +73200 +81000 2 33 1000000000
a contact +55200 +81000 2 39 1000000000
a contact +78600 +81000 2 40 1000000000
a contact +55200 +81000 2 42 1000000000
a contact +78600 +81000 2 43 1000000000
a contact +73200 +81000 5 17 1000000000
a contact +73200 +81000 5 37 1000000000
a contact +73200 +81000 7 27 1000000000
a contact +73200 +81000 8 26 1000000000
a contact +73200 +81000 9 25 1000000000
a contact +73200 +81000 10 24 1000000000
a contact +73200 +81000 11 23 1000000000
a contact +73200 +81000 12 30 1000000000
a contact +73200 +81000 13 29 1000000000
a contact +73200 +81000 14 28 1000000000
a contact +73200 +81000 15 35 1000000000
a contact +73200 +81000 16 34 1000000000
a contact +73200 +81000 17 5 1000000000
a contact +73200 +81000 17 33 1000000000
a contact +73200 +81000 18 32 1000000000
a contact +73200 +81000 19 31 1000000000
a contact +73200 +81000 20 38 1000000000
a contact +73200 +81000 21 2 1000000000
a contact +73200 +81000 21 37 1000000000
a contact +73200 +81000 22 36 1000000000
a contact +73200 +81000 23 11 1000000000
a contact +73200 +81000 24 10 1000000000
a contact +73200 +81000 25 9 1000000000
a contact +73200 +81000 26 8 1000000000
a contact +73200 +81000 27 7 1000000000
a contact +73200 +81000 28 14 1000000000
a contact +73200 +81000 29 13 1000000000
a contact +73200 +81000 30 12 1000000000
a contact +73200 +81000 31 19 1000000000
a contact +73200 +81000 32 18 1000000000
a contact +73200 +81000 33 2 1000000000
a contact +73200 +81000 33 17 1000000000
a contact +73200 +81000 34 16 1000000000
a contact +73200 +81000 35 15 1000000000
a contact +73200 +81000 36 22 1000000000
a contact +73200 +81000 37 5 1000000000
a contact +73200 +81000 37 21 1000000000
a contact +73200 +81000 38 20 1000000000
a contact +55200 +81000 39 2 1000000000
a contact +78600 +81000 40 2 1000000000
a contact +55200 +81000 42 2 1000000000
a contact +78600 +81000 43 2 1000000000
a contact +75000 +81600 7 18 1000000000
a contact +75000 +81600 10 31 1000000000
a contact +75000 +81600 11 22 1000000000
a contact +75000 +81600 14 35 1000000000
a contact +75000 +81600 15 26 1000000000
a contact +75000 +81600 18 7 1000000000
a contact +75000 +81600 19 30 1000000000
a contact +75000 +81600 22 11 1000000000
a contact +75000 +81600 23 34 1000000000
a contact +75000 +81600 26 15 1000000000
a contact +75000 +81600 27 38 1000000000
a contact +75000 +81600 30 19 1000000000
a contact +75000 +81600 31 10 1000000000
a contact +75000 +81600 34 23 1000000000
a contact +75000 +81600 35 14 1000000000
a contact +61800 +81600 37 39 1000000000
a contact +78600 +81600 37 40 1000000000
a contact +61800 +81600 37 42 1000000000
a contact +78600 +81600 37 43 1000000000
a contact +75000 +81600 38 27 1000000000
a contact +61800 +81600 39 37 1000000000
a contact +78600 +81600 40 37 1000000000
a contact +61800 +81600 42 37 1000000000
a contact +78600 +81600 43 37 1000000000
a contact +25200 +82200 1 12 1000000000
a contact +25200 +82200 1 24 1000000000
a contact +73800 +82200 2 32 1000000000
a contact +25200 +82200 4 8 1000000000
a contact +25200 +82200 4 28 1000000000
a contact +73800 +82200 5 36 1000000000
a contact +74400 +82200 7 26 1000000000
a contact +75000 +82200 7 34 1000000000
a contact +25200 +82200 8 4 1000000000
a contact +74400 +82200 8 25 1000000000
a contact +74400 +82200 9 24 1000000000
a contact +74400 +82200 10 15 1000000000
a contact +74400 +82200 10 23 1000000000
a contact +74400 +82200 11 30 1000000000
a contact +75000 +82200 11 38 1000000000
a contact +25200 +82200 12 1 1000000000
a contact +74400 +82200 12 29 1000000000
a contact +74400 +82200 13 28 1000000000
a contact +74400 +82200 14 19 1000000000
a contact +74400 +82200 14 27 1000000000
a contact +74400 +82200 15 10 1000000000
a contact +74400 +82200 15 34 1000000000
a contact +74400 +82200 16 33 1000000000
a contact +74400 +82200 17 32 1000000000
a contact +61800 +82200 17 39 1000000000
a contact +78600 +82200 17 40 1000000000
a contact +61800 +82200 17 42 1000000000
a contact +78600 +82200 17 43 1000000000
a contact +74400 +82200 18 23 1000000000
a contact +74400 +82200 18 31 1000000000
a contact +74400 +82200 19 14 1000000000
a contact +74400 +82200 19 38 1000000000
a contact +74400 +82200 20 37 1000000000
a contact +74400 +82200 21 36 1000000000
a contact +74400 +82200 22 27 1000000000
a contact +74400 +82200 22 35 1000000000
a contact +74400 +82200 23 10 1000000000
a contact +74400 +82200 23 18 1000000000
a contact +25200 +82200 24 1 1000000000
a contact +74400 +82200 24 9 1000000000
a contact +74400 +82200 25 8 1000000000
a contact +74400 +82200 26 7 1000000000
a contact +74400 +82200 26 31 1000000000
a contact +74400 +82200 27 14 1000000000
a contact +74400 +82200 27 22 1000000000
a contact +25200 +82200 28 4 1000000000
a contact +74400 +82200 28 13 1000000000
a contact +74400 +82200 29 12 1000000000
a contact +74400 +82200 30 11 1000000000
a contact +74400 +82200 30 35 1000000000
a contact +74400 +82200 31 18 1000000000
a contact +74400 +82200 31 26 1000000000
a contact +73800 +82200 32 2 1000000000
a contact +74400 +82200 32 17 1000000000
a contact +74400 +82200 33 16 1000000000
a contact +75000 +82200 34 7 1000000000
a contact +74400 +82200 34 15 1000000000
a contact +74400 +82200 35 22 1000000000
a contact +74400 +82200 35 30 1000000000
a contact +73800 +82200 36 5 1000000000
a contact +74400 +82200 36 21 1000000000
a contact +74400 +82200 37 20 1000000000
a contact +75000 +82200 38 11 1000000000
a contact +74400 +82200 38 19 1000000000
a contact +61800 +82200 39 17 1000000000
a contact +78600 +82200 40 17 1000000000
a contact +61800 +82200 42 17 1000000000
a contact +78600 +82200 43 17 1000000000
a contact +73800 +82800 2 20 1000000000
a contact +73800 +82800 5 16 1000000000
a contact +76800 +82800 10 22 1000000000
a contact +76800 +82800 10 38 1000000000
a contact +76800 +82800 14 18 1000000000
a contact +76800 +82800 14 34 1000000000
a contact +73800 +82800 16 5 1000000000
a contact +76800 +82800 18 14 1000000000
a contact +76800 +82800 18 30 1000000000
a contact +73800 +82800 20 2 1000000000
a contact +76800 +82800 22 10 1000000000
a contact +76800 +82800 22 26 1000000000
a contact +76800 +82800 26 22 1000000000
a contact +76800 +82800 26 38 1000000000
a contact +76800 +82800 30 18 1000000000
a contact +76800 +82800 30 34 1000000000
a contact +76800 +82800 34 14 1000000000
a contact +76800 +82800 34 30 1000000000
a contact +76800 +82800 38 10 1000000000
a contact +76800 +82800 38 26 1000000000
a contact +76200 +83400 3 28 1000000000
a contact +76200 +83400 6 24 1000000000
a contact +76200 +83400 7 25 1000000000
a contact +76200 +83400 8 24 1000000000
a contact +76200 +83400 9 23 1000000000
a contact +76200 +83400 10 30 1000000000
a contact +76200 +83400 11 29 1000000000
a contact +76200 +83400 12 28 1000000000
a contact +76200 +83400 13 27 1000000000
a contact +76200 +83400 14 26 1000000000
a contact +76200 +83400 15 33 1000000000
a contact +76200 +83400 16 32 1000000000
a contact +76200 +83400 17 31 1000000000
a contact +75600 +83400 18 38 1000000000
a contact +76200 +83400 19 37 1000000000
a contact +76200 +83400 20 36 1000000000
a contact +76200 +83400 21 35 1000000000
a contact +75600 +83400 22 34 1000000000
a contact +76200 +83400 23 9 1000000000
a contact +76200 +83400 24 6 1000000000
a contact +76200 +83400 24 8 1000000000
a contact +76200 +83400 25 7 1000000000
a contact +76200 +83400 26 14 1000000000
a contact +76200 +83400 27 13 1000000000
a contact +76200 +83400 28 3 1000000000
a contact +76200 +83400 28 12 1000000000
a contact +76200 +83400 29 11 1000000000
a contact +76200 +83400 30 10 1000000000
a contact +76200 +83400 31 17 1000000000
a contact +76200 +83400 32 16 1000000000
a contact +76200 +83400 33 15 1000000000
a contact +75600 +83400 34 22 1000000000
a contact +76200 +83400 35 21 1000000000
a contact +76200 +83400 36 20 1000000000
a contact +76200 +83400 37 19 1000000000
a contact +75600 +83400 38 18 1000000000
a contact +76200 +84000 3 8 1000000000
a contact +76200 +84000 6 12 1000000000
a contact +76200 +84000 8 3 1000000000
a contact +76200 +84000 12 6 1000000000
a contact +77400 +84000 26 37 1000000000
a contact +77400 +84000 30 33 1000000000
a contact +77400 +84000 33 30 1000000000
a contact +77400 +84000 37 26 1000000000
a contact +27600 +84600 2 19 1000000000
a contact +27600 +84600 2 31 1000000000
a contact +27600 +84600 5 15 1000000000
a contact +27600 +84600 5 35 1000000000
a contact +77400 +84600 7 24 1000000000
a contact +77400 +84600 8 23 1000000000
a contact +77400 +84600 9 22 1000000000
a contact +77400 +84600 9 30 1000000000
a contact +77400 +84600 9 38 1000000000
a contact +77400 +84600 10 21 1000000000
a contact +77400 +84600 10 29 1000000000
a contact +77400 +84600 10 37 1000000000
a contact +77400 +84600 11 28 1000000000
a contact +77400 +84600 12 27 1000000000
a contact +77400 +84600 13 18 1000000000
a contact +77400 +84600 13 26 1000000000
a contact +77400 +84600 13 34 1000000000
a contact +77400 +84600 14 17 1000000000
a contact +77400 +84600 14 25 1000000000
a contact +77400 +84600 14 33 1000000000
a contact +27600 +84600 15 5 1000000000
a contact +77400 +84600 15 32 1000000000
a contact +77400 +84600 16 31 1000000000
a contact +64200 +84600 16 39 1000000000
a contact +78600 +84600 16 40 1000000000
a contact +64200 +84600 16 42 1000000000
a contact +78600 +84600 16 43 1000000000
a contact +77400 +84600 17 14 1000000000
a contact +77400 +84600 17 30 1000000000
a contact +77400 +84600 17 38 1000000000
a contact +77400 +84600 18 13 1000000000
a contact +77400 +84600 18 29 1000000000
a contact +77400 +84600 18 37 1000000000
a contact +27600 +84600 19 2 1000000000
a contact +77400 +84600 19 36 1000000000
a contact +77400 +84600 20 35 1000000000
a contact +77400 +84600 21 10 1000000000
a contact +77400 +84600 21 26 1000000000
a contact +77400 +84600 21 34 1000000000
a contact +77400 +84600 22 9 1000000000
a contact +77400 +84600 22 25 1000000000
a contact +77400 +84600 22 33 1000000000
a contact +77400 +84600 23 8 1000000000
a contact +77400 +84600 24 7 1000000000
a contact +77400 +84600 25 14 1000000000
a contact +77400 +84600 25 22 1000000000
a contact +77400 +84600 25 38 1000000000
a contact +77400 +84600 26 13 1000000000
a contact +77400 +84600 26 21 1000000000
a contact +77400 +84600 27 12 1000000000
a contact +77400 +84600 28 11 1000000000
a contact +77400 +84600 29 10 1000000000
a contact +77400 +84600 29 18 1000000000
a contact +77400 +84600 29 34 1000000000
a contact +77400 +84600 30 9 1000000000
a contact +77400 +84600 30 17 1000000000
a contact +27600 +84600 31 2 1000000000
a contact +77400 +84600 31 16 1000000000
a contact +77400 +84600 32 15 1000000000
a contact +77400 +84600 33 14 1000000000
a contact +77400 +84600 33 22 1000000000
a contact +77400 +84600 34 13 1000000000
a contact +77400 +84600 34 21 1000000000
a contact +77400 +84600 34 29 1000000000
a contact +27600 +84600 35 5 1000000000
a contact +77400 +84600 35 20 1000000000
a contact +77400 +84600 36 19 1000000000
a contact +64200 +84600 36 39 1000000000
a contact +78600 +84600 36 40 1000000000
a contact +64200 +84600 36 42 1000000000
a contact +78600 +84600 36 43 1000000000
a contact +77400 +84600 37 10 1000000000
a contact +77400 +84600 37 18 1000000000
a contact +77400 +84600 38 9 1000000000
a contact +77400 +84600 38 17 1000000000
a contact +77400 +84600 38 25 1000000000
a contact +64200 +84600 39 16 1000000000
a contact +64200 +84600 39 36 1000000000
a contact +78600 +84600 40 16 1000000000
a contact +78600 +84600 40 36 1000000000
a contact +64200 +84600 42 16 1000000000
a contact +64200 +84600 42 36 1000000000
a contact +78600 +84600 43 16 1000000000
a contact +78600 +84600 43 36 1000000000
a contact +75600 +85200 3 7 1000000000
a contact +76200 +85200 3 27 1000000000
a contact +75600 +85200 6 11 1000000000
a contact +76200 +85200 6 23 1000000000
a contact +75600 +85200 7 3 1000000000
a contact +79200 +85200 9 21 1000000000
a contact +79200 +85200 9 37 1000000000
a contact +75600 +85200 11 6 1000000000
a contact +79200 +85200 13 17 1000000000
a contact +79200 +85200 13 33 1000000000
a contact +79200 +85200 17 13 1000000000
a contact +79200 +85200 17 29 1000000000
a contact +79200 +85200 21 9 1000000000
a contact +79200 +85200 21 25 1000000000
a contact +76200 +85200 23 6 1000000000
a contact +79200 +85200 25 21 1000000000
a contact +79200 +85200 25 37 1000000000
a contact +76200 +85200 27 3 1000000000
a contact +79200 +85200 29 17 1000000000
a contact +79200 +85200 29 33 1000000000
a contact +79200 +85200 33 13 1000000000
a contact +79200 +85200 33 29 1000000000
a contact +79200 +85200 37 9 1000000000
a contact +79200 +85200 37 25 1000000000
a contact +60000 +85800 1 39 1000000000
a contact +78600 +85800 1 40 1000000000
a contact +60000 +85800 1 42 1000000000
a contact +78600 +85800 1 43 1000000000
a contact +78600 +85800 7 23 1000000000
a contact +78600 +85800 8 30 1000000000
a contact +78600 +85800 9 29 1000000000
a contact +78600 +85800 10 28 1000000000
a contact +78600 +85800 11 27 1000000000
a contact +78600 +85800 12 26 1000000000
a contact +78600 +85800 13 25 1000000000
a contact +78600 +85800 14 24 1000000000
a contact +78600 +85800 15 31 1000000000
a contact +78600 +85800 16 38 1000000000
a contact +78600 +85800 17 37 1000000000
a contact +78600 +85800 18 36 1000000000
a contact +78600 +85800 19 35 1000000000
a contact +78600 +85800 20 34 1000000000
a contact +78600 +85800 21 33 1000000000
a contact +78600 +85800 22 32 1000000000
a contact +78600 +85800 23 7 1000000000
a contact +78600 +85800 24 14 1000000000
a contact +78600 +85800 25 13 1000000000
a contact +78600 +85800 26 12 1000000000
a contact +78600 +85800 27 11 1000000000
a contact +78600 +85800 28 10 1000000000
a contact +78600 +85800 29 9 1000000000
a contact +78600 +85800 30 8 1000000000
a contact +78600 +85800 31 15 1000000000
a contact +78600 +85800 32 22 1000000000
a contact +78600 +85800 33 21 1000000000
a contact +78600 +85800 34 20 1000000000
a contact +78600 +85800 35 19 1000000000
a contact +78600 +85800 36 18 1000000000
a contact +78600 +85800 37 17 1000000000
a contact +78600 +85800 38 16 1000000000
a contact +60000 +85800 39 1 1000000000
a contact +78600 +85800 40 1 1000000000
a contact +60000 +85800 42 1 1000000000
a contact +78600 +85800 43 1 1000000000
a contact +0 +86400 1 2 1000000000
a contact +0 +86400 1 3 1000000000
a contact +0 +86400 1 5 1000000000
a contact +0 +86400 1 6 1000000000
a contact +69000 +86400 1 7 1000000000
a contact +66600 +86400 1 8 1000000000
a contact +54000 +86400 1 9 1000000000
a contact +50400 +86400 1 10 1000000000
a contact +38400 +86400 1 11 1000000000
a contact +85800 +86400 1 12 1000000000
a contact +84600 +86400 1 13 1000000000
a contact +82200 +86400 1 14 1000000000
a contact +58800 +86400 1 15 1000000000
a contact +45600 +86400 1 16 1000000000
a contact +32400 +86400 1 17 1000000000
a contact +30000 +86400 1 18 1000000000
a contact +78600 +86400 1 19 1000000000
a contact +76800 +86400 1 20 1000000000
a contact +74400 +86400 1 21 1000000000
a contact +61200 +86400 1 22 1000000000
a contact +37800 +86400 1 23 1000000000
a contact +85800 +86400 1 24 1000000000
a contact +84600 +86400 1 25 1000000000
a contact +82200 +86400 1 26 1000000000
a contact +69000 +86400 1 27 1000000000
a contact +66600 +86400 1 28 1000000000
a contact +53400 +86400 1 29 1000000000
a contact +40200 +86400 1 30 1000000000
a contact +78600 +86400 1 31 1000000000
a contact +76800 +86400 1 32 1000000000
a contact +74400 +86400 1 33 1000000000
a contact +61200 +86400 1 34 1000000000
a contact +58200 +86400 1 35 1000000000
a contact +45600 +86400 1 36 1000000000
a contact +32400 +86400 1 37 1000000000
a contact +78600 +86400 1 38 1000000000
a contact +0 +86400 2 1 1000000000
a contact +0 +86400 2 3 1000000000
a contact +0 +86400 2 4 1000000000
a contact +0 +86400 2 6 1000000000
a contact +79800 +86400 2 7 1000000000
a contact +77400 +86400 2 8 1000000000
a contact +64200 +86400 2 9 1000000000
a contact +61200 +86400 2 10 1000000000
a contact +48600 +86400 2 11 1000000000
a contact +35400 +86400 2 12 1000000000
a contact +33000 +86400 2 13 1000000000
a contact +81000 +86400 2 14 1000000000
a contact +69000 +86400 2 15 1000000000
a contact +56400 +86400 2 16 1000000000
a contact +53400 +86400 2 17 1000000000
a contact +40800 +86400 2 18 1000000000
a contact +85200 +86400 2 21 1000000000
a contact +72000 +86400 2 22 1000000000
a contact +48600 +86400 2 23 1000000000
a contact +35400 +86400 2 24 1000000000
a contact +33000 +86400 2 25 1000000000
a contact +81000 +86400 2 26 1000000000
a contact +79200 +86400 2 27 1000000000
a contact +76800 +86400 2 28 1000000000
a contact +64200 +86400 2 29 1000000000
a contact +61200 +86400 2 30 1000000000
a contact +84600 +86400 2 33 1000000000
a contact +71400 +86400 2 34 1000000000
a contact +69000 +86400 2 35 1000000000
a contact +56400 +86400 2 36 1000000000
a contact +52800 +86400 2 37 1000000000
a contact +40800 +86400 2 38 1000000000
a contact +84600 +86400 2 39 1000000000
a contact +84600 +86400 2 40 1000000000
a contact +84600 +86400 2 42 1000000000
a contact +84600 +86400 2 43 1000000000
a contact +0 +86400 3 1 1000000000
a contact +0 +86400 3 2 1000000000
a contact +0 +86400 3 4 1000000000
a contact +0 +86400 3 5 1000000000
a contact +74400 +86400 3 9 1000000000
a contact +72000 +86400 3 10 1000000000
a contact +58800 +86400 3 11 1000000000
a contact +55800 +86400 3 12 1000000000
a contact +43200 +86400 3 13 1000000000
a contact +30000 +86400 3 14 1000000000
a contact +79800 +86400 3 15 1000000000
a contact +66600 +86400 3 16 1000000000
a contact +64200 +86400 3 17 1000000000
a contact +51000 +86400 3 18 1000000000
a contact +37800 +86400 3 19 1000000000
a contact +35400 +86400 3 20 1000000000
a contact +83400 +86400 3 21 1000000000
a contact +82200 +86400 3 22 1000000000
a contact +58800 +86400 3 23 1000000000
a contact +55800 +86400 3 24 1000000000
a contact +43200 +86400 3 25 1000000000
a contact +30000 +86400 3 26 1000000000
a contact +74400 +86400 3 29 1000000000
a contact +72000 +86400 3 30 1000000000
a contact +37800 +86400 3 31 1000000000
a contact +35400 +86400 3 32 1000000000
a contact +83400 +86400 3 33 1000000000
a contact +82200 +86400 3 34 1000000000
a contact +79800 +86400 3 35 1000000000
a contact +66600 +86400 3 36 1000000000
a contact +63600 +86400 3 37 1000000000
a contact +51000 +86400 3 38 1000000000
a contact +79200 +86400 3 39 1000000000
a contact +79200 +86400 3 40 1000000000
a contact +79200 +86400 3 42 1000000000
a contact +79200 +86400 3 43 1000000000
a contact +0 +86400 4 2 1000000000
a contact +0 +86400 4 3 1000000000
a contact +0 +86400 4 5 1000000000
a contact +0 +86400 4 6 1000000000
a contact +38400 +86400 4 7 1000000000
a contact +85800 +86400 4 8 1000000000
a contact +84600 +86400 4 9 1000000000
a contact +82200 +86400 4 10 1000000000
a contact +69000 +86400 4 11 1000000000
a contact +66600 +86400 4 12 1000000000
a contact +54000 +86400 4 13 1000000000
a contact +50400 +86400 4 14 1000000000
a contact +78600 +86400 4 15 1000000000
a contact +76800 +86400 4 16 1000000000
a contact +74400 +86400 4 17 1000000000
a contact +61200 +86400 4 18 1000000000
a contact +58800 +86400 4 19 1000000000
a contact +45600 +86400 4 20 1000000000
a contact +32400 +86400 4 21 1000000000
a contact +30000 +86400 4 22 1000000000
a contact +69000 +86400 4 23 1000000000
a contact +66600 +86400 4 24 1000000000
a contact +53400 +86400 4 25 1000000000
a contact +40200 +86400 4 26 1000000000
a contact +37800 +86400 4 27 1000000000
a contact +85800 +86400 4 28 1000000000
a contact +84600 +86400 4 29 1000000000
a contact +82200 +86400 4 30 1000000000
a contact +58200 +86400 4 31 1000000000
a contact +45600 +86400 4 32 1000000000
a contact +32400 +86400 4 33 1000000000
a contact +78600 +86400 4 34 1000000000
a contact +78600 +86400 4 35 1000000000
a contact +76800 +86400 4 36 1000000000
a contact +74400 +86400 4 37 1000000000
a contact +61200 +86400 4 38 1000000000
a contact +74400 +86400 4 39 1000000000
a contact +78600 +86400 4 40 1000000000
a contact +74400 +86400 4 42 1000000000
a contact +78600 +86400 4 43 1000000000
a contact +0 +86400 5 1 1000000000
a contact +0 +86400 5 3 1000000000
a contact +0 +86400 5 4 1000000000
a contact +0 +86400 5 6 1000000000
a contact +48600 +86400 5 7 1000000000
a contact +35400 +86400 5 8 1000000000
a contact +33000 +86400 5 9 1000000000
a contact +81000 +86400 5 10 1000000000
a contact +79800 +86400 5 11 1000000000
a contact +77400 +86400 5 12 1000000000
a contact +64200 +86400 5 13 1000000000
a contact +61200 +86400 5 14 1000000000
a contact +85200 +86400 5 17 1000000000
a contact +72000 +86400 5 18 1000000000
a contact +69000 +86400 5 19 1000000000
a contact +56400 +86400 5 20 1000000000
a contact +53400 +86400 5 21 1000000000
a contact +40800 +86400 5 22 1000000000
a contact +79200 +86400 5 23 1000000000
a contact +76800 +86400 5 24 1000000000
a contact +64200 +86400 5 25 1000000000
a contact +61200 +86400 5 26 1000000000
a contact +48600 +86400 5 27 1000000000
a contact +35400 +86400 5 28 1000000000
a contact +33000 +86400 5 29 1000000000
a contact +81000 +86400 5 30 1000000000
a contact +69000 +86400 5 31 1000000000
a contact +56400 +86400 5 32 1000000000
a contact +52800 +86400 5 33 1000000000
a contact +40800 +86400 5 34 1000000000
a contact +84600 +86400 5 37 1000000000
a contact +71400 +86400 5 38 1000000000
a contact +69600 +86400 5 39 1000000000
a contact +78600 +86400 5 40 1000000000
a contact +69600 +86400 5 42 1000000000
a contact +78600 +86400 5 43 1000000000
a contact +0 +86400 6 1 1000000000
a contact +0 +86400 6 2 1000000000
a contact +0 +86400 6 4 1000000000
a contact +0 +86400 6 5 1000000000
a contact +58800 +86400 6 7 1000000000
a contact +55800 +86400 6 8 1000000000
a contact +43200 +86400 6 9 1000000000
a contact +30000 +86400 6 10 1000000000
a contact +74400 +86400 6 13 1000000000
a contact +72000 +86400 6 14 1000000000
a contact +37800 +86400 6 15 1000000000
a contact +35400 +86400 6 16 1000000000
a contact +83400 +86400 6 17 1000000000
a contact +82200 +86400 6 18 1000000000
a contact +79800 +86400 6 19 1000000000
a contact +66600 +86400 6 20 1000000000
a contact +64200 +86400 6 21 1000000000
a contact +51000 +86400 6 22 1000000000
a contact +74400 +86400 6 25 1000000000
a contact +72000 +86400 6 26 1000000000
a contact +58800 +86400 6 27 1000000000
a contact +55800 +86400 6 28 1000000000
a contact +43200 +86400 6 29 1000000000
a contact +30000 +86400 6 30 1000000000
a contact +79800 +86400 6 31 1000000000
a contact +66600 +86400 6 32 1000000000
a contact +63600 +86400 6 33 1000000000
a contact +51000 +86400 6 34 1000000000
a contact +37800 +86400 6 35 1000000000
a contact +35400 +86400 6 36 1000000000
a contact +83400 +86400 6 37 1000000000
a contact +82200 +86400 6 38 1000000000
a contact +64800 +86400 6 39 1000000000
a contact +78600 +86400 6 40 1000000000
a contact +64800 +86400 6 42 1000000000
a contact +78600 +86400 6 43 1000000000
a contact +69000 +86400 7 1 1000000000
a contact +79800 +86400 7 2 1000000000
a contact +38400 +86400 7 4 1000000000
a contact +48600 +86400 7 5 1000000000
a contact +58800 +86400 7 6 1000000000
a contact +0 +86400 7 8 1000000000
a contact +0 +86400 7 9 1000000000
a contact +0 +86400 7 13 1000000000
a contact +0 +86400 7 14 1000000000
a contact +0 +86400 7 15 1000000000
a contact +0 +86400 7 16 1000000000
a contact +0 +86400 7 17 1000000000
a contact +85200 +86400 7 18 1000000000
a contact +84600 +86400 7 19 1000000000
a contact +82200 +86400 7 20 1000000000
a contact +0 +86400 7 21 1000000000
a contact +0 +86400 7 22 1000000000
a contact +85200 +86400 7 26 1000000000
a contact +84000 +86400 7 27 1000000000
a contact +82200 +86400 7 28 1000000000
a contact +81000 +86400 7 29 1000000000
a contact +79800 +86400 7 30 1000000000
a contact +0 +86400 7 31 1000000000
a contact +0 +86400 7 32 1000000000
a contact +0 +86400 7 33 1000000000
a contact +85200 +86400 7 34 1000000000
a contact +84600 +86400 7 35 1000000000
a contact +82800 +86400 7 36 1000000000
a contact +0 +86400 7 37 1000000000
a contact +0 +86400 7 38 1000000000
a contact +52200 +86400 7 39 1000000000
a contact +78600 +86400 7 40 1000000000
a contact +52200 +86400 7 42 1000000000
a contact +78600 +86400 7 43 1000000000
a contact +66600 +86400 8 1 1000000000
a contact +77400 +86400 8 2 1000000000
a contact +85800 +86400 8 4 1000000000
a contact +35400 +86400 8 5 1000000000
a contact +55800 +86400 8 6 1000000000
a contact +0 +86400 8 7 1000000000
a contact +0 +86400 8 9 1000000000
a contact +0 +86400 8 10 1000000000
a contact +0 +86400 8 14 1000000000
a contact +0 +86400 8 15 1000000000
a contact +0 +86400 8 16 1000000000
a contact +0 +86400 8 17 1000000000
a contact +0 +86400 8 18 1000000000
a contact +82800 +86400 8 19 1000000000
a contact +81600 +86400 8 20 1000000000
a contact +79800 +86400 8 21 1000000000
a contact +0 +86400 8 22 1000000000
a contact +85200 +86400 8 25 1000000000
a contact +84000 +86400 8 26 1000000000
a contact +82200 +86400 8 27 1000000000
a contact +81000 +86400 8 28 1000000000
a contact +79800 +86400 8 29 1000000000
a contact +0 +86400 8 31 1000000000
a contact +0 +86400 8 32 1000000000
a contact +0 +86400 8 33 1000000000
a contact +0 +86400 8 34 1000000000
a contact +82800 +86400 8 35 1000000000
a contact +81600 +86400 8 36 1000000000
a contact +79800 +86400 8 37 1000000000
a contact +0 +86400 8 38 1000000000
a contact +52200 +86400 8 39 1000000000
a contact +78600 +86400 8 40 1000000000
a contact +52200 +86400 8 42 1000000000
a contact +78600 +86400 8 43 1000000000
a contact +54000 +86400 9 1 1000000000
a contact +64200 +86400 9 2 1000000000
a contact +74400 +86400 9 3 1000000000
a contact +84600 +86400 9 4 1000000000
a contact +33000 +86400 9 5 1000000000
a contact +43200 +86400 9 6 1000000000
a contact +0 +86400 9 7 1000000000
a contact +0 +86400 9 8 1000000000
a contact +0 +86400 9 10 1000000000
a contact +0 +86400 9 11 1000000000
a contact +0 +86400 9 15 1000000000
a contact +0 +86400 9 16 1000000000
a contact +0 +86400 9 17 1000000000
a contact +0 +86400 9 18 1000000000
a contact +0 +86400 9 19 1000000000
a contact +80400 +86400 9 20 1000000000
a contact +85200 +86400 9 24 1000000000
a contact +84000 +86400 9 25 1000000000
a contact +82200 +86400 9 26 1000000000
a contact +81000 +86400 9 27 1000000000
a contact +79800 +86400 9 28 1000000000
a contact +0 +86400 9 31 1000000000
a contact +0 +86400 9 32 1000000000
a contact +0 +86400 9 33 1000000000
a contact +0 +86400 9 34 1000000000
a contact +0 +86400 9 35 1000000000
a contact +79800 +86400 9 36 1000000000
a contact +52200 +86400 9 39 1000000000
a contact +78600 +86400 9 40 1000000000
a contact +52200 +86400 9 42 1000000000
a contact +78600 +86400 9 43 1000000000
a contact +50400 +86400 10 1 1000000000
a contact +61200 +86400 10 2 1000000000
a contact +72000 +86400 10 3 1000000000
a contact +82200 +86400 10 4 1000000000
a contact +81000 +86400 10 5 1000000000
a contact +30000 +86400 10 6 1000000000
a contact +0 +86400 10 8 1000000000
a contact +0 +86400 10 9 1000000000
a contact +0 +86400 10 11 1000000000
a contact +0 +86400 10 12 1000000000
a contact +85200 +86400 10 15 1000000000
a contact +0 +86400 10 16 1000000000
a contact +0 +86400 10 17 1000000000
a contact +0 +86400 10 18 1000000000
a contact +0 +86400 10 19 1000000000
a contact +0 +86400 10 20 1000000000
a contact +85200 +86400 10 23 1000000000
a contact +84000 +86400 10 24 1000000000
a contact +82200 +86400 10 25 1000000000
a contact +81000 +86400 10 26 1000000000
a contact +79800 +86400 10 27 1000000000
a contact +85200 +86400 10 31 1000000000
a contact +0 +86400 10 32 1000000000
a contact +0 +86400 10 33 1000000000
a contact +0 +86400 10 34 1000000000
a contact +0 +86400 10 35 1000000000
a contact +0 +86400 10 36 1000000000
a contact +52200 +86400 10 39 1000000000
a contact +78600 +86400 10 40 1000000000
a contact +52200 +86400 10 42 1000000000
a contact +78600 +86400 10 43 1000000000
a contact +38400 +86400 11 1 1000000000
a contact +48600 +86400 11 2 1000000000
a contact +58800 +86400 11 3 1000000000
a contact +69000 +86400 11 4 1000000000
a contact +79800 +86400 11 5 1000000000
a contact +0 +86400 11 9 1000000000
a contact +0 +86400 11 10 1000000000
a contact +0 +86400 11 12 1000000000
a contact +0 +86400 11 13 1000000000
a contact +84600 +86400 11 15 1000000000
a contact +82200 +86400 11 16 1000000000
a contact +0 +86400 11 17 1000000000
a contact +0 +86400 11 18 1000000000
a contact +0 +86400 11 19 1000000000
a contact +0 +86400 11 20 1000000000
a contact +0 +86400 11 21 1000000000
a contact +85200 +86400 11 22 1000000000
a contact +84000 +86400 11 23 1000000000
a contact +82200 +86400 11 24 1000000000
a contact +81000 +86400 11 25 1000000000
a contact +79800 +86400 11 26 1000000000
a contact +85200 +86400 11 30 1000000000
a contact +84600 +86400 11 31 1000000000
a contact +82800 +86400 11 32 1000000000
a contact +0 +86400 11 33 1000000000
a contact +0 +86400 11 34 1000000000
a contact +0 +86400 11 35 1000000000
a contact +0 +86400 11 36 1000000000
a contact +0 +86400 11 37 1000000000
a contact +85200 +86400 11 38 1000000000
a contact +52200 +86400 11 39 1000000000
a contact +78600 +86400 11 40 1000000000
a contact +52200 +86400 11 42 1000000000
a contact +78600 +86400 11 43 1000000000
a contact +85800 +86400 12 1 1000000000
a contact +35400 +86400 12 2 1000000000
a contact +55800 +86400 12 3 1000000000
a contact +66600 +86400 12 4 1000000000
a contact +77400 +86400 12 5 1000000000
a contact +0 +86400 12 10 1000000000
a contact +0 +86400 12 11 1000000000
a contact +0 +86400 12 13 1000000000
a contact +0 +86400 12 14 1000000000
a contact +82800 +86400 12 15 1000000000
a contact +81600 +86400 12 16 1000000000
a contact +79800 +86400 12 17 1000000000
a contact +0 +86400 12 18 1000000000
a contact +0 +86400 12 19 1000000000
a contact +0 +86400 12 20 1000000000
a contact +0 +86400 12 21 1000000000
a contact +0 +86400 12 22 1000000000
a contact +82200 +86400 12 23 1000000000
a contact +81000 +86400 12 24 1000000000
a contact +79800 +86400 12 25 1000000000
a contact +85200 +86400 12 29 1000000000
a contact +84000 +86400 12 30 1000000000
a contact +82800 +86400 12 31 1000000000
a contact +81600 +86400 12 32 1000000000
a contact +79800 +86400 12 33 1000000000
a contact +0 +86400 12 34 1000000000
a contact +0 +86400 12 35 1000000000
a contact +0 +86400 12 36 1000000000
a contact +0 +86400 12 37 1000000000
a contact +0 +86400 12 38 1000000000
a contact +52200 +86400 12 39 1000000000
a contact +78600 +86400 12 40 1000000000
a contact +52200 +86400 12 42 1000000000
a contact +78600 +86400 12 43 1000000000
a contact +84600 +86400 13 1 1000000000
a contact +33000 +86400 13 2 1000000000
a contact +43200 +86400 13 3 1000000000
a contact +54000 +86400 13 4 1000000000
a contact +64200 +86400 13 5 1000000000
a contact +74400 +86400 13 6 1000000000
a contact +0 +86400 13 7 1000000000
a contact +0 +86400 13 11 1000000000
a contact +0 +86400 13 12 1000000000
a contact +0 +86400 13 14 1000000000
a contact +0 +86400 13 15 1000000000
a contact +80400 +86400 13 16 1000000000
a contact +0 +86400 13 19 1000000000
a contact +0 +86400 13 20 1000000000
a contact +0 +86400 13 21 1000000000
a contact +0 +86400 13 22 1000000000
a contact +81000 +86400 13 23 1000000000
a contact +79800 +86400 13 24 1000000000
a contact +85200 +86400 13 28 1000000000
a contact +84000 +86400 13 29 1000000000
a contact +82200 +86400 13 30 1000000000
a contact +0 +86400 13 31 1000000000
a contact +79800 +86400 13 32 1000000000
a contact +0 +86400 13 35 1000000000
a contact +0 +86400 13 36 1000000000
a contact +0 +86400 13 37 1000000000
a contact +0 +86400 13 38 1000000000
a contact +52200 +86400 13 39 1000000000
a contact +78600 +86400 13 40 1000000000
a contact +52200 +86400 13 42 1000000000
a contact +78600 +86400 13 43 1000000000
a contact +82200 +86400 14 1 1000000000
a contact +81000 +86400 14 2 1000000000
a contact +30000 +86400 14 3 1000000000
a contact +50400 +86400 14 4 1000000000
a contact +61200 +86400 14 5 1000000000
a contact +72000 +86400 14 6 1000000000
a contact +0 +86400 14 7 1000000000
a contact +0 +86400 14 8 1000000000
a contact +0 +86400 14 12 1000000000
a contact +0 +86400 14 13 1000000000
a contact +0 +86400 14 15 1000000000
a contact +0 +86400 14 16 1000000000
a contact +85200 +86400 14 19 1000000000
a contact +0 +86400 14 20 1000000000
a contact +0 +86400 14 21 1000000000
a contact +0 +86400 14 22 1000000000
a contact +79800 +86400 14 23 1000000000
a contact +85200 +86400 14 27 1000000000
a contact +84000 +86400 14 28 1000000000
a contact +82200 +86400 14 29 1000000000
a contact +81000 +86400 14 30 1000000000
a contact +0 +86400 14 31 1000000000
a contact +0 +86400 14 32 1000000000
a contact +85200 +86400 14 35 1000000000
a contact +0 +86400 14 36 1000000000
a contact +0 +86400 14 37 1000000000
a contact +0 +86400 14 38 1000000000
a contact +52200 +86400 14 39 1000000000
a contact +78600 +86400 14 40 1000000000
a contact +52200 +86400 14 42 1000000000
a contact +78600 +86400 14 43 1000000000
a contact +58800 +86400 15 1 1000000000
a contact +69000 +86400 15 2 1000000000
a contact +79800 +86400 15 3 1000000000
a contact +78600 +86400 15 4 1000000000
a contact +37800 +86400 15 6 1000000000
a contact +0 +86400 15 7 1000000000
a contact +0 +86400 15 8 1000000000
a contact +0 +86400 15 9 1000000000
a contact +85200 +86400 15 10 1000000000
a contact +84600 +86400 15 11 1000000000
a contact +82800 +86400 15 12 1000000000
a contact +0 +86400 15 13 1000000000
a contact +0 +86400 15 14 1000000000
a contact +0 +86400 15 16 1000000000
a contact +0 +86400 15 17 1000000000
a contact +0 +86400 15 21 1000000000
a contact +0 +86400 15 22 1000000000
a contact +0 +86400 15 23 1000000000
a contact +0 +86400 15 24 1000000000
a contact +0 +86400 15 25 1000000000
a contact +85200 +86400 15 26 1000000000
a contact +84600 +86400 15 27 1000000000
a contact +82200 +86400 15 28 1000000000
a contact +0 +86400 15 29 1000000000
a contact +0 +86400 15 30 1000000000
a contact +85200 +86400 15 34 1000000000
a contact +84000 +86400 15 35 1000000000
a contact +82200 +86400 15 36 1000000000
a contact +81000 +86400 15 37 1000000000
a contact +79800 +86400 15 38 1000000000
a contact +52200 +86400 15 39 1000000000
a contact +78600 +86400 15 40 1000000000
a contact +52200 +86400 15 42 1000000000
a contact +78600 +86400 15 43 1000000000
a contact +45600 +86400 16 1 1000000000
a contact +56400 +86400 16 2 1000000000
a contact +66600 +86400 16 3 1000000000
a contact +76800 +86400 16 4 1000000000
a contact +35400 +86400 16 6 1000000000
a contact +0 +86400 16 7 1000000000
a contact +0 +86400 16 8 1000000000
a contact +0 +86400 16 9 1000000000
a contact +0 +86400 16 10 1000000000
a contact +82200 +86400 16 11 1000000000
a contact +81600 +86400 16 12 1000000000
a contact +80400 +86400 16 13 1000000000
a contact +0 +86400 16 14 1000000000
a contact +0 +86400 16 15 1000000000
a contact +0 +86400 16 17 1000000000
a contact +0 +86400 16 18 1000000000
a contact +0 +86400 16 22 1000000000
a contact +0 +86400 16 23 1000000000
a contact +0 +86400 16 24 1000000000
a contact +0 +86400 16 25 1000000000
a contact +0 +86400 16 26 1000000000
a contact +82800 +86400 16 27 1000000000
a contact +81600 +86400 16 28 1000000000
a contact +79800 +86400 16 29 1000000000
a contact +0 +86400 16 30 1000000000
a contact +85200 +86400 16 33 1000000000
a contact +84000 +86400 16 34 1000000000
a contact +82200 +86400 16 35 1000000000
a contact +81000 +86400 16 36 1000000000
a contact +79800 +86400 16 37 1000000000
a contact +85200 +86400 16 39 1000000000
a contact +85200 +86400 16 40 1000000000
a contact +85200 +86400 16 42 1000000000
a contact +85200 +86400 16 43 1000000000
a contact +32400 +86400 17 1 1000000000
a contact +53400 +86400 17 2 1000000000
a contact +64200 +86400 17 3 1000000000
a contact +74400 +86400 17 4 1000000000
a contact +85200 +86400 17 5 1000000000
a contact +83400 +86400 17 6 1000000000
a contact +0 +86400 17 7 1000000000
a contact +0 +86400 17 8 1000000000
a contact +0 +86400 17 9 1000000000
a contact +0 +86400 17 10 1000000000
a contact +0 +86400 17 11 1000000000
a contact +79800 +86400 17 12 1000000000
a contact +0 +86400 17 15 1000000000
a contact +0 +86400 17 16 1000000000
a contact +0 +86400 17 18 1000000000
a contact +0 +86400 17 19 1000000000
a contact +0 +86400 17 23 1000000000
a contact +0 +86400 17 24 1000000000
a contact +0 +86400 17 25 1000000000
a contact +0 +86400 17 26 1000000000
a contact +0 +86400 17 27 1000000000
a contact +80400 +86400 17 28 1000000000
a contact +85200 +86400 17 32 1000000000
a contact +84000 +86400 17 33 1000000000
a contact +82200 +86400 17 34 1000000000
a contact +81000 +86400 17 35 1000000000
a contact +79800 +86400 17 36 1000000000
a contact +82800 +86400 17 39 1000000000
a contact +82800 +86400 17 40 1000000000
a contact +82800 +86400 17 42 1000000000
a contact +82800 +86400 17 43 1000000000
a contact +30000 +86400 18 1 1000000000
a contact +40800 +86400 18 2 1000000000
a contact +51000 +86400 18 3 1000000000
a contact +61200 +86400 18 4 1000000000
a contact +72000 +86400 18 5 1000000000
a contact +82200 +86400 18 6 1000000000
a contact +85200 +86400 18 7 1000000000
a contact +0 +86400 18 8 1000000000
a contact +0 +86400 18 9 1000000000
a contact +0 +86400 18 10 1000000000
a contact +0 +86400 18 11 1000000000
a contact +0 +86400 18 12 1000000000
a contact +0 +86400 18 16 1000000000
a contact +0 +86400 18 17 1000000000
a contact +0 +86400 18 19 1000000000
a contact +0 +86400 18 20 1000000000
a contact +85200 +86400 18 23 1000000000
a contact +0 +86400 18 24 1000000000
a contact +0 +86400 18 25 1000000000
a contact +0 +86400 18 26 1000000000
a contact +0 +86400 18 27 1000000000
a contact +0 +86400 18 28 1000000000
a contact +85200 +86400 18 31 1000000000
a contact +84000 +86400 18 32 1000000000
a contact +82200 +86400 18 33 1000000000
a contact +81000 +86400 18 34 1000000000
a contact +79800 +86400 18 35 1000000000
a contact +79800 +86400 18 39 1000000000
a contact +79800 +86400 18 40 1000000000
a contact +79800 +86400 18 42 1000000000
a contact +79800 +86400 18 43 1000000000
a contact +78600 +86400 19 1 1000000000
a contact +37800 +86400 19 3 1000000000
a contact +58800 +86400 19 4 1000000000
a contact +69000 +86400 19 5 1000000000
a contact +79800 +86400 19 6 1000000000
a contact +84600 +86400 19 7 1000000000
a contact +82800 +86400 19 8 1000000000
a contact +0 +86400 19 9 1000000000
a contact +0 +86400 19 10 1000000000
a contact +0 +86400 19 11 1000000000
a contact +0 +86400 19 12 1000000000
a contact +0 +86400 19 13 1000000000
a contact +85200 +86400 19 14 1000000000
a contact +0 +86400 19 17 1000000000
a contact +0 +86400 19 18 1000000000
a contact +0 +86400 19 20 1000000000
a contact +0 +86400 19 21 1000000000
a contact +84600 +86400 19 23 1000000000
a contact +82200 +86400 19 24 1000000000
a contact +0 +86400 19 25 1000000000
a contact +0 +86400 19 26 1000000000
a contact +0 +86400 19 27 1000000000
a contact +0 +86400 19 28 1000000000
a contact +0 +86400 19 29 1000000000
a contact +85200 +86400 19 30 1000000000
a contact +84000 +86400 19 31 1000000000
a contact +82200 +86400 19 32 1000000000
a contact +81000 +86400 19 33 1000000000
a contact +79800 +86400 19 34 1000000000
a contact +85200 +86400 19 38 1000000000
a contact +77400 +86400 19 39 1000000000
a contact +78600 +86400 19 40 1000000000
a contact +77400 +86400 19 42 1000000000
a contact +78600 +86400 19 43 1000000000
a contact +76800 +86400 20 1 1000000000
a contact +35400 +86400 20 3 1000000000
a contact +45600 +86400 20 4 1000000000
a contact +56400 +86400 20 5 1000000000
a contact +66600 +86400 20 6 1000000000
a contact +82200 +86400 20 7 1000000000
a contact +81600 +86400 20 8 1000000000
a contact +80400 +86400 20 9 1000000000
a contact +0 +86400 20 10 1000000000
a contact +0 +86400 20 11 1000000000
a contact +0 +86400 20 12 1000000000
a contact +0 +86400 20 13 1000000000
a contact +0 +86400 20 14 1000000000
a contact +0 +86400 20 18 1000000000
a contact +0 +86400 20 19 1000000000
a contact +0 +86400 20 21 1000000000
a contact +0 +86400 20 22 1000000000
a contact +82800 +86400 20 23 1000000000
a contact +81600 +86400 20 24 1000000000
a contact +79800 +86400 20 25 1000000000
a contact +0 +86400 20 26 1000000000
a contact +0 +86400 20 27 1000000000
a contact +0 +86400 20 28 1000000000
a contact +0 +86400 20 29 1000000000
a contact +0 +86400 20 30 1000000000
a contact +82200 +86400 20 31 1000000000
a contact +81000 +86400 20 32 1000000000
a contact +79800 +86400 20 33 1000000000
a contact +85200 +86400 20 37 1000000000
a contact +84000 +86400 20 38 1000000000
a contact +75000 +86400 20 39 1000000000
a contact +78600 +86400 20 40 1000000000
a contact +75000 +86400 20 42 1000000000
a contact +78600 +86400 20 43 1000000000
a contact +74400 +86400 21 1 1000000000
a contact +85200 +86400 21 2 1000000000
a contact +83400 +86400 21 3 1000000000
a contact +32400 +86400 21 4 1000000000
a contact +53400 +86400 21 5 1000000000
a contact +64200 +86400 21 6 1000000000
a contact +0 +86400 21 7 1000000000
a contact +79800 +86400 21 8 1000000000
a contact +0 +86400 21 11 1000000000
a contact +0 +86400 21 12 1000000000
a contact +0 +86400 21 13 1000000000
a contact +0 +86400 21 14 1000000000
a contact +0 +86400 21 15 1000000000
a contact +0 +86400 21 19 1000000000
a contact +0 +86400 21 20 1000000000
a contact +0 +86400 21 22 1000000000
a contact +0 +86400 21 23 1000000000
a contact +80400 +86400 21 24 1000000000
a contact +0 +86400 21 27 1000000000
a contact +0 +86400 21 28 1000000000
a contact +0 +86400 21 29 1000000000
a contact +0 +86400 21 30 1000000000
a contact +81000 +86400 21 31 1000000000
a contact +79800 +86400 21 32 1000000000
a contact +85200 +86400 21 36 1000000000
a contact +84000 +86400 21 37 1000000000
a contact +82200 +86400 21 38 1000000000
a contact +72000 +86400 21 39 1000000000
a contact +78600 +86400 21 40 1000000000
a contact +72000 +86400 21 42 1000000000
a contact +78600 +86400 21 43 1000000000
a contact +61200 +86400 22 1 1000000000
a contact +72000 +86400 22 2 1000000000
a contact +82200 +86400 22 3 1000000000
a contact +30000 +86400 22 4 1000000000
a contact +40800 +86400 22 5 1000000000
a contact +51000 +86400 22 6 1000000000
a contact +0 +86400 22 7 1000000000
a contact +0 +86400 22 8 1000000000
a contact +85200 +86400 22 11 1000000000
a contact +0 +86400 22 12 1000000000
a contact +0 +86400 22 13 1000000000
a contact +0 +86400 22 14 1000000000
a contact +0 +86400 22 15 1000000000
a contact +0 +86400 22 16 1000000000
a contact +0 +86400 22 20 1000000000
a contact +0 +86400 22 21 1000000000
a contact +0 +86400 22 23 1000000000
a contact +0 +86400 22 24 1000000000
a contact +85200 +86400 22 27 1000000000
a contact +0 +86400 22 28 1000000000
a contact +0 +86400 22 29 1000000000
a contact +0 +86400 22 30 1000000000
a contact +79800 +86400 22 31 1000000000
a contact +85200 +86400 22 35 1000000000
a contact +84000 +86400 22 36 1000000000
a contact +82200 +86400 22 37 1000000000
a contact +81000 +86400 22 38 1000000000
a contact +69600 +86400 22 39 1000000000
a contact +78600 +86400 22 40 1000000000
a contact +69600 +86400 22 42 1000000000
a contact +78600 +86400 22 43 1000000000
a contact +37800 +86400 23 1 1000000000
a contact +48600 +86400 23 2 1000000000
a contact +58800 +86400 23 3 1000000000
a contact +69000 +86400 23 4 1000000000
a contact +79200 +86400 23 5 1000000000
a contact +85200 +86400 23 10 1000000000
a contact +84000 +86400 23 11 1000000000
a contact +82200 +86400 23 12 1000000000
a contact +81000 +86400 23 13 1000000000
a contact +79800 +86400 23 14 1000000000
a contact +0 +86400 23 15 1000000000
a contact +0 +86400 23 16 1000000000
a contact +0 +86400 23 17 1000000000
a contact +85200 +86400 23 18 1000000000
a contact +84600 +86400 23 19 1000000000
a contact +82800 +86400 23 20 1000000000
a contact +0 +86400 23 21 1000000000
a contact +0 +86400 23 22 1000000000
a contact +0 +86400 23 24 1000000000
a contact +0 +86400 23 25 1000000000
a contact +0 +86400 23 29 1000000000
a contact +0 +86400 23 30 1000000000
a contact +0 +86400 23 31 1000000000
a contact +0 +86400 23 32 1000000000
a contact +0 +86400 23 33 1000000000
a contact +85200 +86400 23 34 1000000000
a contact +84600 +86400 23 35 1000000000
a contact +82200 +86400 23 36 1000000000
a contact +0 +86400 23 37 1000000000
a contact +0 +86400 23 38 1000000000
a contact +52200 +86400 23 39 1000000000
a contact +78600 +86400 23 40 1000000000
a contact +52200 +86400 23 42 1000000000
a contact +78600 +86400 23 43 1000000000
a contact +85800 +86400 24 1 1000000000
a contact +35400 +86400 24 2 1000000000
a contact +55800 +86400 24 3 1000000000
a contact +66600 +86400 24 4 1000000000
a contact +76800 +86400 24 5 1000000000
a contact +85200 +86400 24 9 1000000000
a contact +84000 +86400 24 10 1000000000
a contact +82200 +86400 24 11 1000000000
a contact +81000 +86400 24 12 1000000000
a contact +79800 +86400 24 13 1000000000
a contact +0 +86400 24 15 1000000000
a contact +0 +86400 24 16 1000000000
a contact +0 +86400 24 17 1000000000
a contact +0 +86400 24 18 1000000000
a contact +82200 +86400 24 19 1000000000
a contact +81600 +86400 24 20 1000000000
a contact +80400 +86400 24 21 1000000000
a contact +0 +86400 24 22 1000000000
a contact +0 +86400 24 23 1000000000
a contact +0 +86400 24 25 1000000000
a contact +0 +86400 24 26 1000000000
a contact +0 +86400 24 30 1000000000
a contact +0 +86400 24 31 1000000000
a contact +0 +86400 24 32 1000000000
a contact +0 +86400 24 33 1000000000
a contact +0 +86400 24 34 1000000000
a contact +82800 +86400 24 35 1000000000
a contact +81600 +86400 24 36 1000000000
a contact +79800 +86400 24 37 1000000000
a contact +0 +86400 24 38 1000000000
a contact +52200 +86400 24 39 1000000000
a contact +78600 +86400 24 40 1000000000
a contact +52200 +86400 24 42 1000000000
a contact +78600 +86400 24 43 1000000000
a contact +84600 +86400 25 1 1000000000
a contact +33000 +86400 25 2 1000000000
a contact +43200 +86400 25 3 1000000000
a contact +53400 +86400 25 4 1000000000
a contact +64200 +86400 25 5 1000000000
a contact +74400 +86400 25 6 1000000000
a contact +85200 +86400 25 8 1000000000
a contact +84000 +86400 25 9 1000000000
a contact +82200 +86400 25 10 1000000000
a contact +81000 +86400 25 11 1000000000
a contact +79800 +86400 25 12 1000000000
a contact +0 +86400 25 15 1000000000
a contact +0 +86400 25 16 1000000000
a contact +0 +86400 25 17 1000000000
a contact +0 +86400 25 18 1000000000
a contact +0 +86400 25 19 1000000000
a contact +79800 +86400 25 20 1000000000
a contact +0 +86400 25 23 1000000000
a contact +0 +86400 25 24 1000000000
a contact +0 +86400 25 26 1000000000
a contact +0 +86400 25 27 1000000000
a contact +0 +86400 25 31 1000000000
a contact +0 +86400 25 32 1000000000
a contact +0 +86400 25 33 1000000000
a contact +0 +86400 25 34 1000000000
a contact +0 +86400 25 35 1000000000
a contact +80400 +86400 25 36 1000000000
a contact +52200 +86400 25 39 1000000000
a contact +78600 +86400 25 40 1000000000
a contact +52200 +86400 25 42 1000000000
a contact +78600 +86400 25 43 1000000000
a contact +82200 +86400 26 1 1000000000
a contact +81000 +86400 26 2 1000000000
a contact +30000 +86400 26 3 1000000000
a contact +40200 +86400 26 4 1000000000
a contact +61200 +86400 26 5 1000000000
a contact +72000 +86400 26 6 1000000000
a contact +85200 +86400 26 7 1000000000
a contact +84000 +86400 26 8 1000000000
a contact +82200 +86400 26 9 1000000000
a contact +81000 +86400 26 10 1000000000
a contact +79800 +86400 26 11 1000000000
a contact +85200 +86400 26 15 1000000000
a contact +0 +86400 26 16 1000000000
a contact +0 +86400 26 17 1000000000
a contact +0 +86400 26 18 1000000000
a contact +0 +86400 26 19 1000000000
a contact +0 +86400 26 20 1000000000
a contact +0 +86400 26 24 1000000000
a contact +0 +86400 26 25 1000000000
a contact +0 +86400 26 27 1000000000
a contact +0 +86400 26 28 1000000000
a contact +85200 +86400 26 31 1000000000
a contact +0 +86400 26 32 1000000000
a contact +0 +86400 26 33 1000000000
a contact +0 +86400 26 34 1000000000
a contact +0 +86400 26 35 1000000000
a contact +0 +86400 26 36 1000000000
a contact +52200 +86400 26 39 1000000000
a contact +78600 +86400 26 40 1000000000
a contact +52200 +86400 26 42 1000000000
a contact +78600 +86400 26 43 1000000000
a contact +69000 +86400 27 1 1000000000
a contact +79200 +86400 27 2 1000000000
a contact +37800 +86400 27 4 1000000000
a contact +48600 +86400 27 5 1000000000
a contact +58800 +86400 27 6 1000000000
a contact +84000 +86400 27 7 1000000000
a contact +82200 +86400 27 8 1000000000
a contact +81000 +86400 27 9 1000000000
a contact +79800 +86400 27 10 1000000000
a contact +85200 +86400 27 14 1000000000
a contact +84600 +86400 27 15 1000000000
a contact +82800 +86400 27 16 1000000000
a contact +0 +86400 27 17 1000000000
a contact +0 +86400 27 18 1000000000
a contact +0 +86400 27 19 1000000000
a contact +0 +86400 27 20 1000000000
a contact +0 +86400 27 21 1000000000
a contact +85200 +86400 27 22 1000000000
a contact +0 +86400 27 25 1000000000
a contact +0 +86400 27 26 1000000000
a contact +0 +86400 27 28 1000000000
a contact +0 +86400 27 29 1000000000
a contact +84600 +86400 27 31 1000000000
a contact +82200 +86400 27 32 1000000000
a contact +0 +86400 27 33 1000000000
a contact +0 +86400 27 34 1000000000
a contact +0 +86400 27 35 1000000000
a contact +0 +86400 27 36 1000000000
a contact +0 +86400 27 37 1000000000
a contact +85200 +86400 27 38 1000000000
a contact +52200 +86400 27 39 1000000000
a contact +78600 +86400 27 40 1000000000
a contact +52200 +86400 27 42 1000000000
a contact +78600 +86400 27 43 1000000000
a contact +66600 +86400 28 1 1000000000
a contact +76800 +86400 28 2 1000000000
a contact +85800 +86400 28 4 1000000000
a contact +35400 +86400 28 5 1000000000
a contact +55800 +86400 28 6 1000000000
a contact +82200 +86400 28 7 1000000000
a contact +81000 +86400 28 8 1000000000
a contact +79800 +86400 28 9 1000000000
a contact +85200 +86400 28 13 1000000000
a contact +84000 +86400 28 14 1000000000
a contact +82200 +86400 28 15 1000000000
a contact +81600 +86400 28 16 1000000000
a contact +80400 +86400 28 17 1000000000
a contact +0 +86400 28 18 1000000000
a contact +0 +86400 28 19 1000000000
a contact +0 +86400 28 20 1000000000
a contact +0 +86400 28 21 1000000000
a contact +0 +86400 28 22 1000000000
a contact +0 +86400 28 26 1000000000
a contact +0 +86400 28 27 1000000000
a contact +0 +86400 28 29 1000000000
a contact +0 +86400 28 30 1000000000
a contact +82800 +86400 28 31 1000000000
a contact +81600 +86400 28 32 1000000000
a contact +79800 +86400 28 33 1000000000
a contact +0 +86400 28 34 1000000000
a contact +0 +86400 28 35 1000000000
a contact +0 +86400 28 36 1000000000
a contact +0 +86400 28 37 1000000000
a contact +0 +86400 28 38 1000000000
a contact +52200 +86400 28 39 1000000000
a contact +78600 +86400 28 40 1000000000
a contact +52200 +86400 28 42 1000000000
a contact +78600 +86400 28 43 1000000000
a contact +53400 +86400 29 1 1000000000
a contact +64200 +86400 29 2 1000000000
a contact +74400 +86400 29 3 1000000000
a contact +84600 +86400 29 4 1000000000
a contact +33000 +86400 29 5 1000000000
a contact +43200 +86400 29 6 1000000000
a contact +81000 +86400 29 7 1000000000
a contact +79800 +86400 29 8 1000000000
a contact +85200 +86400 29 12 1000000000
a contact +84000 +86400 29 13 1000000000
a contact +82200 +86400 29 14 1000000000
a contact +0 +86400 29 15 1000000000
a contact +79800 +86400 29 16 1000000000
a contact +0 +86400 29 19 1000000000
a contact +0 +86400 29 20 1000000000
a contact +0 +86400 29 21 1000000000
a contact +0 +86400 29 22 1000000000
a contact +0 +86400 29 23 1000000000
a contact +0 +86400 29 27 1000000000
a contact +0 +86400 29 28 1000000000
a contact +0 +86400 29 30 1000000000
a contact +0 +86400 29 31 1000000000
a contact +80400 +86400 29 32 1000000000
a contact +0 +86400 29 35 1000000000
a contact +0 +86400 29 36 1000000000
a contact +0 +86400 29 37 1000000000
a contact +0 +86400 29 38 1000000000
a contact +52200 +86400 29 39 1000000000
a contact +78600 +86400 29 40 1000000000
a contact +52200 +86400 29 42 1000000000
a contact +78600 +86400 29 43 1000000000
a contact +40200 +86400 30 1 1000000000
a contact +61200 +86400 30 2 1000000000
a contact +72000 +86400 30 3 1000000000
a contact +82200 +86400 30 4 1000000000
a contact +81000 +86400 30 5 1000000000
a contact +30000 +86400 30 6 1000000000
a contact +79800 +86400 30 7 1000000000
a contact +85200 +86400 30 11 1000000000
a contact +84000 +86400 30 12 1000000000
a contact +82200 +86400 30 13 1000000000
a contact +81000 +86400 30 14 1000000000
a contact +0 +86400 30 15 1000000000
a contact +0 +86400 30 16 1000000000
a contact +85200 +86400 30 19 1000000000
a contact +0 +86400 30 20 1000000000
a contact +0 +86400 30 21 1000000000
a contact +0 +86400 30 22 1000000000
a contact +0 +86400 30 23 1000000000
a contact +0 +86400 30 24 1000000000
a contact +0 +86400 30 28 1000000000
a contact +0 +86400 30 29 1000000000
a contact +0 +86400 30 31 1000000000
a contact +0 +86400 30 32 1000000000
a contact +85200 +86400 30 35 1000000000
a contact +0 +86400 30 36 1000000000
a contact +0 +86400 30 37 1000000000
a contact +0 +86400 30 38 1000000000
a contact +52200 +86400 30 39 1000000000
a contact +78600 +86400 30 40 1000000000
a contact +52200 +86400 30 42 1000000000
a contact +78600 +86400 30 43 1000000000
a contact +78600 +86400 31 1 1000000000
a contact +37800 +86400 31 3 1000000000
a contact +58200 +86400 31 4 1000000000
a contact +69000 +86400 31 5 1000000000
a contact +79800 +86400 31 6 1000000000
a contact +0 +86400 31 7 1000000000
a contact +0 +86400 31 8 1000000000
a contact +0 +86400 31 9 1000000000
a contact +85200 +86400 31 10 1000000000
a contact +84600 +86400 31 11 1000000000
a contact +82800 +86400 31 12 1000000000
a contact +0 +86400 31 13 1000000000
a contact +0 +86400 31 14 1000000000
a contact +85200 +86400 31 18 1000000000
a contact +84000 +86400 31 19 1000000000
a contact +82200 +86400 31 20 1000000000
a contact +81000 +86400 31 21 1000000000
a contact +79800 +86400 31 22 1000000000
a contact +0 +86400 31 23 1000000000
a contact +0 +86400 31 24 1000000000
a contact +0 +86400 31 25 1000000000
a contact +85200 +86400 31 26 1000000000
a contact +84600 +86400 31 27 1000000000
a contact +82800 +86400 31 28 1000000000
a contact +0 +86400 31 29 1000000000
a contact +0 +86400 31 30 1000000000
a contact +0 +86400 31 32 1000000000
a contact +0 +86400 31 33 1000000000
a contact +0 +86400 31 37 1000000000
a contact +0 +86400 31 38 1000000000
a contact +77400 +86400 31 39 1000000000
a contact +78600 +86400 31 40 1000000000
a contact +77400 +86400 31 42 1000000000
a contact +78600 +86400 31 43 1000000000
a contact +76800 +86400 32 1 1000000000
a contact +35400 +86400 32 3 1000000000
a contact +45600 +86400 32 4 1000000000
a contact +56400 +86400 32 5 1000000000
a contact +66600 +86400 32 6 1000000000
a contact +0 +86400 32 7 1000000000
a contact +0 +86400 32 8 1000000000
a contact +0 +86400 32 9 1000000000
a contact +0 +86400 32 10 1000000000
a contact +82800 +86400 32 11 1000000000
a contact +81600 +86400 32 12 1000000000
a contact +79800 +86400 32 13 1000000000
a contact +0 +86400 32 14 1000000000
a contact +85200 +86400 32 17 1000000000
a contact +84000 +86400 32 18 1000000000
a contact +82200 +86400 32 19 1000000000
a contact +81000 +86400 32 20 1000000000
a contact +79800 +86400 32 21 1000000000
a contact +0 +86400 32 23 1000000000
a contact +0 +86400 32 24 1000000000
a contact +0 +86400 32 25 1000000000
a contact +0 +86400 32 26 1000000000
a contact +82200 +86400 32 27 1000000000
a contact +81600 +86400 32 28 1000000000
a contact +80400 +86400 32 29 1000000000
a contact +0 +86400 32 30 1000000000
a contact +0 +86400 32 31 1000000000
a contact +0 +86400 32 33 1000000000
a contact +0 +86400 32 34 1000000000
a contact +0 +86400 32 38 1000000000
a contact +74400 +86400 32 39 1000000000
a contact +78600 +86400 32 40 1000000000
a contact +74400 +86400 32 42 1000000000
a contact +78600 +86400 32 43 1000000000
a contact +74400 +86400 33 1 1000000000
a contact +84600 +86400 33 2 1000000000
a contact +83400 +86400 33 3 1000000000
a contact +32400 +86400 33 4 1000000000
a contact +52800 +86400 33 5 1000000000
a contact +63600 +86400 33 6 1000000000
a contact +0 +86400 33 7 1000000000
a contact +0 +86400 33 8 1000000000
a contact +0 +86400 33 9 1000000000
a contact +0 +86400 33 10 1000000000
a contact +0 +86400 33 11 1000000000
a contact +79800 +86400 33 12 1000000000
a contact +85200 +86400 33 16 1000000000
a contact +84000 +86400 33 17 1000000000
a contact +82200 +86400 33 18 1000000000
a contact +81000 +86400 33 19 1000000000
a contact +79800 +86400 33 20 1000000000
a contact +0 +86400 33 23 1000000000
a contact +0 +86400 33 24 1000000000
a contact +0 +86400 33 25 1000000000
a contact +0 +86400 33 26 1000000000
a contact +0 +86400 33 27 1000000000
a contact +79800 +86400 33 28 1000000000
a contact +0 +86400 33 31 1000000000
a contact +0 +86400 33 32 1000000000
a contact +0 +86400 33 34 1000000000
a contact +0 +86400 33 35 1000000000
a contact +72000 +86400 33 39 1000000000
a contact +78600 +86400 33 40 1000000000
a contact +72000 +86400 33 42 1000000000
a contact +78600 +86400 33 43 1000000000
a contact +61200 +86400 34 1 1000000000
a contact +71400 +86400 34 2 1000000000
a contact +82200 +86400 34 3 1000000000
a contact +78600 +86400 34 4 1000000000
a contact +40800 +86400 34 5 1000000000
a contact +51000 +86400 34 6 1000000000
a contact +85200 +86400 34 7 1000000000
a contact +0 +86400 34 8 1000000000
a contact +0 +86400 34 9 1000000000
a contact +0 +86400 34 10 1000000000
a contact +0 +86400 34 11 1000000000
a contact +0 +86400 34 12 1000000000
a contact +85200 +86400 34 15 1000000000
a contact +84000 +86400 34 16 1000000000
a contact +82200 +86400 34 17 1000000000
a contact +81000 +86400 34 18 1000000000
a contact +79800 +86400 34 19 1000000000
a contact +85200 +86400 34 23 1000000000
a contact +0 +86400 34 24 1000000000
a contact +0 +86400 34 25 1000000000
a contact +0 +86400 34 26 1000000000
a contact +0 +86400 34 27 1000000000
a contact +0 +86400 34 28 1000000000
a contact +0 +86400 34 32 1000000000
a contact +0 +86400 34 33 1000000000
a contact +0 +86400 34 35 1000000000
a contact +0 +86400 34 36 1000000000
a contact +69600 +86400 34 39 1000000000
a contact +78600 +86400 34 40 1000000000
a contact +69600 +86400 34 42 1000000000
a contact +78600 +86400 34 43 1000000000
a contact +58200 +86400 35 1 1000000000
a contact +69000 +86400 35 2 1000000000
a contact +79800 +86400 35 3 1000000000
a contact +78600 +86400 35 4 1000000000
a contact +37800 +86400 35 6 1000000000
a contact +84600 +86400 35 7 1000000000
a contact +82800 +86400 35 8 1000000000
a contact +0 +86400 35 9 1000000000
a contact +0 +86400 35 10 1000000000
a contact +0 +86400 35 11 1000000000
a contact +0 +86400 35 12 1000000000
a contact +0 +86400 35 13 1000000000
a contact +85200 +86400 35 14 1000000000
a contact +84000 +86400 35 15 1000000000
a contact +82200 +86400 35 16 1000000000
a contact +81000 +86400 35 17 1000000000
a contact +79800 +86400 35 18 1000000000
a contact +85200 +86400 35 22 1000000000
a contact +84600 +86400 35 23 1000000000
a contact +82800 +86400 35 24 1000000000
a contact +0 +86400 35 25 1000000000
a contact +0 +86400 35 26 1000000000
a contact +0 +86400 35 27 1000000000
a contact +0 +86400 35 28 1000000000
a contact +0 +86400 35 29 1000000000
a contact +85200 +86400 35 30 1000000000
a contact +0 +86400 35 33 1000000000
a contact +0 +86400 35 34 1000000000
a contact +0 +86400 35 36 1000000000
a contact +0 +86400 35 37 1000000000
a contact +66600 +86400 35 39 1000000000
a contact +78600 +86400 35 40 1000000000
a contact +66600 +86400 35 42 1000000000
a contact +78600 +86400 35 43 1000000000
a contact +45600 +86400 36 1 1000000000
a contact +56400 +86400 36 2 1000000000
a contact +66600 +86400 36 3 1000000000
a contact +76800 +86400 36 4 1000000000
a contact +35400 +86400 36 6 1000000000
a contact +82800 +86400 36 7 1000000000
a contact +81600 +86400 36 8 1000000000
a contact +79800 +86400 36 9 1000000000
a contact +0 +86400 36 10 1000000000
a contact +0 +86400 36 11 1000000000
a contact +0 +86400 36 12 1000000000
a contact +0 +86400 36 13 1000000000
a contact +0 +86400 36 14 1000000000
a contact +82200 +86400 36 15 1000000000
a contact +81000 +86400 36 16 1000000000
a contact +79800 +86400 36 17 1000000000
a contact +85200 +86400 36 21 1000000000
a contact +84000 +86400 36 22 1000000000
a contact +82200 +86400 36 23 1000000000
a contact +81600 +86400 36 24 1000000000
a contact +80400 +86400 36 25 1000000000
a contact +0 +86400 36 26 1000000000
a contact +0 +86400 36 27 1000000000
a contact +0 +86400 36 28 1000000000
a contact +0 +86400 36 29 1000000000
a contact +0 +86400 36 30 1000000000
a contact +0 +86400 36 34 1000000000
a contact +0 +86400 36 35 1000000000
a contact +0 +86400 36 37 1000000000
a contact +0 +86400 36 38 1000000000
a contact +85200 +86400 36 39 1000000000
a contact +85200 +86400 36 40 1000000000
a contact +85200 +86400 36 42 1000000000
a contact +85200 +86400 36 43 1000000000
a contact +32400 +86400 37 1 1000000000
a contact +52800 +86400 37 2 1000000000
a contact +63600 +86400 37 3 1000000000
a contact +74400 +86400 37 4 1000000000
a contact +84600 +86400 37 5 1000000000
a contact +83400 +86400 37 6 1000000000
a contact +0 +86400 37 7 1000000000
a contact +79800 +86400 37 8 1000000000
a contact +0 +86400 37 11 1000000000
a contact +0 +86400 37 12 1000000000
a contact +0 +86400 37 13 1000000000
a contact +0 +86400 37 14 1000000000
a contact +81000 +86400 37 15 1000000000
a contact +79800 +86400 37 16 1000000000
a contact +85200 +86400 37 20 1000000000
a contact +84000 +86400 37 21 1000000000
a contact +82200 +86400 37 22 1000000000
a contact +0 +86400 37 23 1000000000
a contact +79800 +86400 37 24 1000000000
a contact +0 +86400 37 27 1000000000
a contact +0 +86400 37 28 1000000000
a contact +0 +86400 37 29 1000000000
a contact +0 +86400 37 30 1000000000
a contact +0 +86400 37 31 1000000000
a contact +0 +86400 37 35 1000000000
a contact +0 +86400 37 36 1000000000
a contact +0 +86400 37 38 1000000000
a contact +82200 +86400 37 39 1000000000
a contact +82200 +86400 37 40 1000000000
a contact +82200 +86400 37 42 1000000000
a contact +82200 +86400 37 43 1000000000
a contact +78600 +86400 38 1 1000000000
a contact +40800 +86400 38 2 1000000000
a contact +51000 +86400 38 3 1000000000
a contact +61200 +86400 38 4 1000000000
a contact +71400 +86400 38 5 1000000000
a contact +82200 +86400 38 6 1000000000
a contact +0 +86400 38 7 1000000000
a contact +0 +86400 38 8 1000000000
a contact +85200 +86400 38 11 1000000000
a contact +0 +86400 38 12 1000000000
a contact +0 +86400 38 13 1000000000
a contact +0 +86400 38 14 1000000000
a contact +79800 +86400 38 15 1000000000
a contact +85200 +86400 38 19 1000000000
a contact +84000 +86400 38 20 1000000000
a contact +82200 +86400 38 21 1000000000
a contact +81000 +86400 38 22 1000000000
a contact +0 +86400 38 23 1000000000
a contact +0 +86400 38 24 1000000000
a contact +85200 +86400 38 27 1000000000
a contact +0 +86400 38 28 1000000000
a contact +0 +86400 38 29 1000000000
a contact +0 +86400 38 30 1000000000
a contact +0 +86400 38 31 1000000000
a contact +0 +86400 38 32 1000000000
a contact +0 +86400 38 36 1000000000
a contact +0 +86400 38 37 1000000000
a contact +79800 +86400 38 39 1000000000
a contact +79800 +86400 38 40 1000000000
a contact +79800 +86400 38 42 1000000000
a contact +79800 +86400 38 43 1000000000
a contact +84600 +86400 39 2 1000000000
a contact +79200 +86400 39 3 1000000000
a contact +74400 +86400 39 4 1000000000
a contact +69600 +86400 39 5 1000000000
a contact +64800 +86400 39 6 1000000000
a contact +52200 +86400 39 7 1000000000
a contact +52200 +86400 39 8 1000000000
a contact +52200 +86400 39 9 1000000000
a contact +52200 +86400 39 10 1000000000
a contact +52200 +86400 39 11 1000000000
a contact +52200 +86400 39 12 1000000000
a contact +52200 +86400 39 13 1000000000
a contact +52200 +86400 39 14 1000000000
a contact +52200 +86400 39 15 1000000000
a contact +85200 +86400 39 16 1000000000
a contact +82800 +86400 39 17 1000000000
a contact +79800 +86400 39 18 1000000000
a contact +77400 +86400 39 19 1000000000
a contact +75000 +86400 39 20 1000000000
a contact +72000 +86400 39 21 1000000000
a contact +69600 +86400 39 22 1000000000
a contact +52200 +86400 39 23 1000000000
a contact +52200 +86400 39 24 1000000000
a contact +52200 +86400 39 25 1000000000
a contact +52200 +86400 39 26 1000000000
a contact +52200 +86400 39 27 1000000000
a contact +52200 +86400 39 28 1000000000
a contact +52200 +86400 39 29 1000000000
a contact +52200 +86400 39 30 1000000000
a contact +77400 +86400 39 31 1000000000
a contact +74400 +86400 39 32 1000000000
a contact +72000 +86400 39 33 1000000000
a contact +69600 +86400 39 34 1000000000
a contact +66600 +86400 39 35 1000000000
a contact +85200 +86400 39 36 1000000000
a contact +82200 +86400 39 37 1000000000
a contact +79800 +86400 39 38 1000000000
a contact +0 +86400 39 42 1000000000
a contact +84600 +86400 40 2 1000000000
a contact +79200 +86400 40 3 1000000000
a contact +78600 +86400 40 4 1000000000
a contact +78600 +86400 40 5 1000000000
a contact +78600 +86400 40 6 1000000000
a contact +78600 +86400 40 7 1000000000
a contact +78600 +86400 40 8 1000000000
a contact +78600 +86400 40 9 1000000000
a contact +78600 +86400 40 10 1000000000
a contact +78600 +86400 40 11 1000000000
a contact +78600 +86400 40 12 1000000000
a contact +78600 +86400 40 13 1000000000
a contact +78600 +86400 40 14 1000000000
a contact +78600 +86400 40 15 1000000000
a contact +85200 +86400 40 16 1000000000
a contact +82800 +86400 40 17 1000000000
a contact +79800 +86400 40 18 1000000000
a contact +78600 +86400 40 19 1000000000
a contact +78600 +86400 40 20 1000000000
a contact +78600 +86400 40 21 1000000000
a contact +78600 +86400 40 22 1000000000
a contact +78600 +86400 40 23 1000000000
a contact +78600 +86400 40 24 1000000000
a contact +78600 +86400 40 25 1000000000
a contact +78600 +86400 40 26 1000000000
a contact +78600 +86400 40 27 1000000000
a contact +78600 +86400 40 28 1000000000
a contact +78600 +86400 40 29 1000000000
a contact +78600 +86400 40 30 1000000000
a contact +78600 +86400 40 31 1000000000
a contact +78600 +86400 40 32 1000000000
a contact +78600 +86400 40 33 1000000000
a contact +78600 +86400 40 34 1000000000
a contact +78600 +86400 40 35 1000000000
a contact +85200 +86400 40 36 1000000000
a contact +82200 +86400 40 37 1000000000
a contact +79800 +86400 40 38 1000000000
a contact +0 +86400 40 43 1000000000
a contact +0 +86400 41 44 1000000000
a contact +84600 +86400 42 2 1000000000
a contact +79200 +86400 42 3 1000000000
a contact +74400 +86400 42 4 1000000000
a contact +69600 +86400 42 5 1000000000
a contact +64800 +86400 42 6 1000000000
a contact +52200 +86400 42 7 1000000000
a contact +52200 +86400 42 8 1000000000
a contact +52200 +86400 42 9 1000000000
a contact +52200 +86400 42 10 1000000000
a contact +52200 +86400 42 11 1000000000
a contact +52200 +86400 42 12 1000000000
a contact +52200 +86400 42 13 1000000000
a contact +52200 +86400 42 14 1000000000
a contact +52200 +86400 42 15 1000000000
a contact +85200 +86400 42 16 1000000000
a contact +82800 +86400 42 17 1000000000
a contact +79800 +86400 42 18 1000000000
a contact +77400 +86400 42 19 1000000000
a contact +75000 +86400 42 20 1000000000
a contact +72000 +86400 42 21 1000000000
a contact +69600 +86400 42 22 1000000000
a contact +52200 +86400 42 23 1000000000
a contact +52200 +86400 42 24 1000000000
a contact +52200 +86400 42 25 1000000000
a contact +52200 +86400 42 26 1000000000
a contact +52200 +86400 42 27 1000000000
a contact +52200 +86400 42 28 1000000000
a contact +52200 +86400 42 29 1000000000
a contact +52200 +86400 42 30 1000000000
a contact +77400 +86400 42 31 1000000000
a contact +74400 +86400 42 32 1000000000
a contact +72000 +86400 42 33 1000000000
a contact +69600 +86400 42 34 1000000000
a contact +66600 +86400 42 35 1000000000
a contact +85200 +86400 42 36 1000000000
a contact +82200 +86400 42 37 1000000000
a contact +79800 +86400 42 38 1000000000
a contact +0 +86400 42 39 1000000000
a contact +84600 +86400 43 2 1000000000
a contact +79200 +86400 43 3 1000000000
a contact +78600 +86400 43 4 1000000000
a contact +78600 +86400 43 5 1000000000
a contact +78600 +86400 43 6 1000000000
a contact +78600 +86400 43 7 1000000000
a contact +78600 +86400 43 8 1000000000
a contact +78600 +86400 43 9 1000000000
a contact +78600 +86400 43 10 1000000000
a contact +78600 +86400 43 11 1000000000
a contact +78600 +86400 43 12 1000000000
a contact +78600 +86400 43 13 1000000000
a contact +78600 +86400 43 14 1000000000
a contact +78600 +86400 43 15 1000000000
a contact +85200 +86400 43 16 1000000000
a contact +82800 +86400 43 17 1000000000
a contact +79800 +86400 43 18 1000000000
a contact +78600 +86400 43 19 1000000000
a contact +78600 +86400 43 20 1000000000
a contact +78600 +86400 43 21 1000000000
a contact +78600 +86400 43 22 1000000000
a contact +78600 +86400 43 23 1000000000
a contact +78600 +86400 43 24 1000000000
a contact +78600 +86400 43 25 1000000000
a contact +78600 +86400 43 26 1000000000
a contact +78600 +86400 43 27 1000000000
a contact +78600 +86400 43 28 1000000000
a contact +78600 +86400 43 29 1000000000
a contact +78600 +86400 43 30 1000000000
a contact +78600 +86400 43 31 1000000000
a contact +78600 +86400 43 32 1000000000
a contact +78600 +86400 43 33 1000000000
a contact +78600 +86400 43 34 1000000000
a contact +78600 +86400 43 35 1000000000
a contact +85200 +86400 43 36 1000000000
a contact +82200 +86400 43 37 1000000000
a contact +79800 +86400 43 38 1000000000
a contact +0 +86400 43 40 1000000000
a contact +0 +86400 44 41 1000000000
a contact +0 +86400 39 45 100000000000
a contact +0 +86400 45 39 100000000000
a contact +0 +86400 40 45 100000000000
a contact +0 +86400 45 40 100000000000
a contact +0 +86400 41 45 100000000000
a contact +0 +86400 45 41 100000000000
a contact +0 +86400 42 45 100000000000
a contact +0 +86400 45 42 100000000000
a contact +0 +86400 43 45 100000000000
a contact +0 +86400 45 43 100000000000
a contact +0 +86400 44 45 100000000000
a contact +0 +86400 45 44 100000000000

a range +0 +600 2 8 0.0551
a range +0 +600 2 28 0.0552
a range +0 +600 5 12 0.0551
a range +0 +600 5 24 0.0552
a range +0 +600 8 2 0.0551
a range +0 +600 12 5 0.0551
a range +0 +600 24 5 0.0552
a range +0 +600 28 2 0.0552
a range +0 +1200 1 19 0.0540
a range +0 +1200 1 31 0.0544
a range +0 +1200 4 15 0.0540
a range +0 +1200 4 35 0.0544
a range +0 +1200 7 24 0.0476
a range +0 +1200 8 23 0.0476
a range +0 +1200 9 22 0.0470
a range +0 +1200 9 30 0.0475
a range +0 +1200 9 38 0.0481
a range +0 +1200 10 21 0.0482
a range +0 +1200 10 29 0.0475
a range +0 +1200 10 37 0.0476
a range +0 +1200 11 28 0.0476
a range +0 +1200 12 27 0.0476
a range +0 +1200 13 18 0.0470
a range +0 +1200 13 26 0.0475
a range +0 +1200 13 34 0.0481
a range +0 +1200 14 17 0.0482
a range +0 +1200 14 25 0.0475
a range +0 +1200 14 33 0.0476
a range +0 +1200 15 4 0.0540
a range +0 +1200 15 32 0.0479
a range +0 +1200 16 31 0.0479
a range +0 +1200 17 14 0.0482
a range +0 +1200 17 30 0.0472
a range +0 +1200 17 38 0.0479
a range +0 +1200 18 13 0.0470
a range +0 +1200 18 29 0.0484
a range +0 +1200 18 37 0.0479
a range +0 +1200 19 1 0.0540
a range +0 +1200 19 36 0.0479
a range +0 +1200 20 35 0.0479
a range +0 +1200 21 10 0.0482
a range +0 +1200 21 26 0.0472
a range +0 +1200 21 34 0.0479
a range +0 +1200 22 9 0.0470
a range +0 +1200 22 25 0.0484
a range +0 +1200 22 33 0.0479
a range +0 +1200 23 8 0.0476
a range +0 +1200 24 7 0.0476
a range +0 +1200 25 14 0.0475
a range +0 +1200 25 22 0.0484
a range +0 +1200 25 38 0.0474
a range +0 +1200 26 13 0.0475
a range +0 +1200 26 21 0.0472
a range +0 +1200 26 37 0.0486
a range +0 +1200 27 12 0.0476
a range +0 +1200 28 11 0.0476
a range +0 +1200 29 10 0.0475
a range +0 +1200 29 18 0.0484
a range +0 +1200 29 34 0.0474
a range +0 +1200 30 9 0.0475
a range +0 +1200 30 17 0.0472
a range +0 +1200 30 33 0.0486
a range +0 +1200 31 1 0.0544
a range +0 +1200 31 16 0.0479
a range +0 +1200 32 15 0.0479
a range +0 +1200 33 14 0.0476
a range +0 +1200 33 22 0.0479
a range +0 +1200 33 30 0.0486
a range +0 +1200 34 13 0.0481
a range +0 +1200 34 21 0.0479
a range +0 +1200 34 29 0.0474
a range +0 +1200 35 4 0.0544
a range +0 +1200 35 20 0.0479
a range +0 +1200 36 19 0.0479
a range +0 +1200 37 10 0.0476
a range +0 +1200 37 18 0.0479
a range +0 +1200 37 26 0.0486
a range +0 +1200 38 9 0.0481
a range +0 +1200 38 17 0.0479
a range +0 +1200 38 25 0.0474
a range +0 +1800 2 7 0.0548
a range +0 +1800 2 27 0.0550
a range +0 +1800 5 11 0.0548
a range +0 +1800 5 23 0.0550
a range +0 +1800 7 2 0.0548
a range +0 +1800 9 21 0.0471
a range +0 +1800 9 37 0.0474
a range +0 +1800 11 5 0.0548
a range +0 +1800 13 17 0.0471
a range +0 +1800 13 33 0.0474
a range +0 +1800 17 13 0.0471
a range +0 +1800 17 29 0.0473
a range +0 +1800 21 9 0.0471
a range +0 +1800 21 25 0.0473
a range +0 +1800 23 5 0.0550
a range +0 +1800 25 21 0.0473
a range +0 +1800 25 37 0.0476
a range +0 +1800 27 2 0.0550
a range +0 +1800 29 17 0.0473
a range +0 +1800 29 33 0.0476
a range +0 +1800 33 13 0.0474
a range +0 +1800 33 29 0.0476
a range +0 +1800 37 9 0.0474
a range +0 +1800 37 25 0.0476
a range +0 +2400 7 23 0.0469
a range +0 +2400 8 30 0.0469
a range +0 +2400 9 29 0.0468
a range +0 +2400 10 28 0.0469
a range +0 +2400 11 27 0.0469
a range +0 +2400 12 26 0.0469
a range +0 +2400 13 25 0.0468
a range +0 +2400 14 24 0.0469
a range +0 +2400 15 31 0.0473
a range +0 +2400 16 38 0.0473
a range +0 +2400 17 37 0.0472
a range +0 +2400 18 36 0.0473
a range +0 +2400 19 35 0.0473
a range +0 +2400 20 34 0.0473
a range +0 +2400 21 33 0.0472
a range +0 +2400 22 32 0.0473
a range +0 +2400 23 7 0.0469
a range +0 +2400 24 14 0.0469
a range +0 +2400 25 13 0.0468
a range +0 +2400 26 12 0.0469
a range +0 +2400 27 11 0.0469
a range +0 +2400 28 10 0.0469
a range +0 +2400 29 9 0.0468
a range +0 +2400 30 8 0.0469
a range +0 +2400 31 15 0.0473
a range +0 +2400 32 22 0.0473
a range +0 +2400 33 21 0.0472
a range +0 +2400 34 20 0.0473
a range +0 +2400 35 19 0.0473
a range +0 +2400 36 18 0.0473
a range +0 +2400 37 17 0.0472
a range +0 +2400 38 16 0.0473
a range +0 +3000 3 15 0.0549
a range +0 +3000 3 35 0.0550
a range +0 +3000 6 19 0.0549
a range +0 +3000 6 31 0.0550
a range +0 +3000 6 39 1101.8753
a range +0 +3000 6 40 1101.8785
a range +0 +3000 6 42 1101.8753
a range +0 +3000 6 43 1101.8785
a range +0 +3000 15 3 0.0549
a range +0 +3000 19 6 0.0549
a range +0 +3000 31 6 0.0550
a range +0 +3000 35 3 0.0550
a range +0 +3000 39 6 1101.8753
a range +0 +3000 40 6 1101.8785
a range +0 +3000 42 6 1101.8753
a range +0 +3000 43 6 1101.8785
a range +0 +3600 8 37 0.0474
a range +0 +3600 9 20 0.0476
a range +0 +3600 9 36 0.0469
a range +0 +3600 12 33 0.0474
a range +0 +3600 13 16 0.0476
a range +0 +3600 13 32 0.0469
a range +0 +3600 16 13 0.0476
a range +0 +3600 17 28 0.0478
a range +0 +3600 20 9 0.0476
a range +0 +3600 21 24 0.0478
a range +0 +3600 24 21 0.0478
a range +0 +3600 24 37 0.0467
a range +0 +3600 25 36 0.0479
a range +0 +3600 28 17 0.0478
a range +0 +3600 28 33 0.0467
a range +0 +3600 29 32 0.0479
a range +0 +3600 32 13 0.0469
a range +0 +3600 32 29 0.0479
a range +0 +3600 33 12 0.0474
a range +0 +3600 33 28 0.0467
a range +0 +3600 36 9 0.0469
a range +0 +3600 36 25 0.0479
a range +0 +3600 37 8 0.0474
a range +0 +3600 37 24 0.0467
a range +0 +4200 2 14 0.0549
a range +0 +4200 2 26 0.0553
a range +0 +4200 3 22 0.0543
a range +0 +4200 3 34 0.0546
a range +0 +4200 5 10 0.0549
a range +0 +4200 5 30 0.0553
a range +0 +4200 6 18 0.0543
a range +0 +4200 6 38 0.0546
a range +0 +4200 7 30 0.0497
a range +0 +4200 8 21 0.0481
a range +0 +4200 8 29 0.0496
a range +0 +4200 9 28 0.0496
a range +0 +4200 10 5 0.0549
a range +0 +4200 10 27 0.0497
a range +0 +4200 11 26 0.0497
a range +0 +4200 12 17 0.0481
a range +0 +4200 12 25 0.0496
a range +0 +4200 13 24 0.0496
a range +0 +4200 14 2 0.0549
a range +0 +4200 14 23 0.0497
a range +0 +4200 15 38 0.0499
a range +0 +4200 16 29 0.0483
a range +0 +4200 16 37 0.0499
a range +0 +4200 17 12 0.0481
a range +0 +4200 17 36 0.0499
a range +0 +4200 18 6 0.0543
a range +0 +4200 18 35 0.0499
a range +0 +4200 19 34 0.0499
a range +0 +4200 20 25 0.0483
a range +0 +4200 20 33 0.0499
a range +0 +4200 21 8 0.0481
a range +0 +4200 21 32 0.0499
a range +0 +4200 22 3 0.0543
a range +0 +4200 22 31 0.0499
a range +0 +4200 23 14 0.0497
a range +0 +4200 24 13 0.0496
a range +0 +4200 24 36 0.0467
a range +0 +4200 25 12 0.0496
a range +0 +4200 25 20 0.0483
a range +0 +4200 26 2 0.0553
a range +0 +4200 26 11 0.0497
a range +0 +4200 27 10 0.0497
a range +0 +4200 28 9 0.0496
a range +0 +4200 28 32 0.0467
a range +0 +4200 29 8 0.0496
a range +0 +4200 29 16 0.0483
a range +0 +4200 30 5 0.0553
a range +0 +4200 30 7 0.0497
a range +0 +4200 31 22 0.0499
a range +0 +4200 32 21 0.0499
a range +0 +4200 32 28 0.0467
a range +0 +4200 33 20 0.0499
a range +0 +4200 34 3 0.0546
a range +0 +4200 34 19 0.0499
a range +0 +4200 35 18 0.0499
a range +0 +4200 36 17 0.0499
a range +0 +4200 36 24 0.0467
a range +0 +4200 37 16 0.0499
a range +0 +4200 38 6 0.0546
a range +0 +4200 38 15 0.0499
a range +0 +4800 8 20 0.0486
a range +0 +4800 8 36 0.0489
a range +0 +4800 12 16 0.0486
a range +0 +4800 12 32 0.0489
a range +0 +4800 16 12 0.0486
a range +0 +4800 16 28 0.0488
a range +0 +4800 20 8 0.0486
a range +0 +4800 20 24 0.0488
a range +0 +4800 24 20 0.0488
a range +0 +4800 28 16 0.0488
a range +0 +4800 32 12 0.0489
a range +0 +4800 36 8 0.0489
a range +0 +5400 1 14 0.0546
a range +0 +5400 1 26 0.0547
a range +0 +5400 4 10 0.0546
a range +0 +5400 4 30 0.0547
a range +0 +5400 7 29 0.0492
a range +0 +5400 8 28 0.0491
a range +0 +5400 9 27 0.0492
a range +0 +5400 10 4 0.0546
a range +0 +5400 10 26 0.0492
a range +0 +5400 11 25 0.0492
a range +0 +5400 12 24 0.0491
a range +0 +5400 13 23 0.0492
a range +0 +5400 14 1 0.0546
a range +0 +5400 14 30 0.0492
a range +0 +5400 15 37 0.0495
a range +0 +5400 16 36 0.0494
a range +0 +5400 17 35 0.0495
a range +0 +5400 18 34 0.0495
a range +0 +5400 19 33 0.0495
a range +0 +5400 20 32 0.0494
a range +0 +5400 21 31 0.0495
a range +0 +5400 22 38 0.0495
a range +0 +5400 23 13 0.0492
a range +0 +5400 24 12 0.0491
a range +0 +5400 25 11 0.0492
a range +0 +5400 26 1 0.0547
a range +0 +5400 26 10 0.0492
a range +0 +5400 27 9 0.0492
a range +0 +5400 28 8 0.0491
a range +0 +5400 29 7 0.0492
a range +0 +5400 30 4 0.0547
a range +0 +5400 30 14 0.0492
a range +0 +5400 31 21 0.0495
a range +0 +5400 32 20 0.0494
a range +0 +5400 33 19 0.0495
a range +0 +5400 34 18 0.0495
a range +0 +5400 35 17 0.0495
a range +0 +5400 36 16 0.0494
a range +0 +5400 37 15 0.0495
a range +0 +5400 38 22 0.0495
a range +0 +6000 8 19 0.0468
a range +0 +6000 12 15 0.0468
a range +0 +6000 15 12 0.0468
a range +0 +6000 16 27 0.0470
a range +0 +6000 19 8 0.0468
a range +0 +6000 20 23 0.0470
a range +0 +6000 23 20 0.0470
a range +0 +6000 24 35 0.0472
a range +0 +6000 27 16 0.0470
a range +0 +6000 28 31 0.0472
a range +0 +6000 31 28 0.0472
a range +0 +6000 35 24 0.0472
a range +0 +6600 3 21 0.0545
a range +0 +6600 3 33 0.0549
a range +0 +6600 6 17 0.0545
a range +0 +6600 6 37 0.0549
a range +0 +6600 7 20 0.0476
a range +0 +6600 7 28 0.0486
a range +0 +6600 7 36 0.0486
a range +0 +6600 8 27 0.0486
a range +0 +6600 8 35 0.0481
a range +0 +6600 9 26 0.0487
a range +0 +6600 10 25 0.0487
a range +0 +6600 11 16 0.0476
a range +0 +6600 11 24 0.0486
a range +0 +6600 11 32 0.0486
a range +0 +6600 12 23 0.0486
a range +0 +6600 12 31 0.0481
a range +0 +6600 13 30 0.0487
a range +0 +6600 14 29 0.0487
a range +0 +6600 15 28 0.0478
a range +0 +6600 15 36 0.0489
a range +0 +6600 16 11 0.0476
a range +0 +6600 16 35 0.0489
a range +0 +6600 17 6 0.0545
a range +0 +6600 17 34 0.0490
a range +0 +6600 18 33 0.0490
a range +0 +6600 19 24 0.0478
a range +0 +6600 19 32 0.0489
a range +0 +6600 20 7 0.0476
a range +0 +6600 20 31 0.0489
a range +0 +6600 21 3 0.0545
a range +0 +6600 21 38 0.0490
a range +0 +6600 22 37 0.0490
a range +0 +6600 23 12 0.0486
a range +0 +6600 23 36 0.0479
a range +0 +6600 24 11 0.0486
a range +0 +6600 24 19 0.0478
a range +0 +6600 25 10 0.0487
a range +0 +6600 26 9 0.0487
a range +0 +6600 27 8 0.0486
a range +0 +6600 27 32 0.0479
a range +0 +6600 28 7 0.0486
a range +0 +6600 28 15 0.0478
a range +0 +6600 29 14 0.0487
a range +0 +6600 30 13 0.0487
a range +0 +6600 31 12 0.0481
a range +0 +6600 31 20 0.0489
a range +0 +6600 32 11 0.0486
a range +0 +6600 32 19 0.0489
a range +0 +6600 32 27 0.0479
a range +0 +6600 33 3 0.0549
a range +0 +6600 33 18 0.0490
a range +0 +6600 34 17 0.0490
a range +0 +6600 35 8 0.0481
a range +0 +6600 35 16 0.0489
a range +0 +6600 36 7 0.0486
a range +0 +6600 36 15 0.0489
a range +0 +6600 36 23 0.0479
a range +0 +6600 37 6 0.0549
a range +0 +6600 37 22 0.0490
a range +0 +6600 38 21 0.0490
a range +0 +7200 1 13 0.0557
a range +0 +7200 1 25 0.0559
a range +0 +7200 4 9 0.0557
a range +0 +7200 4 29 0.0559
a range +1200 +7200 7 19 0.0479
a range +1200 +7200 7 35 0.0481
a range +0 +7200 9 4 0.0557
a range +1200 +7200 11 15 0.0479
a range +1200 +7200 11 31 0.0481
a range +0 +7200 13 1 0.0557
a range +1200 +7200 15 11 0.0479
a range +1200 +7200 15 27 0.0481
a range +1200 +7200 19 7 0.0479
a range +1200 +7200 19 23 0.0481
a range +1200 +7200 23 19 0.0481
a range +1200 +7200 23 35 0.0483
a range +0 +7200 25 1 0.0559
a range +1200 +7200 27 15 0.0481
a range +1200 +7200 27 31 0.0483
a range +0 +7200 29 4 0.0559
a range +1200 +7200 31 11 0.0481
a range +1200 +7200 31 27 0.0483
a range +1200 +7200 35 7 0.0481
a range +1200 +7200 35 23 0.0483
a range +0 +7800 2 21 0.0544
a range +0 +7800 2 33 0.0545
a range +0 +7800 5 17 0.0544
a range +0 +7800 5 37 0.0545
a range +0 +7800 5 39 1102.0661
a range +0 +7800 5 40 1102.0593
a range +0 +7800 5 42 1102.0661
a range +0 +7800 5 43 1102.0593
a range +600 +7800 7 27 0.0480
a range +600 +7800 8 26 0.0481
a range +600 +7800 9 25 0.0481
a range +600 +7800 10 24 0.0481
a range +600 +7800 11 23 0.0480
a range +600 +7800 12 30 0.0481
a range +600 +7800 13 29 0.0481
a range +600 +7800 14 28 0.0481
a range +600 +7800 15 35 0.0484
a range +600 +7800 16 34 0.0484
a range +0 +7800 17 5 0.0544
a range +600 +7800 17 33 0.0485
a range +600 +7800 18 32 0.0484
a range +600 +7800 19 31 0.0484
a range +600 +7800 20 38 0.0484
a range +0 +7800 21 2 0.0544
a range +600 +7800 21 37 0.0485
a range +600 +7800 22 36 0.0484
a range +600 +7800 23 11 0.0480
a range +600 +7800 24 10 0.0481
a range +600 +7800 25 9 0.0481
a range +600 +7800 26 8 0.0481
a range +600 +7800 27 7 0.0480
a range +600 +7800 28 14 0.0481
a range +600 +7800 29 13 0.0481
a range +600 +7800 30 12 0.0481
a range +600 +7800 31 19 0.0484
a range +600 +7800 32 18 0.0484
a range +0 +7800 33 2 0.0545
a range +600 +7800 33 17 0.0485
a range +600 +7800 34 16 0.0484
a range +600 +7800 35 15 0.0484
a range +600 +7800 36 22 0.0484
a range +0 +7800 37 5 0.0545
a range +600 +7800 37 21 0.0485
a range +600 +7800 38 20 0.0484
a range +0 +7800 39 5 1102.0661
a range +0 +7800 40 5 1102.0593
a range +0 +7800 42 5 1102.0661
a range +0 +7800 43 5 1102.0593
a range +0 +9000 1 24 0.0540
a range +0 +9000 4 28 0.0540
a range +2400 +9000 7 18 0.0482
a range +1800 +9000 7 26 0.0474
a range +1800 +9000 7 34 0.0475
a range +1800 +9000 8 25 0.0475
a range +1800 +9000 9 24 0.0475
a range +1800 +9000 10 15 0.0470
a range +1800 +9000 10 23 0.0474
a range +1800 +9000 10 31 0.0481
a range +2400 +9000 11 22 0.0482
a range +1800 +9000 11 30 0.0474
a range +1800 +9000 11 38 0.0475
a range +1800 +9000 12 29 0.0475
a range +1800 +9000 13 28 0.0475
a range +1800 +9000 14 19 0.0470
a range +1800 +9000 14 27 0.0474
a range +1800 +9000 14 35 0.0481
a range +1800 +9000 15 10 0.0470
a range +1800 +9000 15 26 0.0484
a range +1800 +9000 15 34 0.0478
a range +1800 +9000 16 33 0.0478
a range +1800 +9000 17 32 0.0478
a range +2400 +9000 18 7 0.0482
a range +1800 +9000 18 23 0.0472
a range +1800 +9000 18 31 0.0478
a range +1800 +9000 19 14 0.0470
a range +1800 +9000 19 30 0.0484
a range +1800 +9000 19 38 0.0478
a range +1800 +9000 20 37 0.0478
a range +1800 +9000 21 36 0.0478
a range +2400 +9000 22 11 0.0482
a range +1800 +9000 22 27 0.0472
a range +1800 +9000 22 35 0.0478
a range +1800 +9000 23 10 0.0474
a range +1800 +9000 23 18 0.0472
a range +1800 +9000 23 34 0.0485
a range +0 +9000 24 1 0.0540
a range +1800 +9000 24 9 0.0475
a range +1800 +9000 25 8 0.0475
a range +1800 +9000 26 7 0.0474
a range +1800 +9000 26 15 0.0484
a range +1800 +9000 26 31 0.0473
a range +1800 +9000 27 14 0.0474
a range +1800 +9000 27 22 0.0472
a range +1800 +9000 27 38 0.0485
a range +0 +9000 28 4 0.0540
a range +1800 +9000 28 13 0.0475
a range +1800 +9000 29 12 0.0475
a range +1800 +9000 30 11 0.0474
a range +1800 +9000 30 19 0.0484
a range +1800 +9000 30 35 0.0473
a range +1800 +9000 31 10 0.0481
a range +1800 +9000 31 18 0.0478
a range +1800 +9000 31 26 0.0473
a range +1800 +9000 32 17 0.0478
a range +1800 +9000 33 16 0.0478
a range +1800 +9000 34 7 0.0475
a range +1800 +9000 34 15 0.0478
a range +1800 +9000 34 23 0.0485
a range +1800 +9000 35 14 0.0481
a range +1800 +9000 35 22 0.0478
a range +1800 +9000 35 30 0.0473
a range +1800 +9000 36 21 0.0478
a range +1800 +9000 37 20 0.0478
a range +1800 +9000 38 11 0.0475
a range +1800 +9000 38 19 0.0478
a range +1800 +9000 38 27 0.0485
a range +0 +9600 1 12 0.0552
a range +0 +9600 2 20 0.0553
a range +0 +9600 2 32 0.0556
a range +0 +9600 4 8 0.0552
a range +0 +9600 5 16 0.0553
a range +0 +9600 5 36 0.0556
a range +0 +9600 8 4 0.0552
a range +3600 +9600 10 22 0.0471
a range +3600 +9600 10 38 0.0473
a range +0 +9600 12 1 0.0552
a range +3600 +9600 14 18 0.0471
a range +3600 +9600 14 34 0.0473
a range +0 +9600 16 5 0.0553
a range +3600 +9600 18 14 0.0471
a range +3600 +9600 18 30 0.0473
a range +0 +9600 20 2 0.0553
a range +3600 +9600 22 10 0.0471
a range +3600 +9600 22 26 0.0473
a range +3600 +9600 26 22 0.0473
a range +3600 +9600 26 38 0.0475
a range +3600 +9600 30 18 0.0473
a range +3600 +9600 30 34 0.0475
a range +0 +9600 32 2 0.0556
a range +3600 +9600 34 14 0.0473
a range +3600 +9600 34 30 0.0475
a range +0 +9600 36 5 0.0556
a range +3600 +9600 38 10 0.0473
a range +3600 +9600 38 26 0.0475
a range +1200 +10200 3 9 0.0541
a range +2400 +10200 3 28 0.0541
a range +1200 +10200 3 29 0.0540
a range +1200 +10200 6 13 0.0541
a range +2400 +10200 6 24 0.0541
a range +1200 +10200 6 25 0.0540
a range +3000 +10200 7 25 0.0468
a range +3000 +10200 8 24 0.0468
a range +1200 +10200 9 3 0.0541
a range +3000 +10200 9 23 0.0468
a range +3000 +10200 10 30 0.0468
a range +3000 +10200 11 29 0.0468
a range +3000 +10200 12 28 0.0468
a range +1200 +10200 13 6 0.0541
a range +3000 +10200 13 27 0.0468
a range +3000 +10200 14 26 0.0468
a range +3000 +10200 15 33 0.0472
a range +3000 +10200 16 32 0.0472
a range +3000 +10200 17 31 0.0472
a range +3000 +10200 18 38 0.0471
a range +3000 +10200 19 37 0.0472
a range +3000 +10200 20 36 0.0472
a range +3000 +10200 21 35 0.0472
a range +3000 +10200 22 34 0.0471
a range +3000 +10200 23 9 0.0468
a range +2400 +10200 24 6 0.0541
a range +3000 +10200 24 8 0.0468
a range +1200 +10200 25 6 0.0540
a range +3000 +10200 25 7 0.0468
a range +3000 +10200 26 14 0.0468
a range +3000 +10200 27 13 0.0468
a range +2400 +10200 28 3 0.0541
a range +3000 +10200 28 12 0.0468
a range +1200 +10200 29 3 0.0540
a range +3000 +10200 29 11 0.0468
a range +3000 +10200 30 10 0.0468
a range +3000 +10200 31 17 0.0472
a range +3000 +10200 32 16 0.0472
a range +3000 +10200 33 15 0.0472
a range +3000 +10200 34 22 0.0471
a range +3000 +10200 35 21 0.0472
a range +3000 +10200 36 20 0.0472
a range +3000 +10200 37 19 0.0472
a range +3000 +10200 38 18 0.0471
a range +3000 +10800 3 8 0.0557
a range +3000 +10800 6 12 0.0557
a range +3000 +10800 8 3 0.0557
a range +3000 +10800 12 6 0.0557
a range +4800 +11400 9 38 0.0474
a range +4800 +11400 10 21 0.0475
a range +4200 +11400 10 37 0.0469
a range +4800 +11400 13 34 0.0474
a range +4800 +11400 14 17 0.0475
a range +4200 +11400 14 33 0.0469
a range +4800 +11400 17 14 0.0475
a range +4800 +11400 18 29 0.0477
a range +4800 +11400 21 10 0.0475
a range +4800 +11400 22 25 0.0477
a range +4800 +11400 25 22 0.0477
a range +4800 +11400 26 37 0.0479
a range +4800 +11400 29 18 0.0477
a range +4800 +11400 30 33 0.0479
a range +0 +11400 32 39 1102.2015
a range +0 +11400 32 40 1102.1878
a range +0 +11400 32 42 1102.2015
a range +0 +11400 32 43 1102.1878
a range +4200 +11400 33 14 0.0469
a range +4800 +11400 33 30 0.0479
a range +4800 +11400 34 13 0.0474
a range +4200 +11400 37 10 0.0469
a range +4800 +11400 37 26 0.0479
a range +4800 +11400 38 9 0.0474
a range +0 +11400 39 32 1102.2015
a range +0 +11400 40 32 1102.1878
a range +0 +11400 42 32 1102.2015
a range +0 +11400 43 32 1102.1878
a range +0 +12000 2 19 0.0549
a range +0 +12000 2 31 0.0552
a range +0 +12000 3 7 0.0545
a range +0 +12000 3 27 0.0549
a range +0 +12000 5 15 0.0549
a range +0 +12000 5 35 0.0552
a range +0 +12000 6 11 0.0545
a range +0 +12000 6 23 0.0549
a range +0 +12000 7 3 0.0545
a range +4200 +12000 7 24 0.0496
a range +4200 +12000 8 23 0.0496
a range +4200 +12000 9 22 0.0481
a range +4200 +12000 9 30 0.0496
a range +4200 +12000 10 29 0.0496
a range +0 +12000 11 6 0.0545
a range +4200 +12000 11 28 0.0496
a range +4200 +12000 12 27 0.0496
a range +4200 +12000 13 18 0.0481
a range +4200 +12000 13 26 0.0496
a range +4200 +12000 14 25 0.0496
a range +0 +12000 15 5 0.0549
a range +4200 +12000 15 32 0.0499
a range +4200 +12000 16 31 0.0499
a range +4200 +12000 17 30 0.0482
a range +4200 +12000 17 38 0.0498
a range +4200 +12000 18 13 0.0481
a range +4200 +12000 18 37 0.0498
a range +0 +12000 19 2 0.0549
a range +4200 +12000 19 36 0.0499
a range +4200 +12000 20 35 0.0499
a range +4200 +12000 21 26 0.0482
a range +4200 +12000 21 34 0.0498
a range +4200 +12000 22 9 0.0481
a range +4200 +12000 22 33 0.0498
a range +0 +12000 23 6 0.0549
a range +4200 +12000 23 8 0.0496
a range +4200 +12000 24 7 0.0496
a range +4200 +12000 25 14 0.0496
a range +4200 +12000 25 38 0.0484
a range +4200 +12000 26 13 0.0496
a range +4200 +12000 26 21 0.0482
a range +0 +12000 27 3 0.0549
a range +4200 +12000 27 12 0.0496
a range +4200 +12000 28 11 0.0496
a range +4200 +12000 29 10 0.0496
a range +4200 +12000 29 34 0.0484
a range +4200 +12000 30 9 0.0496
a range +4200 +12000 30 17 0.0482
a range +0 +12000 31 2 0.0552
a range +4200 +12000 31 16 0.0499
a range +4200 +12000 32 15 0.0499
a range +4200 +12000 33 22 0.0498
a range +4200 +12000 34 21 0.0498
a range +4200 +12000 34 29 0.0484
a range +0 +12000 35 5 0.0552
a range +4200 +12000 35 20 0.0499
a range +4200 +12000 36 19 0.0499
a range +4200 +12000 37 18 0.0498
a range +4200 +12000 38 17 0.0498
a range +4200 +12000 38 25 0.0484
a range +3600 +12600 1 20 0.0542
a range +3600 +12600 1 32 0.0541
a range +3600 +12600 4 16 0.0542
a range +3600 +12600 4 36 0.0541
a range +0 +12600 4 39 1102.2575
a range +0 +12600 4 40 1102.2416
a range +0 +12600 4 42 1102.2575
a range +0 +12600 4 43 1102.2416
a range +6600 +12600 9 21 0.0486
a range +6600 +12600 9 37 0.0488
a range +6600 +12600 13 17 0.0486
a range +6600 +12600 13 33 0.0488
a range +3600 +12600 16 4 0.0542
a range +6600 +12600 17 13 0.0486
a range +6600 +12600 17 29 0.0488
a range +3600 +12600 20 1 0.0542
a range +6600 +12600 21 9 0.0486
a range +6600 +12600 21 25 0.0488
a range +6600 +12600 25 21 0.0488
a range +6000 +12600 25 37 0.0490
a range +6600 +12600 29 17 0.0488
a range +6000 +12600 29 33 0.0490
a range +3600 +12600 32 1 0.0541
a range +6600 +12600 33 13 0.0488
a range +6000 +12600 33 29 0.0490
a range +3600 +12600 36 4 0.0541
a range +6600 +12600 37 9 0.0488
a range +6000 +12600 37 25 0.0490
a range +0 +12600 39 4 1102.2575
a range +0 +12600 40 4 1102.2416
a range +0 +12600 42 4 1102.2575
a range +0 +12600 43 4 1102.2416
a range +5400 +13200 1 19 0.0555
a range +5400 +13200 1 31 0.0556
a range +5400 +13200 4 15 0.0555
a range +5400 +13200 4 35 0.0556
a range +5400 +13200 7 23 0.0492
a range +5400 +13200 8 30 0.0491
a range +5400 +13200 9 29 0.0491
a range +5400 +13200 10 28 0.0491
a range +5400 +13200 11 27 0.0492
a range +5400 +13200 12 26 0.0491
a range +5400 +13200 13 25 0.0491
a range +5400 +13200 14 24 0.0491
a range +5400 +13200 15 4 0.0555
a range +5400 +13200 15 31 0.0494
a range +5400 +13200 16 38 0.0494
a range +5400 +13200 17 37 0.0494
a range +5400 +13200 18 36 0.0494
a range +5400 +13200 19 1 0.0555
a range +5400 +13200 19 35 0.0494
a range +5400 +13200 20 34 0.0494
a range +5400 +13200 21 33 0.0494
a range +5400 +13200 22 32 0.0494
a range +5400 +13200 23 7 0.0492
a range +5400 +13200 24 14 0.0491
a range +5400 +13200 25 13 0.0491
a range +5400 +13200 26 12 0.0491
a range +5400 +13200 27 11 0.0492
a range +5400 +13200 28 10 0.0491
a range +5400 +13200 29 9 0.0491
a range +5400 +13200 30 8 0.0491
a range +5400 +13200 31 1 0.0556
a range +5400 +13200 31 15 0.0494
a range +5400 +13200 32 22 0.0494
a range +5400 +13200 33 21 0.0494
a range +5400 +13200 34 20 0.0494
a range +5400 +13200 35 4 0.0556
a range +5400 +13200 35 19 0.0494
a range +5400 +13200 36 18 0.0494
a range +5400 +13200 37 17 0.0494
a range +5400 +13200 38 16 0.0494
a range +7200 +13800 9 20 0.0468
a range +7200 +13800 13 16 0.0468
a range +7200 +13800 16 13 0.0468
a range +7200 +13800 17 28 0.0470
a range +7200 +13800 20 9 0.0468
a range +7200 +13800 21 24 0.0470
a range +7200 +13800 24 21 0.0470
a range +7200 +13800 25 36 0.0472
a range +7200 +13800 28 17 0.0470
a range +7200 +13800 29 32 0.0472
a range +7200 +13800 32 29 0.0472
a range +7200 +13800 36 25 0.0472
a range +0 +14400 1 18 0.0541
a range +0 +14400 1 38 0.0544
a range +0 +14400 3 14 0.0541
a range +0 +14400 3 26 0.0544
a range +0 +14400 4 22 0.0541
a range +0 +14400 4 34 0.0544
a range +0 +14400 6 10 0.0541
a range +0 +14400 6 30 0.0544
a range +7200 +14400 7 30 0.0486
a range +7200 +14400 8 21 0.0476
a range +7200 +14400 8 29 0.0486
a range +7200 +14400 8 37 0.0486
a range +7200 +14400 9 28 0.0486
a range +7200 +14400 9 36 0.0481
a range +0 +14400 10 6 0.0541
a range +7200 +14400 10 27 0.0486
a range +7200 +14400 11 26 0.0486
a range +7200 +14400 12 17 0.0476
a range +7200 +14400 12 25 0.0486
a range +7200 +14400 12 33 0.0486
a range +7200 +14400 13 24 0.0486
a range +7200 +14400 13 32 0.0481
a range +0 +14400 14 3 0.0541
a range +7200 +14400 14 23 0.0486
a range +7200 +14400 15 38 0.0489
a range +7200 +14400 16 29 0.0477
a range +6600 +14400 16 37 0.0489
a range +7200 +14400 17 12 0.0476
a range +6600 +14400 17 36 0.0489
a range +0 +14400 18 1 0.0541
a range +7200 +14400 18 35 0.0489
a range +7200 +14400 19 34 0.0489
a range +7200 +14400 20 25 0.0477
a range +6600 +14400 20 33 0.0489
a range +7200 +14400 21 8 0.0476
a range +6600 +14400 21 32 0.0489
a range +0 +14400 22 4 0.0541
a range +7200 +14400 22 31 0.0489
a range +7200 +14400 23 14 0.0486
a range +7200 +14400 24 13 0.0486
a range +6600 +14400 24 37 0.0479
a range +7200 +14400 25 12 0.0486
a range +7200 +14400 25 20 0.0477
a range +0 +14400 26 3 0.0544
a range +7200 +14400 26 11 0.0486
a range +7200 +14400 27 10 0.0486
a range +7200 +14400 28 9 0.0486
a range +6600 +14400 28 33 0.0479
a range +7200 +14400 29 8 0.0486
a range +7200 +14400 29 16 0.0477
a range +0 +14400 30 6 0.0544
a range +7200 +14400 30 7 0.0486
a range +7200 +14400 31 22 0.0489
a range +7200 +14400 32 13 0.0481
a range +6600 +14400 32 21 0.0489
a range +7200 +14400 33 12 0.0486
a range +6600 +14400 33 20 0.0489
a range +6600 +14400 33 28 0.0479
a range +0 +14400 34 4 0.0544
a range +7200 +14400 34 19 0.0489
a range +7200 +14400 35 18 0.0489
a range +7200 +14400 36 9 0.0481
a range +6600 +14400 36 17 0.0489
a range +7200 +14400 37 8 0.0486
a range +6600 +14400 37 16 0.0489
a range +6600 +14400 37 24 0.0479
a range +0 +14400 38 1 0.0544
a range +7200 +14400 38 15 0.0489
a range +6600 +15000 2 7 0.0544
a range +6600 +15000 2 27 0.0543
a range +6600 +15000 5 11 0.0544
a range +6600 +15000 5 23 0.0543
a range +6600 +15000 7 2 0.0544
a range +9000 +15000 8 20 0.0478
a range +9000 +15000 8 36 0.0481
a range +6600 +15000 11 5 0.0544
a range +9000 +15000 12 16 0.0478
a range +9000 +15000 12 32 0.0481
a range +9000 +15000 16 12 0.0478
a range +9000 +15000 16 28 0.0481
a range +9000 +15000 20 8 0.0478
a range +9000 +15000 20 24 0.0481
a range +6600 +15000 23 5 0.0543
a range +9000 +15000 24 20 0.0481
a range +9000 +15000 24 36 0.0483
a range +6600 +15000 27 2 0.0543
a range +9000 +15000 28 16 0.0481
a range +9000 +15000 28 32 0.0483
a range +9000 +15000 32 12 0.0481
a range +9000 +15000 32 28 0.0483
a range +9000 +15000 36 8 0.0481
a range +9000 +15000 36 24 0.0483
a range +1200 +15600 1 39 1102.3154
a range +1200 +15600 1 42 1102.3154
a range +7800 +15600 2 14 0.0551
a range +7800 +15600 2 26 0.0552
a range +0 +15600 2 39 1102.3407
a range +0 +15600 2 42 1102.3407
a range +0 +15600 3 39 1102.3712
a range +0 +15600 3 42 1102.3712
a range +7800 +15600 5 10 0.0551
a range +7800 +15600 5 30 0.0552
a range +10800 +15600 5 39 1102.3509
a range +10800 +15600 5 42 1102.3509
a range +6000 +15600 6 39 1102.3204
a range +6000 +15600 6 42 1102.3204
a range +8400 +15600 7 29 0.0480
a range +0 +15600 7 39 1102.3348
a range +0 +15600 7 42 1102.3348
a range +8400 +15600 8 28 0.0480
a range +0 +15600 8 39 1102.3401
a range +0 +15600 8 42 1102.3401
a range +8400 +15600 9 27 0.0480
a range +0 +15600 9 39 1102.3487
a range +0 +15600 9 42 1102.3487
a range +7800 +15600 10 5 0.0551
a range +8400 +15600 10 26 0.0481
a range +0 +15600 10 39 1102.3556
a range +0 +15600 10 42 1102.3556
a range +8400 +15600 11 25 0.0480
a range +0 +15600 11 39 1102.3568
a range +0 +15600 11 42 1102.3568
a range +8400 +15600 12 24 0.0480
a range +0 +15600 12 39 1102.3515
a range +0 +15600 12 42 1102.3515
a range +8400 +15600 13 23 0.0480
a range +0 +15600 13 39 1102.3429
a range +0 +15600 13 42 1102.3429
a range +7800 +15600 14 2 0.0551
a range +8400 +15600 14 30 0.0481
a range +0 +15600 14 39 1102.3360
a range +0 +15600 14 42 1102.3360
a range +8400 +15600 15 37 0.0484
a range +0 +15600 15 39 1102.3244
a range +0 +15600 15 42 1102.3244
a range +8400 +15600 16 36 0.0483
a range +0 +15600 16 39 1102.3373
a range +0 +15600 16 42 1102.3373
a range +8400 +15600 17 35 0.0483
a range +0 +15600 17 39 1102.3552
a range +0 +15600 17 42 1102.3552
a range +8400 +15600 18 34 0.0484
a range +0 +15600 18 39 1102.3676
a range +0 +15600 18 42 1102.3676
a range +8400 +15600 19 33 0.0484
a range +0 +15600 19 39 1102.3672
a range +0 +15600 19 42 1102.3672
a range +8400 +15600 20 32 0.0483
a range +0 +15600 20 39 1102.3543
a range +0 +15600 20 42 1102.3543
a range +8400 +15600 21 31 0.0483
a range +0 +15600 21 39 1102.3364
a range +0 +15600 21 42 1102.3364
a range +8400 +15600 22 38 0.0484
a range +0 +15600 22 39 1102.3240
a range +0 +15600 22 42 1102.3240
a range +8400 +15600 23 13 0.0480
a range +0 +15600 23 39 1102.3566
a range +0 +15600 23 42 1102.3566
a range +8400 +15600 24 12 0.0480
a range +0 +15600 24 39 1102.3509
a range +0 +15600 24 42 1102.3509
a range +8400 +15600 25 11 0.0480
a range +0 +15600 25 39 1102.3422
a range +0 +15600 25 42 1102.3422
a range +7800 +15600 26 2 0.0552
a range +8400 +15600 26 10 0.0481
a range +0 +15600 26 39 1102.3356
a range +0 +15600 26 42 1102.3356
a range +8400 +15600 27 9 0.0480
a range +0 +15600 27 39 1102.3350
a range +0 +15600 27 42 1102.3350
a range +8400 +15600 28 8 0.0480
a range +0 +15600 28 39 1102.3407
a range +0 +15600 28 42 1102.3407
a range +8400 +15600 29 7 0.0480
a range +0 +15600 29 39 1102.3494
a range +0 +15600 29 42 1102.3494
a range +7800 +15600 30 5 0.0552
a range +8400 +15600 30 14 0.0481
a range +0 +15600 30 39 1102.3560
a range +0 +15600 30 42 1102.3560
a range +8400 +15600 31 21 0.0483
a range +0 +15600 31 39 1102.3667
a range +0 +15600 31 42 1102.3667
a range +8400 +15600 32 20 0.0483
a range +12000 +15600 32 39 1102.3531
a range +12000 +15600 32 42 1102.3531
a range +8400 +15600 33 19 0.0484
a range +0 +15600 33 39 1102.3353
a range +0 +15600 33 42 1102.3353
a range +8400 +15600 34 18 0.0484
a range +0 +15600 34 39 1102.3236
a range +0 +15600 34 42 1102.3236
a range +8400 +15600 35 17 0.0483
a range +0 +15600 35 39 1102.3249
a range +0 +15600 35 42 1102.3249
a range +8400 +15600 36 16 0.0483
a range +0 +15600 36 39 1102.3385
a range +0 +15600 36 42 1102.3385
a range +8400 +15600 37 15 0.0484
a range +0 +15600 37 39 1102.3563
a range +0 +15600 37 42 1102.3563
a range +8400 +15600 38 22 0.0484
a range +0 +15600 38 39 1102.3680
a range +0 +15600 38 42 1102.3680
a range +1200 +15600 39 1 1102.3154
a range +0 +15600 39 2 1102.3407
a range +0 +15600 39 3 1102.3712
a range +10800 +15600 39 5 1102.3509
a range +6000 +15600 39 6 1102.3204
a range +0 +15600 39 7 1102.3348
a range +0 +15600 39 8 1102.3401
a range +0 +15600 39 9 1102.3487
a range +0 +15600 39 10 1102.3556
a range +0 +15600 39 11 1102.3568
a range +0 +15600 39 12 1102.3515
a range +0 +15600 39 13 1102.3429
a range +0 +15600 39 14 1102.3360
a range +0 +15600 39 15 1102.3244
a range +0 +15600 39 16 1102.3373
a range +0 +15600 39 17 1102.3552
a range +0 +15600 39 18 1102.3676
a range +0 +15600 39 19 1102.3672
a range +0 +15600 39 20 1102.3543
a range +0 +15600 39 21 1102.3364
a range +0 +15600 39 22 1102.3240
a range +0 +15600 39 23 1102.3566
a range +0 +15600 39 24 1102.3509
a range +0 +15600 39 25 1102.3422
a range +0 +15600 39 26 1102.3356
a range +0 +15600 39 27 1102.3350
a range +0 +15600 39 28 1102.3407
a range +0 +15600 39 29 1102.3494
a range +0 +15600 39 30 1102.3560
a range +0 +15600 39 31 1102.3667
a range +12000 +15600 39 32 1102.3531
a range +0 +15600 39 33 1102.3353
a range +0 +15600 39 34 1102.3236
a range +0 +15600 39 35 1102.3249
a range +0 +15600 39 36 1102.3385
a range +0 +15600 39 37 1102.3563
a range +0 +15600 39 38 1102.3680
a range +1200 +15600 42 1 1102.3154
a range +0 +15600 42 2 1102.3407
a range +0 +15600 42 3 1102.3712
a range +10800 +15600 42 5 1102.3509
a range +6000 +15600 42 6 1102.3204
a range +0 +15600 42 7 1102.3348
a range +0 +15600 42 8 1102.3401
a range +0 +15600 42 9 1102.3487
a range +0 +15600 42 10 1102.3556
a range +0 +15600 42 11 1102.3568
a range +0 +15600 42 12 1102.3515
a range +0 +15600 42 13 1102.3429
a range +0 +15600 42 14 1102.3360
a range +0 +15600 42 15 1102.3244
a range +0 +15600 42 16 1102.3373
a range +0 +15600 42 17 1102.3552
a range +0 +15600 42 18 1102.3676
a range +0 +15600 42 19 1102.3672
a range +0 +15600 42 20 1102.3543
a range +0 +15600 42 21 1102.3364
a range +0 +15600 42 22 1102.3240
a range +0 +15600 42 23 1102.3566
a range +0 +15600 42 24 1102.3509
a range +0 +15600 42 25 1102.3422
a range +0 +15600 42 26 1102.3356
a range +0 +15600 42 27 1102.3350
a range +0 +15600 42 28 1102.3407
a range +0 +15600 42 29 1102.3494
a range +0 +15600 42 30 1102.3560
a range +0 +15600 42 31 1102.3667
a range +12000 +15600 42 32 1102.3531
a range +0 +15600 42 33 1102.3353
a range +0 +15600 42 34 1102.3236
a range +0 +15600 42 35 1102.3249
a range +0 +15600 42 36 1102.3385
a range +0 +15600 42 37 1102.3563
a range +0 +15600 42 38 1102.3680
a range +0 +16800 1 37 0.0540
a range +0 +16800 4 33 0.0540
a range +9600 +16800 7 20 0.0469
a range +9600 +16800 7 28 0.0474
a range +9600 +16800 7 36 0.0480
a range +10200 +16800 8 19 0.0482
a range +9600 +16800 8 27 0.0474
a range +9600 +16800 8 35 0.0475
a range +9600 +16800 9 26 0.0474
a range +9600 +16800 10 25 0.0474
a range +9600 +16800 11 16 0.0469
a range +9600 +16800 11 24 0.0474
a range +9600 +16800 11 32 0.0480
a range +10200 +16800 12 15 0.0482
a range +9600 +16800 12 23 0.0474
a range +9600 +16800 12 31 0.0475
a range +9600 +16800 13 30 0.0474
a range +9600 +16800 14 29 0.0474
a range +10200 +16800 15 12 0.0482
a range +9600 +16800 15 28 0.0471
a range +9600 +16800 15 36 0.0477
a range +9600 +16800 16 11 0.0469
a range +9600 +16800 16 27 0.0483
a range +9600 +16800 16 35 0.0477
a range +9600 +16800 17 34 0.0478
a range +9600 +16800 18 33 0.0478
a range +0 +16800 18 40 1102.3948
a range +0 +16800 18 43 1102.3948
a range +10200 +16800 19 8 0.0482
a range +9600 +16800 19 24 0.0471
a range +9600 +16800 19 32 0.0477
a range +9600 +16800 20 7 0.0469
a range +9600 +16800 20 23 0.0483
a range +9600 +16800 20 31 0.0477
a range +9600 +16800 21 38 0.0478
a range +9600 +16800 22 37 0.0478
a range +9600 +16800 23 12 0.0474
a range +9600 +16800 23 20 0.0483
a range +9600 +16800 23 36 0.0473
a range +9600 +16800 24 11 0.0474
a range +9600 +16800 24 19 0.0471
a range +9600 +16800 24 35 0.0485
a range +9600 +16800 25 10 0.0474
a range +9600 +16800 26 9 0.0474
a range +9600 +16800 27 8 0.0474
a range +9600 +16800 27 16 0.0483
a range +9600 +16800 27 32 0.0473
a range +9600 +16800 28 7 0.0474
a range +9600 +16800 28 15 0.0471
a range +9600 +16800 28 31 0.0485
a range +9600 +16800 29 14 0.0474
a range +9600 +16800 30 13 0.0474
a range +9600 +16800 31 12 0.0475
a range +9600 +16800 31 20 0.0477
a range +9600 +16800 31 28 0.0485
a range +9600 +16800 32 11 0.0480
a range +9600 +16800 32 19 0.0477
a range +9600 +16800 32 27 0.0473
a range +0 +16800 33 4 0.0540
a range +9600 +16800 33 18 0.0478
a range +9600 +16800 34 17 0.0478
a range +9600 +16800 35 8 0.0475
a range +9600 +16800 35 16 0.0477
a range +9600 +16800 35 24 0.0485
a range +9600 +16800 36 7 0.0480
a range +9600 +16800 36 15 0.0477
a range +9600 +16800 36 23 0.0473
a range +0 +16800 37 1 0.0540
a range +9600 +16800 37 22 0.0478
a range +9600 +16800 38 21 0.0478
a range +0 +16800 40 18 1102.3948
a range +0 +16800 43 18 1102.3948
a range +0 +17400 1 17 0.0550
a range +0 +17400 2 13 0.0554
a range +0 +17400 2 25 0.0557
a range +9000 +17400 3 22 0.0544
a range +9000 +17400 3 34 0.0543
a range +0 +17400 3 40 1102.4258
a range +0 +17400 3 43 1102.4258
a range +0 +17400 4 21 0.0550
a range +0 +17400 5 9 0.0554
a range +0 +17400 5 29 0.0557
a range +9000 +17400 6 18 0.0544
a range +9000 +17400 6 38 0.0543
a range +11400 +17400 7 19 0.0470
a range +11400 +17400 7 35 0.0473
a range +0 +17400 9 5 0.0554
a range +11400 +17400 11 15 0.0470
a range +11400 +17400 11 31 0.0473
a range +0 +17400 13 2 0.0554
a range +11400 +17400 15 11 0.0470
a range +11400 +17400 15 27 0.0473
a range +0 +17400 17 1 0.0550
a range +9000 +17400 18 6 0.0544
a range +11400 +17400 19 7 0.0470
a range +11400 +17400 19 23 0.0473
a range +0 +17400 21 4 0.0550
a range +9000 +17400 22 3 0.0544
a range +11400 +17400 23 19 0.0473
a range +11400 +17400 23 35 0.0475
a range +0 +17400 25 2 0.0557
a range +11400 +17400 27 15 0.0473
a range +11400 +17400 27 31 0.0475
a range +0 +17400 29 5 0.0557
a range +11400 +17400 31 11 0.0473
a range +11400 +17400 31 27 0.0475
a range +9000 +17400 34 3 0.0543
a range +11400 +17400 35 7 0.0473
a range +11400 +17400 35 23 0.0475
a range +9000 +17400 38 6 0.0543
a range +0 +17400 40 3 1102.4258
a range +0 +17400 43 3 1102.4258
a range +10200 +18000 3 21 0.0548
a range +10200 +18000 3 33 0.0550
a range +10200 +18000 6 17 0.0548
a range +10200 +18000 6 37 0.0550
a range +10800 +18000 8 26 0.0467
a range +10800 +18000 9 25 0.0468
a range +10800 +18000 10 24 0.0467
a range +10800 +18000 12 30 0.0467
a range +10800 +18000 13 29 0.0468
a range +10800 +18000 14 28 0.0467
a range +10800 +18000 15 35 0.0471
a range +10800 +18000 16 34 0.0471
a range +10200 +18000 17 6 0.0548
a range +10800 +18000 17 33 0.0471
a range +10800 +18000 18 32 0.0471
a range +10800 +18000 19 31 0.0471
a range +10800 +18000 20 38 0.0471
a range +10200 +18000 21 3 0.0548
a range +10800 +18000 21 37 0.0471
a range +10800 +18000 22 36 0.0471
a range +10800 +18000 24 10 0.0467
a range +10800 +18000 25 9 0.0468
a range +10800 +18000 26 8 0.0467
a range +10800 +18000 28 14 0.0467
a range +10800 +18000 29 13 0.0468
a range +10800 +18000 30 12 0.0467
a range +10800 +18000 31 19 0.0471
a range +10800 +18000 32 18 0.0471
a range +10200 +18000 33 3 0.0550
a range +10800 +18000 33 17 0.0471
a range +10800 +18000 34 16 0.0471
a range +10800 +18000 35 15 0.0471
a range +10800 +18000 36 22 0.0471
a range +10200 +18000 37 6 0.0550
a range +10800 +18000 37 21 0.0471
a range +10800 +18000 38 20 0.0471
a range +10800 +18600 7 27 0.0500
a range +10800 +18600 11 23 0.0500
a range +10800 +18600 23 11 0.0500
a range +10800 +18600 27 7 0.0500
a range +12600 +19200 7 18 0.0475
a range +12000 +19200 7 34 0.0468
a range +12600 +19200 10 31 0.0474
a range +12600 +19200 11 22 0.0475
a range +12000 +19200 11 38 0.0468
a range +12600 +19200 14 35 0.0474
a range +12600 +19200 15 26 0.0477
a range +12600 +19200 18 7 0.0475
a range +12600 +19200 19 30 0.0477
a range +12600 +19200 22 11 0.0475
a range +12600 +19200 23 34 0.0479
a range +12600 +19200 26 15 0.0477
a range +12600 +19200 27 38 0.0479
a range +12600 +19200 30 19 0.0477
a range +12600 +19200 31 10 0.0474
a range +12000 +19200 34 7 0.0468
a range +12600 +19200 34 23 0.0479
a range +12600 +19200 35 14 0.0474
a range +0 +19200 37 40 1102.4875
a range +0 +19200 37 43 1102.4875
a range +12000 +19200 38 11 0.0468
a range +12600 +19200 38 27 0.0479
a range +0 +19200 40 37 1102.4875
a range +0 +19200 43 37 1102.4875
a range +11400 +19800 1 13 0.0544
a range +11400 +19800 1 25 0.0544
a range +0 +19800 2 12 0.0543
a range +0 +19800 2 24 0.0547
a range +0 +19800 3 20 0.0549
a range +0 +19800 3 32 0.0553
a range +11400 +19800 4 9 0.0544
a range +11400 +19800 4 29 0.0544
a range +0 +19800 5 8 0.0543
a range +0 +19800 5 28 0.0547
a range +0 +19800 6 16 0.0549
a range +0 +19800 6 36 0.0553
a range +12000 +19800 7 26 0.0495
a range +0 +19800 8 5 0.0543
a range +12000 +19800 8 25 0.0496
a range +11400 +19800 9 4 0.0544
a range +12000 +19800 9 24 0.0496
a range +12000 +19800 10 15 0.0481
a range +12000 +19800 10 23 0.0495
a range +12000 +19800 11 30 0.0495
a range +0 +19800 12 2 0.0543
a range +12000 +19800 12 29 0.0496
a range +11400 +19800 13 1 0.0544
a range +12000 +19800 13 28 0.0496
a range +12000 +19800 14 19 0.0481
a range +12000 +19800 14 27 0.0495
a range +12000 +19800 15 10 0.0481
a range +12000 +19800 15 34 0.0498
a range +0 +19800 16 6 0.0549
a range +12000 +19800 16 33 0.0498
a range +12000 +19800 17 32 0.0498
a range +12000 +19800 18 23 0.0482
a range +12000 +19800 18 31 0.0498
a range +12000 +19800 19 14 0.0481
a range +12000 +19800 19 38 0.0498
a range +0 +19800 20 3 0.0549
a range +12000 +19800 20 37 0.0498
a range +12000 +19800 21 36 0.0498
a range +12000 +19800 22 27 0.0482
a range +12000 +19800 22 35 0.0498
a range +12000 +19800 23 10 0.0495
a range +12000 +19800 23 18 0.0482
a range +0 +19800 24 2 0.0547
a range +12000 +19800 24 9 0.0496
a range +11400 +19800 25 1 0.0544
a range +12000 +19800 25 8 0.0496
a range +12000 +19800 26 7 0.0495
a range +12000 +19800 26 31 0.0483
a range +12000 +19800 27 14 0.0495
a range +12000 +19800 27 22 0.0482
a range +0 +19800 28 5 0.0547
a range +12000 +19800 28 13 0.0496
a range +11400 +19800 29 4 0.0544
a range +12000 +19800 29 12 0.0496
a range +12000 +19800 30 11 0.0495
a range +12000 +19800 30 35 0.0483
a range +12000 +19800 31 18 0.0498
a range +12000 +19800 31 26 0.0483
a range +0 +19800 32 3 0.0553
a range +12000 +19800 32 17 0.0498
a range +12000 +19800 33 16 0.0498
a range +12000 +19800 34 15 0.0498
a range +12000 +19800 35 22 0.0498
a range +12000 +19800 35 30 0.0483
a range +0 +19800 36 6 0.0553
a range +12000 +19800 36 21 0.0498
a range +12000 +19800 37 20 0.0498
a range +12000 +19800 38 19 0.0498
a range +12600 +20400 1 12 0.0543
a range +12600 +20400 1 24 0.0545
a range +12600 +20400 4 8 0.0543
a range +12600 +20400 4 28 0.0545
a range +12600 +20400 8 4 0.0543
a range +14400 +20400 10 22 0.0486
a range +14400 +20400 10 38 0.0488
a range +12600 +20400 12 1 0.0543
a range +14400 +20400 14 18 0.0486
a range +14400 +20400 14 34 0.0488
a range +14400 +20400 18 14 0.0486
a range +14400 +20400 18 30 0.0488
a range +14400 +20400 22 10 0.0486
a range +14400 +20400 22 26 0.0488
a range +12600 +20400 24 1 0.0545
a range +14400 +20400 26 22 0.0488
a range +13800 +20400 26 38 0.0490
a range +12600 +20400 28 4 0.0545
a range +14400 +20400 30 18 0.0488
a range +13800 +20400 30 34 0.0490
a range +14400 +20400 34 14 0.0488
a range +13800 +20400 34 30 0.0490
a range +14400 +20400 38 10 0.0488
a range +13800 +20400 38 26 0.0490
a range +13200 +21000 7 25 0.0491
a range +13200 +21000 8 24 0.0491
a range +13200 +21000 9 23 0.0491
a range +13200 +21000 10 30 0.0490
a range +13200 +21000 11 29 0.0491
a range +13200 +21000 12 28 0.0491
a range +13200 +21000 13 27 0.0491
a range +13200 +21000 14 26 0.0490
a range +13200 +21000 15 33 0.0494
a range +13200 +21000 16 32 0.0494
a range +13200 +21000 17 31 0.0494
a range +13200 +21000 18 38 0.0493
a range +13200 +21000 19 37 0.0494
a range +13200 +21000 20 36 0.0494
a range +13200 +21000 21 35 0.0494
a range +13200 +21000 22 34 0.0493
a range +13200 +21000 23 9 0.0491
a range +13200 +21000 24 8 0.0491
a range +13200 +21000 25 7 0.0491
a range +13200 +21000 26 14 0.0490
a range +13200 +21000 27 13 0.0491
a range +13200 +21000 28 12 0.0491
a range +13200 +21000 29 11 0.0491
a range +13200 +21000 30 10 0.0490
a range +13200 +21000 31 17 0.0494
a range +13200 +21000 32 16 0.0494
a range +13200 +21000 33 15 0.0494
a range +13200 +21000 34 22 0.0493
a range +13200 +21000 35 21 0.0494
a range +13200 +21000 36 20 0.0494
a range +13200 +21000 37 19 0.0494
a range +13200 +21000 38 18 0.0493
a range +15000 +21600 10 21 0.0467
a range +15000 +21600 14 17 0.0467
a range +15000 +21600 17 14 0.0467
a range +15000 +21600 18 29 0.0469
a range +15000 +21600 21 10 0.0467
a range +15000 +21600 22 25 0.0469
a range +15000 +21600 25 22 0.0469
a range +15000 +21600 26 37 0.0472
a range +15000 +21600 29 18 0.0469
a range +15000 +21600 30 33 0.0472
a range +15000 +21600 33 30 0.0472
a range +15000 +21600 37 26 0.0472
a range +0 +22200 1 11 0.0541
a range +0 +22200 1 23 0.0545
a range +13800 +22200 2 20 0.0544
a range +13800 +22200 2 32 0.0543
a range +0 +22200 2 40 1102.6119
a range +0 +22200 2 43 1102.6119
a range +0 +22200 3 31 0.0543
a range +0 +22200 4 7 0.0541
a range +0 +22200 4 27 0.0545
a range +13800 +22200 5 16 0.0544
a range +13800 +22200 5 36 0.0543
a range +0 +22200 6 35 0.0543
a range +0 +22200 7 4 0.0541
a range +15000 +22200 7 24 0.0486
a range +15000 +22200 8 23 0.0486
a range +15000 +22200 9 22 0.0475
a range +15000 +22200 9 30 0.0485
a range +15000 +22200 9 38 0.0486
a range +15000 +22200 10 29 0.0485
a range +15000 +22200 10 37 0.0481
a range +0 +22200 11 1 0.0541
a range +15000 +22200 11 28 0.0486
a range +15000 +22200 12 27 0.0486
a range +15000 +22200 13 18 0.0475
a range +15000 +22200 13 26 0.0485
a range +15000 +22200 13 34 0.0486
a range +15000 +22200 14 25 0.0485
a range +15000 +22200 14 33 0.0481
a range +15000 +22200 15 32 0.0489
a range +13800 +22200 16 5 0.0544
a range +15000 +22200 16 31 0.0489
a range +15000 +22200 17 30 0.0477
a range +15000 +22200 17 38 0.0488
a range +15000 +22200 18 13 0.0475
a range +15000 +22200 18 37 0.0488
a range +15000 +22200 19 36 0.0489
a range +13800 +22200 20 2 0.0544
a range +15000 +22200 20 35 0.0489
a range +15000 +22200 21 26 0.0477
a range +15000 +22200 21 34 0.0488
a range +15000 +22200 22 9 0.0475
a range +15000 +22200 22 33 0.0488
a range +0 +22200 23 1 0.0545
a range +15000 +22200 23 8 0.0486
a range +15000 +22200 24 7 0.0486
a range +15000 +22200 25 14 0.0485
a range +14400 +22200 25 38 0.0478
a range +15000 +22200 26 13 0.0485
a range +15000 +22200 26 21 0.0477
a range +0 +22200 27 4 0.0545
a range +15000 +22200 27 12 0.0486
a range +15000 +22200 28 11 0.0486
a range +15000 +22200 29 10 0.0485
a range +14400 +22200 29 34 0.0478
a range +15000 +22200 30 9 0.0485
a range +15000 +22200 30 17 0.0477
a range +0 +22200 31 3 0.0543
a range +15000 +22200 31 16 0.0489
a range +13800 +22200 32 2 0.0543
a range +15000 +22200 32 15 0.0489
a range +15000 +22200 33 14 0.0481
a range +15000 +22200 33 22 0.0488
a range +15000 +22200 34 13 0.0486
a range +15000 +22200 34 21 0.0488
a range +14400 +22200 34 29 0.0478
a range +0 +22200 35 6 0.0543
a range +15000 +22200 35 20 0.0489
a range +13800 +22200 36 5 0.0543
a range +15000 +22200 36 19 0.0489
a range +15000 +22200 37 10 0.0481
a range +15000 +22200 37 18 0.0488
a range +15000 +22200 38 9 0.0486
a range +15000 +22200 38 17 0.0488
a range +14400 +22200 38 25 0.0478
a range +0 +22200 40 2 1102.6119
a range +0 +22200 43 2 1102.6119
a range +15000 +22800 2 31 0.0542
a range +0 +22800 3 19 0.0550
a range +15000 +22800 5 35 0.0542
a range +0 +22800 6 15 0.0550
a range +16800 +22800 9 21 0.0478
a range +16800 +22800 9 37 0.0481
a range +16800 +22800 13 17 0.0478
a range +16800 +22800 13 33 0.0481
a range +0 +22800 15 6 0.0550
a range +16800 +22800 17 13 0.0478
a range +16800 +22800 17 29 0.0480
a range +0 +22800 19 3 0.0550
a range +16800 +22800 21 9 0.0478
a range +16800 +22800 21 25 0.0480
a range +16800 +22800 25 21 0.0480
a range +16800 +22800 25 37 0.0482
a range +16800 +22800 29 17 0.0480
a range +16800 +22800 29 33 0.0482
a range +15000 +22800 31 2 0.0542
a range +16800 +22800 33 13 0.0481
a range +16800 +22800 33 29 0.0482
a range +15000 +22800 35 5 0.0542
a range +16800 +22800 37 9 0.0481
a range +16800 +22800 37 25 0.0482
a range +15000 +23400 2 19 0.0559
a range +15000 +23400 5 15 0.0559
a range +16200 +23400 7 23 0.0480
a range +16200 +23400 8 30 0.0480
a range +16200 +23400 9 29 0.0479
a range +16200 +23400 10 28 0.0479
a range +16200 +23400 11 27 0.0480
a range +16200 +23400 12 26 0.0480
a range +16200 +23400 13 25 0.0479
a range +16200 +23400 14 24 0.0479
a range +15000 +23400 15 5 0.0559
a range +16200 +23400 15 31 0.0483
a range +16200 +23400 16 38 0.0483
a range +16200 +23400 17 37 0.0482
a range +16200 +23400 18 36 0.0483
a range +15000 +23400 19 2 0.0559
a range +16200 +23400 19 35 0.0483
a range +16200 +23400 20 34 0.0483
a range +16200 +23400 21 33 0.0482
a range +16200 +23400 22 32 0.0483
a range +16200 +23400 23 7 0.0480
a range +16200 +23400 24 14 0.0479
a range +16200 +23400 25 13 0.0479
a range +16200 +23400 26 12 0.0480
a range +16200 +23400 27 11 0.0480
a range +16200 +23400 28 10 0.0479
a range +16200 +23400 29 9 0.0479
a range +16200 +23400 30 8 0.0480
a range +16200 +23400 31 15 0.0483
a range +16200 +23400 32 22 0.0483
a range +16200 +23400 33 21 0.0482
a range +16200 +23400 34 20 0.0483
a range +16200 +23400 35 19 0.0483
a range +16200 +23400 36 18 0.0483
a range +16200 +23400 37 17 0.0482
a range +16200 +23400 38 16 0.0483
a range +0 +24600 2 38 0.0540
a range +16800 +24600 3 7 0.0543
a range +16800 +24600 3 27 0.0543
a range +0 +24600 5 34 0.0540
a range +16800 +24600 6 11 0.0543
a range +16800 +24600 6 23 0.0543
a range +16800 +24600 7 3 0.0543
a range +17400 +24600 7 30 0.0473
a range +17400 +24600 8 21 0.0469
a range +17400 +24600 8 29 0.0473
a range +17400 +24600 8 37 0.0480
a range +18000 +24600 9 20 0.0481
a range +17400 +24600 9 28 0.0473
a range +17400 +24600 9 36 0.0475
a range +17400 +24600 10 27 0.0473
a range +16800 +24600 11 6 0.0543
a range +17400 +24600 11 26 0.0473
a range +17400 +24600 12 17 0.0469
a range +17400 +24600 12 25 0.0473
a range +17400 +24600 12 33 0.0480
a range +18000 +24600 13 16 0.0481
a range +17400 +24600 13 24 0.0473
a range +17400 +24600 13 32 0.0475
a range +17400 +24600 14 23 0.0473
a range +17400 +24600 15 38 0.0477
a range +0 +24600 15 40 1102.6981
a range +0 +24600 15 43 1102.6981
a range +18000 +24600 16 13 0.0481
a range +17400 +24600 16 29 0.0471
a range +17400 +24600 16 37 0.0477
a range +17400 +24600 17 12 0.0469
a range +17400 +24600 17 28 0.0483
a range +17400 +24600 17 36 0.0477
a range +17400 +24600 18 35 0.0477
a range +17400 +24600 19 34 0.0477
a range +18000 +24600 20 9 0.0481
a range +17400 +24600 20 25 0.0471
a range +17400 +24600 20 33 0.0477
a range +17400 +24600 21 8 0.0469
a range +17400 +24600 21 24 0.0483
a range +17400 +24600 21 32 0.0477
a range +17400 +24600 22 31 0.0477
a range +16800 +24600 23 6 0.0543
a range +17400 +24600 23 14 0.0473
a range +17400 +24600 24 13 0.0473
a range +17400 +24600 24 21 0.0483
a range +17400 +24600 24 37 0.0473
a range +17400 +24600 25 12 0.0473
a range +17400 +24600 25 20 0.0471
a range +17400 +24600 25 36 0.0485
a range +17400 +24600 26 11 0.0473
a range +16800 +24600 27 3 0.0543
a range +17400 +24600 27 10 0.0473
a range +17400 +24600 28 9 0.0473
a range +17400 +24600 28 17 0.0483
a range +17400 +24600 28 33 0.0473
a range +17400 +24600 29 8 0.0473
a range +17400 +24600 29 16 0.0471
a range +17400 +24600 29 32 0.0485
a range +17400 +24600 30 7 0.0473
a range +17400 +24600 31 22 0.0477
a range +17400 +24600 32 13 0.0475
a range +17400 +24600 32 21 0.0477
a range +17400 +24600 32 29 0.0485
a range +17400 +24600 33 12 0.0480
a range +17400 +24600 33 20 0.0477
a range +17400 +24600 33 28 0.0473
a range +0 +24600 34 5 0.0540
a range +17400 +24600 34 19 0.0477
a range +17400 +24600 35 18 0.0477
a range +0 +24600 35 40 1102.6981
a range +0 +24600 35 43 1102.6981
a range +17400 +24600 36 9 0.0475
a range +17400 +24600 36 17 0.0477
a range +17400 +24600 36 25 0.0485
a range +17400 +24600 37 8 0.0480
a range +17400 +24600 37 16 0.0477
a range +17400 +24600 37 24 0.0473
a range +0 +24600 38 2 0.0540
a range +17400 +24600 38 15 0.0477
a range +0 +24600 40 15 1102.6981
a range +0 +24600 40 35 1102.6981
a range +0 +24600 43 15 1102.6981
a range +0 +24600 43 35 1102.6981
a range +0 +25200 1 10 0.0544
a range +0 +25200 1 30 0.0547
a range +0 +25200 2 18 0.0557
a range +0 +25200 4 14 0.0544
a range +0 +25200 4 26 0.0547
a range +0 +25200 5 22 0.0557
a range +19200 +25200 8 20 0.0470
a range +19200 +25200 8 36 0.0473
a range +0 +25200 10 1 0.0544
a range +19200 +25200 12 16 0.0470
a range +19200 +25200 12 32 0.0473
a range +0 +25200 14 4 0.0544
a range +19200 +25200 16 12 0.0470
a range +19200 +25200 16 28 0.0472
a range +0 +25200 18 2 0.0557
a range +19200 +25200 20 8 0.0470
a range +19200 +25200 20 24 0.0472
a range +0 +25200 22 5 0.0557
a range +19200 +25200 24 20 0.0472
a range +19200 +25200 24 36 0.0474
a range +0 +25200 26 4 0.0547
a range +19200 +25200 28 16 0.0472
a range +19200 +25200 28 32 0.0474
a range +0 +25200 30 1 0.0547
a range +19200 +25200 32 12 0.0473
a range +19200 +25200 32 28 0.0474
a range +19200 +25200 36 8 0.0473
a range +19200 +25200 36 24 0.0474
a range +17400 +25800 3 14 0.0554
a range +17400 +25800 3 26 0.0556
a range +17400 +25800 6 10 0.0554
a range +17400 +25800 6 30 0.0556
a range +17400 +25800 10 6 0.0554
a range +17400 +25800 14 3 0.0554
a range +18600 +25800 15 37 0.0470
a range +18600 +25800 16 36 0.0470
a range +18600 +25800 17 35 0.0470
a range +18600 +25800 18 34 0.0471
a range +18600 +25800 19 33 0.0470
a range +18600 +25800 20 32 0.0470
a range +18600 +25800 21 31 0.0470
a range +18600 +25800 22 38 0.0471
a range +17400 +25800 26 3 0.0556
a range +17400 +25800 30 6 0.0556
a range +18600 +25800 31 21 0.0470
a range +18600 +25800 32 20 0.0470
a range +18600 +25800 33 19 0.0470
a range +18600 +25800 34 18 0.0471
a range +18600 +25800 35 17 0.0470
a range +18600 +25800 36 16 0.0470
a range +18600 +25800 37 15 0.0470
a range +18600 +25800 38 22 0.0471
a range +18600 +26400 7 29 0.0500
a range +18600 +26400 8 28 0.0499
a range +18600 +26400 9 27 0.0500
a range +18600 +26400 10 26 0.0500
a range +18600 +26400 11 25 0.0500
a range +18600 +26400 12 24 0.0499
a range +18600 +26400 13 23 0.0500
a range +18600 +26400 14 30 0.0500
a range +18600 +26400 23 13 0.0500
a range +18600 +26400 24 12 0.0499
a range +18600 +26400 25 11 0.0500
a range +18600 +26400 26 10 0.0500
a range +18600 +26400 27 9 0.0500
a range +18600 +26400 28 8 0.0499
a range +18600 +26400 29 7 0.0500
a range +18600 +26400 30 14 0.0500
a range +19200 +27000 1 18 0.0542
a range +19200 +27000 1 38 0.0542
a range +1200 +27000 1 40 1102.7998
a range +1200 +27000 1 43 1102.7998
a range +19200 +27000 4 22 0.0542
a range +19200 +27000 4 34 0.0542
a range +20400 +27000 7 36 0.0473
a range +20400 +27000 8 19 0.0474
a range +19800 +27000 8 35 0.0468
a range +20400 +27000 11 32 0.0473
a range +20400 +27000 12 15 0.0474
a range +19800 +27000 12 31 0.0468
a range +20400 +27000 15 12 0.0474
a range +20400 +27000 16 27 0.0476
a range +19200 +27000 18 1 0.0542
a range +20400 +27000 19 8 0.0474
a range +20400 +27000 20 23 0.0476
a range +19200 +27000 22 4 0.0542
a range +20400 +27000 23 20 0.0476
a range +20400 +27000 24 35 0.0478
a range +20400 +27000 27 16 0.0476
a range +20400 +27000 28 31 0.0478
a range +19800 +27000 31 12 0.0468
a range +20400 +27000 31 28 0.0478
a range +20400 +27000 32 11 0.0473
a range +19200 +27000 34 4 0.0542
a range +0 +27000 34 40 1102.7924
a range +0 +27000 34 43 1102.7924
a range +19800 +27000 35 8 0.0468
a range +20400 +27000 35 24 0.0478
a range +20400 +27000 36 7 0.0473
a range +19200 +27000 38 1 0.0542
a range +1200 +27000 40 1 1102.7998
a range +0 +27000 40 34 1102.7924
a range +1200 +27000 43 1 1102.7998
a range +0 +27000 43 34 1102.7924
a range +0 +27600 2 17 0.0540
a range +0 +27600 2 37 0.0543
a range +0 +27600 3 13 0.0549
a range +0 +27600 3 25 0.0552
a range +0 +27600 5 21 0.0540
a range +0 +27600 5 33 0.0543
a range +0 +27600 6 9 0.0549
a range +0 +27600 6 29 0.0552
a range +19800 +27600 7 20 0.0480
a range +19800 +27600 7 28 0.0495
a range +19800 +27600 8 27 0.0495
a range +0 +27600 9 6 0.0549
a range +19800 +27600 9 26 0.0495
a range +19800 +27600 10 25 0.0495
a range +19800 +27600 11 16 0.0480
a range +19800 +27600 11 24 0.0495
a range +19800 +27600 12 23 0.0495
a range +0 +27600 13 3 0.0549
a range +19800 +27600 13 30 0.0495
a range +19800 +27600 14 29 0.0495
a range +19800 +27600 15 28 0.0482
a range +19800 +27600 15 36 0.0497
a range +19800 +27600 16 11 0.0480
a range +19800 +27600 16 35 0.0497
a range +0 +27600 17 2 0.0540
a range +19800 +27600 17 34 0.0498
a range +19800 +27600 18 33 0.0498
a range +19800 +27600 19 24 0.0482
a range +19800 +27600 19 32 0.0497
a range +19800 +27600 20 7 0.0480
a range +19800 +27600 20 31 0.0497
a range +0 +27600 21 5 0.0540
a range +19800 +27600 21 38 0.0498
a range +19800 +27600 22 37 0.0498
a range +19800 +27600 23 12 0.0495
a range +19800 +27600 23 36 0.0483
a range +19800 +27600 24 11 0.0495
a range +19800 +27600 24 19 0.0482
a range +0 +27600 25 3 0.0552
a range +19800 +27600 25 10 0.0495
a range +19800 +27600 26 9 0.0495
a range +19800 +27600 27 8 0.0495
a range +19800 +27600 27 32 0.0483
a range +19800 +27600 28 7 0.0495
a range +19800 +27600 28 15 0.0482
a range +0 +27600 29 6 0.0552
a range +19800 +27600 29 14 0.0495
a range +19800 +27600 30 13 0.0495
a range +19800 +27600 31 20 0.0497
a range +19800 +27600 32 19 0.0497
a range +19800 +27600 32 27 0.0483
a range +0 +27600 33 5 0.0543
a range +19800 +27600 33 18 0.0498
a range +19800 +27600 34 17 0.0498
a range +19800 +27600 35 16 0.0497
a range +19800 +27600 36 15 0.0497
a range +19800 +27600 36 23 0.0483
a range +0 +27600 37 2 0.0543
a range +19800 +27600 37 22 0.0498
a range +19800 +27600 38 21 0.0498
a range +19800 +28200 1 17 0.0551
a range +19800 +28200 1 37 0.0553
a range +19800 +28200 4 21 0.0551
a range +19800 +28200 4 33 0.0553
a range +22200 +28200 7 19 0.0485
a range +22200 +28200 7 35 0.0488
a range +22200 +28200 11 15 0.0485
a range +22200 +28200 11 31 0.0488
a range +22200 +28200 15 11 0.0485
a range +22200 +28200 15 27 0.0487
a range +19800 +28200 17 1 0.0551
a range +22200 +28200 19 7 0.0485
a range +22200 +28200 19 23 0.0487
a range +19800 +28200 21 4 0.0551
a range +22200 +28200 23 19 0.0487
a range +21600 +28200 23 35 0.0489
a range +22200 +28200 27 15 0.0487
a range +21600 +28200 27 31 0.0489
a range +22200 +28200 31 11 0.0488
a range +21600 +28200 31 27 0.0489
a range +19800 +28200 33 4 0.0553
a range +22200 +28200 35 7 0.0488
a range +21600 +28200 35 23 0.0489
a range +19800 +28200 37 1 0.0553
a range +21000 +28800 7 27 0.0490
a range +21000 +28800 8 26 0.0490
a range +21000 +28800 9 25 0.0491
a range +21000 +28800 10 24 0.0490
a range +21000 +28800 11 23 0.0490
a range +21000 +28800 12 30 0.0490
a range +21000 +28800 13 29 0.0491
a range +21000 +28800 14 28 0.0490
a range +21000 +28800 15 35 0.0493
a range +21000 +28800 16 34 0.0493
a range +21000 +28800 17 33 0.0493
a range +21000 +28800 18 32 0.0493
a range +21000 +28800 19 31 0.0493
a range +21000 +28800 20 38 0.0493
a range +21000 +28800 21 37 0.0493
a range +21000 +28800 22 36 0.0493
a range +21000 +28800 23 11 0.0490
a range +21000 +28800 24 10 0.0490
a range +21000 +28800 25 9 0.0491
a range +21000 +28800 26 8 0.0490
a range +21000 +28800 27 7 0.0490
a range +21000 +28800 28 14 0.0490
a range +21000 +28800 29 13 0.0491
a range +21000 +28800 30 12 0.0490
a range +21000 +28800 31 19 0.0493
a range +21000 +28800 32 18 0.0493
a range +21000 +28800 33 17 0.0493
a range +21000 +28800 34 16 0.0493
a range +21000 +28800 35 15 0.0493
a range +21000 +28800 36 22 0.0493
a range +21000 +28800 37 21 0.0493
a range +21000 +28800 38 20 0.0493
a range +21600 +29400 2 13 0.0540
a range +21600 +29400 2 25 0.0540
a range +21600 +29400 5 9 0.0540
a range +21600 +29400 5 29 0.0540
a range +21600 +29400 9 5 0.0540
a range +21600 +29400 13 2 0.0540
a range +22800 +29400 15 26 0.0469
a range +22800 +29400 19 30 0.0469
a range +22800 +29400 23 34 0.0471
a range +21600 +29400 25 2 0.0540
a range +22800 +29400 26 15 0.0469
a range +22800 +29400 27 38 0.0471
a range +21600 +29400 29 5 0.0540
a range +22800 +29400 30 19 0.0469
a range +22800 +29400 34 23 0.0471
a range +22800 +29400 38 27 0.0471
a range +0 +30000 1 16 0.0544
a range +0 +30000 1 36 0.0548
a range +0 +30000 4 20 0.0544
a range +0 +30000 4 32 0.0548
a range +22800 +30000 7 18 0.0487
a range +22800 +30000 7 26 0.0484
a range +22800 +30000 7 34 0.0480
a range +22800 +30000 8 25 0.0485
a range +22800 +30000 9 24 0.0485
a range +22800 +30000 10 15 0.0475
a range +22800 +30000 10 23 0.0484
a range +22800 +30000 10 31 0.0486
a range +22800 +30000 11 22 0.0487
a range +22800 +30000 11 30 0.0484
a range +22800 +30000 11 38 0.0480
a range +22800 +30000 12 29 0.0485
a range +22800 +30000 13 28 0.0485
a range +22800 +30000 14 19 0.0475
a range +22800 +30000 14 27 0.0484
a range +22800 +30000 14 35 0.0486
a range +22800 +30000 15 10 0.0475
a range +22800 +30000 15 34 0.0488
a range +0 +30000 16 1 0.0544
a range +22800 +30000 16 33 0.0488
a range +22800 +30000 17 32 0.0488
a range +22800 +30000 18 7 0.0487
a range +22800 +30000 18 23 0.0477
a range +22800 +30000 18 31 0.0488
a range +22800 +30000 19 14 0.0475
a range +22800 +30000 19 38 0.0488
a range +0 +30000 20 4 0.0544
a range +22800 +30000 20 37 0.0488
a range +22800 +30000 21 36 0.0488
a range +0 +30000 21 40 1102.9107
a range +0 +30000 21 43 1102.9107
a range +22800 +30000 22 11 0.0487
a range +22800 +30000 22 27 0.0477
a range +22800 +30000 22 35 0.0488
a range +22800 +30000 23 10 0.0484
a range +22800 +30000 23 18 0.0477
a range +22800 +30000 24 9 0.0485
a range +22800 +30000 25 8 0.0485
a range +22800 +30000 26 7 0.0484
a range +22200 +30000 26 31 0.0478
a range +22800 +30000 27 14 0.0484
a range +22800 +30000 27 22 0.0477
a range +22800 +30000 28 13 0.0485
a range +22800 +30000 29 12 0.0485
a range +22800 +30000 30 11 0.0484
a range +22200 +30000 30 35 0.0478
a range +22800 +30000 31 10 0.0486
a range +22800 +30000 31 18 0.0488
a range +22200 +30000 31 26 0.0478
a range +0 +30000 32 4 0.0548
a range +22800 +30000 32 17 0.0488
a range +22800 +30000 33 16 0.0488
a range +22800 +30000 34 7 0.0480
a range +22800 +30000 34 15 0.0488
a range +22800 +30000 35 14 0.0486
a range +22800 +30000 35 22 0.0488
a range +22200 +30000 35 30 0.0478
a range +0 +30000 36 1 0.0548
a range +22800 +30000 36 21 0.0488
a range +22800 +30000 37 20 0.0488
a range +22800 +30000 38 11 0.0480
a range +22800 +30000 38 19 0.0488
a range +0 +30000 40 21 1102.9107
a range +0 +30000 43 21 1102.9107
a range +22200 +30600 2 12 0.0545
a range +22200 +30600 2 24 0.0547
a range +0 +30600 3 12 0.0542
a range +0 +30600 3 24 0.0545
a range +22200 +30600 5 8 0.0545
a range +22200 +30600 5 28 0.0547
a range +0 +30600 6 8 0.0542
a range +0 +30600 6 28 0.0545
a range +22200 +30600 8 5 0.0545
a range +0 +30600 8 6 0.0542
a range +24600 +30600 10 22 0.0477
a range +24600 +30600 10 38 0.0480
a range +22200 +30600 12 2 0.0545
a range +0 +30600 12 3 0.0542
a range +24600 +30600 14 18 0.0477
a range +24600 +30600 14 34 0.0480
a range +24600 +30600 18 14 0.0477
a range +24600 +30600 18 30 0.0480
a range +24600 +30600 22 10 0.0477
a range +24600 +30600 22 26 0.0480
a range +22200 +30600 24 2 0.0547
a range +0 +30600 24 3 0.0545
a range +24600 +30600 26 22 0.0480
a range +24600 +30600 26 38 0.0482
a range +22200 +30600 28 5 0.0547
a range +0 +30600 28 6 0.0545
a range +24600 +30600 30 18 0.0480
a range +24600 +30600 30 34 0.0482
a range +24600 +30600 34 14 0.0480
a range +24600 +30600 34 30 0.0482
a range +24600 +30600 38 10 0.0480
a range +24600 +30600 38 26 0.0482
a range +24000 +31200 7 25 0.0479
a range +24000 +31200 8 24 0.0479
a range +24000 +31200 9 23 0.0479
a range +24000 +31200 10 30 0.0478
a range +24000 +31200 11 29 0.0479
a range +24000 +31200 12 28 0.0479
a range +24000 +31200 13 27 0.0479
a range +24000 +31200 14 26 0.0478
a range +24000 +31200 15 33 0.0482
a range +24000 +31200 16 32 0.0483
a range +24000 +31200 17 31 0.0482
a range +24000 +31200 18 38 0.0482
a range +24000 +31200 19 37 0.0482
a range +24000 +31200 20 36 0.0483
a range +24000 +31200 21 35 0.0482
a range +24000 +31200 22 34 0.0482
a range +24000 +31200 23 9 0.0479
a range +24000 +31200 24 8 0.0479
a range +24000 +31200 25 7 0.0479
a range +24000 +31200 26 14 0.0478
a range +24000 +31200 27 13 0.0479
a range +24000 +31200 28 12 0.0479
a range +24000 +31200 29 11 0.0479
a range +24000 +31200 30 10 0.0478
a range +24000 +31200 31 17 0.0482
a range +24000 +31200 32 16 0.0483
a range +24000 +31200 33 15 0.0482
a range +24000 +31200 34 22 0.0482
a range +24000 +31200 35 21 0.0482
a range +24000 +31200 36 20 0.0483
a range +24000 +31200 37 19 0.0482
a range +24000 +31200 38 18 0.0482
a range +0 +32400 2 23 0.0540
a range +24000 +32400 3 20 0.0553
a range +24000 +32400 3 32 0.0553
a range +0 +32400 5 27 0.0540
a range +24000 +32400 6 16 0.0553
a range +24000 +32400 6 36 0.0553
a range +6000 +32400 6 40 1103.0142
a range +30000 +32400 6 41 1103.0222
a range +6000 +32400 6 43 1103.0142
a range +30000 +32400 6 44 1103.0222
a range +25200 +32400 7 24 0.0473
a range +25200 +32400 8 23 0.0473
a range +25200 +32400 9 22 0.0469
a range +25200 +32400 9 30 0.0472
a range +25200 +32400 9 38 0.0480
a range +25800 +32400 10 21 0.0481
a range +25200 +32400 10 29 0.0472
a range +25200 +32400 10 37 0.0474
a range +25200 +32400 11 28 0.0473
a range +25200 +32400 12 27 0.0473
a range +25200 +32400 13 18 0.0469
a range +25200 +32400 13 26 0.0472
a range +25200 +32400 13 34 0.0480
a range +25800 +32400 14 17 0.0481
a range +25200 +32400 14 25 0.0472
a range +25200 +32400 14 33 0.0474
a range +25200 +32400 15 32 0.0476
a range +24000 +32400 16 6 0.0553
a range +25200 +32400 16 31 0.0476
a range +25800 +32400 17 14 0.0481
a range +25200 +32400 17 30 0.0471
a range +25200 +32400 17 38 0.0476
a range +25200 +32400 18 13 0.0469
a range +25200 +32400 18 29 0.0483
a range +25200 +32400 18 37 0.0476
a range +25200 +32400 19 36 0.0476
a range +24000 +32400 20 3 0.0553
a range +25200 +32400 20 35 0.0476
a range +0 +32400 20 40 1103.0058
a range +30000 +32400 20 41 1103.0138
a range +0 +32400 20 43 1103.0058
a range +30000 +32400 20 44 1103.0138
a range +25800 +32400 21 10 0.0481
a range +25200 +32400 21 26 0.0471
a range +25200 +32400 21 34 0.0476
a range +25200 +32400 22 9 0.0469
a range +25200 +32400 22 25 0.0483
a range +25200 +32400 22 33 0.0476
a range +0 +32400 23 2 0.0540
a range +25200 +32400 23 8 0.0473
a range +25200 +32400 24 7 0.0473
a range +25200 +32400 25 14 0.0472
a range +25200 +32400 25 22 0.0483
a range +25200 +32400 25 38 0.0472
a range +25200 +32400 26 13 0.0472
a range +25200 +32400 26 21 0.0471
a range +25200 +32400 26 37 0.0484
a range +0 +32400 27 5 0.0540
a range +25200 +32400 27 12 0.0473
a range +25200 +32400 28 11 0.0473
a range +25200 +32400 29 10 0.0472
a range +25200 +32400 29 18 0.0483
a range +25200 +32400 29 34 0.0472
a range +25200 +32400 30 9 0.0472
a range +25200 +32400 30 17 0.0471
a range +25200 +32400 30 33 0.0484
a range +25200 +32400 31 16 0.0476
a range +24000 +32400 32 3 0.0553
a range +25200 +32400 32 15 0.0476
a range +12000 +32400 32 40 1103.0058
a range +30000 +32400 32 41 1103.0138
a range +12000 +32400 32 43 1103.0058
a range +30000 +32400 32 44 1103.0138
a range +25200 +32400 33 14 0.0474
a range +25200 +32400 33 22 0.0476
a range +25200 +32400 33 30 0.0484
a range +25200 +32400 34 13 0.0480
a range +25200 +32400 34 21 0.0476
a range +25200 +32400 34 29 0.0472
a range +25200 +32400 35 20 0.0476
a range +24000 +32400 36 6 0.0553
a range +25200 +32400 36 19 0.0476
a range +25200 +32400 37 10 0.0474
a range +25200 +32400 37 18 0.0476
a range +25200 +32400 37 26 0.0484
a range +25200 +32400 38 9 0.0480
a range +25200 +32400 38 17 0.0476
a range +25200 +32400 38 25 0.0472
a range +6000 +32400 40 6 1103.0142
a range +0 +32400 40 20 1103.0058
a range +12000 +32400 40 32 1103.0058
a range +30000 +32400 41 6 1103.0222
a range +30000 +32400 41 20 1103.0138
a range +30000 +32400 41 32 1103.0138
a range +6000 +32400 43 6 1103.0142
a range +0 +32400 43 20 1103.0058
a range +12000 +32400 43 32 1103.0058
a range +30000 +32400 44 6 1103.0222
a range +30000 +32400 44 20 1103.0138
a range +30000 +32400 44 32 1103.0138
a range +0 +33000 1 35 0.0542
a range +0 +33000 2 11 0.0555
a range +25200 +33000 3 19 0.0541
a range +25200 +33000 3 31 0.0544
a range +0 +33000 4 31 0.0542
a range +0 +33000 5 7 0.0555
a range +25200 +33000 6 15 0.0541
a range +25200 +33000 6 35 0.0544
a range +0 +33000 7 5 0.0555
a range +27000 +33000 9 21 0.0469
a range +27000 +33000 9 37 0.0472
a range +0 +33000 11 2 0.0555
a range +27000 +33000 13 17 0.0469
a range +27000 +33000 13 33 0.0472
a range +25200 +33000 15 6 0.0541
a range +27000 +33000 17 13 0.0469
a range +27000 +33000 17 29 0.0472
a range +25200 +33000 19 3 0.0541
a range +27000 +33000 21 9 0.0469
a range +27000 +33000 21 25 0.0472
a range +27000 +33000 25 21 0.0472
a range +27000 +33000 25 37 0.0474
a range +27000 +33000 29 17 0.0472
a range +27000 +33000 29 33 0.0474
a range +25200 +33000 31 3 0.0544
a range +0 +33000 31 4 0.0542
a range +27000 +33000 33 13 0.0472
a range +27000 +33000 33 29 0.0474
a range +0 +33000 35 1 0.0542
a range +25200 +33000 35 6 0.0544
a range +27000 +33000 37 9 0.0472
a range +27000 +33000 37 25 0.0474
a range +0 +33600 1 15 0.0543
a range +0 +33600 4 19 0.0543
a range +0 +33600 15 1 0.0543
a range +26400 +33600 15 31 0.0470
a range +26400 +33600 16 38 0.0470
a range +26400 +33600 17 37 0.0469
a range +26400 +33600 18 36 0.0470
a range +0 +33600 19 4 0.0543
a range +26400 +33600 19 35 0.0470
a range +26400 +33600 20 34 0.0470
a range +26400 +33600 21 33 0.0469
a range +26400 +33600 22 32 0.0470
a range +26400 +33600 31 15 0.0470
a range +26400 +33600 32 22 0.0470
a range +26400 +33600 33 21 0.0469
a range +26400 +33600 34 20 0.0470
a range +26400 +33600 35 19 0.0470
a range +26400 +33600 36 18 0.0470
a range +26400 +33600 37 17 0.0469
a range +26400 +33600 38 16 0.0470
a range +26400 +34200 7 23 0.0500
a range +26400 +34200 8 30 0.0499
a range +26400 +34200 9 29 0.0499
a range +26400 +34200 10 28 0.0499
a range +26400 +34200 11 27 0.0500
a range +26400 +34200 12 26 0.0499
a range +26400 +34200 13 25 0.0499
a range +26400 +34200 14 24 0.0499
a range +26400 +34200 23 7 0.0500
a range +26400 +34200 24 14 0.0499
a range +26400 +34200 25 13 0.0499
a range +26400 +34200 26 12 0.0499
a range +26400 +34200 27 11 0.0500
a range +26400 +34200 28 10 0.0499
a range +26400 +34200 29 9 0.0499
a range +26400 +34200 30 8 0.0499
a range +27000 +34800 1 11 0.0552
a range +27000 +34800 1 23 0.0552
a range +27000 +34800 4 7 0.0552
a range +27000 +34800 4 27 0.0552
a range +27000 +34800 7 4 0.0552
a range +28200 +34800 8 37 0.0473
a range +28200 +34800 9 20 0.0474
a range +27600 +34800 9 36 0.0468
a range +27000 +34800 11 1 0.0552
a range +28200 +34800 12 33 0.0473
a range +28200 +34800 13 16 0.0474
a range +27600 +34800 13 32 0.0468
a range +28200 +34800 16 13 0.0474
a range +28200 +34800 17 28 0.0476
a range +28200 +34800 20 9 0.0474
a range +28200 +34800 21 24 0.0476
a range +27000 +34800 23 1 0.0552
a range +28200 +34800 24 21 0.0476
a range +28200 +34800 25 36 0.0478
a range +27000 +34800 27 4 0.0552
a range +28200 +34800 28 17 0.0476
a range +28200 +34800 29 32 0.0478
a range +0 +34800 31 40 1103.1011
a range +30000 +34800 31 41 1103.1034
a range +0 +34800 31 43 1103.1011
a range +30000 +34800 31 44 1103.1034
a range +27600 +34800 32 13 0.0468
a range +28200 +34800 32 29 0.0478
a range +28200 +34800 33 12 0.0473
a range +27600 +34800 36 9 0.0468
a range +28200 +34800 36 25 0.0478
a range +28200 +34800 37 8 0.0473
a range +0 +34800 40 31 1103.1011
a range +30000 +34800 41 31 1103.1034
a range +0 +34800 43 31 1103.1011
a range +30000 +34800 44 31 1103.1034
a range +0 +35400 3 18 0.0551
a range +0 +35400 3 38 0.0554
a range +0 +35400 6 22 0.0551
a range +0 +35400 6 34 0.0554
a range +27600 +35400 7 30 0.0495
a range +27600 +35400 8 21 0.0480
a range +27600 +35400 8 29 0.0494
a range +27600 +35400 9 28 0.0494
a range +27600 +35400 10 27 0.0495
a range +27600 +35400 11 26 0.0495
a range +27600 +35400 12 17 0.0480
a range +27600 +35400 12 25 0.0494
a range +27600 +35400 13 24 0.0494
a range +27600 +35400 14 23 0.0495
a range +27600 +35400 15 38 0.0497
a range +27600 +35400 16 29 0.0482
a range +27600 +35400 16 37 0.0497
a range +27600 +35400 17 12 0.0480
a range +27600 +35400 17 36 0.0497
a range +0 +35400 18 3 0.0551
a range +27600 +35400 18 35 0.0497
a range +27600 +35400 19 34 0.0497
a range +27600 +35400 20 25 0.0482
a range +27600 +35400 20 33 0.0497
a range +27600 +35400 21 8 0.0480
a range +27600 +35400 21 32 0.0497
a range +0 +35400 22 6 0.0551
a range +27600 +35400 22 31 0.0497
a range +27600 +35400 23 14 0.0495
a range +27600 +35400 24 13 0.0494
a range +27600 +35400 24 37 0.0483
a range +27600 +35400 25 12 0.0494
a range +27600 +35400 25 20 0.0482
a range +27600 +35400 26 11 0.0495
a range +27600 +35400 27 10 0.0495
a range +27600 +35400 28 9 0.0494
a range +27600 +35400 28 33 0.0483
a range +27600 +35400 29 8 0.0494
a range +27600 +35400 29 16 0.0482
a range +27600 +35400 30 7 0.0495
a range +27600 +35400 31 22 0.0497
a range +27600 +35400 32 21 0.0497
a range +27600 +35400 33 20 0.0497
a range +27600 +35400 33 28 0.0483
a range +0 +35400 34 6 0.0554
a range +27600 +35400 34 19 0.0497
a range +27600 +35400 35 18 0.0497
a range +27600 +35400 36 17 0.0497
a range +27600 +35400 37 16 0.0497
a range +27600 +35400 37 24 0.0483
a range +0 +35400 38 3 0.0554
a range +27600 +35400 38 15 0.0497
a range +27600 +36000 1 10 0.0555
a range +27600 +36000 1 30 0.0557
a range +0 +36000 2 30 0.0541
a range +27600 +36000 4 14 0.0555
a range +27600 +36000 4 26 0.0557
a range +0 +36000 5 26 0.0541
a range +30000 +36000 8 20 0.0485
a range +30000 +36000 8 36 0.0487
a range +27600 +36000 10 1 0.0555
a range +30000 +36000 12 16 0.0485
a range +30000 +36000 12 32 0.0487
a range +27600 +36000 14 4 0.0555
a range +30000 +36000 16 12 0.0485
a range +30000 +36000 16 28 0.0487
a range +30000 +36000 20 8 0.0485
a range +30000 +36000 20 24 0.0487
a range +30000 +36000 24 20 0.0487
a range +30000 +36000 24 36 0.0489
a range +27600 +36000 26 4 0.0557
a range +0 +36000 26 5 0.0541
a range +30000 +36000 28 16 0.0487
a range +30000 +36000 28 32 0.0489
a range +27600 +36000 30 1 0.0557
a range +0 +36000 30 2 0.0541
a range +30000 +36000 32 12 0.0487
a range +30000 +36000 32 28 0.0489
a range +30000 +36000 36 8 0.0487
a range +30000 +36000 36 24 0.0489
a range +28800 +36600 7 29 0.0490
a range +28800 +36600 8 28 0.0489
a range +28800 +36600 9 27 0.0490
a range +28800 +36600 10 26 0.0490
a range +28800 +36600 11 25 0.0490
a range +28800 +36600 12 24 0.0489
a range +28800 +36600 13 23 0.0490
a range +28800 +36600 14 30 0.0490
a range +28800 +36600 15 37 0.0492
a range +28800 +36600 16 36 0.0492
a range +28800 +36600 17 35 0.0492
a range +28800 +36600 18 34 0.0493
a range +28800 +36600 19 33 0.0492
a range +28800 +36600 20 32 0.0492
a range +28800 +36600 21 31 0.0492
a range +28800 +36600 22 38 0.0493
a range +28800 +36600 23 13 0.0490
a range +28800 +36600 24 12 0.0489
a range +28800 +36600 25 11 0.0490
a range +28800 +36600 26 10 0.0490
a range +28800 +36600 27 9 0.0490
a range +28800 +36600 28 8 0.0489
a range +28800 +36600 29 7 0.0490
a range +28800 +36600 30 14 0.0490
a range +28800 +36600 31 21 0.0492
a range +28800 +36600 32 20 0.0492
a range +28800 +36600 33 19 0.0492
a range +28800 +36600 34 18 0.0493
a range +28800 +36600 35 17 0.0492
a range +28800 +36600 36 16 0.0492
a range +28800 +36600 37 15 0.0492
a range +28800 +36600 38 22 0.0493
a range +29400 +37200 2 18 0.0550
a range +29400 +37200 2 38 0.0551
a range +29400 +37200 5 22 0.0550
a range +29400 +37200 5 34 0.0551
a range +10800 +37200 5 40 1103.2048
a range +30000 +37200 5 41 1103.2012
a range +10800 +37200 5 43 1103.2048
a range +30000 +37200 5 44 1103.2012
a range +30600 +37200 16 27 0.0469
a range +29400 +37200 18 2 0.0550
a range +30600 +37200 20 23 0.0469
a range +29400 +37200 22 5 0.0550
a range +30600 +37200 23 20 0.0469
a range +30600 +37200 24 35 0.0471
a range +30600 +37200 27 16 0.0469
a range +30600 +37200 28 31 0.0471
a range +30600 +37200 31 28 0.0471
a range +29400 +37200 34 5 0.0551
a range +30600 +37200 35 24 0.0471
a range +29400 +37200 38 2 0.0551
a range +10800 +37200 40 5 1103.2048
a range +30000 +37200 41 5 1103.2012
a range +10800 +37200 43 5 1103.2048
a range +30000 +37200 44 5 1103.2012
a range +0 +37800 1 9 0.0543
a range +0 +37800 1 29 0.0546
a range +0 +37800 4 13 0.0543
a range +0 +37800 4 25 0.0546
a range +30600 +37800 7 20 0.0475
a range +30600 +37800 7 28 0.0484
a range +30600 +37800 7 36 0.0485
a range +30600 +37800 8 19 0.0487
a range +30600 +37800 8 27 0.0484
a range +30600 +37800 8 35 0.0480
a range +0 +37800 9 1 0.0543
a range +30600 +37800 9 26 0.0484
a range +30600 +37800 10 25 0.0484
a range +30600 +37800 11 16 0.0475
a range +30600 +37800 11 24 0.0484
a range +30600 +37800 11 32 0.0485
a range +30600 +37800 12 15 0.0487
a range +30600 +37800 12 23 0.0484
a range +30600 +37800 12 31 0.0480
a range +0 +37800 13 4 0.0543
a range +30600 +37800 13 30 0.0484
a range +30600 +37800 14 29 0.0484
a range +30600 +37800 15 12 0.0487
a range +30600 +37800 15 28 0.0476
a range +30600 +37800 15 36 0.0487
a range +30600 +37800 16 11 0.0475
a range +30600 +37800 16 35 0.0487
a range +30600 +37800 17 34 0.0488
a range +30600 +37800 18 33 0.0488
a range +17400 +37800 18 40 1103.2204
a range +30000 +37800 18 41 1103.2153
a range +17400 +37800 18 43 1103.2204
a range +30000 +37800 18 44 1103.2153
a range +30600 +37800 19 8 0.0487
a range +30600 +37800 19 24 0.0476
a range +30600 +37800 19 32 0.0487
a range +30600 +37800 20 7 0.0475
a range +30600 +37800 20 31 0.0487
a range +30600 +37800 21 38 0.0488
a range +30600 +37800 22 37 0.0488
a range +30600 +37800 23 12 0.0484
a range +30600 +37800 23 36 0.0478
a range +30600 +37800 24 11 0.0484
a range +30600 +37800 24 19 0.0476
a range +0 +37800 25 4 0.0546
a range +30600 +37800 25 10 0.0484
a range +30600 +37800 26 9 0.0484
a range +30600 +37800 27 8 0.0484
a range +30600 +37800 27 32 0.0478
a range +30600 +37800 28 7 0.0484
a range +30600 +37800 28 15 0.0476
a range +0 +37800 29 1 0.0546
a range +30600 +37800 29 14 0.0484
a range +30600 +37800 30 13 0.0484
a range +30600 +37800 31 12 0.0480
a range +30600 +37800 31 20 0.0487
a range +30600 +37800 32 11 0.0485
a range +30600 +37800 32 19 0.0487
a range +30600 +37800 32 27 0.0478
a range +30600 +37800 33 18 0.0488
a range +30600 +37800 34 17 0.0488
a range +30600 +37800 35 8 0.0480
a range +30600 +37800 35 16 0.0487
a range +30600 +37800 36 7 0.0485
a range +30600 +37800 36 15 0.0487
a range +30600 +37800 36 23 0.0478
a range +30600 +37800 37 22 0.0488
a range +30600 +37800 38 21 0.0488
a range +17400 +37800 40 18 1103.2204
a range +30000 +37800 41 18 1103.2153
a range +17400 +37800 43 18 1103.2204
a range +30000 +37800 44 18 1103.2153
a range +30000 +38400 2 17 0.0551
a range +30000 +38400 2 37 0.0554
a range +30000 +38400 5 21 0.0551
a range +30000 +38400 5 33 0.0554
a range +32400 +38400 7 19 0.0477
a range +32400 +38400 7 35 0.0480
a range +32400 +38400 11 15 0.0477
a range +32400 +38400 11 31 0.0480
a range +32400 +38400 15 11 0.0477
a range +32400 +38400 15 27 0.0479
a range +30000 +38400 17 2 0.0551
a range +32400 +38400 19 7 0.0477
a range +32400 +38400 19 23 0.0479
a range +30000 +38400 21 5 0.0551
a range +32400 +38400 23 19 0.0479
a range +32400 +38400 23 35 0.0481
a range +32400 +38400 27 15 0.0479
a range +32400 +38400 27 31 0.0481
a range +32400 +38400 31 11 0.0480
a range +32400 +38400 31 27 0.0481
a range +30000 +38400 33 5 0.0554
a range +32400 +38400 35 7 0.0480
a range +32400 +38400 35 23 0.0481
a range +30000 +38400 37 2 0.0554
a range +31800 +39000 7 27 0.0478
a range +31800 +39000 8 26 0.0478
a range +31800 +39000 9 25 0.0479
a range +31800 +39000 10 24 0.0478
a range +31800 +39000 11 23 0.0478
a range +31800 +39000 12 30 0.0478
a range +31800 +39000 13 29 0.0479
a range +31800 +39000 14 28 0.0478
a range +31800 +39000 15 35 0.0481
a range +31800 +39000 16 34 0.0482
a range +31800 +39000 17 33 0.0482
a range +31800 +39000 18 32 0.0482
a range +31800 +39000 19 31 0.0481
a range +31800 +39000 20 38 0.0482
a range +31800 +39000 21 37 0.0482
a range +31800 +39000 22 36 0.0482
a range +31800 +39000 23 11 0.0478
a range +31800 +39000 24 10 0.0478
a range +31800 +39000 25 9 0.0479
a range +31800 +39000 26 8 0.0478
a range +31800 +39000 27 7 0.0478
a range +31800 +39000 28 14 0.0478
a range +31800 +39000 29 13 0.0479
a range +31800 +39000 30 12 0.0478
a range +31800 +39000 31 19 0.0481
a range +31800 +39000 32 18 0.0482
a range +31800 +39000 33 17 0.0482
a range +31800 +39000 34 16 0.0482
a range +31800 +39000 35 15 0.0481
a range +31800 +39000 36 22 0.0482
a range +31800 +39000 37 21 0.0482
a range +31800 +39000 38 20 0.0482
a range +31800 +39600 3 13 0.0548
a range +31800 +39600 3 25 0.0549
a range +31800 +39600 6 9 0.0548
a range +31800 +39600 6 29 0.0549
a range +31800 +39600 9 6 0.0548
a range +31800 +39600 13 3 0.0548
a range +31800 +39600 25 3 0.0549
a range +31800 +39600 29 6 0.0549
a range +0 +40200 2 36 0.0542
a range +0 +40200 5 32 0.0542
a range +33600 +40200 7 18 0.0481
a range +33000 +40200 7 26 0.0471
a range +33000 +40200 7 34 0.0474
a range +33000 +40200 8 25 0.0472
a range +33000 +40200 9 24 0.0472
a range +33000 +40200 10 15 0.0468
a range +33000 +40200 10 23 0.0471
a range +33000 +40200 10 31 0.0479
a range +33600 +40200 11 22 0.0481
a range +33000 +40200 11 30 0.0471
a range +33000 +40200 11 38 0.0474
a range +33000 +40200 12 29 0.0472
a range +33000 +40200 13 28 0.0472
a range +33000 +40200 14 19 0.0468
a range +33000 +40200 14 27 0.0471
a range +33000 +40200 14 35 0.0479
a range +33000 +40200 15 10 0.0468
a range +33600 +40200 15 26 0.0482
a range +33000 +40200 15 34 0.0475
a range +33000 +40200 16 33 0.0476
a range +33000 +40200 17 32 0.0476
a range +0 +40200 17 40 1103.3159
a range +30000 +40200 17 41 1103.3052
a range +0 +40200 17 43 1103.3159
a range +30000 +40200 17 44 1103.3052
a range +33600 +40200 18 7 0.0481
a range +33000 +40200 18 23 0.0470
a range +33000 +40200 18 31 0.0475
a range +33000 +40200 19 14 0.0468
a range +33600 +40200 19 30 0.0482
a range +33000 +40200 19 38 0.0475
a range +33000 +40200 20 37 0.0476
a range +33000 +40200 21 36 0.0476
a range +33600 +40200 22 11 0.0481
a range +33000 +40200 22 27 0.0470
a range +33000 +40200 22 35 0.0475
a range +33000 +40200 23 10 0.0471
a range +33000 +40200 23 18 0.0470
a range +33000 +40200 23 34 0.0484
a range +33000 +40200 24 9 0.0472
a range +33000 +40200 25 8 0.0472
a range +33000 +40200 26 7 0.0471
a range +33600 +40200 26 15 0.0482
a range +33000 +40200 26 31 0.0472
a range +33000 +40200 27 14 0.0471
a range +33000 +40200 27 22 0.0470
a range +33000 +40200 27 38 0.0484
a range +33000 +40200 28 13 0.0472
a range +33000 +40200 29 12 0.0472
a range +33000 +40200 30 11 0.0471
a range +33600 +40200 30 19 0.0482
a range +33000 +40200 30 35 0.0472
a range +33000 +40200 31 10 0.0479
a range +33000 +40200 31 18 0.0475
a range +33000 +40200 31 26 0.0472
a range +0 +40200 32 5 0.0542
a range +33000 +40200 32 17 0.0476
a range +33000 +40200 33 16 0.0476
a range +33000 +40200 34 7 0.0474
a range +33000 +40200 34 15 0.0475
a range +33000 +40200 34 23 0.0484
a range +33000 +40200 35 14 0.0479
a range +33000 +40200 35 22 0.0475
a range +33000 +40200 35 30 0.0472
a range +0 +40200 36 2 0.0542
a range +33000 +40200 36 21 0.0476
a range +33000 +40200 37 20 0.0476
a range +19800 +40200 37 40 1103.3159
a range +30000 +40200 37 41 1103.3052
a range +19800 +40200 37 43 1103.3159
a range +30000 +40200 37 44 1103.3052
a range +33000 +40200 38 11 0.0474
a range +33000 +40200 38 19 0.0475
a range +33000 +40200 38 27 0.0484
a range +0 +40200 40 17 1103.3159
a range +19800 +40200 40 37 1103.3159
a range +30000 +40200 41 17 1103.3052
a range +30000 +40200 41 37 1103.3052
a range +0 +40200 43 17 1103.3159
a range +19800 +40200 43 37 1103.3159
a range +30000 +40200 44 17 1103.3052
a range +30000 +40200 44 37 1103.3052
a range +0 +40800 2 16 0.0556
a range +31800 +40800 3 12 0.0545
a range +32400 +40800 3 24 0.0548
a range +0 +40800 5 20 0.0556
a range +31800 +40800 6 8 0.0545
a range +32400 +40800 6 28 0.0548
a range +31800 +40800 8 6 0.0545
a range +34800 +40800 10 22 0.0469
a range +34800 +40800 10 38 0.0472
a range +31800 +40800 12 3 0.0545
a range +34800 +40800 14 18 0.0469
a range +34800 +40800 14 34 0.0472
a range +0 +40800 16 2 0.0556
a range +34800 +40800 18 14 0.0469
a range +34800 +40800 18 30 0.0471
a range +0 +40800 20 5 0.0556
a range +34800 +40800 22 10 0.0469
a range +34800 +40800 22 26 0.0471
a range +32400 +40800 24 3 0.0548
a range +34800 +40800 26 22 0.0471
a range +34800 +40800 26 38 0.0474
a range +32400 +40800 28 6 0.0548
a range +34800 +40800 30 18 0.0471
a range +34800 +40800 30 34 0.0474
a range +34800 +40800 34 14 0.0472
a range +34800 +40800 34 30 0.0474
a range +34800 +40800 38 10 0.0472
a range +34800 +40800 38 26 0.0474
a range +34200 +41400 15 33 0.0469
a range +34200 +41400 16 32 0.0469
a range +34200 +41400 17 31 0.0469
a range +34200 +41400 18 38 0.0468
a range +34200 +41400 19 37 0.0469
a range +34200 +41400 20 36 0.0469
a range +34200 +41400 21 35 0.0469
a range +34200 +41400 22 34 0.0468
a range +34200 +41400 31 17 0.0469
a range +34200 +41400 32 16 0.0469
a range +34200 +41400 33 15 0.0469
a range +34200 +41400 34 22 0.0468
a range +34200 +41400 35 21 0.0469
a range +34200 +41400 36 20 0.0469
a range +34200 +41400 37 19 0.0469
a range +34200 +41400 38 18 0.0468
a range +34200 +42000 1 16 0.0546
a range +34200 +42000 1 36 0.0547
a range +34200 +42000 4 20 0.0546
a range +34200 +42000 4 32 0.0547
a range +15600 +42000 4 40 1103.3955
a range +30000 +42000 4 41 1103.3808
a range +15600 +42000 4 43 1103.3955
a range +30000 +42000 4 44 1103.3808
a range +34200 +42000 7 25 0.0499
a range +34200 +42000 8 24 0.0499
a range +34200 +42000 9 23 0.0499
a range +34200 +42000 10 30 0.0498
a range +34200 +42000 11 29 0.0499
a range +34200 +42000 12 28 0.0499
a range +34200 +42000 13 27 0.0499
a range +34200 +42000 14 26 0.0498
a range +34200 +42000 16 1 0.0546
a range +34200 +42000 20 4 0.0546
a range +34200 +42000 23 9 0.0499
a range +34200 +42000 24 8 0.0499
a range +34200 +42000 25 7 0.0499
a range +34200 +42000 26 14 0.0498
a range +34200 +42000 27 13 0.0499
a range +34200 +42000 28 12 0.0499
a range +34200 +42000 29 11 0.0499
a range +34200 +42000 30 10 0.0498
a range +34200 +42000 32 4 0.0547
a range +34200 +42000 36 1 0.0547
a range +15600 +42000 40 4 1103.3955
a range +30000 +42000 41 4 1103.3808
a range +15600 +42000 43 4 1103.3955
a range +30000 +42000 44 4 1103.3808
a range +30600 +42600 1 40 1103.3556
a range +30600 +42600 1 43 1103.3556
a range +25800 +42600 2 40 1103.3678
a range +25800 +42600 2 43 1103.3678
a range +21000 +42600 3 40 1103.4001
a range +21000 +42600 3 43 1103.4001
a range +40200 +42600 5 40 1103.4080
a range +40200 +42600 5 43 1103.4080
a range +35400 +42600 6 40 1103.3757
a range +35400 +42600 6 43 1103.3757
a range +0 +42600 7 40 1103.3938
a range +0 +42600 7 43 1103.3938
a range +0 +42600 8 40 1103.3989
a range +0 +42600 8 43 1103.3989
a range +36000 +42600 9 38 0.0472
a range +0 +42600 9 40 1103.3976
a range +0 +42600 9 43 1103.3976
a range +36000 +42600 10 21 0.0474
a range +35400 +42600 10 37 0.0467
a range +0 +42600 10 40 1103.3906
a range +0 +42600 10 43 1103.3906
a range +0 +42600 11 40 1103.3820
a range +0 +42600 11 43 1103.3820
a range +0 +42600 12 40 1103.3769
a range +0 +42600 12 43 1103.3769
a range +36000 +42600 13 34 0.0472
a range +0 +42600 13 40 1103.3782
a range +0 +42600 13 43 1103.3782
a range +36000 +42600 14 17 0.0474
a range +35400 +42600 14 33 0.0467
a range +0 +42600 14 40 1103.3852
a range +0 +42600 14 43 1103.3852
a range +25200 +42600 15 40 1103.4031
a range +25200 +42600 15 43 1103.4031
a range +0 +42600 16 40 1103.4112
a range +0 +42600 16 43 1103.4112
a range +36000 +42600 17 14 0.0474
a range +40800 +42600 17 40 1103.4057
a range +40800 +42600 17 43 1103.4057
a range +36000 +42600 18 29 0.0476
a range +38400 +42600 18 40 1103.3898
a range +38400 +42600 18 43 1103.3898
a range +0 +42600 19 40 1103.3727
a range +0 +42600 19 43 1103.3727
a range +33000 +42600 20 40 1103.3646
a range +33000 +42600 20 43 1103.3646
a range +36000 +42600 21 10 0.0474
a range +30600 +42600 21 40 1103.3701
a range +30600 +42600 21 43 1103.3701
a range +36000 +42600 22 25 0.0476
a range +0 +42600 22 40 1103.3860
a range +0 +42600 22 43 1103.3860
a range +0 +42600 23 40 1103.3814
a range +0 +42600 23 43 1103.3814
a range +0 +42600 24 40 1103.3768
a range +0 +42600 24 43 1103.3768
a range +36000 +42600 25 22 0.0476
a range +0 +42600 25 40 1103.3787
a range +0 +42600 25 43 1103.3787
a range +36000 +42600 26 37 0.0478
a range +0 +42600 26 40 1103.3860
a range +0 +42600 26 43 1103.3860
a range +0 +42600 27 40 1103.3944
a range +0 +42600 27 43 1103.3944
a range +0 +42600 28 40 1103.3990
a range +0 +42600 28 43 1103.3990
a range +36000 +42600 29 18 0.0476
a range +0 +42600 29 40 1103.3971
a range +0 +42600 29 43 1103.3971
a range +36000 +42600 30 33 0.0478
a range +0 +42600 30 40 1103.3898
a range +0 +42600 30 43 1103.3898
a range +35400 +42600 31 40 1103.3718
a range +35400 +42600 31 43 1103.3718
a range +33000 +42600 32 40 1103.3645
a range +33000 +42600 32 43 1103.3645
a range +35400 +42600 33 14 0.0467
a range +36000 +42600 33 30 0.0478
a range +0 +42600 33 40 1103.3709
a range +0 +42600 33 43 1103.3709
a range +36000 +42600 34 13 0.0472
a range +27600 +42600 34 40 1103.3872
a range +27600 +42600 34 43 1103.3872
a range +25200 +42600 35 40 1103.4040
a range +25200 +42600 35 43 1103.4040
a range +0 +42600 36 40 1103.4113
a range +30000 +42600 36 41 1103.3953
a range +0 +42600 36 43 1103.4113
a range +30000 +42600 36 44 1103.3953
a range +35400 +42600 37 10 0.0467
a range +36000 +42600 37 26 0.0478
a range +40800 +42600 37 40 1103.4049
a range +40800 +42600 37 43 1103.4049
a range +36000 +42600 38 9 0.0472
a range +0 +42600 38 40 1103.3886
a range +0 +42600 38 43 1103.3886
a range +30600 +42600 40 1 1103.3556
a range +25800 +42600 40 2 1103.3678
a range +21000 +42600 40 3 1103.4001
a range +40200 +42600 40 5 1103.4080
a range +35400 +42600 40 6 1103.3757
a range +0 +42600 40 7 1103.3938
a range +0 +42600 40 8 1103.3989
a range +0 +42600 40 9 1103.3976
a range +0 +42600 40 10 1103.3906
a range +0 +42600 40 11 1103.3820
a range +0 +42600 40 12 1103.3769
a range +0 +42600 40 13 1103.3782
a range +0 +42600 40 14 1103.3852
a range +25200 +42600 40 15 1103.4031
a range +0 +42600 40 16 1103.4112
a range +40800 +42600 40 17 1103.4057
a range +38400 +42600 40 18 1103.3898
a range +0 +42600 40 19 1103.3727
a range +33000 +42600 40 20 1103.3646
a range +30600 +42600 40 21 1103.3701
a range +0 +42600 40 22 1103.3860
a range +0 +42600 40 23 1103.3814
a range +0 +42600 40 24 1103.3768
a range +0 +42600 40 25 1103.3787
a range +0 +42600 40 26 1103.3860
a range +0 +42600 40 27 1103.3944
a range +0 +42600 40 28 1103.3990
a range +0 +42600 40 29 1103.3971
a range +0 +42600 40 30 1103.3898
a range +35400 +42600 40 31 1103.3718
a range +33000 +42600 40 32 1103.3645
a range +0 +42600 40 33 1103.3709
a range +27600 +42600 40 34 1103.3872
a range +25200 +42600 40 35 1103.4040
a range +0 +42600 40 36 1103.4113
a range +40800 +42600 40 37 1103.4049
a range +0 +42600 40 38 1103.3886
a range +30000 +42600 41 36 1103.3953
a range +30600 +42600 43 1 1103.3556
a range +25800 +42600 43 2 1103.3678
a range +21000 +42600 43 3 1103.4001
a range +40200 +42600 43 5 1103.4080
a range +35400 +42600 43 6 1103.3757
a range +0 +42600 43 7 1103.3938
a range +0 +42600 43 8 1103.3989
a range +0 +42600 43 9 1103.3976
a range +0 +42600 43 10 1103.3906
a range +0 +42600 43 11 1103.3820
a range +0 +42600 43 12 1103.3769
a range +0 +42600 43 13 1103.3782
a range +0 +42600 43 14 1103.3852
a range +25200 +42600 43 15 1103.4031
a range +0 +42600 43 16 1103.4112
a range +40800 +42600 43 17 1103.4057
a range +38400 +42600 43 18 1103.3898
a range +0 +42600 43 19 1103.3727
a range +33000 +42600 43 20 1103.3646
a range +30600 +42600 43 21 1103.3701
a range +0 +42600 43 22 1103.3860
a range +0 +42600 43 23 1103.3814
a range +0 +42600 43 24 1103.3768
a range +0 +42600 43 25 1103.3787
a range +0 +42600 43 26 1103.3860
a range +0 +42600 43 27 1103.3944
a range +0 +42600 43 28 1103.3990
a range +0 +42600 43 29 1103.3971
a range +0 +42600 43 30 1103.3898
a range +35400 +42600 43 31 1103.3718
a range +33000 +42600 43 32 1103.3645
a range +0 +42600 43 33 1103.3709
a range +27600 +42600 43 34 1103.3872
a range +25200 +42600 43 35 1103.4040
a range +0 +42600 43 36 1103.4113
a range +40800 +42600 43 37 1103.4049
a range +0 +42600 43 38 1103.3886
a range +30000 +42600 44 36 1103.3953
a range +34200 +43200 1 15 0.0541
a range +34800 +43200 1 35 0.0543
a range +0 +43200 3 11 0.0548
a range +0 +43200 3 23 0.0552
a range +34200 +43200 4 19 0.0541
a range +34800 +43200 4 31 0.0543
a range +0 +43200 6 7 0.0548
a range +0 +43200 6 27 0.0552
a range +0 +43200 7 6 0.0548
a range +35400 +43200 7 24 0.0494
a range +35400 +43200 8 23 0.0494
a range +35400 +43200 9 22 0.0480
a range +35400 +43200 9 30 0.0494
a range +35400 +43200 10 29 0.0494
a range +0 +43200 11 3 0.0548
a range +35400 +43200 11 28 0.0494
a range +35400 +43200 12 27 0.0494
a range +35400 +43200 13 18 0.0480
a range +35400 +43200 13 26 0.0494
a range +35400 +43200 14 25 0.0494
a range +34200 +43200 15 1 0.0541
a range +35400 +43200 15 32 0.0497
a range +35400 +43200 16 31 0.0497
a range +35400 +43200 17 30 0.0481
a range +35400 +43200 17 38 0.0496
a range +35400 +43200 18 13 0.0480
a range +35400 +43200 18 37 0.0496
a range +34200 +43200 19 4 0.0541
a range +35400 +43200 19 36 0.0497
a range +35400 +43200 20 35 0.0497
a range +35400 +43200 21 26 0.0481
a range +35400 +43200 21 34 0.0496
a range +35400 +43200 22 9 0.0480
a range +35400 +43200 22 33 0.0496
a range +0 +43200 23 3 0.0552
a range +35400 +43200 23 8 0.0494
a range +35400 +43200 24 7 0.0494
a range +35400 +43200 25 14 0.0494
a range +35400 +43200 25 38 0.0483
a range +35400 +43200 26 13 0.0494
a range +35400 +43200 26 21 0.0481
a range +0 +43200 27 6 0.0552
a range +35400 +43200 27 12 0.0494
a range +35400 +43200 28 11 0.0494
a range +35400 +43200 29 10 0.0494
a range +35400 +43200 29 34 0.0483
a range +35400 +43200 30 9 0.0494
a range +35400 +43200 30 17 0.0481
a range +34800 +43200 31 4 0.0543
a range +35400 +43200 31 16 0.0497
a range +35400 +43200 32 15 0.0497
a range +35400 +43200 33 22 0.0496
a range +35400 +43200 34 21 0.0496
a range +35400 +43200 34 29 0.0483
a range +34800 +43200 35 1 0.0543
a range +35400 +43200 35 20 0.0497
a range +35400 +43200 36 19 0.0497
a range +35400 +43200 37 18 0.0496
a range +35400 +43200 38 17 0.0496
a range +35400 +43200 38 25 0.0483
a range +37800 +43800 9 21 0.0484
a range +37800 +43800 9 37 0.0487
a range +37800 +43800 13 17 0.0484
a range +37800 +43800 13 33 0.0487
a range +37800 +43800 17 13 0.0484
a range +37800 +43800 17 29 0.0486
a range +37800 +43800 21 9 0.0484
a range +37800 +43800 21 25 0.0486
a range +37800 +43800 25 21 0.0486
a range +37800 +43800 25 37 0.0488
a range +37800 +43800 29 17 0.0486
a range +37800 +43800 29 33 0.0488
a range +37800 +43800 33 13 0.0487
a range +37800 +43800 33 29 0.0488
a range +37800 +43800 37 9 0.0487
a range +37800 +43800 37 25 0.0488
a range +36600 +44400 2 11 0.0543
a range +36600 +44400 2 23 0.0544
a range +36600 +44400 5 7 0.0543
a range +36600 +44400 5 27 0.0544
a range +36600 +44400 7 5 0.0543
a range +37200 +44400 7 23 0.0489
a range +37200 +44400 8 30 0.0489
a range +36600 +44400 9 29 0.0489
a range +37200 +44400 10 28 0.0489
a range +36600 +44400 11 2 0.0543
a range +37200 +44400 11 27 0.0489
a range +37200 +44400 12 26 0.0489
a range +36600 +44400 13 25 0.0489
a range +37200 +44400 14 24 0.0489
a range +36600 +44400 15 31 0.0492
a range +36600 +44400 16 38 0.0492
a range +36600 +44400 17 37 0.0492
a range +36600 +44400 18 36 0.0492
a range +36600 +44400 19 35 0.0492
a range +36600 +44400 20 34 0.0492
a range +36600 +44400 21 33 0.0492
a range +36600 +44400 22 32 0.0492
a range +36600 +44400 23 2 0.0544
a range +37200 +44400 23 7 0.0489
a range +37200 +44400 24 14 0.0489
a range +36600 +44400 25 13 0.0489
a range +37200 +44400 26 12 0.0489
a range +36600 +44400 27 5 0.0544
a range +37200 +44400 27 11 0.0489
a range +37200 +44400 28 10 0.0489
a range +36600 +44400 29 9 0.0489
a range +37200 +44400 30 8 0.0489
a range +36600 +44400 31 15 0.0492
a range +36600 +44400 32 22 0.0492
a range +36600 +44400 33 21 0.0492
a range +36600 +44400 34 20 0.0492
a range +36600 +44400 35 19 0.0492
a range +36600 +44400 36 18 0.0492
a range +36600 +44400 37 17 0.0492
a range +36600 +44400 38 16 0.0492
a range +38400 +45000 17 28 0.0468
a range +38400 +45000 21 24 0.0468
a range +38400 +45000 24 21 0.0468
a range +38400 +45000 25 36 0.0470
a range +38400 +45000 28 17 0.0468
a range +38400 +45000 29 32 0.0470
a range +38400 +45000 32 29 0.0470
a range +38400 +45000 36 25 0.0470
a range +0 +45600 1 22 0.0544
a range +0 +45600 1 34 0.0547
a range +0 +45600 4 18 0.0544
a range +0 +45600 4 38 0.0547
a range +38400 +45600 7 30 0.0484
a range +38400 +45600 8 21 0.0474
a range +38400 +45600 8 29 0.0483
a range +38400 +45600 8 37 0.0485
a range +38400 +45600 9 20 0.0486
a range +38400 +45600 9 28 0.0483
a range +38400 +45600 9 36 0.0480
a range +38400 +45600 10 27 0.0484
a range +38400 +45600 11 26 0.0484
a range +38400 +45600 12 17 0.0474
a range +38400 +45600 12 25 0.0483
a range +38400 +45600 12 33 0.0485
a range +38400 +45600 13 16 0.0486
a range +38400 +45600 13 24 0.0483
a range +38400 +45600 13 32 0.0480
a range +38400 +45600 14 23 0.0484
a range +38400 +45600 15 38 0.0487
a range +30000 +45600 15 41 1103.5084
a range +30000 +45600 15 44 1103.5084
a range +38400 +45600 16 13 0.0486
a range +38400 +45600 16 29 0.0476
a range +38400 +45600 16 37 0.0486
a range +38400 +45600 17 12 0.0474
a range +38400 +45600 17 36 0.0486
a range +0 +45600 18 4 0.0544
a range +38400 +45600 18 35 0.0487
a range +38400 +45600 19 34 0.0487
a range +38400 +45600 20 9 0.0486
a range +38400 +45600 20 25 0.0476
a range +38400 +45600 20 33 0.0486
a range +38400 +45600 21 8 0.0474
a range +38400 +45600 21 32 0.0486
a range +0 +45600 22 1 0.0544
a range +38400 +45600 22 31 0.0487
a range +38400 +45600 23 14 0.0484
a range +38400 +45600 24 13 0.0483
a range +38400 +45600 24 37 0.0478
a range +38400 +45600 25 12 0.0483
a range +38400 +45600 25 20 0.0476
a range +38400 +45600 26 11 0.0484
a range +38400 +45600 27 10 0.0484
a range +38400 +45600 28 9 0.0483
a range +38400 +45600 28 33 0.0478
a range +38400 +45600 29 8 0.0483
a range +38400 +45600 29 16 0.0476
a range +38400 +45600 30 7 0.0484
a range +38400 +45600 31 22 0.0487
a range +38400 +45600 32 13 0.0480
a range +38400 +45600 32 21 0.0486
a range +38400 +45600 33 12 0.0485
a range +38400 +45600 33 20 0.0486
a range +38400 +45600 33 28 0.0478
a range +0 +45600 34 1 0.0547
a range +38400 +45600 34 19 0.0487
a range +38400 +45600 35 18 0.0487
a range +38400 +45600 36 9 0.0480
a range +38400 +45600 36 17 0.0486
a range +38400 +45600 37 8 0.0485
a range +38400 +45600 37 16 0.0486
a range +38400 +45600 37 24 0.0478
a range +0 +45600 38 4 0.0547
a range +38400 +45600 38 15 0.0487
a range +30000 +45600 41 15 1103.5084
a range +30000 +45600 44 15 1103.5084
a range +0 +46200 2 10 0.0554
a range +36600 +46200 2 30 0.0557
a range +0 +46200 5 14 0.0554
a range +36600 +46200 5 26 0.0557
a range +40200 +46200 8 20 0.0477
a range +40200 +46200 8 36 0.0479
a range +0 +46200 10 2 0.0554
a range +40200 +46200 12 16 0.0477
a range +40200 +46200 12 32 0.0479
a range +0 +46200 14 5 0.0554
a range +40200 +46200 16 12 0.0477
a range +40200 +46200 16 28 0.0479
a range +40200 +46200 20 8 0.0477
a range +40200 +46200 20 24 0.0479
a range +40200 +46200 24 20 0.0479
a range +40200 +46200 24 36 0.0481
a range +36600 +46200 26 5 0.0557
a range +40200 +46200 28 16 0.0479
a range +40200 +46200 28 32 0.0481
a range +36600 +46200 30 2 0.0557
a range +40200 +46200 32 12 0.0479
a range +40200 +46200 32 28 0.0481
a range +40200 +46200 36 8 0.0479
a range +40200 +46200 36 24 0.0481
a range +39600 +46800 3 18 0.0540
a range +39000 +46800 3 38 0.0541
a range +30000 +46800 3 41 1103.5617
a range +30000 +46800 3 44 1103.5617
a range +39600 +46800 6 22 0.0540
a range +39000 +46800 6 34 0.0541
a range +39600 +46800 7 29 0.0477
a range +39600 +46800 8 28 0.0477
a range +39600 +46800 9 27 0.0477
a range +39600 +46800 10 26 0.0478
a range +39600 +46800 11 25 0.0477
a range +39600 +46800 12 24 0.0477
a range +39600 +46800 13 23 0.0477
a range +39600 +46800 14 30 0.0478
a range +39600 +46800 15 37 0.0481
a range +39600 +46800 16 36 0.0481
a range +39600 +46800 17 35 0.0481
a range +39600 +46800 18 3 0.0540
a range +39600 +46800 18 34 0.0481
a range +39600 +46800 19 33 0.0481
a range +39600 +46800 20 32 0.0481
a range +39600 +46800 21 31 0.0481
a range +39600 +46800 22 6 0.0540
a range +39600 +46800 22 38 0.0481
a range +39600 +46800 23 13 0.0477
a range +39600 +46800 24 12 0.0477
a range +39600 +46800 25 11 0.0477
a range +39600 +46800 26 10 0.0478
a range +39600 +46800 27 9 0.0477
a range +39600 +46800 28 8 0.0477
a range +39600 +46800 29 7 0.0477
a range +39600 +46800 30 14 0.0478
a range +39600 +46800 31 21 0.0481
a range +39600 +46800 32 20 0.0481
a range +39600 +46800 33 19 0.0481
a range +39000 +46800 34 6 0.0541
a range +39600 +46800 34 18 0.0481
a range +39600 +46800 35 17 0.0481
a range +39600 +46800 36 16 0.0481
a range +39600 +46800 37 15 0.0481
a range +39000 +46800 38 3 0.0541
a range +39600 +46800 38 22 0.0481
a range +30000 +46800 41 3 1103.5617
a range +30000 +46800 44 3 1103.5617
a range +40800 +48000 7 20 0.0468
a range +40800 +48000 7 28 0.0471
a range +40800 +48000 7 36 0.0479
a range +41400 +48000 8 19 0.0480
a range +40800 +48000 8 27 0.0471
a range +40800 +48000 8 35 0.0474
a range +40800 +48000 9 26 0.0471
a range +40800 +48000 10 25 0.0471
a range +40800 +48000 11 16 0.0468
a range +40800 +48000 11 24 0.0471
a range +40800 +48000 11 32 0.0479
a range +41400 +48000 12 15 0.0480
a range +40800 +48000 12 23 0.0471
a range +40800 +48000 12 31 0.0474
a range +40800 +48000 13 30 0.0471
a range +40800 +48000 14 29 0.0471
a range +41400 +48000 15 12 0.0480
a range +40800 +48000 15 28 0.0470
a range +40800 +48000 15 36 0.0474
a range +40800 +48000 16 11 0.0468
a range +41400 +48000 16 27 0.0482
a range +40800 +48000 16 35 0.0474
a range +40800 +48000 17 34 0.0475
a range +40800 +48000 18 33 0.0475
a range +41400 +48000 19 8 0.0480
a range +40800 +48000 19 24 0.0470
a range +40800 +48000 19 32 0.0474
a range +40800 +48000 20 7 0.0468
a range +41400 +48000 20 23 0.0482
a range +40800 +48000 20 31 0.0474
a range +40800 +48000 21 38 0.0475
a range +40800 +48000 22 37 0.0475
a range +30000 +48000 22 41 1103.5994
a range +30000 +48000 22 44 1103.5994
a range +40800 +48000 23 12 0.0471
a range +41400 +48000 23 20 0.0482
a range +40800 +48000 23 36 0.0472
a range +40800 +48000 24 11 0.0471
a range +40800 +48000 24 19 0.0470
a range +40800 +48000 24 35 0.0484
a range +40800 +48000 25 10 0.0471
a range +40800 +48000 26 9 0.0471
a range +40800 +48000 27 8 0.0471
a range +41400 +48000 27 16 0.0482
a range +40800 +48000 27 32 0.0472
a range +40800 +48000 28 7 0.0471
a range +40800 +48000 28 15 0.0470
a range +40800 +48000 28 31 0.0484
a range +40800 +48000 29 14 0.0471
a range +40800 +48000 30 13 0.0471
a range +40800 +48000 31 12 0.0474
a range +40800 +48000 31 20 0.0474
a range +40800 +48000 31 28 0.0484
a range +40800 +48000 32 11 0.0479
a range +40800 +48000 32 19 0.0474
a range +40800 +48000 32 27 0.0472
a range +40800 +48000 33 18 0.0475
a range +40800 +48000 34 17 0.0475
a range +30000 +48000 34 41 1103.5994
a range +30000 +48000 34 44 1103.5994
a range +40800 +48000 35 8 0.0474
a range +40800 +48000 35 16 0.0474
a range +40800 +48000 35 24 0.0484
a range +40800 +48000 36 7 0.0479
a range +40800 +48000 36 15 0.0474
a range +40800 +48000 36 23 0.0472
a range +40800 +48000 37 22 0.0475
a range +40800 +48000 38 21 0.0475
a range +30000 +48000 41 22 1103.5994
a range +30000 +48000 41 34 1103.5994
a range +30000 +48000 44 22 1103.5994
a range +30000 +48000 44 34 1103.5994
a range +0 +48600 2 9 0.0552
a range +0 +48600 2 29 0.0555
a range +0 +48600 3 17 0.0550
a range +0 +48600 3 37 0.0553
a range +0 +48600 5 13 0.0552
a range +0 +48600 5 25 0.0555
a range +0 +48600 6 21 0.0550
a range +0 +48600 6 33 0.0553
a range +42600 +48600 7 19 0.0468
a range +42600 +48600 7 35 0.0471
a range +0 +48600 9 2 0.0552
a range +42600 +48600 11 15 0.0468
a range +42600 +48600 11 31 0.0471
a range +0 +48600 13 5 0.0552
a range +42600 +48600 15 11 0.0468
a range +42600 +48600 15 27 0.0471
a range +0 +48600 17 3 0.0550
a range +42600 +48600 19 7 0.0468
a range +42600 +48600 19 23 0.0471
a range +0 +48600 21 6 0.0550
a range +42600 +48600 23 19 0.0471
a range +42600 +48600 23 35 0.0473
a range +0 +48600 25 5 0.0555
a range +42600 +48600 27 15 0.0471
a range +42600 +48600 27 31 0.0473
a range +0 +48600 29 2 0.0555
a range +42600 +48600 31 11 0.0471
a range +42600 +48600 31 27 0.0473
a range +0 +48600 33 6 0.0553
a range +42600 +48600 35 7 0.0471
a range +42600 +48600 35 23 0.0473
a range +0 +48600 37 3 0.0553
a range +42000 +49200 15 35 0.0468
a range +42000 +49200 16 34 0.0468
a range +42000 +49200 17 33 0.0468
a range +42000 +49200 18 32 0.0468
a range +42000 +49200 19 31 0.0468
a range +42000 +49200 20 38 0.0468
a range +42000 +49200 21 37 0.0468
a range +42000 +49200 22 36 0.0468
a range +42000 +49200 31 19 0.0468
a range +42000 +49200 32 18 0.0468
a range +42000 +49200 33 17 0.0468
a range +42000 +49200 34 16 0.0468
a range +42000 +49200 35 15 0.0468
a range +42000 +49200 36 22 0.0468
a range +42000 +49200 37 21 0.0468
a range +42000 +49200 38 20 0.0468
a range +42000 +49800 1 9 0.0554
a range +40200 +49800 1 10 0.0542
a range +42000 +49800 1 29 0.0555
a range +42000 +49800 4 13 0.0554
a range +40200 +49800 4 14 0.0542
a range +42000 +49800 4 25 0.0555
a range +42000 +49800 7 27 0.0498
a range +42000 +49800 8 26 0.0498
a range +42000 +49800 9 1 0.0554
a range +42000 +49800 9 25 0.0499
a range +40200 +49800 10 1 0.0542
a range +42000 +49800 10 24 0.0498
a range +42000 +49800 11 23 0.0498
a range +42000 +49800 12 30 0.0498
a range +42000 +49800 13 4 0.0554
a range +42000 +49800 13 29 0.0499
a range +40200 +49800 14 4 0.0542
a range +42000 +49800 14 28 0.0498
a range +42000 +49800 23 11 0.0498
a range +42000 +49800 24 10 0.0498
a range +42000 +49800 25 4 0.0555
a range +42000 +49800 25 9 0.0499
a range +42000 +49800 26 8 0.0498
a range +42000 +49800 27 7 0.0498
a range +42000 +49800 28 14 0.0498
a range +42000 +49800 29 1 0.0555
a range +42000 +49800 29 13 0.0499
a range +42000 +49800 30 12 0.0498
a range +43800 +50400 7 18 0.0473
a range +43800 +50400 10 31 0.0472
a range +43800 +50400 11 22 0.0473
a range +43800 +50400 14 35 0.0472
a range +43800 +50400 15 26 0.0475
a range +43800 +50400 18 7 0.0473
a range +43800 +50400 19 30 0.0475
a range +43800 +50400 22 11 0.0473
a range +43800 +50400 23 34 0.0477
a range +43800 +50400 26 15 0.0475
a range +43800 +50400 27 38 0.0477
a range +43800 +50400 30 19 0.0475
a range +43800 +50400 31 10 0.0472
a range +30000 +50400 33 41 1103.6908
a range +30000 +50400 33 44 1103.6908
a range +43800 +50400 34 23 0.0477
a range +43800 +50400 35 14 0.0472
a range +43800 +50400 38 27 0.0477
a range +30000 +50400 41 33 1103.6908
a range +30000 +50400 44 33 1103.6908
a range +0 +51000 1 8 0.0543
a range +0 +51000 1 28 0.0546
a range +0 +51000 3 16 0.0548
a range +0 +51000 3 36 0.0551
a range +0 +51000 4 12 0.0543
a range +0 +51000 4 24 0.0546
a range +0 +51000 6 20 0.0548
a range +0 +51000 6 32 0.0551
a range +43200 +51000 7 26 0.0493
a range +43200 +51000 7 34 0.0485
a range +0 +51000 8 1 0.0543
a range +43200 +51000 8 25 0.0494
a range +43200 +51000 9 24 0.0494
a range +43200 +51000 10 15 0.0480
a range +43200 +51000 10 23 0.0493
a range +43200 +51000 11 30 0.0493
a range +43200 +51000 11 38 0.0485
a range +0 +51000 12 4 0.0543
a range +43200 +51000 12 29 0.0494
a range +43200 +51000 13 28 0.0494
a range +43200 +51000 14 19 0.0480
a range +43200 +51000 14 27 0.0493
a range +43200 +51000 15 10 0.0480
a range +43200 +51000 15 34 0.0496
a range +0 +51000 16 3 0.0548
a range +43200 +51000 16 33 0.0496
a range +43200 +51000 17 32 0.0496
a range +43200 +51000 18 23 0.0481
a range +43200 +51000 18 31 0.0496
a range +43200 +51000 19 14 0.0480
a range +43200 +51000 19 38 0.0496
a range +0 +51000 20 6 0.0548
a range +43200 +51000 20 37 0.0496
a range +43200 +51000 21 36 0.0496
a range +43200 +51000 22 27 0.0481
a range +43200 +51000 22 35 0.0496
a range +43200 +51000 23 10 0.0493
a range +43200 +51000 23 18 0.0481
a range +0 +51000 24 4 0.0546
a range +43200 +51000 24 9 0.0494
a range +43200 +51000 25 8 0.0494
a range +43200 +51000 26 7 0.0493
a range +43200 +51000 26 31 0.0482
a range +43200 +51000 27 14 0.0493
a range +43200 +51000 27 22 0.0481
a range +0 +51000 28 1 0.0546
a range +43200 +51000 28 13 0.0494
a range +43200 +51000 29 12 0.0494
a range +43200 +51000 30 11 0.0493
a range +43200 +51000 30 35 0.0482
a range +43200 +51000 31 18 0.0496
a range +43200 +51000 31 26 0.0482
a range +0 +51000 32 6 0.0551
a range +43200 +51000 32 17 0.0496
a range +43200 +51000 33 16 0.0496
a range +43200 +51000 34 7 0.0485
a range +43200 +51000 34 15 0.0496
a range +43200 +51000 35 22 0.0496
a range +43200 +51000 35 30 0.0482
a range +0 +51000 36 3 0.0551
a range +43200 +51000 36 21 0.0496
a range +43200 +51000 37 20 0.0496
a range +43200 +51000 38 11 0.0485
a range +43200 +51000 38 19 0.0496
a range +43200 +51600 2 17 0.0540
a range +30000 +51600 2 41 1103.7444
a range +30000 +51600 2 44 1103.7444
a range +43200 +51600 5 21 0.0540
a range +45600 +51600 10 22 0.0484
a range +45600 +51600 10 38 0.0486
a range +45600 +51600 14 18 0.0484
a range +45600 +51600 14 34 0.0486
a range +43200 +51600 17 2 0.0540
a range +45600 +51600 18 14 0.0484
a range +45600 +51600 18 30 0.0486
a range +43200 +51600 21 5 0.0540
a range +45600 +51600 22 10 0.0484
a range +45600 +51600 22 26 0.0486
a range +45600 +51600 26 22 0.0486
a range +45600 +51600 26 38 0.0488
a range +45600 +51600 30 18 0.0486
a range +45600 +51600 30 34 0.0488
a range +45600 +51600 34 14 0.0486
a range +45600 +51600 34 30 0.0488
a range +45600 +51600 38 10 0.0486
a range +45600 +51600 38 26 0.0488
a range +30000 +51600 41 2 1103.7444
a range +30000 +51600 44 2 1103.7444
a range +44400 +52200 2 16 0.0552
a range +44400 +52200 2 36 0.0553
a range +42600 +52200 2 37 0.0541
a range +44400 +52200 5 20 0.0552
a range +44400 +52200 5 32 0.0553
a range +42600 +52200 5 33 0.0541
a range +45000 +52200 7 25 0.0488
a range +45000 +52200 8 24 0.0489
a range +45000 +52200 9 23 0.0488
a range +45000 +52200 10 30 0.0488
a range +45000 +52200 11 29 0.0488
a range +45000 +52200 12 28 0.0489
a range +45000 +52200 13 27 0.0488
a range +45000 +52200 14 26 0.0488
a range +44400 +52200 15 33 0.0491
a range +44400 +52200 16 2 0.0552
a range +44400 +52200 16 32 0.0492
a range +44400 +52200 17 31 0.0491
a range +44400 +52200 18 38 0.0491
a range +44400 +52200 19 37 0.0491
a range +44400 +52200 20 5 0.0552
a range +44400 +52200 20 36 0.0492
a range +44400 +52200 21 35 0.0491
a range +44400 +52200 22 34 0.0491
a range +45000 +52200 23 9 0.0488
a range +45000 +52200 24 8 0.0489
a range +45000 +52200 25 7 0.0488
a range +45000 +52200 26 14 0.0488
a range +45000 +52200 27 13 0.0488
a range +45000 +52200 28 12 0.0489
a range +45000 +52200 29 11 0.0488
a range +45000 +52200 30 10 0.0488
a range +44400 +52200 31 17 0.0491
a range +44400 +52200 32 5 0.0553
a range +44400 +52200 32 16 0.0492
a range +42600 +52200 33 5 0.0541
a range +44400 +52200 33 15 0.0491
a range +44400 +52200 34 22 0.0491
a range +44400 +52200 35 21 0.0491
a range +44400 +52200 36 2 0.0553
a range +44400 +52200 36 20 0.0492
a range +42600 +52200 37 2 0.0541
a range +44400 +52200 37 19 0.0491
a range +44400 +52200 38 18 0.0491
a range +46200 +52800 18 29 0.0468
a range +46200 +52800 22 25 0.0468
a range +46200 +52800 25 22 0.0468
a range +46200 +52800 26 37 0.0470
a range +46200 +52800 29 18 0.0468
a range +46200 +52800 30 33 0.0470
a range +46200 +52800 33 30 0.0470
a range +46200 +52800 37 26 0.0470
a range +0 +53400 1 7 0.0540
a range +0 +53400 1 27 0.0543
a range +0 +53400 2 35 0.0542
a range +0 +53400 4 11 0.0540
a range +0 +53400 4 23 0.0543
a range +0 +53400 5 31 0.0542
a range +0 +53400 7 1 0.0540
a range +46200 +53400 7 24 0.0483
a range +46200 +53400 8 23 0.0483
a range +46200 +53400 9 22 0.0474
a range +46200 +53400 9 30 0.0483
a range +46200 +53400 9 38 0.0485
a range +46200 +53400 10 21 0.0486
a range +46200 +53400 10 29 0.0483
a range +46200 +53400 10 37 0.0479
a range +0 +53400 11 4 0.0540
a range +46200 +53400 11 28 0.0483
a range +46200 +53400 12 27 0.0483
a range +46200 +53400 13 18 0.0474
a range +46200 +53400 13 26 0.0483
a range +46200 +53400 13 34 0.0485
a range +46200 +53400 14 17 0.0486
a range +46200 +53400 14 25 0.0483
a range +46200 +53400 14 33 0.0479
a range +46200 +53400 15 32 0.0486
a range +46200 +53400 16 31 0.0486
a range +46200 +53400 17 14 0.0486
a range +46200 +53400 17 30 0.0476
a range +46200 +53400 17 38 0.0486
a range +46200 +53400 18 13 0.0474
a range +46200 +53400 18 37 0.0486
a range +46200 +53400 19 36 0.0486
a range +46200 +53400 20 35 0.0486
a range +52200 +53400 20 39 1103.8252
a range +33000 +53400 20 41 1103.8059
a range +52200 +53400 20 42 1103.8252
a range +33000 +53400 20 44 1103.8059
a range +46200 +53400 21 10 0.0486
a range +46200 +53400 21 26 0.0476
a range +46200 +53400 21 34 0.0486
a range +46200 +53400 22 9 0.0474
a range +46200 +53400 22 33 0.0486
a range +0 +53400 23 4 0.0543
a range +46200 +53400 23 8 0.0483
a range +46200 +53400 24 7 0.0483
a range +46200 +53400 25 14 0.0483
a range +46200 +53400 25 38 0.0477
a range +46200 +53400 26 13 0.0483
a range +46200 +53400 26 21 0.0476
a range +0 +53400 27 1 0.0543
a range +46200 +53400 27 12 0.0483
a range +46200 +53400 28 11 0.0483
a range +46200 +53400 29 10 0.0483
a range +46200 +53400 29 34 0.0477
a range +46200 +53400 30 9 0.0483
a range +46200 +53400 30 17 0.0476
a range +0 +53400 31 5 0.0542
a range +46200 +53400 31 16 0.0486
a range +46200 +53400 32 15 0.0486
a range +46200 +53400 33 14 0.0479
a range +46200 +53400 33 22 0.0486
a range +46200 +53400 34 13 0.0485
a range +46200 +53400 34 21 0.0486
a range +46200 +53400 34 29 0.0477
a range +0 +53400 35 2 0.0542
a range +46200 +53400 35 20 0.0486
a range +46200 +53400 36 19 0.0486
a range +46200 +53400 37 10 0.0479
a range +46200 +53400 37 18 0.0486
a range +46200 +53400 38 9 0.0485
a range +46200 +53400 38 17 0.0486
a range +46200 +53400 38 25 0.0477
a range +52200 +53400 39 20 1103.8252
a range +33000 +53400 41 20 1103.8059
a range +52200 +53400 42 20 1103.8252
a range +33000 +53400 44 20 1103.8059
a range +0 +54000 2 15 0.0558
a range +45600 +54000 3 12 0.0541
a range +45600 +54000 3 24 0.0540
a range +0 +54000 5 19 0.0558
a range +45600 +54000 6 8 0.0541
a range +45600 +54000 6 28 0.0540
a range +45600 +54000 8 6 0.0541
a range +48000 +54000 9 21 0.0476
a range +48000 +54000 9 37 0.0479
a range +45600 +54000 12 3 0.0541
a range +48000 +54000 13 17 0.0476
a range +48000 +54000 13 33 0.0479
a range +0 +54000 15 2 0.0558
a range +48000 +54000 17 13 0.0476
a range +48000 +54000 17 29 0.0478
a range +0 +54000 19 5 0.0558
a range +48000 +54000 21 9 0.0476
a range +48000 +54000 21 25 0.0478
a range +45600 +54000 24 3 0.0540
a range +48000 +54000 25 21 0.0478
a range +48000 +54000 25 37 0.0481
a range +45600 +54000 28 6 0.0540
a range +48000 +54000 29 17 0.0478
a range +48000 +54000 29 33 0.0481
a range +48000 +54000 33 13 0.0479
a range +48000 +54000 33 29 0.0481
a range +48000 +54000 37 9 0.0479
a range +48000 +54000 37 25 0.0481
a range +46800 +54600 3 11 0.0548
a range +46800 +54600 3 23 0.0549
a range +46800 +54600 6 7 0.0548
a range +46800 +54600 6 27 0.0549
a range +46800 +54600 7 6 0.0548
a range +47400 +54600 7 23 0.0477
a range +47400 +54600 8 30 0.0477
a range +47400 +54600 9 29 0.0476
a range +47400 +54600 10 28 0.0477
a range +46800 +54600 11 3 0.0548
a range +47400 +54600 11 27 0.0477
a range +47400 +54600 12 26 0.0477
a range +47400 +54600 13 25 0.0476
a range +47400 +54600 14 24 0.0477
a range +47400 +54600 15 31 0.0481
a range +47400 +54600 16 38 0.0480
a range +47400 +54600 17 37 0.0480
a range +47400 +54600 18 36 0.0480
a range +47400 +54600 19 35 0.0481
a range +47400 +54600 20 34 0.0480
a range +47400 +54600 21 33 0.0480
a range +47400 +54600 22 32 0.0480
a range +46800 +54600 23 3 0.0549
a range +47400 +54600 23 7 0.0477
a range +47400 +54600 24 14 0.0477
a range +47400 +54600 25 13 0.0476
a range +47400 +54600 26 12 0.0477
a range +46800 +54600 27 6 0.0549
a range +47400 +54600 27 11 0.0477
a range +47400 +54600 28 10 0.0477
a range +47400 +54600 29 9 0.0476
a range +47400 +54600 30 8 0.0477
a range +47400 +54600 31 15 0.0481
a range +47400 +54600 32 22 0.0480
a range +47400 +54600 33 21 0.0480
a range +47400 +54600 34 20 0.0480
a range +47400 +54600 35 19 0.0481
a range +47400 +54600 36 18 0.0480
a range +47400 +54600 37 17 0.0480
a range +47400 +54600 38 16 0.0480
a range +48600 +55800 7 30 0.0471
a range +48600 +55800 8 21 0.0468
a range +48600 +55800 8 29 0.0470
a range +48600 +55800 8 37 0.0478
a range +49200 +55800 9 20 0.0480
a range +48600 +55800 9 28 0.0470
a range +48600 +55800 9 36 0.0473
a range +48600 +55800 10 27 0.0471
a range +48600 +55800 11 26 0.0471
a range +48600 +55800 12 17 0.0468
a range +48600 +55800 12 25 0.0470
a range +48600 +55800 12 33 0.0478
a range +49200 +55800 13 16 0.0480
a range +48600 +55800 13 24 0.0470
a range +48600 +55800 13 32 0.0473
a range +48600 +55800 14 23 0.0471
a range +48600 +55800 15 38 0.0474
a range +49200 +55800 16 13 0.0480
a range +48600 +55800 16 29 0.0469
a range +48600 +55800 16 37 0.0474
a range +48600 +55800 17 12 0.0468
a range +49200 +55800 17 28 0.0482
a range +48600 +55800 17 36 0.0474
a range +48600 +55800 18 35 0.0474
a range +48600 +55800 19 34 0.0474
a range +52200 +55800 19 39 1103.9146
a range +30000 +55800 19 41 1103.8985
a range +52200 +55800 19 42 1103.9146
a range +30000 +55800 19 44 1103.8985
a range +49200 +55800 20 9 0.0480
a range +48600 +55800 20 25 0.0469
a range +48600 +55800 20 33 0.0474
a range +48600 +55800 21 8 0.0468
a range +49200 +55800 21 24 0.0482
a range +48600 +55800 21 32 0.0474
a range +48600 +55800 22 31 0.0474
a range +48600 +55800 23 14 0.0471
a range +48600 +55800 24 13 0.0470
a range +49200 +55800 24 21 0.0482
a range +48600 +55800 24 37 0.0471
a range +48600 +55800 25 12 0.0470
a range +48600 +55800 25 20 0.0469
a range +48600 +55800 25 36 0.0483
a range +48600 +55800 26 11 0.0471
a range +48600 +55800 27 10 0.0471
a range +48600 +55800 28 9 0.0470
a range +49200 +55800 28 17 0.0482
a range +48600 +55800 28 33 0.0471
a range +48600 +55800 29 8 0.0470
a range +48600 +55800 29 16 0.0469
a range +48600 +55800 29 32 0.0483
a range +48600 +55800 30 7 0.0471
a range +48600 +55800 31 22 0.0474
a range +52200 +55800 31 39 1103.9146
a range +35400 +55800 31 41 1103.8986
a range +52200 +55800 31 42 1103.9146
a range +35400 +55800 31 44 1103.8986
a range +48600 +55800 32 13 0.0473
a range +48600 +55800 32 21 0.0474
a range +48600 +55800 32 29 0.0483
a range +48600 +55800 33 12 0.0478
a range +48600 +55800 33 20 0.0474
a range +48600 +55800 33 28 0.0471
a range +48600 +55800 34 19 0.0474
a range +48600 +55800 35 18 0.0474
a range +48600 +55800 36 9 0.0473
a range +48600 +55800 36 17 0.0474
a range +48600 +55800 36 25 0.0483
a range +48600 +55800 37 8 0.0478
a range +48600 +55800 37 16 0.0474
a range +48600 +55800 37 24 0.0471
a range +48600 +55800 38 15 0.0474
a range +52200 +55800 39 19 1103.9146
a range +52200 +55800 39 31 1103.9146
a range +30000 +55800 41 19 1103.8985
a range +35400 +55800 41 31 1103.8986
a range +52200 +55800 42 19 1103.9146
a range +52200 +55800 42 31 1103.9146
a range +30000 +55800 44 19 1103.8985
a range +35400 +55800 44 31 1103.8986
a range +48000 +56400 1 15 0.0541
a range +48000 +56400 1 35 0.0540
a range +52200 +56400 1 39 1103.9444
a range +30600 +56400 1 41 1103.9292
a range +52200 +56400 1 42 1103.9444
a range +30600 +56400 1 44 1103.9292
a range +0 +56400 2 22 0.0550
a range +0 +56400 2 34 0.0553
a range +0 +56400 3 10 0.0551
a range +0 +56400 3 30 0.0555
a range +48000 +56400 4 19 0.0541
a range +48000 +56400 4 31 0.0540
a range +0 +56400 5 18 0.0550
a range +0 +56400 5 38 0.0553
a range +0 +56400 6 14 0.0551
a range +0 +56400 6 26 0.0555
a range +50400 +56400 8 20 0.0468
a range +50400 +56400 8 36 0.0471
a range +0 +56400 10 3 0.0551
a range +50400 +56400 12 16 0.0468
a range +50400 +56400 12 32 0.0471
a range +0 +56400 14 6 0.0551
a range +48000 +56400 15 1 0.0541
a range +50400 +56400 16 12 0.0468
a range +50400 +56400 16 28 0.0470
a range +0 +56400 18 5 0.0550
a range +48000 +56400 19 4 0.0541
a range +50400 +56400 20 8 0.0468
a range +50400 +56400 20 24 0.0470
a range +0 +56400 22 2 0.0550
a range +50400 +56400 24 20 0.0470
a range +50400 +56400 24 36 0.0473
a range +0 +56400 26 6 0.0555
a range +50400 +56400 28 16 0.0470
a range +50400 +56400 28 32 0.0473
a range +0 +56400 30 3 0.0555
a range +48000 +56400 31 4 0.0540
a range +50400 +56400 32 12 0.0471
a range +50400 +56400 32 28 0.0473
a range +0 +56400 34 2 0.0553
a range +48000 +56400 35 1 0.0540
a range +50400 +56400 36 8 0.0471
a range +50400 +56400 36 24 0.0473
a range +0 +56400 38 5 0.0553
a range +52200 +56400 39 1 1103.9444
a range +30600 +56400 41 1 1103.9292
a range +52200 +56400 42 1 1103.9444
a range +30600 +56400 44 1 1103.9292
a range +49200 +57000 1 22 0.0545
a range +49200 +57000 1 34 0.0546
a range +49200 +57000 4 18 0.0545
a range +49200 +57000 4 38 0.0546
a range +49800 +57000 15 37 0.0467
a range +49800 +57000 17 35 0.0467
a range +49200 +57000 18 4 0.0545
a range +49800 +57000 18 34 0.0468
a range +49800 +57000 19 33 0.0467
a range +49800 +57000 21 31 0.0467
a range +49200 +57000 22 1 0.0545
a range +49800 +57000 22 38 0.0468
a range +49800 +57000 31 21 0.0467
a range +49800 +57000 33 19 0.0467
a range +49200 +57000 34 1 0.0546
a range +49800 +57000 34 18 0.0468
a range +49800 +57000 35 17 0.0467
a range +49800 +57000 37 15 0.0467
a range +49200 +57000 38 4 0.0546
a range +49800 +57000 38 22 0.0468
a range +49800 +57600 7 29 0.0498
a range +49800 +57600 8 28 0.0497
a range +49800 +57600 9 27 0.0498
a range +49800 +57600 10 26 0.0498
a range +49800 +57600 11 25 0.0498
a range +49800 +57600 12 24 0.0497
a range +49800 +57600 13 23 0.0498
a range +49800 +57600 14 30 0.0498
a range +49800 +57600 16 36 0.0500
a range +49800 +57600 20 32 0.0500
a range +49800 +57600 23 13 0.0498
a range +49800 +57600 24 12 0.0497
a range +49800 +57600 25 11 0.0498
a range +49800 +57600 26 10 0.0498
a range +49800 +57600 27 9 0.0498
a range +49800 +57600 28 8 0.0497
a range +49800 +57600 29 7 0.0498
a range +49800 +57600 30 14 0.0498
a range +49800 +57600 32 20 0.0500
a range +49800 +57600 36 16 0.0500
a range +51600 +58200 7 36 0.0472
a range +51600 +58200 8 19 0.0473
a range +51600 +58200 11 32 0.0472
a range +51600 +58200 12 15 0.0473
a range +51600 +58200 15 12 0.0473
a range +51600 +58200 16 27 0.0475
a range +51600 +58200 19 8 0.0473
a range +51600 +58200 20 23 0.0475
a range +51600 +58200 23 20 0.0475
a range +51600 +58200 24 35 0.0477
a range +51600 +58200 27 16 0.0475
a range +51600 +58200 28 31 0.0477
a range +51600 +58200 31 28 0.0477
a range +51600 +58200 32 11 0.0472
a range +51600 +58200 35 24 0.0477
a range +51600 +58200 36 7 0.0472
a range +52200 +58200 38 39 1104.0041
a range +30000 +58200 38 41 1103.9917
a range +52200 +58200 38 42 1104.0041
a range +30000 +58200 38 44 1103.9917
a range +52200 +58200 39 38 1104.0041
a range +30000 +58200 41 38 1103.9917
a range +52200 +58200 42 38 1104.0041
a range +30000 +58200 44 38 1103.9917
a range +1800 +58800 1 21 0.0547
a range +1800 +58800 1 33 0.0550
a range +50400 +58800 2 10 0.0541
a range +50400 +58800 2 30 0.0541
a range +11400 +58800 3 9 0.0543
a range +11400 +58800 3 29 0.0546
a range +1800 +58800 4 17 0.0547
a range +1800 +58800 4 37 0.0550
a range +50400 +58800 5 14 0.0541
a range +50400 +58800 5 26 0.0541
a range +11400 +58800 6 13 0.0543
a range +11400 +58800 6 25 0.0546
a range +51000 +58800 7 20 0.0479
a range +51000 +58800 7 28 0.0493
a range +51000 +58800 8 27 0.0493
a range +51000 +58800 8 35 0.0484
a range +11400 +58800 9 3 0.0543
a range +51000 +58800 9 26 0.0493
a range +50400 +58800 10 2 0.0541
a range +51000 +58800 10 25 0.0493
a range +51000 +58800 11 16 0.0479
a range +51000 +58800 11 24 0.0493
a range +51000 +58800 12 23 0.0493
a range +51000 +58800 12 31 0.0484
a range +11400 +58800 13 6 0.0543
a range +51000 +58800 13 30 0.0493
a range +50400 +58800 14 5 0.0541
a range +51000 +58800 14 29 0.0493
a range +51000 +58800 15 28 0.0481
a range +51000 +58800 15 36 0.0495
a range +51000 +58800 16 11 0.0479
a range +51000 +58800 16 35 0.0495
a range +1800 +58800 17 4 0.0547
a range +51000 +58800 17 34 0.0496
a range +51000 +58800 18 33 0.0496
a range +51000 +58800 19 24 0.0481
a range +51000 +58800 19 32 0.0495
a range +51000 +58800 20 7 0.0479
a range +51000 +58800 20 31 0.0495
a range +1800 +58800 21 1 0.0547
a range +51000 +58800 21 38 0.0496
a range +51000 +58800 22 37 0.0496
a range +51000 +58800 23 12 0.0493
a range +51000 +58800 23 36 0.0482
a range +51000 +58800 24 11 0.0493
a range +51000 +58800 24 19 0.0481
a range +11400 +58800 25 6 0.0546
a range +51000 +58800 25 10 0.0493
a range +50400 +58800 26 5 0.0541
a range +51000 +58800 26 9 0.0493
a range +51000 +58800 27 8 0.0493
a range +51000 +58800 27 32 0.0482
a range +51000 +58800 28 7 0.0493
a range +51000 +58800 28 15 0.0481
a range +11400 +58800 29 3 0.0546
a range +51000 +58800 29 14 0.0493
a range +50400 +58800 30 2 0.0541
a range +51000 +58800 30 13 0.0493
a range +51000 +58800 31 12 0.0484
a range +51000 +58800 31 20 0.0495
a range +51000 +58800 32 19 0.0495
a range +51000 +58800 32 27 0.0482
a range +1800 +58800 33 1 0.0550
a range +51000 +58800 33 18 0.0496
a range +51000 +58800 34 17 0.0496
a range +51000 +58800 35 8 0.0484
a range +51000 +58800 35 16 0.0495
a range +51000 +58800 36 15 0.0495
a range +51000 +58800 36 23 0.0482
a range +1800 +58800 37 4 0.0550
a range +51000 +58800 37 22 0.0496
a range +51000 +58800 38 21 0.0496
a range +51600 +59400 2 9 0.0540
a range +51600 +59400 2 29 0.0542
a range +51600 +59400 5 13 0.0540
a range +51600 +59400 5 25 0.0542
a range +53400 +59400 7 19 0.0483
a range +53400 +59400 7 35 0.0486
a range +51600 +59400 9 2 0.0540
a range +53400 +59400 11 15 0.0483
a range +53400 +59400 11 31 0.0486
a range +51600 +59400 13 5 0.0540
a range +53400 +59400 15 11 0.0483
a range +53400 +59400 15 27 0.0486
a range +53400 +59400 19 7 0.0483
a range +53400 +59400 19 23 0.0486
a range +53400 +59400 23 19 0.0486
a range +53400 +59400 23 35 0.0488
a range +51600 +59400 25 5 0.0542
a range +53400 +59400 27 15 0.0486
a range +53400 +59400 27 31 0.0488
a range +51600 +59400 29 2 0.0542
a range +53400 +59400 31 11 0.0486
a range +53400 +59400 31 27 0.0488
a range +53400 +59400 35 7 0.0486
a range +53400 +59400 35 23 0.0488
a range +52800 +60000 7 27 0.0487
a range +52800 +60000 8 26 0.0488
a range +52800 +60000 9 25 0.0488
a range +52800 +60000 10 24 0.0488
a range +52800 +60000 11 23 0.0487
a range +52800 +60000 12 30 0.0488
a range +52800 +60000 13 29 0.0488
a range +52800 +60000 14 28 0.0488
a range +52200 +60000 15 35 0.0490
a range +52200 +60000 16 34 0.0491
a range +52200 +60000 17 33 0.0491
a range +52200 +60000 18 32 0.0491
a range +52200 +60000 19 31 0.0490
a range +52200 +60000 20 38 0.0491
a range +52200 +60000 21 37 0.0491
a range +52200 +60000 22 36 0.0491
a range +52800 +60000 23 11 0.0487
a range +52800 +60000 24 10 0.0488
a range +52800 +60000 25 9 0.0488
a range +52800 +60000 26 8 0.0488
a range +52800 +60000 27 7 0.0487
a range +52800 +60000 28 14 0.0488
a range +52800 +60000 29 13 0.0488
a range +52800 +60000 30 12 0.0488
a range +52200 +60000 31 19 0.0490
a range +52200 +60000 32 18 0.0491
a range +52200 +60000 33 17 0.0491
a range +52200 +60000 34 16 0.0491
a range +52200 +60000 35 15 0.0490
a range +52200 +60000 36 22 0.0491
a range +52200 +60000 37 21 0.0491
a range +52200 +60000 38 20 0.0491
a range +54000 +60600 15 26 0.0467
a range +54000 +60600 19 30 0.0467
a range +54000 +60600 23 34 0.0469
a range +54000 +60600 26 15 0.0467
a range +54000 +60600 27 38 0.0469
a range +54000 +60600 30 19 0.0467
a range +54000 +60600 34 23 0.0469
a range +54000 +60600 38 27 0.0469
a range +13800 +61200 1 32 0.0542
a range +4200 +61200 2 28 0.0543
a range +53400 +61200 3 17 0.0540
a range +52800 +61200 3 37 0.0540
a range +13800 +61200 4 36 0.0542
a range +4200 +61200 5 24 0.0543
a range +53400 +61200 6 21 0.0540
a range +52800 +61200 6 33 0.0540
a range +52200 +61200 6 39 1104.1232
a range +35400 +61200 6 41 1104.1161
a range +52200 +61200 6 42 1104.1232
a range +35400 +61200 6 44 1104.1161
a range +54000 +61200 7 18 0.0486
a range +54000 +61200 7 26 0.0482
a range +54000 +61200 7 34 0.0479
a range +54000 +61200 8 25 0.0482
a range +54000 +61200 9 24 0.0482
a range +54000 +61200 10 15 0.0474
a range +54000 +61200 10 23 0.0482
a range +54000 +61200 10 31 0.0484
a range +54000 +61200 11 22 0.0486
a range +54000 +61200 11 30 0.0482
a range +54000 +61200 11 38 0.0479
a range +54000 +61200 12 29 0.0482
a range +54000 +61200 13 28 0.0482
a range +54000 +61200 14 19 0.0474
a range +54000 +61200 14 27 0.0482
a range +54000 +61200 14 35 0.0484
a range +54000 +61200 15 10 0.0474
a range +54000 +61200 15 34 0.0485
a range +54000 +61200 16 33 0.0486
a range +53400 +61200 17 3 0.0540
a range +54000 +61200 17 32 0.0486
a range +52200 +61200 17 39 1104.1160
a range +40800 +61200 17 41 1104.1089
a range +52200 +61200 17 42 1104.1160
a range +40800 +61200 17 44 1104.1089
a range +54000 +61200 18 7 0.0486
a range +54000 +61200 18 23 0.0475
a range +54000 +61200 18 31 0.0485
a range +54000 +61200 19 14 0.0474
a range +54000 +61200 19 38 0.0485
a range +54000 +61200 20 37 0.0486
a range +53400 +61200 21 6 0.0540
a range +54000 +61200 21 36 0.0486
a range +54000 +61200 22 11 0.0486
a range +54000 +61200 22 27 0.0475
a range +54000 +61200 22 35 0.0485
a range +54000 +61200 23 10 0.0482
a range +54000 +61200 23 18 0.0475
a range +4200 +61200 24 5 0.0543
a range +54000 +61200 24 9 0.0482
a range +54000 +61200 25 8 0.0482
a range +54000 +61200 26 7 0.0482
a range +54000 +61200 26 31 0.0477
a range +54000 +61200 27 14 0.0482
a range +54000 +61200 27 22 0.0475
a range +4200 +61200 28 2 0.0543
a range +54000 +61200 28 13 0.0482
a range +54000 +61200 29 12 0.0482
a range +54000 +61200 30 11 0.0482
a range +54000 +61200 30 35 0.0477
a range +54000 +61200 31 10 0.0484
a range +54000 +61200 31 18 0.0485
a range +54000 +61200 31 26 0.0477
a range +13800 +61200 32 1 0.0542
a range +54000 +61200 32 17 0.0486
a range +52800 +61200 33 6 0.0540
a range +54000 +61200 33 16 0.0486
a range +54000 +61200 34 7 0.0479
a range +54000 +61200 34 15 0.0485
a range +54000 +61200 35 14 0.0484
a range +54000 +61200 35 22 0.0485
a range +54000 +61200 35 30 0.0477
a range +13800 +61200 36 4 0.0542
a range +54000 +61200 36 21 0.0486
a range +52800 +61200 37 3 0.0540
a range +54000 +61200 37 20 0.0486
a range +52200 +61200 37 39 1104.1159
a range +40800 +61200 37 41 1104.1088
a range +52200 +61200 37 42 1104.1159
a range +40800 +61200 37 44 1104.1088
a range +54000 +61200 38 11 0.0479
a range +54000 +61200 38 19 0.0485
a range +52200 +61200 39 6 1104.1232
a range +52200 +61200 39 17 1104.1160
a range +52200 +61200 39 37 1104.1159
a range +35400 +61200 41 6 1104.1161
a range +40800 +61200 41 17 1104.1089
a range +40800 +61200 41 37 1104.1088
a range +52200 +61200 42 6 1104.1232
a range +52200 +61200 42 17 1104.1160
a range +52200 +61200 42 37 1104.1159
a range +35400 +61200 44 6 1104.1161
a range +40800 +61200 44 17 1104.1089
a range +40800 +61200 44 37 1104.1088
a range +14400 +61800 1 20 0.0550
a range +4200 +61800 2 8 0.0559
a range +14400 +61800 4 16 0.0550
a range +4200 +61800 5 12 0.0559
a range +4200 +61800 8 2 0.0559
a range +55800 +61800 10 22 0.0476
a range +55800 +61800 10 38 0.0478
a range +4200 +61800 12 5 0.0559
a range +55800 +61800 14 18 0.0476
a range +55800 +61800 14 34 0.0478
a range +14400 +61800 16 4 0.0550
a range +55800 +61800 18 14 0.0476
a range +55800 +61800 18 30 0.0478
a range +14400 +61800 20 1 0.0550
a range +55800 +61800 22 10 0.0476
a range +55800 +61800 22 26 0.0478
a range +55800 +61800 26 22 0.0478
a range +55800 +61800 26 38 0.0480
a range +55800 +61800 30 18 0.0478
a range +55800 +61800 30 34 0.0480
a range +55800 +61800 34 14 0.0478
a range +55800 +61800 34 30 0.0480
a range +55800 +61800 38 10 0.0478
a range +55800 +61800 38 26 0.0480
a range +54000 +62400 3 16 0.0556
a range +54000 +62400 3 36 0.0557
a range +54000 +62400 6 20 0.0556
a range +54000 +62400 6 32 0.0557
a range +55200 +62400 7 25 0.0476
a range +55200 +62400 8 24 0.0476
a range +55200 +62400 9 23 0.0476
a range +55200 +62400 10 30 0.0476
a range +55200 +62400 11 29 0.0476
a range +55200 +62400 12 28 0.0476
a range +55200 +62400 13 27 0.0476
a range +55200 +62400 14 26 0.0476
a range +55200 +62400 15 33 0.0480
a range +54000 +62400 16 3 0.0556
a range +55200 +62400 16 32 0.0480
a range +55200 +62400 17 31 0.0480
a range +55200 +62400 18 38 0.0479
a range +55200 +62400 19 37 0.0480
a range +54000 +62400 20 6 0.0556
a range +55200 +62400 20 36 0.0480
a range +55200 +62400 21 35 0.0480
a range +55200 +62400 22 34 0.0479
a range +55200 +62400 23 9 0.0476
a range +55200 +62400 24 8 0.0476
a range +55200 +62400 25 7 0.0476
a range +55200 +62400 26 14 0.0476
a range +55200 +62400 27 13 0.0476
a range +55200 +62400 28 12 0.0476
a range +55200 +62400 29 11 0.0476
a range +55200 +62400 30 10 0.0476
a range +55200 +62400 31 17 0.0480
a range +54000 +62400 32 6 0.0557
a range +55200 +62400 32 16 0.0480
a range +55200 +62400 33 15 0.0480
a range +55200 +62400 34 22 0.0479
a range +55200 +62400 35 21 0.0480
a range +54000 +62400 36 3 0.0557
a range +55200 +62400 36 20 0.0480
a range +55200 +62400 37 19 0.0480
a range +55200 +62400 38 18 0.0479
a range +55800 +63600 1 8 0.0540
a range +55800 +63600 1 28 0.0540
a range +55800 +63600 4 12 0.0540
a range +55800 +63600 4 24 0.0540
a range +56400 +63600 7 24 0.0470
a range +55800 +63600 8 1 0.0540
a range +56400 +63600 8 23 0.0470
a range +56400 +63600 9 22 0.0467
a range +56400 +63600 9 30 0.0469
a range +56400 +63600 9 38 0.0478
a range +57000 +63600 10 21 0.0479
a range +56400 +63600 10 29 0.0469
a range +56400 +63600 10 37 0.0473
a range +56400 +63600 11 28 0.0470
a range +55800 +63600 12 4 0.0540
a range +56400 +63600 12 27 0.0470
a range +56400 +63600 13 18 0.0467
a range +56400 +63600 13 26 0.0469
a range +56400 +63600 13 34 0.0478
a range +57000 +63600 14 17 0.0479
a range +56400 +63600 14 25 0.0469
a range +56400 +63600 14 33 0.0473
a range +56400 +63600 15 32 0.0474
a range +56400 +63600 16 31 0.0474
a range +52200 +63600 16 39 1104.2058
a range +30000 +63600 16 41 1104.2032
a range +52200 +63600 16 42 1104.2058
a range +30000 +63600 16 44 1104.2032
a range +57000 +63600 17 14 0.0479
a range +56400 +63600 17 30 0.0469
a range +56400 +63600 17 38 0.0473
a range +56400 +63600 18 13 0.0467
a range +57000 +63600 18 29 0.0481
a range +56400 +63600 18 37 0.0473
a range +56400 +63600 19 36 0.0474
a range +56400 +63600 20 35 0.0474
a range +57000 +63600 21 10 0.0479
a range +56400 +63600 21 26 0.0469
a range +56400 +63600 21 34 0.0473
a range +56400 +63600 22 9 0.0467
a range +57000 +63600 22 25 0.0481
a range +56400 +63600 22 33 0.0473
a range +56400 +63600 23 8 0.0470
a range +55800 +63600 24 4 0.0540
a range +56400 +63600 24 7 0.0470
a range +56400 +63600 25 14 0.0469
a range +57000 +63600 25 22 0.0481
a range +56400 +63600 25 38 0.0471
a range +56400 +63600 26 13 0.0469
a range +56400 +63600 26 21 0.0469
a range +56400 +63600 26 37 0.0483
a range +56400 +63600 27 12 0.0470
a range +55800 +63600 28 1 0.0540
a range +56400 +63600 28 11 0.0470
a range +56400 +63600 29 10 0.0469
a range +57000 +63600 29 18 0.0481
a range +56400 +63600 29 34 0.0471
a range +56400 +63600 30 9 0.0469
a range +56400 +63600 30 17 0.0469
a range +56400 +63600 30 33 0.0483
a range +56400 +63600 31 16 0.0474
a range +56400 +63600 32 15 0.0474
a range +56400 +63600 33 14 0.0473
a range +56400 +63600 33 22 0.0473
a range +56400 +63600 33 30 0.0483
a range +56400 +63600 34 13 0.0478
a range +56400 +63600 34 21 0.0473
a range +56400 +63600 34 29 0.0471
a range +56400 +63600 35 20 0.0474
a range +56400 +63600 36 19 0.0474
a range +52200 +63600 36 39 1104.2058
a range +43200 +63600 36 41 1104.2032
a range +52200 +63600 36 42 1104.2058
a range +43200 +63600 36 44 1104.2032
a range +56400 +63600 37 10 0.0473
a range +56400 +63600 37 18 0.0473
a range +56400 +63600 37 26 0.0483
a range +56400 +63600 38 9 0.0478
a range +56400 +63600 38 17 0.0473
a range +56400 +63600 38 25 0.0471
a range +52200 +63600 39 16 1104.2058
a range +52200 +63600 39 36 1104.2058
a range +30000 +63600 41 16 1104.2032
a range +43200 +63600 41 36 1104.2032
a range +52200 +63600 42 16 1104.2058
a range +52200 +63600 42 36 1104.2058
a range +30000 +63600 44 16 1104.2032
a range +43200 +63600 44 36 1104.2032
a range +16800 +64200 2 7 0.0544
a range +16800 +64200 2 27 0.0547
a range +6600 +64200 3 15 0.0555
a range +6600 +64200 3 35 0.0558
a range +16800 +64200 5 11 0.0544
a range +16800 +64200 5 23 0.0547
a range +6600 +64200 6 19 0.0555
a range +6600 +64200 6 31 0.0558
a range +16800 +64200 7 2 0.0544
a range +58200 +64200 9 21 0.0467
a range +58200 +64200 9 37 0.0470
a range +16800 +64200 11 5 0.0544
a range +58200 +64200 13 17 0.0467
a range +58200 +64200 13 33 0.0470
a range +6600 +64200 15 3 0.0555
a range +58200 +64200 17 13 0.0467
a range +58200 +64200 17 29 0.0470
a range +6600 +64200 19 6 0.0555
a range +58200 +64200 21 9 0.0467
a range +58200 +64200 21 25 0.0470
a range +16800 +64200 23 5 0.0547
a range +58200 +64200 25 21 0.0470
a range +58200 +64200 25 37 0.0472
a range +16800 +64200 27 2 0.0547
a range +58200 +64200 29 17 0.0470
a range +58200 +64200 29 33 0.0472
a range +6600 +64200 31 6 0.0558
a range +58200 +64200 33 13 0.0470
a range +58200 +64200 33 29 0.0472
a range +6600 +64200 35 3 0.0558
a range +58200 +64200 37 9 0.0470
a range +58200 +64200 37 25 0.0472
a range +57000 +64800 1 7 0.0551
a range +57000 +64800 1 27 0.0553
a range +57000 +64800 4 11 0.0551
a range +57000 +64800 4 23 0.0553
a range +57000 +64800 7 1 0.0551
a range +57000 +64800 11 4 0.0551
a range +57000 +64800 23 4 0.0553
a range +57000 +64800 27 1 0.0553
a range +57600 +65400 7 23 0.0498
a range +57600 +65400 8 30 0.0497
a range +57600 +65400 9 29 0.0497
a range +57600 +65400 10 28 0.0497
a range +57600 +65400 11 27 0.0498
a range +57600 +65400 12 26 0.0497
a range +57600 +65400 13 25 0.0497
a range +57600 +65400 14 24 0.0497
a range +57600 +65400 15 31 0.0500
a range +57600 +65400 16 38 0.0500
a range +57600 +65400 17 37 0.0499
a range +57600 +65400 18 36 0.0500
a range +57600 +65400 19 35 0.0500
a range +57600 +65400 20 34 0.0500
a range +57600 +65400 21 33 0.0499
a range +57600 +65400 22 32 0.0500
a range +57600 +65400 23 7 0.0498
a range +57600 +65400 24 14 0.0497
a range +57600 +65400 25 13 0.0497
a range +57600 +65400 26 12 0.0497
a range +57600 +65400 27 11 0.0498
a range +57600 +65400 28 10 0.0497
a range +57600 +65400 29 9 0.0497
a range +57600 +65400 30 8 0.0497
a range +57600 +65400 31 15 0.0500
a range +57600 +65400 32 22 0.0500
a range +57600 +65400 33 21 0.0499
a range +57600 +65400 34 20 0.0500
a range +57600 +65400 35 19 0.0500
a range +57600 +65400 36 18 0.0500
a range +57600 +65400 37 17 0.0499
a range +57600 +65400 38 16 0.0500
a range +59400 +66000 8 37 0.0471
a range +59400 +66000 9 20 0.0472
a range +59400 +66000 12 33 0.0471
a range +59400 +66000 13 16 0.0472
a range +59400 +66000 16 13 0.0472
a range +59400 +66000 17 28 0.0474
a range +59400 +66000 20 9 0.0472
a range +59400 +66000 21 24 0.0474
a range +59400 +66000 24 21 0.0474
a range +59400 +66000 25 36 0.0476
a range +59400 +66000 28 17 0.0474
a range +59400 +66000 29 32 0.0476
a range +59400 +66000 32 29 0.0476
a range +59400 +66000 33 12 0.0471
a range +52200 +66000 35 39 1104.2959
a range +30000 +66000 35 41 1104.2978
a range +52200 +66000 35 42 1104.2959
a range +30000 +66000 35 44 1104.2978
a range +59400 +66000 36 25 0.0476
a range +59400 +66000 37 8 0.0471
a range +52200 +66000 39 35 1104.2959
a range +30000 +66000 41 35 1104.2978
a range +52200 +66000 42 35 1104.2959
a range +30000 +66000 44 35 1104.2978
a range +9600 +66600 1 14 0.0547
a range +9600 +66600 1 26 0.0550
a range +58200 +66600 2 15 0.0551
a range +58200 +66600 2 35 0.0551
a range +19800 +66600 3 22 0.0540
a range +19200 +66600 3 34 0.0543
a range +9600 +66600 4 10 0.0547
a range +9600 +66600 4 30 0.0550
a range +58200 +66600 5 19 0.0551
a range +58200 +66600 5 31 0.0551
a range +52200 +66600 5 39 1104.3267
a range +40200 +66600 5 41 1104.3298
a range +52200 +66600 5 42 1104.3267
a range +40200 +66600 5 44 1104.3298
a range +19800 +66600 6 18 0.0540
a range +19200 +66600 6 38 0.0543
a range +58800 +66600 7 30 0.0493
a range +58800 +66600 8 21 0.0479
a range +58800 +66600 8 29 0.0492
a range +58800 +66600 9 28 0.0492
a range +59400 +66600 9 36 0.0484
a range +9600 +66600 10 4 0.0547
a range +58800 +66600 10 27 0.0493
a range +58800 +66600 11 26 0.0493
a range +58800 +66600 12 17 0.0479
a range +58800 +66600 12 25 0.0492
a range +58800 +66600 13 24 0.0492
a range +59400 +66600 13 32 0.0484
a range +9600 +66600 14 1 0.0547
a range +58800 +66600 14 23 0.0493
a range +58200 +66600 15 2 0.0551
a range +58800 +66600 15 38 0.0495
a range +58800 +66600 16 29 0.0480
a range +58800 +66600 16 37 0.0495
a range +58800 +66600 17 12 0.0479
a range +58800 +66600 17 36 0.0495
a range +19800 +66600 18 6 0.0540
a range +58800 +66600 18 35 0.0495
a range +58200 +66600 19 5 0.0551
a range +58800 +66600 19 34 0.0495
a range +58800 +66600 20 25 0.0480
a range +58800 +66600 20 33 0.0495
a range +58800 +66600 21 8 0.0479
a range +58800 +66600 21 32 0.0495
a range +19800 +66600 22 3 0.0540
a range +58800 +66600 22 31 0.0495
a range +58800 +66600 23 14 0.0493
a range +58800 +66600 24 13 0.0492
a range +58800 +66600 24 37 0.0482
a range +58800 +66600 25 12 0.0492
a range +58800 +66600 25 20 0.0480
a range +9600 +66600 26 1 0.0550
a range +58800 +66600 26 11 0.0493
a range +58800 +66600 27 10 0.0493
a range +58800 +66600 28 9 0.0492
a range +58800 +66600 28 33 0.0482
a range +58800 +66600 29 8 0.0492
a range +58800 +66600 29 16 0.0480
a range +9600 +66600 30 4 0.0550
a range +58800 +66600 30 7 0.0493
a range +58200 +66600 31 5 0.0551
a range +58800 +66600 31 22 0.0495
a range +59400 +66600 32 13 0.0484
a range +58800 +66600 32 21 0.0495
a range +58800 +66600 33 20 0.0495
a range +58800 +66600 33 28 0.0482
a range +19200 +66600 34 3 0.0543
a range +58800 +66600 34 19 0.0495
a range +58200 +66600 35 2 0.0551
a range +58800 +66600 35 18 0.0495
a range +59400 +66600 36 9 0.0484
a range +58800 +66600 36 17 0.0495
a range +58800 +66600 37 16 0.0495
a range +58800 +66600 37 24 0.0482
a range +19200 +66600 38 6 0.0543
a range +58800 +66600 38 15 0.0495
a range +52200 +66600 39 5 1104.3267
a range +40200 +66600 41 5 1104.3298
a range +52200 +66600 42 5 1104.3267
a range +40200 +66600 44 5 1104.3298
a range +59400 +67200 2 22 0.0548
a range +59400 +67200 2 34 0.0550
a range +59400 +67200 5 18 0.0548
a range +59400 +67200 5 38 0.0550
a range +61200 +67200 8 20 0.0483
a range +61200 +67200 8 36 0.0486
a range +61200 +67200 12 16 0.0483
a range +61200 +67200 12 32 0.0486
a range +61200 +67200 16 12 0.0483
a range +61200 +67200 16 28 0.0485
a range +59400 +67200 18 5 0.0548
a range +61200 +67200 20 8 0.0483
a range +61200 +67200 20 24 0.0485
a range +59400 +67200 22 2 0.0548
a range +61200 +67200 24 20 0.0485
a range +61200 +67200 24 36 0.0487
a range +61200 +67200 28 16 0.0485
a range +61200 +67200 28 32 0.0487
a range +61200 +67200 32 12 0.0486
a range +61200 +67200 32 28 0.0487
a range +59400 +67200 34 2 0.0550
a range +61200 +67200 36 8 0.0486
a range +61200 +67200 36 24 0.0487
a range +59400 +67200 38 5 0.0550
a range +60600 +67800 7 29 0.0487
a range +60600 +67800 8 28 0.0487
a range +60600 +67800 9 27 0.0487
a range +60600 +67800 10 26 0.0488
a range +60600 +67800 11 25 0.0487
a range +60600 +67800 12 24 0.0487
a range +60600 +67800 13 23 0.0487
a range +60600 +67800 14 30 0.0488
a range +60000 +67800 15 37 0.0490
a range +60000 +67800 16 36 0.0490
a range +60000 +67800 17 35 0.0490
a range +60000 +67800 18 34 0.0491
a range +60000 +67800 19 33 0.0490
a range +60000 +67800 20 32 0.0490
a range +60000 +67800 21 31 0.0490
a range +60000 +67800 22 38 0.0491
a range +60600 +67800 23 13 0.0487
a range +60600 +67800 24 12 0.0487
a range +60600 +67800 25 11 0.0487
a range +60600 +67800 26 10 0.0488
a range +60600 +67800 27 9 0.0487
a range +60600 +67800 28 8 0.0487
a range +60600 +67800 29 7 0.0487
a range +60600 +67800 30 14 0.0488
a range +60000 +67800 31 21 0.0490
a range +60000 +67800 32 20 0.0490
a range +60000 +67800 33 19 0.0490
a range +60000 +67800 34 18 0.0491
a range +60000 +67800 35 17 0.0490
a range +60000 +67800 36 16 0.0490
a range +60000 +67800 37 15 0.0490
a range +60000 +67800 38 22 0.0491
a range +61800 +68400 24 35 0.0469
a range +61800 +68400 28 31 0.0469
a range +61800 +68400 31 28 0.0469
a range +61800 +68400 35 24 0.0469
a range +12000 +69000 2 21 0.0542
a range +12000 +69000 2 33 0.0546
a range +60600 +69000 3 10 0.0551
a range +60600 +69000 3 30 0.0551
a range +12000 +69000 5 17 0.0542
a range +12000 +69000 5 37 0.0546
a range +60600 +69000 6 14 0.0551
a range +60600 +69000 6 26 0.0551
a range +61800 +69000 7 20 0.0473
a range +61800 +69000 7 28 0.0481
a range +61800 +69000 7 36 0.0484
a range +61800 +69000 8 19 0.0485
a range +61800 +69000 8 27 0.0481
a range +61800 +69000 8 35 0.0479
a range +61800 +69000 9 26 0.0482
a range +60600 +69000 10 3 0.0551
a range +61800 +69000 10 25 0.0482
a range +61800 +69000 11 16 0.0473
a range +61800 +69000 11 24 0.0481
a range +61800 +69000 11 32 0.0484
a range +61800 +69000 12 15 0.0485
a range +61800 +69000 12 23 0.0481
a range +61800 +69000 12 31 0.0479
a range +61800 +69000 13 30 0.0482
a range +60600 +69000 14 6 0.0551
a range +61800 +69000 14 29 0.0482
a range +61800 +69000 15 12 0.0485
a range +61800 +69000 15 28 0.0475
a range +61800 +69000 15 36 0.0485
a range +61800 +69000 16 11 0.0473
a range +61800 +69000 16 27 0.0487
a range +61800 +69000 16 35 0.0484
a range +12000 +69000 17 5 0.0542
a range +61800 +69000 17 34 0.0485
a range +61800 +69000 18 33 0.0485
a range +61800 +69000 19 8 0.0485
a range +61800 +69000 19 24 0.0475
a range +61800 +69000 19 32 0.0485
a range +61800 +69000 20 7 0.0473
a range +61800 +69000 20 23 0.0487
a range +61800 +69000 20 31 0.0484
a range +12000 +69000 21 2 0.0542
a range +61800 +69000 21 38 0.0485
a range +61800 +69000 22 37 0.0485
a range +52200 +69000 22 39 1104.4091
a range +48600 +69000 22 41 1104.4166
a range +52200 +69000 22 42 1104.4091
a range +48600 +69000 22 44 1104.4166
a range +61800 +69000 23 12 0.0481
a range +61800 +69000 23 20 0.0487
a range +61800 +69000 23 36 0.0477
a range +61800 +69000 24 11 0.0481
a range +61800 +69000 24 19 0.0475
a range +61800 +69000 25 10 0.0482
a range +60600 +69000 26 6 0.0551
a range +61800 +69000 26 9 0.0482
a range +61800 +69000 27 8 0.0481
a range +61800 +69000 27 16 0.0487
a range +61800 +69000 27 32 0.0477
a range +61800 +69000 28 7 0.0481
a range +61800 +69000 28 15 0.0475
a range +61800 +69000 29 14 0.0482
a range +60600 +69000 30 3 0.0551
a range +61800 +69000 30 13 0.0482
a range +61800 +69000 31 12 0.0479
a range +61800 +69000 31 20 0.0484
a range +61800 +69000 32 11 0.0484
a range +61800 +69000 32 19 0.0485
a range +61800 +69000 32 27 0.0477
a range +12000 +69000 33 2 0.0546
a range +61800 +69000 33 18 0.0485
a range +61800 +69000 34 17 0.0485
a range +52200 +69000 34 39 1104.4091
a range +48600 +69000 34 41 1104.4166
a range +52200 +69000 34 42 1104.4091
a range +48600 +69000 34 44 1104.4166
a range +61800 +69000 35 8 0.0479
a range +61800 +69000 35 16 0.0484
a range +61800 +69000 36 7 0.0484
a range +61800 +69000 36 15 0.0485
a range +61800 +69000 36 23 0.0477
a range +12000 +69000 37 5 0.0546
a range +61800 +69000 37 22 0.0485
a range +61800 +69000 38 21 0.0485
a range +52200 +69000 39 22 1104.4091
a range +52200 +69000 39 34 1104.4091
a range +48600 +69000 41 22 1104.4166
a range +48600 +69000 41 34 1104.4166
a range +52200 +69000 42 22 1104.4091
a range +52200 +69000 42 34 1104.4091
a range +48600 +69000 44 22 1104.4166
a range +48600 +69000 44 34 1104.4166
a range +22200 +69600 1 13 0.0543
a range +22200 +69600 1 25 0.0546
a range +61800 +69600 3 9 0.0542
a range +61800 +69600 3 29 0.0544
a range +22200 +69600 4 9 0.0543
a range +22200 +69600 4 29 0.0546
a range +61800 +69600 6 13 0.0542
a range +61800 +69600 6 25 0.0544
a range +63600 +69600 7 19 0.0475
a range +63600 +69600 7 35 0.0478
a range +61800 +69600 9 3 0.0542
a range +22200 +69600 9 4 0.0543
a range +63600 +69600 11 15 0.0475
a range +63600 +69600 11 31 0.0478
a range +22200 +69600 13 1 0.0543
a range +61800 +69600 13 6 0.0542
a range +63600 +69600 15 11 0.0475
a range +63600 +69600 15 27 0.0477
a range +63600 +69600 19 7 0.0475
a range +63600 +69600 19 23 0.0477
a range +63600 +69600 23 19 0.0477
a range +63600 +69600 23 35 0.0480
a range +22200 +69600 25 1 0.0546
a range +61800 +69600 25 6 0.0544
a range +63600 +69600 27 15 0.0477
a range +63600 +69600 27 31 0.0480
a range +61800 +69600 29 3 0.0544
a range +22200 +69600 29 4 0.0546
a range +63600 +69600 31 11 0.0478
a range +63600 +69600 31 27 0.0480
a range +63600 +69600 35 7 0.0478
a range +63600 +69600 35 23 0.0480
a range +63000 +70200 7 27 0.0475
a range +63000 +70200 8 26 0.0475
a range +63000 +70200 9 25 0.0476
a range +63000 +70200 10 24 0.0475
a range +63000 +70200 11 23 0.0475
a range +63000 +70200 12 30 0.0475
a range +63000 +70200 13 29 0.0476
a range +63000 +70200 14 28 0.0475
a range +63000 +70200 15 35 0.0479
a range +63000 +70200 16 34 0.0479
a range +63000 +70200 17 33 0.0479
a range +63000 +70200 18 32 0.0479
a range +63000 +70200 19 31 0.0479
a range +63000 +70200 20 38 0.0479
a range +63000 +70200 21 37 0.0479
a range +63000 +70200 22 36 0.0479
a range +63000 +70200 23 11 0.0475
a range +63000 +70200 24 10 0.0475
a range +63000 +70200 25 9 0.0476
a range +63000 +70200 26 8 0.0475
a range +63000 +70200 27 7 0.0475
a range +63000 +70200 28 14 0.0475
a range +63000 +70200 29 13 0.0476
a range +63000 +70200 30 12 0.0475
a range +63000 +70200 31 19 0.0479
a range +63000 +70200 32 18 0.0479
a range +63000 +70200 33 17 0.0479
a range +63000 +70200 34 16 0.0479
a range +63000 +70200 35 15 0.0479
a range +63000 +70200 36 22 0.0479
a range +63000 +70200 37 21 0.0479
a range +63000 +70200 38 20 0.0479
a range +63600 +71400 1 21 0.0550
a range +63000 +71400 1 33 0.0550
a range +63600 +71400 4 17 0.0550
a range +63000 +71400 4 37 0.0550
a range +52200 +71400 4 39 1104.5083
a range +45000 +71400 4 41 1104.5200
a range +52200 +71400 4 42 1104.5083
a range +45000 +71400 4 44 1104.5200
a range +64800 +71400 7 18 0.0479
a range +64200 +71400 7 26 0.0468
a range +64200 +71400 7 34 0.0473
a range +64200 +71400 8 25 0.0469
a range +64200 +71400 9 24 0.0469
a range +64200 +71400 10 23 0.0468
a range +64200 +71400 10 31 0.0478
a range +64800 +71400 11 22 0.0479
a range +64200 +71400 11 30 0.0468
a range +64200 +71400 11 38 0.0473
a range +64200 +71400 12 29 0.0469
a range +64200 +71400 13 28 0.0469
a range +64200 +71400 14 27 0.0468
a range +64200 +71400 14 35 0.0478
a range +64800 +71400 15 26 0.0481
a range +64200 +71400 15 34 0.0472
a range +64200 +71400 16 33 0.0473
a range +63600 +71400 17 4 0.0550
a range +64200 +71400 17 32 0.0473
a range +64800 +71400 18 7 0.0479
a range +64200 +71400 18 23 0.0469
a range +64200 +71400 18 31 0.0472
a range +64800 +71400 19 30 0.0481
a range +64200 +71400 19 38 0.0472
a range +64200 +71400 20 37 0.0473
a range +63600 +71400 21 1 0.0550
a range +64200 +71400 21 36 0.0473
a range +52200 +71400 21 39 1104.5002
a range +30600 +71400 21 41 1104.5119
a range +52200 +71400 21 42 1104.5002
a range +30600 +71400 21 44 1104.5119
a range +64800 +71400 22 11 0.0479
a range +64200 +71400 22 27 0.0469
a range +64200 +71400 22 35 0.0472
a range +64200 +71400 23 10 0.0468
a range +64200 +71400 23 18 0.0469
a range +64200 +71400 23 34 0.0483
a range +64200 +71400 24 9 0.0469
a range +64200 +71400 25 8 0.0469
a range +64200 +71400 26 7 0.0468
a range +64800 +71400 26 15 0.0481
a range +64200 +71400 26 31 0.0471
a range +64200 +71400 27 14 0.0468
a range +64200 +71400 27 22 0.0469
a range +64200 +71400 27 38 0.0483
a range +64200 +71400 28 13 0.0469
a range +64200 +71400 29 12 0.0469
a range +64200 +71400 30 11 0.0468
a range +64800 +71400 30 19 0.0481
a range +64200 +71400 30 35 0.0471
a range +64200 +71400 31 10 0.0478
a range +64200 +71400 31 18 0.0472
a range +64200 +71400 31 26 0.0471
a range +64200 +71400 32 17 0.0473
a range +63000 +71400 33 1 0.0550
a range +64200 +71400 33 16 0.0473
a range +52200 +71400 33 39 1104.5002
a range +51000 +71400 33 41 1104.5119
a range +52200 +71400 33 42 1104.5002
a range +51000 +71400 33 44 1104.5119
a range +64200 +71400 34 7 0.0473
a range +64200 +71400 34 15 0.0472
a range +64200 +71400 34 23 0.0483
a range +64200 +71400 35 14 0.0478
a range +64200 +71400 35 22 0.0472
a range +64200 +71400 35 30 0.0471
a range +64200 +71400 36 21 0.0473
a range +63000 +71400 37 4 0.0550
a range +64200 +71400 37 20 0.0473
a range +64200 +71400 38 11 0.0473
a range +64200 +71400 38 19 0.0472
a range +64200 +71400 38 27 0.0483
a range +52200 +71400 39 4 1104.5083
a range +52200 +71400 39 21 1104.5002
a range +52200 +71400 39 33 1104.5002
a range +45000 +71400 41 4 1104.5200
a range +30600 +71400 41 21 1104.5119
a range +51000 +71400 41 33 1104.5119
a range +52200 +71400 42 4 1104.5083
a range +52200 +71400 42 21 1104.5002
a range +52200 +71400 42 33 1104.5002
a range +45000 +71400 44 4 1104.5200
a range +30600 +71400 44 21 1104.5119
a range +51000 +71400 44 33 1104.5119
a range +64200 +72000 1 32 0.0540
a range +25200 +72000 2 20 0.0540
a range +24600 +72000 2 32 0.0543
a range +14400 +72000 3 8 0.0553
a range +14400 +72000 3 28 0.0557
a range +64200 +72000 4 36 0.0540
a range +25200 +72000 5 16 0.0540
a range +24600 +72000 5 36 0.0543
a range +14400 +72000 6 12 0.0553
a range +14400 +72000 6 24 0.0557
a range +14400 +72000 8 3 0.0553
a range +64200 +72000 10 15 0.0484
a range +66000 +72000 10 38 0.0470
a range +14400 +72000 12 6 0.0553
a range +64200 +72000 14 19 0.0484
a range +66000 +72000 14 34 0.0470
a range +64200 +72000 15 10 0.0484
a range +25200 +72000 16 5 0.0540
a range +66000 +72000 18 30 0.0469
a range +64200 +72000 19 14 0.0484
a range +25200 +72000 20 2 0.0540
a range +66000 +72000 22 26 0.0469
a range +14400 +72000 24 6 0.0557
a range +66000 +72000 26 22 0.0469
a range +66000 +72000 26 38 0.0472
a range +14400 +72000 28 3 0.0557
a range +66000 +72000 30 18 0.0469
a range +66000 +72000 30 34 0.0472
a range +64200 +72000 32 1 0.0540
a range +24600 +72000 32 2 0.0543
a range +66000 +72000 34 14 0.0470
a range +66000 +72000 34 30 0.0472
a range +64200 +72000 36 4 0.0540
a range +24600 +72000 36 5 0.0543
a range +66000 +72000 38 10 0.0470
a range +66000 +72000 38 26 0.0472
a range +64200 +72600 1 20 0.0558
a range +64200 +72600 4 16 0.0558
a range +66000 +72600 10 22 0.0490
a range +66000 +72600 14 18 0.0490
a range +64200 +72600 16 4 0.0558
a range +66000 +72600 18 14 0.0490
a range +64200 +72600 20 1 0.0558
a range +66000 +72600 22 10 0.0490
a range +65400 +73200 7 25 0.0497
a range +65400 +73200 8 24 0.0497
a range +65400 +73200 9 23 0.0497
a range +65400 +73200 10 30 0.0496
a range +65400 +73200 11 29 0.0497
a range +65400 +73200 12 28 0.0497
a range +65400 +73200 13 27 0.0497
a range +65400 +73200 14 26 0.0496
a range +65400 +73200 15 33 0.0499
a range +65400 +73200 16 32 0.0500
a range +65400 +73200 17 31 0.0499
a range +65400 +73200 18 38 0.0499
a range +65400 +73200 19 37 0.0499
a range +65400 +73200 20 36 0.0500
a range +65400 +73200 21 35 0.0499
a range +65400 +73200 22 34 0.0499
a range +65400 +73200 23 9 0.0497
a range +65400 +73200 24 8 0.0497
a range +65400 +73200 25 7 0.0497
a range +65400 +73200 26 14 0.0496
a range +65400 +73200 27 13 0.0497
a range +65400 +73200 28 12 0.0497
a range +65400 +73200 29 11 0.0497
a range +65400 +73200 30 10 0.0496
a range +65400 +73200 31 17 0.0499
a range +65400 +73200 32 16 0.0500
a range +65400 +73200 33 15 0.0499
a range +65400 +73200 34 22 0.0499
a range +65400 +73200 35 21 0.0499
a range +65400 +73200 36 20 0.0500
a range +65400 +73200 37 19 0.0499
a range +65400 +73200 38 18 0.0499
a range +66000 +73800 2 8 0.0549
a range +66000 +73800 2 28 0.0549
a range +66000 +73800 5 12 0.0549
a range +66000 +73800 5 24 0.0549
a range +66000 +73800 8 2 0.0549
a range +67200 +73800 9 38 0.0471
a range +67200 +73800 10 21 0.0472
a range +66000 +73800 12 5 0.0549
a range +67200 +73800 13 34 0.0471
a range +67200 +73800 14 17 0.0472
a range +67200 +73800 17 14 0.0472
a range +67200 +73800 18 29 0.0474
a range +67200 +73800 21 10 0.0472
a range +67200 +73800 22 25 0.0474
a range +66000 +73800 24 5 0.0549
a range +67200 +73800 25 22 0.0474
a range +67200 +73800 26 37 0.0476
a range +66000 +73800 28 2 0.0549
a range +67200 +73800 29 18 0.0474
a range +67200 +73800 30 33 0.0476
a range +52200 +73800 32 39 1104.5918
a range +33000 +73800 32 41 1104.6074
a range +52200 +73800 32 42 1104.5918
a range +33000 +73800 32 44 1104.6074
a range +67200 +73800 33 30 0.0476
a range +67200 +73800 34 13 0.0471
a range +67200 +73800 37 26 0.0476
a range +67200 +73800 38 9 0.0471
a range +52200 +73800 39 32 1104.5918
a range +33000 +73800 41 32 1104.6074
a range +52200 +73800 42 32 1104.5918
a range +33000 +73800 44 32 1104.6074
a range +17400 +74400 1 19 0.0549
a range +17400 +74400 1 31 0.0553
a range +17400 +74400 4 15 0.0549
a range +17400 +74400 4 35 0.0553
a range +66600 +74400 7 24 0.0492
a range +66600 +74400 8 23 0.0492
a range +66600 +74400 9 22 0.0479
a range +66600 +74400 9 30 0.0492
a range +66600 +74400 10 29 0.0492
a range +67200 +74400 10 37 0.0484
a range +66600 +74400 11 28 0.0492
a range +66600 +74400 12 27 0.0492
a range +66600 +74400 13 18 0.0479
a range +66600 +74400 13 26 0.0492
a range +66600 +74400 14 25 0.0492
a range +67200 +74400 14 33 0.0484
a range +17400 +74400 15 4 0.0549
a range +66600 +74400 15 32 0.0495
a range +66600 +74400 16 31 0.0495
a range +66600 +74400 17 30 0.0480
a range +66600 +74400 17 38 0.0494
a range +66600 +74400 18 13 0.0479
a range +66600 +74400 18 37 0.0494
a range +17400 +74400 19 1 0.0549
a range +66600 +74400 19 36 0.0495
a range +66600 +74400 20 35 0.0495
a range +54000 +74400 20 39 1104.6147
a range +54000 +74400 20 41 1104.6312
a range +54000 +74400 20 42 1104.6147
a range +54000 +74400 20 44 1104.6312
a range +66600 +74400 21 26 0.0480
a range +66600 +74400 21 34 0.0494
a range +66600 +74400 22 9 0.0479
a range +66600 +74400 22 33 0.0494
a range +66600 +74400 23 8 0.0492
a range +66600 +74400 24 7 0.0492
a range +66600 +74400 25 14 0.0492
a range +66600 +74400 25 38 0.0482
a range +66600 +74400 26 13 0.0492
a range +66600 +74400 26 21 0.0480
a range +66600 +74400 27 12 0.0492
a range +66600 +74400 28 11 0.0492
a range +66600 +74400 29 10 0.0492
a range +66600 +74400 29 34 0.0482
a range +66600 +74400 30 9 0.0492
a range +66600 +74400 30 17 0.0480
a range +17400 +74400 31 1 0.0553
a range +66600 +74400 31 16 0.0495
a range +66600 +74400 32 15 0.0495
a range +67200 +74400 33 14 0.0484
a range +66600 +74400 33 22 0.0494
a range +66600 +74400 34 21 0.0494
a range +66600 +74400 34 29 0.0482
a range +17400 +74400 35 4 0.0553
a range +66600 +74400 35 20 0.0495
a range +66600 +74400 36 19 0.0495
a range +67200 +74400 37 10 0.0484
a range +66600 +74400 37 18 0.0494
a range +66600 +74400 38 17 0.0494
a range +66600 +74400 38 25 0.0482
a range +54000 +74400 39 20 1104.6147
a range +54000 +74400 41 20 1104.6312
a range +54000 +74400 42 20 1104.6147
a range +54000 +74400 44 20 1104.6312
a range +66600 +75000 2 7 0.0552
a range +66600 +75000 2 27 0.0555
a range +27600 +75000 3 7 0.0540
a range +27600 +75000 3 27 0.0542
a range +66600 +75000 5 11 0.0552
a range +66600 +75000 5 23 0.0555
a range +27600 +75000 6 11 0.0540
a range +27600 +75000 6 23 0.0542
a range +66600 +75000 7 2 0.0552
a range +27600 +75000 7 3 0.0540
a range +69000 +75000 9 21 0.0483
a range +69000 +75000 9 37 0.0485
a range +66600 +75000 11 5 0.0552
a range +27600 +75000 11 6 0.0540
a range +69000 +75000 13 17 0.0483
a range +69000 +75000 13 33 0.0485
a range +69000 +75000 17 13 0.0483
a range +69000 +75000 17 29 0.0485
a range +69000 +75000 21 9 0.0483
a range +69000 +75000 21 25 0.0485
a range +66600 +75000 23 5 0.0555
a range +27600 +75000 23 6 0.0542
a range +69000 +75000 25 21 0.0485
a range +69000 +75000 25 37 0.0487
a range +66600 +75000 27 2 0.0555
a range +27600 +75000 27 3 0.0542
a range +69000 +75000 29 17 0.0485
a range +69000 +75000 29 33 0.0487
a range +69000 +75000 33 13 0.0485
a range +69000 +75000 33 29 0.0487
a range +69000 +75000 37 9 0.0485
a range +69000 +75000 37 25 0.0487
a range +68400 +75600 7 23 0.0487
a range +68400 +75600 8 30 0.0487
a range +68400 +75600 9 29 0.0486
a range +68400 +75600 10 28 0.0487
a range +68400 +75600 11 27 0.0487
a range +68400 +75600 12 26 0.0487
a range +68400 +75600 13 25 0.0486
a range +68400 +75600 14 24 0.0487
a range +67800 +75600 15 31 0.0490
a range +67800 +75600 16 38 0.0490
a range +67800 +75600 17 37 0.0489
a range +67800 +75600 18 36 0.0490
a range +67800 +75600 19 35 0.0490
a range +67800 +75600 20 34 0.0490
a range +67800 +75600 21 33 0.0489
a range +67800 +75600 22 32 0.0490
a range +68400 +75600 23 7 0.0487
a range +68400 +75600 24 14 0.0487
a range +68400 +75600 25 13 0.0486
a range +68400 +75600 26 12 0.0487
a range +68400 +75600 27 11 0.0487
a range +68400 +75600 28 10 0.0487
a range +68400 +75600 29 9 0.0486
a range +68400 +75600 30 8 0.0487
a range +67800 +75600 31 15 0.0490
a range +67800 +75600 32 22 0.0490
a range +67800 +75600 33 21 0.0489
a range +67800 +75600 34 20 0.0490
a range +67800 +75600 35 19 0.0490
a range +67800 +75600 36 18 0.0490
a range +67800 +75600 37 17 0.0489
a range +67800 +75600 38 16 0.0490
a range +68400 +76200 3 15 0.0547
a range +68400 +76200 3 35 0.0548
a range +52200 +76200 3 39 1104.6917
a range +50400 +76200 3 41 1104.7107
a range +52200 +76200 3 42 1104.6917
a range +50400 +76200 3 44 1104.7107
a range +68400 +76200 6 19 0.0547
a range +68400 +76200 6 31 0.0548
a range +68400 +76200 15 3 0.0547
a range +68400 +76200 19 6 0.0547
a range +69600 +76200 25 36 0.0469
a range +69600 +76200 29 32 0.0469
a range +68400 +76200 31 6 0.0548
a range +69600 +76200 32 29 0.0469
a range +68400 +76200 35 3 0.0548
a range +69600 +76200 36 25 0.0469
a range +52200 +76200 39 3 1104.6917
a range +50400 +76200 41 3 1104.7107
a range +52200 +76200 42 3 1104.6917
a range +50400 +76200 44 3 1104.7107
a range +19800 +76800 2 14 0.0541
a range +19800 +76800 2 26 0.0545
a range +19800 +76800 5 10 0.0541
a range +19800 +76800 5 30 0.0545
a range +69600 +76800 7 30 0.0481
a range +69600 +76800 8 21 0.0473
a range +69600 +76800 8 29 0.0481
a range +69600 +76800 8 37 0.0484
a range +69600 +76800 9 20 0.0485
a range +69600 +76800 9 28 0.0481
a range +69600 +76800 9 36 0.0478
a range +19800 +76800 10 5 0.0541
a range +69600 +76800 10 27 0.0481
a range +69600 +76800 11 26 0.0481
a range +69600 +76800 12 17 0.0473
a range +69600 +76800 12 25 0.0481
a range +69600 +76800 12 33 0.0484
a range +69600 +76800 13 16 0.0485
a range +69600 +76800 13 24 0.0481
a range +69600 +76800 13 32 0.0478
a range +19800 +76800 14 2 0.0541
a range +69600 +76800 14 23 0.0481
a range +69600 +76800 15 38 0.0484
a range +69600 +76800 16 13 0.0485
a range +69600 +76800 16 29 0.0475
a range +69600 +76800 16 37 0.0484
a range +69600 +76800 17 12 0.0473
a range +69600 +76800 17 28 0.0487
a range +69600 +76800 17 36 0.0484
a range +69600 +76800 18 35 0.0484
a range +69600 +76800 19 34 0.0484
a range +56400 +76800 19 39 1104.7070
a range +56400 +76800 19 41 1104.7267
a range +56400 +76800 19 42 1104.7070
a range +56400 +76800 19 44 1104.7267
a range +69600 +76800 20 9 0.0485
a range +69600 +76800 20 25 0.0475
a range +69600 +76800 20 33 0.0484
a range +69600 +76800 21 8 0.0473
a range +69600 +76800 21 24 0.0487
a range +69600 +76800 21 32 0.0484
a range +69600 +76800 22 31 0.0484
a range +69600 +76800 23 14 0.0481
a range +69600 +76800 24 13 0.0481
a range +69600 +76800 24 21 0.0487
a range +69600 +76800 24 37 0.0476
a range +69600 +76800 25 12 0.0481
a range +69600 +76800 25 20 0.0475
a range +19800 +76800 26 2 0.0545
a range +69600 +76800 26 11 0.0481
a range +69600 +76800 27 10 0.0481
a range +69600 +76800 28 9 0.0481
a range +69600 +76800 28 17 0.0487
a range +69600 +76800 28 33 0.0476
a range +69600 +76800 29 8 0.0481
a range +69600 +76800 29 16 0.0475
a range +19800 +76800 30 5 0.0545
a range +69600 +76800 30 7 0.0481
a range +69600 +76800 31 22 0.0484
a range +56400 +76800 31 39 1104.7069
a range +56400 +76800 31 41 1104.7267
a range +56400 +76800 31 42 1104.7069
a range +56400 +76800 31 44 1104.7267
a range +69600 +76800 32 13 0.0478
a range +69600 +76800 32 21 0.0484
a range +69600 +76800 33 12 0.0484
a range +69600 +76800 33 20 0.0484
a range +69600 +76800 33 28 0.0476
a range +69600 +76800 34 19 0.0484
a range +69600 +76800 35 18 0.0484
a range +69600 +76800 36 9 0.0478
a range +69600 +76800 36 17 0.0484
a range +69600 +76800 37 8 0.0484
a range +69600 +76800 37 16 0.0484
a range +69600 +76800 37 24 0.0476
a range +69600 +76800 38 15 0.0484
a range +56400 +76800 39 19 1104.7070
a range +56400 +76800 39 31 1104.7069
a range +56400 +76800 41 19 1104.7267
a range +56400 +76800 41 31 1104.7267
a range +56400 +76800 42 19 1104.7070
a range +56400 +76800 42 31 1104.7069
a range +56400 +76800 44 19 1104.7267
a range +56400 +76800 44 31 1104.7267
a range +30000 +77400 1 38 0.0540
a range +69000 +77400 3 22 0.0549
a range +69000 +77400 3 34 0.0551
a range +30000 +77400 4 34 0.0540
a range +69000 +77400 6 18 0.0549
a range +69000 +77400 6 38 0.0551
a range +71400 +77400 8 20 0.0475
a range +71400 +77400 8 36 0.0477
a range +71400 +77400 12 16 0.0475
a range +71400 +77400 12 32 0.0477
a range +71400 +77400 16 12 0.0475
a range +71400 +77400 16 28 0.0477
a range +69000 +77400 18 6 0.0549
a range +71400 +77400 20 8 0.0475
a range +71400 +77400 20 24 0.0477
a range +69000 +77400 22 3 0.0549
a range +71400 +77400 24 20 0.0477
a range +71400 +77400 24 36 0.0479
a range +71400 +77400 28 16 0.0477
a range +71400 +77400 28 32 0.0479
a range +71400 +77400 32 12 0.0477
a range +71400 +77400 32 28 0.0479
a range +69000 +77400 34 3 0.0551
a range +30000 +77400 34 4 0.0540
a range +71400 +77400 36 8 0.0477
a range +71400 +77400 36 24 0.0479
a range +30000 +77400 38 1 0.0540
a range +69000 +77400 38 6 0.0551
a range +70800 +78000 7 29 0.0475
a range +70800 +78000 8 28 0.0474
a range +70800 +78000 9 27 0.0475
a range +70800 +78000 10 26 0.0475
a range +70800 +78000 11 25 0.0475
a range +70800 +78000 12 24 0.0474
a range +70800 +78000 13 23 0.0475
a range +70800 +78000 14 30 0.0475
a range +70800 +78000 15 37 0.0478
a range +70800 +78000 16 36 0.0478
a range +70800 +78000 17 35 0.0478
a range +70800 +78000 18 34 0.0479
a range +70800 +78000 19 33 0.0478
a range +70800 +78000 20 32 0.0478
a range +70800 +78000 21 31 0.0478
a range +70800 +78000 22 38 0.0479
a range +70800 +78000 23 13 0.0475
a range +70800 +78000 24 12 0.0474
a range +70800 +78000 25 11 0.0475
a range +70800 +78000 26 10 0.0475
a range +70800 +78000 27 9 0.0475
a range +70800 +78000 28 8 0.0474
a range +70800 +78000 29 7 0.0475
a range +70800 +78000 30 14 0.0475
a range +70800 +78000 31 21 0.0478
a range +70800 +78000 32 20 0.0478
a range +70800 +78000 33 19 0.0478
a range +70800 +78000 34 18 0.0479
a range +70800 +78000 35 17 0.0478
a range +70800 +78000 36 16 0.0478
a range +70800 +78000 37 15 0.0478
a range +70800 +78000 38 22 0.0479
a range +70800 +78600 1 14 0.0545
a range +70800 +78600 1 26 0.0545
a range +60000 +78600 1 41 1104.7653
a range +60000 +78600 1 44 1104.7653
a range +55200 +78600 2 41 1104.7971
a range +55200 +78600 2 44 1104.7971
a range +70800 +78600 4 10 0.0545
a range +70800 +78600 4 30 0.0545
a range +74400 +78600 4 41 1104.7843
a range +74400 +78600 4 44 1104.7843
a range +69600 +78600 5 41 1104.7526
a range +69600 +78600 5 44 1104.7526
a range +64800 +78600 6 41 1104.7431
a range +64800 +78600 6 44 1104.7431
a range +30000 +78600 7 41 1104.7646
a range +30000 +78600 7 44 1104.7646
a range +30000 +78600 8 41 1104.7707
a range +30000 +78600 8 44 1104.7707
a range +30000 +78600 9 41 1104.7793
a range +30000 +78600 9 44 1104.7793
a range +70800 +78600 10 4 0.0545
a range +30000 +78600 10 41 1104.7852
a range +30000 +78600 10 44 1104.7852
a range +30000 +78600 11 41 1104.7851
a range +30000 +78600 11 44 1104.7851
a range +30000 +78600 12 41 1104.7790
a range +30000 +78600 12 44 1104.7790
a range +30000 +78600 13 41 1104.7704
a range +30000 +78600 13 44 1104.7704
a range +70800 +78600 14 1 0.0545
a range +30000 +78600 14 41 1104.7644
a range +30000 +78600 14 44 1104.7644
a range +46200 +78600 15 41 1104.7551
a range +46200 +78600 15 44 1104.7551
a range +64200 +78600 16 41 1104.7698
a range +64200 +78600 16 44 1104.7698
a range +61800 +78600 17 41 1104.7875
a range +61800 +78600 17 44 1104.7875
a range +38400 +78600 18 41 1104.7977
a range +38400 +78600 18 44 1104.7977
a range +77400 +78600 19 41 1104.7946
a range +77400 +78600 19 44 1104.7946
a range +75000 +78600 20 41 1104.7799
a range +75000 +78600 20 44 1104.7799
a range +72000 +78600 21 41 1104.7622
a range +72000 +78600 21 44 1104.7622
a range +69600 +78600 22 41 1104.7519
a range +69600 +78600 22 44 1104.7519
a range +30000 +78600 23 41 1104.7848
a range +30000 +78600 23 44 1104.7848
a range +30000 +78600 24 41 1104.7782
a range +30000 +78600 24 44 1104.7782
a range +30000 +78600 25 41 1104.7697
a range +30000 +78600 25 44 1104.7697
a range +70800 +78600 26 1 0.0545
a range +30000 +78600 26 41 1104.7642
a range +30000 +78600 26 44 1104.7642
a range +30000 +78600 27 41 1104.7649
a range +30000 +78600 27 44 1104.7649
a range +30000 +78600 28 41 1104.7714
a range +30000 +78600 28 44 1104.7714
a range +30000 +78600 29 41 1104.7799
a range +30000 +78600 29 44 1104.7799
a range +70800 +78600 30 4 0.0545
a range +30000 +78600 30 41 1104.7855
a range +30000 +78600 30 44 1104.7855
a range +77400 +78600 31 41 1104.7940
a range +77400 +78600 31 44 1104.7940
a range +74400 +78600 32 41 1104.7787
a range +74400 +78600 32 44 1104.7787
a range +72000 +78600 33 41 1104.7612
a range +72000 +78600 33 44 1104.7612
a range +69600 +78600 34 41 1104.7517
a range +69600 +78600 34 44 1104.7517
a range +66600 +78600 35 41 1104.7557
a range +66600 +78600 35 44 1104.7557
a range +64200 +78600 36 41 1104.7710
a range +64200 +78600 36 44 1104.7710
a range +61800 +78600 37 41 1104.7885
a range +61800 +78600 37 44 1104.7885
a range +58800 +78600 38 41 1104.7980
a range +58800 +78600 38 44 1104.7980
a range +60000 +78600 41 1 1104.7653
a range +55200 +78600 41 2 1104.7971
a range +74400 +78600 41 4 1104.7843
a range +69600 +78600 41 5 1104.7526
a range +64800 +78600 41 6 1104.7431
a range +30000 +78600 41 7 1104.7646
a range +30000 +78600 41 8 1104.7707
a range +30000 +78600 41 9 1104.7793
a range +30000 +78600 41 10 1104.7852
a range +30000 +78600 41 11 1104.7851
a range +30000 +78600 41 12 1104.7790
a range +30000 +78600 41 13 1104.7704
a range +30000 +78600 41 14 1104.7644
a range +46200 +78600 41 15 1104.7551
a range +64200 +78600 41 16 1104.7698
a range +61800 +78600 41 17 1104.7875
a range +38400 +78600 41 18 1104.7977
a range +77400 +78600 41 19 1104.7946
a range +75000 +78600 41 20 1104.7799
a range +72000 +78600 41 21 1104.7622
a range +69600 +78600 41 22 1104.7519
a range +30000 +78600 41 23 1104.7848
a range +30000 +78600 41 24 1104.7782
a range +30000 +78600 41 25 1104.7697
a range +30000 +78600 41 26 1104.7642
a range +30000 +78600 41 27 1104.7649
a range +30000 +78600 41 28 1104.7714
a range +30000 +78600 41 29 1104.7799
a range +30000 +78600 41 30 1104.7855
a range +77400 +78600 41 31 1104.7940
a range +74400 +78600 41 32 1104.7787
a range +72000 +78600 41 33 1104.7612
a range +69600 +78600 41 34 1104.7517
a range +66600 +78600 41 35 1104.7557
a range +64200 +78600 41 36 1104.7710
a range +61800 +78600 41 37 1104.7885
a range +58800 +78600 41 38 1104.7980
a range +60000 +78600 44 1 1104.7653
a range +55200 +78600 44 2 1104.7971
a range +74400 +78600 44 4 1104.7843
a range +69600 +78600 44 5 1104.7526
a range +64800 +78600 44 6 1104.7431
a range +30000 +78600 44 7 1104.7646
a range +30000 +78600 44 8 1104.7707
a range +30000 +78600 44 9 1104.7793
a range +30000 +78600 44 10 1104.7852
a range +30000 +78600 44 11 1104.7851
a range +30000 +78600 44 12 1104.7790
a range +30000 +78600 44 13 1104.7704
a range +30000 +78600 44 14 1104.7644
a range +46200 +78600 44 15 1104.7551
a range +64200 +78600 44 16 1104.7698
a range +61800 +78600 44 17 1104.7875
a range +38400 +78600 44 18 1104.7977
a range +77400 +78600 44 19 1104.7946
a range +75000 +78600 44 20 1104.7799
a range +72000 +78600 44 21 1104.7622
a range +69600 +78600 44 22 1104.7519
a range +30000 +78600 44 23 1104.7848
a range +30000 +78600 44 24 1104.7782
a range +30000 +78600 44 25 1104.7697
a range +30000 +78600 44 26 1104.7642
a range +30000 +78600 44 27 1104.7649
a range +30000 +78600 44 28 1104.7714
a range +30000 +78600 44 29 1104.7799
a range +30000 +78600 44 30 1104.7855
a range +77400 +78600 44 31 1104.7940
a range +74400 +78600 44 32 1104.7787
a range +72000 +78600 44 33 1104.7612
a range +69600 +78600 44 34 1104.7517
a range +66600 +78600 44 35 1104.7557
a range +64200 +78600 44 36 1104.7710
a range +61800 +78600 44 37 1104.7885
a range +58800 +78600 44 38 1104.7980
a range +22200 +79200 3 33 0.0540
a range +22200 +79200 6 37 0.0540
a range +72000 +79200 7 28 0.0468
a range +72000 +79200 7 36 0.0477
a range +72600 +79200 8 19 0.0479
a range +72000 +79200 8 27 0.0468
a range +72000 +79200 8 35 0.0472
a range +72000 +79200 9 26 0.0468
a range +72000 +79200 10 25 0.0468
a range +72000 +79200 11 24 0.0468
a range +72000 +79200 11 32 0.0477
a range +72600 +79200 12 15 0.0479
a range +72000 +79200 12 23 0.0468
a range +72000 +79200 12 31 0.0472
a range +72000 +79200 13 30 0.0468
a range +72000 +79200 14 29 0.0468
a range +72600 +79200 15 12 0.0479
a range +72000 +79200 15 28 0.0468
a range +72000 +79200 15 36 0.0472
a range +72600 +79200 16 27 0.0481
a range +72000 +79200 16 35 0.0472
a range +72000 +79200 17 34 0.0472
a range +72000 +79200 18 33 0.0472
a range +52200 +79200 18 39 1104.7998
a range +78600 +79200 18 40 1104.8198
a range +52200 +79200 18 42 1104.7998
a range +78600 +79200 18 43 1104.8198
a range +72600 +79200 19 8 0.0479
a range +72000 +79200 19 24 0.0468
a range +72000 +79200 19 32 0.0472
a range +72600 +79200 20 23 0.0481
a range +72000 +79200 20 31 0.0472
a range +72000 +79200 21 38 0.0472
a range +72000 +79200 22 37 0.0472
a range +72000 +79200 23 12 0.0468
a range +72600 +79200 23 20 0.0481
a range +72000 +79200 23 36 0.0470
a range +72000 +79200 24 11 0.0468
a range +72000 +79200 24 19 0.0468
a range +72600 +79200 24 35 0.0482
a range +72000 +79200 25 10 0.0468
a range +72000 +79200 26 9 0.0468
a range +72000 +79200 27 8 0.0468
a range +72600 +79200 27 16 0.0481
a range +72000 +79200 27 32 0.0470
a range +72000 +79200 28 7 0.0468
a range +72000 +79200 28 15 0.0468
a range +72600 +79200 28 31 0.0482
a range +72000 +79200 29 14 0.0468
a range +72000 +79200 30 13 0.0468
a range +72000 +79200 31 12 0.0472
a range +72000 +79200 31 20 0.0472
a range +72600 +79200 31 28 0.0482
a range +72000 +79200 32 11 0.0477
a range +72000 +79200 32 19 0.0472
a range +72000 +79200 32 27 0.0470
a range +22200 +79200 33 3 0.0540
a range +72000 +79200 33 18 0.0472
a range +72000 +79200 34 17 0.0472
a range +72000 +79200 35 8 0.0472
a range +72000 +79200 35 16 0.0472
a range +72600 +79200 35 24 0.0482
a range +72000 +79200 36 7 0.0477
a range +72000 +79200 36 15 0.0472
a range +72000 +79200 36 23 0.0470
a range +22200 +79200 37 6 0.0540
a range +72000 +79200 37 22 0.0472
a range +72000 +79200 38 21 0.0472
a range +58800 +79200 38 39 1104.7998
a range +78600 +79200 38 40 1104.8198
a range +58800 +79200 38 42 1104.7998
a range +78600 +79200 38 43 1104.8198
a range +52200 +79200 39 18 1104.7998
a range +58800 +79200 39 38 1104.7998
a range +78600 +79200 40 18 1104.8198
a range +78600 +79200 40 38 1104.8198
a range +52200 +79200 42 18 1104.7998
a range +58800 +79200 42 38 1104.7998
a range +78600 +79200 43 18 1104.8198
a range +78600 +79200 43 38 1104.8198
a range +71400 +79800 1 13 0.0542
a range +71400 +79800 1 25 0.0545
a range +22200 +79800 3 21 0.0554
a range +71400 +79800 4 9 0.0542
a range +71400 +79800 4 29 0.0545
a range +22200 +79800 6 17 0.0554
a range +72000 +79800 7 20 0.0483
a range +73800 +79800 7 35 0.0469
a range +71400 +79800 9 4 0.0542
a range +72000 +79800 11 16 0.0483
a range +73800 +79800 11 31 0.0469
a range +71400 +79800 13 1 0.0542
a range +73800 +79800 15 27 0.0469
a range +72000 +79800 16 11 0.0483
a range +22200 +79800 17 6 0.0554
a range +73800 +79800 19 23 0.0469
a range +72000 +79800 20 7 0.0483
a range +22200 +79800 21 3 0.0554
a range +73800 +79800 23 19 0.0469
a range +73800 +79800 23 35 0.0471
a range +71400 +79800 25 1 0.0545
a range +73800 +79800 27 15 0.0469
a range +73800 +79800 27 31 0.0471
a range +71400 +79800 29 4 0.0545
a range +73800 +79800 31 11 0.0469
a range +73800 +79800 31 27 0.0471
a range +73800 +79800 35 7 0.0469
a range +73800 +79800 35 23 0.0471
a range +73800 +80400 7 19 0.0489
a range +73800 +80400 11 15 0.0489
a range +73800 +80400 15 11 0.0489
a range +73800 +80400 19 7 0.0489
a range +73200 +81000 2 21 0.0542
a range +73200 +81000 2 33 0.0543
a range +55200 +81000 2 39 1104.8773
a range +78600 +81000 2 40 1104.8946
a range +55200 +81000 2 42 1104.8773
a range +78600 +81000 2 43 1104.8946
a range +73200 +81000 5 17 0.0542
a range +73200 +81000 5 37 0.0543
a range +73200 +81000 7 27 0.0496
a range +73200 +81000 8 26 0.0496
a range +73200 +81000 9 25 0.0497
a range +73200 +81000 10 24 0.0496
a range +73200 +81000 11 23 0.0496
a range +73200 +81000 12 30 0.0496
a range +73200 +81000 13 29 0.0497
a range +73200 +81000 14 28 0.0496
a range +73200 +81000 15 35 0.0498
a range +73200 +81000 16 34 0.0499
a range +73200 +81000 17 5 0.0542
a range +73200 +81000 17 33 0.0499
a range +73200 +81000 18 32 0.0499
a range +73200 +81000 19 31 0.0498
a range +73200 +81000 20 38 0.0499
a range +73200 +81000 21 2 0.0542
a range +73200 +81000 21 37 0.0499
a range +73200 +81000 22 36 0.0499
a range +73200 +81000 23 11 0.0496
a range +73200 +81000 24 10 0.0496
a range +73200 +81000 25 9 0.0497
a range +73200 +81000 26 8 0.0496
a range +73200 +81000 27 7 0.0496
a range +73200 +81000 28 14 0.0496
a range +73200 +81000 29 13 0.0497
a range +73200 +81000 30 12 0.0496
a range +73200 +81000 31 19 0.0498
a range +73200 +81000 32 18 0.0499
a range +73200 +81000 33 2 0.0543
a range +73200 +81000 33 17 0.0499
a range +73200 +81000 34 16 0.0499
a range +73200 +81000 35 15 0.0498
a range +73200 +81000 36 22 0.0499
a range +73200 +81000 37 5 0.0543
a range +73200 +81000 37 21 0.0499
a range +73200 +81000 38 20 0.0499
a range +55200 +81000 39 2 1104.8773
a range +78600 +81000 40 2 1104.8946
a range +55200 +81000 42 2 1104.8773
a range +78600 +81000 43 2 1104.8946
a range +75000 +81600 7 18 0.0471
a range +75000 +81600 10 31 0.0470
a range +75000 +81600 11 22 0.0471
a range +75000 +81600 14 35 0.0470
a range +75000 +81600 15 26 0.0474
a range +75000 +81600 18 7 0.0471
a range +75000 +81600 19 30 0.0474
a range +75000 +81600 22 11 0.0471
a range +75000 +81600 23 34 0.0476
a range +75000 +81600 26 15 0.0474
a range +75000 +81600 27 38 0.0476
a range +75000 +81600 30 19 0.0474
a range +75000 +81600 31 10 0.0470
a range +75000 +81600 34 23 0.0476
a range +75000 +81600 35 14 0.0470
a range +61800 +81600 37 39 1104.8930
a range +78600 +81600 37 40 1104.9093
a range +61800 +81600 37 42 1104.8930
a range +78600 +81600 37 43 1104.9093
a range +75000 +81600 38 27 0.0476
a range +61800 +81600 39 37 1104.8930
a range +78600 +81600 40 37 1104.9093
a range +61800 +81600 42 37 1104.8930
a range +78600 +81600 43 37 1104.9093
a range +25200 +82200 1 12 0.0547
a range +25200 +82200 1 24 0.0550
a range +73800 +82200 2 32 0.0540
a range +25200 +82200 4 8 0.0547
a range +25200 +82200 4 28 0.0550
a range +73800 +82200 5 36 0.0540
a range +74400 +82200 7 26 0.0491
a range +75000 +82200 7 34 0.0484
a range +25200 +82200 8 4 0.0547
a range +74400 +82200 8 25 0.0492
a range +74400 +82200 9 24 0.0492
a range +74400 +82200 10 15 0.0478
a range +74400 +82200 10 23 0.0491
a range +74400 +82200 11 30 0.0491
a range +75000 +82200 11 38 0.0484
a range +25200 +82200 12 1 0.0547
a range +74400 +82200 12 29 0.0492
a range +74400 +82200 13 28 0.0492
a range +74400 +82200 14 19 0.0478
a range +74400 +82200 14 27 0.0491
a range +74400 +82200 15 10 0.0478
a range +74400 +82200 15 34 0.0494
a range +74400 +82200 16 33 0.0494
a range +74400 +82200 17 32 0.0494
a range +61800 +82200 17 39 1104.9164
a range +78600 +82200 17 40 1104.9316
a range +61800 +82200 17 42 1104.9164
a range +78600 +82200 17 43 1104.9316
a range +74400 +82200 18 23 0.0480
a range +74400 +82200 18 31 0.0494
a range +74400 +82200 19 14 0.0478
a range +74400 +82200 19 38 0.0494
a range +74400 +82200 20 37 0.0494
a range +74400 +82200 21 36 0.0494
a range +74400 +82200 22 27 0.0480
a range +74400 +82200 22 35 0.0494
a range +74400 +82200 23 10 0.0491
a range +74400 +82200 23 18 0.0480
a range +25200 +82200 24 1 0.0550
a range +74400 +82200 24 9 0.0492
a range +74400 +82200 25 8 0.0492
a range +74400 +82200 26 7 0.0491
a range +74400 +82200 26 31 0.0481
a range +74400 +82200 27 14 0.0491
a range +74400 +82200 27 22 0.0480
a range +25200 +82200 28 4 0.0550
a range +74400 +82200 28 13 0.0492
a range +74400 +82200 29 12 0.0492
a range +74400 +82200 30 11 0.0491
a range +74400 +82200 30 35 0.0481
a range +74400 +82200 31 18 0.0494
a range +74400 +82200 31 26 0.0481
a range +73800 +82200 32 2 0.0540
a range +74400 +82200 32 17 0.0494
a range +74400 +82200 33 16 0.0494
a range +75000 +82200 34 7 0.0484
a range +74400 +82200 34 15 0.0494
a range +74400 +82200 35 22 0.0494
a range +74400 +82200 35 30 0.0481
a range +73800 +82200 36 5 0.0540
a range +74400 +82200 36 21 0.0494
a range +74400 +82200 37 20 0.0494
a range +75000 +82200 38 11 0.0484
a range +74400 +82200 38 19 0.0494
a range +61800 +82200 39 17 1104.9164
a range +78600 +82200 40 17 1104.9316
a range +61800 +82200 42 17 1104.9164
a range +78600 +82200 43 17 1104.9316
a range +73800 +82800 2 20 0.0558
a range +73800 +82800 5 16 0.0558
a range +76800 +82800 10 22 0.0482
a range +76800 +82800 10 38 0.0485
a range +76800 +82800 14 18 0.0482
a range +76800 +82800 14 34 0.0485
a range +73800 +82800 16 5 0.0558
a range +76800 +82800 18 14 0.0482
a range +76800 +82800 18 30 0.0484
a range +73800 +82800 20 2 0.0558
a range +76800 +82800 22 10 0.0482
a range +76800 +82800 22 26 0.0484
a range +76800 +82800 26 22 0.0484
a range +76800 +82800 26 38 0.0486
a range +76800 +82800 30 18 0.0484
a range +76800 +82800 30 34 0.0486
a range +76800 +82800 34 14 0.0485
a range +76800 +82800 34 30 0.0486
a range +76800 +82800 38 10 0.0485
a range +76800 +82800 38 26 0.0486
a range +76200 +83400 3 28 0.0540
a range +76200 +83400 6 24 0.0540
a range +76200 +83400 7 25 0.0486
a range +76200 +83400 8 24 0.0486
a range +76200 +83400 9 23 0.0486
a range +76200 +83400 10 30 0.0486
a range +76200 +83400 11 29 0.0486
a range +76200 +83400 12 28 0.0486
a range +76200 +83400 13 27 0.0486
a range +76200 +83400 14 26 0.0486
a range +76200 +83400 15 33 0.0489
a range +76200 +83400 16 32 0.0489
a range +76200 +83400 17 31 0.0489
a range +75600 +83400 18 38 0.0489
a range +76200 +83400 19 37 0.0489
a range +76200 +83400 20 36 0.0489
a range +76200 +83400 21 35 0.0489
a range +75600 +83400 22 34 0.0489
a range +76200 +83400 23 9 0.0486
a range +76200 +83400 24 6 0.0540
a range +76200 +83400 24 8 0.0486
a range +76200 +83400 25 7 0.0486
a range +76200 +83400 26 14 0.0486
a range +76200 +83400 27 13 0.0486
a range +76200 +83400 28 3 0.0540
a range +76200 +83400 28 12 0.0486
a range +76200 +83400 29 11 0.0486
a range +76200 +83400 30 10 0.0486
a range +76200 +83400 31 17 0.0489
a range +76200 +83400 32 16 0.0489
a range +76200 +83400 33 15 0.0489
a range +75600 +83400 34 22 0.0489
a range +76200 +83400 35 21 0.0489
a range +76200 +83400 36 20 0.0489
a range +76200 +83400 37 19 0.0489
a range +75600 +83400 38 18 0.0489
a range +76200 +84000 3 8 0.0556
a range +76200 +84000 6 12 0.0556
a range +76200 +84000 8 3 0.0556
a range +76200 +84000 12 6 0.0556
a range +77400 +84000 26 37 0.0468
a range +77400 +84000 30 33 0.0468
a range +77400 +84000 33 30 0.0468
a range +77400 +84000 37 26 0.0468
a range +27600 +84600 2 19 0.0542
a range +27600 +84600 2 31 0.0546
a range +27600 +84600 5 15 0.0542
a range +27600 +84600 5 35 0.0546
a range +77400 +84600 7 24 0.0480
a range +77400 +84600 8 23 0.0480
a range +77400 +84600 9 22 0.0473
a range +77400 +84600 9 30 0.0480
a range +77400 +84600 9 38 0.0483
a range +77400 +84600 10 21 0.0485
a range +77400 +84600 10 29 0.0480
a range +77400 +84600 10 37 0.0478
a range +77400 +84600 11 28 0.0480
a range +77400 +84600 12 27 0.0480
a range +77400 +84600 13 18 0.0473
a range +77400 +84600 13 26 0.0480
a range +77400 +84600 13 34 0.0483
a range +77400 +84600 14 17 0.0485
a range +77400 +84600 14 25 0.0480
a range +77400 +84600 14 33 0.0478
a range +27600 +84600 15 5 0.0542
a range +77400 +84600 15 32 0.0484
a range +77400 +84600 16 31 0.0484
a range +64200 +84600 16 39 1105.0103
a range +78600 +84600 16 40 1105.0211
a range +64200 +84600 16 42 1105.0103
a range +78600 +84600 16 43 1105.0211
a range +77400 +84600 17 14 0.0485
a range +77400 +84600 17 30 0.0474
a range +77400 +84600 17 38 0.0483
a range +77400 +84600 18 13 0.0473
a range +77400 +84600 18 29 0.0486
a range +77400 +84600 18 37 0.0483
a range +27600 +84600 19 2 0.0542
a range +77400 +84600 19 36 0.0484
a range +77400 +84600 20 35 0.0484
a range +77400 +84600 21 10 0.0485
a range +77400 +84600 21 26 0.0474
a range +77400 +84600 21 34 0.0483
a range +77400 +84600 22 9 0.0473
a range +77400 +84600 22 25 0.0486
a range +77400 +84600 22 33 0.0483
a range +77400 +84600 23 8 0.0480
a range +77400 +84600 24 7 0.0480
a range +77400 +84600 25 14 0.0480
a range +77400 +84600 25 22 0.0486
a range +77400 +84600 25 38 0.0476
a range +77400 +84600 26 13 0.0480
a range +77400 +84600 26 21 0.0474
a range +77400 +84600 27 12 0.0480
a range +77400 +84600 28 11 0.0480
a range +77400 +84600 29 10 0.0480
a range +77400 +84600 29 18 0.0486
a range +77400 +84600 29 34 0.0476
a range +77400 +84600 30 9 0.0480
a range +77400 +84600 30 17 0.0474
a range +27600 +84600 31 2 0.0546
a range +77400 +84600 31 16 0.0484
a range +77400 +84600 32 15 0.0484
a range +77400 +84600 33 14 0.0478
a range +77400 +84600 33 22 0.0483
a range +77400 +84600 34 13 0.0483
a range +77400 +84600 34 21 0.0483
a range +77400 +84600 34 29 0.0476
a range +27600 +84600 35 5 0.0546
a range +77400 +84600 35 20 0.0484
a range +77400 +84600 36 19 0.0484
a range +64200 +84600 36 39 1105.0103
a range +78600 +84600 36 40 1105.0211
a range +64200 +84600 36 42 1105.0103
a range +78600 +84600 36 43 1105.0211
a range +77400 +84600 37 10 0.0478
a range +77400 +84600 37 18 0.0483
a range +77400 +84600 38 9 0.0483
a range +77400 +84600 38 17 0.0483
a range +77400 +84600 38 25 0.0476
a range +64200 +84600 39 16 1105.0103
a range +64200 +84600 39 36 1105.0103
a range +78600 +84600 40 16 1105.0211
a range +78600 +84600 40 36 1105.0211
a range +64200 +84600 42 16 1105.0103
a range +64200 +84600 42 36 1105.0103
a range +78600 +84600 43 16 1105.0211
a range +78600 +84600 43 36 1105.0211
a range +75600 +85200 3 7 0.0552
a range +76200 +85200 3 27 0.0554
a range +75600 +85200 6 11 0.0552
a range +76200 +85200 6 23 0.0554
a range +75600 +85200 7 3 0.0552
a range +79200 +85200 9 21 0.0474
a range +79200 +85200 9 37 0.0477
a range +75600 +85200 11 6 0.0552
a range +79200 +85200 13 17 0.0474
a range +79200 +85200 13 33 0.0477
a range +79200 +85200 17 13 0.0474
a range +79200 +85200 17 29 0.0477
a range +79200 +85200 21 9 0.0474
a range +79200 +85200 21 25 0.0477
a range +76200 +85200 23 6 0.0554
a range +79200 +85200 25 21 0.0477
a range +79200 +85200 25 37 0.0479
a range +76200 +85200 27 3 0.0554
a range +79200 +85200 29 17 0.0477
a range +79200 +85200 29 33 0.0479
a range +79200 +85200 33 13 0.0477
a range +79200 +85200 33 29 0.0479
a range +79200 +85200 37 9 0.0477
a range +79200 +85200 37 25 0.0479
a range +60000 +85800 1 39 1105.0649
a range +78600 +85800 1 40 1105.0733
a range +60000 +85800 1 42 1105.0649
a range +78600 +85800 1 43 1105.0733
a range +78600 +85800 7 23 0.0474
a range +78600 +85800 8 30 0.0474
a range +78600 +85800 9 29 0.0474
a range +78600 +85800 10 28 0.0474
a range +78600 +85800 11 27 0.0474
a range +78600 +85800 12 26 0.0474
a range +78600 +85800 13 25 0.0474
a range +78600 +85800 14 24 0.0474
a range +78600 +85800 15 31 0.0478
a range +78600 +85800 16 38 0.0478
a range +78600 +85800 17 37 0.0477
a range +78600 +85800 18 36 0.0478
a range +78600 +85800 19 35 0.0478
a range +78600 +85800 20 34 0.0478
a range +78600 +85800 21 33 0.0477
a range +78600 +85800 22 32 0.0478
a range +78600 +85800 23 7 0.0474
a range +78600 +85800 24 14 0.0474
a range +78600 +85800 25 13 0.0474
a range +78600 +85800 26 12 0.0474
a range +78600 +85800 27 11 0.0474
a range +78600 +85800 28 10 0.0474
a range +78600 +85800 29 9 0.0474
a range +78600 +85800 30 8 0.0474
a range +78600 +85800 31 15 0.0478
a range +78600 +85800 32 22 0.0478
a range +78600 +85800 33 21 0.0477
a range +78600 +85800 34 20 0.0478
a range +78600 +85800 35 19 0.0478
a range +78600 +85800 36 18 0.0478
a range +78600 +85800 37 17 0.0477
a range +78600 +85800 38 16 0.0478
a range +60000 +85800 39 1 1105.0649
a range +78600 +85800 40 1 1105.0733
a range +60000 +85800 42 1 1105.0649
a range +78600 +85800 43 1 1105.0733
a range +0 +86400 1 2 0.0326
a range +0 +86400 1 3 0.0565
a range +0 +86400 1 5 0.0565
a range +0 +86400 1 6 0.0326
a range +69000 +86400 1 7 0.0279
a range +66600 +86400 1 8 0.0288
a range +54000 +86400 1 9 0.0376
a range +50400 +86400 1 10 0.0468
a range +38400 +86400 1 11 0.0519
a range +85800 +86400 1 12 0.0514
a range +84600 +86400 1 13 0.0454
a range +82200 +86400 1 14 0.0359
a range +58800 +86400 1 15 0.0201
a range +45600 +86400 1 16 0.0246
a range +32400 +86400 1 17 0.0383
a range +30000 +86400 1 18 0.0499
a range +78600 +86400 1 19 0.0554
a range +76800 +86400 1 20 0.0536
a range +74400 +86400 1 21 0.0448
a range +61200 +86400 1 22 0.0314
a range +37800 +86400 1 23 0.0520
a range +85800 +86400 1 24 0.0513
a range +84600 +86400 1 25 0.0450
a range +82200 +86400 1 26 0.0354
a range +69000 +86400 1 27 0.0277
a range +66600 +86400 1 28 0.0291
a range +53400 +86400 1 29 0.0380
a range +40200 +86400 1 30 0.0471
a range +78600 +86400 1 31 0.0555
a range +76800 +86400 1 32 0.0533
a range +74400 +86400 1 33 0.0443
a range +61200 +86400 1 34 0.0307
a range +58200 +86400 1 35 0.0199
a range +45600 +86400 1 36 0.0251
a range +32400 +86400 1 37 0.0389
a range +78600 +86400 1 38 0.0503
a range +0 +86400 2 1 0.0326
a range +0 +86400 2 3 0.0326
a range +0 +86400 2 4 0.0565
a range +0 +86400 2 6 0.0565
a range +79800 +86400 2 7 0.0491
a range +77400 +86400 2 8 0.0477
a range +64200 +86400 2 9 0.0428
a range +61200 +86400 2 10 0.0364
a range +48600 +86400 2 11 0.0327
a range +35400 +86400 2 12 0.0346
a range +33000 +86400 2 13 0.0406
a range +81000 +86400 2 14 0.0463
a range +69000 +86400 2 15 0.0153
a range +56400 +86400 2 16 0.0198
a range +53400 +86400 2 17 0.0366
a range +40800 +86400 2 18 0.0502
a range +85200 +86400 2 21 0.0462
a range +72000 +86400 2 22 0.0310
a range +48600 +86400 2 23 0.0326
a range +35400 +86400 2 24 0.0348
a range +33000 +86400 2 25 0.0409
a range +81000 +86400 2 26 0.0465
a range +79200 +86400 2 27 0.0491
a range +76800 +86400 2 28 0.0476
a range +64200 +86400 2 29 0.0425
a range +61200 +86400 2 30 0.0362
a range +84600 +86400 2 33 0.0457
a range +71400 +86400 2 34 0.0302
a range +69000 +86400 2 35 0.0149
a range +56400 +86400 2 36 0.0205
a range +52800 +86400 2 37 0.0373
a range +40800 +86400 2 38 0.0506
a range +84600 +86400 2 39 1105.0791
a range +84600 +86400 2 40 1105.0864
a range +84600 +86400 2 42 1105.0791
a range +84600 +86400 2 43 1105.0864
a range +0 +86400 3 1 0.0565
a range +0 +86400 3 2 0.0326
a range +0 +86400 3 4 0.0326
a range +0 +86400 3 5 0.0565
a range +74400 +86400 3 9 0.0464
a range +72000 +86400 3 10 0.0296
a range +58800 +86400 3 11 0.0104
a range +55800 +86400 3 12 0.0171
a range +43200 +86400 3 13 0.0364
a range +30000 +86400 3 14 0.0510
a range +79800 +86400 3 15 0.0396
a range +66600 +86400 3 16 0.0391
a range +64200 +86400 3 17 0.0401
a range +51000 +86400 3 18 0.0420
a range +37800 +86400 3 19 0.0437
a range +35400 +86400 3 20 0.0442
a range +83400 +86400 3 21 0.0432
a range +82200 +86400 3 22 0.0414
a range +58800 +86400 3 23 0.0097
a range +55800 +86400 3 24 0.0180
a range +43200 +86400 3 25 0.0372
a range +30000 +86400 3 26 0.0514
a range +74400 +86400 3 29 0.0458
a range +72000 +86400 3 30 0.0288
a range +37800 +86400 3 31 0.0437
a range +35400 +86400 3 32 0.0441
a range +83400 +86400 3 33 0.0432
a range +82200 +86400 3 34 0.0413
a range +79800 +86400 3 35 0.0396
a range +66600 +86400 3 36 0.0391
a range +63600 +86400 3 37 0.0401
a range +51000 +86400 3 38 0.0421
a range +79200 +86400 3 39 1105.0472
a range +79200 +86400 3 40 1105.0544
a range +79200 +86400 3 42 1105.0472
a range +79200 +86400 3 43 1105.0544
a range +0 +86400 4 2 0.0565
a range +0 +86400 4 3 0.0326
a range +0 +86400 4 5 0.0326
a range +0 +86400 4 6 0.0565
a range +38400 +86400 4 7 0.0519
a range +85800 +86400 4 8 0.0514
a range +84600 +86400 4 9 0.0454
a range +82200 +86400 4 10 0.0359
a range +69000 +86400 4 11 0.0279
a range +66600 +86400 4 12 0.0288
a range +54000 +86400 4 13 0.0376
a range +50400 +86400 4 14 0.0468
a range +78600 +86400 4 15 0.0554
a range +76800 +86400 4 16 0.0536
a range +74400 +86400 4 17 0.0448
a range +61200 +86400 4 18 0.0314
a range +58800 +86400 4 19 0.0201
a range +45600 +86400 4 20 0.0246
a range +32400 +86400 4 21 0.0383
a range +30000 +86400 4 22 0.0499
a range +69000 +86400 4 23 0.0277
a range +66600 +86400 4 24 0.0291
a range +53400 +86400 4 25 0.0380
a range +40200 +86400 4 26 0.0471
a range +37800 +86400 4 27 0.0520
a range +85800 +86400 4 28 0.0513
a range +84600 +86400 4 29 0.0450
a range +82200 +86400 4 30 0.0354
a range +58200 +86400 4 31 0.0199
a range +45600 +86400 4 32 0.0251
a range +32400 +86400 4 33 0.0389
a range +78600 +86400 4 34 0.0503
a range +78600 +86400 4 35 0.0555
a range +76800 +86400 4 36 0.0533
a range +74400 +86400 4 37 0.0443
a range +61200 +86400 4 38 0.0307
a range +74400 +86400 4 39 1105.0256
a range +78600 +86400 4 40 1105.0328
a range +74400 +86400 4 42 1105.0256
a range +78600 +86400 4 43 1105.0328
a range +0 +86400 5 1 0.0565
a range +0 +86400 5 3 0.0565
a range +0 +86400 5 4 0.0326
a range +0 +86400 5 6 0.0326
a range +48600 +86400 5 7 0.0327
a range +35400 +86400 5 8 0.0346
a range +33000 +86400 5 9 0.0406
a range +81000 +86400 5 10 0.0463
a range +79800 +86400 5 11 0.0491
a range +77400 +86400 5 12 0.0477
a range +64200 +86400 5 13 0.0428
a range +61200 +86400 5 14 0.0364
a range +85200 +86400 5 17 0.0462
a range +72000 +86400 5 18 0.0310
a range +69000 +86400 5 19 0.0153
a range +56400 +86400 5 20 0.0198
a range +53400 +86400 5 21 0.0366
a range +40800 +86400 5 22 0.0502
a range +79200 +86400 5 23 0.0491
a range +76800 +86400 5 24 0.0476
a range +64200 +86400 5 25 0.0425
a range +61200 +86400 5 26 0.0362
a range +48600 +86400 5 27 0.0326
a range +35400 +86400 5 28 0.0348
a range +33000 +86400 5 29 0.0409
a range +81000 +86400 5 30 0.0465
a range +69000 +86400 5 31 0.0149
a range +56400 +86400 5 32 0.0205
a range +52800 +86400 5 33 0.0373
a range +40800 +86400 5 34 0.0506
a range +84600 +86400 5 37 0.0457
a range +71400 +86400 5 38 0.0302
a range +69600 +86400 5 39 1105.0361
a range +78600 +86400 5 40 1105.0433
a range +69600 +86400 5 42 1105.0361
a range +78600 +86400 5 43 1105.0433
a range +0 +86400 6 1 0.0326
a range +0 +86400 6 2 0.0565
a range +0 +86400 6 4 0.0565
a range +0 +86400 6 5 0.0326
a range +58800 +86400 6 7 0.0104
a range +55800 +86400 6 8 0.0171
a range +43200 +86400 6 9 0.0364
a range +30000 +86400 6 10 0.0510
a range +74400 +86400 6 13 0.0464
a range +72000 +86400 6 14 0.0296
a range +37800 +86400 6 15 0.0437
a range +35400 +86400 6 16 0.0442
a range +83400 +86400 6 17 0.0432
a range +82200 +86400 6 18 0.0414
a range +79800 +86400 6 19 0.0396
a range +66600 +86400 6 20 0.0391
a range +64200 +86400 6 21 0.0401
a range +51000 +86400 6 22 0.0420
a range +74400 +86400 6 25 0.0458
a range +72000 +86400 6 26 0.0288
a range +58800 +86400 6 27 0.0097
a range +55800 +86400 6 28 0.0180
a range +43200 +86400 6 29 0.0372
a range +30000 +86400 6 30 0.0514
a range +79800 +86400 6 31 0.0396
a range +66600 +86400 6 32 0.0391
a range +63600 +86400 6 33 0.0401
a range +51000 +86400 6 34 0.0421
a range +37800 +86400 6 35 0.0437
a range +35400 +86400 6 36 0.0441
a range +83400 +86400 6 37 0.0432
a range +82200 +86400 6 38 0.0413
a range +64800 +86400 6 39 1105.0680
a range +78600 +86400 6 40 1105.0753
a range +64800 +86400 6 42 1105.0680
a range +78600 +86400 6 43 1105.0753
a range +69000 +86400 7 1 0.0279
a range +79800 +86400 7 2 0.0491
a range +38400 +86400 7 4 0.0519
a range +48600 +86400 7 5 0.0327
a range +58800 +86400 7 6 0.0104
a range +0 +86400 7 8 0.0199
a range +0 +86400 7 9 0.0367
a range +0 +86400 7 13 0.0367
a range +0 +86400 7 14 0.0199
a range +0 +86400 7 15 0.0356
a range +0 +86400 7 16 0.0397
a range +0 +86400 7 17 0.0418
a range +85200 +86400 7 18 0.0410
a range +84600 +86400 7 19 0.0377
a range +82200 +86400 7 20 0.0335
a range +0 +86400 7 21 0.0308
a range +0 +86400 7 22 0.0318
a range +85200 +86400 7 26 0.0306
a range +84000 +86400 7 27 0.0122
a range +82200 +86400 7 28 0.0081
a range +81000 +86400 7 29 0.0271
a range +79800 +86400 7 30 0.0419
a range +0 +86400 7 31 0.0357
a range +0 +86400 7 32 0.0385
a range +0 +86400 7 33 0.0401
a range +85200 +86400 7 34 0.0398
a range +84600 +86400 7 35 0.0377
a range +82800 +86400 7 36 0.0348
a range +0 +86400 7 37 0.0329
a range +0 +86400 7 38 0.0333
a range +52200 +86400 7 39 1105.0680
a range +78600 +86400 7 40 1105.0752
a range +52200 +86400 7 42 1105.0680
a range +78600 +86400 7 43 1105.0752
a range +66600 +86400 8 1 0.0288
a range +77400 +86400 8 2 0.0477
a range +85800 +86400 8 4 0.0514
a range +35400 +86400 8 5 0.0346
a range +55800 +86400 8 6 0.0171
a range +0 +86400 8 7 0.0199
a range +0 +86400 8 9 0.0199
a range +0 +86400 8 10 0.0367
a range +0 +86400 8 14 0.0367
a range +0 +86400 8 15 0.0382
a range +0 +86400 8 16 0.0315
a range +0 +86400 8 17 0.0271
a range +0 +86400 8 18 0.0289
a range +82800 +86400 8 19 0.0352
a range +81600 +86400 8 20 0.0412
a range +79800 +86400 8 21 0.0442
a range +0 +86400 8 22 0.0431
a range +85200 +86400 8 25 0.0306
a range +84000 +86400 8 26 0.0123
a range +82200 +86400 8 27 0.0081
a range +81000 +86400 8 28 0.0270
a range +79800 +86400 8 29 0.0419
a range +0 +86400 8 31 0.0391
a range +0 +86400 8 32 0.0311
a range +0 +86400 8 33 0.0251
a range +0 +86400 8 34 0.0266
a range +82800 +86400 8 35 0.0341
a range +81600 +86400 8 36 0.0415
a range +79800 +86400 8 37 0.0454
a range +0 +86400 8 38 0.0445
a range +52200 +86400 8 39 1105.0679
a range +78600 +86400 8 40 1105.0751
a range +52200 +86400 8 42 1105.0679
a range +78600 +86400 8 43 1105.0751
a range +54000 +86400 9 1 0.0376
a range +64200 +86400 9 2 0.0428
a range +74400 +86400 9 3 0.0464
a range +84600 +86400 9 4 0.0454
a range +33000 +86400 9 5 0.0406
a range +43200 +86400 9 6 0.0364
a range +0 +86400 9 7 0.0367
a range +0 +86400 9 8 0.0199
a range +0 +86400 9 10 0.0199
a range +0 +86400 9 11 0.0367
a range +0 +86400 9 15 0.0398
a range +0 +86400 9 16 0.0249
a range +0 +86400 9 17 0.0092
a range +0 +86400 9 18 0.0170
a range +0 +86400 9 19 0.0333
a range +80400 +86400 9 20 0.0455
a range +85200 +86400 9 24 0.0306
a range +84000 +86400 9 25 0.0125
a range +82200 +86400 9 26 0.0084
a range +81000 +86400 9 27 0.0271
a range +79800 +86400 9 28 0.0419
a range +0 +86400 9 31 0.0410
a range +0 +86400 9 32 0.0260
a range +0 +86400 9 33 0.0084
a range +0 +86400 9 34 0.0145
a range +0 +86400 9 35 0.0319
a range +79800 +86400 9 36 0.0449
a range +52200 +86400 9 39 1105.0618
a range +78600 +86400 9 40 1105.0690
a range +52200 +86400 9 42 1105.0618
a range +78600 +86400 9 43 1105.0690
a range +50400 +86400 10 1 0.0468
a range +61200 +86400 10 2 0.0364
a range +72000 +86400 10 3 0.0296
a range +82200 +86400 10 4 0.0359
a range +81000 +86400 10 5 0.0463
a range +30000 +86400 10 6 0.0510
a range +0 +86400 10 8 0.0367
a range +0 +86400 10 9 0.0199
a range +0 +86400 10 11 0.0199
a range +0 +86400 10 12 0.0367
a range +85200 +86400 10 15 0.0396
a range +0 +86400 10 16 0.0259
a range +0 +86400 10 17 0.0131
a range +0 +86400 10 18 0.0189
a range +0 +86400 10 19 0.0335
a range +0 +86400 10 20 0.0449
a range +85200 +86400 10 23 0.0306
a range +84000 +86400 10 24 0.0123
a range +82200 +86400 10 25 0.0084
a range +81000 +86400 10 26 0.0271
a range +79800 +86400 10 27 0.0419
a range +85200 +86400 10 31 0.0404
a range +0 +86400 10 32 0.0279
a range +0 +86400 10 33 0.0161
a range +0 +86400 10 34 0.0194
a range +0 +86400 10 35 0.0326
a range +0 +86400 10 36 0.0437
a range +52200 +86400 10 39 1105.0532
a range +78600 +86400 10 40 1105.0604
a range +52200 +86400 10 42 1105.0532
a range +78600 +86400 10 43 1105.0604
a range +38400 +86400 11 1 0.0519
a range +48600 +86400 11 2 0.0327
a range +58800 +86400 11 3 0.0104
a range +69000 +86400 11 4 0.0279
a range +79800 +86400 11 5 0.0491
a range +0 +86400 11 9 0.0367
a range +0 +86400 11 10 0.0199
a range +0 +86400 11 12 0.0199
a range +0 +86400 11 13 0.0367
a range +84600 +86400 11 15 0.0377
a range +82200 +86400 11 16 0.0335
a range +0 +86400 11 17 0.0308
a range +0 +86400 11 18 0.0318
a range +0 +86400 11 19 0.0356
a range +0 +86400 11 20 0.0397
a range +0 +86400 11 21 0.0418
a range +85200 +86400 11 22 0.0410
a range +84000 +86400 11 23 0.0122
a range +82200 +86400 11 24 0.0081
a range +81000 +86400 11 25 0.0271
a range +79800 +86400 11 26 0.0419
a range +85200 +86400 11 30 0.0306
a range +84600 +86400 11 31 0.0377
a range +82800 +86400 11 32 0.0348
a range +0 +86400 11 33 0.0329
a range +0 +86400 11 34 0.0333
a range +0 +86400 11 35 0.0357
a range +0 +86400 11 36 0.0385
a range +0 +86400 11 37 0.0401
a range +85200 +86400 11 38 0.0398
a range +52200 +86400 11 39 1105.0472
a range +78600 +86400 11 40 1105.0545
a range +52200 +86400 11 42 1105.0472
a range +78600 +86400 11 43 1105.0545
a range +85800 +86400 12 1 0.0514
a range +35400 +86400 12 2 0.0346
a range +55800 +86400 12 3 0.0171
a range +66600 +86400 12 4 0.0288
a range +77400 +86400 12 5 0.0477
a range +0 +86400 12 10 0.0367
a range +0 +86400 12 11 0.0199
a range +0 +86400 12 13 0.0199
a range +0 +86400 12 14 0.0367
a range +82800 +86400 12 15 0.0352
a range +81600 +86400 12 16 0.0412
a range +79800 +86400 12 17 0.0442
a range +0 +86400 12 18 0.0431
a range +0 +86400 12 19 0.0382
a range +0 +86400 12 20 0.0315
a range +0 +86400 12 21 0.0271
a range +0 +86400 12 22 0.0289
a range +82200 +86400 12 23 0.0081
a range +81000 +86400 12 24 0.0270
a range +79800 +86400 12 25 0.0419
a range +85200 +86400 12 29 0.0306
a range +84000 +86400 12 30 0.0123
a range +82800 +86400 12 31 0.0341
a range +81600 +86400 12 32 0.0415
a range +79800 +86400 12 33 0.0454
a range +0 +86400 12 34 0.0445
a range +0 +86400 12 35 0.0391
a range +0 +86400 12 36 0.0311
a range +0 +86400 12 37 0.0251
a range +0 +86400 12 38 0.0266
a range +52200 +86400 12 39 1105.0473
a range +78600 +86400 12 40 1105.0546
a range +52200 +86400 12 42 1105.0473
a range +78600 +86400 12 43 1105.0546
a range +84600 +86400 13 1 0.0454
a range +33000 +86400 13 2 0.0406
a range +43200 +86400 13 3 0.0364
a range +54000 +86400 13 4 0.0376
a range +64200 +86400 13 5 0.0428
a range +74400 +86400 13 6 0.0464
a range +0 +86400 13 7 0.0367
a range +0 +86400 13 11 0.0367
a range +0 +86400 13 12 0.0199
a range +0 +86400 13 14 0.0199
a range +0 +86400 13 15 0.0333
a range +80400 +86400 13 16 0.0455
a range +0 +86400 13 19 0.0398
a range +0 +86400 13 20 0.0249
a range +0 +86400 13 21 0.0092
a range +0 +86400 13 22 0.0170
a range +81000 +86400 13 23 0.0271
a range +79800 +86400 13 24 0.0419
a range +85200 +86400 13 28 0.0306
a range +84000 +86400 13 29 0.0125
a range +82200 +86400 13 30 0.0084
a range +0 +86400 13 31 0.0319
a range +79800 +86400 13 32 0.0449
a range +0 +86400 13 35 0.0410
a range +0 +86400 13 36 0.0260
a range +0 +86400 13 37 0.0084
a range +0 +86400 13 38 0.0145
a range +52200 +86400 13 39 1105.0534
a range +78600 +86400 13 40 1105.0607
a range +52200 +86400 13 42 1105.0534
a range +78600 +86400 13 43 1105.0607
a range +82200 +86400 14 1 0.0359
a range +81000 +86400 14 2 0.0463
a range +30000 +86400 14 3 0.0510
a range +50400 +86400 14 4 0.0468
a range +61200 +86400 14 5 0.0364
a range +72000 +86400 14 6 0.0296
a range +0 +86400 14 7 0.0199
a range +0 +86400 14 8 0.0367
a range +0 +86400 14 12 0.0367
a range +0 +86400 14 13 0.0199
a range +0 +86400 14 15 0.0335
a range +0 +86400 14 16 0.0449
a range +85200 +86400 14 19 0.0396
a range +0 +86400 14 20 0.0259
a range +0 +86400 14 21 0.0131
a range +0 +86400 14 22 0.0189
a range +79800 +86400 14 23 0.0419
a range +85200 +86400 14 27 0.0306
a range +84000 +86400 14 28 0.0123
a range +82200 +86400 14 29 0.0084
a range +81000 +86400 14 30 0.0271
a range +0 +86400 14 31 0.0326
a range +0 +86400 14 32 0.0437
a range +85200 +86400 14 35 0.0404
a range +0 +86400 14 36 0.0279
a range +0 +86400 14 37 0.0161
a range +0 +86400 14 38 0.0194
a range +52200 +86400 14 39 1105.0620
a range +78600 +86400 14 40 1105.0692
a range +52200 +86400 14 42 1105.0620
a range +78600 +86400 14 43 1105.0692
a range +58800 +86400 15 1 0.0201
a range +69000 +86400 15 2 0.0153
a range +79800 +86400 15 3 0.0396
a range +78600 +86400 15 4 0.0554
a range +37800 +86400 15 6 0.0437
a range +0 +86400 15 7 0.0356
a range +0 +86400 15 8 0.0382
a range +0 +86400 15 9 0.0398
a range +85200 +86400 15 10 0.0396
a range +84600 +86400 15 11 0.0377
a range +82800 +86400 15 12 0.0352
a range +0 +86400 15 13 0.0333
a range +0 +86400 15 14 0.0335
a range +0 +86400 15 16 0.0199
a range +0 +86400 15 17 0.0367
a range +0 +86400 15 21 0.0367
a range +0 +86400 15 22 0.0199
a range +0 +86400 15 23 0.0358
a range +0 +86400 15 24 0.0396
a range +0 +86400 15 25 0.0415
a range +85200 +86400 15 26 0.0408
a range +84600 +86400 15 27 0.0376
a range +82200 +86400 15 28 0.0336
a range +0 +86400 15 29 0.0311
a range +0 +86400 15 30 0.0321
a range +85200 +86400 15 34 0.0298
a range +84000 +86400 15 35 0.0113
a range +82200 +86400 15 36 0.0090
a range +81000 +86400 15 37 0.0278
a range +79800 +86400 15 38 0.0425
a range +52200 +86400 15 39 1105.0805
a range +78600 +86400 15 40 1105.0877
a range +52200 +86400 15 42 1105.0805
a range +78600 +86400 15 43 1105.0877
a range +45600 +86400 16 1 0.0246
a range +56400 +86400 16 2 0.0198
a range +66600 +86400 16 3 0.0391
a range +76800 +86400 16 4 0.0536
a range +35400 +86400 16 6 0.0442
a range +0 +86400 16 7 0.0397
a range +0 +86400 16 8 0.0315
a range +0 +86400 16 9 0.0249
a range +0 +86400 16 10 0.0259
a range +82200 +86400 16 11 0.0335
a range +81600 +86400 16 12 0.0412
a range +80400 +86400 16 13 0.0455
a range +0 +86400 16 14 0.0449
a range +0 +86400 16 15 0.0199
a range +0 +86400 16 17 0.0199
a range +0 +86400 16 18 0.0367
a range +0 +86400 16 22 0.0367
a range +0 +86400 16 23 0.0381
a range +0 +86400 16 24 0.0312
a range +0 +86400 16 25 0.0267
a range +0 +86400 16 26 0.0287
a range +82800 +86400 16 27 0.0353
a range +81600 +86400 16 28 0.0415
a range +79800 +86400 16 29 0.0445
a range +0 +86400 16 30 0.0432
a range +85200 +86400 16 33 0.0299
a range +84000 +86400 16 34 0.0115
a range +82200 +86400 16 35 0.0090
a range +81000 +86400 16 36 0.0278
a range +79800 +86400 16 37 0.0424
a range +85200 +86400 16 39 1105.0774
a range +85200 +86400 16 40 1105.0846
a range +85200 +86400 16 42 1105.0774
a range +85200 +86400 16 43 1105.0846
a range +32400 +86400 17 1 0.0383
a range +53400 +86400 17 2 0.0366
a range +64200 +86400 17 3 0.0401
a range +74400 +86400 17 4 0.0448
a range +85200 +86400 17 5 0.0462
a range +83400 +86400 17 6 0.0432
a range +0 +86400 17 7 0.0418
a range +0 +86400 17 8 0.0271
a range +0 +86400 17 9 0.0092
a range +0 +86400 17 10 0.0131
a range +0 +86400 17 11 0.0308
a range +79800 +86400 17 12 0.0442
a range +0 +86400 17 15 0.0367
a range +0 +86400 17 16 0.0199
a range +0 +86400 17 18 0.0199
a range +0 +86400 17 19 0.0367
a range +0 +86400 17 23 0.0395
a range +0 +86400 17 24 0.0245
a range +0 +86400 17 25 0.0086
a range +0 +86400 17 26 0.0172
a range +0 +86400 17 27 0.0336
a range +80400 +86400 17 28 0.0458
a range +85200 +86400 17 32 0.0299
a range +84000 +86400 17 33 0.0116
a range +82200 +86400 17 34 0.0092
a range +81000 +86400 17 35 0.0278
a range +79800 +86400 17 36 0.0424
a range +82800 +86400 17 39 1105.0627
a range +82800 +86400 17 40 1105.0700
a range +82800 +86400 17 42 1105.0627
a range +82800 +86400 17 43 1105.0700
a range +30000 +86400 18 1 0.0499
a range +40800 +86400 18 2 0.0502
a range +51000 +86400 18 3 0.0420
a range +61200 +86400 18 4 0.0314
a range +72000 +86400 18 5 0.0310
a range +82200 +86400 18 6 0.0414
a range +85200 +86400 18 7 0.0410
a range +0 +86400 18 8 0.0289
a range +0 +86400 18 9 0.0170
a range +0 +86400 18 10 0.0189
a range +0 +86400 18 11 0.0318
a range +0 +86400 18 12 0.0431
a range +0 +86400 18 16 0.0367
a range +0 +86400 18 17 0.0199
a range +0 +86400 18 19 0.0199
a range +0 +86400 18 20 0.0367
a range +85200 +86400 18 23 0.0393
a range +0 +86400 18 24 0.0257
a range +0 +86400 18 25 0.0134
a range +0 +86400 18 26 0.0195
a range +0 +86400 18 27 0.0339
a range +0 +86400 18 28 0.0451
a range +85200 +86400 18 31 0.0298
a range +84000 +86400 18 32 0.0115
a range +82200 +86400 18 33 0.0093
a range +81000 +86400 18 34 0.0279
a range +79800 +86400 18 35 0.0425
a range +79800 +86400 18 39 1105.0450
a range +79800 +86400 18 40 1105.0523
a range +79800 +86400 18 42 1105.0450
a range +79800 +86400 18 43 1105.0523
a range +78600 +86400 19 1 0.0554
a range +37800 +86400 19 3 0.0437
a range +58800 +86400 19 4 0.0201
a range +69000 +86400 19 5 0.0153
a range +79800 +86400 19 6 0.0396
a range +84600 +86400 19 7 0.0377
a range +82800 +86400 19 8 0.0352
a range +0 +86400 19 9 0.0333
a range +0 +86400 19 10 0.0335
a range +0 +86400 19 11 0.0356
a range +0 +86400 19 12 0.0382
a range +0 +86400 19 13 0.0398
a range +85200 +86400 19 14 0.0396
a range +0 +86400 19 17 0.0367
a range +0 +86400 19 18 0.0199
a range +0 +86400 19 20 0.0199
a range +0 +86400 19 21 0.0367
a range +84600 +86400 19 23 0.0376
a range +82200 +86400 19 24 0.0336
a range +0 +86400 19 25 0.0311
a range +0 +86400 19 26 0.0321
a range +0 +86400 19 27 0.0358
a range +0 +86400 19 28 0.0396
a range +0 +86400 19 29 0.0415
a range +85200 +86400 19 30 0.0408
a range +84000 +86400 19 31 0.0113
a range +82200 +86400 19 32 0.0090
a range +81000 +86400 19 33 0.0278
a range +79800 +86400 19 34 0.0425
a range +85200 +86400 19 38 0.0298
a range +77400 +86400 19 39 1105.0347
a range +78600 +86400 19 40 1105.0419
a range +77400 +86400 19 42 1105.0347
a range +78600 +86400 19 43 1105.0419
a range +76800 +86400 20 1 0.0536
a range +35400 +86400 20 3 0.0442
a range +45600 +86400 20 4 0.0246
a range +56400 +86400 20 5 0.0198
a range +66600 +86400 20 6 0.0391
a range +82200 +86400 20 7 0.0335
a range +81600 +86400 20 8 0.0412
a range +80400 +86400 20 9 0.0455
a range +0 +86400 20 10 0.0449
a range +0 +86400 20 11 0.0397
a range +0 +86400 20 12 0.0315
a range +0 +86400 20 13 0.0249
a range +0 +86400 20 14 0.0259
a range +0 +86400 20 18 0.0367
a range +0 +86400 20 19 0.0199
a range +0 +86400 20 21 0.0199
a range +0 +86400 20 22 0.0367
a range +82800 +86400 20 23 0.0353
a range +81600 +86400 20 24 0.0415
a range +79800 +86400 20 25 0.0445
a range +0 +86400 20 26 0.0432
a range +0 +86400 20 27 0.0381
a range +0 +86400 20 28 0.0312
a range +0 +86400 20 29 0.0267
a range +0 +86400 20 30 0.0287
a range +82200 +86400 20 31 0.0090
a range +81000 +86400 20 32 0.0278
a range +79800 +86400 20 33 0.0424
a range +85200 +86400 20 37 0.0299
a range +84000 +86400 20 38 0.0115
a range +75000 +86400 20 39 1105.0378
a range +78600 +86400 20 40 1105.0450
a range +75000 +86400 20 42 1105.0378
a range +78600 +86400 20 43 1105.0450
a range +74400 +86400 21 1 0.0448
a range +85200 +86400 21 2 0.0462
a range +83400 +86400 21 3 0.0432
a range +32400 +86400 21 4 0.0383
a range +53400 +86400 21 5 0.0366
a range +64200 +86400 21 6 0.0401
a range +0 +86400 21 7 0.0308
a range +79800 +86400 21 8 0.0442
a range +0 +86400 21 11 0.0418
a range +0 +86400 21 12 0.0271
a range +0 +86400 21 13 0.0092
a range +0 +86400 21 14 0.0131
a range +0 +86400 21 15 0.0367
a range +0 +86400 21 19 0.0367
a range +0 +86400 21 20 0.0199
a range +0 +86400 21 22 0.0199
a range +0 +86400 21 23 0.0336
a range +80400 +86400 21 24 0.0458
a range +0 +86400 21 27 0.0395
a range +0 +86400 21 28 0.0245
a range +0 +86400 21 29 0.0086
a range +0 +86400 21 30 0.0172
a range +81000 +86400 21 31 0.0278
a range +79800 +86400 21 32 0.0424
a range +85200 +86400 21 36 0.0299
a range +84000 +86400 21 37 0.0116
a range +82200 +86400 21 38 0.0092
a range +72000 +86400 21 39 1105.0525
a range +78600 +86400 21 40 1105.0597
a range +72000 +86400 21 42 1105.0525
a range +78600 +86400 21 43 1105.0597
a range +61200 +86400 22 1 0.0314
a range +72000 +86400 22 2 0.0310
a range +82200 +86400 22 3 0.0414
a range +30000 +86400 22 4 0.0499
a range +40800 +86400 22 5 0.0502
a range +51000 +86400 22 6 0.0420
a range +0 +86400 22 7 0.0318
a range +0 +86400 22 8 0.0431
a range +85200 +86400 22 11 0.0410
a range +0 +86400 22 12 0.0289
a range +0 +86400 22 13 0.0170
a range +0 +86400 22 14 0.0189
a range +0 +86400 22 15 0.0199
a range +0 +86400 22 16 0.0367
a range +0 +86400 22 20 0.0367
a range +0 +86400 22 21 0.0199
a range +0 +86400 22 23 0.0339
a range +0 +86400 22 24 0.0451
a range +85200 +86400 22 27 0.0393
a range +0 +86400 22 28 0.0257
a range +0 +86400 22 29 0.0134
a range +0 +86400 22 30 0.0195
a range +79800 +86400 22 31 0.0425
a range +85200 +86400 22 35 0.0298
a range +84000 +86400 22 36 0.0115
a range +82200 +86400 22 37 0.0093
a range +81000 +86400 22 38 0.0279
a range +69600 +86400 22 39 1105.0702
a range +78600 +86400 22 40 1105.0774
a range +69600 +86400 22 42 1105.0702
a range +78600 +86400 22 43 1105.0774
a range +37800 +86400 23 1 0.0520
a range +48600 +86400 23 2 0.0326
a range +58800 +86400 23 3 0.0097
a range +69000 +86400 23 4 0.0277
a range +79200 +86400 23 5 0.0491
a range +85200 +86400 23 10 0.0306
a range +84000 +86400 23 11 0.0122
a range +82200 +86400 23 12 0.0081
a range +81000 +86400 23 13 0.0271
a range +79800 +86400 23 14 0.0419
a range +0 +86400 23 15 0.0358
a range +0 +86400 23 16 0.0381
a range +0 +86400 23 17 0.0395
a range +85200 +86400 23 18 0.0393
a range +84600 +86400 23 19 0.0376
a range +82800 +86400 23 20 0.0353
a range +0 +86400 23 21 0.0336
a range +0 +86400 23 22 0.0339
a range +0 +86400 23 24 0.0199
a range +0 +86400 23 25 0.0367
a range +0 +86400 23 29 0.0367
a range +0 +86400 23 30 0.0199
a range +0 +86400 23 31 0.0359
a range +0 +86400 23 32 0.0395
a range +0 +86400 23 33 0.0413
a range +85200 +86400 23 34 0.0405
a range +84600 +86400 23 35 0.0375
a range +82200 +86400 23 36 0.0337
a range +0 +86400 23 37 0.0314
a range +0 +86400 23 38 0.0324
a range +52200 +86400 23 39 1105.0470
a range +78600 +86400 23 40 1105.0542
a range +52200 +86400 23 42 1105.0470
a range +78600 +86400 23 43 1105.0542
a range +85800 +86400 24 1 0.0513
a range +35400 +86400 24 2 0.0348
a range +55800 +86400 24 3 0.0180
a range +66600 +86400 24 4 0.0291
a range +76800 +86400 24 5 0.0476
a range +85200 +86400 24 9 0.0306
a range +84000 +86400 24 10 0.0123
a range +82200 +86400 24 11 0.0081
a range +81000 +86400 24 12 0.0270
a range +79800 +86400 24 13 0.0419
a range +0 +86400 24 15 0.0396
a range +0 +86400 24 16 0.0312
a range +0 +86400 24 17 0.0245
a range +0 +86400 24 18 0.0257
a range +82200 +86400 24 19 0.0336
a range +81600 +86400 24 20 0.0415
a range +80400 +86400 24 21 0.0458
a range +0 +86400 24 22 0.0451
a range +0 +86400 24 23 0.0199
a range +0 +86400 24 25 0.0199
a range +0 +86400 24 26 0.0367
a range +0 +86400 24 30 0.0367
a range +0 +86400 24 31 0.0380
a range +0 +86400 24 32 0.0309
a range +0 +86400 24 33 0.0263
a range +0 +86400 24 34 0.0286
a range +82800 +86400 24 35 0.0354
a range +81600 +86400 24 36 0.0417
a range +79800 +86400 24 37 0.0447
a range +0 +86400 24 38 0.0433
a range +52200 +86400 24 39 1105.0477
a range +78600 +86400 24 40 1105.0549
a range +52200 +86400 24 42 1105.0477
a range +78600 +86400 24 43 1105.0549
a range +84600 +86400 25 1 0.0450
a range +33000 +86400 25 2 0.0409
a range +43200 +86400 25 3 0.0372
a range +53400 +86400 25 4 0.0380
a range +64200 +86400 25 5 0.0425
a range +74400 +86400 25 6 0.0458
a range +85200 +86400 25 8 0.0306
a range +84000 +86400 25 9 0.0125
a range +82200 +86400 25 10 0.0084
a range +81000 +86400 25 11 0.0271
a range +79800 +86400 25 12 0.0419
a range +0 +86400 25 15 0.0415
a range +0 +86400 25 16 0.0267
a range +0 +86400 25 17 0.0086
a range +0 +86400 25 18 0.0134
a range +0 +86400 25 19 0.0311
a range +79800 +86400 25 20 0.0445
a range +0 +86400 25 23 0.0367
a range +0 +86400 25 24 0.0199
a range +0 +86400 25 26 0.0199
a range +0 +86400 25 27 0.0367
a range +0 +86400 25 31 0.0392
a range +0 +86400 25 32 0.0240
a range +0 +86400 25 33 0.0080
a range +0 +86400 25 34 0.0174
a range +0 +86400 25 35 0.0340
a range +80400 +86400 25 36 0.0460
a range +52200 +86400 25 39 1105.0542
a range +78600 +86400 25 40 1105.0614
a range +52200 +86400 25 42 1105.0542
a range +78600 +86400 25 43 1105.0614
a range +82200 +86400 26 1 0.0354
a range +81000 +86400 26 2 0.0465
a range +30000 +86400 26 3 0.0514
a range +40200 +86400 26 4 0.0471
a range +61200 +86400 26 5 0.0362
a range +72000 +86400 26 6 0.0288
a range +85200 +86400 26 7 0.0306
a range +84000 +86400 26 8 0.0123
a range +82200 +86400 26 9 0.0084
a range +81000 +86400 26 10 0.0271
a range +79800 +86400 26 11 0.0419
a range +85200 +86400 26 15 0.0408
a range +0 +86400 26 16 0.0287
a range +0 +86400 26 17 0.0172
a range +0 +86400 26 18 0.0195
a range +0 +86400 26 19 0.0321
a range +0 +86400 26 20 0.0432
a range +0 +86400 26 24 0.0367
a range +0 +86400 26 25 0.0199
a range +0 +86400 26 27 0.0199
a range +0 +86400 26 28 0.0367
a range +85200 +86400 26 31 0.0390
a range +0 +86400 26 32 0.0255
a range +0 +86400 26 33 0.0137
a range +0 +86400 26 34 0.0200
a range +0 +86400 26 35 0.0342
a range +0 +86400 26 36 0.0452
a range +52200 +86400 26 39 1105.0626
a range +78600 +86400 26 40 1105.0699
a range +52200 +86400 26 42 1105.0626
a range +78600 +86400 26 43 1105.0699
a range +69000 +86400 27 1 0.0277
a range +79200 +86400 27 2 0.0491
a range +37800 +86400 27 4 0.0520
a range +48600 +86400 27 5 0.0326
a range +58800 +86400 27 6 0.0097
a range +84000 +86400 27 7 0.0122
a range +82200 +86400 27 8 0.0081
a range +81000 +86400 27 9 0.0271
a range +79800 +86400 27 10 0.0419
a range +85200 +86400 27 14 0.0306
a range +84600 +86400 27 15 0.0376
a range +82800 +86400 27 16 0.0353
a range +0 +86400 27 17 0.0336
a range +0 +86400 27 18 0.0339
a range +0 +86400 27 19 0.0358
a range +0 +86400 27 20 0.0381
a range +0 +86400 27 21 0.0395
a range +85200 +86400 27 22 0.0393
a range +0 +86400 27 25 0.0367
a range +0 +86400 27 26 0.0199
a range +0 +86400 27 28 0.0199
a range +0 +86400 27 29 0.0367
a range +84600 +86400 27 31 0.0375
a range +82200 +86400 27 32 0.0337
a range +0 +86400 27 33 0.0314
a range +0 +86400 27 34 0.0324
a range +0 +86400 27 35 0.0359
a range +0 +86400 27 36 0.0395
a range +0 +86400 27 37 0.0413
a range +85200 +86400 27 38 0.0405
a range +52200 +86400 27 39 1105.0682
a range +78600 +86400 27 40 1105.0754
a range +52200 +86400 27 42 1105.0682
a range +78600 +86400 27 43 1105.0754
a range +66600 +86400 28 1 0.0291
a range +76800 +86400 28 2 0.0476
a range +85800 +86400 28 4 0.0513
a range +35400 +86400 28 5 0.0348
a range +55800 +86400 28 6 0.0180
a range +82200 +86400 28 7 0.0081
a range +81000 +86400 28 8 0.0270
a range +79800 +86400 28 9 0.0419
a range +85200 +86400 28 13 0.0306
a range +84000 +86400 28 14 0.0123
a range +82200 +86400 28 15 0.0336
a range +81600 +86400 28 16 0.0415
a range +80400 +86400 28 17 0.0458
a range +0 +86400 28 18 0.0451
a range +0 +86400 28 19 0.0396
a range +0 +86400 28 20 0.0312
a range +0 +86400 28 21 0.0245
a range +0 +86400 28 22 0.0257
a range +0 +86400 28 26 0.0367
a range +0 +86400 28 27 0.0199
a range +0 +86400 28 29 0.0199
a range +0 +86400 28 30 0.0367
a range +82800 +86400 28 31 0.0354
a range +81600 +86400 28 32 0.0417
a range +79800 +86400 28 33 0.0447
a range +0 +86400 28 34 0.0433
a range +0 +86400 28 35 0.0380
a range +0 +86400 28 36 0.0309
a range +0 +86400 28 37 0.0263
a range +0 +86400 28 38 0.0286
a range +52200 +86400 28 39 1105.0675
a range +78600 +86400 28 40 1105.0747
a range +52200 +86400 28 42 1105.0675
a range +78600 +86400 28 43 1105.0747
a range +53400 +86400 29 1 0.0380
a range +64200 +86400 29 2 0.0425
a range +74400 +86400 29 3 0.0458
a range +84600 +86400 29 4 0.0450
a range +33000 +86400 29 5 0.0409
a range +43200 +86400 29 6 0.0372
a range +81000 +86400 29 7 0.0271
a range +79800 +86400 29 8 0.0419
a range +85200 +86400 29 12 0.0306
a range +84000 +86400 29 13 0.0125
a range +82200 +86400 29 14 0.0084
a range +0 +86400 29 15 0.0311
a range +79800 +86400 29 16 0.0445
a range +0 +86400 29 19 0.0415
a range +0 +86400 29 20 0.0267
a range +0 +86400 29 21 0.0086
a range +0 +86400 29 22 0.0134
a range +0 +86400 29 23 0.0367
a range +0 +86400 29 27 0.0367
a range +0 +86400 29 28 0.0199
a range +0 +86400 29 30 0.0199
a range +0 +86400 29 31 0.0340
a range +80400 +86400 29 32 0.0460
a range +0 +86400 29 35 0.0392
a range +0 +86400 29 36 0.0240
a range +0 +86400 29 37 0.0080
a range +0 +86400 29 38 0.0174
a range +52200 +86400 29 39 1105.0610
a range +78600 +86400 29 40 1105.0683
a range +52200 +86400 29 42 1105.0610
a range +78600 +86400 29 43 1105.0683
a range +40200 +86400 30 1 0.0471
a range +61200 +86400 30 2 0.0362
a range +72000 +86400 30 3 0.0288
a range +82200 +86400 30 4 0.0354
a range +81000 +86400 30 5 0.0465
a range +30000 +86400 30 6 0.0514
a range +79800 +86400 30 7 0.0419
a range +85200 +86400 30 11 0.0306
a range +84000 +86400 30 12 0.0123
a range +82200 +86400 30 13 0.0084
a range +81000 +86400 30 14 0.0271
a range +0 +86400 30 15 0.0321
a range +0 +86400 30 16 0.0432
a range +85200 +86400 30 19 0.0408
a range +0 +86400 30 20 0.0287
a range +0 +86400 30 21 0.0172
a range +0 +86400 30 22 0.0195
a range +0 +86400 30 23 0.0199
a range +0 +86400 30 24 0.0367
a range +0 +86400 30 28 0.0367
a range +0 +86400 30 29 0.0199
a range +0 +86400 30 31 0.0342
a range +0 +86400 30 32 0.0452
a range +85200 +86400 30 35 0.0390
a range +0 +86400 30 36 0.0255
a range +0 +86400 30 37 0.0137
a range +0 +86400 30 38 0.0200
a range +52200 +86400 30 39 1105.0525
a range +78600 +86400 30 40 1105.0598
a range +52200 +86400 30 42 1105.0525
a range +78600 +86400 30 43 1105.0598
a range +78600 +86400 31 1 0.0555
a range +37800 +86400 31 3 0.0437
a range +58200 +86400 31 4 0.0199
a range +69000 +86400 31 5 0.0149
a range +79800 +86400 31 6 0.0396
a range +0 +86400 31 7 0.0357
a range +0 +86400 31 8 0.0391
a range +0 +86400 31 9 0.0410
a range +85200 +86400 31 10 0.0404
a range +84600 +86400 31 11 0.0377
a range +82800 +86400 31 12 0.0341
a range +0 +86400 31 13 0.0319
a range +0 +86400 31 14 0.0326
a range +85200 +86400 31 18 0.0298
a range +84000 +86400 31 19 0.0113
a range +82200 +86400 31 20 0.0090
a range +81000 +86400 31 21 0.0278
a range +79800 +86400 31 22 0.0425
a range +0 +86400 31 23 0.0359
a range +0 +86400 31 24 0.0380
a range +0 +86400 31 25 0.0392
a range +85200 +86400 31 26 0.0390
a range +84600 +86400 31 27 0.0375
a range +82800 +86400 31 28 0.0354
a range +0 +86400 31 29 0.0340
a range +0 +86400 31 30 0.0342
a range +0 +86400 31 32 0.0199
a range +0 +86400 31 33 0.0367
a range +0 +86400 31 37 0.0367
a range +0 +86400 31 38 0.0199
a range +77400 +86400 31 39 1105.0345
a range +78600 +86400 31 40 1105.0417
a range +77400 +86400 31 42 1105.0345
a range +78600 +86400 31 43 1105.0417
a range +76800 +86400 32 1 0.0533
a range +35400 +86400 32 3 0.0441
a range +45600 +86400 32 4 0.0251
a range +56400 +86400 32 5 0.0205
a range +66600 +86400 32 6 0.0391
a range +0 +86400 32 7 0.0385
a range +0 +86400 32 8 0.0311
a range +0 +86400 32 9 0.0260
a range +0 +86400 32 10 0.0279
a range +82800 +86400 32 11 0.0348
a range +81600 +86400 32 12 0.0415
a range +79800 +86400 32 13 0.0449
a range +0 +86400 32 14 0.0437
a range +85200 +86400 32 17 0.0299
a range +84000 +86400 32 18 0.0115
a range +82200 +86400 32 19 0.0090
a range +81000 +86400 32 20 0.0278
a range +79800 +86400 32 21 0.0424
a range +0 +86400 32 23 0.0395
a range +0 +86400 32 24 0.0309
a range +0 +86400 32 25 0.0240
a range +0 +86400 32 26 0.0255
a range +82200 +86400 32 27 0.0337
a range +81600 +86400 32 28 0.0417
a range +80400 +86400 32 29 0.0460
a range +0 +86400 32 30 0.0452
a range +0 +86400 32 31 0.0199
a range +0 +86400 32 33 0.0199
a range +0 +86400 32 34 0.0367
a range +0 +86400 32 38 0.0367
a range +74400 +86400 32 39 1105.0384
a range +78600 +86400 32 40 1105.0457
a range +74400 +86400 32 42 1105.0384
a range +78600 +86400 32 43 1105.0457
a range +74400 +86400 33 1 0.0443
a range +84600 +86400 33 2 0.0457
a range +83400 +86400 33 3 0.0432
a range +32400 +86400 33 4 0.0389
a range +52800 +86400 33 5 0.0373
a range +63600 +86400 33 6 0.0401
a range +0 +86400 33 7 0.0401
a range +0 +86400 33 8 0.0251
a range +0 +86400 33 9 0.0084
a range +0 +86400 33 10 0.0161
a range +0 +86400 33 11 0.0329
a range +79800 +86400 33 12 0.0454
a range +85200 +86400 33 16 0.0299
a range +84000 +86400 33 17 0.0116
a range +82200 +86400 33 18 0.0093
a range +81000 +86400 33 19 0.0278
a range +79800 +86400 33 20 0.0424
a range +0 +86400 33 23 0.0413
a range +0 +86400 33 24 0.0263
a range +0 +86400 33 25 0.0080
a range +0 +86400 33 26 0.0137
a range +0 +86400 33 27 0.0314
a range +79800 +86400 33 28 0.0447
a range +0 +86400 33 31 0.0367
a range +0 +86400 33 32 0.0199
a range +0 +86400 33 34 0.0199
a range +0 +86400 33 35 0.0367
a range +72000 +86400 33 39 1105.0536
a range +78600 +86400 33 40 1105.0609
a range +72000 +86400 33 42 1105.0536
a range +78600 +86400 33 43 1105.0609
a range +61200 +86400 34 1 0.0307
a range +71400 +86400 34 2 0.0302
a range +82200 +86400 34 3 0.0413
a range +78600 +86400 34 4 0.0503
a range +40800 +86400 34 5 0.0506
a range +51000 +86400 34 6 0.0421
a range +85200 +86400 34 7 0.0398
a range +0 +86400 34 8 0.0266
a range +0 +86400 34 9 0.0145
a range +0 +86400 34 10 0.0194
a range +0 +86400 34 11 0.0333
a range +0 +86400 34 12 0.0445
a range +85200 +86400 34 15 0.0298
a range +84000 +86400 34 16 0.0115
a range +82200 +86400 34 17 0.0092
a range +81000 +86400 34 18 0.0279
a range +79800 +86400 34 19 0.0425
a range +85200 +86400 34 23 0.0405
a range +0 +86400 34 24 0.0286
a range +0 +86400 34 25 0.0174
a range +0 +86400 34 26 0.0200
a range +0 +86400 34 27 0.0324
a range +0 +86400 34 28 0.0433
a range +0 +86400 34 32 0.0367
a range +0 +86400 34 33 0.0199
a range +0 +86400 34 35 0.0199
a range +0 +86400 34 36 0.0367
a range +69600 +86400 34 39 1105.0711
a range +78600 +86400 34 40 1105.0784
a range +69600 +86400 34 42 1105.0711
a range +78600 +86400 34 43 1105.0784
a range +58200 +86400 35 1 0.0199
a range +69000 +86400 35 2 0.0149
a range +79800 +86400 35 3 0.0396
a range +78600 +86400 35 4 0.0555
a range +37800 +86400 35 6 0.0437
a range +84600 +86400 35 7 0.0377
a range +82800 +86400 35 8 0.0341
a range +0 +86400 35 9 0.0319
a range +0 +86400 35 10 0.0326
a range +0 +86400 35 11 0.0357
a range +0 +86400 35 12 0.0391
a range +0 +86400 35 13 0.0410
a range +85200 +86400 35 14 0.0404
a range +84000 +86400 35 15 0.0113
a range +82200 +86400 35 16 0.0090
a range +81000 +86400 35 17 0.0278
a range +79800 +86400 35 18 0.0425
a range +85200 +86400 35 22 0.0298
a range +84600 +86400 35 23 0.0375
a range +82800 +86400 35 24 0.0354
a range +0 +86400 35 25 0.0340
a range +0 +86400 35 26 0.0342
a range +0 +86400 35 27 0.0359
a range +0 +86400 35 28 0.0380
a range +0 +86400 35 29 0.0392
a range +85200 +86400 35 30 0.0390
a range +0 +86400 35 33 0.0367
a range +0 +86400 35 34 0.0199
a range +0 +86400 35 36 0.0199
a range +0 +86400 35 37 0.0367
a range +66600 +86400 35 39 1105.0807
a range +78600 +86400 35 40 1105.0880
a range +66600 +86400 35 42 1105.0807
a range +78600 +86400 35 43 1105.0880
a range +45600 +86400 36 1 0.0251
a range +56400 +86400 36 2 0.0205
a range +66600 +86400 36 3 0.0391
a range +76800 +86400 36 4 0.0533
a range +35400 +86400 36 6 0.0441
a range +82800 +86400 36 7 0.0348
a range +81600 +86400 36 8 0.0415
a range +79800 +86400 36 9 0.0449
a range +0 +86400 36 10 0.0437
a range +0 +86400 36 11 0.0385
a range +0 +86400 36 12 0.0311
a range +0 +86400 36 13 0.0260
a range +0 +86400 36 14 0.0279
a range +82200 +86400 36 15 0.0090
a range +81000 +86400 36 16 0.0278
a range +79800 +86400 36 17 0.0424
a range +85200 +86400 36 21 0.0299
a range +84000 +86400 36 22 0.0115
a range +82200 +86400 36 23 0.0337
a range +81600 +86400 36 24 0.0417
a range +80400 +86400 36 25 0.0460
a range +0 +86400 36 26 0.0452
a range +0 +86400 36 27 0.0395
a range +0 +86400 36 28 0.0309
a range +0 +86400 36 29 0.0240
a range +0 +86400 36 30 0.0255
a range +0 +86400 36 34 0.0367
a range +0 +86400 36 35 0.0199
a range +0 +86400 36 37 0.0199
a range +0 +86400 36 38 0.0367
a range +85200 +86400 36 39 1105.0768
a range +85200 +86400 36 40 1105.0840
a range +85200 +86400 36 42 1105.0768
a range +85200 +86400 36 43 1105.0840
a range +32400 +86400 37 1 0.0389
a range +52800 +86400 37 2 0.0373
a range +63600 +86400 37 3 0.0401
a range +74400 +86400 37 4 0.0443
a range +84600 +86400 37 5 0.0457
a range +83400 +86400 37 6 0.0432
a range +0 +86400 37 7 0.0329
a range +79800 +86400 37 8 0.0454
a range +0 +86400 37 11 0.0401
a range +0 +86400 37 12 0.0251
a range +0 +86400 37 13 0.0084
a range +0 +86400 37 14 0.0161
a range +81000 +86400 37 15 0.0278
a range +79800 +86400 37 16 0.0424
a range +85200 +86400 37 20 0.0299
a range +84000 +86400 37 21 0.0116
a range +82200 +86400 37 22 0.0093
a range +0 +86400 37 23 0.0314
a range +79800 +86400 37 24 0.0447
a range +0 +86400 37 27 0.0413
a range +0 +86400 37 28 0.0263
a range +0 +86400 37 29 0.0080
a range +0 +86400 37 30 0.0137
a range +0 +86400 37 31 0.0367
a range +0 +86400 37 35 0.0367
a range +0 +86400 37 36 0.0199
a range +0 +86400 37 38 0.0199
a range +82200 +86400 37 39 1105.0616
a range +82200 +86400 37 40 1105.0688
a range +82200 +86400 37 42 1105.0616
a range +82200 +86400 37 43 1105.0688
a range +78600 +86400 38 1 0.0503
a range +40800 +86400 38 2 0.0506
a range +51000 +86400 38 3 0.0421
a range +61200 +86400 38 4 0.0307
a range +71400 +86400 38 5 0.0302
a range +82200 +86400 38 6 0.0413
a range +0 +86400 38 7 0.0333
a range +0 +86400 38 8 0.0445
a range +85200 +86400 38 11 0.0398
a range +0 +86400 38 12 0.0266
a range +0 +86400 38 13 0.0145
a range +0 +86400 38 14 0.0194
a range +79800 +86400 38 15 0.0425
a range +85200 +86400 38 19 0.0298
a range +84000 +86400 38 20 0.0115
a range +82200 +86400 38 21 0.0092
a range +81000 +86400 38 22 0.0279
a range +0 +86400 38 23 0.0324
a range +0 +86400 38 24 0.0433
a range +85200 +86400 38 27 0.0405
a range +0 +86400 38 28 0.0286
a range +0 +86400 38 29 0.0174
a range +0 +86400 38 30 0.0200
a range +0 +86400 38 31 0.0199
a range +0 +86400 38 32 0.0367
a range +0 +86400 38 36 0.0367
a range +0 +86400 38 37 0.0199
a range +79800 +86400 38 39 1105.0440
a range +79800 +86400 38 40 1105.0513
a range +79800 +86400 38 42 1105.0440
a range +79800 +86400 38 43 1105.0513
a range +84600 +86400 39 2 1105.0791
a range +79200 +86400 39 3 1105.0472
a range +74400 +86400 39 4 1105.0256
a range +69600 +86400 39 5 1105.0361
a range +64800 +86400 39 6 1105.0680
a range +52200 +86400 39 7 1105.0680
a range +52200 +86400 39 8 1105.0679
a range +52200 +86400 39 9 1105.0618
a range +52200 +86400 39 10 1105.0532
a range +52200 +86400 39 11 1105.0472
a range +52200 +86400 39 12 1105.0473
a range +52200 +86400 39 13 1105.0534
a range +52200 +86400 39 14 1105.0620
a range +52200 +86400 39 15 1105.0805
a range +85200 +86400 39 16 1105.0774
a range +82800 +86400 39 17 1105.0627
a range +79800 +86400 39 18 1105.0450
a range +77400 +86400 39 19 1105.0347
a range +75000 +86400 39 20 1105.0378
a range +72000 +86400 39 21 1105.0525
a range +69600 +86400 39 22 1105.0702
a range +52200 +86400 39 23 1105.0470
a range +52200 +86400 39 24 1105.0477
a range +52200 +86400 39 25 1105.0542
a range +52200 +86400 39 26 1105.0626
a range +52200 +86400 39 27 1105.0682
a range +52200 +86400 39 28 1105.0675
a range +52200 +86400 39 29 1105.0610
a range +52200 +86400 39 30 1105.0525
a range +77400 +86400 39 31 1105.0345
a range +74400 +86400 39 32 1105.0384
a range +72000 +86400 39 33 1105.0536
a range +69600 +86400 39 34 1105.0711
a range +66600 +86400 39 35 1105.0807
a range +85200 +86400 39 36 1105.0768
a range +82200 +86400 39 37 1105.0616
a range +79800 +86400 39 38 1105.0440
a range +0 +86400 39 42 0.0000
a range +84600 +86400 40 2 1105.0864
a range +79200 +86400 40 3 1105.0544
a range +78600 +86400 40 4 1105.0328
a range +78600 +86400 40 5 1105.0433
a range +78600 +86400 40 6 1105.0753
a range +78600 +86400 40 7 1105.0752
a range +78600 +86400 40 8 1105.0751
a range +78600 +86400 40 9 1105.0690
a range +78600 +86400 40 10 1105.0604
a range +78600 +86400 40 11 1105.0545
a range +78600 +86400 40 12 1105.0546
a range +78600 +86400 40 13 1105.0607
a range +78600 +86400 40 14 1105.0692
a range +78600 +86400 40 15 1105.0877
a range +85200 +86400 40 16 1105.0846
a range +82800 +86400 40 17 1105.0700
a range +79800 +86400 40 18 1105.0523
a range +78600 +86400 40 19 1105.0419
a range +78600 +86400 40 20 1105.0450
a range +78600 +86400 40 21 1105.0597
a range +78600 +86400 40 22 1105.0774
a range +78600 +86400 40 23 1105.0542
a range +78600 +86400 40 24 1105.0549
a range +78600 +86400 40 25 1105.0614
a range +78600 +86400 40 26 1105.0699
a range +78600 +86400 40 27 1105.0754
a range +78600 +86400 40 28 1105.0747
a range +78600 +86400 40 29 1105.0683
a range +78600 +86400 40 30 1105.0598
a range +78600 +86400 40 31 1105.0417
a range +78600 +86400 40 32 1105.0457
a range +78600 +86400 40 33 1105.0609
a range +78600 +86400 40 34 1105.0784
a range +78600 +86400 40 35 1105.0880
a range +85200 +86400 40 36 1105.0840
a range +82200 +86400 40 37 1105.0688
a range +79800 +86400 40 38 1105.0513
a range +0 +86400 40 43 0.0000
a range +0 +86400 41 44 0.0000
a range +84600 +86400 42 2 1105.0791
a range +79200 +86400 42 3 1105.0472
a range +74400 +86400 42 4 1105.0256
a range +69600 +86400 42 5 1105.0361
a range +64800 +86400 42 6 1105.0680
a range +52200 +86400 42 7 1105.0680
a range +52200 +86400 42 8 1105.0679
a range +52200 +86400 42 9 1105.0618
a range +52200 +86400 42 10 1105.0532
a range +52200 +86400 42 11 1105.0472
a range +52200 +86400 42 12 1105.0473
a range +52200 +86400 42 13 1105.0534
a range +52200 +86400 42 14 1105.0620
a range +52200 +86400 42 15 1105.0805
a range +85200 +86400 42 16 1105.0774
a range +82800 +86400 42 17 1105.0627
a range +79800 +86400 42 18 1105.0450
a range +77400 +86400 42 19 1105.0347
a range +75000 +86400 42 20 1105.0378
a range +72000 +86400 42 21 1105.0525
a range +69600 +86400 42 22 1105.0702
a range +52200 +86400 42 23 1105.0470
a range +52200 +86400 42 24 1105.0477
a range +52200 +86400 42 25 1105.0542
a range +52200 +86400 42 26 1105.0626
a range +52200 +86400 42 27 1105.0682
a range +52200 +86400 42 28 1105.0675
a range +52200 +86400 42 29 1105.0610
a range +52200 +86400 42 30 1105.0525
a range +77400 +86400 42 31 1105.0345
a range +74400 +86400 42 32 1105.0384
a range +72000 +86400 42 33 1105.0536
a range +69600 +86400 42 34 1105.0711
a range +66600 +86400 42 35 1105.0807
a range +85200 +86400 42 36 1105.0768
a range +82200 +86400 42 37 1105.0616
a range +79800 +86400 42 38 1105.0440
a range +0 +86400 42 39 0.0000
a range +84600 +86400 43 2 1105.0864
a range +79200 +86400 43 3 1105.0544
a range +78600 +86400 43 4 1105.0328
a range +78600 +86400 43 5 1105.0433
a range +78600 +86400 43 6 1105.0753
a range +78600 +86400 43 7 1105.0752
a range +78600 +86400 43 8 1105.0751
a range +78600 +86400 43 9 1105.0690
a range +78600 +86400 43 10 1105.0604
a range +78600 +86400 43 11 1105.0545
a range +78600 +86400 43 12 1105.0546
a range +78600 +86400 43 13 1105.0607
a range +78600 +86400 43 14 1105.0692
a range +78600 +86400 43 15 1105.0877
a range +85200 +86400 43 16 1105.0846
a range +82800 +86400 43 17 1105.0700
a range +79800 +86400 43 18 1105.0523
a range +78600 +86400 43 19 1105.0419
a range +78600 +86400 43 20 1105.0450
a range +78600 +86400 43 21 1105.0597
a range +78600 +86400 43 22 1105.0774
a range +78600 +86400 43 23 1105.0542
a range +78600 +86400 43 24 1105.0549
a range +78600 +86400 43 25 1105.0614
a range +78600 +86400 43 26 1105.0699
a range +78600 +86400 43 27 1105.0754
a range +78600 +86400 43 28 1105.0747
a range +78600 +86400 43 29 1105.0683
a range +78600 +86400 43 30 1105.0598
a range +78600 +86400 43 31 1105.0417
a range +78600 +86400 43 32 1105.0457
a range +78600 +86400 43 33 1105.0609
a range +78600 +86400 43 34 1105.0784
a range +78600 +86400 43 35 1105.0880
a range +85200 +86400 43 36 1105.0840
a range +82200 +86400 43 37 1105.0688
a range +79800 +86400 43 38 1105.0513
a range +0 +86400 43 40 0.0000
a range +0 +86400 44 41 0.0000
a range +0 +86400 39 45 0.0
a range +0 +86400 45 39 0.0
a range +0 +86400 40 45 0.0
a range +0 +86400 45 40 0.0
a range +0 +86400 41 45 0.0
a range +0 +86400 45 41 0.0
a range +0 +86400 42 45 0.0
a range +0 +86400 45 42 0.0
a range +0 +86400 43 45 0.0
a range +0 +86400 45 43 0.0
a range +0 +86400 44 45 0.0
a range +0 +86400 45 44 0.0
