a contact +0 +600 2093 1012 10000
a contact +0 +600 2094 1012 10000
a contact +0 +600 2095 1012 10000
a contact +0 +600 2096 1011 10000
a contact +0 +600 2097 1011 10000
a contact +0 +600 2098 1011 10000
a contact +0 +600 2099 1010 10000
a contact +0 +600 2100 1010 10000
a contact +0 +600 2101 1010 10000
a contact +0 +600 2102 1009 10000
a contact +0 +600 2103 1009 10000
a contact +0 +600 2104 1009 10000
a contact +0 +600 2105 1008 10000
a contact +0 +600 2106 1008 10000
a contact +0 +600 2107 1008 10000
a contact +0 +600 2108 1007 10000
a contact +0 +600 2109 1006 10000
a contact +0 +600 2110 1006 10000
a contact +0 +600 2111 1007 10000
a contact +0 +600 2112 1007 10000
a contact +0 +600 2113 1006 10000
a contact +0 +600 2114 1005 10000
a contact +0 +600 2115 1005 10000
a contact +0 +600 2116 1005 10000
a contact +0 +600 2117 1004 10000
a contact +0 +600 2118 1004 10000
a contact +0 +600 2119 1004 10000
a contact +0 +600 2120 1003 10000
a contact +0 +600 2121 1002 10000
a contact +0 +600 2122 1002 10000
a contact +0 +600 2123 1002 10000
a contact +0 +600 2124 1003 10000
a contact +0 +600 2125 1003 10000
a contact +0 +600 2126 1001 10000
a contact +0 +600 2127 1001 10000
a contact +0 +600 2128 1001 10000
a contact +600 +1200 1006 9008 100000
a contact +600 +1200 1008 9006 100000
a contact +600 +1200 1008 9004 100000
a contact +600 +1200 1008 9002 100000
a contact +600 +1200 1010 9007 100000
a contact +600 +1200 1012 9005 100000
a contact +600 +1200 1012 9003 100000
a contact +600 +1200 1012 9001 100000
a contact +600 +1200 2004 1003 10000
a contact +600 +1200 2102 1011 10000
a contact +600 +1200 2103 1011 10000
a contact +600 +1200 2104 1011 10000
a contact +600 +1200 2105 1010 10000
a contact +600 +1200 2106 1009 10000
a contact +600 +1200 2107 1009 10000
a contact +600 +1200 2108 1009 10000
a contact +600 +1200 2109 1010 10000
a contact +600 +1200 2110 1007 10000
a contact +600 +1200 2111 1007 10000
a contact +600 +1200 2112 1007 10000
a contact +600 +1200 2113 1006 10000
a contact +600 +1200 2114 1005 10000
a contact +600 +1200 2115 1005 10000
a contact +600 +1200 2116 1006 10000
a contact +600 +1200 2117 1005 10000
a contact +600 +1200 2118 1004 10000
a contact +600 +1200 2119 1004 10000
a contact +600 +1200 2120 1004 10000
a contact +600 +1200 2121 1003 10000
a contact +600 +1200 2122 1003 10000
a contact +600 +1200 2123 1002 10000
a contact +600 +1200 2124 1002 10000
a contact +600 +1200 2125 1001 10000
a contact +600 +1200 2126 1002 10000
a contact +600 +1200 2127 1001 10000
a contact +600 +1200 2128 1001 10000
a contact +1200 +1800 1003 9001 100000
a contact +1200 +1800 1003 9005 100000
a contact +1200 +1800 1003 9004 100000
a contact +1200 +1800 1005 9003 100000
a contact +1200 +1800 1005 9002 100000
a contact +1200 +1800 1005 9008 100000
a contact +1200 +1800 2001 1001 10000
a contact +1200 +1800 2002 1010 10000
a contact +1200 +1800 2022 1008 10000
a contact +1200 +1800 2051 1012 10000
a contact +1200 +1800 2057 1008 10000
a contact +1200 +1800 2058 1012 10000
a contact +1200 +1800 2073 1008 10000
a contact +1200 +1800 2101 1006 10000
a contact +1200 +1800 2105 1010 10000
a contact +1200 +1800 2108 1009 10000
a contact +1200 +1800 2109 1010 10000
a contact +1200 +1800 2110 1011 10000
a contact +1200 +1800 2111 1011 10000
a contact +1200 +1800 2112 1011 10000
a contact +1200 +1800 2113 1006 10000
a contact +1200 +1800 2114 1009 10000
a contact +1200 +1800 2115 1009 10000
a contact +1200 +1800 2116 1006 10000
a contact +1200 +1800 2117 1004 10000
a contact +1200 +1800 2118 1004 10000
a contact +1200 +1800 2119 1004 10000
a contact +1200 +1800 2120 1007 10000
a contact +1200 +1800 2121 1007 10000
a contact +1200 +1800 2122 1007 10000
a contact +1200 +1800 2123 1012 10000
a contact +1200 +1800 2124 1002 10000
a contact +1200 +1800 2125 1002 10000
a contact +1200 +1800 2126 1001 10000
a contact +1200 +1800 2127 1002 10000
a contact +1200 +1800 2128 1001 10000
a contact +1800 +2400 2001 1001 10000
a contact +1800 +2400 2002 1010 10000
a contact +1800 +2400 2009 1005 10000
a contact +1800 +2400 2022 1008 10000
a contact +1800 +2400 2050 1003 10000
a contact +1800 +2400 2051 1012 10000
a contact +1800 +2400 2054 1003 10000
a contact +1800 +2400 2057 1008 10000
a contact +1800 +2400 2058 1012 10000
a contact +1800 +2400 2069 1005 10000
a contact +1800 +2400 2073 1008 10000
a contact +1800 +2400 2096 1005 10000
a contact +1800 +2400 2101 1006 10000
a contact +1800 +2400 2105 1010 10000
a contact +1800 +2400 2106 1003 10000
a contact +1800 +2400 2108 1009 10000
a contact +1800 +2400 2109 1010 10000
a contact +1800 +2400 2110 1011 10000
a contact +1800 +2400 2111 1011 10000
a contact +1800 +2400 2112 1009 10000
a contact +1800 +2400 2113 1006 10000
a contact +1800 +2400 2114 1004 10000
a contact +1800 +2400 2115 1004 10000
a contact +1800 +2400 2116 1006 10000
a contact +1800 +2400 2117 1011 10000
a contact +1800 +2400 2118 1009 10000
a contact +1800 +2400 2119 1007 10000
a contact +1800 +2400 2120 1007 10000
a contact +1800 +2400 2121 1002 10000
a contact +1800 +2400 2122 1007 10000
a contact +1800 +2400 2123 1012 10000
a contact +1800 +2400 2124 1004 10000
a contact +1800 +2400 2125 1002 10000
a contact +1800 +2400 2126 1001 10000
a contact +1800 +2400 2127 1001 10000
a contact +1800 +2400 2128 1002 10000
a contact +2400 +3000 2001 1001 10000
a contact +2400 +3000 2009 1005 10000
a contact +2400 +3000 2050 1003 10000
a contact +2400 +3000 2051 1012 10000
a contact +2400 +3000 2054 1003 10000
a contact +2400 +3000 2057 1008 10000
a contact +2400 +3000 2058 1012 10000
a contact +2400 +3000 2069 1005 10000
a contact +2400 +3000 2073 1008 10000
a contact +2400 +3000 2096 1005 10000
a contact +2400 +3000 2104 1011 10000
a contact +2400 +3000 2105 1011 10000
a contact +2400 +3000 2106 1003 10000
a contact +2400 +3000 2107 1010 10000
a contact +2400 +3000 2108 1010 10000
a contact +2400 +3000 2109 1009 10000
a contact +2400 +3000 2110 1010 10000
a contact +2400 +3000 2111 1011 10000
a contact +2400 +3000 2112 1007 10000
a contact +2400 +3000 2113 1007 10000
a contact +2400 +3000 2114 1007 10000
a contact +2400 +3000 2115 1004 10000
a contact +2400 +3000 2116 1004 10000
a contact +2400 +3000 2117 1009 10000
a contact +2400 +3000 2118 1009 10000
a contact +2400 +3000 2119 1006 10000
a contact +2400 +3000 2120 1006 10000
a contact +2400 +3000 2121 1006 10000
a contact +2400 +3000 2122 1002 10000
a contact +2400 +3000 2123 1012 10000
a contact +2400 +3000 2124 1001 10000
a contact +2400 +3000 2125 1001 10000
a contact +2400 +3000 2126 1004 10000
a contact +2400 +3000 2127 1002 10000
a contact +2400 +3000 2128 1002 10000
a contact +3000 +3600 2001 1002 10000
a contact +3000 +3600 2009 1005 10000
a contact +2400 +3600 2022 1008 10000
a contact +3000 +3600 2050 1003 10000
a contact +3000 +3600 2051 1012 10000
a contact +3000 +3600 2054 1003 10000
a contact +3000 +3600 2057 1008 10000
a contact +3000 +3600 2058 1012 10000
a contact +3000 +3600 2069 1005 10000
a contact +3000 +3600 2073 1008 10000
a contact +3000 +3600 2096 1005 10000
a contact +3000 +3600 2104 1011 10000
a contact +3000 +3600 2105 1011 10000
a contact +3000 +3600 2106 1003 10000
a contact +3000 +3600 2107 1010 10000
a contact +3000 +3600 2108 1010 10000
a contact +3000 +3600 2109 1011 10000
a contact +3000 +3600 2110 1010 10000
a contact +3000 +3600 2111 1007 10000
a contact +3000 +3600 2112 1009 10000
a contact +3000 +3600 2113 1007 10000
a contact +3000 +3600 2114 1007 10000
a contact +3000 +3600 2115 1009 10000
a contact +3000 +3600 2116 1004 10000
a contact +3000 +3600 2117 1009 10000
a contact +3000 +3600 2118 1006 10000
a contact +3000 +3600 2119 1006 10000
a contact +3000 +3600 2120 1006 10000
a contact +3000 +3600 2121 1004 10000
a contact +3000 +3600 2122 1001 10000
a contact +3000 +3600 2123 1012 10000
a contact +3000 +3600 2124 1001 10000
a contact +3000 +3600 2125 1001 10000
a contact +3000 +3600 2126 1004 10000
a contact +3000 +3600 2127 1002 10000
a contact +3000 +3600 2128 1002 10000
a contact +3600 +4200 1002 9007 100000
a contact +3600 +4200 1002 9003 100000
a contact +3600 +4200 1002 9001 100000
a contact +3600 +4200 2001 1004 10000
a contact +3600 +4200 2003 1003 10000
a contact +3600 +4200 2092 1012 10000
a contact +3600 +4200 2093 1012 10000
a contact +3600 +4200 2094 1012 10000
a contact +3600 +4200 2095 1008 10000
a contact +3600 +4200 2097 1008 10000
a contact +3600 +4200 2098 1008 10000
a contact +3600 +4200 2099 1005 10000
a contact +3600 +4200 2100 1005 10000
a contact +3600 +4200 2101 1005 10000
a contact +3600 +4200 2102 1003 10000
a contact +3600 +4200 2103 1003 10000
a contact +3600 +4200 2109 1011 10000
a contact +3600 +4200 2110 1011 10000
a contact +3600 +4200 2111 1010 10000
a contact +3600 +4200 2112 1011 10000
a contact +3600 +4200 2113 1010 10000
a contact +3600 +4200 2114 1010 10000
a contact +3600 +4200 2115 1009 10000
a contact +3600 +4200 2116 1009 10000
a contact +3600 +4200 2117 1009 10000
a contact +3600 +4200 2118 1007 10000
a contact +3600 +4200 2119 1007 10000
a contact +3600 +4200 2120 1007 10000
a contact +3600 +4200 2121 1006 10000
a contact +3600 +4200 2122 1001 10000
a contact +3600 +4200 2123 1001 10000
a contact +3600 +4200 2124 1001 10000
a contact +3600 +4200 2125 1006 10000
a contact +3600 +4200 2126 1006 10000
a contact +3600 +4200 2127 1004 10000
a contact +3600 +4200 2128 1004 10000
a contact +4200 +4800 2001 1004 10000
a contact +4200 +4800 2003 1003 10000
a contact +4200 +4800 2022 1002 10000
a contact +4200 +4800 2033 1002 10000
a contact +4200 +4800 2092 1012 10000
a contact +4200 +4800 2093 1012 10000
a contact +4200 +4800 2095 1008 10000
a contact +4200 +4800 2097 1008 10000
a contact +4200 +4800 2098 1008 10000
a contact +4200 +4800 2099 1005 10000
a contact +4200 +4800 2100 1005 10000
a contact +4200 +4800 2101 1005 10000
a contact +4200 +4800 2102 1003 10000
a contact +4200 +4800 2103 1003 10000
a contact +4200 +4800 2108 1010 10000
a contact +4200 +4800 2109 1007 10000
a contact +4200 +4800 2110 1010 10000
a contact +4200 +4800 2111 1010 10000
a contact +4200 +4800 2112 1011 10000
a contact +4200 +4800 2113 1009 10000
a contact +4200 +4800 2114 1009 10000
a contact +4200 +4800 2115 1011 10000
a contact +4200 +4800 2116 1009 10000
a contact +4200 +4800 2117 1007 10000
a contact +4200 +4800 2118 1002 10000
a contact +4200 +4800 2119 1007 10000
a contact +4200 +4800 2120 1011 10000
a contact +4200 +4800 2121 1001 10000
a contact +4200 +4800 2122 1001 10000
a contact +4200 +4800 2123 1001 10000
a contact +4200 +4800 2124 1006 10000
a contact +4200 +4800 2125 1006 10000
a contact +4200 +4800 2126 1004 10000
a contact +4200 +4800 2127 1006 10000
a contact +4200 +4800 2128 1004 10000
a contact +4800 +5400 2001 1004 10000
a contact +4800 +5400 2003 1003 10000
a contact +4800 +5400 2022 1002 10000
a contact +4800 +5400 2033 1002 10000
a contact +4800 +5400 2092 1012 10000
a contact +4800 +5400 2093 1012 10000
a contact +4200 +5400 2094 1012 10000
a contact +4800 +5400 2095 1008 10000
a contact +4800 +5400 2097 1008 10000
a contact +4800 +5400 2098 1008 10000
a contact +4800 +5400 2099 1005 10000
a contact +4800 +5400 2100 1005 10000
a contact +4800 +5400 2101 1005 10000
a contact +4800 +5400 2102 1003 10000
a contact +4800 +5400 2103 1003 10000
a contact +4800 +5400 2108 1011 10000
a contact +4800 +5400 2109 1011 10000
a contact +4800 +5400 2110 1009 10000
a contact +4800 +5400 2111 1010 10000
a contact +4800 +5400 2112 1010 10000
a contact +4800 +5400 2113 1009 10000
a contact +4800 +5400 2114 1010 10000
a contact +4800 +5400 2115 1011 10000
a contact +4800 +5400 2116 1007 10000
a contact +4800 +5400 2117 1007 10000
a contact +4800 +5400 2118 1002 10000
a contact +4800 +5400 2119 1009 10000
a contact +4800 +5400 2120 1001 10000
a contact +4800 +5400 2121 1001 10000
a contact +4800 +5400 2122 1007 10000
a contact +4800 +5400 2123 1001 10000
a contact +4800 +5400 2124 1006 10000
a contact +4800 +5400 2125 1004 10000
a contact +4800 +5400 2126 1006 10000
a contact +4800 +5400 2127 1004 10000
a contact +4800 +5400 2128 1006 10000
a contact +5400 +6000 2001 1006 10000
a contact +5400 +6000 2003 1003 10000
a contact +5400 +6000 2033 1002 10000
a contact +5400 +6000 2092 1012 10000
a contact +5400 +6000 2093 1012 10000
a contact +5400 +6000 2094 1012 10000
a contact +5400 +6000 2095 1008 10000
a contact +5400 +6000 2097 1008 10000
a contact +5400 +6000 2098 1008 10000
a contact +5400 +6000 2099 1005 10000
a contact +5400 +6000 2100 1005 10000
a contact +5400 +6000 2101 1005 10000
a contact +5400 +6000 2102 1003 10000
a contact +5400 +6000 2103 1003 10000
a contact +5400 +6000 2108 1011 10000
a contact +5400 +6000 2109 1009 10000
a contact +5400 +6000 2110 1006 10000
a contact +5400 +6000 2111 1009 10000
a contact +5400 +6000 2112 1010 10000
a contact +5400 +6000 2113 1010 10000
a contact +5400 +6000 2114 1011 10000
a contact +5400 +6000 2115 1001 10000
a contact +5400 +6000 2116 1007 10000
a contact +5400 +6000 2117 1007 10000
a contact +5400 +6000 2118 1002 10000
a contact +5400 +6000 2119 1010 10000
a contact +5400 +6000 2120 1001 10000
a contact +5400 +6000 2121 1001 10000
a contact +5400 +6000 2122 1009 10000
a contact +5400 +6000 2123 1006 10000
a contact +5400 +6000 2124 1007 10000
a contact +5400 +6000 2125 1004 10000
a contact +5400 +6000 2126 1011 10000
a contact +5400 +6000 2127 1004 10000
a contact +5400 +6000 2128 1004 10000
a contact +6000 +6600 2001 1006 10000
a contact +6000 +6600 2003 1003 10000
a contact +5400 +6600 2022 1002 10000
a contact +6000 +6600 2033 1002 10000
a contact +6000 +6600 2092 1012 10000
a contact +6000 +6600 2093 1012 10000
a contact +6000 +6600 2094 1012 10000
a contact +6000 +6600 2095 1008 10000
a contact +6000 +6600 2097 1008 10000
a contact +6000 +6600 2098 1008 10000
a contact +6000 +6600 2099 1005 10000
a contact +6000 +6600 2100 1005 10000
a contact +6000 +6600 2101 1005 10000
a contact +6000 +6600 2102 1003 10000
a contact +6000 +6600 2103 1003 10000
a contact +6000 +6600 2108 1011 10000
a contact +6000 +6600 2109 1009 10000
a contact +6000 +6600 2110 1007 10000
a contact +6000 +6600 2111 1009 10000
a contact +6000 +6600 2112 1010 10000
a contact +6000 +6600 2113 1011 10000
a contact +6000 +6600 2114 1001 10000
a contact +6000 +6600 2115 1001 10000
a contact +6000 +6600 2116 1009 10000
a contact +6000 +6600 2117 1010 10000
a contact +6000 +6600 2118 1002 10000
a contact +6000 +6600 2119 1010 10000
a contact +6000 +6600 2120 1001 10000
a contact +6000 +6600 2121 1007 10000
a contact +6000 +6600 2122 1006 10000
a contact +6000 +6600 2123 1004 10000
a contact +6000 +6600 2124 1004 10000
a contact +6000 +6600 2125 1004 10000
a contact +6000 +6600 2126 1007 10000
a contact +6000 +6600 2127 1011 10000
a contact +6000 +6600 2128 1006 10000
a contact +6600 +7200 1004 9005 100000
a contact +6600 +7200 1004 9003 100000
a contact +6600 +7200 1004 9007 100000
a contact +6600 +7200 1007 9006 100000
a contact +6600 +7200 1007 9004 100000
a contact +6600 +7200 1007 9002 100000
a contact +6600 +7200 1012 9001 100000
a contact +6600 +7200 1012 9008 100000
a contact +6600 +7200 2001 1011 10000
a contact +6600 +7200 2002 1002 10000
a contact +6600 +7200 2091 1003 10000
a contact +6600 +7200 2096 1003 10000
a contact +6600 +7200 2104 1002 10000
a contact +6600 +7200 2105 1002 10000
a contact +6600 +7200 2107 1003 10000
a contact +6600 +7200 2108 1012 10000
a contact +6600 +7200 2109 1008 10000
a contact +6600 +7200 2110 1009 10000
a contact +6600 +7200 2111 1009 10000
a contact +6600 +7200 2112 1006 10000
a contact +6600 +7200 2113 1001 10000
a contact +6600 +7200 2114 1001 10000
a contact +6600 +7200 2115 1010 10000
a contact +6600 +7200 2116 1010 10000
a contact +6600 +7200 2117 1010 10000
a contact +6600 +7200 2118 1011 10000
a contact +6600 +7200 2119 1001 10000
a contact +6600 +7200 2120 1008 10000
a contact +6600 +7200 2121 1009 10000
a contact +6600 +7200 2122 1006 10000
a contact +6600 +7200 2123 1011 10000
a contact +6600 +7200 2124 1008 10000
a contact +6600 +7200 2125 1006 10000
a contact +6600 +7200 2126 1005 10000
a contact +6600 +7200 2127 1005 10000
a contact +6600 +7200 2128 1005 10000
a contact +7200 +7800 1005 9002 100000
a contact +7200 +7800 1005 9003 100000
a contact +7200 +7800 1005 9001 100000
a contact +7200 +7800 2001 1003 10000
a contact +7200 +7800 2003 1002 10000
a contact +7200 +7800 2016 1012 10000
a contact +7200 +7800 2023 1004 10000
a contact +7200 +7800 2039 1004 10000
a contact +7200 +7800 2056 1007 10000
a contact +7200 +7800 2057 1007 10000
a contact +7200 +7800 2061 1004 10000
a contact +7200 +7800 2083 1007 10000
a contact +7200 +7800 2105 1009 10000
a contact +7200 +7800 2106 1012 10000
a contact +7200 +7800 2107 1011 10000
a contact +7200 +7800 2108 1012 10000
a contact +7200 +7800 2109 1008 10000
a contact +7200 +7800 2110 1009 10000
a contact +7200 +7800 2111 1008 10000
a contact +7200 +7800 2112 1009 10000
a contact +7200 +7800 2113 1001 10000
a contact +7200 +7800 2114 1001 10000
a contact +7200 +7800 2115 1010 10000
a contact +7200 +7800 2116 1010 10000
a contact +7200 +7800 2117 1011 10000
a contact +7200 +7800 2118 1011 10000
a contact +7200 +7800 2119 1001 10000
a contact +7200 +7800 2120 1010 10000
a contact +7200 +7800 2121 1006 10000
a contact +7200 +7800 2122 1008 10000
a contact +7200 +7800 2123 1006 10000
a contact +7200 +7800 2124 1006 10000
a contact +7200 +7800 2125 1002 10000
a contact +7200 +7800 2126 1002 10000
a contact +7200 +7800 2127 1003 10000
a contact +7200 +7800 2128 1003 10000
a contact +7800 +8400 1002 9008 100000
a contact +7800 +8400 1002 9004 100000
a contact +7800 +8400 1002 9002 100000
a contact +7800 +8400 1004 9001 100000
a contact +7800 +8400 1011 9005 100000
a contact +7800 +8400 1011 9003 100000
a contact +7800 +8400 1011 9007 100000
a contact +7800 +8400 2001 1007 10000
a contact +7800 +8400 2002 1004 10000
a contact +7800 +8400 2003 1005 10000
a contact +7800 +8400 2016 1012 10000
a contact +7800 +8400 2047 1005 10000
a contact +7800 +8400 2091 1005 10000
a contact +7800 +8400 2106 1012 10000
a contact +7800 +8400 2107 1010 10000
a contact +7800 +8400 2108 1012 10000
a contact +7800 +8400 2109 1008 10000
a contact +7800 +8400 2110 1008 10000
a contact +7800 +8400 2111 1006 10000
a contact +7800 +8400 2112 1001 10000
a contact +7800 +8400 2113 1009 10000
a contact +7800 +8400 2114 1006 10000
a contact +7800 +8400 2115 1010 10000
a contact +7800 +8400 2116 1010 10000
a contact +7800 +8400 2117 1008 10000
a contact +7800 +8400 2118 1001 10000
a contact +7800 +8400 2119 1001 10000
a contact +7800 +8400 2120 1006 10000
a contact +7800 +8400 2121 1009 10000
a contact +7800 +8400 2122 1004 10000
a contact +7800 +8400 2123 1007 10000
a contact +7800 +8400 2124 1007 10000
a contact +7800 +8400 2125 1009 10000
a contact +7800 +8400 2126 1003 10000
a contact +7800 +8400 2127 1003 10000
a contact +7800 +8400 2128 1003 10000
a contact +8400 +9000 1007 9002 100000
a contact +8400 +9000 1007 9006 100000
a contact +8400 +9000 1007 9004 100000
a contact +8400 +9000 1011 9003 100000
a contact +8400 +9000 1011 9005 100000
a contact +8400 +9000 1011 9001 100000
a contact +8400 +9000 2001 1003 10000
a contact +8400 +9000 2002 1004 10000
a contact +8400 +9000 2003 1005 10000
a contact +8400 +9000 2004 1004 10000
a contact +8400 +9000 2016 1012 10000
a contact +8400 +9000 2047 1005 10000
a contact +8400 +9000 2051 1002 10000
a contact +8400 +9000 2083 1002 10000
a contact +8400 +9000 2088 1002 10000
a contact +8400 +9000 2091 1005 10000
a contact +8400 +9000 2106 1012 10000
a contact +8400 +9000 2108 1012 10000
a contact +8400 +9000 2111 1003 10000
a contact +8400 +9000 2112 1001 10000
a contact +8400 +9000 2113 1001 10000
a contact +8400 +9000 2114 1010 10000
a contact +8400 +9000 2115 1008 10000
a contact +8400 +9000 2116 1008 10000
a contact +8400 +9000 2117 1010 10000
a contact +8400 +9000 2118 1001 10000
a contact +8400 +9000 2119 1009 10000
a contact +8400 +9000 2120 1009 10000
a contact +8400 +9000 2121 1010 10000
a contact +8400 +9000 2122 1004 10000
a contact +8400 +9000 2123 1006 10000
a contact +8400 +9000 2124 1009 10000
a contact +8400 +9000 2125 1008 10000
a contact +8400 +9000 2126 1006 10000
a contact +8400 +9000 2127 1003 10000
a contact +8400 +9000 2128 1006 10000
a contact +9000 +9600 2001 1003 10000
a contact +9000 +9600 2002 1004 10000
a contact +9000 +9600 2003 1005 10000
a contact +9000 +9600 2004 1004 10000
a contact +9000 +9600 2005 1012 10000
a contact +9000 +9600 2016 1012 10000
a contact +9000 +9600 2035 1011 10000
a contact +9000 +9600 2036 1011 10000
a contact +9000 +9600 2040 1011 10000
a contact +9000 +9600 2041 1007 10000
a contact +9000 +9600 2047 1005 10000
a contact +9000 +9600 2051 1002 10000
a contact +9000 +9600 2072 1007 10000
a contact +9000 +9600 2083 1002 10000
a contact +9000 +9600 2088 1002 10000
a contact +9000 +9600 2091 1005 10000
a contact +9000 +9600 2104 1007 10000
a contact +9000 +9600 2106 1012 10000
a contact +9000 +9600 2111 1001 10000
a contact +9000 +9600 2112 1006 10000
a contact +9000 +9600 2113 1010 10000
a contact +9000 +9600 2114 1009 10000
a contact +9000 +9600 2115 1008 10000
a contact +9000 +9600 2116 1008 10000
a contact +9000 +9600 2117 1001 10000
a contact +9000 +9600 2118 1001 10000
a contact +9000 +9600 2119 1006 10000
a contact +9000 +9600 2120 1009 10000
a contact +9000 +9600 2121 1009 10000
a contact +9000 +9600 2122 1004 10000
a contact +9000 +9600 2123 1010 10000
a contact +9000 +9600 2124 1010 10000
a contact +9000 +9600 2125 1003 10000
a contact +9000 +9600 2126 1003 10000
a contact +9000 +9600 2127 1006 10000
a contact +9000 +9600 2128 1008 10000
a contact +9600 +10200 2001 1010 10000
a contact +9600 +10200 2002 1004 10000
a contact +9600 +10200 2003 1005 10000
a contact +9600 +10200 2004 1004 10000
a contact +9600 +10200 2005 1012 10000
a contact +9600 +10200 2016 1012 10000
a contact +9600 +10200 2035 1011 10000
a contact +9600 +10200 2036 1011 10000
a contact +9600 +10200 2040 1011 10000
a contact +9600 +10200 2041 1007 10000
a contact +9600 +10200 2047 1005 10000
a contact +9600 +10200 2051 1002 10000
a contact +9600 +10200 2072 1007 10000
a contact +9600 +10200 2083 1002 10000
a contact +9600 +10200 2088 1002 10000
a contact +9600 +10200 2091 1005 10000
a contact +9600 +10200 2104 1007 10000
a contact +9600 +10200 2106 1012 10000
a contact +9600 +10200 2110 1001 10000
a contact +9600 +10200 2111 1006 10000
a contact +9600 +10200 2112 1001 10000
a contact +9600 +10200 2114 1008 10000
a contact +9600 +10200 2115 1008 10000
a contact +9600 +10200 2116 1003 10000
a contact +9600 +10200 2117 1001 10000
a contact +9600 +10200 2118 1006 10000
a contact +9600 +10200 2119 1010 10000
a contact +9600 +10200 2120 1009 10000
a contact +9600 +10200 2121 1010 10000
a contact +9600 +10200 2122 1004 10000
a contact +9600 +10200 2123 1009 10000
a contact +9600 +10200 2124 1003 10000
a contact +9600 +10200 2125 1008 10000
a contact +9600 +10200 2126 1003 10000
a contact +9600 +10200 2127 1006 10000
a contact +9600 +10200 2128 1009 10000
a contact +10200 +10800 1004 9003 100000
a contact +10200 +10800 1004 9001 100000
a contact +10200 +10800 1004 9002 100000
a contact +10200 +10800 2001 1008 10000
a contact +10200 +10800 2003 1005 10000
a contact +10200 +10800 2005 1012 10000
a contact +10200 +10800 2006 1001 10000
a contact +10200 +10800 2016 1012 10000
a contact +10200 +10800 2035 1011 10000
a contact +10200 +10800 2041 1007 10000
a contact +10200 +10800 2047 1005 10000
a contact +10200 +10800 2083 1002 10000
a contact +10200 +10800 2088 1002 10000
a contact +10200 +10800 2091 1005 10000
a contact +10200 +10800 2104 1007 10000
a contact +10200 +10800 2106 1012 10000
a contact +10200 +10800 2107 1011 10000
a contact +10200 +10800 2112 1008 10000
a contact +10200 +10800 2113 1002 10000
a contact +10200 +10800 2114 1008 10000
a contact +10200 +10800 2115 1006 10000
a contact +10200 +10800 2116 1001 10000
a contact +10200 +10800 2117 1001 10000
a contact +10200 +10800 2118 1006 10000
a contact +10200 +10800 2119 1009 10000
a contact +10200 +10800 2120 1010 10000
a contact +10200 +10800 2121 1003 10000
a contact +10200 +10800 2122 1006 10000
a contact +10200 +10800 2123 1003 10000
a contact +10200 +10800 2124 1009 10000
a contact +10200 +10800 2125 1009 10000
a contact +10200 +10800 2126 1010 10000
a contact +10200 +10800 2127 1010 10000
a contact +10200 +10800 2128 1003 10000
a contact +10800 +11400 2001 1010 10000
a contact +10800 +11400 2002 1006 10000
a contact +10800 +11400 2003 1005 10000
a contact +10200 +11400 2040 1011 10000
a contact +10800 +11400 2041 1007 10000
a contact +10800 +11400 2047 1005 10000
a contact +10800 +11400 2060 1004 10000
a contact +10200 +11400 2072 1007 10000
a contact +10800 +11400 2083 1002 10000
a contact +10800 +11400 2088 1002 10000
a contact +10800 +11400 2091 1005 10000
a contact +10800 +11400 2092 1004 10000
a contact +10800 +11400 2093 1004 10000
a contact +10800 +11400 2102 1011 10000
a contact +10800 +11400 2104 1007 10000
a contact +10800 +11400 2107 1011 10000
a contact +10800 +11400 2109 1001 10000
a contact +10800 +11400 2110 1008 10000
a contact +10800 +11400 2111 1001 10000
a contact +10800 +11400 2112 1012 10000
a contact +10800 +11400 2113 1002 10000
a contact +10800 +11400 2114 1003 10000
a contact +10800 +11400 2115 1006 10000
a contact +10800 +11400 2116 1001 10000
a contact +10800 +11400 2117 1006 10000
a contact +10800 +11400 2118 1009 10000
a contact +10800 +11400 2119 1008 10000
a contact +10800 +11400 2120 1012 10000
a contact +10800 +11400 2121 1010 10000
a contact +10800 +11400 2122 1003 10000
a contact +10800 +11400 2123 1003 10000
a contact +10800 +11400 2124 1009 10000
a contact +10800 +11400 2125 1009 10000
a contact +10800 +11400 2126 1008 10000
a contact +10800 +11400 2127 1010 10000
a contact +10800 +11400 2128 1012 10000
a contact +11400 +12000 1001 9007 100000
a contact +11400 +12000 1001 9003 100000
a contact +11400 +12000 1001 9001 100000
a contact +11400 +12000 2001 1008 10000
a contact +11400 +12000 2004 1002 10000
a contact +11400 +12000 2060 1004 10000
a contact +11400 +12000 2092 1004 10000
a contact +11400 +12000 2093 1004 10000
a contact +11400 +12000 2096 1011 10000
a contact +11400 +12000 2097 1011 10000
a contact +11400 +12000 2098 1011 10000
a contact +11400 +12000 2099 1007 10000
a contact +11400 +12000 2100 1007 10000
a contact +11400 +12000 2101 1007 10000
a contact +11400 +12000 2103 1005 10000
a contact +11400 +12000 2105 1005 10000
a contact +11400 +12000 2106 1005 10000
a contact +11400 +12000 2108 1002 10000
a contact +11400 +12000 2111 1012 10000
a contact +11400 +12000 2112 1006 10000
a contact +11400 +12000 2113 1002 10000
a contact +11400 +12000 2114 1006 10000
a contact +11400 +12000 2115 1003 10000
a contact +11400 +12000 2116 1012 10000
a contact +11400 +12000 2117 1006 10000
a contact +11400 +12000 2118 1010 10000
a contact +11400 +12000 2119 1012 10000
a contact +11400 +12000 2120 1003 10000
a contact +11400 +12000 2121 1003 10000
a contact +11400 +12000 2122 1009 10000
a contact +11400 +12000 2123 1009 10000
a contact +11400 +12000 2124 1010 10000
a contact +11400 +12000 2125 1010 10000
a contact +11400 +12000 2126 1009 10000
a contact +11400 +12000 2127 1008 10000
a contact +11400 +12000 2128 1008 10000
a contact +12000 +12600 1001 9003 100000
a contact +12000 +12600 1001 9001 100000
a contact +12000 +12600 1001 9007 100000
a contact +12000 +12600 2001 1010 10000
a contact +12000 +12600 2003 1002 10000
a contact +12000 +12600 2004 1002 10000
a contact +12000 +12600 2099 1007 10000
a contact +12000 +12600 2100 1007 10000
a contact +12000 +12600 2101 1007 10000
a contact +12000 +12600 2103 1005 10000
a contact +12000 +12600 2105 1005 10000
a contact +12000 +12600 2106 1005 10000
a contact +12000 +12600 2108 1002 10000
a contact +12000 +12600 2111 1006 10000
a contact +12000 +12600 2113 1012 10000
a contact +12000 +12600 2114 1006 10000
a contact +12000 +12600 2115 1006 10000
a contact +12000 +12600 2116 1012 10000
a contact +12000 +12600 2117 1008 10000
a contact +12000 +12600 2118 1010 10000
a contact +12000 +12600 2119 1003 10000
a contact +12000 +12600 2120 1003 10000
a contact +12000 +12600 2121 1012 10000
a contact +12000 +12600 2122 1009 10000
a contact +12000 +12600 2123 1008 10000
a contact +12000 +12600 2124 1003 10000
a contact +12000 +12600 2125 1010 10000
a contact +12000 +12600 2126 1009 10000
a contact +12000 +12600 2127 1009 10000
a contact +12000 +12600 2128 1008 10000
a contact +12600 +13200 2001 1009 10000
a contact +12600 +13200 2003 1002 10000
a contact +12600 +13200 2014 1001 10000
a contact +12600 +13200 2015 1001 10000
a contact +12000 +13200 2060 1004 10000
a contact +12600 +13200 2074 1001 10000
a contact +12000 +13200 2092 1004 10000
a contact +12000 +13200 2093 1004 10000
a contact +12000 +13200 2096 1011 10000
a contact +12000 +13200 2097 1011 10000
a contact +12000 +13200 2098 1011 10000
a contact +12600 +13200 2099 1007 10000
a contact +12600 +13200 2100 1007 10000
a contact +12600 +13200 2101 1007 10000
a contact +12600 +13200 2108 1002 10000
a contact +12600 +13200 2109 1006 10000
a contact +12600 +13200 2110 1006 10000
a contact +12600 +13200 2114 1012 10000
a contact +12600 +13200 2115 1012 10000
a contact +12600 +13200 2116 1012 10000
a contact +12600 +13200 2117 1006 10000
a contact +12600 +13200 2118 1003 10000
a contact +12600 +13200 2119 1003 10000
a contact +12600 +13200 2120 1008 10000
a contact +12600 +13200 2121 1008 10000
a contact +12600 +13200 2122 1010 10000
a contact +12600 +13200 2123 1003 10000
a contact +12600 +13200 2124 1010 10000
a contact +12600 +13200 2125 1010 10000
a contact +12600 +13200 2126 1009 10000
a contact +12600 +13200 2127 1008 10000
a contact +12600 +13200 2128 1009 10000
a contact +13200 +13800 2001 1006 10000
a contact +13200 +13800 2003 1002 10000
a contact +12600 +13800 2004 1002 10000
a contact +13200 +13800 2014 1001 10000
a contact +13200 +13800 2015 1001 10000
a contact +13200 +13800 2060 1004 10000
a contact +13200 +13800 2074 1001 10000
a contact +13200 +13800 2092 1004 10000
a contact +13200 +13800 2093 1004 10000
a contact +13200 +13800 2096 1011 10000
a contact +13200 +13800 2097 1011 10000
a contact +13200 +13800 2098 1011 10000
a contact +13200 +13800 2099 1007 10000
a contact +13200 +13800 2100 1007 10000
a contact +13200 +13800 2101 1007 10000
a contact +13200 +13800 2102 1009 10000
a contact +12600 +13800 2103 1005 10000
a contact +12600 +13800 2105 1005 10000
a contact +12600 +13800 2106 1005 10000
a contact +13200 +13800 2107 1006 10000
a contact +13200 +13800 2108 1002 10000
a contact +13200 +13800 2109 1006 10000
a contact +13200 +13800 2115 1012 10000
a contact +13200 +13800 2116 1008 10000
a contact +13200 +13800 2117 1003 10000
a contact +13200 +13800 2118 1003 10000
a contact +13200 +13800 2119 1012 10000
a contact +13200 +13800 2120 1010 10000
a contact +13200 +13800 2121 1008 10000
a contact +13200 +13800 2122 1003 10000
a contact +13200 +13800 2123 1010 10000
a contact +13200 +13800 2124 1008 10000
a contact +13200 +13800 2125 1012 10000
a contact +13200 +13800 2126 1010 10000
a contact +13200 +13800 2127 1009 10000
a contact +13200 +13800 2128 1009 10000
a contact +13800 +14400 2001 1009 10000
a contact +13800 +14400 2003 1002 10000
a contact +13800 +14400 2004 1002 10000
a contact +13800 +14400 2014 1001 10000
a contact +13800 +14400 2015 1001 10000
a contact +13800 +14400 2060 1004 10000
a contact +13800 +14400 2074 1001 10000
a contact +13800 +14400 2092 1004 10000
a contact +13800 +14400 2093 1004 10000
a contact +13800 +14400 2096 1011 10000
a contact +13800 +14400 2097 1011 10000
a contact +13800 +14400 2098 1011 10000
a contact +13800 +14400 2099 1007 10000
a contact +13800 +14400 2100 1007 10000
a contact +13800 +14400 2101 1007 10000
a contact +13800 +14400 2103 1009 10000
a contact +13800 +14400 2104 1006 10000
a contact +13800 +14400 2105 1006 10000
a contact +13800 +14400 2107 1006 10000
a contact +13800 +14400 2108 1002 10000
a contact +13800 +14400 2113 1005 10000
a contact +13800 +14400 2114 1012 10000
a contact +13800 +14400 2115 1012 10000
a contact +13800 +14400 2116 1003 10000
a contact +13800 +14400 2117 1003 10000
a contact +13800 +14400 2118 1005 10000
a contact +13800 +14400 2119 1003 10000
a contact +13800 +14400 2120 1012 10000
a contact +13800 +14400 2121 1008 10000
a contact +13800 +14400 2122 1010 10000
a contact +13800 +14400 2123 1010 10000
a contact +13800 +14400 2124 1008 10000
a contact +13800 +14400 2125 1008 10000
a contact +13800 +14400 2126 1010 10000
a contact +13800 +14400 2127 1009 10000
a contact +13800 +14400 2128 1005 10000
a contact +14400 +15000 1001 9008 100000
a contact +14400 +15000 1001 9003 100000
a contact +14400 +15000 1002 9002 100000
a contact +14400 +15000 1002 9006 100000
a contact +14400 +15000 1002 9004 100000
a contact +14400 +15000 1008 9005 100000
a contact +14400 +15000 1008 9001 100000
a contact +14400 +15000 1008 9007 100000
a contact +14400 +15000 2003 1006 10000
a contact +14400 +15000 2006 1004 10000
a contact +14400 +15000 2094 1011 10000
a contact +14400 +15000 2095 1011 10000
a contact +14400 +15000 2101 1009 10000
a contact +14400 +15000 2102 1007 10000
a contact +14400 +15000 2103 1006 10000
a contact +14400 +15000 2104 1010 10000
a contact +14400 +15000 2106 1011 10000
a contact +14400 +15000 2107 1009 10000
a contact +14400 +15000 2108 1006 10000
a contact +14400 +15000 2109 1007 10000
a contact +14400 +15000 2110 1007 10000
a contact +14400 +15000 2111 1004 10000
a contact +14400 +15000 2112 1004 10000
a contact +14400 +15000 2114 1003 10000
a contact +14400 +15000 2115 1001 10000
a contact +14400 +15000 2116 1003 10000
a contact +14400 +15000 2117 1003 10000
a contact +14400 +15000 2118 1010 10000
a contact +14400 +15000 2121 1005 10000
a contact +14400 +15000 2122 1010 10000
a contact +14400 +15000 2123 1009 10000
a contact +14400 +15000 2124 1012 10000
a contact +14400 +15000 2125 1012 10000
a contact +14400 +15000 2126 1012 10000
a contact +14400 +15000 2127 1005 10000
a contact +14400 +15000 2128 1005 10000
a contact +15000 +15600 1008 9007 100000
a contact +15000 +15600 1008 9005 100000
a contact +15000 +15600 1008 9003 100000
a contact +15000 +15600 1011 9001 100000
a contact +15000 +15600 1011 9004 100000
a contact +15000 +15600 1011 9002 100000
a contact +15000 +15600 2001 1009 10000
a contact +15000 +15600 2002 1009 10000
a contact +15000 +15600 2006 1004 10000
a contact +15000 +15600 2017 1002 10000
a contact +15000 +15600 2032 1002 10000
a contact +15000 +15600 2064 1002 10000
a contact +15000 +15600 2070 1001 10000
a contact +15000 +15600 2101 1010 10000
a contact +15000 +15600 2102 1009 10000
a contact +15000 +15600 2103 1010 10000
a contact +15000 +15600 2104 1010 10000
a contact +15000 +15600 2105 1001 10000
a contact +15000 +15600 2106 1006 10000
a contact +15000 +15600 2107 1006 10000
a contact +15000 +15600 2108 1006 10000
a contact +15000 +15600 2111 1004 10000
a contact +15000 +15600 2112 1004 10000
a contact +15000 +15600 2113 1003 10000
a contact +15000 +15600 2114 1003 10000
a contact +15000 +15600 2115 1001 10000
a contact +15000 +15600 2118 1003 10000
a contact +15000 +15600 2120 1005 10000
a contact +15000 +15600 2121 1007 10000
a contact +15000 +15600 2122 1005 10000
a contact +15000 +15600 2123 1007 10000
a contact +15000 +15600 2124 1007 10000
a contact +15000 +15600 2125 1012 10000
a contact +15000 +15600 2126 1005 10000
a contact +15000 +15600 2127 1012 10000
a contact +15000 +15600 2128 1012 10000
a contact +15600 +16200 1006 9005 100000
a contact +15600 +16200 1006 9003 100000
a contact +15600 +16200 1006 9001 100000
a contact +15600 +16200 2001 1005 10000
a contact +15600 +16200 2003 1009 10000
a contact +15600 +16200 2006 1004 10000
a contact +15600 +16200 2016 1008 10000
a contact +15600 +16200 2017 1002 10000
a contact +15600 +16200 2031 1011 10000
a contact +15600 +16200 2032 1002 10000
a contact +15600 +16200 2039 1011 10000
a contact +15600 +16200 2048 1008 10000
a contact +15600 +16200 2064 1002 10000
a contact +15600 +16200 2070 1001 10000
a contact +15600 +16200 2071 1011 10000
a contact +15600 +16200 2100 1008 10000
a contact +15600 +16200 2102 1010 10000
a contact +15600 +16200 2103 1010 10000
a contact +15600 +16200 2104 1010 10000
a contact +15600 +16200 2105 1001 10000
a contact +15600 +16200 2106 1009 10000
a contact +15600 +16200 2107 1009 10000
a contact +15600 +16200 2110 1003 10000
a contact +15600 +16200 2111 1004 10000
a contact +15600 +16200 2112 1004 10000
a contact +15600 +16200 2113 1003 10000
a contact +15600 +16200 2115 1003 10000
a contact +15600 +16200 2116 1001 10000
a contact +15600 +16200 2121 1012 10000
a contact +15600 +16200 2122 1012 10000
a contact +15600 +16200 2123 1007 10000
a contact +15600 +16200 2124 1005 10000
a contact +15600 +16200 2125 1007 10000
a contact +15600 +16200 2126 1005 10000
a contact +15600 +16200 2127 1007 10000
a contact +15600 +16200 2128 1012 10000
a contact +16200 +16800 1006 9001 100000
a contact +16200 +16800 1006 9005 100000
a contact +16200 +16800 1006 9007 100000
a contact +16200 +16800 1010 9003 100000
a contact +16200 +16800 2002 1009 10000
a contact +16200 +16800 2016 1008 10000
a contact +16200 +16800 2017 1002 10000
a contact +16200 +16800 2031 1011 10000
a contact +16200 +16800 2032 1002 10000
a contact +16200 +16800 2039 1011 10000
a contact +16200 +16800 2048 1008 10000
a contact +16200 +16800 2064 1002 10000
a contact +16200 +16800 2070 1001 10000
a contact +16200 +16800 2071 1011 10000
a contact +16200 +16800 2100 1008 10000
a contact +16200 +16800 2101 1001 10000
a contact +16200 +16800 2102 1010 10000
a contact +16200 +16800 2103 1010 10000
a contact +16200 +16800 2105 1009 10000
a contact +16200 +16800 2106 1009 10000
a contact +16200 +16800 2108 1004 10000
a contact +16200 +16800 2109 1001 10000
a contact +16200 +16800 2112 1003 10000
a contact +16200 +16800 2113 1003 10000
a contact +16200 +16800 2115 1003 10000
a contact +16200 +16800 2117 1004 10000
a contact +16200 +16800 2118 1012 10000
a contact +16200 +16800 2119 1005 10000
a contact +16200 +16800 2120 1004 10000
a contact +16200 +16800 2121 1012 10000
a contact +16200 +16800 2122 1005 10000
a contact +16200 +16800 2124 1012 10000
a contact +16200 +16800 2125 1007 10000
a contact +16200 +16800 2126 1007 10000
a contact +16200 +16800 2127 1005 10000
a contact +16200 +16800 2128 1007 10000
a contact +16800 +17400 1004 9002 100000
a contact +16800 +17400 1004 9006 100000
a contact +16800 +17400 1004 9004 100000
a contact +16800 +17400 1010 9003 100000
a contact +16800 +17400 1010 9005 100000
a contact +16800 +17400 1010 9001 100000
a contact +16800 +17400 2001 1002 10000
a contact +16800 +17400 2003 1009 10000
a contact +16800 +17400 2016 1008 10000
a contact +16800 +17400 2031 1011 10000
a contact +16800 +17400 2039 1011 10000
a contact +16800 +17400 2048 1008 10000
a contact +16800 +17400 2052 1006 10000
a contact +16800 +17400 2066 1006 10000
a contact +16800 +17400 2071 1011 10000
a contact +16800 +17400 2098 1006 10000
a contact +16800 +17400 2100 1008 10000
a contact +16800 +17400 2101 1001 10000
a contact +16800 +17400 2104 1009 10000
a contact +16800 +17400 2105 1009 10000
a contact +16800 +17400 2109 1001 10000
a contact +16800 +17400 2110 1001 10000
a contact +16800 +17400 2111 1003 10000
a contact +16800 +17400 2112 1003 10000
a contact +16800 +17400 2114 1007 10000
a contact +16800 +17400 2116 1002 10000
a contact +16800 +17400 2118 1007 10000
a contact +16800 +17400 2119 1005 10000
a contact +16800 +17400 2120 1005 10000
a contact +16800 +17400 2121 1005 10000
a contact +16800 +17400 2122 1012 10000
a contact +16800 +17400 2123 1002 10000
a contact +16800 +17400 2124 1012 10000
a contact +16800 +17400 2125 1003 10000
a contact +16800 +17400 2126 1007 10000
a contact +16800 +17400 2127 1012 10000
a contact +17400 +18000 1010 9005 100000
a contact +17400 +18000 1010 9001 100000
a contact +17400 +18000 1010 9003 100000
a contact +17400 +18000 2001 1002 10000
a contact +17400 +18000 2002 1007 10000
a contact +17400 +18000 2010 1004 10000
a contact +17400 +18000 2052 1006 10000
a contact +17400 +18000 2065 1004 10000
a contact +17400 +18000 2066 1006 10000
a contact +17400 +18000 2082 1004 10000
a contact +17400 +18000 2098 1006 10000
a contact +17400 +18000 2100 1009 10000
a contact +17400 +18000 2101 1001 10000
a contact +17400 +18000 2102 1001 10000
a contact +17400 +18000 2103 1009 10000
a contact +17400 +18000 2104 1009 10000
a contact +17400 +18000 2105 1007 10000
a contact +17400 +18000 2106 1011 10000
a contact +17400 +18000 2107 1008 10000
a contact +17400 +18000 2108 1008 10000
a contact +17400 +18000 2109 1003 10000
a contact +17400 +18000 2110 1001 10000
a contact +17400 +18000 2111 1003 10000
a contact +17400 +18000 2112 1003 10000
a contact +17400 +18000 2113 1011 10000
a contact +17400 +18000 2114 1005 10000
a contact +17400 +18000 2115 1002 10000
a contact +17400 +18000 2116 1002 10000
a contact +17400 +18000 2117 1008 10000
a contact +17400 +18000 2118 1007 10000
a contact +17400 +18000 2119 1012 10000
a contact +17400 +18000 2120 1005 10000
a contact +17400 +18000 2125 1005 10000
a contact +17400 +18000 2126 1012 10000
a contact +17400 +18000 2127 1012 10000
a contact +17400 +18000 2128 1011 10000
a contact +18000 +18600 2001 1002 10000
a contact +18000 +18600 2002 1003 10000
a contact +18000 +18600 2010 1004 10000
a contact +18000 +18600 2048 1010 10000
a contact +18000 +18600 2050 1010 10000
a contact +18000 +18600 2051 1010 10000
a contact +18000 +18600 2052 1006 10000
a contact +18000 +18600 2065 1004 10000
a contact +18000 +18600 2066 1006 10000
a contact +18000 +18600 2082 1004 10000
a contact +18000 +18600 2096 1009 10000
a contact +18000 +18600 2097 1007 10000
a contact +18000 +18600 2098 1006 10000
a contact +18000 +18600 2099 1009 10000
a contact +18000 +18600 2100 1009 10000
a contact +18000 +18600 2101 1001 10000
a contact +18000 +18600 2102 1001 10000
a contact +18000 +18600 2103 1007 10000
a contact +18000 +18600 2104 1003 10000
a contact +18000 +18600 2105 1007 10000
a contact +18000 +18600 2106 1011 10000
a contact +18000 +18600 2107 1008 10000
a contact +18000 +18600 2108 1008 10000
a contact +18000 +18600 2109 1003 10000
a contact +18000 +18600 2110 1001 10000
a contact +18000 +18600 2113 1011 10000
a contact +18000 +18600 2114 1012 10000
a contact +18000 +18600 2115 1002 10000
a contact +18000 +18600 2116 1002 10000
a contact +18000 +18600 2117 1008 10000
a contact +18000 +18600 2119 1005 10000
a contact +18000 +18600 2122 1012 10000
a contact +18000 +18600 2124 1005 10000
a contact +18000 +18600 2125 1005 10000
a contact +18000 +18600 2126 1012 10000
a contact +18000 +18600 2128 1011 10000
a contact +18600 +19200 1003 9005 100000
a contact +18600 +19200 1003 9003 100000
a contact +18600 +19200 1003 9001 100000
a contact +18600 +19200 2001 1007 10000
a contact +18600 +19200 2002 1006 10000
a contact +18600 +19200 2003 1001 10000
a contact +18600 +19200 2010 1004 10000
a contact +18600 +19200 2048 1010 10000
a contact +18600 +19200 2050 1010 10000
a contact +18600 +19200 2051 1010 10000
a contact +18600 +19200 2065 1004 10000
a contact +18600 +19200 2082 1004 10000
a contact +18600 +19200 2094 1001 10000
a contact +18600 +19200 2099 1009 10000
a contact +18600 +19200 2100 1009 10000
a contact +18600 +19200 2101 1009 10000
a contact +18600 +19200 2102 1001 10000
a contact +18600 +19200 2104 1006 10000
a contact +18600 +19200 2105 1006 10000
a contact +18600 +19200 2106 1011 10000
a contact +18600 +19200 2108 1008 10000
a contact +18600 +19200 2109 1005 10000
a contact +18600 +19200 2110 1012 10000
a contact +18600 +19200 2111 1012 10000
a contact +18600 +19200 2112 1002 10000
a contact +18600 +19200 2113 1012 10000
a contact +18600 +19200 2115 1002 10000
a contact +18600 +19200 2116 1007 10000
a contact +18600 +19200 2117 1005 10000
a contact +18600 +19200 2118 1008 10000
a contact +18600 +19200 2120 1011 10000
a contact +18600 +19200 2121 1002 10000
a contact +18600 +19200 2123 1008 10000
a contact +18600 +19200 2125 1005 10000
a contact +18600 +19200 2127 1007 10000
a contact +18600 +19200 2128 1011 10000
a contact +19200 +19800 1001 9008 100000
a contact +19200 +19800 1001 9006 100000
a contact +19200 +19800 1003 9003 100000
a contact +19200 +19800 1003 9007 100000
a contact +19200 +19800 1003 9005 100000
a contact +19200 +19800 1006 9004 100000
a contact +19200 +19800 1006 9001 100000
a contact +19200 +19800 1006 9002 100000
a contact +19200 +19800 2002 1001 10000
a contact +19200 +19800 2004 1008 10000
a contact +19200 +19800 2048 1010 10000
a contact +19200 +19800 2050 1010 10000
a contact +19200 +19800 2051 1010 10000
a contact +19200 +19800 2097 1009 10000
a contact +19200 +19800 2098 1009 10000
a contact +19200 +19800 2101 1009 10000
a contact +19200 +19800 2103 1011 10000
a contact +19200 +19800 2107 1004 10000
a contact +19200 +19800 2109 1005 10000
a contact +19200 +19800 2110 1012 10000
a contact +19200 +19800 2111 1012 10000
a contact +19200 +19800 2112 1002 10000
a contact +19200 +19800 2113 1012 10000
a contact +19200 +19800 2114 1004 10000
a contact +19200 +19800 2115 1007 10000
a contact +19200 +19800 2116 1005 10000
a contact +19200 +19800 2117 1005 10000
a contact +19200 +19800 2118 1008 10000
a contact +19200 +19800 2119 1002 10000
a contact +19200 +19800 2120 1011 10000
a contact +19200 +19800 2122 1011 10000
a contact +19200 +19800 2123 1008 10000
a contact +19200 +19800 2124 1004 10000
a contact +19200 +19800 2127 1007 10000
a contact +19200 +19800 2128 1007 10000
a contact +19800 +20400 2001 1012 10000
a contact +19800 +20400 2002 1001 10000
a contact +19800 +20400 2003 1007 10000
a contact +19800 +20400 2004 1008 10000
a contact +19800 +20400 2011 1006 10000
a contact +19800 +20400 2047 1006 10000
a contact +19800 +20400 2048 1010 10000
a contact +19800 +20400 2050 1010 10000
a contact +19800 +20400 2051 1010 10000
a contact +19800 +20400 2061 1003 10000
a contact +19800 +20400 2079 1003 10000
a contact +19800 +20400 2081 1001 10000
a contact +19800 +20400 2084 1006 10000
a contact +19800 +20400 2095 1003 10000
a contact +19800 +20400 2097 1009 10000
a contact +19800 +20400 2098 1009 10000
a contact +19800 +20400 2099 1009 10000
a contact +19800 +20400 2103 1011 10000
a contact +19800 +20400 2108 1001 10000
a contact +19800 +20400 2110 1012 10000
a contact +19800 +20400 2111 1005 10000
a contact +19800 +20400 2112 1002 10000
a contact +19800 +20400 2113 1005 10000
a contact +19800 +20400 2114 1004 10000
a contact +19800 +20400 2115 1007 10000
a contact +19800 +20400 2116 1005 10000
a contact +19800 +20400 2117 1012 10000
a contact +19800 +20400 2118 1008 10000
a contact +19800 +20400 2119 1002 10000
a contact +19800 +20400 2120 1011 10000
a contact +19800 +20400 2121 1004 10000
a contact +19800 +20400 2122 1011 10000
a contact +19800 +20400 2123 1008 10000
a contact +19800 +20400 2124 1004 10000
a contact +19200 +20400 2126 1002 10000
a contact +19800 +20400 2128 1007 10000
a contact +20400 +21000 1007 9005 100000
a contact +20400 +21000 1007 9003 100000
a contact +20400 +21000 1007 9001 100000
a contact +20400 +21000 1010 9002 100000
a contact +20400 +21000 1010 9006 100000
a contact +20400 +21000 1010 9004 100000
a contact +20400 +21000 2001 1005 10000
a contact +20400 +21000 2002 1001 10000
a contact +20400 +21000 2005 1009 10000
a contact +20400 +21000 2011 1006 10000
a contact +20400 +21000 2047 1006 10000
a contact +20400 +21000 2061 1003 10000
a contact +20400 +21000 2081 1001 10000
a contact +20400 +21000 2084 1006 10000
a contact +20400 +21000 2095 1003 10000
a contact +20400 +21000 2096 1009 10000
a contact +20400 +21000 2098 1009 10000
a contact +20400 +21000 2101 1003 10000
a contact +20400 +21000 2102 1011 10000
a contact +20400 +21000 2104 1004 10000
a contact +20400 +21000 2105 1004 10000
a contact +20400 +21000 2106 1008 10000
a contact +20400 +21000 2107 1002 10000
a contact +20400 +21000 2108 1001 10000
a contact +20400 +21000 2109 1002 10000
a contact +20400 +21000 2117 1012 10000
a contact +20400 +21000 2118 1012 10000
a contact +20400 +21000 2119 1002 10000
a contact +20400 +21000 2120 1012 10000
a contact +20400 +21000 2121 1004 10000
a contact +20400 +21000 2122 1011 10000
a contact +20400 +21000 2123 1005 10000
a contact +20400 +21000 2124 1005 10000
a contact +20400 +21000 2125 1011 10000
a contact +20400 +21000 2127 1008 10000
a contact +21000 +21600 2001 1005 10000
a contact +21000 +21600 2002 1001 10000
a contact +20400 +21600 2004 1008 10000
a contact +21000 +21600 2006 1009 10000
a contact +21000 +21600 2011 1006 10000
a contact +21000 +21600 2012 1007 10000
a contact +21000 +21600 2017 1010 10000
a contact +21000 +21600 2034 1010 10000
a contact +21000 +21600 2044 1007 10000
a contact +21000 +21600 2047 1006 10000
a contact +21000 +21600 2049 1010 10000
a contact +21000 +21600 2061 1003 10000
a contact +21000 +21600 2076 1007 10000
a contact +21000 +21600 2081 1001 10000
a contact +21000 +21600 2084 1006 10000
a contact +21000 +21600 2096 1009 10000
a contact +21000 +21600 2097 1009 10000
a contact +21000 +21600 2101 1003 10000
a contact +21000 +21600 2102 1011 10000
a contact +21000 +21600 2104 1004 10000
a contact +21000 +21600 2106 1008 10000
a contact +21000 +21600 2107 1002 10000
a contact +21000 +21600 2109 1002 10000
a contact +21000 +21600 2110 1003 10000
a contact +21000 +21600 2112 1012 10000
a contact +21000 +21600 2114 1002 10000
a contact +21000 +21600 2115 1005 10000
a contact +21000 +21600 2116 1004 10000
a contact +21000 +21600 2117 1012 10000
a contact +21000 +21600 2118 1012 10000
a contact +21000 +21600 2121 1004 10000
a contact +21000 +21600 2122 1011 10000
a contact +21000 +21600 2123 1005 10000
a contact +21000 +21600 2125 1011 10000
a contact +21000 +21600 2127 1008 10000
a contact +21600 +22200 2001 1012 10000
a contact +21600 +22200 2002 1001 10000
a contact +21600 +22200 2003 1009 10000
a contact +21600 +22200 2011 1006 10000
a contact +21600 +22200 2012 1007 10000
a contact +21600 +22200 2017 1010 10000
a contact +21600 +22200 2034 1010 10000
a contact +21600 +22200 2044 1007 10000
a contact +21600 +22200 2047 1006 10000
a contact +21600 +22200 2049 1010 10000
a contact +21600 +22200 2061 1003 10000
a contact +21600 +22200 2076 1007 10000
a contact +21600 +22200 2081 1001 10000
a contact +21600 +22200 2084 1006 10000
a contact +21600 +22200 2094 1009 10000
a contact +21600 +22200 2095 1009 10000
a contact +21600 +22200 2101 1003 10000
a contact +21600 +22200 2102 1011 10000
a contact +21600 +22200 2106 1008 10000
a contact +21600 +22200 2107 1005 10000
a contact +21000 +22200 2108 1001 10000
a contact +21600 +22200 2109 1012 10000
a contact +21600 +22200 2110 1003 10000
a contact +21600 +22200 2111 1005 10000
a contact +21600 +22200 2112 1012 10000
a contact +21600 +22200 2113 1004 10000
a contact +21600 +22200 2114 1002 10000
a contact +21600 +22200 2116 1004 10000
a contact +21600 +22200 2120 1002 10000
a contact +21600 +22200 2121 1004 10000
a contact +21600 +22200 2122 1011 10000
a contact +21600 +22200 2123 1005 10000
a contact +21600 +22200 2124 1002 10000
a contact +21600 +22200 2125 1011 10000
a contact +21600 +22200 2126 1008 10000
a contact +21600 +22200 2127 1008 10000
a contact +22200 +22800 2001 1012 10000
a contact +22200 +22800 2002 1001 10000
a contact +22200 +22800 2005 1009 10000
a contact +22200 +22800 2011 1006 10000
a contact +22200 +22800 2012 1007 10000
a contact +22200 +22800 2017 1010 10000
a contact +22200 +22800 2034 1010 10000
a contact +22200 +22800 2044 1007 10000
a contact +22200 +22800 2047 1006 10000
a contact +22200 +22800 2049 1010 10000
a contact +22200 +22800 2081 1001 10000
a contact +22200 +22800 2084 1006 10000
a contact +22200 +22800 2094 1009 10000
a contact +22200 +22800 2095 1009 10000
a contact +22200 +22800 2101 1003 10000
a contact +22200 +22800 2104 1003 10000
a contact +22200 +22800 2105 1003 10000
a contact +22200 +22800 2106 1002 10000
a contact +22200 +22800 2107 1012 10000
a contact +22200 +22800 2108 1001 10000
a contact +22200 +22800 2109 1012 10000
a contact +22200 +22800 2110 1005 10000
a contact +22200 +22800 2111 1005 10000
a contact +22200 +22800 2112 1005 10000
a contact +22200 +22800 2113 1004 10000
a contact +22200 +22800 2114 1002 10000
a contact +22200 +22800 2115 1007 10000
a contact +22200 +22800 2116 1004 10000
a contact +22200 +22800 2119 1008 10000
a contact +22200 +22800 2120 1002 10000
a contact +22200 +22800 2121 1004 10000
a contact +22200 +22800 2122 1008 10000
a contact +22200 +22800 2123 1011 10000
a contact +22200 +22800 2124 1011 10000
a contact +22200 +22800 2126 1008 10000
a contact +22200 +22800 2127 1011 10000
a contact +22800 +23400 1003 9008 100000
a contact +22800 +23400 1003 9002 100000
a contact +22800 +23400 1003 9007 100000
a contact +22800 +23400 1007 9001 100000
a contact +22800 +23400 1007 9005 100000
a contact +22800 +23400 1007 9003 100000
a contact +22800 +23400 2001 1008 10000
a contact +22800 +23400 2003 1004 10000
a contact +22800 +23400 2017 1010 10000
a contact +22800 +23400 2034 1010 10000
a contact +22800 +23400 2049 1010 10000
a contact +22800 +23400 2081 1001 10000
a contact +22800 +23400 2093 1009 10000
a contact +22800 +23400 2094 1009 10000
a contact +22800 +23400 2095 1009 10000
a contact +22800 +23400 2101 1012 10000
a contact +22800 +23400 2103 1001 10000
a contact +22800 +23400 2107 1012 10000
a contact +22800 +23400 2108 1001 10000
a contact +22800 +23400 2109 1012 10000
a contact +22800 +23400 2110 1008 10000
a contact +22800 +23400 2111 1002 10000
a contact +22800 +23400 2112 1005 10000
a contact +22800 +23400 2113 1004 10000
a contact +22800 +23400 2118 1005 10000
a contact +22800 +23400 2119 1008 10000
a contact +22800 +23400 2120 1002 10000
a contact +22800 +23400 2121 1005 10000
a contact +22800 +23400 2122 1002 10000
a contact +22800 +23400 2124 1011 10000
a contact +22800 +23400 2126 1011 10000
a contact +22800 +23400 2127 1011 10000
a contact +23400 +24000 2003 1004 10000
a contact +23400 +24000 2004 1009 10000
a contact +23400 +24000 2006 1009 10000
a contact +23400 +24000 2010 1003 10000
a contact +22800 +24000 2011 1006 10000
a contact +23400 +24000 2017 1010 10000
a contact +23400 +24000 2034 1010 10000
a contact +23400 +24000 2042 1003 10000
a contact +23400 +24000 2043 1007 10000
a contact +22800 +24000 2047 1006 10000
a contact +23400 +24000 2049 1010 10000
a contact +23400 +24000 2057 1007 10000
a contact +23400 +24000 2066 1003 10000
a contact +23400 +24000 2075 1007 10000
a contact +22800 +24000 2084 1006 10000
a contact +23400 +24000 2093 1009 10000
a contact +23400 +24000 2100 1012 10000
a contact +23400 +24000 2101 1012 10000
a contact +23400 +24000 2104 1001 10000
a contact +23400 +24000 2105 1002 10000
a contact +23400 +24000 2106 1001 10000
a contact +23400 +24000 2107 1012 10000
a contact +23400 +24000 2108 1005 10000
a contact +23400 +24000 2109 1002 10000
a contact +23400 +24000 2110 1002 10000
a contact +23400 +24000 2111 1001 10000
a contact +23400 +24000 2112 1005 10000
a contact +23400 +24000 2113 1004 10000
a contact +23400 +24000 2114 1008 10000
a contact +22800 +24000 2116 1004 10000
a contact +23400 +24000 2118 1005 10000
a contact +23400 +24000 2120 1008 10000
a contact +23400 +24000 2122 1008 10000
a contact +23400 +24000 2123 1011 10000
a contact +23400 +24000 2124 1011 10000
a contact +23400 +24000 2126 1011 10000
a contact +24000 +24600 1012 9001 100000
a contact +24000 +24600 1012 9005 100000
a contact +24000 +24600 1012 9003 100000
a contact +24000 +24600 2003 1001 10000
a contact +24000 +24600 2005 1009 10000
a contact +24000 +24600 2010 1003 10000
a contact +24000 +24600 2042 1003 10000
a contact +24000 +24600 2043 1007 10000
a contact +24000 +24600 2057 1007 10000
a contact +24000 +24600 2066 1003 10000
a contact +24000 +24600 2092 1009 10000
a contact +24000 +24600 2093 1009 10000
a contact +24000 +24600 2098 1010 10000
a contact +24000 +24600 2099 1006 10000
a contact +24000 +24600 2101 1008 10000
a contact +24000 +24600 2102 1006 10000
a contact +24000 +24600 2103 1006 10000
a contact +24000 +24600 2104 1008 10000
a contact +24000 +24600 2105 1008 10000
a contact +24000 +24600 2106 1001 10000
a contact +24000 +24600 2107 1001 10000
a contact +24000 +24600 2109 1005 10000
a contact +24000 +24600 2110 1002 10000
a contact +24000 +24600 2111 1002 10000
a contact +24000 +24600 2113 1005 10000
a contact +24000 +24600 2115 1004 10000
a contact +24000 +24600 2117 1002 10000
a contact +24000 +24600 2118 1011 10000
a contact +24000 +24600 2119 1011 10000
a contact +24000 +24600 2120 1004 10000
a contact +24000 +24600 2121 1011 10000
a contact +24000 +24600 2122 1005 10000
a contact +24000 +24600 2123 1004 10000
a contact +24000 +24600 2125 1007 10000
a contact +24000 +24600 2127 1010 10000
a contact +24000 +24600 2128 1010 10000
a contact +24600 +25200 1012 9003 100000
a contact +24600 +25200 1012 9007 100000
a contact +24600 +25200 1012 9005 100000
a contact +24600 +25200 2001 1007 10000
a contact +24600 +25200 2002 1009 10000
a contact +24600 +25200 2010 1003 10000
a contact +24600 +25200 2042 1003 10000
a contact +24600 +25200 2043 1007 10000
a contact +24600 +25200 2066 1003 10000
a contact +24600 +25200 2091 1009 10000
a contact +24600 +25200 2092 1009 10000
a contact +24600 +25200 2094 1008 10000
a contact +24600 +25200 2095 1004 10000
a contact +24600 +25200 2096 1007 10000
a contact +24600 +25200 2097 1005 10000
a contact +24600 +25200 2098 1010 10000
a contact +24600 +25200 2099 1006 10000
a contact +24600 +25200 2100 1010 10000
a contact +24600 +25200 2101 1008 10000
a contact +24600 +25200 2102 1006 10000
a contact +24600 +25200 2103 1006 10000
a contact +24600 +25200 2104 1001 10000
a contact +24600 +25200 2105 1001 10000
a contact +24600 +25200 2106 1002 10000
a contact +24600 +25200 2107 1001 10000
a contact +24600 +25200 2108 1005 10000
a contact +24600 +25200 2109 1004 10000
a contact +24600 +25200 2110 1005 10000
a contact +24600 +25200 2111 1002 10000
a contact +24600 +25200 2113 1008 10000
a contact +24600 +25200 2116 1011 10000
a contact +24600 +25200 2117 1002 10000
a contact +24600 +25200 2119 1011 10000
a contact +24600 +25200 2121 1011 10000
a contact +24600 +25200 2123 1004 10000
a contact +24600 +25200 2128 1010 10000
a contact +25200 +25800 1005 9005 100000
a contact +25200 +25800 1005 9001 100000
a contact +25200 +25800 1005 9003 100000
a contact +25200 +25800 2001 1011 10000
a contact +25200 +25800 2009 1003 10000
a contact +25200 +25800 2010 1012 10000
a contact +25200 +25800 2028 1012 10000
a contact +25200 +25800 2079 1012 10000
a contact +25200 +25800 2085 1007 10000
a contact +25200 +25800 2086 1010 10000
a contact +25200 +25800 2087 1007 10000
a contact +25200 +25800 2088 1003 10000
a contact +25200 +25800 2089 1009 10000
a contact +25200 +25800 2090 1006 10000
a contact +25200 +25800 2091 1009 10000
a contact +25200 +25800 2092 1009 10000
a contact +25200 +25800 2093 1003 10000
a contact +25200 +25800 2096 1007 10000
a contact +25200 +25800 2098 1004 10000
a contact +25200 +25800 2099 1006 10000
a contact +25200 +25800 2100 1010 10000
a contact +25200 +25800 2101 1002 10000
a contact +25200 +25800 2102 1006 10000
a contact +25200 +25800 2103 1001 10000
a contact +25200 +25800 2104 1008 10000
a contact +25200 +25800 2105 1008 10000
a contact +25200 +25800 2106 1001 10000
a contact +25200 +25800 2107 1001 10000
a contact +25200 +25800 2108 1004 10000
a contact +25200 +25800 2109 1004 10000
a contact +25200 +25800 2110 1002 10000
a contact +25200 +25800 2113 1008 10000
a contact +25200 +25800 2117 1002 10000
a contact +25200 +25800 2119 1011 10000
a contact +25200 +25800 2121 1011 10000
a contact +25200 +25800 2128 1010 10000
a contact +25800 +26400 1005 9001 100000
a contact +25800 +26400 1005 9007 100000
a contact +25800 +26400 1005 9005 100000
a contact +25800 +26400 1006 9002 100000
a contact +25800 +26400 1006 9006 100000
a contact +25800 +26400 1006 9004 100000
a contact +25800 +26400 2001 1011 10000
a contact +25800 +26400 2008 1003 10000
a contact +25800 +26400 2009 1003 10000
a contact +25800 +26400 2010 1012 10000
a contact +25800 +26400 2028 1012 10000
a contact +25800 +26400 2079 1012 10000
a contact +25800 +26400 2085 1007 10000
a contact +25800 +26400 2086 1010 10000
a contact +25800 +26400 2087 1007 10000
a contact +25800 +26400 2089 1009 10000
a contact +25800 +26400 2090 1009 10000
a contact +25800 +26400 2091 1009 10000
a contact +25800 +26400 2093 1003 10000
a contact +25800 +26400 2095 1010 10000
a contact +25800 +26400 2096 1007 10000
a contact +25800 +26400 2097 1010 10000
a contact +25800 +26400 2099 1001 10000
a contact +25800 +26400 2100 1001 10000
a contact +25800 +26400 2102 1008 10000
a contact +25800 +26400 2103 1002 10000
a contact +25800 +26400 2104 1001 10000
a contact +25800 +26400 2106 1002 10000
a contact +25800 +26400 2107 1002 10000
a contact +25800 +26400 2108 1004 10000
a contact +25800 +26400 2109 1004 10000
a contact +25800 +26400 2110 1004 10000
a contact +25800 +26400 2112 1008 10000
a contact +25800 +26400 2113 1008 10000
a contact +25800 +26400 2115 1011 10000
a contact +25800 +26400 2116 1011 10000
a contact +26400 +27000 2004 1009 10000
a contact +26400 +27000 2008 1003 10000
a contact +26400 +27000 2009 1003 10000
a contact +26400 +27000 2010 1012 10000
a contact +26400 +27000 2022 1006 10000
a contact +26400 +27000 2025 1005 10000
a contact +26400 +27000 2028 1012 10000
a contact +26400 +27000 2055 1005 10000
a contact +26400 +27000 2057 1005 10000
a contact +26400 +27000 2076 1006 10000
a contact +26400 +27000 2077 1006 10000
a contact +26400 +27000 2079 1012 10000
a contact +26400 +27000 2085 1007 10000
a contact +26400 +27000 2086 1010 10000
a contact +26400 +27000 2087 1007 10000
a contact +26400 +27000 2089 1009 10000
a contact +26400 +27000 2090 1009 10000
a contact +26400 +27000 2093 1003 10000
a contact +26400 +27000 2095 1010 10000
a contact +26400 +27000 2096 1007 10000
a contact +26400 +27000 2097 1010 10000
a contact +26400 +27000 2098 1001 10000
a contact +26400 +27000 2099 1008 10000
a contact +26400 +27000 2100 1001 10000
a contact +26400 +27000 2102 1002 10000
a contact +26400 +27000 2103 1001 10000
a contact +26400 +27000 2104 1002 10000
a contact +26400 +27000 2105 1002 10000
a contact +26400 +27000 2106 1004 10000
a contact +26400 +27000 2107 1004 10000
a contact +26400 +27000 2110 1004 10000
a contact +26400 +27000 2111 1008 10000
a contact +26400 +27000 2112 1008 10000
a contact +26400 +27000 2114 1011 10000
a contact +26400 +27000 2116 1011 10000
a contact +26400 +27000 2117 1011 10000
a contact +27000 +27600 1002 9003 100000
a contact +27000 +27600 1002 9001 100000
a contact +27000 +27600 1002 9005 100000
a contact +27000 +27600 1012 9007 100000
a contact +27000 +27600 1012 9004 100000
a contact +27000 +27600 1012 9002 100000
a contact +27000 +27600 2003 1011 10000
a contact +27000 +27600 2004 1009 10000
a contact +27000 +27600 2008 1003 10000
a contact +27000 +27600 2011 1009 10000
a contact +27000 +27600 2025 1005 10000
a contact +27000 +27600 2055 1005 10000
a contact +27000 +27600 2057 1005 10000
a contact +27000 +27600 2077 1006 10000
a contact +27000 +27600 2090 1009 10000
a contact +27000 +27600 2092 1003 10000
a contact +27000 +27600 2094 1007 10000
a contact +27000 +27600 2095 1001 10000
a contact +27000 +27600 2096 1010 10000
a contact +27000 +27600 2097 1001 10000
a contact +27000 +27600 2098 1001 10000
a contact +27000 +27600 2099 1010 10000
a contact +27000 +27600 2100 1011 10000
a contact +27000 +27600 2101 1006 10000
a contact +27000 +27600 2102 1010 10000
a contact +27000 +27600 2103 1008 10000
a contact +27000 +27600 2104 1008 10000
a contact +27000 +27600 2105 1004 10000
a contact +27000 +27600 2107 1004 10000
a contact +27000 +27600 2108 1003 10000
a contact +27000 +27600 2109 1007 10000
a contact +27000 +27600 2110 1004 10000
a contact +27000 +27600 2111 1008 10000
a contact +27000 +27600 2113 1007 10000
a contact +27000 +27600 2114 1011 10000
a contact +27600 +28200 2004 1001 10000
a contact +27600 +28200 2008 1003 10000
a contact +27600 +28200 2013 1012 10000
a contact +27600 +28200 2021 1002 10000
a contact +27600 +28200 2025 1005 10000
a contact +27600 +28200 2035 1002 10000
a contact +27600 +28200 2044 1012 10000
a contact +27600 +28200 2053 1012 10000
a contact +27600 +28200 2055 1005 10000
a contact +27600 +28200 2057 1005 10000
a contact +27000 +28200 2076 1006 10000
a contact +27600 +28200 2077 1006 10000
a contact +27600 +28200 2082 1009 10000
a contact +27600 +28200 2087 1009 10000
a contact +27600 +28200 2088 1009 10000
a contact +27600 +28200 2089 1002 10000
a contact +27600 +28200 2090 1011 10000
a contact +27600 +28200 2091 1011 10000
a contact +27600 +28200 2092 1003 10000
a contact +27600 +28200 2093 1010 10000
a contact +27600 +28200 2094 1007 10000
a contact +27600 +28200 2095 1010 10000
a contact +27600 +28200 2096 1008 10000
a contact +27600 +28200 2097 1001 10000
a contact +27600 +28200 2098 1010 10000
a contact +27600 +28200 2099 1008 10000
a contact +27600 +28200 2100 1001 10000
a contact +27600 +28200 2101 1006 10000
a contact +27600 +28200 2102 1008 10000
a contact +27600 +28200 2103 1004 10000
a contact +27600 +28200 2104 1004 10000
a contact +27600 +28200 2105 1011 10000
a contact +27600 +28200 2106 1004 10000
a contact +27600 +28200 2108 1003 10000
a contact +27600 +28200 2109 1007 10000
a contact +27600 +28200 2113 1007 10000
a contact +28200 +28800 1009 9005 100000
a contact +28200 +28800 1009 9003 100000
a contact +28200 +28800 1009 9001 100000
a contact +28200 +28800 2002 1003 10000
a contact +28200 +28800 2005 1001 10000
a contact +28200 +28800 2013 1012 10000
a contact +28200 +28800 2021 1002 10000
a contact +28200 +28800 2035 1002 10000
a contact +28200 +28800 2044 1012 10000
a contact +28200 +28800 2053 1012 10000
a contact +28200 +28800 2076 1006 10000
a contact +28200 +28800 2081 1006 10000
a contact +28200 +28800 2083 1005 10000
a contact +28200 +28800 2084 1007 10000
a contact +28200 +28800 2085 1005 10000
a contact +28200 +28800 2086 1006 10000
a contact +28200 +28800 2089 1002 10000
a contact +28200 +28800 2090 1011 10000
a contact +28200 +28800 2091 1008 10000
a contact +28200 +28800 2092 1003 10000
a contact +28200 +28800 2093 1001 10000
a contact +28200 +28800 2094 1007 10000
a contact +28200 +28800 2095 1004 10000
a contact +28200 +28800 2096 1010 10000
a contact +28200 +28800 2097 1010 10000
a contact +28200 +28800 2098 1001 10000
a contact +28200 +28800 2099 1011 10000
a contact +28200 +28800 2100 1011 10000
a contact +28200 +28800 2101 1010 10000
a contact +28200 +28800 2102 1008 10000
a contact +28200 +28800 2103 1008 10000
a contact +28200 +28800 2105 1004 10000
a contact +28200 +28800 2106 1004 10000
a contact +28200 +28800 2107 1007 10000
a contact +28200 +28800 2108 1003 10000
a contact +28200 +28800 2110 1005 10000
a contact +28800 +29400 1009 9007 100000
a contact +28800 +29400 1009 9001 100000
a contact +28800 +29400 1009 9003 100000
a contact +28800 +29400 2002 1003 10000
a contact +28800 +29400 2006 1008 10000
a contact +28800 +29400 2007 1003 10000
a contact +28800 +29400 2013 1012 10000
a contact +28800 +29400 2021 1002 10000
a contact +28800 +29400 2035 1002 10000
a contact +28800 +29400 2044 1012 10000
a contact +28800 +29400 2080 1012 10000
a contact +28800 +29400 2082 1007 10000
a contact +28800 +29400 2083 1005 10000
a contact +28800 +29400 2084 1007 10000
a contact +28800 +29400 2085 1005 10000
a contact +28800 +29400 2086 1006 10000
a contact +28800 +29400 2087 1005 10000
a contact +28800 +29400 2088 1006 10000
a contact +28800 +29400 2089 1002 10000
a contact +28800 +29400 2090 1011 10000
a contact +28800 +29400 2091 1011 10000
a contact +28800 +29400 2092 1001 10000
a contact +28800 +29400 2093 1010 10000
a contact +28800 +29400 2094 1010 10000
a contact +28800 +29400 2095 1004 10000
a contact +28800 +29400 2096 1010 10000
a contact +28800 +29400 2097 1001 10000
a contact +28800 +29400 2098 1004 10000
a contact +28800 +29400 2099 1001 10000
a contact +28800 +29400 2100 1011 10000
a contact +28800 +29400 2101 1008 10000
a contact +28800 +29400 2102 1004 10000
a contact +28800 +29400 2103 1008 10000
a contact +28800 +29400 2104 1006 10000
a contact +28800 +29400 2107 1007 10000
a contact +28800 +29400 2109 1003 10000
a contact +29400 +30000 1002 9001 100000
a contact +29400 +30000 1002 9008 100000
a contact +29400 +30000 1002 9006 100000
a contact +29400 +30000 1005 9004 100000
a contact +29400 +30000 1005 9002 100000
a contact +29400 +30000 1009 9003 100000
a contact +29400 +30000 1009 9007 100000
a contact +29400 +30000 1009 9005 100000
a contact +29400 +30000 2002 1008 10000
a contact +29400 +30000 2004 1001 10000
a contact +29400 +30000 2007 1001 10000
a contact +29400 +30000 2080 1012 10000
a contact +29400 +30000 2081 1012 10000
a contact +29400 +30000 2082 1007 10000
a contact +29400 +30000 2086 1006 10000
a contact +29400 +30000 2088 1006 10000
a contact +29400 +30000 2089 1011 10000
a contact +29400 +30000 2090 1010 10000
a contact +29400 +30000 2091 1011 10000
a contact +29400 +30000 2092 1010 10000
a contact +29400 +30000 2093 1010 10000
a contact +29400 +30000 2094 1008 10000
a contact +29400 +30000 2095 1003 10000
a contact +29400 +30000 2096 1008 10000
a contact +29400 +30000 2097 1004 10000
a contact +29400 +30000 2098 1005 10000
a contact +29400 +30000 2099 1001 10000
a contact +29400 +30000 2100 1003 10000
a contact +29400 +30000 2101 1011 10000
a contact +29400 +30000 2102 1004 10000
a contact +29400 +30000 2103 1004 10000
a contact +29400 +30000 2104 1003 10000
a contact +29400 +30000 2105 1012 10000
a contact +29400 +30000 2106 1006 10000
a contact +29400 +30000 2107 1007 10000
a contact +29400 +30000 2108 1007 10000
a contact +30000 +30600 1003 9002 100000
a contact +30000 +30600 1003 9004 100000
a contact +30000 +30600 1003 9006 100000
a contact +30000 +30600 1009 9001 100000
a contact +30000 +30600 1009 9005 100000
a contact +30000 +30600 1009 9007 100000
a contact +30000 +30600 2005 1005 10000
a contact +30000 +30600 2006 1001 10000
a contact +30000 +30600 2019 1002 10000
a contact +30000 +30600 2067 1005 10000
a contact +30000 +30600 2069 1002 10000
a contact +30000 +30600 2074 1002 10000
a contact +30000 +30600 2080 1012 10000
a contact +30000 +30600 2081 1012 10000
a contact +30000 +30600 2085 1011 10000
a contact +30000 +30600 2086 1011 10000
a contact +30000 +30600 2087 1006 10000
a contact +30000 +30600 2088 1006 10000
a contact +30000 +30600 2089 1010 10000
a contact +30000 +30600 2090 1010 10000
a contact +30000 +30600 2091 1001 10000
a contact +30000 +30600 2092 1010 10000
a contact +30000 +30600 2093 1008 10000
a contact +30000 +30600 2094 1008 10000
a contact +30000 +30600 2095 1007 10000
a contact +30000 +30600 2096 1001 10000
a contact +30000 +30600 2097 1004 10000
a contact +30000 +30600 2098 1005 10000
a contact +30000 +30600 2099 1008 10000
a contact +30000 +30600 2100 1004 10000
a contact +30000 +30600 2101 1011 10000
a contact +30000 +30600 2102 1004 10000
a contact +30000 +30600 2103 1007 10000
a contact +30000 +30600 2105 1012 10000
a contact +30000 +30600 2106 1006 10000
a contact +30000 +30600 2108 1007 10000
a contact +30600 +31200 2005 1005 10000
a contact +30600 +31200 2007 1001 10000
a contact +30600 +31200 2016 1003 10000
a contact +30600 +31200 2019 1002 10000
a contact +30600 +31200 2046 1009 10000
a contact +30600 +31200 2047 1003 10000
a contact +30600 +31200 2048 1009 10000
a contact +30600 +31200 2055 1003 10000
a contact +30600 +31200 2056 1009 10000
a contact +30600 +31200 2067 1005 10000
a contact +30600 +31200 2074 1002 10000
a contact +30600 +31200 2080 1012 10000
a contact +30600 +31200 2081 1012 10000
a contact +30600 +31200 2084 1011 10000
a contact +30600 +31200 2085 1010 10000
a contact +30600 +31200 2086 1011 10000
a contact +30600 +31200 2087 1006 10000
a contact +30600 +31200 2088 1006 10000
a contact +30600 +31200 2089 1010 10000
a contact +30600 +31200 2090 1008 10000
a contact +30600 +31200 2091 1008 10000
a contact +30600 +31200 2092 1008 10000
a contact +30600 +31200 2093 1007 10000
a contact +30600 +31200 2094 1010 10000
a contact +30600 +31200 2095 1001 10000
a contact +30600 +31200 2096 1001 10000
a contact +30600 +31200 2097 1007 10000
a contact +30600 +31200 2098 1005 10000
a contact +30600 +31200 2099 1004 10000
a contact +30600 +31200 2100 1004 10000
a contact +30600 +31200 2101 1011 10000
a contact +30600 +31200 2102 1007 10000
a contact +30600 +31200 2103 1004 10000
a contact +30600 +31200 2104 1002 10000
a contact +30600 +31200 2105 1012 10000
a contact +30600 +31200 2106 1006 10000
a contact +31200 +31800 1011 9007 100000
a contact +31200 +31800 1011 9001 100000
a contact +31200 +31800 1011 9003 100000
a contact +31200 +31800 2005 1005 10000
a contact +31200 +31800 2006 1002 10000
a contact +31200 +31800 2011 1010 10000
a contact +31200 +31800 2016 1003 10000
a contact +31200 +31800 2019 1002 10000
a contact +31200 +31800 2046 1009 10000
a contact +31200 +31800 2047 1003 10000
a contact +31200 +31800 2048 1009 10000
a contact +31200 +31800 2055 1003 10000
a contact +31200 +31800 2056 1009 10000
a contact +31200 +31800 2067 1005 10000
a contact +31200 +31800 2074 1002 10000
a contact +31200 +31800 2077 1012 10000
a contact +31200 +31800 2078 1012 10000
a contact +31200 +31800 2079 1006 10000
a contact +31200 +31800 2082 1012 10000
a contact +31200 +31800 2083 1006 10000
a contact +31200 +31800 2087 1006 10000
a contact +31200 +31800 2089 1001 10000
a contact +31200 +31800 2090 1008 10000
a contact +31200 +31800 2091 1008 10000
a contact +31200 +31800 2092 1008 10000
a contact +31200 +31800 2093 1007 10000
a contact +31200 +31800 2094 1010 10000
a contact +31200 +31800 2095 1001 10000
a contact +31200 +31800 2096 1001 10000
a contact +31200 +31800 2097 1004 10000
a contact +31200 +31800 2098 1007 10000
a contact +31200 +31800 2099 1010 10000
a contact +31200 +31800 2100 1004 10000
a contact +31200 +31800 2101 1004 10000
a contact +31200 +31800 2102 1007 10000
a contact +31200 +31800 2107 1005 10000
a contact +31800 +32400 1009 9002 100000
a contact +31800 +32400 1009 9006 100000
a contact +31800 +32400 1009 9004 100000
a contact +31800 +32400 1011 9001 100000
a contact +31800 +32400 1011 9007 100000
a contact +31800 +32400 1011 9005 100000
a contact +31800 +32400 2006 1002 10000
a contact +31800 +32400 2007 1002 10000
a contact +31800 +32400 2011 1001 10000
a contact +31800 +32400 2047 1003 10000
a contact +31800 +32400 2055 1003 10000
a contact +31800 +32400 2077 1012 10000
a contact +31800 +32400 2078 1012 10000
a contact +31800 +32400 2079 1006 10000
a contact +31800 +32400 2082 1012 10000
a contact +31800 +32400 2083 1006 10000
a contact +31800 +32400 2085 1010 10000
a contact +31800 +32400 2086 1008 10000
a contact +31800 +32400 2087 1010 10000
a contact +31800 +32400 2088 1010 10000
a contact +31800 +32400 2089 1001 10000
a contact +31800 +32400 2092 1008 10000
a contact +31800 +32400 2094 1001 10000
a contact +31800 +32400 2095 1007 10000
a contact +31800 +32400 2096 1008 10000
a contact +31800 +32400 2097 1007 10000
a contact +31800 +32400 2098 1004 10000
a contact +31800 +32400 2099 1004 10000
a contact +31800 +32400 2101 1004 10000
a contact +31800 +32400 2103 1002 10000
a contact +31800 +32400 2104 1005 10000
a contact +31800 +32400 2105 1006 10000
a contact +31800 +32400 2106 1007 10000
a contact +31800 +32400 2107 1005 10000
a contact +31800 +32400 2108 1005 10000
a contact +32400 +33000 2004 1010 10000
a contact +32400 +33000 2006 1002 10000
a contact +32400 +33000 2007 1002 10000
a contact +32400 +33000 2012 1001 10000
a contact +31800 +33000 2016 1003 10000
a contact +32400 +33000 2021 1009 10000
a contact +32400 +33000 2038 1011 10000
a contact +32400 +33000 2042 1011 10000
a contact +32400 +33000 2043 1009 10000
a contact +32400 +33000 2044 1009 10000
a contact +32400 +33000 2047 1003 10000
a contact +32400 +33000 2055 1003 10000
a contact +32400 +33000 2074 1011 10000
a contact +32400 +33000 2077 1012 10000
a contact +32400 +33000 2082 1012 10000
a contact +32400 +33000 2087 1010 10000
a contact +32400 +33000 2088 1008 10000
a contact +32400 +33000 2089 1008 10000
a contact +32400 +33000 2090 1008 10000
a contact +32400 +33000 2091 1006 10000
a contact +32400 +33000 2092 1010 10000
a contact +32400 +33000 2093 1001 10000
a contact +32400 +33000 2094 1001 10000
a contact +32400 +33000 2095 1007 10000
a contact +32400 +33000 2096 1004 10000
a contact +32400 +33000 2097 1006 10000
a contact +32400 +33000 2098 1007 10000
a contact +32400 +33000 2099 1004 10000
a contact +32400 +33000 2100 1006 10000
a contact +32400 +33000 2101 1004 10000
a contact +32400 +33000 2103 1002 10000
a contact +32400 +33000 2104 1005 10000
a contact +32400 +33000 2106 1007 10000
a contact +32400 +33000 2107 1005 10000
a contact +32400 +33000 2108 1005 10000
a contact +33000 +33600 2002 1010 10000
a contact +33000 +33600 2006 1002 10000
a contact +33000 +33600 2007 1002 10000
a contact +33000 +33600 2012 1001 10000
a contact +33000 +33600 2016 1003 10000
a contact +33000 +33600 2021 1009 10000
a contact +33000 +33600 2038 1011 10000
a contact +33000 +33600 2042 1011 10000
a contact +33000 +33600 2043 1009 10000
a contact +33000 +33600 2044 1009 10000
a contact +33000 +33600 2047 1003 10000
a contact +33000 +33600 2055 1003 10000
a contact +33000 +33600 2074 1011 10000
a contact +33000 +33600 2077 1012 10000
a contact +32400 +33600 2078 1012 10000
a contact +33000 +33600 2083 1010 10000
a contact +33000 +33600 2084 1010 10000
a contact +33000 +33600 2085 1008 10000
a contact +33000 +33600 2086 1008 10000
a contact +33000 +33600 2087 1008 10000
a contact +33000 +33600 2088 1001 10000
a contact +33000 +33600 2089 1006 10000
a contact +33000 +33600 2090 1007 10000
a contact +33000 +33600 2091 1004 10000
a contact +33000 +33600 2092 1001 10000
a contact +33000 +33600 2093 1007 10000
a contact +33000 +33600 2094 1004 10000
a contact +33000 +33600 2096 1004 10000
a contact +33000 +33600 2097 1006 10000
a contact +33000 +33600 2100 1006 10000
a contact +33000 +33600 2102 1012 10000
a contact +33000 +33600 2103 1002 10000
a contact +33000 +33600 2104 1005 10000
a contact +33000 +33600 2106 1007 10000
a contact +33000 +33600 2107 1005 10000
a contact +33000 +33600 2108 1005 10000
a contact +33600 +34200 1012 9002 100000
a contact +33600 +34200 1012 9006 100000
a contact +33600 +34200 1012 9004 100000
a contact +33600 +34200 2002 1005 10000
a contact +33600 +34200 2006 1002 10000
a contact +33600 +34200 2007 1002 10000
a contact +33600 +34200 2010 1001 10000
a contact +33600 +34200 2021 1009 10000
a contact +33600 +34200 2038 1011 10000
a contact +33600 +34200 2044 1009 10000
a contact +33600 +34200 2074 1011 10000
a contact +33600 +34200 2083 1010 10000
a contact +33600 +34200 2084 1007 10000
a contact +33600 +34200 2085 1010 10000
a contact +33600 +34200 2086 1008 10000
a contact +33600 +34200 2087 1008 10000
a contact +33600 +34200 2088 1008 10000
a contact +33600 +34200 2089 1004 10000
a contact +33600 +34200 2090 1001 10000
a contact +33600 +34200 2091 1001 10000
a contact +33600 +34200 2092 1007 10000
a contact +33600 +34200 2093 1005 10000
a contact +33600 +34200 2094 1004 10000
a contact +33600 +34200 2095 1006 10000
a contact +33600 +34200 2096 1004 10000
a contact +33600 +34200 2097 1006 10000
a contact +33600 +34200 2100 1006 10000
a contact +33600 +34200 2102 1005 10000
a contact +33600 +34200 2103 1002 10000
a contact +33600 +34200 2105 1007 10000
a contact +33600 +34200 2106 1010 10000
a contact +34200 +34800 2006 1002 10000
a contact +34200 +34800 2007 1002 10000
a contact +34200 +34800 2013 1001 10000
a contact +34200 +34800 2014 1012 10000
a contact +33600 +34800 2016 1003 10000
a contact +34200 +34800 2021 1009 10000
a contact +34200 +34800 2035 1012 10000
a contact +34200 +34800 2036 1012 10000
a contact +34200 +34800 2038 1011 10000
a contact +33600 +34800 2042 1011 10000
a contact +33600 +34800 2043 1009 10000
a contact +34200 +34800 2044 1009 10000
a contact +33600 +34800 2047 1003 10000
a contact +33600 +34800 2055 1003 10000
a contact +34200 +34800 2074 1011 10000
a contact +34200 +34800 2080 1010 10000
a contact +34200 +34800 2081 1010 10000
a contact +34200 +34800 2082 1007 10000
a contact +34200 +34800 2083 1004 10000
a contact +34200 +34800 2084 1008 10000
a contact +34200 +34800 2085 1008 10000
a contact +34200 +34800 2086 1005 10000
a contact +34200 +34800 2087 1008 10000
a contact +34200 +34800 2088 1001 10000
a contact +34200 +34800 2089 1006 10000
a contact +34200 +34800 2090 1001 10000
a contact +34200 +34800 2091 1004 10000
a contact +34200 +34800 2092 1007 10000
a contact +34200 +34800 2093 1005 10000
a contact +34200 +34800 2094 1004 10000
a contact +34200 +34800 2095 1006 10000
a contact +34200 +34800 2096 1006 10000
a contact +34200 +34800 2098 1007 10000
a contact +34200 +34800 2102 1005 10000
a contact +34200 +34800 2103 1002 10000
a contact +34200 +34800 2106 1010 10000
a contact +34800 +35400 1006 9003 100000
a contact +34800 +35400 1006 9007 100000
a contact +34800 +35400 1006 9005 100000
a contact +34800 +35400 2005 1002 10000
a contact +34800 +35400 2014 1012 10000
a contact +34800 +35400 2016 1001 10000
a contact +34800 +35400 2035 1012 10000
a contact +34800 +35400 2036 1012 10000
a contact +34800 +35400 2075 1011 10000
a contact +34800 +35400 2076 1011 10000
a contact +34800 +35400 2077 1009 10000
a contact +34800 +35400 2078 1009 10000
a contact +34800 +35400 2079 1009 10000
a contact +34800 +35400 2082 1010 10000
a contact +34800 +35400 2083 1008 10000
a contact +34800 +35400 2084 1010 10000
a contact +34800 +35400 2085 1008 10000
a contact +34800 +35400 2086 1001 10000
a contact +34800 +35400 2087 1004 10000
a contact +34800 +35400 2088 1007 10000
a contact +34800 +35400 2089 1008 10000
a contact +34800 +35400 2090 1004 10000
a contact +34800 +35400 2091 1004 10000
a contact +34800 +35400 2092 1007 10000
a contact +34800 +35400 2093 1001 10000
a contact +34800 +35400 2094 1005 10000
a contact +34800 +35400 2095 1005 10000
a contact +34800 +35400 2097 1003 10000
a contact +34800 +35400 2099 1011 10000
a contact +34800 +35400 2100 1002 10000
a contact +34800 +35400 2101 1002 10000
a contact +34800 +35400 2102 1005 10000
a contact +34800 +35400 2103 1007 10000
a contact +34800 +35400 2105 1003 10000
a contact +34800 +35400 2106 1010 10000
a contact +34800 +35400 2107 1003 10000
a contact +35400 +36000 1001 9001 100000
a contact +35400 +36000 1001 9007 100000
a contact +35400 +36000 1001 9005 100000
a contact +35400 +36000 2003 1004 10000
a contact +35400 +36000 2005 1002 10000
a contact +35400 +36000 2006 1007 10000
a contact +35400 +36000 2013 1006 10000
a contact +35400 +36000 2014 1012 10000
a contact +35400 +36000 2035 1012 10000
a contact +35400 +36000 2036 1012 10000
a contact +35400 +36000 2044 1006 10000
a contact +35400 +36000 2075 1011 10000
a contact +35400 +36000 2076 1011 10000
a contact +35400 +36000 2077 1009 10000
a contact +35400 +36000 2078 1009 10000
a contact +35400 +36000 2079 1009 10000
a contact +35400 +36000 2081 1010 10000
a contact +35400 +36000 2082 1008 10000
a contact +35400 +36000 2083 1010 10000
a contact +35400 +36000 2084 1008 10000
a contact +35400 +36000 2086 1007 10000
a contact +35400 +36000 2087 1004 10000
a contact +35400 +36000 2088 1008 10000
a contact +35400 +36000 2089 1004 10000
a contact +35400 +36000 2090 1007 10000
a contact +35400 +36000 2091 1010 10000
a contact +35400 +36000 2093 1005 10000
a contact +35400 +36000 2094 1005 10000
a contact +35400 +36000 2095 1005 10000
a contact +35400 +36000 2097 1003 10000
a contact +35400 +36000 2098 1003 10000
a contact +35400 +36000 2099 1011 10000
a contact +35400 +36000 2100 1002 10000
a contact +35400 +36000 2101 1002 10000
a contact +35400 +36000 2107 1003 10000
a contact +35400 +36000 2108 1006 10000
a contact +36000 +36600 1001 9005 100000
a contact +36000 +36600 1002 9004 100000
a contact +36000 +36600 1002 9002 100000
a contact +36000 +36600 1002 9008 100000
a contact +36000 +36600 2004 1011 10000
a contact +36000 +36600 2013 1006 10000
a contact +36000 +36600 2016 1001 10000
a contact +36000 +36600 2044 1006 10000
a contact +36000 +36600 2075 1011 10000
a contact +36000 +36600 2076 1011 10000
a contact +36000 +36600 2077 1009 10000
a contact +36000 +36600 2078 1009 10000
a contact +36000 +36600 2079 1009 10000
a contact +36000 +36600 2082 1010 10000
a contact +36000 +36600 2083 1007 10000
a contact +36000 +36600 2084 1010 10000
a contact +36000 +36600 2085 1001 10000
a contact +36000 +36600 2086 1004 10000
a contact +36000 +36600 2087 1004 10000
a contact +36000 +36600 2088 1004 10000
a contact +36000 +36600 2089 1007 10000
a contact +36000 +36600 2090 1010 10000
a contact +36000 +36600 2091 1007 10000
a contact +36000 +36600 2092 1005 10000
a contact +36000 +36600 2094 1005 10000
a contact +36000 +36600 2095 1005 10000
a contact +36000 +36600 2096 1006 10000
a contact +36000 +36600 2097 1003 10000
a contact +36000 +36600 2098 1003 10000
a contact +36000 +36600 2102 1012 10000
a contact +36000 +36600 2103 1012 10000
a contact +36000 +36600 2104 1012 10000
a contact +36000 +36600 2105 1003 10000
a contact +36600 +37200 1001 9005 100000
a contact +36000 +37200 1008 9003 100000
a contact +36000 +37200 1008 9007 100000
a contact +36000 +37200 1008 9001 100000
a contact +36600 +37200 2002 1011 10000
a contact +36600 +37200 2005 1001 10000
a contact +36600 +37200 2034 1002 10000
a contact +36600 +37200 2044 1006 10000
a contact +36600 +37200 2066 1002 10000
a contact +36600 +37200 2067 1002 10000
a contact +36600 +37200 2072 1009 10000
a contact +36600 +37200 2073 1009 10000
a contact +36600 +37200 2074 1009 10000
a contact +36600 +37200 2079 1010 10000
a contact +36600 +37200 2080 1010 10000
a contact +36600 +37200 2081 1007 10000
a contact +36600 +37200 2082 1010 10000
a contact +36600 +37200 2083 1007 10000
a contact +36600 +37200 2084 1005 10000
a contact +36600 +37200 2085 1011 10000
a contact +36600 +37200 2086 1004 10000
a contact +36600 +37200 2087 1001 10000
a contact +36600 +37200 2088 1004 10000
a contact +36600 +37200 2089 1005 10000
a contact +36600 +37200 2090 1004 10000
a contact +36600 +37200 2091 1007 10000
a contact +36600 +37200 2092 1011 10000
a contact +36600 +37200 2093 1006 10000
a contact +36600 +37200 2096 1006 10000
a contact +36600 +37200 2097 1005 10000
a contact +36600 +37200 2098 1003 10000
a contact +36600 +37200 2099 1003 10000
a contact +36600 +37200 2100 1003 10000
a contact +36600 +37200 2102 1012 10000
a contact +36600 +37200 2103 1012 10000
a contact +36600 +37200 2104 1012 10000
a contact +37200 +37800 1011 9006 100000
a contact +37200 +37800 1011 9002 100000
a contact +37200 +37800 1011 9004 100000
a contact +37200 +37800 2005 1001 10000
a contact +37200 +37800 2007 1010 10000
a contact +37200 +37800 2009 1001 10000
a contact +37200 +37800 2014 1008 10000
a contact +37200 +37800 2032 1008 10000
a contact +37200 +37800 2034 1002 10000
a contact +37200 +37800 2044 1006 10000
a contact +37200 +37800 2064 1008 10000
a contact +37200 +37800 2066 1002 10000
a contact +37200 +37800 2067 1002 10000
a contact +37200 +37800 2072 1009 10000
a contact +37200 +37800 2073 1009 10000
a contact +37200 +37800 2074 1009 10000
a contact +37200 +37800 2081 1010 10000
a contact +37200 +37800 2082 1005 10000
a contact +37200 +37800 2083 1005 10000
a contact +37200 +37800 2084 1004 10000
a contact +37200 +37800 2085 1004 10000
a contact +37200 +37800 2086 1007 10000
a contact +37200 +37800 2087 1001 10000
a contact +37200 +37800 2088 1004 10000
a contact +37200 +37800 2089 1010 10000
a contact +37200 +37800 2090 1007 10000
a contact +37200 +37800 2091 1007 10000
a contact +37200 +37800 2093 1006 10000
a contact +37200 +37800 2094 1003 10000
a contact +37200 +37800 2096 1006 10000
a contact +37200 +37800 2097 1005 10000
a contact +37200 +37800 2099 1003 10000
a contact +37200 +37800 2100 1003 10000
a contact +37200 +37800 2102 1012 10000
a contact +37200 +37800 2103 1012 10000
a contact +37200 +37800 2104 1012 10000
a contact +37800 +38400 1001 9002 100000
a contact +37800 +38400 1001 9004 100000
a contact +37800 +38400 1001 9008 100000
a contact +37800 +38400 2003 1011 10000
a contact +37800 +38400 2005 1007 10000
a contact +37800 +38400 2014 1008 10000
a contact +37800 +38400 2030 1011 10000
a contact +37800 +38400 2032 1008 10000
a contact +37800 +38400 2044 1006 10000
a contact +37800 +38400 2064 1008 10000
a contact +37800 +38400 2072 1009 10000
a contact +37800 +38400 2073 1009 10000
a contact +37800 +38400 2074 1009 10000
a contact +37800 +38400 2079 1010 10000
a contact +37800 +38400 2080 1010 10000
a contact +37800 +38400 2082 1003 10000
a contact +37800 +38400 2083 1004 10000
a contact +37800 +38400 2084 1004 10000
a contact +37800 +38400 2085 1011 10000
a contact +37800 +38400 2086 1007 10000
a contact +37800 +38400 2087 1005 10000
a contact +37800 +38400 2088 1005 10000
a contact +37800 +38400 2089 1007 10000
a contact +37800 +38400 2090 1004 10000
a contact +37800 +38400 2091 1010 10000
a contact +37800 +38400 2092 1005 10000
a contact +37800 +38400 2093 1006 10000
a contact +37800 +38400 2094 1003 10000
a contact +37800 +38400 2096 1006 10000
a contact +37800 +38400 2099 1003 10000
a contact +37800 +38400 2102 1012 10000
a contact +37800 +38400 2103 1012 10000
a contact +37800 +38400 2104 1012 10000
a contact +38400 +39000 1009 9004 100000
a contact +38400 +39000 1009 9002 100000
a contact +38400 +39000 1009 9006 100000
a contact +38400 +39000 2003 1011 10000
a contact +38400 +39000 2005 1004 10000
a contact +38400 +39000 2014 1008 10000
a contact +38400 +39000 2026 1001 10000
a contact +38400 +39000 2030 1011 10000
a contact +38400 +39000 2032 1008 10000
a contact +37800 +39000 2034 1002 10000
a contact +38400 +39000 2044 1006 10000
a contact +38400 +39000 2058 1001 10000
a contact +38400 +39000 2064 1008 10000
a contact +37800 +39000 2066 1002 10000
a contact +37800 +39000 2067 1002 10000
a contact +38400 +39000 2078 1010 10000
a contact +38400 +39000 2079 1010 10000
a contact +38400 +39000 2080 1007 10000
a contact +38400 +39000 2081 1007 10000
a contact +38400 +39000 2082 1003 10000
a contact +38400 +39000 2083 1004 10000
a contact +38400 +39000 2084 1004 10000
a contact +38400 +39000 2085 1011 10000
a contact +38400 +39000 2086 1005 10000
a contact +38400 +39000 2087 1005 10000
a contact +38400 +39000 2088 1010 10000
a contact +38400 +39000 2089 1007 10000
a contact +38400 +39000 2090 1001 10000
a contact +38400 +39000 2091 1003 10000
a contact +38400 +39000 2092 1005 10000
a contact +38400 +39000 2093 1006 10000
a contact +38400 +39000 2094 1003 10000
a contact +38400 +39000 2096 1006 10000
a contact +38400 +39000 2102 1012 10000
a contact +38400 +39000 2103 1012 10000
a contact +38400 +39000 2104 1012 10000
a contact +39000 +39600 1008 9002 100000
a contact +39000 +39600 1008 9003 100000
a contact +39000 +39600 1008 9004 100000
a contact +39000 +39600 2005 1004 10000
a contact +39000 +39600 2009 1006 10000
a contact +39000 +39600 2026 1001 10000
a contact +39000 +39600 2028 1009 10000
a contact +39000 +39600 2030 1011 10000
a contact +39000 +39600 2058 1001 10000
a contact +39000 +39600 2060 1009 10000
a contact +39000 +39600 2061 1009 10000
a contact +39000 +39600 2073 1011 10000
a contact +39000 +39600 2074 1006 10000
a contact +39000 +39600 2075 1006 10000
a contact +39000 +39600 2076 1001 10000
a contact +39000 +39600 2077 1002 10000
a contact +39000 +39600 2079 1007 10000
a contact +39000 +39600 2081 1007 10000
a contact +39000 +39600 2082 1005 10000
a contact +39000 +39600 2084 1005 10000
a contact +39000 +39600 2085 1004 10000
a contact +39000 +39600 2086 1005 10000
a contact +39000 +39600 2088 1007 10000
a contact +39000 +39600 2089 1004 10000
a contact +39000 +39600 2090 1003 10000
a contact +39000 +39600 2091 1003 10000
a contact +39000 +39600 2095 1011 10000
a contact +39000 +39600 2096 1003 10000
a contact +39000 +39600 2097 1002 10000
a contact +39000 +39600 2098 1002 10000
a contact +39000 +39600 2099 1012 10000
a contact +39000 +39600 2100 1012 10000
a contact +39000 +39600 2101 1012 10000
a contact +39000 +40200 1010 9001 100000
a contact +39000 +40200 1010 9007 100000
a contact +39000 +40200 1010 9005 100000
a contact +39600 +40200 2005 1007 10000
a contact +39600 +40200 2006 1007 10000
a contact +39600 +40200 2008 1004 10000
a contact +39600 +40200 2010 1008 10000
a contact +39600 +40200 2026 1001 10000
a contact +39600 +40200 2028 1009 10000
a contact +39600 +40200 2029 1008 10000
a contact +39600 +40200 2031 1008 10000
a contact +39600 +40200 2060 1009 10000
a contact +39600 +40200 2061 1009 10000
a contact +39600 +40200 2073 1011 10000
a contact +39600 +40200 2076 1001 10000
a contact +39600 +40200 2077 1002 10000
a contact +39600 +40200 2080 1005 10000
a contact +39600 +40200 2081 1005 10000
a contact +39600 +40200 2082 1006 10000
a contact +39600 +40200 2083 1012 10000
a contact +39600 +40200 2084 1005 10000
a contact +39600 +40200 2085 1004 10000
a contact +39600 +40200 2086 1004 10000
a contact +39600 +40200 2088 1007 10000
a contact +39600 +40200 2089 1003 10000
a contact +39600 +40200 2090 1003 10000
a contact +39600 +40200 2091 1006 10000
a contact +39600 +40200 2092 1006 10000
a contact +39600 +40200 2094 1011 10000
a contact +39600 +40200 2095 1011 10000
a contact +39600 +40200 2096 1003 10000
a contact +39600 +40200 2097 1002 10000
a contact +39600 +40200 2098 1002 10000
a contact +39600 +40200 2099 1012 10000
a contact +39600 +40200 2100 1012 10000
a contact +40200 +40800 1006 9007 100000
a contact +40200 +40800 1006 9001 100000
a contact +40200 +40800 1006 9003 100000
a contact +40200 +40800 2002 1007 10000
a contact +40200 +40800 2005 1004 10000
a contact +40200 +40800 2009 1001 10000
a contact +40200 +40800 2010 1008 10000
a contact +40200 +40800 2016 1010 10000
a contact +40200 +40800 2026 1001 10000
a contact +40200 +40800 2028 1009 10000
a contact +40200 +40800 2029 1008 10000
a contact +40200 +40800 2030 1010 10000
a contact +40200 +40800 2031 1008 10000
a contact +40200 +40800 2060 1009 10000
a contact +40200 +40800 2061 1009 10000
a contact +40200 +40800 2062 1010 10000
a contact +40200 +40800 2073 1011 10000
a contact +40200 +40800 2077 1002 10000
a contact +40200 +40800 2078 1007 10000
a contact +40200 +40800 2079 1007 10000
a contact +40200 +40800 2080 1004 10000
a contact +40200 +40800 2081 1004 10000
a contact +40200 +40800 2082 1005 10000
a contact +40200 +40800 2085 1005 10000
a contact +40200 +40800 2086 1003 10000
a contact +39600 +40800 2087 1001 10000
a contact +40200 +40800 2088 1003 10000
a contact +40200 +40800 2089 1003 10000
a contact +40200 +40800 2090 1005 10000
a contact +40200 +40800 2091 1012 10000
a contact +40200 +40800 2094 1011 10000
a contact +40200 +40800 2095 1011 10000
a contact +40200 +40800 2096 1012 10000
a contact +40200 +40800 2097 1002 10000
a contact +40200 +40800 2098 1002 10000
a contact +40200 +40800 2099 1012 10000
a contact +40800 +41400 1005 9001 100000
a contact +40800 +41400 1005 9005 100000
a contact +40800 +41400 1005 9007 100000
a contact +40800 +41400 2007 1004 10000
a contact +40800 +41400 2008 1006 10000
a contact +40800 +41400 2009 1001 10000
a contact +40800 +41400 2016 1010 10000
a contact +40800 +41400 2029 1008 10000
a contact +40800 +41400 2030 1010 10000
a contact +40800 +41400 2031 1008 10000
a contact +40800 +41400 2062 1010 10000
a contact +40800 +41400 2065 1006 10000
a contact +40800 +41400 2069 1001 10000
a contact +40800 +41400 2070 1011 10000
a contact +40800 +41400 2071 1009 10000
a contact +40800 +41400 2072 1011 10000
a contact +40800 +41400 2075 1009 10000
a contact +40800 +41400 2076 1009 10000
a contact +40800 +41400 2077 1007 10000
a contact +40800 +41400 2078 1007 10000
a contact +40800 +41400 2079 1007 10000
a contact +40800 +41400 2080 1004 10000
a contact +40800 +41400 2081 1004 10000
a contact +40800 +41400 2082 1006 10000
a contact +40800 +41400 2083 1011 10000
a contact +40800 +41400 2084 1001 10000
a contact +40800 +41400 2088 1003 10000
a contact +40800 +41400 2089 1003 10000
a contact +40800 +41400 2090 1003 10000
a contact +40800 +41400 2093 1002 10000
a contact +40800 +41400 2095 1012 10000
a contact +40800 +41400 2096 1012 10000
a contact +40800 +41400 2098 1012 10000
a contact +40800 +41400 2100 1002 10000
a contact +40800 +41400 2102 1002 10000
a contact +41400 +42000 2005 1007 10000
a contact +41400 +42000 2008 1006 10000
a contact +41400 +42000 2009 1001 10000
a contact +40800 +42000 2010 1008 10000
a contact +41400 +42000 2016 1010 10000
a contact +41400 +42000 2029 1008 10000
a contact +41400 +42000 2030 1010 10000
a contact +41400 +42000 2031 1008 10000
a contact +41400 +42000 2034 1005 10000
a contact +41400 +42000 2040 1005 10000
a contact +41400 +42000 2062 1010 10000
a contact +41400 +42000 2065 1006 10000
a contact +41400 +42000 2066 1005 10000
a contact +41400 +42000 2069 1001 10000
a contact +41400 +42000 2070 1011 10000
a contact +41400 +42000 2071 1009 10000
a contact +41400 +42000 2072 1011 10000
a contact +41400 +42000 2074 1007 10000
a contact +41400 +42000 2075 1009 10000
a contact +41400 +42000 2076 1009 10000
a contact +41400 +42000 2078 1004 10000
a contact +41400 +42000 2079 1004 10000
a contact +41400 +42000 2080 1007 10000
a contact +41400 +42000 2081 1004 10000
a contact +41400 +42000 2082 1006 10000
a contact +41400 +42000 2083 1011 10000
a contact +41400 +42000 2084 1001 10000
a contact +41400 +42000 2085 1003 10000
a contact +41400 +42000 2086 1003 10000
a contact +41400 +42000 2087 1003 10000
a contact +41400 +42000 2093 1002 10000
a contact +41400 +42000 2095 1012 10000
a contact +41400 +42000 2097 1012 10000
a contact +41400 +42000 2098 1012 10000
a contact +41400 +42000 2100 1002 10000
a contact +41400 +42000 2102 1002 10000
a contact +42000 +42600 1005 9007 100000
a contact +42000 +42600 1005 9001 100000
a contact +42000 +42600 1005 9003 100000
a contact +42000 +42600 2005 1003 10000
a contact +42000 +42600 2008 1006 10000
a contact +42000 +42600 2009 1001 10000
a contact +42000 +42600 2010 1008 10000
a contact +42000 +42600 2016 1010 10000
a contact +42000 +42600 2029 1008 10000
a contact +42000 +42600 2030 1010 10000
a contact +42000 +42600 2031 1008 10000
a contact +42000 +42600 2062 1010 10000
a contact +42000 +42600 2065 1006 10000
a contact +42000 +42600 2069 1001 10000
a contact +42000 +42600 2070 1011 10000
a contact +42000 +42600 2071 1009 10000
a contact +42000 +42600 2073 1007 10000
a contact +42000 +42600 2074 1007 10000
a contact +42000 +42600 2075 1009 10000
a contact +42000 +42600 2076 1009 10000
a contact +42000 +42600 2077 1007 10000
a contact +42000 +42600 2078 1004 10000
a contact +42000 +42600 2079 1004 10000
a contact +42000 +42600 2080 1004 10000
a contact +42000 +42600 2082 1006 10000
a contact +42000 +42600 2083 1011 10000
a contact +42000 +42600 2086 1003 10000
a contact +42000 +42600 2087 1003 10000
a contact +42000 +42600 2090 1012 10000
a contact +42000 +42600 2093 1002 10000
a contact +42000 +42600 2097 1012 10000
a contact +42000 +42600 2098 1012 10000
a contact +42000 +42600 2100 1002 10000
a contact +42000 +42600 2102 1002 10000
a contact +42600 +43200 2008 1006 10000
a contact +42600 +43200 2009 1001 10000
a contact +42600 +43200 2010 1008 10000
a contact +42600 +43200 2011 1005 10000
a contact +42600 +43200 2012 1003 10000
a contact +42600 +43200 2016 1010 10000
a contact +42600 +43200 2029 1008 10000
a contact +42600 +43200 2030 1010 10000
a contact +42600 +43200 2031 1008 10000
a contact +42600 +43200 2033 1005 10000
a contact +42600 +43200 2051 1005 10000
a contact +42600 +43200 2062 1010 10000
a contact +42600 +43200 2065 1006 10000
a contact +42600 +43200 2066 1007 10000
a contact +42600 +43200 2069 1001 10000
a contact +42600 +43200 2070 1011 10000
a contact +42600 +43200 2071 1009 10000
a contact +42000 +43200 2072 1011 10000
a contact +42600 +43200 2074 1004 10000
a contact +42600 +43200 2075 1009 10000
a contact +42600 +43200 2076 1009 10000
a contact +42600 +43200 2077 1004 10000
a contact +42600 +43200 2078 1007 10000
a contact +42600 +43200 2079 1004 10000
a contact +42600 +43200 2080 1007 10000
a contact +42600 +43200 2082 1006 10000
a contact +42600 +43200 2083 1011 10000
a contact +42000 +43200 2084 1001 10000
a contact +42600 +43200 2085 1003 10000
a contact +42600 +43200 2087 1003 10000
a contact +42600 +43200 2089 1012 10000
a contact +42600 +43200 2091 1012 10000
a contact +42600 +43200 2095 1002 10000
a contact +42600 +43200 2096 1002 10000
a contact +42600 +43200 2097 1012 10000
a contact +42600 +43200 2099 1002 10000
a contact +43200 +43800 2008 1006 10000
a contact +43200 +43800 2009 1001 10000
a contact +43200 +43800 2010 1008 10000
a contact +43200 +43800 2011 1005 10000
a contact +43200 +43800 2012 1004 10000
a contact +43200 +43800 2016 1010 10000
a contact +43200 +43800 2029 1008 10000
a contact +43200 +43800 2030 1010 10000
a contact +43200 +43800 2031 1008 10000
a contact +43200 +43800 2033 1005 10000
a contact +43200 +43800 2051 1005 10000
a contact +43200 +43800 2062 1010 10000
a contact +43200 +43800 2064 1007 10000
a contact +43200 +43800 2065 1006 10000
a contact +43200 +43800 2069 1001 10000
a contact +43200 +43800 2070 1011 10000
a contact +43200 +43800 2071 1009 10000
a contact +43200 +43800 2072 1011 10000
a contact +43200 +43800 2073 1007 10000
a contact +43200 +43800 2074 1007 10000
a contact +43200 +43800 2075 1009 10000
a contact +43200 +43800 2076 1009 10000
a contact +43200 +43800 2077 1004 10000
a contact +43200 +43800 2078 1004 10000
a contact +43200 +43800 2080 1003 10000
a contact +43200 +43800 2081 1003 10000
a contact +43200 +43800 2082 1006 10000
a contact +43200 +43800 2083 1011 10000
a contact +43200 +43800 2084 1001 10000
a contact +43200 +43800 2085 1003 10000
a contact +43200 +43800 2088 1012 10000
a contact +43200 +43800 2090 1012 10000
a contact +43200 +43800 2091 1012 10000
a contact +43200 +43800 2095 1002 10000
a contact +43200 +43800 2096 1002 10000
a contact +43200 +43800 2099 1002 10000
a contact +43800 +44400 1010 9006 100000
a contact +43800 +44400 1010 9004 100000
a contact +43800 +44400 1010 9002 100000
a contact +43800 +44400 2008 1006 10000
a contact +43800 +44400 2009 1001 10000
a contact +43800 +44400 2010 1008 10000
a contact +43800 +44400 2011 1005 10000
a contact +43800 +44400 2012 1004 10000
a contact +43800 +44400 2029 1008 10000
a contact +43800 +44400 2031 1008 10000
a contact +43800 +44400 2033 1005 10000
a contact +43800 +44400 2051 1005 10000
a contact +43800 +44400 2065 1006 10000
a contact +43800 +44400 2069 1001 10000
a contact +43800 +44400 2070 1007 10000
a contact +43800 +44400 2071 1009 10000
a contact +43800 +44400 2072 1004 10000
a contact +43800 +44400 2073 1007 10000
a contact +43800 +44400 2074 1004 10000
a contact +43800 +44400 2075 1009 10000
a contact +43800 +44400 2076 1009 10000
a contact +43800 +44400 2077 1007 10000
a contact +43800 +44400 2080 1003 10000
a contact +43800 +44400 2081 1003 10000
a contact +43800 +44400 2082 1006 10000
a contact +43800 +44400 2083 1003 10000
a contact +43800 +44400 2084 1001 10000
a contact +43800 +44400 2087 1012 10000
a contact +43800 +44400 2088 1011 10000
a contact +43800 +44400 2089 1012 10000
a contact +43800 +44400 2090 1012 10000
a contact +43800 +44400 2092 1011 10000
a contact +43800 +44400 2093 1011 10000
a contact +43800 +44400 2095 1002 10000
a contact +43800 +44400 2096 1002 10000
a contact +43800 +44400 2099 1002 10000
a contact +44400 +45000 1001 9004 100000
a contact +44400 +45000 1001 9006 100000
a contact +44400 +45000 1001 9002 100000
a contact +44400 +45000 1003 9003 100000
a contact +44400 +45000 1007 9007 100000
a contact +44400 +45000 1007 9001 100000
a contact +44400 +45000 2004 1005 10000
a contact +44400 +45000 2005 1008 10000
a contact +44400 +45000 2007 1010 10000
a contact +44400 +45000 2008 1010 10000
a contact +44400 +45000 2025 1010 10000
a contact +44400 +45000 2062 1008 10000
a contact +44400 +45000 2063 1004 10000
a contact +44400 +45000 2064 1006 10000
a contact +44400 +45000 2066 1009 10000
a contact +44400 +45000 2067 1008 10000
a contact +44400 +45000 2068 1009 10000
a contact +44400 +45000 2076 1004 10000
a contact +44400 +45000 2077 1004 10000
a contact +44400 +45000 2078 1005 10000
a contact +44400 +45000 2079 1005 10000
a contact +44400 +45000 2081 1003 10000
a contact +44400 +45000 2082 1011 10000
a contact +44400 +45000 2083 1012 10000
a contact +44400 +45000 2084 1003 10000
a contact +44400 +45000 2085 1006 10000
a contact +44400 +45000 2086 1009 10000
a contact +44400 +45000 2087 1012 10000
a contact +44400 +45000 2088 1011 10000
a contact +44400 +45000 2089 1012 10000
a contact +44400 +45000 2090 1002 10000
a contact +44400 +45000 2091 1002 10000
a contact +44400 +45000 2092 1002 10000
a contact +44400 +45000 2093 1011 10000
a contact +44400 +45000 2094 1006 10000
a contact +45000 +45600 1007 9003 100000
a contact +45000 +45600 1007 9007 100000
a contact +44400 +45600 1007 9005 100000
a contact +45000 +45600 2004 1005 10000
a contact +45000 +45600 2005 1008 10000
a contact +45000 +45600 2006 1012 10000
a contact +45000 +45600 2007 1010 10000
a contact +45000 +45600 2008 1010 10000
a contact +45000 +45600 2009 1004 10000
a contact +45000 +45600 2010 1001 10000
a contact +45000 +45600 2025 1010 10000
a contact +45000 +45600 2039 1001 10000
a contact +45000 +45600 2054 1001 10000
a contact +45000 +45600 2062 1008 10000
a contact +45000 +45600 2064 1006 10000
a contact +45000 +45600 2067 1008 10000
a contact +45000 +45600 2075 1004 10000
a contact +45000 +45600 2076 1004 10000
a contact +45000 +45600 2077 1011 10000
a contact +45000 +45600 2078 1005 10000
a contact +45000 +45600 2079 1005 10000
a contact +45000 +45600 2080 1011 10000
a contact +45000 +45600 2081 1009 10000
a contact +45000 +45600 2082 1003 10000
a contact +45000 +45600 2083 1012 10000
a contact +45000 +45600 2084 1003 10000
a contact +45000 +45600 2085 1006 10000
a contact +45000 +45600 2086 1012 10000
a contact +45000 +45600 2087 1009 10000
a contact +45000 +45600 2088 1009 10000
a contact +45000 +45600 2090 1002 10000
a contact +45000 +45600 2091 1002 10000
a contact +45000 +45600 2092 1002 10000
a contact +45000 +45600 2093 1011 10000
a contact +45000 +45600 2094 1006 10000
a contact +45600 +46200 1003 9007 100000
a contact +45000 +46200 1003 9001 100000
a contact +45600 +46200 1003 9003 100000
a contact +45600 +46200 1008 9004 100000
a contact +45600 +46200 1008 9002 100000
a contact +45600 +46200 1008 9006 100000
a contact +45600 +46200 2008 1010 10000
a contact +45600 +46200 2010 1001 10000
a contact +45600 +46200 2011 1004 10000
a contact +45600 +46200 2017 1007 10000
a contact +45600 +46200 2018 1007 10000
a contact +45600 +46200 2019 1007 10000
a contact +45600 +46200 2025 1010 10000
a contact +45600 +46200 2039 1001 10000
a contact +45600 +46200 2054 1001 10000
a contact +45600 +46200 2064 1006 10000
a contact +45600 +46200 2074 1010 10000
a contact +45600 +46200 2075 1004 10000
a contact +45600 +46200 2076 1004 10000
a contact +45600 +46200 2080 1009 10000
a contact +45600 +46200 2081 1011 10000
a contact +45600 +46200 2082 1011 10000
a contact +45600 +46200 2083 1009 10000
a contact +45600 +46200 2084 1012 10000
a contact +45600 +46200 2085 1006 10000
a contact +45600 +46200 2086 1012 10000
a contact +45600 +46200 2087 1009 10000
a contact +45600 +46200 2088 1012 10000
a contact +45600 +46200 2089 1011 10000
a contact +45600 +46200 2090 1002 10000
a contact +45600 +46200 2091 1002 10000
a contact +45600 +46200 2092 1002 10000
a contact +45600 +46200 2094 1006 10000
a contact +45600 +46800 2004 1005 10000
a contact +46200 +46800 2006 1008 10000
a contact +46200 +46800 2008 1010 10000
a contact +46200 +46800 2010 1001 10000
a contact +46200 +46800 2011 1002 10000
a contact +46200 +46800 2017 1007 10000
a contact +46200 +46800 2018 1007 10000
a contact +46200 +46800 2019 1007 10000
a contact +46200 +46800 2022 1003 10000
a contact +46200 +46800 2025 1010 10000
a contact +46200 +46800 2028 1003 10000
a contact +46200 +46800 2038 1008 10000
a contact +46200 +46800 2039 1001 10000
a contact +46200 +46800 2054 1001 10000
a contact +46200 +46800 2060 1003 10000
a contact +46200 +46800 2064 1006 10000
a contact +46200 +46800 2070 1008 10000
a contact +46200 +46800 2072 1004 10000
a contact +46200 +46800 2073 1004 10000
a contact +46200 +46800 2074 1010 10000
a contact +46200 +46800 2075 1004 10000
a contact +46200 +46800 2076 1012 10000
a contact +45600 +46800 2078 1005 10000
a contact +45600 +46800 2079 1005 10000
a contact +46200 +46800 2080 1011 10000
a contact +46200 +46800 2081 1002 10000
a contact +46200 +46800 2082 1009 10000
a contact +46200 +46800 2083 1009 10000
a contact +46200 +46800 2084 1012 10000
a contact +46200 +46800 2085 1006 10000
a contact +46200 +46800 2086 1012 10000
a contact +46200 +46800 2087 1002 10000
a contact +46200 +46800 2088 1009 10000
a contact +46200 +46800 2089 1011 10000
a contact +46200 +46800 2092 1011 10000
a contact +46200 +46800 2094 1006 10000
a contact +46800 +47400 1007 9004 100000
a contact +46800 +47400 1007 9002 100000
a contact +46800 +47400 1007 9006 100000
a contact +46800 +47400 1012 9001 100000
a contact +46800 +47400 1012 9003 100000
a contact +46800 +47400 1012 9007 100000
a contact +46800 +47400 2006 1008 10000
a contact +46800 +47400 2010 1002 10000
a contact +46800 +47400 2020 1001 10000
a contact +46800 +47400 2022 1003 10000
a contact +46800 +47400 2028 1003 10000
a contact +46800 +47400 2038 1008 10000
a contact +46800 +47400 2060 1003 10000
a contact +46800 +47400 2066 1010 10000
a contact +46800 +47400 2067 1001 10000
a contact +46800 +47400 2068 1005 10000
a contact +46800 +47400 2069 1008 10000
a contact +46800 +47400 2070 1004 10000
a contact +46800 +47400 2071 1005 10000
a contact +46800 +47400 2072 1004 10000
a contact +46800 +47400 2073 1004 10000
a contact +46800 +47400 2074 1010 10000
a contact +46800 +47400 2077 1001 10000
a contact +46800 +47400 2080 1006 10000
a contact +46800 +47400 2081 1011 10000
a contact +46800 +47400 2082 1002 10000
a contact +46800 +47400 2083 1009 10000
a contact +46800 +47400 2084 1009 10000
a contact +46800 +47400 2085 1009 10000
a contact +46800 +47400 2086 1002 10000
a contact +46800 +47400 2087 1011 10000
a contact +46800 +47400 2088 1011 10000
a contact +46800 +47400 2090 1005 10000
a contact +46800 +47400 2092 1006 10000
a contact +46800 +47400 2095 1006 10000
a contact +47400 +48000 2006 1008 10000
a contact +47400 +48000 2012 1004 10000
a contact +47400 +48000 2020 1001 10000
a contact +47400 +48000 2022 1003 10000
a contact +47400 +48000 2028 1003 10000
a contact +47400 +48000 2033 1007 10000
a contact +47400 +48000 2034 1007 10000
a contact +47400 +48000 2037 1012 10000
a contact +47400 +48000 2038 1008 10000
a contact +47400 +48000 2048 1012 10000
a contact +47400 +48000 2049 1007 10000
a contact +47400 +48000 2050 1012 10000
a contact +47400 +48000 2060 1003 10000
a contact +47400 +48000 2066 1010 10000
a contact +47400 +48000 2067 1001 10000
a contact +47400 +48000 2068 1005 10000
a contact +47400 +48000 2069 1008 10000
a contact +47400 +48000 2070 1004 10000
a contact +47400 +48000 2071 1005 10000
a contact +47400 +48000 2073 1004 10000
a contact +47400 +48000 2074 1010 10000
a contact +47400 +48000 2075 1002 10000
a contact +47400 +48000 2077 1001 10000
a contact +47400 +48000 2078 1006 10000
a contact +47400 +48000 2079 1011 10000
a contact +47400 +48000 2080 1011 10000
a contact +47400 +48000 2081 1009 10000
a contact +47400 +48000 2082 1011 10000
a contact +47400 +48000 2083 1006 10000
a contact +47400 +48000 2084 1009 10000
a contact +47400 +48000 2085 1002 10000
a contact +47400 +48000 2086 1009 10000
a contact +47400 +48000 2087 1002 10000
a contact +47400 +48000 2090 1005 10000
a contact +46800 +48000 2091 1010 10000
a contact +47400 +48000 2092 1006 10000
a contact +48000 +48600 1004 9007 100000
a contact +48000 +48600 1004 9005 100000
a contact +48000 +48600 1004 9003 100000
a contact +48000 +48600 2002 1002 10000
a contact +48000 +48600 2005 1003 10000
a contact +48000 +48600 2020 1001 10000
a contact +48000 +48600 2033 1007 10000
a contact +48000 +48600 2049 1007 10000
a contact +48000 +48600 2062 1008 10000
a contact +48000 +48600 2063 1007 10000
a contact +48000 +48600 2064 1010 10000
a contact +48000 +48600 2065 1003 10000
a contact +48000 +48600 2067 1001 10000
a contact +48000 +48600 2068 1005 10000
a contact +48000 +48600 2069 1008 10000
a contact +48000 +48600 2071 1005 10000
a contact +48000 +48600 2072 1010 10000
a contact +48000 +48600 2074 1012 10000
a contact +48000 +48600 2075 1012 10000
a contact +48000 +48600 2076 1003 10000
a contact +48000 +48600 2077 1001 10000
a contact +48000 +48600 2078 1011 10000
a contact +48000 +48600 2079 1011 10000
a contact +48000 +48600 2080 1009 10000
a contact +48000 +48600 2081 1006 10000
a contact +48000 +48600 2082 1009 10000
a contact +48000 +48600 2084 1011 10000
a contact +48000 +48600 2085 1009 10000
a contact +48000 +48600 2086 1002 10000
a contact +48000 +48600 2087 1002 10000
a contact +48000 +48600 2088 1010 10000
a contact +48000 +48600 2089 1005 10000
a contact +48000 +48600 2090 1006 10000
a contact +48000 +48600 2091 1006 10000
a contact +48000 +48600 2093 1008 10000
a contact +48000 +48600 2096 1012 10000
a contact +48600 +49200 1012 9003 100000
a contact +48600 +49200 2002 1011 10000
a contact +48600 +49200 2003 1007 10000
a contact +48600 +49200 2005 1003 10000
a contact +48600 +49200 2006 1005 10000
a contact +48600 +49200 2033 1007 10000
a contact +48600 +49200 2061 1008 10000
a contact +48600 +49200 2063 1007 10000
a contact +48600 +49200 2064 1010 10000
a contact +48600 +49200 2065 1003 10000
a contact +48600 +49200 2066 1008 10000
a contact +48600 +49200 2070 1010 10000
a contact +48600 +49200 2072 1010 10000
a contact +48600 +49200 2073 1001 10000
a contact +48600 +49200 2075 1012 10000
a contact +48600 +49200 2076 1003 10000
a contact +48600 +49200 2077 1011 10000
a contact +48600 +49200 2078 1006 10000
a contact +48600 +49200 2079 1006 10000
a contact +48600 +49200 2080 1009 10000
a contact +48600 +49200 2081 1009 10000
a contact +48600 +49200 2082 1002 10000
a contact +48600 +49200 2083 1001 10000
a contact +48600 +49200 2084 1012 10000
a contact +48600 +49200 2085 1002 10000
a contact +48600 +49200 2086 1009 10000
a contact +48600 +49200 2087 1011 10000
a contact +48600 +49200 2088 1005 10000
a contact +48600 +49200 2089 1005 10000
a contact +48600 +49200 2090 1006 10000
a contact +48600 +49200 2092 1001 10000
a contact +48600 +49200 2093 1008 10000
a contact +48600 +49200 2094 1002 10000
a contact +49200 +49800 1003 9004 100000
a contact +49200 +49800 1003 9006 100000
a contact +49200 +49800 1003 9002 100000
a contact +48600 +49800 1004 9001 100000
a contact +48600 +49800 1004 9007 100000
a contact +48600 +49800 1004 9005 100000
a contact +49200 +49800 1005 9003 100000
a contact +49200 +49800 2003 1007 10000
a contact +49200 +49800 2004 1007 10000
a contact +49200 +49800 2007 1006 10000
a contact +49200 +49800 2061 1008 10000
a contact +49200 +49800 2063 1007 10000
a contact +49200 +49800 2064 1010 10000
a contact +49200 +49800 2066 1008 10000
a contact +49200 +49800 2068 1009 10000
a contact +49200 +49800 2069 1012 10000
a contact +49200 +49800 2070 1010 10000
a contact +49200 +49800 2071 1012 10000
a contact +49200 +49800 2072 1010 10000
a contact +49200 +49800 2073 1001 10000
a contact +49200 +49800 2074 1008 10000
a contact +49200 +49800 2075 1012 10000
a contact +49200 +49800 2077 1005 10000
a contact +49200 +49800 2078 1011 10000
a contact +49200 +49800 2080 1006 10000
a contact +49200 +49800 2081 1002 10000
a contact +49200 +49800 2082 1002 10000
a contact +49200 +49800 2083 1001 10000
a contact +49200 +49800 2084 1009 10000
a contact +49200 +49800 2085 1009 10000
a contact +49200 +49800 2086 1011 10000
a contact +49200 +49800 2087 1011 10000
a contact +49200 +49800 2088 1005 10000
a contact +49200 +49800 2089 1006 10000
a contact +49200 +49800 2091 1001 10000
a contact +49200 +49800 2094 1002 10000
a contact +49800 +50400 1004 9004 100000
a contact +49800 +50400 1004 9002 100000
a contact +49800 +50400 1004 9006 100000
a contact +49800 +50400 2004 1007 10000
a contact +49800 +50400 2006 1003 10000
a contact +49800 +50400 2008 1009 10000
a contact +49800 +50400 2038 1003 10000
a contact +49800 +50400 2048 1003 10000
a contact +49800 +50400 2056 1010 10000
a contact +49800 +50400 2057 1010 10000
a contact +49800 +50400 2058 1005 10000
a contact +49800 +50400 2059 1007 10000
a contact +49800 +50400 2060 1007 10000
a contact +49800 +50400 2061 1008 10000
a contact +49800 +50400 2062 1005 10000
a contact +49800 +50400 2063 1011 10000
a contact +49800 +50400 2064 1009 10000
a contact +49800 +50400 2065 1001 10000
a contact +49800 +50400 2067 1012 10000
a contact +49800 +50400 2068 1009 10000
a contact +49800 +50400 2069 1012 10000
a contact +49800 +50400 2070 1010 10000
a contact +49800 +50400 2071 1012 10000
a contact +49800 +50400 2073 1006 10000
a contact +49800 +50400 2074 1008 10000
a contact +49800 +50400 2075 1006 10000
a contact +49800 +50400 2076 1001 10000
a contact +49800 +50400 2077 1005 10000
a contact +49800 +50400 2079 1002 10000
a contact +49800 +50400 2080 1006 10000
a contact +49800 +50400 2081 1011 10000
a contact +49800 +50400 2083 1001 10000
a contact +49800 +50400 2084 1011 10000
a contact +49800 +50400 2086 1002 10000
a contact +49800 +50400 2094 1002 10000
a contact +50400 +51000 2002 1012 10000
a contact +50400 +51000 2003 1010 10000
a contact +50400 +51000 2004 1007 10000
a contact +50400 +51000 2006 1003 10000
a contact +50400 +51000 2008 1009 10000
a contact +50400 +51000 2038 1003 10000
a contact +50400 +51000 2048 1003 10000
a contact +50400 +51000 2050 1004 10000
a contact +50400 +51000 2051 1004 10000
a contact +50400 +51000 2052 1004 10000
a contact +50400 +51000 2058 1005 10000
a contact +50400 +51000 2059 1007 10000
a contact +50400 +51000 2060 1007 10000
a contact +50400 +51000 2061 1008 10000
a contact +50400 +51000 2062 1005 10000
a contact +50400 +51000 2065 1001 10000
a contact +49800 +51000 2066 1008 10000
a contact +50400 +51000 2068 1011 10000
a contact +50400 +51000 2069 1009 10000
a contact +50400 +51000 2070 1009 10000
a contact +50400 +51000 2071 1010 10000
a contact +50400 +51000 2072 1006 10000
a contact +50400 +51000 2073 1006 10000
a contact +50400 +51000 2074 1008 10000
a contact +50400 +51000 2075 1006 10000
a contact +50400 +51000 2076 1001 10000
a contact +50400 +51000 2077 1005 10000
a contact +50400 +51000 2078 1011 10000
a contact +50400 +51000 2079 1011 10000
a contact +50400 +51000 2080 1002 10000
a contact +50400 +51000 2081 1002 10000
a contact +50400 +51000 2083 1001 10000
a contact +50400 +51000 2084 1002 10000
a contact +50400 +51000 2085 1012 10000
a contact +50400 +51000 2087 1010 10000
a contact +50400 +51000 2088 1012 10000
a contact +51000 +51600 1012 9004 100000
a contact +51000 +51600 1012 9002 100000
a contact +51000 +51600 1012 9006 100000
a contact +51000 +51600 2004 1007 10000
a contact +51000 +51600 2006 1003 10000
a contact +51000 +51600 2008 1009 10000
a contact +51000 +51600 2012 1009 10000
a contact +51000 +51600 2017 1006 10000
a contact +51000 +51600 2038 1003 10000
a contact +51000 +51600 2048 1003 10000
a contact +51000 +51600 2050 1004 10000
a contact +51000 +51600 2051 1004 10000
a contact +51000 +51600 2052 1004 10000
a contact +51000 +51600 2059 1007 10000
a contact +51000 +51600 2060 1007 10000
a contact +51000 +51600 2061 1008 10000
a contact +51000 +51600 2065 1001 10000
a contact +51000 +51600 2066 1008 10000
a contact +51000 +51600 2068 1011 10000
a contact +51000 +51600 2069 1011 10000
a contact +51000 +51600 2070 1009 10000
a contact +51000 +51600 2071 1010 10000
a contact +51000 +51600 2072 1006 10000
a contact +51000 +51600 2073 1006 10000
a contact +51000 +51600 2074 1008 10000
a contact +51000 +51600 2075 1010 10000
a contact +51000 +51600 2076 1005 10000
a contact +51000 +51600 2077 1011 10000
a contact +51000 +51600 2078 1010 10000
a contact +51000 +51600 2079 1002 10000
a contact +51000 +51600 2080 1005 10000
a contact +51000 +51600 2081 1005 10000
a contact +51000 +51600 2083 1001 10000
a contact +51000 +51600 2084 1002 10000
a contact +51000 +51600 2085 1002 10000
a contact +51000 +51600 2089 1001 10000
a contact +51600 +52200 1009 9005 100000
a contact +51600 +52200 1009 9003 100000
a contact +51600 +52200 1009 9001 100000
a contact +51600 +52200 2007 1003 10000
a contact +51600 +52200 2008 1011 10000
a contact +51600 +52200 2021 1012 10000
a contact +51600 +52200 2022 1012 10000
a contact +51600 +52200 2045 1012 10000
a contact +51600 +52200 2051 1004 10000
a contact +51600 +52200 2052 1004 10000
a contact +51600 +52200 2056 1007 10000
a contact +51600 +52200 2057 1003 10000
a contact +51600 +52200 2058 1008 10000
a contact +51600 +52200 2062 1007 10000
a contact +51600 +52200 2063 1008 10000
a contact +51600 +52200 2064 1003 10000
a contact +51600 +52200 2067 1007 10000
a contact +51600 +52200 2068 1011 10000
a contact +51600 +52200 2069 1011 10000
a contact +51600 +52200 2070 1002 10000
a contact +51600 +52200 2071 1006 10000
a contact +51600 +52200 2072 1006 10000
a contact +51600 +52200 2073 1010 10000
a contact +51600 +52200 2074 1006 10000
a contact +51600 +52200 2075 1005 10000
a contact +51600 +52200 2076 1005 10000
a contact +51600 +52200 2077 1010 10000
a contact +51600 +52200 2078 1010 10000
a contact +51600 +52200 2079 1001 10000
a contact +51600 +52200 2080 1002 10000
a contact +51600 +52200 2081 1005 10000
a contact +51600 +52200 2082 1008 10000
a contact +51600 +52200 2084 1002 10000
a contact +51600 +52200 2086 1001 10000
a contact +51600 +52200 2088 1001 10000
a contact +52200 +52800 2007 1003 10000
a contact +52200 +52800 2008 1002 10000
a contact +52200 +52800 2021 1012 10000
a contact +52200 +52800 2022 1012 10000
a contact +52200 +52800 2035 1009 10000
a contact +52200 +52800 2036 1009 10000
a contact +52200 +52800 2039 1009 10000
a contact +52200 +52800 2045 1012 10000
a contact +51600 +52800 2050 1004 10000
a contact +52200 +52800 2051 1004 10000
a contact +52200 +52800 2052 1004 10000
a contact +52200 +52800 2056 1007 10000
a contact +52200 +52800 2057 1003 10000
a contact +52200 +52800 2062 1007 10000
a contact +52200 +52800 2064 1003 10000
a contact +52200 +52800 2065 1011 10000
a contact +52200 +52800 2066 1011 10000
a contact +52200 +52800 2067 1007 10000
a contact +52200 +52800 2068 1010 10000
a contact +52200 +52800 2069 1011 10000
a contact +52200 +52800 2070 1006 10000
a contact +52200 +52800 2071 1006 10000
a contact +52200 +52800 2072 1008 10000
a contact +52200 +52800 2073 1010 10000
a contact +52200 +52800 2074 1005 10000
a contact +52200 +52800 2075 1005 10000
a contact +52200 +52800 2076 1002 10000
a contact +52200 +52800 2077 1010 10000
a contact +52200 +52800 2078 1002 10000
a contact +52200 +52800 2079 1008 10000
a contact +52200 +52800 2080 1005 10000
a contact +52200 +52800 2081 1006 10000
a contact +52200 +52800 2082 1001 10000
a contact +52200 +52800 2085 1001 10000
a contact +52200 +52800 2086 1001 10000
a contact +52200 +52800 2089 1008 10000
a contact +52800 +53400 2007 1003 10000
a contact +52800 +53400 2009 1002 10000
a contact +52800 +53400 2021 1012 10000
a contact +52800 +53400 2022 1012 10000
a contact +52800 +53400 2035 1009 10000
a contact +52800 +53400 2036 1009 10000
a contact +52800 +53400 2039 1009 10000
a contact +52800 +53400 2045 1012 10000
a contact +52800 +53400 2050 1004 10000
a contact +52800 +53400 2051 1004 10000
a contact +52800 +53400 2052 1004 10000
a contact +52800 +53400 2056 1007 10000
a contact +52800 +53400 2057 1003 10000
a contact +52800 +53400 2061 1011 10000
a contact +52800 +53400 2062 1007 10000
a contact +52800 +53400 2063 1011 10000
a contact +52800 +53400 2064 1003 10000
a contact +52800 +53400 2065 1010 10000
a contact +52800 +53400 2066 1011 10000
a contact +52800 +53400 2067 1007 10000
a contact +52800 +53400 2068 1010 10000
a contact +52800 +53400 2069 1006 10000
a contact +52800 +53400 2070 1006 10000
a contact +52800 +53400 2071 1006 10000
a contact +52800 +53400 2072 1008 10000
a contact +52800 +53400 2073 1005 10000
a contact +52800 +53400 2074 1005 10000
a contact +52800 +53400 2075 1005 10000
a contact +52800 +53400 2076 1002 10000
a contact +52800 +53400 2077 1010 10000
a contact +52800 +53400 2078 1002 10000
a contact +52800 +53400 2079 1008 10000
a contact +52800 +53400 2080 1001 10000
a contact +52800 +53400 2081 1008 10000
a contact +52800 +53400 2082 1001 10000
a contact +52800 +53400 2085 1001 10000
a contact +53400 +54000 1007 9008 100000
a contact +53400 +54000 1007 9004 100000
a contact +53400 +54000 1007 9006 100000
a contact +53400 +54000 1009 9001 100000
a contact +53400 +54000 1009 9005 100000
a contact +53400 +54000 1009 9002 100000
a contact +53400 +54000 2007 1003 10000
a contact +53400 +54000 2012 1002 10000
a contact +53400 +54000 2021 1012 10000
a contact +53400 +54000 2022 1012 10000
a contact +53400 +54000 2045 1012 10000
a contact +53400 +54000 2050 1004 10000
a contact +53400 +54000 2051 1004 10000
a contact +53400 +54000 2052 1004 10000
a contact +53400 +54000 2057 1003 10000
a contact +53400 +54000 2062 1011 10000
a contact +53400 +54000 2063 1011 10000
a contact +53400 +54000 2064 1003 10000
a contact +53400 +54000 2065 1011 10000
a contact +53400 +54000 2066 1010 10000
a contact +53400 +54000 2067 1010 10000
a contact +53400 +54000 2068 1006 10000
a contact +53400 +54000 2069 1006 10000
a contact +53400 +54000 2070 1006 10000
a contact +53400 +54000 2071 1010 10000
a contact +53400 +54000 2072 1005 10000
a contact +53400 +54000 2073 1002 10000
a contact +53400 +54000 2074 1005 10000
a contact +53400 +54000 2075 1002 10000
a contact +53400 +54000 2076 1005 10000
a contact +53400 +54000 2077 1008 10000
a contact +53400 +54000 2078 1001 10000
a contact +53400 +54000 2079 1008 10000
a contact +53400 +54000 2080 1001 10000
a contact +53400 +54000 2081 1008 10000
a contact +53400 +54000 2082 1001 10000
a contact +54000 +54600 2003 1001 10000
a contact +54000 +54600 2006 1007 10000
a contact +54000 +54600 2007 1003 10000
a contact +54000 +54600 2013 1002 10000
a contact +54000 +54600 2021 1012 10000
a contact +54000 +54600 2022 1012 10000
a contact +54000 +54600 2026 1009 10000
a contact +54000 +54600 2036 1009 10000
a contact +54000 +54600 2037 1007 10000
a contact +54000 +54600 2050 1004 10000
a contact +54000 +54600 2051 1004 10000
a contact +54000 +54600 2052 1004 10000
a contact +54000 +54600 2053 1007 10000
a contact +54000 +54600 2057 1003 10000
a contact +54000 +54600 2061 1011 10000
a contact +54000 +54600 2062 1011 10000
a contact +54000 +54600 2063 1005 10000
a contact +54000 +54600 2064 1003 10000
a contact +54000 +54600 2065 1010 10000
a contact +54000 +54600 2066 1011 10000
a contact +54000 +54600 2067 1006 10000
a contact +54000 +54600 2068 1006 10000
a contact +54000 +54600 2069 1010 10000
a contact +54000 +54600 2070 1005 10000
a contact +54000 +54600 2071 1008 10000
a contact +54000 +54600 2072 1005 10000
a contact +54000 +54600 2073 1002 10000
a contact +54000 +54600 2075 1002 10000
a contact +54000 +54600 2076 1010 10000
a contact +54000 +54600 2078 1006 10000
a contact +54000 +54600 2079 1001 10000
a contact +54000 +54600 2080 1001 10000
a contact +54000 +54600 2081 1008 10000
a contact +54000 +54600 2082 1008 10000
a contact +54000 +54600 2087 1012 10000
a contact +54600 +55200 1004 9006 100000
a contact +54600 +55200 1004 9004 100000
a contact +54600 +55200 1004 9008 100000
a contact +54600 +55200 2007 1003 10000
a contact +54600 +55200 2010 1007 10000
a contact +54600 +55200 2014 1002 10000
a contact +54600 +55200 2021 1012 10000
a contact +54600 +55200 2022 1012 10000
a contact +54600 +55200 2026 1009 10000
a contact +54000 +55200 2035 1009 10000
a contact +54600 +55200 2036 1009 10000
a contact +54600 +55200 2037 1007 10000
a contact +54600 +55200 2053 1007 10000
a contact +54600 +55200 2057 1003 10000
a contact +54600 +55200 2060 1011 10000
a contact +54600 +55200 2061 1011 10000
a contact +54600 +55200 2062 1006 10000
a contact +54600 +55200 2063 1005 10000
a contact +54600 +55200 2064 1003 10000
a contact +54600 +55200 2065 1011 10000
a contact +54600 +55200 2066 1001 10000
a contact +54600 +55200 2067 1006 10000
a contact +54600 +55200 2068 1010 10000
a contact +54600 +55200 2069 1006 10000
a contact +54600 +55200 2070 1005 10000
a contact +54600 +55200 2071 1002 10000
a contact +54600 +55200 2072 1002 10000
a contact +54600 +55200 2073 1005 10000
a contact +54600 +55200 2075 1010 10000
a contact +54600 +55200 2076 1010 10000
a contact +54600 +55200 2077 1008 10000
a contact +54600 +55200 2078 1001 10000
a contact +54600 +55200 2079 1001 10000
a contact +54600 +55200 2080 1008 10000
a contact +54600 +55200 2084 1008 10000
a contact +54600 +55200 2087 1012 10000
a contact +55200 +55800 1011 9005 100000
a contact +55200 +55800 1011 9003 100000
a contact +55200 +55800 1011 9001 100000
a contact +55200 +55800 2008 1001 10000
a contact +55200 +55800 2009 1009 10000
a contact +55200 +55800 2010 1007 10000
a contact +55200 +55800 2011 1012 10000
a contact +55200 +55800 2026 1009 10000
a contact +55200 +55800 2037 1007 10000
a contact +55200 +55800 2053 1007 10000
a contact +55200 +55800 2054 1012 10000
a contact +55200 +55800 2055 1004 10000
a contact +55200 +55800 2056 1004 10000
a contact +55200 +55800 2058 1009 10000
a contact +55200 +55800 2061 1005 10000
a contact +55200 +55800 2062 1006 10000
a contact +55200 +55800 2063 1006 10000
a contact +55200 +55800 2064 1001 10000
a contact +55200 +55800 2065 1010 10000
a contact +55200 +55800 2066 1001 10000
a contact +55200 +55800 2067 1006 10000
a contact +55200 +55800 2068 1003 10000
a contact +55200 +55800 2069 1010 10000
a contact +55200 +55800 2070 1005 10000
a contact +55200 +55800 2071 1002 10000
a contact +55200 +55800 2072 1002 10000
a contact +55200 +55800 2073 1005 10000
a contact +55200 +55800 2074 1004 10000
a contact +55200 +55800 2075 1003 10000
a contact +55200 +55800 2076 1010 10000
a contact +55200 +55800 2077 1008 10000
a contact +55200 +55800 2078 1008 10000
a contact +55200 +55800 2079 1002 10000
a contact +55200 +55800 2080 1008 10000
a contact +55200 +55800 2083 1003 10000
a contact +55200 +55800 2085 1012 10000
a contact +55800 +56400 1001 9005 100000
a contact +55800 +56400 1011 9007 100000
a contact +55800 +56400 1011 9001 100000
a contact +55800 +56400 1011 9003 100000
a contact +55800 +56400 2009 1009 10000
a contact +55800 +56400 2010 1007 10000
a contact +55800 +56400 2011 1012 10000
a contact +55800 +56400 2013 1007 10000
a contact +55800 +56400 2017 1009 10000
a contact +55800 +56400 2051 1006 10000
a contact +55800 +56400 2052 1007 10000
a contact +55800 +56400 2054 1012 10000
a contact +55800 +56400 2055 1004 10000
a contact +55800 +56400 2056 1004 10000
a contact +55800 +56400 2057 1009 10000
a contact +55800 +56400 2059 1004 10000
a contact +55800 +56400 2062 1006 10000
a contact +55800 +56400 2063 1006 10000
a contact +55800 +56400 2064 1005 10000
a contact +55800 +56400 2066 1005 10000
a contact +55800 +56400 2067 1010 10000
a contact +55800 +56400 2068 1002 10000
a contact +55800 +56400 2069 1010 10000
a contact +55800 +56400 2070 1002 10000
a contact +55800 +56400 2071 1002 10000
a contact +55800 +56400 2072 1005 10000
a contact +55800 +56400 2073 1010 10000
a contact +55800 +56400 2075 1001 10000
a contact +55800 +56400 2076 1008 10000
a contact +55800 +56400 2077 1003 10000
a contact +55800 +56400 2078 1001 10000
a contact +55800 +56400 2079 1003 10000
a contact +55800 +56400 2080 1008 10000
a contact +55800 +56400 2083 1008 10000
a contact +55800 +56400 2084 1003 10000
a contact +55800 +56400 2085 1012 10000
a contact +56400 +57000 1001 9007 100000
a contact +56400 +57000 1006 9005 100000
a contact +56400 +57000 1006 9003 100000
a contact +56400 +57000 1006 9001 100000
a contact +56400 +57000 2007 1009 10000
a contact +56400 +57000 2009 1009 10000
a contact +56400 +57000 2011 1012 10000
a contact +56400 +57000 2013 1007 10000
a contact +56400 +57000 2017 1009 10000
a contact +56400 +57000 2018 1002 10000
a contact +56400 +57000 2043 1011 10000
a contact +56400 +57000 2044 1011 10000
a contact +56400 +57000 2052 1007 10000
a contact +56400 +57000 2054 1012 10000
a contact +56400 +57000 2055 1011 10000
a contact +56400 +57000 2056 1004 10000
a contact +56400 +57000 2058 1004 10000
a contact +56400 +57000 2059 1004 10000
a contact +56400 +57000 2060 1005 10000
a contact +56400 +57000 2061 1007 10000
a contact +56400 +57000 2063 1010 10000
a contact +56400 +57000 2064 1005 10000
a contact +56400 +57000 2065 1012 10000
a contact +56400 +57000 2066 1005 10000
a contact +56400 +57000 2067 1010 10000
a contact +56400 +57000 2069 1002 10000
a contact +56400 +57000 2070 1008 10000
a contact +56400 +57000 2071 1001 10000
a contact +56400 +57000 2072 1001 10000
a contact +56400 +57000 2073 1003 10000
a contact +56400 +57000 2075 1010 10000
a contact +56400 +57000 2076 1002 10000
a contact +56400 +57000 2078 1008 10000
a contact +56400 +57000 2079 1003 10000
a contact +56400 +57000 2080 1003 10000
a contact +56400 +57000 2083 1008 10000
a contact +57000 +57600 1001 9001 100000
a contact +57000 +57600 1006 9007 100000
a contact +57000 +57600 1006 9005 100000
a contact +57000 +57600 1006 9003 100000
a contact +57000 +57600 2007 1009 10000
a contact +57000 +57600 2008 1005 10000
a contact +57000 +57600 2018 1002 10000
a contact +57000 +57600 2043 1011 10000
a contact +57000 +57600 2044 1011 10000
a contact +57000 +57600 2051 1009 10000
a contact +57000 +57600 2052 1007 10000
a contact +57000 +57600 2053 1012 10000
a contact +57000 +57600 2054 1010 10000
a contact +57000 +57600 2055 1011 10000
a contact +57000 +57600 2056 1010 10000
a contact +57000 +57600 2057 1010 10000
a contact +57000 +57600 2058 1004 10000
a contact +57000 +57600 2059 1004 10000
a contact +57000 +57600 2060 1002 10000
a contact +57000 +57600 2061 1007 10000
a contact +57000 +57600 2062 1012 10000
a contact +57000 +57600 2063 1005 10000
a contact +57000 +57600 2064 1005 10000
a contact +57000 +57600 2065 1012 10000
a contact +57000 +57600 2068 1004 10000
a contact +57000 +57600 2072 1001 10000
a contact +57000 +57600 2073 1001 10000
a contact +57000 +57600 2074 1003 10000
a contact +57000 +57600 2075 1008 10000
a contact +57000 +57600 2076 1008 10000
a contact +57000 +57600 2077 1003 10000
a contact +57000 +57600 2078 1008 10000
a contact +57000 +57600 2080 1002 10000
a contact +57000 +57600 2083 1003 10000
a contact +57600 +58200 1012 9006 100000
a contact +57600 +58200 1012 9008 100000
a contact +57600 +58200 1012 9002 100000
a contact +57600 +58200 2004 1011 10000
a contact +57600 +58200 2006 1006 10000
a contact +57600 +58200 2007 1009 10000
a contact +57000 +58200 2013 1007 10000
a contact +57600 +58200 2015 1002 10000
a contact +57000 +58200 2017 1009 10000
a contact +57600 +58200 2038 1006 10000
a contact +57600 +58200 2039 1006 10000
a contact +57600 +58200 2043 1011 10000
a contact +57600 +58200 2051 1009 10000
a contact +57600 +58200 2052 1007 10000
a contact +57600 +58200 2054 1010 10000
a contact +57600 +58200 2056 1005 10000
a contact +57600 +58200 2057 1010 10000
a contact +57600 +58200 2058 1004 10000
a contact +57600 +58200 2059 1004 10000
a contact +57600 +58200 2060 1005 10000
a contact +57600 +58200 2061 1007 10000
a contact +57600 +58200 2062 1005 10000
a contact +57600 +58200 2063 1010 10000
a contact +57600 +58200 2065 1002 10000
a contact +57600 +58200 2068 1004 10000
a contact +57600 +58200 2069 1002 10000
a contact +57600 +58200 2070 1008 10000
a contact +57600 +58200 2071 1001 10000
a contact +57600 +58200 2073 1001 10000
a contact +57600 +58200 2074 1003 10000
a contact +57600 +58200 2075 1008 10000
a contact +57600 +58200 2076 1008 10000
a contact +57600 +58200 2077 1003 10000
a contact +57600 +58200 2078 1003 10000
a contact +58200 +58800 2004 1011 10000
a contact +58200 +58800 2005 1010 10000
a contact +58200 +58800 2009 1012 10000
a contact +58200 +58800 2013 1007 10000
a contact +58200 +58800 2015 1005 10000
a contact +58200 +58800 2017 1009 10000
a contact +58200 +58800 2020 1012 10000
a contact +58200 +58800 2038 1006 10000
a contact +58200 +58800 2049 1008 10000
a contact +58200 +58800 2050 1006 10000
a contact +58200 +58800 2051 1009 10000
a contact +58200 +58800 2052 1007 10000
a contact +58200 +58800 2053 1010 10000
a contact +58200 +58800 2054 1008 10000
a contact +57600 +58800 2055 1011 10000
a contact +58200 +58800 2056 1005 10000
a contact +58200 +58800 2057 1002 10000
a contact +58200 +58800 2058 1004 10000
a contact +58200 +58800 2059 1004 10000
a contact +58200 +58800 2060 1005 10000
a contact +58200 +58800 2061 1007 10000
a contact +58200 +58800 2063 1010 10000
a contact +58200 +58800 2064 1011 10000
a contact +58200 +58800 2065 1002 10000
a contact +58200 +58800 2066 1009 10000
a contact +58200 +58800 2067 1012 10000
a contact +58200 +58800 2068 1004 10000
a contact +58200 +58800 2070 1002 10000
a contact +58200 +58800 2071 1001 10000
a contact +57600 +58800 2072 1001 10000
a contact +58200 +58800 2073 1001 10000
a contact +58200 +58800 2074 1003 10000
a contact +58200 +58800 2075 1008 10000
a contact +58200 +58800 2076 1003 10000
a contact +58200 +58800 2078 1003 10000
a contact +58800 +59400 2002 1008 10000
a contact +58800 +59400 2004 1011 10000
a contact +58200 +59400 2006 1006 10000
a contact +58800 +59400 2009 1012 10000
a contact +58800 +59400 2013 1007 10000
a contact +58800 +59400 2017 1009 10000
a contact +58800 +59400 2018 1001 10000
a contact +58800 +59400 2038 1006 10000
a contact +58800 +59400 2047 1010 10000
a contact +58800 +59400 2048 1012 10000
a contact +58800 +59400 2049 1008 10000
a contact +58800 +59400 2050 1006 10000
a contact +58800 +59400 2051 1009 10000
a contact +58800 +59400 2052 1007 10000
a contact +58800 +59400 2053 1010 10000
a contact +58800 +59400 2054 1005 10000
a contact +58800 +59400 2055 1011 10000
a contact +58800 +59400 2056 1010 10000
a contact +58800 +59400 2057 1002 10000
a contact +58800 +59400 2058 1004 10000
a contact +58800 +59400 2059 1005 10000
a contact +58800 +59400 2060 1008 10000
a contact +58800 +59400 2061 1007 10000
a contact +58800 +59400 2062 1002 10000
a contact +58800 +59400 2063 1001 10000
a contact +58800 +59400 2064 1011 10000
a contact +58800 +59400 2065 1005 10000
a contact +58800 +59400 2066 1009 10000
a contact +58800 +59400 2067 1012 10000
a contact +58800 +59400 2068 1004 10000
a contact +58800 +59400 2069 1004 10000
a contact +58800 +59400 2071 1003 10000
a contact +58800 +59400 2072 1003 10000
a contact +58800 +59400 2073 1003 10000
a contact +58800 +59400 2075 1001 10000
a contact +58800 +59400 2078 1002 10000
a contact +59400 +60000 1001 9007 100000
a contact +59400 +60000 1008 9003 100000
a contact +59400 +60000 1008 9005 100000
a contact +59400 +60000 1011 9002 100000
a contact +59400 +60000 1011 9008 100000
a contact +59400 +60000 1011 9006 100000
a contact +59400 +60000 2003 1010 10000
a contact +59400 +60000 2006 1006 10000
a contact +59400 +60000 2009 1012 10000
a contact +59400 +60000 2017 1005 10000
a contact +59400 +60000 2039 1007 10000
a contact +59400 +60000 2040 1007 10000
a contact +59400 +60000 2041 1004 10000
a contact +59400 +60000 2042 1007 10000
a contact +59400 +60000 2043 1004 10000
a contact +59400 +60000 2045 1009 10000
a contact +59400 +60000 2046 1009 10000
a contact +59400 +60000 2059 1005 10000
a contact +59400 +60000 2060 1010 10000
a contact +59400 +60000 2061 1010 10000
a contact +59400 +60000 2062 1001 10000
a contact +59400 +60000 2063 1002 10000
a contact +59400 +60000 2065 1005 10000
a contact +59400 +60000 2067 1003 10000
a contact +59400 +60000 2068 1002 10000
a contact +59400 +60000 2069 1004 10000
a contact +59400 +60000 2070 1009 10000
a contact +59400 +60000 2072 1002 10000
a contact +59400 +60000 2073 1003 10000
a contact +59400 +60000 2074 1006 10000
a contact +59400 +60000 2075 1001 10000
a contact +59400 +60000 2076 1012 10000
a contact +59400 +60000 2078 1003 10000
a contact +59400 +60600 1008 9001 100000
a contact +60000 +60600 1008 9005 100000
a contact +60000 +60600 1008 9003 100000
a contact +60000 +60600 2006 1006 10000
a contact +60000 +60600 2009 1012 10000
a contact +60000 +60600 2011 1003 10000
a contact +60000 +60600 2012 1011 10000
a contact +60000 +60600 2019 1001 10000
a contact +60000 +60600 2027 1011 10000
a contact +60000 +60600 2028 1011 10000
a contact +60000 +60600 2039 1007 10000
a contact +60000 +60600 2040 1007 10000
a contact +60000 +60600 2041 1004 10000
a contact +60000 +60600 2042 1007 10000
a contact +60000 +60600 2043 1004 10000
a contact +60000 +60600 2045 1009 10000
a contact +60000 +60600 2046 1009 10000
a contact +59400 +60600 2048 1012 10000
a contact +59400 +60600 2050 1006 10000
a contact +60000 +60600 2055 1010 10000
a contact +60000 +60600 2056 1005 10000
a contact +60000 +60600 2058 1005 10000
a contact +60000 +60600 2059 1010 10000
a contact +60000 +60600 2060 1010 10000
a contact +60000 +60600 2061 1002 10000
a contact +60000 +60600 2062 1001 10000
a contact +60000 +60600 2063 1002 10000
a contact +60000 +60600 2065 1005 10000
a contact +60000 +60600 2068 1002 10000
a contact +60000 +60600 2069 1004 10000
a contact +60000 +60600 2070 1009 10000
a contact +60000 +60600 2071 1003 10000
a contact +60000 +60600 2072 1003 10000
a contact +60000 +60600 2074 1006 10000
a contact +60000 +60600 2075 1001 10000
a contact +60000 +60600 2076 1012 10000
a contact +60600 +61200 1003 9007 100000
a contact +60600 +61200 1003 9003 100000
a contact +60600 +61200 1003 9001 100000
a contact +60600 +61200 1009 9006 100000
a contact +60600 +61200 1009 9004 100000
a contact +60600 +61200 1009 9008 100000
a contact +60600 +61200 2004 1006 10000
a contact +60600 +61200 2007 1005 10000
a contact +60600 +61200 2012 1011 10000
a contact +60600 +61200 2019 1001 10000
a contact +60600 +61200 2027 1011 10000
a contact +60600 +61200 2028 1011 10000
a contact +60600 +61200 2034 1008 10000
a contact +60600 +61200 2035 1008 10000
a contact +60600 +61200 2041 1004 10000
a contact +60600 +61200 2051 1006 10000
a contact +60600 +61200 2052 1012 10000
a contact +60600 +61200 2053 1005 10000
a contact +60600 +61200 2054 1006 10000
a contact +60600 +61200 2055 1010 10000
a contact +60600 +61200 2056 1002 10000
a contact +60600 +61200 2057 1001 10000
a contact +60600 +61200 2058 1010 10000
a contact +60600 +61200 2059 1005 10000
a contact +60600 +61200 2060 1010 10000
a contact +60600 +61200 2061 1002 10000
a contact +60600 +61200 2062 1001 10000
a contact +60600 +61200 2064 1012 10000
a contact +60600 +61200 2065 1002 10000
a contact +60600 +61200 2066 1004 10000
a contact +60600 +61200 2067 1004 10000
a contact +60600 +61200 2069 1007 10000
a contact +60600 +61200 2070 1007 10000
a contact +60600 +61200 2071 1007 10000
a contact +60600 +61200 2073 1012 10000
a contact +61200 +61800 2004 1006 10000
a contact +60600 +61800 2005 1008 10000
a contact +61200 +61800 2008 1005 10000
a contact +61200 +61800 2011 1003 10000
a contact +61200 +61800 2015 1009 10000
a contact +61200 +61800 2016 1009 10000
a contact +61200 +61800 2017 1005 10000
a contact +61200 +61800 2027 1011 10000
a contact +61200 +61800 2028 1011 10000
a contact +61200 +61800 2035 1008 10000
a contact +61200 +61800 2043 1003 10000
a contact +61200 +61800 2047 1009 10000
a contact +61200 +61800 2050 1002 10000
a contact +61200 +61800 2051 1006 10000
a contact +61200 +61800 2052 1012 10000
a contact +61200 +61800 2053 1010 10000
a contact +61200 +61800 2054 1006 10000
a contact +61200 +61800 2055 1010 10000
a contact +61200 +61800 2057 1002 10000
a contact +61200 +61800 2058 1003 10000
a contact +61200 +61800 2059 1010 10000
a contact +61200 +61800 2060 1002 10000
a contact +61200 +61800 2061 1005 10000
a contact +61200 +61800 2062 1004 10000
a contact +61200 +61800 2063 1001 10000
a contact +61200 +61800 2064 1012 10000
a contact +61200 +61800 2065 1007 10000
a contact +61200 +61800 2066 1001 10000
a contact +61200 +61800 2067 1004 10000
a contact +61200 +61800 2068 1001 10000
a contact +61200 +61800 2069 1007 10000
a contact +61200 +61800 2070 1007 10000
a contact +61200 +61800 2071 1004 10000
a contact +61200 +61800 2073 1012 10000
a contact +61800 +62400 1006 9008 100000
a contact +61800 +62400 1006 9002 100000
a contact +61800 +62400 1006 9006 100000
a contact +61800 +62400 2005 1008 10000
a contact +61800 +62400 2010 1009 10000
a contact +61800 +62400 2011 1003 10000
a contact +61200 +62400 2012 1011 10000
a contact +61800 +62400 2015 1009 10000
a contact +61800 +62400 2017 1005 10000
a contact +61800 +62400 2027 1011 10000
a contact +61800 +62400 2028 1011 10000
a contact +61200 +62400 2034 1008 10000
a contact +61800 +62400 2035 1008 10000
a contact +61800 +62400 2043 1003 10000
a contact +61800 +62400 2046 1010 10000
a contact +61800 +62400 2047 1009 10000
a contact +61800 +62400 2052 1012 10000
a contact +61800 +62400 2053 1005 10000
a contact +61800 +62400 2054 1010 10000
a contact +61800 +62400 2055 1002 10000
a contact +61800 +62400 2056 1001 10000
a contact +61800 +62400 2057 1001 10000
a contact +61800 +62400 2058 1003 10000
a contact +61800 +62400 2059 1010 10000
a contact +61800 +62400 2060 1002 10000
a contact +61800 +62400 2061 1005 10000
a contact +61800 +62400 2062 1002 10000
a contact +61800 +62400 2063 1004 10000
a contact +61800 +62400 2064 1012 10000
a contact +61800 +62400 2065 1007 10000
a contact +61800 +62400 2066 1004 10000
a contact +61800 +62400 2068 1001 10000
a contact +61800 +62400 2069 1007 10000
a contact +61800 +62400 2070 1004 10000
a contact +61800 +62400 2071 1007 10000
a contact +61800 +62400 2073 1012 10000
a contact +62400 +63000 2002 1005 10000
a contact +62400 +63000 2007 1006 10000
a contact +62400 +63000 2010 1009 10000
a contact +62400 +63000 2011 1003 10000
a contact +62400 +63000 2012 1011 10000
a contact +62400 +63000 2017 1001 10000
a contact +62400 +63000 2027 1011 10000
a contact +62400 +63000 2028 1011 10000
a contact +62400 +63000 2035 1008 10000
a contact +62400 +63000 2041 1006 10000
a contact +62400 +63000 2042 1006 10000
a contact +62400 +63000 2043 1003 10000
a contact +62400 +63000 2044 1010 10000
a contact +62400 +63000 2045 1010 10000
a contact +62400 +63000 2046 1010 10000
a contact +62400 +63000 2047 1009 10000
a contact +62400 +63000 2051 1008 10000
a contact +62400 +63000 2052 1012 10000
a contact +62400 +63000 2053 1005 10000
a contact +62400 +63000 2054 1005 10000
a contact +62400 +63000 2055 1004 10000
a contact +62400 +63000 2056 1002 10000
a contact +62400 +63000 2058 1003 10000
a contact +62400 +63000 2059 1002 10000
a contact +62400 +63000 2060 1001 10000
a contact +62400 +63000 2061 1001 10000
a contact +62400 +63000 2062 1004 10000
a contact +62400 +63000 2063 1002 10000
a contact +62400 +63000 2064 1012 10000
a contact +62400 +63000 2065 1007 10000
a contact +62400 +63000 2066 1007 10000
a contact +62400 +63000 2067 1009 10000
a contact +62400 +63000 2068 1007 10000
a contact +62400 +63000 2071 1004 10000
a contact +62400 +63000 2073 1012 10000
a contact +63000 +63600 2007 1006 10000
a contact +63000 +63600 2011 1003 10000
a contact +63000 +63600 2021 1005 10000
a contact +62400 +63600 2034 1008 10000
a contact +63000 +63600 2035 1008 10000
a contact +63000 +63600 2040 1010 10000
a contact +63000 +63600 2041 1006 10000
a contact +63000 +63600 2042 1006 10000
a contact +63000 +63600 2043 1003 10000
a contact +63000 +63600 2044 1010 10000
a contact +63000 +63600 2045 1010 10000
a contact +63000 +63600 2046 1005 10000
a contact +63000 +63600 2047 1009 10000
a contact +63000 +63600 2050 1001 10000
a contact +63000 +63600 2052 1012 10000
a contact +63000 +63600 2053 1002 10000
a contact +63000 +63600 2054 1005 10000
a contact +63000 +63600 2055 1007 10000
a contact +63000 +63600 2056 1002 10000
a contact +63000 +63600 2058 1003 10000
a contact +63000 +63600 2059 1002 10000
a contact +63000 +63600 2060 1001 10000
a contact +63000 +63600 2061 1004 10000
a contact +63000 +63600 2062 1004 10000
a contact +63000 +63600 2063 1001 10000
a contact +63000 +63600 2064 1012 10000
a contact +63000 +63600 2066 1007 10000
a contact +63000 +63600 2067 1009 10000
a contact +63000 +63600 2068 1007 10000
a contact +63000 +63600 2071 1004 10000
a contact +63000 +63600 2073 1012 10000
a contact +63600 +64200 1003 9003 100000
a contact +63600 +64200 1003 9007 100000
a contact +63600 +64200 1003 9005 100000
a contact +63600 +64200 2007 1006 10000
a contact +63000 +64200 2010 1009 10000
a contact +63000 +64200 2012 1011 10000
a contact +63600 +64200 2021 1001 10000
a contact +63000 +64200 2027 1011 10000
a contact +63000 +64200 2028 1011 10000
a contact +63600 +64200 2034 1008 10000
a contact +63600 +64200 2035 1008 10000
a contact +63600 +64200 2041 1006 10000
a contact +63600 +64200 2042 1006 10000
a contact +63600 +64200 2044 1010 10000
a contact +63600 +64200 2045 1005 10000
a contact +63600 +64200 2046 1005 10000
a contact +63600 +64200 2047 1009 10000
a contact +63600 +64200 2048 1002 10000
a contact +63600 +64200 2049 1007 10000
a contact +63600 +64200 2050 1005 10000
a contact +63000 +64200 2051 1008 10000
a contact +63600 +64200 2052 1012 10000
a contact +63600 +64200 2053 1004 10000
a contact +63600 +64200 2054 1004 10000
a contact +63600 +64200 2055 1002 10000
a contact +63600 +64200 2058 1010 10000
a contact +63600 +64200 2059 1001 10000
a contact +63600 +64200 2060 1001 10000
a contact +63600 +64200 2061 1010 10000
a contact +63600 +64200 2062 1002 10000
a contact +63600 +64200 2064 1012 10000
a contact +63600 +64200 2066 1004 10000
a contact +63600 +64200 2067 1009 10000
a contact +63600 +64200 2068 1007 10000
a contact +63600 +64200 2071 1007 10000
a contact +63600 +64200 2073 1012 10000
a contact +64200 +64800 1005 9005 100000
a contact +64200 +64800 1005 9001 100000
a contact +64200 +64800 1010 9003 100000
a contact +64200 +64800 2003 1006 10000
a contact +64200 +64800 2005 1011 10000
a contact +64200 +64800 2007 1005 10000
a contact +64200 +64800 2031 1003 10000
a contact +64200 +64800 2033 1011 10000
a contact +64200 +64800 2036 1003 10000
a contact +64200 +64800 2037 1009 10000
a contact +64200 +64800 2038 1009 10000
a contact +64200 +64800 2039 1008 10000
a contact +64200 +64800 2040 1007 10000
a contact +64200 +64800 2043 1008 10000
a contact +64200 +64800 2049 1004 10000
a contact +64200 +64800 2050 1007 10000
a contact +64200 +64800 2051 1008 10000
a contact +64200 +64800 2052 1010 10000
a contact +64200 +64800 2053 1004 10000
a contact +64200 +64800 2054 1002 10000
a contact +64200 +64800 2055 1007 10000
a contact +64200 +64800 2056 1011 10000
a contact +64200 +64800 2057 1006 10000
a contact +64200 +64800 2058 1002 10000
a contact +64200 +64800 2059 1001 10000
a contact +64200 +64800 2061 1001 10000
a contact +64200 +64800 2063 1006 10000
a contact +64200 +64800 2064 1001 10000
a contact +64200 +64800 2065 1009 10000
a contact +64200 +64800 2067 1004 10000
a contact +64200 +64800 2068 1003 10000
a contact +64200 +64800 2071 1012 10000
a contact +64200 +64800 2072 1012 10000
a contact +64200 +64800 2073 1002 10000
a contact +64200 +64800 2074 1012 10000
a contact +64800 +65400 1005 9005 100000
a contact +64200 +65400 1010 9007 100000
a contact +64800 +65400 1010 9001 100000
a contact +64800 +65400 1010 9003 100000
a contact +64800 +65400 2003 1006 10000
a contact +64800 +65400 2005 1011 10000
a contact +64800 +65400 2008 1005 10000
a contact +64800 +65400 2009 1006 10000
a contact +64800 +65400 2031 1003 10000
a contact +64800 +65400 2033 1011 10000
a contact +64800 +65400 2036 1003 10000
a contact +64800 +65400 2037 1009 10000
a contact +64800 +65400 2038 1009 10000
a contact +64800 +65400 2039 1008 10000
a contact +64800 +65400 2043 1008 10000
a contact +64800 +65400 2048 1004 10000
a contact +64800 +65400 2049 1004 10000
a contact +64800 +65400 2050 1007 10000
a contact +64800 +65400 2051 1007 10000
a contact +64800 +65400 2052 1005 10000
a contact +64800 +65400 2053 1001 10000
a contact +64800 +65400 2054 1002 10000
a contact +64800 +65400 2055 1007 10000
a contact +64800 +65400 2056 1011 10000
a contact +64800 +65400 2057 1006 10000
a contact +64800 +65400 2058 1002 10000
a contact +64800 +65400 2059 1002 10000
a contact +64800 +65400 2060 1008 10000
a contact +64800 +65400 2061 1001 10000
a contact +64800 +65400 2063 1004 10000
a contact +64800 +65400 2064 1001 10000
a contact +64800 +65400 2065 1009 10000
a contact +64800 +65400 2068 1003 10000
a contact +64800 +65400 2070 1012 10000
a contact +64800 +65400 2072 1012 10000
a contact +64800 +65400 2074 1012 10000
a contact +65400 +66000 1005 9008 100000
a contact +65400 +66000 1005 9006 100000
a contact +65400 +66000 1005 9007 100000
a contact +65400 +66000 1010 9003 100000
a contact +65400 +66000 1010 9005 100000
a contact +65400 +66000 1010 9001 100000
a contact +65400 +66000 2005 1011 10000
a contact +65400 +66000 2012 1006 10000
a contact +65400 +66000 2021 1001 10000
a contact +65400 +66000 2031 1003 10000
a contact +65400 +66000 2033 1011 10000
a contact +65400 +66000 2036 1003 10000
a contact +65400 +66000 2037 1009 10000
a contact +65400 +66000 2039 1008 10000
a contact +65400 +66000 2043 1008 10000
a contact +65400 +66000 2048 1007 10000
a contact +65400 +66000 2049 1002 10000
a contact +65400 +66000 2050 1007 10000
a contact +65400 +66000 2051 1007 10000
a contact +65400 +66000 2052 1001 10000
a contact +65400 +66000 2053 1002 10000
a contact +65400 +66000 2054 1004 10000
a contact +65400 +66000 2056 1011 10000
a contact +65400 +66000 2057 1006 10000
a contact +65400 +66000 2058 1002 10000
a contact +65400 +66000 2060 1008 10000
a contact +65400 +66000 2061 1004 10000
a contact +65400 +66000 2064 1004 10000
a contact +65400 +66000 2065 1009 10000
a contact +65400 +66000 2066 1012 10000
a contact +65400 +66000 2068 1001 10000
a contact +65400 +66000 2070 1012 10000
a contact +65400 +66000 2071 1003 10000
a contact +65400 +66000 2072 1012 10000
a contact +66000 +66600 1011 9004 100000
a contact +66000 +66600 1011 9006 100000
a contact +66000 +66600 1011 9008 100000
a contact +66000 +66600 2005 1010 10000
a contact +66000 +66600 2006 1005 10000
a contact +65400 +66600 2009 1006 10000
a contact +66000 +66600 2012 1006 10000
a contact +66000 +66600 2021 1004 10000
a contact +66000 +66600 2027 1005 10000
a contact +66000 +66600 2028 1005 10000
a contact +66000 +66600 2031 1003 10000
a contact +66000 +66600 2032 1010 10000
a contact +66000 +66600 2036 1003 10000
a contact +66000 +66600 2037 1009 10000
a contact +65400 +66600 2038 1009 10000
a contact +66000 +66600 2039 1008 10000
a contact +66000 +66600 2043 1008 10000
a contact +66000 +66600 2047 1010 10000
a contact +66000 +66600 2048 1007 10000
a contact +66000 +66600 2049 1001 10000
a contact +66000 +66600 2050 1002 10000
a contact +66000 +66600 2051 1007 10000
a contact +66000 +66600 2052 1002 10000
a contact +66000 +66600 2053 1004 10000
a contact +66000 +66600 2054 1007 10000
a contact +66000 +66600 2056 1001 10000
a contact +66000 +66600 2057 1006 10000
a contact +66000 +66600 2059 1001 10000
a contact +66000 +66600 2060 1008 10000
a contact +66000 +66600 2061 1002 10000
a contact +66000 +66600 2064 1004 10000
a contact +66000 +66600 2065 1009 10000
a contact +66000 +66600 2068 1012 10000
a contact +66000 +66600 2069 1012 10000
a contact +66000 +66600 2070 1012 10000
a contact +66000 +66600 2071 1003 10000
a contact +66600 +67200 2003 1008 10000
a contact +66600 +67200 2005 1010 10000
a contact +66600 +67200 2006 1005 10000
a contact +66600 +67200 2009 1006 10000
a contact +66600 +67200 2012 1006 10000
a contact +66600 +67200 2021 1004 10000
a contact +66600 +67200 2025 1011 10000
a contact +66600 +67200 2027 1005 10000
a contact +66600 +67200 2028 1005 10000
a contact +66600 +67200 2031 1003 10000
a contact +66600 +67200 2032 1010 10000
a contact +66600 +67200 2036 1003 10000
a contact +66600 +67200 2037 1009 10000
a contact +66600 +67200 2038 1009 10000
a contact +66600 +67200 2043 1002 10000
a contact +66600 +67200 2047 1010 10000
a contact +66600 +67200 2048 1004 10000
a contact +66600 +67200 2049 1004 10000
a contact +66600 +67200 2052 1002 10000
a contact +66600 +67200 2053 1002 10000
a contact +66600 +67200 2054 1007 10000
a contact +66600 +67200 2055 1001 10000
a contact +66600 +67200 2056 1001 10000
a contact +66600 +67200 2057 1006 10000
a contact +66600 +67200 2058 1001 10000
a contact +66600 +67200 2060 1011 10000
a contact +66600 +67200 2062 1011 10000
a contact +66600 +67200 2063 1012 10000
a contact +66600 +67200 2064 1007 10000
a contact +66600 +67200 2065 1009 10000
a contact +66600 +67200 2066 1012 10000
a contact +66600 +67200 2067 1008 10000
a contact +66600 +67200 2068 1012 10000
a contact +66600 +67200 2071 1003 10000
a contact +66600 +67200 2072 1008 10000
a contact +66600 +67200 2076 1007 10000
a contact +67200 +67800 1005 9005 100000
a contact +67200 +67800 1005 9002 100000
a contact +67200 +67800 1005 9004 100000
a contact +67200 +67800 1007 9001 100000
a contact +67200 +67800 1007 9003 100000
a contact +67200 +67800 1007 9007 100000
a contact +67200 +67800 1008 9008 100000
a contact +67200 +67800 1008 9006 100000
a contact +67200 +67800 2003 1012 10000
a contact +67200 +67800 2013 1010 10000
a contact +67200 +67800 2025 1011 10000
a contact +67200 +67800 2042 1002 10000
a contact +67200 +67800 2044 1003 10000
a contact +67200 +67800 2045 1010 10000
a contact +67200 +67800 2046 1006 10000
a contact +67200 +67800 2047 1004 10000
a contact +67200 +67800 2048 1001 10000
a contact +67200 +67800 2049 1002 10000
a contact +67200 +67800 2050 1001 10000
a contact +67200 +67800 2051 1011 10000
a contact +67200 +67800 2054 1002 10000
a contact +67200 +67800 2055 1001 10000
a contact +67200 +67800 2056 1012 10000
a contact +67200 +67800 2057 1004 10000
a contact +67200 +67800 2058 1009 10000
a contact +67200 +67800 2059 1006 10000
a contact +67200 +67800 2061 1006 10000
a contact +67200 +67800 2062 1009 10000
a contact +67200 +67800 2063 1009 10000
a contact +67200 +67800 2064 1004 10000
a contact +67200 +67800 2068 1012 10000
a contact +67200 +67800 2069 1003 10000
a contact +67200 +67800 2070 1003 10000
a contact +67200 +67800 2071 1008 10000
a contact +67800 +68400 1007 9005 100000
a contact +67800 +68400 1007 9001 100000
a contact +67800 +68400 1007 9003 100000
a contact +67800 +68400 2007 1004 10000
a contact +67800 +68400 2013 1010 10000
a contact +67800 +68400 2020 1005 10000
a contact +67800 +68400 2021 1001 10000
a contact +67800 +68400 2025 1011 10000
a contact +67800 +68400 2027 1005 10000
a contact +67800 +68400 2030 1008 10000
a contact +67200 +68400 2032 1010 10000
a contact +67800 +68400 2037 1005 10000
a contact +67800 +68400 2043 1001 10000
a contact +67800 +68400 2044 1003 10000
a contact +67800 +68400 2045 1010 10000
a contact +67800 +68400 2046 1006 10000
a contact +67800 +68400 2047 1002 10000
a contact +67800 +68400 2048 1002 10000
a contact +67800 +68400 2049 1001 10000
a contact +67800 +68400 2051 1011 10000
a contact +67800 +68400 2053 1009 10000
a contact +67800 +68400 2054 1004 10000
a contact +67800 +68400 2055 1002 10000
a contact +67800 +68400 2057 1004 10000
a contact +67800 +68400 2058 1009 10000
a contact +67800 +68400 2059 1006 10000
a contact +67200 +68400 2060 1011 10000
a contact +67800 +68400 2061 1006 10000
a contact +67800 +68400 2062 1012 10000
a contact +67800 +68400 2063 1012 10000
a contact +67800 +68400 2064 1009 10000
a contact +67800 +68400 2065 1008 10000
a contact +67800 +68400 2066 1012 10000
a contact +67800 +68400 2069 1003 10000
a contact +67800 +68400 2070 1003 10000
a contact +67800 +68400 2071 1008 10000
a contact +68400 +69000 2010 1005 10000
a contact +68400 +69000 2013 1010 10000
a contact +68400 +69000 2014 1007 10000
a contact +68400 +69000 2020 1005 10000
a contact +68400 +69000 2022 1004 10000
a contact +68400 +69000 2028 1007 10000
a contact +68400 +69000 2029 1007 10000
a contact +68400 +69000 2030 1008 10000
a contact +68400 +69000 2037 1005 10000
a contact +68400 +69000 2042 1010 10000
a contact +68400 +69000 2044 1003 10000
a contact +68400 +69000 2047 1004 10000
a contact +68400 +69000 2048 1001 10000
a contact +68400 +69000 2050 1011 10000
a contact +68400 +69000 2051 1011 10000
a contact +68400 +69000 2052 1010 10000
a contact +68400 +69000 2053 1001 10000
a contact +68400 +69000 2054 1009 10000
a contact +68400 +69000 2055 1001 10000
a contact +68400 +69000 2056 1009 10000
a contact +68400 +69000 2057 1004 10000
a contact +68400 +69000 2058 1006 10000
a contact +68400 +69000 2059 1012 10000
a contact +68400 +69000 2060 1006 10000
a contact +68400 +69000 2061 1006 10000
a contact +68400 +69000 2062 1012 10000
a contact +68400 +69000 2063 1012 10000
a contact +68400 +69000 2064 1009 10000
a contact +68400 +69000 2065 1008 10000
a contact +68400 +69000 2067 1011 10000
a contact +68400 +69000 2068 1008 10000
a contact +68400 +69000 2069 1003 10000
a contact +68400 +69000 2070 1003 10000
a contact +68400 +69600 1002 9005 100000
a contact +68400 +69600 1002 9007 100000
a contact +68400 +69600 1002 9003 100000
a contact +69000 +69600 2010 1005 10000
a contact +69000 +69600 2012 1003 10000
a contact +69000 +69600 2014 1007 10000
a contact +69000 +69600 2020 1005 10000
a contact +69000 +69600 2022 1001 10000
a contact +69000 +69600 2028 1007 10000
a contact +69000 +69600 2029 1007 10000
a contact +69000 +69600 2030 1008 10000
a contact +69000 +69600 2037 1005 10000
a contact +69000 +69600 2042 1010 10000
a contact +69000 +69600 2043 1004 10000
a contact +69000 +69600 2044 1004 10000
a contact +69000 +69600 2045 1011 10000
a contact +69000 +69600 2046 1010 10000
a contact +69000 +69600 2047 1001 10000
a contact +69000 +69600 2048 1004 10000
a contact +69000 +69600 2049 1003 10000
a contact +69000 +69600 2050 1011 10000
a contact +69000 +69600 2052 1010 10000
a contact +69000 +69600 2055 1006 10000
a contact +69000 +69600 2056 1006 10000
a contact +69000 +69600 2057 1001 10000
a contact +69000 +69600 2058 1006 10000
a contact +69000 +69600 2059 1012 10000
a contact +69000 +69600 2060 1012 10000
a contact +69000 +69600 2061 1012 10000
a contact +69000 +69600 2062 1009 10000
a contact +69000 +69600 2063 1009 10000
a contact +69000 +69600 2065 1008 10000
a contact +69000 +69600 2067 1011 10000
a contact +69000 +69600 2068 1008 10000
a contact +69000 +69600 2069 1009 10000
a contact +69000 +69600 2075 1003 10000
a contact +69600 +70200 2010 1005 10000
a contact +69600 +70200 2012 1003 10000
a contact +69600 +70200 2013 1005 10000
a contact +69600 +70200 2014 1007 10000
a contact +69600 +70200 2022 1004 10000
a contact +69600 +70200 2028 1007 10000
a contact +69600 +70200 2029 1007 10000
a contact +69600 +70200 2039 1010 10000
a contact +69600 +70200 2040 1010 10000
a contact +69600 +70200 2041 1005 10000
a contact +69600 +70200 2042 1010 10000
a contact +69600 +70200 2045 1011 10000
a contact +69600 +70200 2046 1004 10000
a contact +69600 +70200 2047 1004 10000
a contact +69600 +70200 2048 1001 10000
a contact +69600 +70200 2049 1003 10000
a contact +69600 +70200 2050 1011 10000
a contact +69600 +70200 2051 1001 10000
a contact +69600 +70200 2052 1001 10000
a contact +69600 +70200 2053 1008 10000
a contact +69600 +70200 2054 1008 10000
a contact +69600 +70200 2056 1006 10000
a contact +69600 +70200 2057 1009 10000
a contact +69600 +70200 2058 1006 10000
a contact +69600 +70200 2059 1006 10000
a contact +69600 +70200 2060 1012 10000
a contact +69600 +70200 2061 1012 10000
a contact +69600 +70200 2062 1009 10000
a contact +69600 +70200 2065 1012 10000
a contact +69600 +70200 2067 1011 10000
a contact +69600 +70200 2068 1008 10000
a contact +69600 +70200 2069 1009 10000
a contact +69600 +70200 2075 1003 10000
a contact +69600 +70800 1002 9006 100000
a contact +69600 +70800 1002 9005 100000
a contact +69600 +70800 1002 9007 100000
a contact +70200 +70800 2016 1005 10000
a contact +70200 +70800 2022 1004 10000
a contact +70200 +70800 2034 1004 10000
a contact +70200 +70800 2035 1007 10000
a contact +70200 +70800 2036 1011 10000
a contact +70200 +70800 2037 1011 10000
a contact +70200 +70800 2038 1007 10000
a contact +70200 +70800 2039 1010 10000
a contact +70200 +70800 2040 1010 10000
a contact +70200 +70800 2041 1005 10000
a contact +70200 +70800 2043 1010 10000
a contact +70200 +70800 2044 1005 10000
a contact +70200 +70800 2046 1004 10000
a contact +70200 +70800 2047 1001 10000
a contact +70200 +70800 2049 1012 10000
a contact +70200 +70800 2050 1009 10000
a contact +70200 +70800 2051 1001 10000
a contact +70200 +70800 2052 1001 10000
a contact +70200 +70800 2053 1008 10000
a contact +70200 +70800 2055 1008 10000
a contact +70200 +70800 2056 1006 10000
a contact +70200 +70800 2057 1012 10000
a contact +70200 +70800 2059 1009 10000
a contact +70200 +70800 2060 1006 10000
a contact +70200 +70800 2061 1012 10000
a contact +70200 +70800 2062 1003 10000
a contact +70200 +70800 2063 1009 10000
a contact +70200 +70800 2064 1007 10000
a contact +70200 +70800 2067 1003 10000
a contact +70200 +70800 2068 1006 10000
a contact +70200 +70800 2072 1003 10000
a contact +70800 +71400 2002 1005 10000
a contact +70800 +71400 2009 1002 10000
a contact +70800 +71400 2016 1005 10000
a contact +70800 +71400 2022 1001 10000
a contact +70800 +71400 2031 1002 10000
a contact +70800 +71400 2032 1006 10000
a contact +70800 +71400 2033 1004 10000
a contact +70800 +71400 2034 1004 10000
a contact +70800 +71400 2035 1007 10000
a contact +70800 +71400 2036 1011 10000
a contact +70800 +71400 2037 1011 10000
a contact +70800 +71400 2038 1007 10000
a contact +70800 +71400 2039 1010 10000
a contact +70800 +71400 2040 1010 10000
a contact +70800 +71400 2041 1005 10000
a contact +70800 +71400 2042 1004 10000
a contact +70800 +71400 2043 1010 10000
a contact +70800 +71400 2044 1002 10000
a contact +70200 +71400 2045 1011 10000
a contact +70800 +71400 2046 1001 10000
a contact +70800 +71400 2047 1012 10000
a contact +70800 +71400 2048 1006 10000
a contact +70800 +71400 2049 1009 10000
a contact +70800 +71400 2050 1012 10000
a contact +70800 +71400 2051 1001 10000
a contact +70800 +71400 2053 1008 10000
a contact +70200 +71400 2054 1008 10000
a contact +70800 +71400 2055 1008 10000
a contact +70800 +71400 2056 1012 10000
a contact +70800 +71400 2057 1009 10000
a contact +70800 +71400 2059 1009 10000
a contact +70800 +71400 2060 1006 10000
a contact +70800 +71400 2063 1003 10000
a contact +70800 +71400 2064 1007 10000
a contact +70800 +71400 2065 1003 10000
a contact +70800 +71400 2067 1003 10000
a contact +71400 +72000 1010 9004 100000
a contact +71400 +72000 1010 9002 100000
a contact +71400 +72000 1010 9006 100000
a contact +71400 +72000 2002 1005 10000
a contact +71400 +72000 2003 1008 10000
a contact +71400 +72000 2009 1002 10000
a contact +71400 +72000 2016 1005 10000
a contact +71400 +72000 2027 1004 10000
a contact +71400 +72000 2031 1002 10000
a contact +71400 +72000 2035 1007 10000
a contact +71400 +72000 2036 1011 10000
a contact +71400 +72000 2037 1011 10000
a contact +71400 +72000 2038 1007 10000
a contact +71400 +72000 2039 1012 10000
a contact +71400 +72000 2040 1001 10000
a contact +71400 +72000 2041 1005 10000
a contact +71400 +72000 2042 1004 10000
a contact +71400 +72000 2043 1001 10000
a contact +71400 +72000 2044 1002 10000
a contact +71400 +72000 2045 1011 10000
a contact +71400 +72000 2046 1004 10000
a contact +71400 +72000 2047 1001 10000
a contact +71400 +72000 2048 1006 10000
a contact +71400 +72000 2049 1009 10000
a contact +71400 +72000 2050 1009 10000
a contact +71400 +72000 2053 1006 10000
a contact +71400 +72000 2054 1006 10000
a contact +71400 +72000 2055 1008 10000
a contact +71400 +72000 2056 1003 10000
a contact +71400 +72000 2057 1012 10000
a contact +71400 +72000 2058 1008 10000
a contact +71400 +72000 2059 1009 10000
a contact +71400 +72000 2060 1012 10000
a contact +71400 +72000 2062 1003 10000
a contact +71400 +72000 2063 1003 10000
a contact +71400 +72000 2064 1007 10000
a contact +72000 +72600 1004 9005 100000
a contact +72000 +72600 1004 9003 100000
a contact +72000 +72600 1004 9001 100000
a contact +72000 +72600 2010 1010 10000
a contact +72000 +72600 2014 1010 10000
a contact +72000 +72600 2015 1011 10000
a contact +72000 +72600 2018 1010 10000
a contact +72000 +72600 2023 1007 10000
a contact +72000 +72600 2024 1007 10000
a contact +72000 +72600 2025 1009 10000
a contact +72000 +72600 2026 1011 10000
a contact +72000 +72600 2029 1011 10000
a contact +72000 +72600 2030 1002 10000
a contact +72000 +72600 2031 1002 10000
a contact +72000 +72600 2032 1005 10000
a contact +72000 +72600 2034 1005 10000
a contact +72000 +72600 2043 1012 10000
a contact +72000 +72600 2044 1002 10000
a contact +72000 +72600 2045 1001 10000
a contact +72000 +72600 2046 1001 10000
a contact +72000 +72600 2047 1012 10000
a contact +72000 +72600 2048 1006 10000
a contact +72000 +72600 2049 1009 10000
a contact +72000 +72600 2050 1001 10000
a contact +72000 +72600 2051 1003 10000
a contact +72000 +72600 2052 1005 10000
a contact +72000 +72600 2053 1006 10000
a contact +72000 +72600 2054 1009 10000
a contact +72000 +72600 2055 1006 10000
a contact +72000 +72600 2056 1008 10000
a contact +72000 +72600 2057 1012 10000
a contact +72000 +72600 2058 1008 10000
a contact +72000 +72600 2059 1008 10000
a contact +72000 +72600 2062 1003 10000
a contact +72000 +72600 2063 1003 10000
a contact +72000 +72600 2075 1007 10000
a contact +72600 +73200 1004 9007 100000
a contact +72600 +73200 1004 9001 100000
a contact +72600 +73200 1004 9003 100000
a contact +72600 +73200 2010 1010 10000
a contact +72600 +73200 2014 1010 10000
a contact +72600 +73200 2015 1011 10000
a contact +72600 +73200 2016 1002 10000
a contact +72600 +73200 2018 1010 10000
a contact +72600 +73200 2023 1007 10000
a contact +72600 +73200 2024 1007 10000
a contact +72600 +73200 2025 1001 10000
a contact +72600 +73200 2026 1011 10000
a contact +72600 +73200 2029 1011 10000
a contact +72600 +73200 2030 1002 10000
a contact +72600 +73200 2032 1005 10000
a contact +72600 +73200 2038 1012 10000
a contact +72600 +73200 2039 1009 10000
a contact +72600 +73200 2040 1009 10000
a contact +72600 +73200 2041 1002 10000
a contact +72600 +73200 2042 1005 10000
a contact +72600 +73200 2043 1006 10000
a contact +72600 +73200 2044 1001 10000
a contact +72600 +73200 2045 1001 10000
a contact +72600 +73200 2046 1006 10000
a contact +72600 +73200 2047 1012 10000
a contact +72600 +73200 2049 1012 10000
a contact +72600 +73200 2050 1008 10000
a contact +72600 +73200 2051 1003 10000
a contact +72600 +73200 2052 1005 10000
a contact +72600 +73200 2053 1003 10000
a contact +72600 +73200 2054 1009 10000
a contact +72600 +73200 2055 1006 10000
a contact +72600 +73200 2056 1008 10000
a contact +72600 +73200 2059 1003 10000
a contact +72600 +73200 2063 1008 10000
a contact +72600 +73200 2075 1007 10000
a contact +73200 +73800 2014 1010 10000
a contact +73200 +73800 2016 1002 10000
a contact +73200 +73800 2018 1010 10000
a contact +73200 +73800 2020 1004 10000
a contact +73200 +73800 2023 1007 10000
a contact +73200 +73800 2024 1007 10000
a contact +73200 +73800 2027 1001 10000
a contact +73200 +73800 2030 1002 10000
a contact +73200 +73800 2033 1004 10000
a contact +73200 +73800 2036 1004 10000
a contact +73200 +73800 2038 1012 10000
a contact +73200 +73800 2039 1012 10000
a contact +73200 +73800 2040 1009 10000
a contact +73200 +73800 2041 1002 10000
a contact +73200 +73800 2042 1005 10000
a contact +73200 +73800 2043 1006 10000
a contact +73200 +73800 2044 1001 10000
a contact +73200 +73800 2045 1006 10000
a contact +73200 +73800 2046 1012 10000
a contact +73200 +73800 2047 1008 10000
a contact +73200 +73800 2048 1009 10000
a contact +73200 +73800 2049 1001 10000
a contact +73200 +73800 2050 1008 10000
a contact +73200 +73800 2051 1003 10000
a contact +73200 +73800 2052 1005 10000
a contact +73200 +73800 2053 1006 10000
a contact +73200 +73800 2055 1009 10000
a contact +73200 +73800 2056 1003 10000
a contact +73200 +73800 2057 1011 10000
a contact +73200 +73800 2058 1011 10000
a contact +73200 +73800 2059 1003 10000
a contact +73200 +73800 2063 1008 10000
a contact +73200 +73800 2064 1011 10000
a contact +73200 +73800 2075 1007 10000
a contact +73200 +74400 2010 1010 10000
a contact +73800 +74400 2014 1010 10000
a contact +73800 +74400 2016 1002 10000
a contact +73800 +74400 2018 1010 10000
a contact +73800 +74400 2020 1004 10000
a contact +73800 +74400 2023 1007 10000
a contact +73800 +74400 2024 1007 10000
a contact +73800 +74400 2027 1001 10000
a contact +73800 +74400 2030 1002 10000
a contact +73200 +74400 2032 1005 10000
a contact +73800 +74400 2033 1004 10000
a contact +73800 +74400 2034 1012 10000
a contact +73800 +74400 2035 1003 10000
a contact +73800 +74400 2036 1004 10000
a contact +73800 +74400 2037 1006 10000
a contact +73800 +74400 2038 1001 10000
a contact +73800 +74400 2039 1006 10000
a contact +73800 +74400 2040 1001 10000
a contact +73800 +74400 2042 1005 10000
a contact +73800 +74400 2043 1006 10000
a contact +73800 +74400 2044 1008 10000
a contact +73800 +74400 2045 1009 10000
a contact +73800 +74400 2046 1012 10000
a contact +73800 +74400 2047 1008 10000
a contact +73800 +74400 2049 1008 10000
a contact +73800 +74400 2050 1012 10000
a contact +73800 +74400 2052 1005 10000
a contact +73800 +74400 2053 1009 10000
a contact +73800 +74400 2054 1011 10000
a contact +73800 +74400 2055 1009 10000
a contact +73800 +74400 2056 1003 10000
a contact +73800 +74400 2057 1011 10000
a contact +73800 +74400 2058 1011 10000
a contact +73800 +74400 2059 1003 10000
a contact +73800 +74400 2075 1007 10000
a contact +74400 +75000 1005 9004 100000
a contact +74400 +75000 1005 9008 100000
a contact +74400 +75000 1005 9006 100000
a contact +74400 +75000 2007 1012 10000
a contact +74400 +75000 2010 1010 10000
a contact +74400 +75000 2014 1010 10000
a contact +74400 +75000 2016 1002 10000
a contact +74400 +75000 2018 1010 10000
a contact +74400 +75000 2020 1004 10000
a contact +74400 +75000 2030 1002 10000
a contact +74400 +75000 2033 1004 10000
a contact +74400 +75000 2034 1001 10000
a contact +74400 +75000 2035 1001 10000
a contact +74400 +75000 2036 1004 10000
a contact +74400 +75000 2037 1006 10000
a contact +74400 +75000 2038 1012 10000
a contact +74400 +75000 2039 1003 10000
a contact +74400 +75000 2040 1003 10000
a contact +73800 +75000 2041 1002 10000
a contact +74400 +75000 2042 1009 10000
a contact +74400 +75000 2043 1001 10000
a contact +74400 +75000 2044 1011 10000
a contact +74400 +75000 2045 1006 10000
a contact +74400 +75000 2046 1008 10000
a contact +74400 +75000 2047 1007 10000
a contact +74400 +75000 2048 1011 10000
a contact +74400 +75000 2049 1006 10000
a contact +74400 +75000 2050 1008 10000
a contact +74400 +75000 2052 1003 10000
a contact +74400 +75000 2053 1009 10000
a contact +74400 +75000 2054 1007 10000
a contact +74400 +75000 2055 1009 10000
a contact +74400 +75000 2056 1012 10000
a contact +74400 +75000 2057 1011 10000
a contact +74400 +75000 2058 1007 10000
a contact +74400 +75000 2059 1008 10000
a contact +75000 +75600 1007 9002 100000
a contact +75000 +75600 1007 9008 100000
a contact +75000 +75600 1007 9001 100000
a contact +75000 +75600 2010 1010 10000
a contact +75000 +75600 2014 1010 10000
a contact +75000 +75600 2016 1002 10000
a contact +75000 +75600 2018 1010 10000
a contact +75000 +75600 2020 1004 10000
a contact +75000 +75600 2024 1005 10000
a contact +75000 +75600 2028 1001 10000
a contact +75000 +75600 2029 1009 10000
a contact +75000 +75600 2030 1002 10000
a contact +75000 +75600 2031 1009 10000
a contact +75000 +75600 2032 1009 10000
a contact +75000 +75600 2033 1004 10000
a contact +75000 +75600 2034 1012 10000
a contact +75000 +75600 2035 1005 10000
a contact +75000 +75600 2036 1004 10000
a contact +75000 +75600 2037 1006 10000
a contact +75000 +75600 2039 1006 10000
a contact +75000 +75600 2040 1003 10000
a contact +75000 +75600 2041 1002 10000
a contact +75000 +75600 2042 1001 10000
a contact +75000 +75600 2043 1012 10000
a contact +75000 +75600 2044 1001 10000
a contact +75000 +75600 2045 1006 10000
a contact +75000 +75600 2046 1008 10000
a contact +75000 +75600 2048 1011 10000
a contact +75000 +75600 2049 1005 10000
a contact +75000 +75600 2052 1003 10000
a contact +75000 +75600 2053 1003 10000
a contact +75000 +75600 2054 1011 10000
a contact +75000 +75600 2055 1012 10000
a contact +75000 +75600 2056 1008 10000
a contact +75000 +75600 2058 1011 10000
a contact +75000 +75600 2059 1008 10000
a contact +75600 +76200 1002 9001 100000
a contact +75600 +76200 1002 9004 100000
a contact +75600 +76200 1002 9002 100000
a contact +75600 +76200 1009 9003 100000
a contact +75600 +76200 1009 9007 100000
a contact +75600 +76200 1009 9005 100000
a contact +75600 +76200 2007 1007 10000
a contact +75600 +76200 2011 1007 10000
a contact +75600 +76200 2022 1010 10000
a contact +75600 +76200 2023 1006 10000
a contact +75600 +76200 2024 1005 10000
a contact +75600 +76200 2025 1004 10000
a contact +75600 +76200 2026 1004 10000
a contact +75600 +76200 2027 1004 10000
a contact +75600 +76200 2034 1003 10000
a contact +75600 +76200 2035 1005 10000
a contact +75600 +76200 2036 1006 10000
a contact +75600 +76200 2037 1008 10000
a contact +75600 +76200 2038 1010 10000
a contact +75600 +76200 2039 1012 10000
a contact +75600 +76200 2040 1006 10000
a contact +75600 +76200 2041 1001 10000
a contact +75600 +76200 2042 1001 10000
a contact +75600 +76200 2043 1012 10000
a contact +75600 +76200 2044 1008 10000
a contact +75600 +76200 2045 1007 10000
a contact +75600 +76200 2046 1001 10000
a contact +75600 +76200 2047 1008 10000
a contact +75600 +76200 2048 1011 10000
a contact +75600 +76200 2049 1005 10000
a contact +75600 +76200 2052 1003 10000
a contact +75600 +76200 2053 1003 10000
a contact +75600 +76200 2054 1011 10000
a contact +75600 +76200 2055 1012 10000
a contact +75600 +76200 2059 1011 10000
a contact +75600 +76200 2061 1010 10000
a contact +76200 +76800 1001 9007 100000
a contact +76200 +76800 1001 9005 100000
a contact +76200 +76800 1001 9003 100000
a contact +76200 +76800 1009 9001 100000
a contact +76200 +76800 2005 1002 10000
a contact +76200 +76800 2008 1007 10000
a contact +76200 +76800 2011 1007 10000
a contact +76200 +76800 2014 1009 10000
a contact +76200 +76800 2020 1002 10000
a contact +76200 +76800 2024 1005 10000
a contact +76200 +76800 2025 1004 10000
a contact +76200 +76800 2026 1004 10000
a contact +76200 +76800 2027 1004 10000
a contact +76200 +76800 2030 1006 10000
a contact +76200 +76800 2031 1012 10000
a contact +76200 +76800 2032 1011 10000
a contact +76200 +76800 2033 1010 10000
a contact +76200 +76800 2034 1009 10000
a contact +76200 +76800 2035 1005 10000
a contact +76200 +76800 2036 1006 10000
a contact +76200 +76800 2037 1012 10000
a contact +76200 +76800 2038 1010 10000
a contact +76200 +76800 2039 1003 10000
a contact +76200 +76800 2040 1006 10000
a contact +76200 +76800 2041 1003 10000
a contact +76200 +76800 2042 1008 10000
a contact +76200 +76800 2044 1008 10000
a contact +76200 +76800 2045 1007 10000
a contact +76200 +76800 2046 1003 10000
a contact +76200 +76800 2047 1002 10000
a contact +76200 +76800 2049 1005 10000
a contact +76200 +76800 2052 1008 10000
a contact +76200 +76800 2053 1011 10000
a contact +76200 +76800 2055 1012 10000
a contact +76200 +76800 2058 1010 10000
a contact +76200 +76800 2059 1011 10000
a contact +76800 +77400 1001 9005 100000
a contact +76800 +77400 1001 9001 100000
a contact +76800 +77400 1011 9003 100000
a contact +76800 +77400 1011 9007 100000
a contact +76800 +77400 2008 1007 10000
a contact +76800 +77400 2011 1007 10000
a contact +76800 +77400 2013 1009 10000
a contact +76800 +77400 2014 1009 10000
a contact +76800 +77400 2015 1002 10000
a contact +76800 +77400 2020 1002 10000
a contact +76800 +77400 2023 1006 10000
a contact +76800 +77400 2028 1010 10000
a contact +76800 +77400 2029 1005 10000
a contact +76800 +77400 2031 1012 10000
a contact +76800 +77400 2032 1003 10000
a contact +76800 +77400 2033 1010 10000
a contact +76800 +77400 2034 1009 10000
a contact +76800 +77400 2035 1006 10000
a contact +76800 +77400 2036 1006 10000
a contact +76800 +77400 2037 1012 10000
a contact +76800 +77400 2038 1001 10000
a contact +76800 +77400 2039 1004 10000
a contact +76800 +77400 2040 1004 10000
a contact +76800 +77400 2041 1008 10000
a contact +76800 +77400 2042 1008 10000
a contact +76800 +77400 2043 1010 10000
a contact +76800 +77400 2044 1004 10000
a contact +76800 +77400 2045 1007 10000
a contact +76800 +77400 2046 1003 10000
a contact +76800 +77400 2047 1002 10000
a contact +76800 +77400 2048 1005 10000
a contact +76800 +77400 2049 1003 10000
a contact +76800 +77400 2050 1005 10000
a contact +76800 +77400 2052 1008 10000
a contact +76800 +77400 2053 1011 10000
a contact +76800 +77400 2059 1012 10000
a contact +77400 +78000 1001 9006 100000
a contact +77400 +78000 1001 9002 100000
a contact +77400 +78000 1001 9004 100000
a contact +77400 +78000 1004 9003 100000
a contact +77400 +78000 1004 9008 100000
a contact +77400 +78000 1004 9007 100000
a contact +77400 +78000 2005 1006 10000
a contact +77400 +78000 2008 1007 10000
a contact +77400 +78000 2013 1009 10000
a contact +77400 +78000 2020 1002 10000
a contact +77400 +78000 2022 1011 10000
a contact +77400 +78000 2024 1002 10000
a contact +77400 +78000 2027 1010 10000
a contact +77400 +78000 2028 1010 10000
a contact +77400 +78000 2029 1005 10000
a contact +77400 +78000 2030 1007 10000
a contact +77400 +78000 2031 1012 10000
a contact +77400 +78000 2032 1012 10000
a contact +77400 +78000 2033 1010 10000
a contact +77400 +78000 2034 1012 10000
a contact +77400 +78000 2035 1006 10000
a contact +77400 +78000 2036 1008 10000
a contact +77400 +78000 2037 1008 10000
a contact +77400 +78000 2039 1003 10000
a contact +77400 +78000 2040 1008 10000
a contact +77400 +78000 2041 1009 10000
a contact +77400 +78000 2042 1009 10000
a contact +77400 +78000 2045 1003 10000
a contact +77400 +78000 2046 1003 10000
a contact +77400 +78000 2048 1005 10000
a contact +77400 +78000 2049 1006 10000
a contact +77400 +78000 2050 1005 10000
a contact +77400 +78000 2052 1011 10000
a contact +77400 +78000 2053 1011 10000
a contact +77400 +78000 2058 1007 10000
a contact +78000 +78600 1009 9002 100000
a contact +78000 +78600 1009 9008 100000
a contact +78000 +78600 1009 9003 100000
a contact +78000 +78600 1011 9001 100000
a contact +78000 +78600 1011 9005 100000
a contact +78000 +78600 1011 9007 100000
a contact +78000 +78600 2005 1006 10000
a contact +78000 +78600 2008 1007 10000
a contact +78000 +78600 2011 1004 10000
a contact +78000 +78600 2013 1004 10000
a contact +77400 +78600 2015 1002 10000
a contact +78000 +78600 2016 1001 10000
a contact +78000 +78600 2018 1003 10000
a contact +78000 +78600 2019 1004 10000
a contact +78000 +78600 2020 1002 10000
a contact +78000 +78600 2027 1010 10000
a contact +78000 +78600 2028 1010 10000
a contact +78000 +78600 2029 1005 10000
a contact +78000 +78600 2030 1007 10000
a contact +78000 +78600 2032 1012 10000
a contact +78000 +78600 2033 1010 10000
a contact +78000 +78600 2034 1003 10000
a contact +78000 +78600 2035 1006 10000
a contact +78000 +78600 2037 1001 10000
a contact +78000 +78600 2038 1001 10000
a contact +78000 +78600 2040 1006 10000
a contact +78000 +78600 2041 1008 10000
a contact +78000 +78600 2042 1008 10000
a contact +78000 +78600 2043 1002 10000
a contact +78000 +78600 2045 1003 10000
a contact +78000 +78600 2046 1012 10000
a contact +78000 +78600 2048 1005 10000
a contact +78000 +78600 2049 1012 10000
a contact +78000 +78600 2050 1005 10000
a contact +78000 +78600 2052 1008 10000
a contact +78000 +78600 2058 1007 10000
a contact +78600 +79200 2005 1006 10000
a contact +78600 +79200 2008 1007 10000
a contact +78600 +79200 2009 1011 10000
a contact +78600 +79200 2010 1011 10000
a contact +78600 +79200 2011 1004 10000
a contact +78600 +79200 2013 1004 10000
a contact +78600 +79200 2014 1011 10000
a contact +78600 +79200 2015 1002 10000
a contact +78600 +79200 2016 1001 10000
a contact +78600 +79200 2019 1004 10000
a contact +78600 +79200 2020 1002 10000
a contact +78600 +79200 2022 1009 10000
a contact +78600 +79200 2023 1009 10000
a contact +78600 +79200 2024 1010 10000
a contact +78600 +79200 2025 1008 10000
a contact +78600 +79200 2026 1012 10000
a contact +78600 +79200 2027 1012 10000
a contact +78600 +79200 2028 1006 10000
a contact +78600 +79200 2029 1005 10000
a contact +78600 +79200 2030 1007 10000
a contact +78600 +79200 2031 1010 10000
a contact +78600 +79200 2032 1012 10000
a contact +78600 +79200 2033 1008 10000
a contact +78600 +79200 2034 1009 10000
a contact +78600 +79200 2035 1003 10000
a contact +78600 +79200 2036 1010 10000
a contact +78600 +79200 2037 1001 10000
a contact +78600 +79200 2038 1001 10000
a contact +78600 +79200 2040 1008 10000
a contact +78600 +79200 2041 1003 10000
a contact +78600 +79200 2043 1002 10000
a contact +78600 +79200 2045 1003 10000
a contact +78600 +79200 2048 1005 10000
a contact +78600 +79200 2049 1006 10000
a contact +78600 +79200 2050 1005 10000
a contact +78600 +79200 2058 1007 10000
a contact +79200 +79800 1006 9001 100000
a contact +79200 +79800 2002 1002 10000
a contact +79200 +79800 2006 1011 10000
a contact +79200 +79800 2007 1001 10000
a contact +79200 +79800 2008 1012 10000
a contact +79200 +79800 2012 1002 10000
a contact +79200 +79800 2013 1004 10000
a contact +79200 +79800 2014 1011 10000
a contact +79200 +79800 2017 1001 10000
a contact +79200 +79800 2018 1005 10000
a contact +79200 +79800 2019 1004 10000
a contact +79200 +79800 2021 1005 10000
a contact +79200 +79800 2022 1009 10000
a contact +79200 +79800 2023 1009 10000
a contact +79200 +79800 2029 1012 10000
a contact +79200 +79800 2030 1012 10000
a contact +79200 +79800 2031 1010 10000
a contact +79200 +79800 2032 1003 10000
a contact +79200 +79800 2033 1003 10000
a contact +79200 +79800 2034 1003 10000
a contact +79200 +79800 2035 1010 10000
a contact +79200 +79800 2036 1008 10000
a contact +79200 +79800 2037 1001 10000
a contact +79200 +79800 2038 1010 10000
a contact +79200 +79800 2039 1005 10000
a contact +79200 +79800 2040 1008 10000
a contact +79200 +79800 2041 1008 10000
a contact +79200 +79800 2042 1007 10000
a contact +79200 +79800 2044 1004 10000
a contact +79200 +79800 2045 1002 10000
a contact +79200 +79800 2046 1007 10000
a contact +79200 +79800 2047 1007 10000
a contact +79200 +79800 2052 1009 10000
a contact +79200 +79800 2059 1011 10000
a contact +79800 +80400 1006 9003 100000
a contact +79200 +80400 1006 9007 100000
a contact +79200 +80400 1006 9005 100000
a contact +79800 +80400 2006 1011 10000
a contact +79800 +80400 2012 1002 10000
a contact +79800 +80400 2014 1011 10000
a contact +79800 +80400 2017 1001 10000
a contact +79800 +80400 2018 1005 10000
a contact +79800 +80400 2019 1008 10000
a contact +79800 +80400 2021 1005 10000
a contact +79800 +80400 2022 1010 10000
a contact +79800 +80400 2023 1009 10000
a contact +79800 +80400 2024 1001 10000
a contact +79800 +80400 2025 1004 10000
a contact +79800 +80400 2027 1009 10000
a contact +79800 +80400 2028 1004 10000
a contact +79800 +80400 2029 1003 10000
a contact +79800 +80400 2030 1012 10000
a contact +79800 +80400 2032 1003 10000
a contact +79800 +80400 2033 1012 10000
a contact +79800 +80400 2035 1010 10000
a contact +79800 +80400 2036 1008 10000
a contact +79800 +80400 2037 1008 10000
a contact +79800 +80400 2039 1005 10000
a contact +79800 +80400 2040 1003 10000
a contact +79800 +80400 2041 1010 10000
a contact +79800 +80400 2042 1012 10000
a contact +79800 +80400 2045 1002 10000
a contact +79800 +80400 2046 1007 10000
a contact +79800 +80400 2047 1007 10000
a contact +79800 +80400 2048 1007 10000
a contact +79800 +80400 2049 1011 10000
a contact +79800 +80400 2052 1009 10000
a contact +79800 +80400 2053 1001 10000
a contact +80400 +81000 2006 1011 10000
a contact +80400 +81000 2012 1002 10000
a contact +80400 +81000 2013 1006 10000
a contact +80400 +81000 2014 1011 10000
a contact +80400 +81000 2015 1006 10000
a contact +80400 +81000 2016 1006 10000
a contact +80400 +81000 2017 1001 10000
a contact +80400 +81000 2018 1005 10000
a contact +80400 +81000 2019 1008 10000
a contact +80400 +81000 2020 1008 10000
a contact +80400 +81000 2021 1005 10000
a contact +80400 +81000 2022 1010 10000
a contact +80400 +81000 2023 1009 10000
a contact +80400 +81000 2024 1001 10000
a contact +80400 +81000 2025 1004 10000
a contact +79800 +81000 2026 1004 10000
a contact +80400 +81000 2027 1009 10000
a contact +80400 +81000 2028 1004 10000
a contact +80400 +81000 2029 1010 10000
a contact +80400 +81000 2030 1012 10000
a contact +80400 +81000 2033 1008 10000
a contact +80400 +81000 2035 1003 10000
a contact +80400 +81000 2036 1010 10000
a contact +80400 +81000 2037 1003 10000
a contact +80400 +81000 2039 1005 10000
a contact +80400 +81000 2040 1012 10000
a contact +80400 +81000 2041 1003 10000
a contact +80400 +81000 2042 1012 10000
a contact +80400 +81000 2045 1002 10000
a contact +80400 +81000 2046 1007 10000
a contact +80400 +81000 2047 1007 10000
a contact +80400 +81000 2048 1007 10000
a contact +80400 +81000 2049 1011 10000
a contact +79800 +81000 2050 1002 10000
a contact +80400 +81000 2052 1009 10000
a contact +80400 +81000 2053 1001 10000
a contact +81000 +81600 1010 9005 100000
a contact +81000 +81600 1010 9001 100000
a contact +81000 +81600 1010 9007 100000
a contact +81000 +81600 2002 1007 10000
a contact +81000 +81600 2004 1006 10000
a contact +81000 +81600 2007 1007 10000
a contact +81000 +81600 2008 1001 10000
a contact +81000 +81600 2009 1007 10000
a contact +81000 +81600 2010 1011 10000
a contact +81000 +81600 2011 1002 10000
a contact +81000 +81600 2015 1006 10000
a contact +81000 +81600 2016 1006 10000
a contact +81000 +81600 2017 1011 10000
a contact +81000 +81600 2018 1003 10000
a contact +81000 +81600 2019 1001 10000
a contact +81000 +81600 2023 1008 10000
a contact +81000 +81600 2024 1001 10000
a contact +81000 +81600 2025 1008 10000
a contact +81000 +81600 2026 1003 10000
a contact +81000 +81600 2027 1009 10000
a contact +81000 +81600 2028 1004 10000
a contact +81000 +81600 2031 1009 10000
a contact +81000 +81600 2032 1009 10000
a contact +81000 +81600 2033 1008 10000
a contact +81000 +81600 2034 1004 10000
a contact +81000 +81600 2037 1003 10000
a contact +81000 +81600 2038 1004 10000
a contact +81000 +81600 2040 1012 10000
a contact +81000 +81600 2041 1012 10000
a contact +81000 +81600 2042 1012 10000
a contact +81000 +81600 2043 1005 10000
a contact +81000 +81600 2044 1005 10000
a contact +81000 +81600 2045 1005 10000
a contact +81000 +81600 2046 1002 10000
a contact +81000 +81600 2048 1002 10000
a contact +81600 +82200 2004 1006 10000
a contact +81600 +82200 2007 1008 10000
a contact +81600 +82200 2008 1001 10000
a contact +81600 +82200 2010 1011 10000
a contact +81600 +82200 2011 1002 10000
a contact +81600 +82200 2014 1004 10000
a contact +81600 +82200 2015 1006 10000
a contact +81600 +82200 2016 1006 10000
a contact +81600 +82200 2017 1011 10000
a contact +81600 +82200 2019 1001 10000
a contact +81600 +82200 2020 1010 10000
a contact +81600 +82200 2021 1010 10000
a contact +81600 +82200 2023 1008 10000
a contact +81600 +82200 2024 1001 10000
a contact +81600 +82200 2025 1003 10000
a contact +81600 +82200 2026 1007 10000
a contact +81600 +82200 2027 1009 10000
a contact +81600 +82200 2028 1004 10000
a contact +81600 +82200 2029 1012 10000
a contact +81600 +82200 2030 1005 10000
a contact +81600 +82200 2031 1009 10000
a contact +81600 +82200 2032 1009 10000
a contact +81600 +82200 2033 1003 10000
a contact +81600 +82200 2034 1007 10000
a contact +81600 +82200 2036 1010 10000
a contact +81600 +82200 2037 1003 10000
a contact +81600 +82200 2038 1004 10000
a contact +81600 +82200 2039 1007 10000
a contact +81600 +82200 2040 1012 10000
a contact +81600 +82200 2041 1012 10000
a contact +81600 +82200 2043 1005 10000
a contact +81600 +82200 2044 1005 10000
a contact +81600 +82200 2045 1008 10000
a contact +81600 +82200 2046 1002 10000
a contact +81600 +82200 2048 1002 10000
a contact +81000 +82200 2049 1011 10000
a contact +82200 +82800 2004 1006 10000
a contact +82200 +82800 2008 1001 10000
a contact +82200 +82800 2010 1011 10000
a contact +82200 +82800 2011 1008 10000
a contact +82200 +82800 2012 1012 10000
a contact +82200 +82800 2013 1008 10000
a contact +82200 +82800 2014 1004 10000
a contact +82200 +82800 2015 1006 10000
a contact +82200 +82800 2016 1006 10000
a contact +82200 +82800 2017 1011 10000
a contact +82200 +82800 2018 1003 10000
a contact +82200 +82800 2019 1001 10000
a contact +82200 +82800 2020 1010 10000
a contact +82200 +82800 2021 1010 10000
a contact +82200 +82800 2022 1007 10000
a contact +82200 +82800 2023 1005 10000
a contact +82200 +82800 2024 1001 10000
a contact +82200 +82800 2025 1007 10000
a contact +82200 +82800 2026 1003 10000
a contact +82200 +82800 2027 1009 10000
a contact +82200 +82800 2028 1004 10000
a contact +82200 +82800 2029 1012 10000
a contact +82200 +82800 2030 1005 10000
a contact +82200 +82800 2031 1009 10000
a contact +82200 +82800 2032 1009 10000
a contact +82200 +82800 2033 1003 10000
a contact +82200 +82800 2034 1007 10000
a contact +82200 +82800 2036 1010 10000
a contact +82200 +82800 2038 1004 10000
a contact +82200 +82800 2041 1012 10000
a contact +82200 +82800 2042 1002 10000
a contact +82200 +82800 2043 1005 10000
a contact +82200 +82800 2045 1008 10000
a contact +82200 +82800 2046 1002 10000
a contact +82200 +82800 2049 1011 10000
a contact +82200 +82800 2052 1002 10000
a contact +82800 +83400 1001 9008 100000
a contact +82800 +83400 1001 9003 100000
a contact +82800 +83400 1001 9002 100000
a contact +82800 +83400 2004 1006 10000
a contact +82800 +83400 2008 1012 10000
a contact +82800 +83400 2009 1008 10000
a contact +82800 +83400 2010 1011 10000
a contact +82800 +83400 2011 1008 10000
a contact +82800 +83400 2012 1012 10000
a contact +82800 +83400 2013 1002 10000
a contact +82800 +83400 2015 1006 10000
a contact +82800 +83400 2016 1006 10000
a contact +82800 +83400 2017 1011 10000
a contact +82800 +83400 2018 1007 10000
a contact +82800 +83400 2019 1007 10000
a contact +82800 +83400 2020 1010 10000
a contact +82800 +83400 2022 1007 10000
a contact +82800 +83400 2023 1003 10000
a contact +82800 +83400 2024 1003 10000
a contact +82800 +83400 2025 1003 10000
a contact +82800 +83400 2026 1012 10000
a contact +82800 +83400 2027 1009 10000
a contact +82800 +83400 2028 1004 10000
a contact +82800 +83400 2029 1002 10000
a contact +82800 +83400 2030 1005 10000
a contact +82800 +83400 2031 1009 10000
a contact +82800 +83400 2032 1009 10000
a contact +82800 +83400 2034 1005 10000
a contact +82800 +83400 2036 1010 10000
a contact +82800 +83400 2038 1004 10000
a contact +82800 +83400 2042 1002 10000
a contact +82800 +83400 2045 1005 10000
a contact +82800 +83400 2046 1008 10000
a contact +82800 +83400 2049 1011 10000
a contact +83400 +84000 2002 1006 10000
a contact +83400 +84000 2004 1006 10000
a contact +83400 +84000 2006 1001 10000
a contact +83400 +84000 2008 1012 10000
a contact +83400 +84000 2009 1007 10000
a contact +83400 +84000 2010 1011 10000
a contact +83400 +84000 2011 1008 10000
a contact +83400 +84000 2012 1005 10000
a contact +83400 +84000 2013 1008 10000
a contact +82800 +84000 2014 1004 10000
a contact +83400 +84000 2015 1006 10000
a contact +83400 +84000 2016 1007 10000
a contact +83400 +84000 2017 1011 10000
a contact +83400 +84000 2018 1002 10000
a contact +83400 +84000 2019 1012 10000
a contact +83400 +84000 2020 1010 10000
a contact +82800 +84000 2021 1010 10000
a contact +83400 +84000 2022 1005 10000
a contact +83400 +84000 2023 1012 10000
a contact +83400 +84000 2024 1003 10000
a contact +83400 +84000 2025 1003 10000
a contact +83400 +84000 2026 1003 10000
a contact +83400 +84000 2027 1009 10000
a contact +83400 +84000 2028 1004 10000
a contact +83400 +84000 2029 1002 10000
a contact +83400 +84000 2031 1009 10000
a contact +83400 +84000 2032 1007 10000
a contact +83400 +84000 2033 1001 10000
a contact +83400 +84000 2035 1001 10000
a contact +83400 +84000 2036 1010 10000
a contact +83400 +84000 2038 1004 10000
a contact +83400 +84000 2040 1002 10000
a contact +83400 +84000 2045 1008 10000
a contact +83400 +84000 2046 1005 10000
a contact +83400 +84000 2049 1011 10000
a contact +83400 +84000 2050 1009 10000
a contact +84000 +84600 1006 9006 100000
a contact +84000 +84600 1006 9004 100000
a contact +84000 +84600 1006 9002 100000
a contact +84000 +84600 2006 1001 10000
a contact +84000 +84600 2010 1011 10000
a contact +84000 +84600 2013 1008 10000
a contact +84000 +84600 2014 1005 10000
a contact +84000 +84600 2015 1012 10000
a contact +84000 +84600 2016 1007 10000
a contact +84000 +84600 2017 1011 10000
a contact +84000 +84600 2018 1012 10000
a contact +84000 +84600 2019 1003 10000
a contact +84000 +84600 2020 1010 10000
a contact +84000 +84600 2021 1010 10000
a contact +84000 +84600 2022 1007 10000
a contact +84000 +84600 2023 1003 10000
a contact +84000 +84600 2024 1003 10000
a contact +84000 +84600 2025 1012 10000
a contact +84000 +84600 2026 1008 10000
a contact +84000 +84600 2027 1009 10000
a contact +84000 +84600 2028 1008 10000
a contact +84000 +84600 2029 1002 10000
a contact +84000 +84600 2030 1004 10000
a contact +84000 +84600 2031 1005 10000
a contact +84000 +84600 2032 1007 10000
a contact +84000 +84600 2033 1001 10000
a contact +84000 +84600 2035 1001 10000
a contact +84000 +84600 2036 1010 10000
a contact +84000 +84600 2038 1005 10000
a contact +84000 +84600 2039 1002 10000
a contact +84000 +84600 2040 1002 10000
a contact +84000 +84600 2041 1009 10000
a contact +84000 +84600 2042 1004 10000
a contact +84000 +84600 2045 1004 10000
a contact +84000 +84600 2049 1011 10000
a contact +84000 +84600 2050 1009 10000
a contact +84600 +85200 1003 9003 100000
a contact +84600 +85200 1008 9007 100000
a contact +84600 +85200 1008 9001 100000
a contact +84600 +85200 1008 9005 100000
a contact +84600 +85200 1009 9008 100000
a contact +84600 +85200 1009 9002 100000
a contact +84600 +85200 1009 9004 100000
a contact +84600 +85200 2004 1010 10000
a contact +84600 +85200 2007 1007 10000
a contact +84600 +85200 2009 1010 10000
a contact +84600 +85200 2011 1001 10000
a contact +84600 +85200 2012 1001 10000
a contact +84600 +85200 2015 1003 10000
a contact +84600 +85200 2021 1007 10000
a contact +84600 +85200 2022 1005 10000
a contact +84600 +85200 2023 1012 10000
a contact +84600 +85200 2024 1006 10000
a contact +84600 +85200 2025 1012 10000
a contact +84600 +85200 2026 1012 10000
a contact +84600 +85200 2027 1006 10000
a contact +84600 +85200 2028 1002 10000
a contact +84600 +85200 2029 1004 10000
a contact +84600 +85200 2030 1003 10000
a contact +84600 +85200 2031 1005 10000
a contact +84600 +85200 2032 1007 10000
a contact +84600 +85200 2033 1001 10000
a contact +84600 +85200 2034 1006 10000
a contact +84600 +85200 2036 1005 10000
a contact +84600 +85200 2037 1010 10000
a contact +84600 +85200 2039 1002 10000
a contact +84600 +85200 2040 1004 10000
a contact +84600 +85200 2045 1004 10000
a contact +84600 +85200 2046 1011 10000
a contact +84600 +85200 2047 1011 10000
a contact +84600 +85200 2049 1002 10000
a contact +84600 +85200 2052 1011 10000
a contact +85200 +85800 1003 9001 100000
a contact +85200 +85800 1008 9005 100000
a contact +85200 +85800 1008 9003 100000
a contact +85200 +85800 1008 9007 100000
a contact +85200 +85800 2004 1010 10000
a contact +85200 +85800 2006 1009 10000
a contact +85200 +85800 2009 1010 10000
a contact +85200 +85800 2011 1001 10000
a contact +85200 +85800 2013 1009 10000
a contact +85200 +85800 2014 1003 10000
a contact +85200 +85800 2018 1012 10000
a contact +85200 +85800 2019 1005 10000
a contact +85200 +85800 2020 1009 10000
a contact +85200 +85800 2021 1007 10000
a contact +85200 +85800 2023 1012 10000
a contact +85200 +85800 2024 1006 10000
a contact +85200 +85800 2025 1002 10000
a contact +85200 +85800 2026 1007 10000
a contact +85200 +85800 2027 1006 10000
a contact +85200 +85800 2028 1005 10000
a contact +85200 +85800 2030 1003 10000
a contact +85200 +85800 2031 1007 10000
a contact +85200 +85800 2032 1004 10000
a contact +85200 +85800 2033 1012 10000
a contact +85200 +85800 2034 1006 10000
a contact +85200 +85800 2036 1005 10000
a contact +85200 +85800 2037 1010 10000
a contact +85200 +85800 2038 1002 10000
a contact +85200 +85800 2039 1004 10000
a contact +85200 +85800 2040 1002 10000
a contact +85200 +85800 2041 1001 10000
a contact +85200 +85800 2042 1001 10000
a contact +85200 +85800 2045 1004 10000
a contact +85200 +85800 2046 1011 10000
a contact +85200 +85800 2047 1011 10000
a contact +85200 +85800 2052 1011 10000
a contact +85800 +86400 1003 9006 100000
a contact +85800 +86400 1003 9002 100000
a contact +85800 +86400 1003 9008 100000
a contact +85800 +86400 2006 1012 10000
a contact +85800 +86400 2007 1008 10000
a contact +85800 +86400 2012 1009 10000
a contact +85800 +86400 2013 1005 10000
a contact +85800 +86400 2014 1005 10000
a contact +85800 +86400 2015 1008 10000
a contact +85800 +86400 2016 1009 10000
a contact +85800 +86400 2017 1008 10000
a contact +85800 +86400 2018 1012 10000
a contact +85800 +86400 2019 1010 10000
a contact +85800 +86400 2020 1009 10000
a contact +85800 +86400 2021 1007 10000
a contact +85800 +86400 2022 1001 10000
a contact +85800 +86400 2023 1010 10000
a contact +85800 +86400 2024 1006 10000
a contact +85800 +86400 2025 1002 10000
a contact +85800 +86400 2026 1005 10000
a contact +85800 +86400 2027 1006 10000
a contact +85800 +86400 2029 1001 10000
a contact +85800 +86400 2030 1004 10000
a contact +85800 +86400 2031 1007 10000
a contact +85800 +86400 2032 1011 10000
a contact +85800 +86400 2033 1012 10000
a contact +85800 +86400 2034 1006 10000
a contact +85800 +86400 2035 1010 10000
a contact +85800 +86400 2036 1007 10000
a contact +85800 +86400 2037 1004 10000
a contact +85800 +86400 2038 1002 10000
a contact +85800 +86400 2039 1002 10000
a contact +85800 +86400 2040 1004 10000
a contact +85800 +86400 2041 1001 10000
a contact +85800 +86400 2046 1011 10000
a contact +85800 +86400 2047 1011 10000

a range +0 +600 2093 1012 0
a range +0 +600 2094 1012 0
a range +0 +600 2095 1012 0
a range +0 +600 2096 1011 0
a range +0 +600 2097 1011 0
a range +0 +600 2098 1011 0
a range +0 +600 2099 1010 0
a range +0 +600 2100 1010 0
a range +0 +600 2101 1010 0
a range +0 +600 2102 1009 0
a range +0 +600 2103 1009 0
a range +0 +600 2104 1009 0
a range +0 +600 2105 1008 0
a range +0 +600 2106 1008 0
a range +0 +600 2107 1008 0
a range +0 +600 2108 1007 0
a range +0 +600 2109 1006 0
a range +0 +600 2110 1006 0
a range +0 +600 2111 1007 0
a range +0 +600 2112 1007 0
a range +0 +600 2113 1006 0
a range +0 +600 2114 1005 0
a range +0 +600 2115 1005 0
a range +0 +600 2116 1005 0
a range +0 +600 2117 1004 0
a range +0 +600 2118 1004 0
a range +0 +600 2119 1004 0
a range +0 +600 2120 1003 0
a range +0 +600 2121 1002 0
a range +0 +600 2122 1002 0
a range +0 +600 2123 1002 0
a range +0 +600 2124 1003 0
a range +0 +600 2125 1003 0
a range +0 +600 2126 1001 0
a range +0 +600 2127 1001 0
a range +0 +600 2128 1001 0
a range +600 +1200 1006 9008 0
a range +600 +1200 1008 9006 0
a range +600 +1200 1008 9004 0
a range +600 +1200 1008 9002 0
a range +600 +1200 1010 9007 0
a range +600 +1200 1012 9005 0
a range +600 +1200 1012 9003 0
a range +600 +1200 1012 9001 0
a range +600 +1200 2004 1003 0
a range +600 +1200 2102 1011 0
a range +600 +1200 2103 1011 0
a range +600 +1200 2104 1011 0
a range +600 +1200 2105 1010 0
a range +600 +1200 2106 1009 0
a range +600 +1200 2107 1009 0
a range +600 +1200 2108 1009 0
a range +600 +1200 2109 1010 0
a range +600 +1200 2110 1007 0
a range +600 +1200 2111 1007 0
a range +600 +1200 2112 1007 0
a range +600 +1200 2113 1006 0
a range +600 +1200 2114 1005 0
a range +600 +1200 2115 1005 0
a range +600 +1200 2116 1006 0
a range +600 +1200 2117 1005 0
a range +600 +1200 2118 1004 0
a range +600 +1200 2119 1004 0
a range +600 +1200 2120 1004 0
a range +600 +1200 2121 1003 0
a range +600 +1200 2122 1003 0
a range +600 +1200 2123 1002 0
a range +600 +1200 2124 1002 0
a range +600 +1200 2125 1001 0
a range +600 +1200 2126 1002 0
a range +600 +1200 2127 1001 0
a range +600 +1200 2128 1001 0
a range +1200 +1800 1003 9001 0
a range +1200 +1800 1003 9005 0
a range +1200 +1800 1003 9004 0
a range +1200 +1800 1005 9003 0
a range +1200 +1800 1005 9002 0
a range +1200 +1800 1005 9008 0
a range +1200 +1800 2001 1001 0
a range +1200 +1800 2002 1010 0
a range +1200 +1800 2022 1008 0
a range +1200 +1800 2051 1012 0
a range +1200 +1800 2057 1008 0
a range +1200 +1800 2058 1012 0
a range +1200 +1800 2073 1008 0
a range +1200 +1800 2101 1006 0
a range +1200 +1800 2105 1010 0
a range +1200 +1800 2108 1009 0
a range +1200 +1800 2109 1010 0
a range +1200 +1800 2110 1011 0
a range +1200 +1800 2111 1011 0
a range +1200 +1800 2112 1011 0
a range +1200 +1800 2113 1006 0
a range +1200 +1800 2114 1009 0
a range +1200 +1800 2115 1009 0
a range +1200 +1800 2116 1006 0
a range +1200 +1800 2117 1004 0
a range +1200 +1800 2118 1004 0
a range +1200 +1800 2119 1004 0
a range +1200 +1800 2120 1007 0
a range +1200 +1800 2121 1007 0
a range +1200 +1800 2122 1007 0
a range +1200 +1800 2123 1012 0
a range +1200 +1800 2124 1002 0
a range +1200 +1800 2125 1002 0
a range +1200 +1800 2126 1001 0
a range +1200 +1800 2127 1002 0
a range +1200 +1800 2128 1001 0
a range +1800 +2400 2001 1001 0
a range +1800 +2400 2002 1010 0
a range +1800 +2400 2009 1005 0
a range +1800 +2400 2022 1008 0
a range +1800 +2400 2050 1003 0
a range +1800 +2400 2051 1012 0
a range +1800 +2400 2054 1003 0
a range +1800 +2400 2057 1008 0
a range +1800 +2400 2058 1012 0
a range +1800 +2400 2069 1005 0
a range +1800 +2400 2073 1008 0
a range +1800 +2400 2096 1005 0
a range +1800 +2400 2101 1006 0
a range +1800 +2400 2105 1010 0
a range +1800 +2400 2106 1003 0
a range +1800 +2400 2108 1009 0
a range +1800 +2400 2109 1010 0
a range +1800 +2400 2110 1011 0
a range +1800 +2400 2111 1011 0
a range +1800 +2400 2112 1009 0
a range +1800 +2400 2113 1006 0
a range +1800 +2400 2114 1004 0
a range +1800 +2400 2115 1004 0
a range +1800 +2400 2116 1006 0
a range +1800 +2400 2117 1011 0
a range +1800 +2400 2118 1009 0
a range +1800 +2400 2119 1007 0
a range +1800 +2400 2120 1007 0
a range +1800 +2400 2121 1002 0
a range +1800 +2400 2122 1007 0
a range +1800 +2400 2123 1012 0
a range +1800 +2400 2124 1004 0
a range +1800 +2400 2125 1002 0
a range +1800 +2400 2126 1001 0
a range +1800 +2400 2127 1001 0
a range +1800 +2400 2128 1002 0
a range +2400 +3000 2001 1001 0
a range +2400 +3000 2009 1005 0
a range +2400 +3000 2050 1003 0
a range +2400 +3000 2051 1012 0
a range +2400 +3000 2054 1003 0
a range +2400 +3000 2057 1008 0
a range +2400 +3000 2058 1012 0
a range +2400 +3000 2069 1005 0
a range +2400 +3000 2073 1008 0
a range +2400 +3000 2096 1005 0
a range +2400 +3000 2104 1011 0
a range +2400 +3000 2105 1011 0
a range +2400 +3000 2106 1003 0
a range +2400 +3000 2107 1010 0
a range +2400 +3000 2108 1010 0
a range +2400 +3000 2109 1009 0
a range +2400 +3000 2110 1010 0
a range +2400 +3000 2111 1011 0
a range +2400 +3000 2112 1007 0
a range +2400 +3000 2113 1007 0
a range +2400 +3000 2114 1007 0
a range +2400 +3000 2115 1004 0
a range +2400 +3000 2116 1004 0
a range +2400 +3000 2117 1009 0
a range +2400 +3000 2118 1009 0
a range +2400 +3000 2119 1006 0
a range +2400 +3000 2120 1006 0
a range +2400 +3000 2121 1006 0
a range +2400 +3000 2122 1002 0
a range +2400 +3000 2123 1012 0
a range +2400 +3000 2124 1001 0
a range +2400 +3000 2125 1001 0
a range +2400 +3000 2126 1004 0
a range +2400 +3000 2127 1002 0
a range +2400 +3000 2128 1002 0
a range +3000 +3600 2001 1002 0
a range +3000 +3600 2009 1005 0
a range +2400 +3600 2022 1008 0
a range +3000 +3600 2050 1003 0
a range +3000 +3600 2051 1012 0
a range +3000 +3600 2054 1003 0
a range +3000 +3600 2057 1008 0
a range +3000 +3600 2058 1012 0
a range +3000 +3600 2069 1005 0
a range +3000 +3600 2073 1008 0
a range +3000 +3600 2096 1005 0
a range +3000 +3600 2104 1011 0
a range +3000 +3600 2105 1011 0
a range +3000 +3600 2106 1003 0
a range +3000 +3600 2107 1010 0
a range +3000 +3600 2108 1010 0
a range +3000 +3600 2109 1011 0
a range +3000 +3600 2110 1010 0
a range +3000 +3600 2111 1007 0
a range +3000 +3600 2112 1009 0
a range +3000 +3600 2113 1007 0
a range +3000 +3600 2114 1007 0
a range +3000 +3600 2115 1009 0
a range +3000 +3600 2116 1004 0
a range +3000 +3600 2117 1009 0
a range +3000 +3600 2118 1006 0
a range +3000 +3600 2119 1006 0
a range +3000 +3600 2120 1006 0
a range +3000 +3600 2121 1004 0
a range +3000 +3600 2122 1001 0
a range +3000 +3600 2123 1012 0
a range +3000 +3600 2124 1001 0
a range +3000 +3600 2125 1001 0
a range +3000 +3600 2126 1004 0
a range +3000 +3600 2127 1002 0
a range +3000 +3600 2128 1002 0
a range +3600 +4200 1002 9007 0
a range +3600 +4200 1002 9003 0
a range +3600 +4200 1002 9001 0
a range +3600 +4200 2001 1004 0
a range +3600 +4200 2003 1003 0
a range +3600 +4200 2092 1012 0
a range +3600 +4200 2093 1012 0
a range +3600 +4200 2094 1012 0
a range +3600 +4200 2095 1008 0
a range +3600 +4200 2097 1008 0
a range +3600 +4200 2098 1008 0
a range +3600 +4200 2099 1005 0
a range +3600 +4200 2100 1005 0
a range +3600 +4200 2101 1005 0
a range +3600 +4200 2102 1003 0
a range +3600 +4200 2103 1003 0
a range +3600 +4200 2109 1011 0
a range +3600 +4200 2110 1011 0
a range +3600 +4200 2111 1010 0
a range +3600 +4200 2112 1011 0
a range +3600 +4200 2113 1010 0
a range +3600 +4200 2114 1010 0
a range +3600 +4200 2115 1009 0
a range +3600 +4200 2116 1009 0
a range +3600 +4200 2117 1009 0
a range +3600 +4200 2118 1007 0
a range +3600 +4200 2119 1007 0
a range +3600 +4200 2120 1007 0
a range +3600 +4200 2121 1006 0
a range +3600 +4200 2122 1001 0
a range +3600 +4200 2123 1001 0
a range +3600 +4200 2124 1001 0
a range +3600 +4200 2125 1006 0
a range +3600 +4200 2126 1006 0
a range +3600 +4200 2127 1004 0
a range +3600 +4200 2128 1004 0
a range +4200 +4800 2001 1004 0
a range +4200 +4800 2003 1003 0
a range +4200 +4800 2022 1002 0
a range +4200 +4800 2033 1002 0
a range +4200 +4800 2092 1012 0
a range +4200 +4800 2093 1012 0
a range +4200 +4800 2095 1008 0
a range +4200 +4800 2097 1008 0
a range +4200 +4800 2098 1008 0
a range +4200 +4800 2099 1005 0
a range +4200 +4800 2100 1005 0
a range +4200 +4800 2101 1005 0
a range +4200 +4800 2102 1003 0
a range +4200 +4800 2103 1003 0
a range +4200 +4800 2108 1010 0
a range +4200 +4800 2109 1007 0
a range +4200 +4800 2110 1010 0
a range +4200 +4800 2111 1010 0
a range +4200 +4800 2112 1011 0
a range +4200 +4800 2113 1009 0
a range +4200 +4800 2114 1009 0
a range +4200 +4800 2115 1011 0
a range +4200 +4800 2116 1009 0
a range +4200 +4800 2117 1007 0
a range +4200 +4800 2118 1002 0
a range +4200 +4800 2119 1007 0
a range +4200 +4800 2120 1011 0
a range +4200 +4800 2121 1001 0
a range +4200 +4800 2122 1001 0
a range +4200 +4800 2123 1001 0
a range +4200 +4800 2124 1006 0
a range +4200 +4800 2125 1006 0
a range +4200 +4800 2126 1004 0
a range +4200 +4800 2127 1006 0
a range +4200 +4800 2128 1004 0
a range +4800 +5400 2001 1004 0
a range +4800 +5400 2003 1003 0
a range +4800 +5400 2022 1002 0
a range +4800 +5400 2033 1002 0
a range +4800 +5400 2092 1012 0
a range +4800 +5400 2093 1012 0
a range +4200 +5400 2094 1012 0
a range +4800 +5400 2095 1008 0
a range +4800 +5400 2097 1008 0
a range +4800 +5400 2098 1008 0
a range +4800 +5400 2099 1005 0
a range +4800 +5400 2100 1005 0
a range +4800 +5400 2101 1005 0
a range +4800 +5400 2102 1003 0
a range +4800 +5400 2103 1003 0
a range +4800 +5400 2108 1011 0
a range +4800 +5400 2109 1011 0
a range +4800 +5400 2110 1009 0
a range +4800 +5400 2111 1010 0
a range +4800 +5400 2112 1010 0
a range +4800 +5400 2113 1009 0
a range +4800 +5400 2114 1010 0
a range +4800 +5400 2115 1011 0
a range +4800 +5400 2116 1007 0
a range +4800 +5400 2117 1007 0
a range +4800 +5400 2118 1002 0
a range +4800 +5400 2119 1009 0
a range +4800 +5400 2120 1001 0
a range +4800 +5400 2121 1001 0
a range +4800 +5400 2122 1007 0
a range +4800 +5400 2123 1001 0
a range +4800 +5400 2124 1006 0
a range +4800 +5400 2125 1004 0
a range +4800 +5400 2126 1006 0
a range +4800 +5400 2127 1004 0
a range +4800 +5400 2128 1006 0
a range +5400 +6000 2001 1006 0
a range +5400 +6000 2003 1003 0
a range +5400 +6000 2033 1002 0
a range +5400 +6000 2092 1012 0
a range +5400 +6000 2093 1012 0
a range +5400 +6000 2094 1012 0
a range +5400 +6000 2095 1008 0
a range +5400 +6000 2097 1008 0
a range +5400 +6000 2098 1008 0
a range +5400 +6000 2099 1005 0
a range +5400 +6000 2100 1005 0
a range +5400 +6000 2101 1005 0
a range +5400 +6000 2102 1003 0
a range +5400 +6000 2103 1003 0
a range +5400 +6000 2108 1011 0
a range +5400 +6000 2109 1009 0
a range +5400 +6000 2110 1006 0
a range +5400 +6000 2111 1009 0
a range +5400 +6000 2112 1010 0
a range +5400 +6000 2113 1010 0
a range +5400 +6000 2114 1011 0
a range +5400 +6000 2115 1001 0
a range +5400 +6000 2116 1007 0
a range +5400 +6000 2117 1007 0
a range +5400 +6000 2118 1002 0
a range +5400 +6000 2119 1010 0
a range +5400 +6000 2120 1001 0
a range +5400 +6000 2121 1001 0
a range +5400 +6000 2122 1009 0
a range +5400 +6000 2123 1006 0
a range +5400 +6000 2124 1007 0
a range +5400 +6000 2125 1004 0
a range +5400 +6000 2126 1011 0
a range +5400 +6000 2127 1004 0
a range +5400 +6000 2128 1004 0
a range +6000 +6600 2001 1006 0
a range +6000 +6600 2003 1003 0
a range +5400 +6600 2022 1002 0
a range +6000 +6600 2033 1002 0
a range +6000 +6600 2092 1012 0
a range +6000 +6600 2093 1012 0
a range +6000 +6600 2094 1012 0
a range +6000 +6600 2095 1008 0
a range +6000 +6600 2097 1008 0
a range +6000 +6600 2098 1008 0
a range +6000 +6600 2099 1005 0
a range +6000 +6600 2100 1005 0
a range +6000 +6600 2101 1005 0
a range +6000 +6600 2102 1003 0
a range +6000 +6600 2103 1003 0
a range +6000 +6600 2108 1011 0
a range +6000 +6600 2109 1009 0
a range +6000 +6600 2110 1007 0
a range +6000 +6600 2111 1009 0
a range +6000 +6600 2112 1010 0
a range +6000 +6600 2113 1011 0
a range +6000 +6600 2114 1001 0
a range +6000 +6600 2115 1001 0
a range +6000 +6600 2116 1009 0
a range +6000 +6600 2117 1010 0
a range +6000 +6600 2118 1002 0
a range +6000 +6600 2119 1010 0
a range +6000 +6600 2120 1001 0
a range +6000 +6600 2121 1007 0
a range +6000 +6600 2122 1006 0
a range +6000 +6600 2123 1004 0
a range +6000 +6600 2124 1004 0
a range +6000 +6600 2125 1004 0
a range +6000 +6600 2126 1007 0
a range +6000 +6600 2127 1011 0
a range +6000 +6600 2128 1006 0
a range +6600 +7200 1004 9005 0
a range +6600 +7200 1004 9003 0
a range +6600 +7200 1004 9007 0
a range +6600 +7200 1007 9006 0
a range +6600 +7200 1007 9004 0
a range +6600 +7200 1007 9002 0
a range +6600 +7200 1012 9001 0
a range +6600 +7200 1012 9008 0
a range +6600 +7200 2001 1011 0
a range +6600 +7200 2002 1002 0
a range +6600 +7200 2091 1003 0
a range +6600 +7200 2096 1003 0
a range +6600 +7200 2104 1002 0
a range +6600 +7200 2105 1002 0
a range +6600 +7200 2107 1003 0
a range +6600 +7200 2108 1012 0
a range +6600 +7200 2109 1008 0
a range +6600 +7200 2110 1009 0
a range +6600 +7200 2111 1009 0
a range +6600 +7200 2112 1006 0
a range +6600 +7200 2113 1001 0
a range +6600 +7200 2114 1001 0
a range +6600 +7200 2115 1010 0
a range +6600 +7200 2116 1010 0
a range +6600 +7200 2117 1010 0
a range +6600 +7200 2118 1011 0
a range +6600 +7200 2119 1001 0
a range +6600 +7200 2120 1008 0
a range +6600 +7200 2121 1009 0
a range +6600 +7200 2122 1006 0
a range +6600 +7200 2123 1011 0
a range +6600 +7200 2124 1008 0
a range +6600 +7200 2125 1006 0
a range +6600 +7200 2126 1005 0
a range +6600 +7200 2127 1005 0
a range +6600 +7200 2128 1005 0
a range +7200 +7800 1005 9002 0
a range +7200 +7800 1005 9003 0
a range +7200 +7800 1005 9001 0
a range +7200 +7800 2001 1003 0
a range +7200 +7800 2003 1002 0
a range +7200 +7800 2016 1012 0
a range +7200 +7800 2023 1004 0
a range +7200 +7800 2039 1004 0
a range +7200 +7800 2056 1007 0
a range +7200 +7800 2057 1007 0
a range +7200 +7800 2061 1004 0
a range +7200 +7800 2083 1007 0
a range +7200 +7800 2105 1009 0
a range +7200 +7800 2106 1012 0
a range +7200 +7800 2107 1011 0
a range +7200 +7800 2108 1012 0
a range +7200 +7800 2109 1008 0
a range +7200 +7800 2110 1009 0
a range +7200 +7800 2111 1008 0
a range +7200 +7800 2112 1009 0
a range +7200 +7800 2113 1001 0
a range +7200 +7800 2114 1001 0
a range +7200 +7800 2115 1010 0
a range +7200 +7800 2116 1010 0
a range +7200 +7800 2117 1011 0
a range +7200 +7800 2118 1011 0
a range +7200 +7800 2119 1001 0
a range +7200 +7800 2120 1010 0
a range +7200 +7800 2121 1006 0
a range +7200 +7800 2122 1008 0
a range +7200 +7800 2123 1006 0
a range +7200 +7800 2124 1006 0
a range +7200 +7800 2125 1002 0
a range +7200 +7800 2126 1002 0
a range +7200 +7800 2127 1003 0
a range +7200 +7800 2128 1003 0
a range +7800 +8400 1002 9008 0
a range +7800 +8400 1002 9004 0
a range +7800 +8400 1002 9002 0
a range +7800 +8400 1004 9001 0
a range +7800 +8400 1011 9005 0
a range +7800 +8400 1011 9003 0
a range +7800 +8400 1011 9007 0
a range +7800 +8400 2001 1007 0
a range +7800 +8400 2002 1004 0
a range +7800 +8400 2003 1005 0
a range +7800 +8400 2016 1012 0
a range +7800 +8400 2047 1005 0
a range +7800 +8400 2091 1005 0
a range +7800 +8400 2106 1012 0
a range +7800 +8400 2107 1010 0
a range +7800 +8400 2108 1012 0
a range +7800 +8400 2109 1008 0
a range +7800 +8400 2110 1008 0
a range +7800 +8400 2111 1006 0
a range +7800 +8400 2112 1001 0
a range +7800 +8400 2113 1009 0
a range +7800 +8400 2114 1006 0
a range +7800 +8400 2115 1010 0
a range +7800 +8400 2116 1010 0
a range +7800 +8400 2117 1008 0
a range +7800 +8400 2118 1001 0
a range +7800 +8400 2119 1001 0
a range +7800 +8400 2120 1006 0
a range +7800 +8400 2121 1009 0
a range +7800 +8400 2122 1004 0
a range +7800 +8400 2123 1007 0
a range +7800 +8400 2124 1007 0
a range +7800 +8400 2125 1009 0
a range +7800 +8400 2126 1003 0
a range +7800 +8400 2127 1003 0
a range +7800 +8400 2128 1003 0
a range +8400 +9000 1007 9002 0
a range +8400 +9000 1007 9006 0
a range +8400 +9000 1007 9004 0
a range +8400 +9000 1011 9003 0
a range +8400 +9000 1011 9005 0
a range +8400 +9000 1011 9001 0
a range +8400 +9000 2001 1003 0
a range +8400 +9000 2002 1004 0
a range +8400 +9000 2003 1005 0
a range +8400 +9000 2004 1004 0
a range +8400 +9000 2016 1012 0
a range +8400 +9000 2047 1005 0
a range +8400 +9000 2051 1002 0
a range +8400 +9000 2083 1002 0
a range +8400 +9000 2088 1002 0
a range +8400 +9000 2091 1005 0
a range +8400 +9000 2106 1012 0
a range +8400 +9000 2108 1012 0
a range +8400 +9000 2111 1003 0
a range +8400 +9000 2112 1001 0
a range +8400 +9000 2113 1001 0
a range +8400 +9000 2114 1010 0
a range +8400 +9000 2115 1008 0
a range +8400 +9000 2116 1008 0
a range +8400 +9000 2117 1010 0
a range +8400 +9000 2118 1001 0
a range +8400 +9000 2119 1009 0
a range +8400 +9000 2120 1009 0
a range +8400 +9000 2121 1010 0
a range +8400 +9000 2122 1004 0
a range +8400 +9000 2123 1006 0
a range +8400 +9000 2124 1009 0
a range +8400 +9000 2125 1008 0
a range +8400 +9000 2126 1006 0
a range +8400 +9000 2127 1003 0
a range +8400 +9000 2128 1006 0
a range +9000 +9600 2001 1003 0
a range +9000 +9600 2002 1004 0
a range +9000 +9600 2003 1005 0
a range +9000 +9600 2004 1004 0
a range +9000 +9600 2005 1012 0
a range +9000 +9600 2016 1012 0
a range +9000 +9600 2035 1011 0
a range +9000 +9600 2036 1011 0
a range +9000 +9600 2040 1011 0
a range +9000 +9600 2041 1007 0
a range +9000 +9600 2047 1005 0
a range +9000 +9600 2051 1002 0
a range +9000 +9600 2072 1007 0
a range +9000 +9600 2083 1002 0
a range +9000 +9600 2088 1002 0
a range +9000 +9600 2091 1005 0
a range +9000 +9600 2104 1007 0
a range +9000 +9600 2106 1012 0
a range +9000 +9600 2111 1001 0
a range +9000 +9600 2112 1006 0
a range +9000 +9600 2113 1010 0
a range +9000 +9600 2114 1009 0
a range +9000 +9600 2115 1008 0
a range +9000 +9600 2116 1008 0
a range +9000 +9600 2117 1001 0
a range +9000 +9600 2118 1001 0
a range +9000 +9600 2119 1006 0
a range +9000 +9600 2120 1009 0
a range +9000 +9600 2121 1009 0
a range +9000 +9600 2122 1004 0
a range +9000 +9600 2123 1010 0
a range +9000 +9600 2124 1010 0
a range +9000 +9600 2125 1003 0
a range +9000 +9600 2126 1003 0
a range +9000 +9600 2127 1006 0
a range +9000 +9600 2128 1008 0
a range +9600 +10200 2001 1010 0
a range +9600 +10200 2002 1004 0
a range +9600 +10200 2003 1005 0
a range +9600 +10200 2004 1004 0
a range +9600 +10200 2005 1012 0
a range +9600 +10200 2016 1012 0
a range +9600 +10200 2035 1011 0
a range +9600 +10200 2036 1011 0
a range +9600 +10200 2040 1011 0
a range +9600 +10200 2041 1007 0
a range +9600 +10200 2047 1005 0
a range +9600 +10200 2051 1002 0
a range +9600 +10200 2072 1007 0
a range +9600 +10200 2083 1002 0
a range +9600 +10200 2088 1002 0
a range +9600 +10200 2091 1005 0
a range +9600 +10200 2104 1007 0
a range +9600 +10200 2106 1012 0
a range +9600 +10200 2110 1001 0
a range +9600 +10200 2111 1006 0
a range +9600 +10200 2112 1001 0
a range +9600 +10200 2114 1008 0
a range +9600 +10200 2115 1008 0
a range +9600 +10200 2116 1003 0
a range +9600 +10200 2117 1001 0
a range +9600 +10200 2118 1006 0
a range +9600 +10200 2119 1010 0
a range +9600 +10200 2120 1009 0
a range +9600 +10200 2121 1010 0
a range +9600 +10200 2122 1004 0
a range +9600 +10200 2123 1009 0
a range +9600 +10200 2124 1003 0
a range +9600 +10200 2125 1008 0
a range +9600 +10200 2126 1003 0
a range +9600 +10200 2127 1006 0
a range +9600 +10200 2128 1009 0
a range +10200 +10800 1004 9003 0
a range +10200 +10800 1004 9001 0
a range +10200 +10800 1004 9002 0
a range +10200 +10800 2001 1008 0
a range +10200 +10800 2003 1005 0
a range +10200 +10800 2005 1012 0
a range +10200 +10800 2006 1001 0
a range +10200 +10800 2016 1012 0
a range +10200 +10800 2035 1011 0
a range +10200 +10800 2041 1007 0
a range +10200 +10800 2047 1005 0
a range +10200 +10800 2083 1002 0
a range +10200 +10800 2088 1002 0
a range +10200 +10800 2091 1005 0
a range +10200 +10800 2104 1007 0
a range +10200 +10800 2106 1012 0
a range +10200 +10800 2107 1011 0
a range +10200 +10800 2112 1008 0
a range +10200 +10800 2113 1002 0
a range +10200 +10800 2114 1008 0
a range +10200 +10800 2115 1006 0
a range +10200 +10800 2116 1001 0
a range +10200 +10800 2117 1001 0
a range +10200 +10800 2118 1006 0
a range +10200 +10800 2119 1009 0
a range +10200 +10800 2120 1010 0
a range +10200 +10800 2121 1003 0
a range +10200 +10800 2122 1006 0
a range +10200 +10800 2123 1003 0
a range +10200 +10800 2124 1009 0
a range +10200 +10800 2125 1009 0
a range +10200 +10800 2126 1010 0
a range +10200 +10800 2127 1010 0
a range +10200 +10800 2128 1003 0
a range +10800 +11400 2001 1010 0
a range +10800 +11400 2002 1006 0
a range +10800 +11400 2003 1005 0
a range +10200 +11400 2040 1011 0
a range +10800 +11400 2041 1007 0
a range +10800 +11400 2047 1005 0
a range +10800 +11400 2060 1004 0
a range +10200 +11400 2072 1007 0
a range +10800 +11400 2083 1002 0
a range +10800 +11400 2088 1002 0
a range +10800 +11400 2091 1005 0
a range +10800 +11400 2092 1004 0
a range +10800 +11400 2093 1004 0
a range +10800 +11400 2102 1011 0
a range +10800 +11400 2104 1007 0
a range +10800 +11400 2107 1011 0
a range +10800 +11400 2109 1001 0
a range +10800 +11400 2110 1008 0
a range +10800 +11400 2111 1001 0
a range +10800 +11400 2112 1012 0
a range +10800 +11400 2113 1002 0
a range +10800 +11400 2114 1003 0
a range +10800 +11400 2115 1006 0
a range +10800 +11400 2116 1001 0
a range +10800 +11400 2117 1006 0
a range +10800 +11400 2118 1009 0
a range +10800 +11400 2119 1008 0
a range +10800 +11400 2120 1012 0
a range +10800 +11400 2121 1010 0
a range +10800 +11400 2122 1003 0
a range +10800 +11400 2123 1003 0
a range +10800 +11400 2124 1009 0
a range +10800 +11400 2125 1009 0
a range +10800 +11400 2126 1008 0
a range +10800 +11400 2127 1010 0
a range +10800 +11400 2128 1012 0
a range +11400 +12000 1001 9007 0
a range +11400 +12000 1001 9003 0
a range +11400 +12000 1001 9001 0
a range +11400 +12000 2001 1008 0
a range +11400 +12000 2004 1002 0
a range +11400 +12000 2060 1004 0
a range +11400 +12000 2092 1004 0
a range +11400 +12000 2093 1004 0
a range +11400 +12000 2096 1011 0
a range +11400 +12000 2097 1011 0
a range +11400 +12000 2098 1011 0
a range +11400 +12000 2099 1007 0
a range +11400 +12000 2100 1007 0
a range +11400 +12000 2101 1007 0
a range +11400 +12000 2103 1005 0
a range +11400 +12000 2105 1005 0
a range +11400 +12000 2106 1005 0
a range +11400 +12000 2108 1002 0
a range +11400 +12000 2111 1012 0
a range +11400 +12000 2112 1006 0
a range +11400 +12000 2113 1002 0
a range +11400 +12000 2114 1006 0
a range +11400 +12000 2115 1003 0
a range +11400 +12000 2116 1012 0
a range +11400 +12000 2117 1006 0
a range +11400 +12000 2118 1010 0
a range +11400 +12000 2119 1012 0
a range +11400 +12000 2120 1003 0
a range +11400 +12000 2121 1003 0
a range +11400 +12000 2122 1009 0
a range +11400 +12000 2123 1009 0
a range +11400 +12000 2124 1010 0
a range +11400 +12000 2125 1010 0
a range +11400 +12000 2126 1009 0
a range +11400 +12000 2127 1008 0
a range +11400 +12000 2128 1008 0
a range +12000 +12600 1001 9003 0
a range +12000 +12600 1001 9001 0
a range +12000 +12600 1001 9007 0
a range +12000 +12600 2001 1010 0
a range +12000 +12600 2003 1002 0
a range +12000 +12600 2004 1002 0
a range +12000 +12600 2099 1007 0
a range +12000 +12600 2100 1007 0
a range +12000 +12600 2101 1007 0
a range +12000 +12600 2103 1005 0
a range +12000 +12600 2105 1005 0
a range +12000 +12600 2106 1005 0
a range +12000 +12600 2108 1002 0
a range +12000 +12600 2111 1006 0
a range +12000 +12600 2113 1012 0
a range +12000 +12600 2114 1006 0
a range +12000 +12600 2115 1006 0
a range +12000 +12600 2116 1012 0
a range +12000 +12600 2117 1008 0
a range +12000 +12600 2118 1010 0
a range +12000 +12600 2119 1003 0
a range +12000 +12600 2120 1003 0
a range +12000 +12600 2121 1012 0
a range +12000 +12600 2122 1009 0
a range +12000 +12600 2123 1008 0
a range +12000 +12600 2124 1003 0
a range +12000 +12600 2125 1010 0
a range +12000 +12600 2126 1009 0
a range +12000 +12600 2127 1009 0
a range +12000 +12600 2128 1008 0
a range +12600 +13200 2001 1009 0
a range +12600 +13200 2003 1002 0
a range +12600 +13200 2014 1001 0
a range +12600 +13200 2015 1001 0
a range +12000 +13200 2060 1004 0
a range +12600 +13200 2074 1001 0
a range +12000 +13200 2092 1004 0
a range +12000 +13200 2093 1004 0
a range +12000 +13200 2096 1011 0
a range +12000 +13200 2097 1011 0
a range +12000 +13200 2098 1011 0
a range +12600 +13200 2099 1007 0
a range +12600 +13200 2100 1007 0
a range +12600 +13200 2101 1007 0
a range +12600 +13200 2108 1002 0
a range +12600 +13200 2109 1006 0
a range +12600 +13200 2110 1006 0
a range +12600 +13200 2114 1012 0
a range +12600 +13200 2115 1012 0
a range +12600 +13200 2116 1012 0
a range +12600 +13200 2117 1006 0
a range +12600 +13200 2118 1003 0
a range +12600 +13200 2119 1003 0
a range +12600 +13200 2120 1008 0
a range +12600 +13200 2121 1008 0
a range +12600 +13200 2122 1010 0
a range +12600 +13200 2123 1003 0
a range +12600 +13200 2124 1010 0
a range +12600 +13200 2125 1010 0
a range +12600 +13200 2126 1009 0
a range +12600 +13200 2127 1008 0
a range +12600 +13200 2128 1009 0
a range +13200 +13800 2001 1006 0
a range +13200 +13800 2003 1002 0
a range +12600 +13800 2004 1002 0
a range +13200 +13800 2014 1001 0
a range +13200 +13800 2015 1001 0
a range +13200 +13800 2060 1004 0
a range +13200 +13800 2074 1001 0
a range +13200 +13800 2092 1004 0
a range +13200 +13800 2093 1004 0
a range +13200 +13800 2096 1011 0
a range +13200 +13800 2097 1011 0
a range +13200 +13800 2098 1011 0
a range +13200 +13800 2099 1007 0
a range +13200 +13800 2100 1007 0
a range +13200 +13800 2101 1007 0
a range +13200 +13800 2102 1009 0
a range +12600 +13800 2103 1005 0
a range +12600 +13800 2105 1005 0
a range +12600 +13800 2106 1005 0
a range +13200 +13800 2107 1006 0
a range +13200 +13800 2108 1002 0
a range +13200 +13800 2109 1006 0
a range +13200 +13800 2115 1012 0
a range +13200 +13800 2116 1008 0
a range +13200 +13800 2117 1003 0
a range +13200 +13800 2118 1003 0
a range +13200 +13800 2119 1012 0
a range +13200 +13800 2120 1010 0
a range +13200 +13800 2121 1008 0
a range +13200 +13800 2122 1003 0
a range +13200 +13800 2123 1010 0
a range +13200 +13800 2124 1008 0
a range +13200 +13800 2125 1012 0
a range +13200 +13800 2126 1010 0
a range +13200 +13800 2127 1009 0
a range +13200 +13800 2128 1009 0
a range +13800 +14400 2001 1009 0
a range +13800 +14400 2003 1002 0
a range +13800 +14400 2004 1002 0
a range +13800 +14400 2014 1001 0
a range +13800 +14400 2015 1001 0
a range +13800 +14400 2060 1004 0
a range +13800 +14400 2074 1001 0
a range +13800 +14400 2092 1004 0
a range +13800 +14400 2093 1004 0
a range +13800 +14400 2096 1011 0
a range +13800 +14400 2097 1011 0
a range +13800 +14400 2098 1011 0
a range +13800 +14400 2099 1007 0
a range +13800 +14400 2100 1007 0
a range +13800 +14400 2101 1007 0
a range +13800 +14400 2103 1009 0
a range +13800 +14400 2104 1006 0
a range +13800 +14400 2105 1006 0
a range +13800 +14400 2107 1006 0
a range +13800 +14400 2108 1002 0
a range +13800 +14400 2113 1005 0
a range +13800 +14400 2114 1012 0
a range +13800 +14400 2115 1012 0
a range +13800 +14400 2116 1003 0
a range +13800 +14400 2117 1003 0
a range +13800 +14400 2118 1005 0
a range +13800 +14400 2119 1003 0
a range +13800 +14400 2120 1012 0
a range +13800 +14400 2121 1008 0
a range +13800 +14400 2122 1010 0
a range +13800 +14400 2123 1010 0
a range +13800 +14400 2124 1008 0
a range +13800 +14400 2125 1008 0
a range +13800 +14400 2126 1010 0
a range +13800 +14400 2127 1009 0
a range +13800 +14400 2128 1005 0
a range +14400 +15000 1001 9008 0
a range +14400 +15000 1001 9003 0
a range +14400 +15000 1002 9002 0
a range +14400 +15000 1002 9006 0
a range +14400 +15000 1002 9004 0
a range +14400 +15000 1008 9005 0
a range +14400 +15000 1008 9001 0
a range +14400 +15000 1008 9007 0
a range +14400 +15000 2003 1006 0
a range +14400 +15000 2006 1004 0
a range +14400 +15000 2094 1011 0
a range +14400 +15000 2095 1011 0
a range +14400 +15000 2101 1009 0
a range +14400 +15000 2102 1007 0
a range +14400 +15000 2103 1006 0
a range +14400 +15000 2104 1010 0
a range +14400 +15000 2106 1011 0
a range +14400 +15000 2107 1009 0
a range +14400 +15000 2108 1006 0
a range +14400 +15000 2109 1007 0
a range +14400 +15000 2110 1007 0
a range +14400 +15000 2111 1004 0
a range +14400 +15000 2112 1004 0
a range +14400 +15000 2114 1003 0
a range +14400 +15000 2115 1001 0
a range +14400 +15000 2116 1003 0
a range +14400 +15000 2117 1003 0
a range +14400 +15000 2118 1010 0
a range +14400 +15000 2121 1005 0
a range +14400 +15000 2122 1010 0
a range +14400 +15000 2123 1009 0
a range +14400 +15000 2124 1012 0
a range +14400 +15000 2125 1012 0
a range +14400 +15000 2126 1012 0
a range +14400 +15000 2127 1005 0
a range +14400 +15000 2128 1005 0
a range +15000 +15600 1008 9007 0
a range +15000 +15600 1008 9005 0
a range +15000 +15600 1008 9003 0
a range +15000 +15600 1011 9001 0
a range +15000 +15600 1011 9004 0
a range +15000 +15600 1011 9002 0
a range +15000 +15600 2001 1009 0
a range +15000 +15600 2002 1009 0
a range +15000 +15600 2006 1004 0
a range +15000 +15600 2017 1002 0
a range +15000 +15600 2032 1002 0
a range +15000 +15600 2064 1002 0
a range +15000 +15600 2070 1001 0
a range +15000 +15600 2101 1010 0
a range +15000 +15600 2102 1009 0
a range +15000 +15600 2103 1010 0
a range +15000 +15600 2104 1010 0
a range +15000 +15600 2105 1001 0
a range +15000 +15600 2106 1006 0
a range +15000 +15600 2107 1006 0
a range +15000 +15600 2108 1006 0
a range +15000 +15600 2111 1004 0
a range +15000 +15600 2112 1004 0
a range +15000 +15600 2113 1003 0
a range +15000 +15600 2114 1003 0
a range +15000 +15600 2115 1001 0
a range +15000 +15600 2118 1003 0
a range +15000 +15600 2120 1005 0
a range +15000 +15600 2121 1007 0
a range +15000 +15600 2122 1005 0
a range +15000 +15600 2123 1007 0
a range +15000 +15600 2124 1007 0
a range +15000 +15600 2125 1012 0
a range +15000 +15600 2126 1005 0
a range +15000 +15600 2127 1012 0
a range +15000 +15600 2128 1012 0
a range +15600 +16200 1006 9005 0
a range +15600 +16200 1006 9003 0
a range +15600 +16200 1006 9001 0
a range +15600 +16200 2001 1005 0
a range +15600 +16200 2003 1009 0
a range +15600 +16200 2006 1004 0
a range +15600 +16200 2016 1008 0
a range +15600 +16200 2017 1002 0
a range +15600 +16200 2031 1011 0
a range +15600 +16200 2032 1002 0
a range +15600 +16200 2039 1011 0
a range +15600 +16200 2048 1008 0
a range +15600 +16200 2064 1002 0
a range +15600 +16200 2070 1001 0
a range +15600 +16200 2071 1011 0
a range +15600 +16200 2100 1008 0
a range +15600 +16200 2102 1010 0
a range +15600 +16200 2103 1010 0
a range +15600 +16200 2104 1010 0
a range +15600 +16200 2105 1001 0
a range +15600 +16200 2106 1009 0
a range +15600 +16200 2107 1009 0
a range +15600 +16200 2110 1003 0
a range +15600 +16200 2111 1004 0
a range +15600 +16200 2112 1004 0
a range +15600 +16200 2113 1003 0
a range +15600 +16200 2115 1003 0
a range +15600 +16200 2116 1001 0
a range +15600 +16200 2121 1012 0
a range +15600 +16200 2122 1012 0
a range +15600 +16200 2123 1007 0
a range +15600 +16200 2124 1005 0
a range +15600 +16200 2125 1007 0
a range +15600 +16200 2126 1005 0
a range +15600 +16200 2127 1007 0
a range +15600 +16200 2128 1012 0
a range +16200 +16800 1006 9001 0
a range +16200 +16800 1006 9005 0
a range +16200 +16800 1006 9007 0
a range +16200 +16800 1010 9003 0
a range +16200 +16800 2002 1009 0
a range +16200 +16800 2016 1008 0
a range +16200 +16800 2017 1002 0
a range +16200 +16800 2031 1011 0
a range +16200 +16800 2032 1002 0
a range +16200 +16800 2039 1011 0
a range +16200 +16800 2048 1008 0
a range +16200 +16800 2064 1002 0
a range +16200 +16800 2070 1001 0
a range +16200 +16800 2071 1011 0
a range +16200 +16800 2100 1008 0
a range +16200 +16800 2101 1001 0
a range +16200 +16800 2102 1010 0
a range +16200 +16800 2103 1010 0
a range +16200 +16800 2105 1009 0
a range +16200 +16800 2106 1009 0
a range +16200 +16800 2108 1004 0
a range +16200 +16800 2109 1001 0
a range +16200 +16800 2112 1003 0
a range +16200 +16800 2113 1003 0
a range +16200 +16800 2115 1003 0
a range +16200 +16800 2117 1004 0
a range +16200 +16800 2118 1012 0
a range +16200 +16800 2119 1005 0
a range +16200 +16800 2120 1004 0
a range +16200 +16800 2121 1012 0
a range +16200 +16800 2122 1005 0
a range +16200 +16800 2124 1012 0
a range +16200 +16800 2125 1007 0
a range +16200 +16800 2126 1007 0
a range +16200 +16800 2127 1005 0
a range +16200 +16800 2128 1007 0
a range +16800 +17400 1004 9002 0
a range +16800 +17400 1004 9006 0
a range +16800 +17400 1004 9004 0
a range +16800 +17400 1010 9003 0
a range +16800 +17400 1010 9005 0
a range +16800 +17400 1010 9001 0
a range +16800 +17400 2001 1002 0
a range +16800 +17400 2003 1009 0
a range +16800 +17400 2016 1008 0
a range +16800 +17400 2031 1011 0
a range +16800 +17400 2039 1011 0
a range +16800 +17400 2048 1008 0
a range +16800 +17400 2052 1006 0
a range +16800 +17400 2066 1006 0
a range +16800 +17400 2071 1011 0
a range +16800 +17400 2098 1006 0
a range +16800 +17400 2100 1008 0
a range +16800 +17400 2101 1001 0
a range +16800 +17400 2104 1009 0
a range +16800 +17400 2105 1009 0
a range +16800 +17400 2109 1001 0
a range +16800 +17400 2110 1001 0
a range +16800 +17400 2111 1003 0
a range +16800 +17400 2112 1003 0
a range +16800 +17400 2114 1007 0
a range +16800 +17400 2116 1002 0
a range +16800 +17400 2118 1007 0
a range +16800 +17400 2119 1005 0
a range +16800 +17400 2120 1005 0
a range +16800 +17400 2121 1005 0
a range +16800 +17400 2122 1012 0
a range +16800 +17400 2123 1002 0
a range +16800 +17400 2124 1012 0
a range +16800 +17400 2125 1003 0
a range +16800 +17400 2126 1007 0
a range +16800 +17400 2127 1012 0
a range +17400 +18000 1010 9005 0
a range +17400 +18000 1010 9001 0
a range +17400 +18000 1010 9003 0
a range +17400 +18000 2001 1002 0
a range +17400 +18000 2002 1007 0
a range +17400 +18000 2010 1004 0
a range +17400 +18000 2052 1006 0
a range +17400 +18000 2065 1004 0
a range +17400 +18000 2066 1006 0
a range +17400 +18000 2082 1004 0
a range +17400 +18000 2098 1006 0
a range +17400 +18000 2100 1009 0
a range +17400 +18000 2101 1001 0
a range +17400 +18000 2102 1001 0
a range +17400 +18000 2103 1009 0
a range +17400 +18000 2104 1009 0
a range +17400 +18000 2105 1007 0
a range +17400 +18000 2106 1011 0
a range +17400 +18000 2107 1008 0
a range +17400 +18000 2108 1008 0
a range +17400 +18000 2109 1003 0
a range +17400 +18000 2110 1001 0
a range +17400 +18000 2111 1003 0
a range +17400 +18000 2112 1003 0
a range +17400 +18000 2113 1011 0
a range +17400 +18000 2114 1005 0
a range +17400 +18000 2115 1002 0
a range +17400 +18000 2116 1002 0
a range +17400 +18000 2117 1008 0
a range +17400 +18000 2118 1007 0
a range +17400 +18000 2119 1012 0
a range +17400 +18000 2120 1005 0
a range +17400 +18000 2125 1005 0
a range +17400 +18000 2126 1012 0
a range +17400 +18000 2127 1012 0
a range +17400 +18000 2128 1011 0
a range +18000 +18600 2001 1002 0
a range +18000 +18600 2002 1003 0
a range +18000 +18600 2010 1004 0
a range +18000 +18600 2048 1010 0
a range +18000 +18600 2050 1010 0
a range +18000 +18600 2051 1010 0
a range +18000 +18600 2052 1006 0
a range +18000 +18600 2065 1004 0
a range +18000 +18600 2066 1006 0
a range +18000 +18600 2082 1004 0
a range +18000 +18600 2096 1009 0
a range +18000 +18600 2097 1007 0
a range +18000 +18600 2098 1006 0
a range +18000 +18600 2099 1009 0
a range +18000 +18600 2100 1009 0
a range +18000 +18600 2101 1001 0
a range +18000 +18600 2102 1001 0
a range +18000 +18600 2103 1007 0
a range +18000 +18600 2104 1003 0
a range +18000 +18600 2105 1007 0
a range +18000 +18600 2106 1011 0
a range +18000 +18600 2107 1008 0
a range +18000 +18600 2108 1008 0
a range +18000 +18600 2109 1003 0
a range +18000 +18600 2110 1001 0
a range +18000 +18600 2113 1011 0
a range +18000 +18600 2114 1012 0
a range +18000 +18600 2115 1002 0
a range +18000 +18600 2116 1002 0
a range +18000 +18600 2117 1008 0
a range +18000 +18600 2119 1005 0
a range +18000 +18600 2122 1012 0
a range +18000 +18600 2124 1005 0
a range +18000 +18600 2125 1005 0
a range +18000 +18600 2126 1012 0
a range +18000 +18600 2128 1011 0
a range +18600 +19200 1003 9005 0
a range +18600 +19200 1003 9003 0
a range +18600 +19200 1003 9001 0
a range +18600 +19200 2001 1007 0
a range +18600 +19200 2002 1006 0
a range +18600 +19200 2003 1001 0
a range +18600 +19200 2010 1004 0
a range +18600 +19200 2048 1010 0
a range +18600 +19200 2050 1010 0
a range +18600 +19200 2051 1010 0
a range +18600 +19200 2065 1004 0
a range +18600 +19200 2082 1004 0
a range +18600 +19200 2094 1001 0
a range +18600 +19200 2099 1009 0
a range +18600 +19200 2100 1009 0
a range +18600 +19200 2101 1009 0
a range +18600 +19200 2102 1001 0
a range +18600 +19200 2104 1006 0
a range +18600 +19200 2105 1006 0
a range +18600 +19200 2106 1011 0
a range +18600 +19200 2108 1008 0
a range +18600 +19200 2109 1005 0
a range +18600 +19200 2110 1012 0
a range +18600 +19200 2111 1012 0
a range +18600 +19200 2112 1002 0
a range +18600 +19200 2113 1012 0
a range +18600 +19200 2115 1002 0
a range +18600 +19200 2116 1007 0
a range +18600 +19200 2117 1005 0
a range +18600 +19200 2118 1008 0
a range +18600 +19200 2120 1011 0
a range +18600 +19200 2121 1002 0
a range +18600 +19200 2123 1008 0
a range +18600 +19200 2125 1005 0
a range +18600 +19200 2127 1007 0
a range +18600 +19200 2128 1011 0
a range +19200 +19800 1001 9008 0
a range +19200 +19800 1001 9006 0
a range +19200 +19800 1003 9003 0
a range +19200 +19800 1003 9007 0
a range +19200 +19800 1003 9005 0
a range +19200 +19800 1006 9004 0
a range +19200 +19800 1006 9001 0
a range +19200 +19800 1006 9002 0
a range +19200 +19800 2002 1001 0
a range +19200 +19800 2004 1008 0
a range +19200 +19800 2048 1010 0
a range +19200 +19800 2050 1010 0
a range +19200 +19800 2051 1010 0
a range +19200 +19800 2097 1009 0
a range +19200 +19800 2098 1009 0
a range +19200 +19800 2101 1009 0
a range +19200 +19800 2103 1011 0
a range +19200 +19800 2107 1004 0
a range +19200 +19800 2109 1005 0
a range +19200 +19800 2110 1012 0
a range +19200 +19800 2111 1012 0
a range +19200 +19800 2112 1002 0
a range +19200 +19800 2113 1012 0
a range +19200 +19800 2114 1004 0
a range +19200 +19800 2115 1007 0
a range +19200 +19800 2116 1005 0
a range +19200 +19800 2117 1005 0
a range +19200 +19800 2118 1008 0
a range +19200 +19800 2119 1002 0
a range +19200 +19800 2120 1011 0
a range +19200 +19800 2122 1011 0
a range +19200 +19800 2123 1008 0
a range +19200 +19800 2124 1004 0
a range +19200 +19800 2127 1007 0
a range +19200 +19800 2128 1007 0
a range +19800 +20400 2001 1012 0
a range +19800 +20400 2002 1001 0
a range +19800 +20400 2003 1007 0
a range +19800 +20400 2004 1008 0
a range +19800 +20400 2011 1006 0
a range +19800 +20400 2047 1006 0
a range +19800 +20400 2048 1010 0
a range +19800 +20400 2050 1010 0
a range +19800 +20400 2051 1010 0
a range +19800 +20400 2061 1003 0
a range +19800 +20400 2079 1003 0
a range +19800 +20400 2081 1001 0
a range +19800 +20400 2084 1006 0
a range +19800 +20400 2095 1003 0
a range +19800 +20400 2097 1009 0
a range +19800 +20400 2098 1009 0
a range +19800 +20400 2099 1009 0
a range +19800 +20400 2103 1011 0
a range +19800 +20400 2108 1001 0
a range +19800 +20400 2110 1012 0
a range +19800 +20400 2111 1005 0
a range +19800 +20400 2112 1002 0
a range +19800 +20400 2113 1005 0
a range +19800 +20400 2114 1004 0
a range +19800 +20400 2115 1007 0
a range +19800 +20400 2116 1005 0
a range +19800 +20400 2117 1012 0
a range +19800 +20400 2118 1008 0
a range +19800 +20400 2119 1002 0
a range +19800 +20400 2120 1011 0
a range +19800 +20400 2121 1004 0
a range +19800 +20400 2122 1011 0
a range +19800 +20400 2123 1008 0
a range +19800 +20400 2124 1004 0
a range +19200 +20400 2126 1002 0
a range +19800 +20400 2128 1007 0
a range +20400 +21000 1007 9005 0
a range +20400 +21000 1007 9003 0
a range +20400 +21000 1007 9001 0
a range +20400 +21000 1010 9002 0
a range +20400 +21000 1010 9006 0
a range +20400 +21000 1010 9004 0
a range +20400 +21000 2001 1005 0
a range +20400 +21000 2002 1001 0
a range +20400 +21000 2005 1009 0
a range +20400 +21000 2011 1006 0
a range +20400 +21000 2047 1006 0
a range +20400 +21000 2061 1003 0
a range +20400 +21000 2081 1001 0
a range +20400 +21000 2084 1006 0
a range +20400 +21000 2095 1003 0
a range +20400 +21000 2096 1009 0
a range +20400 +21000 2098 1009 0
a range +20400 +21000 2101 1003 0
a range +20400 +21000 2102 1011 0
a range +20400 +21000 2104 1004 0
a range +20400 +21000 2105 1004 0
a range +20400 +21000 2106 1008 0
a range +20400 +21000 2107 1002 0
a range +20400 +21000 2108 1001 0
a range +20400 +21000 2109 1002 0
a range +20400 +21000 2117 1012 0
a range +20400 +21000 2118 1012 0
a range +20400 +21000 2119 1002 0
a range +20400 +21000 2120 1012 0
a range +20400 +21000 2121 1004 0
a range +20400 +21000 2122 1011 0
a range +20400 +21000 2123 1005 0
a range +20400 +21000 2124 1005 0
a range +20400 +21000 2125 1011 0
a range +20400 +21000 2127 1008 0
a range +21000 +21600 2001 1005 0
a range +21000 +21600 2002 1001 0
a range +20400 +21600 2004 1008 0
a range +21000 +21600 2006 1009 0
a range +21000 +21600 2011 1006 0
a range +21000 +21600 2012 1007 0
a range +21000 +21600 2017 1010 0
a range +21000 +21600 2034 1010 0
a range +21000 +21600 2044 1007 0
a range +21000 +21600 2047 1006 0
a range +21000 +21600 2049 1010 0
a range +21000 +21600 2061 1003 0
a range +21000 +21600 2076 1007 0
a range +21000 +21600 2081 1001 0
a range +21000 +21600 2084 1006 0
a range +21000 +21600 2096 1009 0
a range +21000 +21600 2097 1009 0
a range +21000 +21600 2101 1003 0
a range +21000 +21600 2102 1011 0
a range +21000 +21600 2104 1004 0
a range +21000 +21600 2106 1008 0
a range +21000 +21600 2107 1002 0
a range +21000 +21600 2109 1002 0
a range +21000 +21600 2110 1003 0
a range +21000 +21600 2112 1012 0
a range +21000 +21600 2114 1002 0
a range +21000 +21600 2115 1005 0
a range +21000 +21600 2116 1004 0
a range +21000 +21600 2117 1012 0
a range +21000 +21600 2118 1012 0
a range +21000 +21600 2121 1004 0
a range +21000 +21600 2122 1011 0
a range +21000 +21600 2123 1005 0
a range +21000 +21600 2125 1011 0
a range +21000 +21600 2127 1008 0
a range +21600 +22200 2001 1012 0
a range +21600 +22200 2002 1001 0
a range +21600 +22200 2003 1009 0
a range +21600 +22200 2011 1006 0
a range +21600 +22200 2012 1007 0
a range +21600 +22200 2017 1010 0
a range +21600 +22200 2034 1010 0
a range +21600 +22200 2044 1007 0
a range +21600 +22200 2047 1006 0
a range +21600 +22200 2049 1010 0
a range +21600 +22200 2061 1003 0
a range +21600 +22200 2076 1007 0
a range +21600 +22200 2081 1001 0
a range +21600 +22200 2084 1006 0
a range +21600 +22200 2094 1009 0
a range +21600 +22200 2095 1009 0
a range +21600 +22200 2101 1003 0
a range +21600 +22200 2102 1011 0
a range +21600 +22200 2106 1008 0
a range +21600 +22200 2107 1005 0
a range +21000 +22200 2108 1001 0
a range +21600 +22200 2109 1012 0
a range +21600 +22200 2110 1003 0
a range +21600 +22200 2111 1005 0
a range +21600 +22200 2112 1012 0
a range +21600 +22200 2113 1004 0
a range +21600 +22200 2114 1002 0
a range +21600 +22200 2116 1004 0
a range +21600 +22200 2120 1002 0
a range +21600 +22200 2121 1004 0
a range +21600 +22200 2122 1011 0
a range +21600 +22200 2123 1005 0
a range +21600 +22200 2124 1002 0
a range +21600 +22200 2125 1011 0
a range +21600 +22200 2126 1008 0
a range +21600 +22200 2127 1008 0
a range +22200 +22800 2001 1012 0
a range +22200 +22800 2002 1001 0
a range +22200 +22800 2005 1009 0
a range +22200 +22800 2011 1006 0
a range +22200 +22800 2012 1007 0
a range +22200 +22800 2017 1010 0
a range +22200 +22800 2034 1010 0
a range +22200 +22800 2044 1007 0
a range +22200 +22800 2047 1006 0
a range +22200 +22800 2049 1010 0
a range +22200 +22800 2081 1001 0
a range +22200 +22800 2084 1006 0
a range +22200 +22800 2094 1009 0
a range +22200 +22800 2095 1009 0
a range +22200 +22800 2101 1003 0
a range +22200 +22800 2104 1003 0
a range +22200 +22800 2105 1003 0
a range +22200 +22800 2106 1002 0
a range +22200 +22800 2107 1012 0
a range +22200 +22800 2108 1001 0
a range +22200 +22800 2109 1012 0
a range +22200 +22800 2110 1005 0
a range +22200 +22800 2111 1005 0
a range +22200 +22800 2112 1005 0
a range +22200 +22800 2113 1004 0
a range +22200 +22800 2114 1002 0
a range +22200 +22800 2115 1007 0
a range +22200 +22800 2116 1004 0
a range +22200 +22800 2119 1008 0
a range +22200 +22800 2120 1002 0
a range +22200 +22800 2121 1004 0
a range +22200 +22800 2122 1008 0
a range +22200 +22800 2123 1011 0
a range +22200 +22800 2124 1011 0
a range +22200 +22800 2126 1008 0
a range +22200 +22800 2127 1011 0
a range +22800 +23400 1003 9008 0
a range +22800 +23400 1003 9002 0
a range +22800 +23400 1003 9007 0
a range +22800 +23400 1007 9001 0
a range +22800 +23400 1007 9005 0
a range +22800 +23400 1007 9003 0
a range +22800 +23400 2001 1008 0
a range +22800 +23400 2003 1004 0
a range +22800 +23400 2017 1010 0
a range +22800 +23400 2034 1010 0
a range +22800 +23400 2049 1010 0
a range +22800 +23400 2081 1001 0
a range +22800 +23400 2093 1009 0
a range +22800 +23400 2094 1009 0
a range +22800 +23400 2095 1009 0
a range +22800 +23400 2101 1012 0
a range +22800 +23400 2103 1001 0
a range +22800 +23400 2107 1012 0
a range +22800 +23400 2108 1001 0
a range +22800 +23400 2109 1012 0
a range +22800 +23400 2110 1008 0
a range +22800 +23400 2111 1002 0
a range +22800 +23400 2112 1005 0
a range +22800 +23400 2113 1004 0
a range +22800 +23400 2118 1005 0
a range +22800 +23400 2119 1008 0
a range +22800 +23400 2120 1002 0
a range +22800 +23400 2121 1005 0
a range +22800 +23400 2122 1002 0
a range +22800 +23400 2124 1011 0
a range +22800 +23400 2126 1011 0
a range +22800 +23400 2127 1011 0
a range +23400 +24000 2003 1004 0
a range +23400 +24000 2004 1009 0
a range +23400 +24000 2006 1009 0
a range +23400 +24000 2010 1003 0
a range +22800 +24000 2011 1006 0
a range +23400 +24000 2017 1010 0
a range +23400 +24000 2034 1010 0
a range +23400 +24000 2042 1003 0
a range +23400 +24000 2043 1007 0
a range +22800 +24000 2047 1006 0
a range +23400 +24000 2049 1010 0
a range +23400 +24000 2057 1007 0
a range +23400 +24000 2066 1003 0
a range +23400 +24000 2075 1007 0
a range +22800 +24000 2084 1006 0
a range +23400 +24000 2093 1009 0
a range +23400 +24000 2100 1012 0
a range +23400 +24000 2101 1012 0
a range +23400 +24000 2104 1001 0
a range +23400 +24000 2105 1002 0
a range +23400 +24000 2106 1001 0
a range +23400 +24000 2107 1012 0
a range +23400 +24000 2108 1005 0
a range +23400 +24000 2109 1002 0
a range +23400 +24000 2110 1002 0
a range +23400 +24000 2111 1001 0
a range +23400 +24000 2112 1005 0
a range +23400 +24000 2113 1004 0
a range +23400 +24000 2114 1008 0
a range +22800 +24000 2116 1004 0
a range +23400 +24000 2118 1005 0
a range +23400 +24000 2120 1008 0
a range +23400 +24000 2122 1008 0
a range +23400 +24000 2123 1011 0
a range +23400 +24000 2124 1011 0
a range +23400 +24000 2126 1011 0
a range +24000 +24600 1012 9001 0
a range +24000 +24600 1012 9005 0
a range +24000 +24600 1012 9003 0
a range +24000 +24600 2003 1001 0
a range +24000 +24600 2005 1009 0
a range +24000 +24600 2010 1003 0
a range +24000 +24600 2042 1003 0
a range +24000 +24600 2043 1007 0
a range +24000 +24600 2057 1007 0
a range +24000 +24600 2066 1003 0
a range +24000 +24600 2092 1009 0
a range +24000 +24600 2093 1009 0
a range +24000 +24600 2098 1010 0
a range +24000 +24600 2099 1006 0
a range +24000 +24600 2101 1008 0
a range +24000 +24600 2102 1006 0
a range +24000 +24600 2103 1006 0
a range +24000 +24600 2104 1008 0
a range +24000 +24600 2105 1008 0
a range +24000 +24600 2106 1001 0
a range +24000 +24600 2107 1001 0
a range +24000 +24600 2109 1005 0
a range +24000 +24600 2110 1002 0
a range +24000 +24600 2111 1002 0
a range +24000 +24600 2113 1005 0
a range +24000 +24600 2115 1004 0
a range +24000 +24600 2117 1002 0
a range +24000 +24600 2118 1011 0
a range +24000 +24600 2119 1011 0
a range +24000 +24600 2120 1004 0
a range +24000 +24600 2121 1011 0
a range +24000 +24600 2122 1005 0
a range +24000 +24600 2123 1004 0
a range +24000 +24600 2125 1007 0
a range +24000 +24600 2127 1010 0
a range +24000 +24600 2128 1010 0
a range +24600 +25200 1012 9003 0
a range +24600 +25200 1012 9007 0
a range +24600 +25200 1012 9005 0
a range +24600 +25200 2001 1007 0
a range +24600 +25200 2002 1009 0
a range +24600 +25200 2010 1003 0
a range +24600 +25200 2042 1003 0
a range +24600 +25200 2043 1007 0
a range +24600 +25200 2066 1003 0
a range +24600 +25200 2091 1009 0
a range +24600 +25200 2092 1009 0
a range +24600 +25200 2094 1008 0
a range +24600 +25200 2095 1004 0
a range +24600 +25200 2096 1007 0
a range +24600 +25200 2097 1005 0
a range +24600 +25200 2098 1010 0
a range +24600 +25200 2099 1006 0
a range +24600 +25200 2100 1010 0
a range +24600 +25200 2101 1008 0
a range +24600 +25200 2102 1006 0
a range +24600 +25200 2103 1006 0
a range +24600 +25200 2104 1001 0
a range +24600 +25200 2105 1001 0
a range +24600 +25200 2106 1002 0
a range +24600 +25200 2107 1001 0
a range +24600 +25200 2108 1005 0
a range +24600 +25200 2109 1004 0
a range +24600 +25200 2110 1005 0
a range +24600 +25200 2111 1002 0
a range +24600 +25200 2113 1008 0
a range +24600 +25200 2116 1011 0
a range +24600 +25200 2117 1002 0
a range +24600 +25200 2119 1011 0
a range +24600 +25200 2121 1011 0
a range +24600 +25200 2123 1004 0
a range +24600 +25200 2128 1010 0
a range +25200 +25800 1005 9005 0
a range +25200 +25800 1005 9001 0
a range +25200 +25800 1005 9003 0
a range +25200 +25800 2001 1011 0
a range +25200 +25800 2009 1003 0
a range +25200 +25800 2010 1012 0
a range +25200 +25800 2028 1012 0
a range +25200 +25800 2079 1012 0
a range +25200 +25800 2085 1007 0
a range +25200 +25800 2086 1010 0
a range +25200 +25800 2087 1007 0
a range +25200 +25800 2088 1003 0
a range +25200 +25800 2089 1009 0
a range +25200 +25800 2090 1006 0
a range +25200 +25800 2091 1009 0
a range +25200 +25800 2092 1009 0
a range +25200 +25800 2093 1003 0
a range +25200 +25800 2096 1007 0
a range +25200 +25800 2098 1004 0
a range +25200 +25800 2099 1006 0
a range +25200 +25800 2100 1010 0
a range +25200 +25800 2101 1002 0
a range +25200 +25800 2102 1006 0
a range +25200 +25800 2103 1001 0
a range +25200 +25800 2104 1008 0
a range +25200 +25800 2105 1008 0
a range +25200 +25800 2106 1001 0
a range +25200 +25800 2107 1001 0
a range +25200 +25800 2108 1004 0
a range +25200 +25800 2109 1004 0
a range +25200 +25800 2110 1002 0
a range +25200 +25800 2113 1008 0
a range +25200 +25800 2117 1002 0
a range +25200 +25800 2119 1011 0
a range +25200 +25800 2121 1011 0
a range +25200 +25800 2128 1010 0
a range +25800 +26400 1005 9001 0
a range +25800 +26400 1005 9007 0
a range +25800 +26400 1005 9005 0
a range +25800 +26400 1006 9002 0
a range +25800 +26400 1006 9006 0
a range +25800 +26400 1006 9004 0
a range +25800 +26400 2001 1011 0
a range +25800 +26400 2008 1003 0
a range +25800 +26400 2009 1003 0
a range +25800 +26400 2010 1012 0
a range +25800 +26400 2028 1012 0
a range +25800 +26400 2079 1012 0
a range +25800 +26400 2085 1007 0
a range +25800 +26400 2086 1010 0
a range +25800 +26400 2087 1007 0
a range +25800 +26400 2089 1009 0
a range +25800 +26400 2090 1009 0
a range +25800 +26400 2091 1009 0
a range +25800 +26400 2093 1003 0
a range +25800 +26400 2095 1010 0
a range +25800 +26400 2096 1007 0
a range +25800 +26400 2097 1010 0
a range +25800 +26400 2099 1001 0
a range +25800 +26400 2100 1001 0
a range +25800 +26400 2102 1008 0
a range +25800 +26400 2103 1002 0
a range +25800 +26400 2104 1001 0
a range +25800 +26400 2106 1002 0
a range +25800 +26400 2107 1002 0
a range +25800 +26400 2108 1004 0
a range +25800 +26400 2109 1004 0
a range +25800 +26400 2110 1004 0
a range +25800 +26400 2112 1008 0
a range +25800 +26400 2113 1008 0
a range +25800 +26400 2115 1011 0
a range +25800 +26400 2116 1011 0
a range +26400 +27000 2004 1009 0
a range +26400 +27000 2008 1003 0
a range +26400 +27000 2009 1003 0
a range +26400 +27000 2010 1012 0
a range +26400 +27000 2022 1006 0
a range +26400 +27000 2025 1005 0
a range +26400 +27000 2028 1012 0
a range +26400 +27000 2055 1005 0
a range +26400 +27000 2057 1005 0
a range +26400 +27000 2076 1006 0
a range +26400 +27000 2077 1006 0
a range +26400 +27000 2079 1012 0
a range +26400 +27000 2085 1007 0
a range +26400 +27000 2086 1010 0
a range +26400 +27000 2087 1007 0
a range +26400 +27000 2089 1009 0
a range +26400 +27000 2090 1009 0
a range +26400 +27000 2093 1003 0
a range +26400 +27000 2095 1010 0
a range +26400 +27000 2096 1007 0
a range +26400 +27000 2097 1010 0
a range +26400 +27000 2098 1001 0
a range +26400 +27000 2099 1008 0
a range +26400 +27000 2100 1001 0
a range +26400 +27000 2102 1002 0
a range +26400 +27000 2103 1001 0
a range +26400 +27000 2104 1002 0
a range +26400 +27000 2105 1002 0
a range +26400 +27000 2106 1004 0
a range +26400 +27000 2107 1004 0
a range +26400 +27000 2110 1004 0
a range +26400 +27000 2111 1008 0
a range +26400 +27000 2112 1008 0
a range +26400 +27000 2114 1011 0
a range +26400 +27000 2116 1011 0
a range +26400 +27000 2117 1011 0
a range +27000 +27600 1002 9003 0
a range +27000 +27600 1002 9001 0
a range +27000 +27600 1002 9005 0
a range +27000 +27600 1012 9007 0
a range +27000 +27600 1012 9004 0
a range +27000 +27600 1012 9002 0
a range +27000 +27600 2003 1011 0
a range +27000 +27600 2004 1009 0
a range +27000 +27600 2008 1003 0
a range +27000 +27600 2011 1009 0
a range +27000 +27600 2025 1005 0
a range +27000 +27600 2055 1005 0
a range +27000 +27600 2057 1005 0
a range +27000 +27600 2077 1006 0
a range +27000 +27600 2090 1009 0
a range +27000 +27600 2092 1003 0
a range +27000 +27600 2094 1007 0
a range +27000 +27600 2095 1001 0
a range +27000 +27600 2096 1010 0
a range +27000 +27600 2097 1001 0
a range +27000 +27600 2098 1001 0
a range +27000 +27600 2099 1010 0
a range +27000 +27600 2100 1011 0
a range +27000 +27600 2101 1006 0
a range +27000 +27600 2102 1010 0
a range +27000 +27600 2103 1008 0
a range +27000 +27600 2104 1008 0
a range +27000 +27600 2105 1004 0
a range +27000 +27600 2107 1004 0
a range +27000 +27600 2108 1003 0
a range +27000 +27600 2109 1007 0
a range +27000 +27600 2110 1004 0
a range +27000 +27600 2111 1008 0
a range +27000 +27600 2113 1007 0
a range +27000 +27600 2114 1011 0
a range +27600 +28200 2004 1001 0
a range +27600 +28200 2008 1003 0
a range +27600 +28200 2013 1012 0
a range +27600 +28200 2021 1002 0
a range +27600 +28200 2025 1005 0
a range +27600 +28200 2035 1002 0
a range +27600 +28200 2044 1012 0
a range +27600 +28200 2053 1012 0
a range +27600 +28200 2055 1005 0
a range +27600 +28200 2057 1005 0
a range +27000 +28200 2076 1006 0
a range +27600 +28200 2077 1006 0
a range +27600 +28200 2082 1009 0
a range +27600 +28200 2087 1009 0
a range +27600 +28200 2088 1009 0
a range +27600 +28200 2089 1002 0
a range +27600 +28200 2090 1011 0
a range +27600 +28200 2091 1011 0
a range +27600 +28200 2092 1003 0
a range +27600 +28200 2093 1010 0
a range +27600 +28200 2094 1007 0
a range +27600 +28200 2095 1010 0
a range +27600 +28200 2096 1008 0
a range +27600 +28200 2097 1001 0
a range +27600 +28200 2098 1010 0
a range +27600 +28200 2099 1008 0
a range +27600 +28200 2100 1001 0
a range +27600 +28200 2101 1006 0
a range +27600 +28200 2102 1008 0
a range +27600 +28200 2103 1004 0
a range +27600 +28200 2104 1004 0
a range +27600 +28200 2105 1011 0
a range +27600 +28200 2106 1004 0
a range +27600 +28200 2108 1003 0
a range +27600 +28200 2109 1007 0
a range +27600 +28200 2113 1007 0
a range +28200 +28800 1009 9005 0
a range +28200 +28800 1009 9003 0
a range +28200 +28800 1009 9001 0
a range +28200 +28800 2002 1003 0
a range +28200 +28800 2005 1001 0
a range +28200 +28800 2013 1012 0
a range +28200 +28800 2021 1002 0
a range +28200 +28800 2035 1002 0
a range +28200 +28800 2044 1012 0
a range +28200 +28800 2053 1012 0
a range +28200 +28800 2076 1006 0
a range +28200 +28800 2081 1006 0
a range +28200 +28800 2083 1005 0
a range +28200 +28800 2084 1007 0
a range +28200 +28800 2085 1005 0
a range +28200 +28800 2086 1006 0
a range +28200 +28800 2089 1002 0
a range +28200 +28800 2090 1011 0
a range +28200 +28800 2091 1008 0
a range +28200 +28800 2092 1003 0
a range +28200 +28800 2093 1001 0
a range +28200 +28800 2094 1007 0
a range +28200 +28800 2095 1004 0
a range +28200 +28800 2096 1010 0
a range +28200 +28800 2097 1010 0
a range +28200 +28800 2098 1001 0
a range +28200 +28800 2099 1011 0
a range +28200 +28800 2100 1011 0
a range +28200 +28800 2101 1010 0
a range +28200 +28800 2102 1008 0
a range +28200 +28800 2103 1008 0
a range +28200 +28800 2105 1004 0
a range +28200 +28800 2106 1004 0
a range +28200 +28800 2107 1007 0
a range +28200 +28800 2108 1003 0
a range +28200 +28800 2110 1005 0
a range +28800 +29400 1009 9007 0
a range +28800 +29400 1009 9001 0
a range +28800 +29400 1009 9003 0
a range +28800 +29400 2002 1003 0
a range +28800 +29400 2006 1008 0
a range +28800 +29400 2007 1003 0
a range +28800 +29400 2013 1012 0
a range +28800 +29400 2021 1002 0
a range +28800 +29400 2035 1002 0
a range +28800 +29400 2044 1012 0
a range +28800 +29400 2080 1012 0
a range +28800 +29400 2082 1007 0
a range +28800 +29400 2083 1005 0
a range +28800 +29400 2084 1007 0
a range +28800 +29400 2085 1005 0
a range +28800 +29400 2086 1006 0
a range +28800 +29400 2087 1005 0
a range +28800 +29400 2088 1006 0
a range +28800 +29400 2089 1002 0
a range +28800 +29400 2090 1011 0
a range +28800 +29400 2091 1011 0
a range +28800 +29400 2092 1001 0
a range +28800 +29400 2093 1010 0
a range +28800 +29400 2094 1010 0
a range +28800 +29400 2095 1004 0
a range +28800 +29400 2096 1010 0
a range +28800 +29400 2097 1001 0
a range +28800 +29400 2098 1004 0
a range +28800 +29400 2099 1001 0
a range +28800 +29400 2100 1011 0
a range +28800 +29400 2101 1008 0
a range +28800 +29400 2102 1004 0
a range +28800 +29400 2103 1008 0
a range +28800 +29400 2104 1006 0
a range +28800 +29400 2107 1007 0
a range +28800 +29400 2109 1003 0
a range +29400 +30000 1002 9001 0
a range +29400 +30000 1002 9008 0
a range +29400 +30000 1002 9006 0
a range +29400 +30000 1005 9004 0
a range +29400 +30000 1005 9002 0
a range +29400 +30000 1009 9003 0
a range +29400 +30000 1009 9007 0
a range +29400 +30000 1009 9005 0
a range +29400 +30000 2002 1008 0
a range +29400 +30000 2004 1001 0
a range +29400 +30000 2007 1001 0
a range +29400 +30000 2080 1012 0
a range +29400 +30000 2081 1012 0
a range +29400 +30000 2082 1007 0
a range +29400 +30000 2086 1006 0
a range +29400 +30000 2088 1006 0
a range +29400 +30000 2089 1011 0
a range +29400 +30000 2090 1010 0
a range +29400 +30000 2091 1011 0
a range +29400 +30000 2092 1010 0
a range +29400 +30000 2093 1010 0
a range +29400 +30000 2094 1008 0
a range +29400 +30000 2095 1003 0
a range +29400 +30000 2096 1008 0
a range +29400 +30000 2097 1004 0
a range +29400 +30000 2098 1005 0
a range +29400 +30000 2099 1001 0
a range +29400 +30000 2100 1003 0
a range +29400 +30000 2101 1011 0
a range +29400 +30000 2102 1004 0
a range +29400 +30000 2103 1004 0
a range +29400 +30000 2104 1003 0
a range +29400 +30000 2105 1012 0
a range +29400 +30000 2106 1006 0
a range +29400 +30000 2107 1007 0
a range +29400 +30000 2108 1007 0
a range +30000 +30600 1003 9002 0
a range +30000 +30600 1003 9004 0
a range +30000 +30600 1003 9006 0
a range +30000 +30600 1009 9001 0
a range +30000 +30600 1009 9005 0
a range +30000 +30600 1009 9007 0
a range +30000 +30600 2005 1005 0
a range +30000 +30600 2006 1001 0
a range +30000 +30600 2019 1002 0
a range +30000 +30600 2067 1005 0
a range +30000 +30600 2069 1002 0
a range +30000 +30600 2074 1002 0
a range +30000 +30600 2080 1012 0
a range +30000 +30600 2081 1012 0
a range +30000 +30600 2085 1011 0
a range +30000 +30600 2086 1011 0
a range +30000 +30600 2087 1006 0
a range +30000 +30600 2088 1006 0
a range +30000 +30600 2089 1010 0
a range +30000 +30600 2090 1010 0
a range +30000 +30600 2091 1001 0
a range +30000 +30600 2092 1010 0
a range +30000 +30600 2093 1008 0
a range +30000 +30600 2094 1008 0
a range +30000 +30600 2095 1007 0
a range +30000 +30600 2096 1001 0
a range +30000 +30600 2097 1004 0
a range +30000 +30600 2098 1005 0
a range +30000 +30600 2099 1008 0
a range +30000 +30600 2100 1004 0
a range +30000 +30600 2101 1011 0
a range +30000 +30600 2102 1004 0
a range +30000 +30600 2103 1007 0
a range +30000 +30600 2105 1012 0
a range +30000 +30600 2106 1006 0
a range +30000 +30600 2108 1007 0
a range +30600 +31200 2005 1005 0
a range +30600 +31200 2007 1001 0
a range +30600 +31200 2016 1003 0
a range +30600 +31200 2019 1002 0
a range +30600 +31200 2046 1009 0
a range +30600 +31200 2047 1003 0
a range +30600 +31200 2048 1009 0
a range +30600 +31200 2055 1003 0
a range +30600 +31200 2056 1009 0
a range +30600 +31200 2067 1005 0
a range +30600 +31200 2074 1002 0
a range +30600 +31200 2080 1012 0
a range +30600 +31200 2081 1012 0
a range +30600 +31200 2084 1011 0
a range +30600 +31200 2085 1010 0
a range +30600 +31200 2086 1011 0
a range +30600 +31200 2087 1006 0
a range +30600 +31200 2088 1006 0
a range +30600 +31200 2089 1010 0
a range +30600 +31200 2090 1008 0
a range +30600 +31200 2091 1008 0
a range +30600 +31200 2092 1008 0
a range +30600 +31200 2093 1007 0
a range +30600 +31200 2094 1010 0
a range +30600 +31200 2095 1001 0
a range +30600 +31200 2096 1001 0
a range +30600 +31200 2097 1007 0
a range +30600 +31200 2098 1005 0
a range +30600 +31200 2099 1004 0
a range +30600 +31200 2100 1004 0
a range +30600 +31200 2101 1011 0
a range +30600 +31200 2102 1007 0
a range +30600 +31200 2103 1004 0
a range +30600 +31200 2104 1002 0
a range +30600 +31200 2105 1012 0
a range +30600 +31200 2106 1006 0
a range +31200 +31800 1011 9007 0
a range +31200 +31800 1011 9001 0
a range +31200 +31800 1011 9003 0
a range +31200 +31800 2005 1005 0
a range +31200 +31800 2006 1002 0
a range +31200 +31800 2011 1010 0
a range +31200 +31800 2016 1003 0
a range +31200 +31800 2019 1002 0
a range +31200 +31800 2046 1009 0
a range +31200 +31800 2047 1003 0
a range +31200 +31800 2048 1009 0
a range +31200 +31800 2055 1003 0
a range +31200 +31800 2056 1009 0
a range +31200 +31800 2067 1005 0
a range +31200 +31800 2074 1002 0
a range +31200 +31800 2077 1012 0
a range +31200 +31800 2078 1012 0
a range +31200 +31800 2079 1006 0
a range +31200 +31800 2082 1012 0
a range +31200 +31800 2083 1006 0
a range +31200 +31800 2087 1006 0
a range +31200 +31800 2089 1001 0
a range +31200 +31800 2090 1008 0
a range +31200 +31800 2091 1008 0
a range +31200 +31800 2092 1008 0
a range +31200 +31800 2093 1007 0
a range +31200 +31800 2094 1010 0
a range +31200 +31800 2095 1001 0
a range +31200 +31800 2096 1001 0
a range +31200 +31800 2097 1004 0
a range +31200 +31800 2098 1007 0
a range +31200 +31800 2099 1010 0
a range +31200 +31800 2100 1004 0
a range +31200 +31800 2101 1004 0
a range +31200 +31800 2102 1007 0
a range +31200 +31800 2107 1005 0
a range +31800 +32400 1009 9002 0
a range +31800 +32400 1009 9006 0
a range +31800 +32400 1009 9004 0
a range +31800 +32400 1011 9001 0
a range +31800 +32400 1011 9007 0
a range +31800 +32400 1011 9005 0
a range +31800 +32400 2006 1002 0
a range +31800 +32400 2007 1002 0
a range +31800 +32400 2011 1001 0
a range +31800 +32400 2047 1003 0
a range +31800 +32400 2055 1003 0
a range +31800 +32400 2077 1012 0
a range +31800 +32400 2078 1012 0
a range +31800 +32400 2079 1006 0
a range +31800 +32400 2082 1012 0
a range +31800 +32400 2083 1006 0
a range +31800 +32400 2085 1010 0
a range +31800 +32400 2086 1008 0
a range +31800 +32400 2087 1010 0
a range +31800 +32400 2088 1010 0
a range +31800 +32400 2089 1001 0
a range +31800 +32400 2092 1008 0
a range +31800 +32400 2094 1001 0
a range +31800 +32400 2095 1007 0
a range +31800 +32400 2096 1008 0
a range +31800 +32400 2097 1007 0
a range +31800 +32400 2098 1004 0
a range +31800 +32400 2099 1004 0
a range +31800 +32400 2101 1004 0
a range +31800 +32400 2103 1002 0
a range +31800 +32400 2104 1005 0
a range +31800 +32400 2105 1006 0
a range +31800 +32400 2106 1007 0
a range +31800 +32400 2107 1005 0
a range +31800 +32400 2108 1005 0
a range +32400 +33000 2004 1010 0
a range +32400 +33000 2006 1002 0
a range +32400 +33000 2007 1002 0
a range +32400 +33000 2012 1001 0
a range +31800 +33000 2016 1003 0
a range +32400 +33000 2021 1009 0
a range +32400 +33000 2038 1011 0
a range +32400 +33000 2042 1011 0
a range +32400 +33000 2043 1009 0
a range +32400 +33000 2044 1009 0
a range +32400 +33000 2047 1003 0
a range +32400 +33000 2055 1003 0
a range +32400 +33000 2074 1011 0
a range +32400 +33000 2077 1012 0
a range +32400 +33000 2082 1012 0
a range +32400 +33000 2087 1010 0
a range +32400 +33000 2088 1008 0
a range +32400 +33000 2089 1008 0
a range +32400 +33000 2090 1008 0
a range +32400 +33000 2091 1006 0
a range +32400 +33000 2092 1010 0
a range +32400 +33000 2093 1001 0
a range +32400 +33000 2094 1001 0
a range +32400 +33000 2095 1007 0
a range +32400 +33000 2096 1004 0
a range +32400 +33000 2097 1006 0
a range +32400 +33000 2098 1007 0
a range +32400 +33000 2099 1004 0
a range +32400 +33000 2100 1006 0
a range +32400 +33000 2101 1004 0
a range +32400 +33000 2103 1002 0
a range +32400 +33000 2104 1005 0
a range +32400 +33000 2106 1007 0
a range +32400 +33000 2107 1005 0
a range +32400 +33000 2108 1005 0
a range +33000 +33600 2002 1010 0
a range +33000 +33600 2006 1002 0
a range +33000 +33600 2007 1002 0
a range +33000 +33600 2012 1001 0
a range +33000 +33600 2016 1003 0
a range +33000 +33600 2021 1009 0
a range +33000 +33600 2038 1011 0
a range +33000 +33600 2042 1011 0
a range +33000 +33600 2043 1009 0
a range +33000 +33600 2044 1009 0
a range +33000 +33600 2047 1003 0
a range +33000 +33600 2055 1003 0
a range +33000 +33600 2074 1011 0
a range +33000 +33600 2077 1012 0
a range +32400 +33600 2078 1012 0
a range +33000 +33600 2083 1010 0
a range +33000 +33600 2084 1010 0
a range +33000 +33600 2085 1008 0
a range +33000 +33600 2086 1008 0
a range +33000 +33600 2087 1008 0
a range +33000 +33600 2088 1001 0
a range +33000 +33600 2089 1006 0
a range +33000 +33600 2090 1007 0
a range +33000 +33600 2091 1004 0
a range +33000 +33600 2092 1001 0
a range +33000 +33600 2093 1007 0
a range +33000 +33600 2094 1004 0
a range +33000 +33600 2096 1004 0
a range +33000 +33600 2097 1006 0
a range +33000 +33600 2100 1006 0
a range +33000 +33600 2102 1012 0
a range +33000 +33600 2103 1002 0
a range +33000 +33600 2104 1005 0
a range +33000 +33600 2106 1007 0
a range +33000 +33600 2107 1005 0
a range +33000 +33600 2108 1005 0
a range +33600 +34200 1012 9002 0
a range +33600 +34200 1012 9006 0
a range +33600 +34200 1012 9004 0
a range +33600 +34200 2002 1005 0
a range +33600 +34200 2006 1002 0
a range +33600 +34200 2007 1002 0
a range +33600 +34200 2010 1001 0
a range +33600 +34200 2021 1009 0
a range +33600 +34200 2038 1011 0
a range +33600 +34200 2044 1009 0
a range +33600 +34200 2074 1011 0
a range +33600 +34200 2083 1010 0
a range +33600 +34200 2084 1007 0
a range +33600 +34200 2085 1010 0
a range +33600 +34200 2086 1008 0
a range +33600 +34200 2087 1008 0
a range +33600 +34200 2088 1008 0
a range +33600 +34200 2089 1004 0
a range +33600 +34200 2090 1001 0
a range +33600 +34200 2091 1001 0
a range +33600 +34200 2092 1007 0
a range +33600 +34200 2093 1005 0
a range +33600 +34200 2094 1004 0
a range +33600 +34200 2095 1006 0
a range +33600 +34200 2096 1004 0
a range +33600 +34200 2097 1006 0
a range +33600 +34200 2100 1006 0
a range +33600 +34200 2102 1005 0
a range +33600 +34200 2103 1002 0
a range +33600 +34200 2105 1007 0
a range +33600 +34200 2106 1010 0
a range +34200 +34800 2006 1002 0
a range +34200 +34800 2007 1002 0
a range +34200 +34800 2013 1001 0
a range +34200 +34800 2014 1012 0
a range +33600 +34800 2016 1003 0
a range +34200 +34800 2021 1009 0
a range +34200 +34800 2035 1012 0
a range +34200 +34800 2036 1012 0
a range +34200 +34800 2038 1011 0
a range +33600 +34800 2042 1011 0
a range +33600 +34800 2043 1009 0
a range +34200 +34800 2044 1009 0
a range +33600 +34800 2047 1003 0
a range +33600 +34800 2055 1003 0
a range +34200 +34800 2074 1011 0
a range +34200 +34800 2080 1010 0
a range +34200 +34800 2081 1010 0
a range +34200 +34800 2082 1007 0
a range +34200 +34800 2083 1004 0
a range +34200 +34800 2084 1008 0
a range +34200 +34800 2085 1008 0
a range +34200 +34800 2086 1005 0
a range +34200 +34800 2087 1008 0
a range +34200 +34800 2088 1001 0
a range +34200 +34800 2089 1006 0
a range +34200 +34800 2090 1001 0
a range +34200 +34800 2091 1004 0
a range +34200 +34800 2092 1007 0
a range +34200 +34800 2093 1005 0
a range +34200 +34800 2094 1004 0
a range +34200 +34800 2095 1006 0
a range +34200 +34800 2096 1006 0
a range +34200 +34800 2098 1007 0
a range +34200 +34800 2102 1005 0
a range +34200 +34800 2103 1002 0
a range +34200 +34800 2106 1010 0
a range +34800 +35400 1006 9003 0
a range +34800 +35400 1006 9007 0
a range +34800 +35400 1006 9005 0
a range +34800 +35400 2005 1002 0
a range +34800 +35400 2014 1012 0
a range +34800 +35400 2016 1001 0
a range +34800 +35400 2035 1012 0
a range +34800 +35400 2036 1012 0
a range +34800 +35400 2075 1011 0
a range +34800 +35400 2076 1011 0
a range +34800 +35400 2077 1009 0
a range +34800 +35400 2078 1009 0
a range +34800 +35400 2079 1009 0
a range +34800 +35400 2082 1010 0
a range +34800 +35400 2083 1008 0
a range +34800 +35400 2084 1010 0
a range +34800 +35400 2085 1008 0
a range +34800 +35400 2086 1001 0
a range +34800 +35400 2087 1004 0
a range +34800 +35400 2088 1007 0
a range +34800 +35400 2089 1008 0
a range +34800 +35400 2090 1004 0
a range +34800 +35400 2091 1004 0
a range +34800 +35400 2092 1007 0
a range +34800 +35400 2093 1001 0
a range +34800 +35400 2094 1005 0
a range +34800 +35400 2095 1005 0
a range +34800 +35400 2097 1003 0
a range +34800 +35400 2099 1011 0
a range +34800 +35400 2100 1002 0
a range +34800 +35400 2101 1002 0
a range +34800 +35400 2102 1005 0
a range +34800 +35400 2103 1007 0
a range +34800 +35400 2105 1003 0
a range +34800 +35400 2106 1010 0
a range +34800 +35400 2107 1003 0
a range +35400 +36000 1001 9001 0
a range +35400 +36000 1001 9007 0
a range +35400 +36000 1001 9005 0
a range +35400 +36000 2003 1004 0
a range +35400 +36000 2005 1002 0
a range +35400 +36000 2006 1007 0
a range +35400 +36000 2013 1006 0
a range +35400 +36000 2014 1012 0
a range +35400 +36000 2035 1012 0
a range +35400 +36000 2036 1012 0
a range +35400 +36000 2044 1006 0
a range +35400 +36000 2075 1011 0
a range +35400 +36000 2076 1011 0
a range +35400 +36000 2077 1009 0
a range +35400 +36000 2078 1009 0
a range +35400 +36000 2079 1009 0
a range +35400 +36000 2081 1010 0
a range +35400 +36000 2082 1008 0
a range +35400 +36000 2083 1010 0
a range +35400 +36000 2084 1008 0
a range +35400 +36000 2086 1007 0
a range +35400 +36000 2087 1004 0
a range +35400 +36000 2088 1008 0
a range +35400 +36000 2089 1004 0
a range +35400 +36000 2090 1007 0
a range +35400 +36000 2091 1010 0
a range +35400 +36000 2093 1005 0
a range +35400 +36000 2094 1005 0
a range +35400 +36000 2095 1005 0
a range +35400 +36000 2097 1003 0
a range +35400 +36000 2098 1003 0
a range +35400 +36000 2099 1011 0
a range +35400 +36000 2100 1002 0
a range +35400 +36000 2101 1002 0
a range +35400 +36000 2107 1003 0
a range +35400 +36000 2108 1006 0
a range +36000 +36600 1001 9005 0
a range +36000 +36600 1002 9004 0
a range +36000 +36600 1002 9002 0
a range +36000 +36600 1002 9008 0
a range +36000 +36600 2004 1011 0
a range +36000 +36600 2013 1006 0
a range +36000 +36600 2016 1001 0
a range +36000 +36600 2044 1006 0
a range +36000 +36600 2075 1011 0
a range +36000 +36600 2076 1011 0
a range +36000 +36600 2077 1009 0
a range +36000 +36600 2078 1009 0
a range +36000 +36600 2079 1009 0
a range +36000 +36600 2082 1010 0
a range +36000 +36600 2083 1007 0
a range +36000 +36600 2084 1010 0
a range +36000 +36600 2085 1001 0
a range +36000 +36600 2086 1004 0
a range +36000 +36600 2087 1004 0
a range +36000 +36600 2088 1004 0
a range +36000 +36600 2089 1007 0
a range +36000 +36600 2090 1010 0
a range +36000 +36600 2091 1007 0
a range +36000 +36600 2092 1005 0
a range +36000 +36600 2094 1005 0
a range +36000 +36600 2095 1005 0
a range +36000 +36600 2096 1006 0
a range +36000 +36600 2097 1003 0
a range +36000 +36600 2098 1003 0
a range +36000 +36600 2102 1012 0
a range +36000 +36600 2103 1012 0
a range +36000 +36600 2104 1012 0
a range +36000 +36600 2105 1003 0
a range +36600 +37200 1001 9005 0
a range +36000 +37200 1008 9003 0
a range +36000 +37200 1008 9007 0
a range +36000 +37200 1008 9001 0
a range +36600 +37200 2002 1011 0
a range +36600 +37200 2005 1001 0
a range +36600 +37200 2034 1002 0
a range +36600 +37200 2044 1006 0
a range +36600 +37200 2066 1002 0
a range +36600 +37200 2067 1002 0
a range +36600 +37200 2072 1009 0
a range +36600 +37200 2073 1009 0
a range +36600 +37200 2074 1009 0
a range +36600 +37200 2079 1010 0
a range +36600 +37200 2080 1010 0
a range +36600 +37200 2081 1007 0
a range +36600 +37200 2082 1010 0
a range +36600 +37200 2083 1007 0
a range +36600 +37200 2084 1005 0
a range +36600 +37200 2085 1011 0
a range +36600 +37200 2086 1004 0
a range +36600 +37200 2087 1001 0
a range +36600 +37200 2088 1004 0
a range +36600 +37200 2089 1005 0
a range +36600 +37200 2090 1004 0
a range +36600 +37200 2091 1007 0
a range +36600 +37200 2092 1011 0
a range +36600 +37200 2093 1006 0
a range +36600 +37200 2096 1006 0
a range +36600 +37200 2097 1005 0
a range +36600 +37200 2098 1003 0
a range +36600 +37200 2099 1003 0
a range +36600 +37200 2100 1003 0
a range +36600 +37200 2102 1012 0
a range +36600 +37200 2103 1012 0
a range +36600 +37200 2104 1012 0
a range +37200 +37800 1011 9006 0
a range +37200 +37800 1011 9002 0
a range +37200 +37800 1011 9004 0
a range +37200 +37800 2005 1001 0
a range +37200 +37800 2007 1010 0
a range +37200 +37800 2009 1001 0
a range +37200 +37800 2014 1008 0
a range +37200 +37800 2032 1008 0
a range +37200 +37800 2034 1002 0
a range +37200 +37800 2044 1006 0
a range +37200 +37800 2064 1008 0
a range +37200 +37800 2066 1002 0
a range +37200 +37800 2067 1002 0
a range +37200 +37800 2072 1009 0
a range +37200 +37800 2073 1009 0
a range +37200 +37800 2074 1009 0
a range +37200 +37800 2081 1010 0
a range +37200 +37800 2082 1005 0
a range +37200 +37800 2083 1005 0
a range +37200 +37800 2084 1004 0
a range +37200 +37800 2085 1004 0
a range +37200 +37800 2086 1007 0
a range +37200 +37800 2087 1001 0
a range +37200 +37800 2088 1004 0
a range +37200 +37800 2089 1010 0
a range +37200 +37800 2090 1007 0
a range +37200 +37800 2091 1007 0
a range +37200 +37800 2093 1006 0
a range +37200 +37800 2094 1003 0
a range +37200 +37800 2096 1006 0
a range +37200 +37800 2097 1005 0
a range +37200 +37800 2099 1003 0
a range +37200 +37800 2100 1003 0
a range +37200 +37800 2102 1012 0
a range +37200 +37800 2103 1012 0
a range +37200 +37800 2104 1012 0
a range +37800 +38400 1001 9002 0
a range +37800 +38400 1001 9004 0
a range +37800 +38400 1001 9008 0
a range +37800 +38400 2003 1011 0
a range +37800 +38400 2005 1007 0
a range +37800 +38400 2014 1008 0
a range +37800 +38400 2030 1011 0
a range +37800 +38400 2032 1008 0
a range +37800 +38400 2044 1006 0
a range +37800 +38400 2064 1008 0
a range +37800 +38400 2072 1009 0
a range +37800 +38400 2073 1009 0
a range +37800 +38400 2074 1009 0
a range +37800 +38400 2079 1010 0
a range +37800 +38400 2080 1010 0
a range +37800 +38400 2082 1003 0
a range +37800 +38400 2083 1004 0
a range +37800 +38400 2084 1004 0
a range +37800 +38400 2085 1011 0
a range +37800 +38400 2086 1007 0
a range +37800 +38400 2087 1005 0
a range +37800 +38400 2088 1005 0
a range +37800 +38400 2089 1007 0
a range +37800 +38400 2090 1004 0
a range +37800 +38400 2091 1010 0
a range +37800 +38400 2092 1005 0
a range +37800 +38400 2093 1006 0
a range +37800 +38400 2094 1003 0
a range +37800 +38400 2096 1006 0
a range +37800 +38400 2099 1003 0
a range +37800 +38400 2102 1012 0
a range +37800 +38400 2103 1012 0
a range +37800 +38400 2104 1012 0
a range +38400 +39000 1009 9004 0
a range +38400 +39000 1009 9002 0
a range +38400 +39000 1009 9006 0
a range +38400 +39000 2003 1011 0
a range +38400 +39000 2005 1004 0
a range +38400 +39000 2014 1008 0
a range +38400 +39000 2026 1001 0
a range +38400 +39000 2030 1011 0
a range +38400 +39000 2032 1008 0
a range +37800 +39000 2034 1002 0
a range +38400 +39000 2044 1006 0
a range +38400 +39000 2058 1001 0
a range +38400 +39000 2064 1008 0
a range +37800 +39000 2066 1002 0
a range +37800 +39000 2067 1002 0
a range +38400 +39000 2078 1010 0
a range +38400 +39000 2079 1010 0
a range +38400 +39000 2080 1007 0
a range +38400 +39000 2081 1007 0
a range +38400 +39000 2082 1003 0
a range +38400 +39000 2083 1004 0
a range +38400 +39000 2084 1004 0
a range +38400 +39000 2085 1011 0
a range +38400 +39000 2086 1005 0
a range +38400 +39000 2087 1005 0
a range +38400 +39000 2088 1010 0
a range +38400 +39000 2089 1007 0
a range +38400 +39000 2090 1001 0
a range +38400 +39000 2091 1003 0
a range +38400 +39000 2092 1005 0
a range +38400 +39000 2093 1006 0
a range +38400 +39000 2094 1003 0
a range +38400 +39000 2096 1006 0
a range +38400 +39000 2102 1012 0
a range +38400 +39000 2103 1012 0
a range +38400 +39000 2104 1012 0
a range +39000 +39600 1008 9002 0
a range +39000 +39600 1008 9003 0
a range +39000 +39600 1008 9004 0
a range +39000 +39600 2005 1004 0
a range +39000 +39600 2009 1006 0
a range +39000 +39600 2026 1001 0
a range +39000 +39600 2028 1009 0
a range +39000 +39600 2030 1011 0
a range +39000 +39600 2058 1001 0
a range +39000 +39600 2060 1009 0
a range +39000 +39600 2061 1009 0
a range +39000 +39600 2073 1011 0
a range +39000 +39600 2074 1006 0
a range +39000 +39600 2075 1006 0
a range +39000 +39600 2076 1001 0
a range +39000 +39600 2077 1002 0
a range +39000 +39600 2079 1007 0
a range +39000 +39600 2081 1007 0
a range +39000 +39600 2082 1005 0
a range +39000 +39600 2084 1005 0
a range +39000 +39600 2085 1004 0
a range +39000 +39600 2086 1005 0
a range +39000 +39600 2088 1007 0
a range +39000 +39600 2089 1004 0
a range +39000 +39600 2090 1003 0
a range +39000 +39600 2091 1003 0
a range +39000 +39600 2095 1011 0
a range +39000 +39600 2096 1003 0
a range +39000 +39600 2097 1002 0
a range +39000 +39600 2098 1002 0
a range +39000 +39600 2099 1012 0
a range +39000 +39600 2100 1012 0
a range +39000 +39600 2101 1012 0
a range +39000 +40200 1010 9001 0
a range +39000 +40200 1010 9007 0
a range +39000 +40200 1010 9005 0
a range +39600 +40200 2005 1007 0
a range +39600 +40200 2006 1007 0
a range +39600 +40200 2008 1004 0
a range +39600 +40200 2010 1008 0
a range +39600 +40200 2026 1001 0
a range +39600 +40200 2028 1009 0
a range +39600 +40200 2029 1008 0
a range +39600 +40200 2031 1008 0
a range +39600 +40200 2060 1009 0
a range +39600 +40200 2061 1009 0
a range +39600 +40200 2073 1011 0
a range +39600 +40200 2076 1001 0
a range +39600 +40200 2077 1002 0
a range +39600 +40200 2080 1005 0
a range +39600 +40200 2081 1005 0
a range +39600 +40200 2082 1006 0
a range +39600 +40200 2083 1012 0
a range +39600 +40200 2084 1005 0
a range +39600 +40200 2085 1004 0
a range +39600 +40200 2086 1004 0
a range +39600 +40200 2088 1007 0
a range +39600 +40200 2089 1003 0
a range +39600 +40200 2090 1003 0
a range +39600 +40200 2091 1006 0
a range +39600 +40200 2092 1006 0
a range +39600 +40200 2094 1011 0
a range +39600 +40200 2095 1011 0
a range +39600 +40200 2096 1003 0
a range +39600 +40200 2097 1002 0
a range +39600 +40200 2098 1002 0
a range +39600 +40200 2099 1012 0
a range +39600 +40200 2100 1012 0
a range +40200 +40800 1006 9007 0
a range +40200 +40800 1006 9001 0
a range +40200 +40800 1006 9003 0
a range +40200 +40800 2002 1007 0
a range +40200 +40800 2005 1004 0
a range +40200 +40800 2009 1001 0
a range +40200 +40800 2010 1008 0
a range +40200 +40800 2016 1010 0
a range +40200 +40800 2026 1001 0
a range +40200 +40800 2028 1009 0
a range +40200 +40800 2029 1008 0
a range +40200 +40800 2030 1010 0
a range +40200 +40800 2031 1008 0
a range +40200 +40800 2060 1009 0
a range +40200 +40800 2061 1009 0
a range +40200 +40800 2062 1010 0
a range +40200 +40800 2073 1011 0
a range +40200 +40800 2077 1002 0
a range +40200 +40800 2078 1007 0
a range +40200 +40800 2079 1007 0
a range +40200 +40800 2080 1004 0
a range +40200 +40800 2081 1004 0
a range +40200 +40800 2082 1005 0
a range +40200 +40800 2085 1005 0
a range +40200 +40800 2086 1003 0
a range +39600 +40800 2087 1001 0
a range +40200 +40800 2088 1003 0
a range +40200 +40800 2089 1003 0
a range +40200 +40800 2090 1005 0
a range +40200 +40800 2091 1012 0
a range +40200 +40800 2094 1011 0
a range +40200 +40800 2095 1011 0
a range +40200 +40800 2096 1012 0
a range +40200 +40800 2097 1002 0
a range +40200 +40800 2098 1002 0
a range +40200 +40800 2099 1012 0
a range +40800 +41400 1005 9001 0
a range +40800 +41400 1005 9005 0
a range +40800 +41400 1005 9007 0
a range +40800 +41400 2007 1004 0
a range +40800 +41400 2008 1006 0
a range +40800 +41400 2009 1001 0
a range +40800 +41400 2016 1010 0
a range +40800 +41400 2029 1008 0
a range +40800 +41400 2030 1010 0
a range +40800 +41400 2031 1008 0
a range +40800 +41400 2062 1010 0
a range +40800 +41400 2065 1006 0
a range +40800 +41400 2069 1001 0
a range +40800 +41400 2070 1011 0
a range +40800 +41400 2071 1009 0
a range +40800 +41400 2072 1011 0
a range +40800 +41400 2075 1009 0
a range +40800 +41400 2076 1009 0
a range +40800 +41400 2077 1007 0
a range +40800 +41400 2078 1007 0
a range +40800 +41400 2079 1007 0
a range +40800 +41400 2080 1004 0
a range +40800 +41400 2081 1004 0
a range +40800 +41400 2082 1006 0
a range +40800 +41400 2083 1011 0
a range +40800 +41400 2084 1001 0
a range +40800 +41400 2088 1003 0
a range +40800 +41400 2089 1003 0
a range +40800 +41400 2090 1003 0
a range +40800 +41400 2093 1002 0
a range +40800 +41400 2095 1012 0
a range +40800 +41400 2096 1012 0
a range +40800 +41400 2098 1012 0
a range +40800 +41400 2100 1002 0
a range +40800 +41400 2102 1002 0
a range +41400 +42000 2005 1007 0
a range +41400 +42000 2008 1006 0
a range +41400 +42000 2009 1001 0
a range +40800 +42000 2010 1008 0
a range +41400 +42000 2016 1010 0
a range +41400 +42000 2029 1008 0
a range +41400 +42000 2030 1010 0
a range +41400 +42000 2031 1008 0
a range +41400 +42000 2034 1005 0
a range +41400 +42000 2040 1005 0
a range +41400 +42000 2062 1010 0
a range +41400 +42000 2065 1006 0
a range +41400 +42000 2066 1005 0
a range +41400 +42000 2069 1001 0
a range +41400 +42000 2070 1011 0
a range +41400 +42000 2071 1009 0
a range +41400 +42000 2072 1011 0
a range +41400 +42000 2074 1007 0
a range +41400 +42000 2075 1009 0
a range +41400 +42000 2076 1009 0
a range +41400 +42000 2078 1004 0
a range +41400 +42000 2079 1004 0
a range +41400 +42000 2080 1007 0
a range +41400 +42000 2081 1004 0
a range +41400 +42000 2082 1006 0
a range +41400 +42000 2083 1011 0
a range +41400 +42000 2084 1001 0
a range +41400 +42000 2085 1003 0
a range +41400 +42000 2086 1003 0
a range +41400 +42000 2087 1003 0
a range +41400 +42000 2093 1002 0
a range +41400 +42000 2095 1012 0
a range +41400 +42000 2097 1012 0
a range +41400 +42000 2098 1012 0
a range +41400 +42000 2100 1002 0
a range +41400 +42000 2102 1002 0
a range +42000 +42600 1005 9007 0
a range +42000 +42600 1005 9001 0
a range +42000 +42600 1005 9003 0
a range +42000 +42600 2005 1003 0
a range +42000 +42600 2008 1006 0
a range +42000 +42600 2009 1001 0
a range +42000 +42600 2010 1008 0
a range +42000 +42600 2016 1010 0
a range +42000 +42600 2029 1008 0
a range +42000 +42600 2030 1010 0
a range +42000 +42600 2031 1008 0
a range +42000 +42600 2062 1010 0
a range +42000 +42600 2065 1006 0
a range +42000 +42600 2069 1001 0
a range +42000 +42600 2070 1011 0
a range +42000 +42600 2071 1009 0
a range +42000 +42600 2073 1007 0
a range +42000 +42600 2074 1007 0
a range +42000 +42600 2075 1009 0
a range +42000 +42600 2076 1009 0
a range +42000 +42600 2077 1007 0
a range +42000 +42600 2078 1004 0
a range +42000 +42600 2079 1004 0
a range +42000 +42600 2080 1004 0
a range +42000 +42600 2082 1006 0
a range +42000 +42600 2083 1011 0
a range +42000 +42600 2086 1003 0
a range +42000 +42600 2087 1003 0
a range +42000 +42600 2090 1012 0
a range +42000 +42600 2093 1002 0
a range +42000 +42600 2097 1012 0
a range +42000 +42600 2098 1012 0
a range +42000 +42600 2100 1002 0
a range +42000 +42600 2102 1002 0
a range +42600 +43200 2008 1006 0
a range +42600 +43200 2009 1001 0
a range +42600 +43200 2010 1008 0
a range +42600 +43200 2011 1005 0
a range +42600 +43200 2012 1003 0
a range +42600 +43200 2016 1010 0
a range +42600 +43200 2029 1008 0
a range +42600 +43200 2030 1010 0
a range +42600 +43200 2031 1008 0
a range +42600 +43200 2033 1005 0
a range +42600 +43200 2051 1005 0
a range +42600 +43200 2062 1010 0
a range +42600 +43200 2065 1006 0
a range +42600 +43200 2066 1007 0
a range +42600 +43200 2069 1001 0
a range +42600 +43200 2070 1011 0
a range +42600 +43200 2071 1009 0
a range +42000 +43200 2072 1011 0
a range +42600 +43200 2074 1004 0
a range +42600 +43200 2075 1009 0
a range +42600 +43200 2076 1009 0
a range +42600 +43200 2077 1004 0
a range +42600 +43200 2078 1007 0
a range +42600 +43200 2079 1004 0
a range +42600 +43200 2080 1007 0
a range +42600 +43200 2082 1006 0
a range +42600 +43200 2083 1011 0
a range +42000 +43200 2084 1001 0
a range +42600 +43200 2085 1003 0
a range +42600 +43200 2087 1003 0
a range +42600 +43200 2089 1012 0
a range +42600 +43200 2091 1012 0
a range +42600 +43200 2095 1002 0
a range +42600 +43200 2096 1002 0
a range +42600 +43200 2097 1012 0
a range +42600 +43200 2099 1002 0
a range +43200 +43800 2008 1006 0
a range +43200 +43800 2009 1001 0
a range +43200 +43800 2010 1008 0
a range +43200 +43800 2011 1005 0
a range +43200 +43800 2012 1004 0
a range +43200 +43800 2016 1010 0
a range +43200 +43800 2029 1008 0
a range +43200 +43800 2030 1010 0
a range +43200 +43800 2031 1008 0
a range +43200 +43800 2033 1005 0
a range +43200 +43800 2051 1005 0
a range +43200 +43800 2062 1010 0
a range +43200 +43800 2064 1007 0
a range +43200 +43800 2065 1006 0
a range +43200 +43800 2069 1001 0
a range +43200 +43800 2070 1011 0
a range +43200 +43800 2071 1009 0
a range +43200 +43800 2072 1011 0
a range +43200 +43800 2073 1007 0
a range +43200 +43800 2074 1007 0
a range +43200 +43800 2075 1009 0
a range +43200 +43800 2076 1009 0
a range +43200 +43800 2077 1004 0
a range +43200 +43800 2078 1004 0
a range +43200 +43800 2080 1003 0
a range +43200 +43800 2081 1003 0
a range +43200 +43800 2082 1006 0
a range +43200 +43800 2083 1011 0
a range +43200 +43800 2084 1001 0
a range +43200 +43800 2085 1003 0
a range +43200 +43800 2088 1012 0
a range +43200 +43800 2090 1012 0
a range +43200 +43800 2091 1012 0
a range +43200 +43800 2095 1002 0
a range +43200 +43800 2096 1002 0
a range +43200 +43800 2099 1002 0
a range +43800 +44400 1010 9006 0
a range +43800 +44400 1010 9004 0
a range +43800 +44400 1010 9002 0
a range +43800 +44400 2008 1006 0
a range +43800 +44400 2009 1001 0
a range +43800 +44400 2010 1008 0
a range +43800 +44400 2011 1005 0
a range +43800 +44400 2012 1004 0
a range +43800 +44400 2029 1008 0
a range +43800 +44400 2031 1008 0
a range +43800 +44400 2033 1005 0
a range +43800 +44400 2051 1005 0
a range +43800 +44400 2065 1006 0
a range +43800 +44400 2069 1001 0
a range +43800 +44400 2070 1007 0
a range +43800 +44400 2071 1009 0
a range +43800 +44400 2072 1004 0
a range +43800 +44400 2073 1007 0
a range +43800 +44400 2074 1004 0
a range +43800 +44400 2075 1009 0
a range +43800 +44400 2076 1009 0
a range +43800 +44400 2077 1007 0
a range +43800 +44400 2080 1003 0
a range +43800 +44400 2081 1003 0
a range +43800 +44400 2082 1006 0
a range +43800 +44400 2083 1003 0
a range +43800 +44400 2084 1001 0
a range +43800 +44400 2087 1012 0
a range +43800 +44400 2088 1011 0
a range +43800 +44400 2089 1012 0
a range +43800 +44400 2090 1012 0
a range +43800 +44400 2092 1011 0
a range +43800 +44400 2093 1011 0
a range +43800 +44400 2095 1002 0
a range +43800 +44400 2096 1002 0
a range +43800 +44400 2099 1002 0
a range +44400 +45000 1001 9004 0
a range +44400 +45000 1001 9006 0
a range +44400 +45000 1001 9002 0
a range +44400 +45000 1003 9003 0
a range +44400 +45000 1007 9007 0
a range +44400 +45000 1007 9001 0
a range +44400 +45000 2004 1005 0
a range +44400 +45000 2005 1008 0
a range +44400 +45000 2007 1010 0
a range +44400 +45000 2008 1010 0
a range +44400 +45000 2025 1010 0
a range +44400 +45000 2062 1008 0
a range +44400 +45000 2063 1004 0
a range +44400 +45000 2064 1006 0
a range +44400 +45000 2066 1009 0
a range +44400 +45000 2067 1008 0
a range +44400 +45000 2068 1009 0
a range +44400 +45000 2076 1004 0
a range +44400 +45000 2077 1004 0
a range +44400 +45000 2078 1005 0
a range +44400 +45000 2079 1005 0
a range +44400 +45000 2081 1003 0
a range +44400 +45000 2082 1011 0
a range +44400 +45000 2083 1012 0
a range +44400 +45000 2084 1003 0
a range +44400 +45000 2085 1006 0
a range +44400 +45000 2086 1009 0
a range +44400 +45000 2087 1012 0
a range +44400 +45000 2088 1011 0
a range +44400 +45000 2089 1012 0
a range +44400 +45000 2090 1002 0
a range +44400 +45000 2091 1002 0
a range +44400 +45000 2092 1002 0
a range +44400 +45000 2093 1011 0
a range +44400 +45000 2094 1006 0
a range +45000 +45600 1007 9003 0
a range +45000 +45600 1007 9007 0
a range +44400 +45600 1007 9005 0
a range +45000 +45600 2004 1005 0
a range +45000 +45600 2005 1008 0
a range +45000 +45600 2006 1012 0
a range +45000 +45600 2007 1010 0
a range +45000 +45600 2008 1010 0
a range +45000 +45600 2009 1004 0
a range +45000 +45600 2010 1001 0
a range +45000 +45600 2025 1010 0
a range +45000 +45600 2039 1001 0
a range +45000 +45600 2054 1001 0
a range +45000 +45600 2062 1008 0
a range +45000 +45600 2064 1006 0
a range +45000 +45600 2067 1008 0
a range +45000 +45600 2075 1004 0
a range +45000 +45600 2076 1004 0
a range +45000 +45600 2077 1011 0
a range +45000 +45600 2078 1005 0
a range +45000 +45600 2079 1005 0
a range +45000 +45600 2080 1011 0
a range +45000 +45600 2081 1009 0
a range +45000 +45600 2082 1003 0
a range +45000 +45600 2083 1012 0
a range +45000 +45600 2084 1003 0
a range +45000 +45600 2085 1006 0
a range +45000 +45600 2086 1012 0
a range +45000 +45600 2087 1009 0
a range +45000 +45600 2088 1009 0
a range +45000 +45600 2090 1002 0
a range +45000 +45600 2091 1002 0
a range +45000 +45600 2092 1002 0
a range +45000 +45600 2093 1011 0
a range +45000 +45600 2094 1006 0
a range +45600 +46200 1003 9007 0
a range +45000 +46200 1003 9001 0
a range +45600 +46200 1003 9003 0
a range +45600 +46200 1008 9004 0
a range +45600 +46200 1008 9002 0
a range +45600 +46200 1008 9006 0
a range +45600 +46200 2008 1010 0
a range +45600 +46200 2010 1001 0
a range +45600 +46200 2011 1004 0
a range +45600 +46200 2017 1007 0
a range +45600 +46200 2018 1007 0
a range +45600 +46200 2019 1007 0
a range +45600 +46200 2025 1010 0
a range +45600 +46200 2039 1001 0
a range +45600 +46200 2054 1001 0
a range +45600 +46200 2064 1006 0
a range +45600 +46200 2074 1010 0
a range +45600 +46200 2075 1004 0
a range +45600 +46200 2076 1004 0
a range +45600 +46200 2080 1009 0
a range +45600 +46200 2081 1011 0
a range +45600 +46200 2082 1011 0
a range +45600 +46200 2083 1009 0
a range +45600 +46200 2084 1012 0
a range +45600 +46200 2085 1006 0
a range +45600 +46200 2086 1012 0
a range +45600 +46200 2087 1009 0
a range +45600 +46200 2088 1012 0
a range +45600 +46200 2089 1011 0
a range +45600 +46200 2090 1002 0
a range +45600 +46200 2091 1002 0
a range +45600 +46200 2092 1002 0
a range +45600 +46200 2094 1006 0
a range +45600 +46800 2004 1005 0
a range +46200 +46800 2006 1008 0
a range +46200 +46800 2008 1010 0
a range +46200 +46800 2010 1001 0
a range +46200 +46800 2011 1002 0
a range +46200 +46800 2017 1007 0
a range +46200 +46800 2018 1007 0
a range +46200 +46800 2019 1007 0
a range +46200 +46800 2022 1003 0
a range +46200 +46800 2025 1010 0
a range +46200 +46800 2028 1003 0
a range +46200 +46800 2038 1008 0
a range +46200 +46800 2039 1001 0
a range +46200 +46800 2054 1001 0
a range +46200 +46800 2060 1003 0
a range +46200 +46800 2064 1006 0
a range +46200 +46800 2070 1008 0
a range +46200 +46800 2072 1004 0
a range +46200 +46800 2073 1004 0
a range +46200 +46800 2074 1010 0
a range +46200 +46800 2075 1004 0
a range +46200 +46800 2076 1012 0
a range +45600 +46800 2078 1005 0
a range +45600 +46800 2079 1005 0
a range +46200 +46800 2080 1011 0
a range +46200 +46800 2081 1002 0
a range +46200 +46800 2082 1009 0
a range +46200 +46800 2083 1009 0
a range +46200 +46800 2084 1012 0
a range +46200 +46800 2085 1006 0
a range +46200 +46800 2086 1012 0
a range +46200 +46800 2087 1002 0
a range +46200 +46800 2088 1009 0
a range +46200 +46800 2089 1011 0
a range +46200 +46800 2092 1011 0
a range +46200 +46800 2094 1006 0
a range +46800 +47400 1007 9004 0
a range +46800 +47400 1007 9002 0
a range +46800 +47400 1007 9006 0
a range +46800 +47400 1012 9001 0
a range +46800 +47400 1012 9003 0
a range +46800 +47400 1012 9007 0
a range +46800 +47400 2006 1008 0
a range +46800 +47400 2010 1002 0
a range +46800 +47400 2020 1001 0
a range +46800 +47400 2022 1003 0
a range +46800 +47400 2028 1003 0
a range +46800 +47400 2038 1008 0
a range +46800 +47400 2060 1003 0
a range +46800 +47400 2066 1010 0
a range +46800 +47400 2067 1001 0
a range +46800 +47400 2068 1005 0
a range +46800 +47400 2069 1008 0
a range +46800 +47400 2070 1004 0
a range +46800 +47400 2071 1005 0
a range +46800 +47400 2072 1004 0
a range +46800 +47400 2073 1004 0
a range +46800 +47400 2074 1010 0
a range +46800 +47400 2077 1001 0
a range +46800 +47400 2080 1006 0
a range +46800 +47400 2081 1011 0
a range +46800 +47400 2082 1002 0
a range +46800 +47400 2083 1009 0
a range +46800 +47400 2084 1009 0
a range +46800 +47400 2085 1009 0
a range +46800 +47400 2086 1002 0
a range +46800 +47400 2087 1011 0
a range +46800 +47400 2088 1011 0
a range +46800 +47400 2090 1005 0
a range +46800 +47400 2092 1006 0
a range +46800 +47400 2095 1006 0
a range +47400 +48000 2006 1008 0
a range +47400 +48000 2012 1004 0
a range +47400 +48000 2020 1001 0
a range +47400 +48000 2022 1003 0
a range +47400 +48000 2028 1003 0
a range +47400 +48000 2033 1007 0
a range +47400 +48000 2034 1007 0
a range +47400 +48000 2037 1012 0
a range +47400 +48000 2038 1008 0
a range +47400 +48000 2048 1012 0
a range +47400 +48000 2049 1007 0
a range +47400 +48000 2050 1012 0
a range +47400 +48000 2060 1003 0
a range +47400 +48000 2066 1010 0
a range +47400 +48000 2067 1001 0
a range +47400 +48000 2068 1005 0
a range +47400 +48000 2069 1008 0
a range +47400 +48000 2070 1004 0
a range +47400 +48000 2071 1005 0
a range +47400 +48000 2073 1004 0
a range +47400 +48000 2074 1010 0
a range +47400 +48000 2075 1002 0
a range +47400 +48000 2077 1001 0
a range +47400 +48000 2078 1006 0
a range +47400 +48000 2079 1011 0
a range +47400 +48000 2080 1011 0
a range +47400 +48000 2081 1009 0
a range +47400 +48000 2082 1011 0
a range +47400 +48000 2083 1006 0
a range +47400 +48000 2084 1009 0
a range +47400 +48000 2085 1002 0
a range +47400 +48000 2086 1009 0
a range +47400 +48000 2087 1002 0
a range +47400 +48000 2090 1005 0
a range +46800 +48000 2091 1010 0
a range +47400 +48000 2092 1006 0
a range +48000 +48600 1004 9007 0
a range +48000 +48600 1004 9005 0
a range +48000 +48600 1004 9003 0
a range +48000 +48600 2002 1002 0
a range +48000 +48600 2005 1003 0
a range +48000 +48600 2020 1001 0
a range +48000 +48600 2033 1007 0
a range +48000 +48600 2049 1007 0
a range +48000 +48600 2062 1008 0
a range +48000 +48600 2063 1007 0
a range +48000 +48600 2064 1010 0
a range +48000 +48600 2065 1003 0
a range +48000 +48600 2067 1001 0
a range +48000 +48600 2068 1005 0
a range +48000 +48600 2069 1008 0
a range +48000 +48600 2071 1005 0
a range +48000 +48600 2072 1010 0
a range +48000 +48600 2074 1012 0
a range +48000 +48600 2075 1012 0
a range +48000 +48600 2076 1003 0
a range +48000 +48600 2077 1001 0
a range +48000 +48600 2078 1011 0
a range +48000 +48600 2079 1011 0
a range +48000 +48600 2080 1009 0
a range +48000 +48600 2081 1006 0
a range +48000 +48600 2082 1009 0
a range +48000 +48600 2084 1011 0
a range +48000 +48600 2085 1009 0
a range +48000 +48600 2086 1002 0
a range +48000 +48600 2087 1002 0
a range +48000 +48600 2088 1010 0
a range +48000 +48600 2089 1005 0
a range +48000 +48600 2090 1006 0
a range +48000 +48600 2091 1006 0
a range +48000 +48600 2093 1008 0
a range +48000 +48600 2096 1012 0
a range +48600 +49200 1012 9003 0
a range +48600 +49200 2002 1011 0
a range +48600 +49200 2003 1007 0
a range +48600 +49200 2005 1003 0
a range +48600 +49200 2006 1005 0
a range +48600 +49200 2033 1007 0
a range +48600 +49200 2061 1008 0
a range +48600 +49200 2063 1007 0
a range +48600 +49200 2064 1010 0
a range +48600 +49200 2065 1003 0
a range +48600 +49200 2066 1008 0
a range +48600 +49200 2070 1010 0
a range +48600 +49200 2072 1010 0
a range +48600 +49200 2073 1001 0
a range +48600 +49200 2075 1012 0
a range +48600 +49200 2076 1003 0
a range +48600 +49200 2077 1011 0
a range +48600 +49200 2078 1006 0
a range +48600 +49200 2079 1006 0
a range +48600 +49200 2080 1009 0
a range +48600 +49200 2081 1009 0
a range +48600 +49200 2082 1002 0
a range +48600 +49200 2083 1001 0
a range +48600 +49200 2084 1012 0
a range +48600 +49200 2085 1002 0
a range +48600 +49200 2086 1009 0
a range +48600 +49200 2087 1011 0
a range +48600 +49200 2088 1005 0
a range +48600 +49200 2089 1005 0
a range +48600 +49200 2090 1006 0
a range +48600 +49200 2092 1001 0
a range +48600 +49200 2093 1008 0
a range +48600 +49200 2094 1002 0
a range +49200 +49800 1003 9004 0
a range +49200 +49800 1003 9006 0
a range +49200 +49800 1003 9002 0
a range +48600 +49800 1004 9001 0
a range +48600 +49800 1004 9007 0
a range +48600 +49800 1004 9005 0
a range +49200 +49800 1005 9003 0
a range +49200 +49800 2003 1007 0
a range +49200 +49800 2004 1007 0
a range +49200 +49800 2007 1006 0
a range +49200 +49800 2061 1008 0
a range +49200 +49800 2063 1007 0
a range +49200 +49800 2064 1010 0
a range +49200 +49800 2066 1008 0
a range +49200 +49800 2068 1009 0
a range +49200 +49800 2069 1012 0
a range +49200 +49800 2070 1010 0
a range +49200 +49800 2071 1012 0
a range +49200 +49800 2072 1010 0
a range +49200 +49800 2073 1001 0
a range +49200 +49800 2074 1008 0
a range +49200 +49800 2075 1012 0
a range +49200 +49800 2077 1005 0
a range +49200 +49800 2078 1011 0
a range +49200 +49800 2080 1006 0
a range +49200 +49800 2081 1002 0
a range +49200 +49800 2082 1002 0
a range +49200 +49800 2083 1001 0
a range +49200 +49800 2084 1009 0
a range +49200 +49800 2085 1009 0
a range +49200 +49800 2086 1011 0
a range +49200 +49800 2087 1011 0
a range +49200 +49800 2088 1005 0
a range +49200 +49800 2089 1006 0
a range +49200 +49800 2091 1001 0
a range +49200 +49800 2094 1002 0
a range +49800 +50400 1004 9004 0
a range +49800 +50400 1004 9002 0
a range +49800 +50400 1004 9006 0
a range +49800 +50400 2004 1007 0
a range +49800 +50400 2006 1003 0
a range +49800 +50400 2008 1009 0
a range +49800 +50400 2038 1003 0
a range +49800 +50400 2048 1003 0
a range +49800 +50400 2056 1010 0
a range +49800 +50400 2057 1010 0
a range +49800 +50400 2058 1005 0
a range +49800 +50400 2059 1007 0
a range +49800 +50400 2060 1007 0
a range +49800 +50400 2061 1008 0
a range +49800 +50400 2062 1005 0
a range +49800 +50400 2063 1011 0
a range +49800 +50400 2064 1009 0
a range +49800 +50400 2065 1001 0
a range +49800 +50400 2067 1012 0
a range +49800 +50400 2068 1009 0
a range +49800 +50400 2069 1012 0
a range +49800 +50400 2070 1010 0
a range +49800 +50400 2071 1012 0
a range +49800 +50400 2073 1006 0
a range +49800 +50400 2074 1008 0
a range +49800 +50400 2075 1006 0
a range +49800 +50400 2076 1001 0
a range +49800 +50400 2077 1005 0
a range +49800 +50400 2079 1002 0
a range +49800 +50400 2080 1006 0
a range +49800 +50400 2081 1011 0
a range +49800 +50400 2083 1001 0
a range +49800 +50400 2084 1011 0
a range +49800 +50400 2086 1002 0
a range +49800 +50400 2094 1002 0
a range +50400 +51000 2002 1012 0
a range +50400 +51000 2003 1010 0
a range +50400 +51000 2004 1007 0
a range +50400 +51000 2006 1003 0
a range +50400 +51000 2008 1009 0
a range +50400 +51000 2038 1003 0
a range +50400 +51000 2048 1003 0
a range +50400 +51000 2050 1004 0
a range +50400 +51000 2051 1004 0
a range +50400 +51000 2052 1004 0
a range +50400 +51000 2058 1005 0
a range +50400 +51000 2059 1007 0
a range +50400 +51000 2060 1007 0
a range +50400 +51000 2061 1008 0
a range +50400 +51000 2062 1005 0
a range +50400 +51000 2065 1001 0
a range +49800 +51000 2066 1008 0
a range +50400 +51000 2068 1011 0
a range +50400 +51000 2069 1009 0
a range +50400 +51000 2070 1009 0
a range +50400 +51000 2071 1010 0
a range +50400 +51000 2072 1006 0
a range +50400 +51000 2073 1006 0
a range +50400 +51000 2074 1008 0
a range +50400 +51000 2075 1006 0
a range +50400 +51000 2076 1001 0
a range +50400 +51000 2077 1005 0
a range +50400 +51000 2078 1011 0
a range +50400 +51000 2079 1011 0
a range +50400 +51000 2080 1002 0
a range +50400 +51000 2081 1002 0
a range +50400 +51000 2083 1001 0
a range +50400 +51000 2084 1002 0
a range +50400 +51000 2085 1012 0
a range +50400 +51000 2087 1010 0
a range +50400 +51000 2088 1012 0
a range +51000 +51600 1012 9004 0
a range +51000 +51600 1012 9002 0
a range +51000 +51600 1012 9006 0
a range +51000 +51600 2004 1007 0
a range +51000 +51600 2006 1003 0
a range +51000 +51600 2008 1009 0
a range +51000 +51600 2012 1009 0
a range +51000 +51600 2017 1006 0
a range +51000 +51600 2038 1003 0
a range +51000 +51600 2048 1003 0
a range +51000 +51600 2050 1004 0
a range +51000 +51600 2051 1004 0
a range +51000 +51600 2052 1004 0
a range +51000 +51600 2059 1007 0
a range +51000 +51600 2060 1007 0
a range +51000 +51600 2061 1008 0
a range +51000 +51600 2065 1001 0
a range +51000 +51600 2066 1008 0
a range +51000 +51600 2068 1011 0
a range +51000 +51600 2069 1011 0
a range +51000 +51600 2070 1009 0
a range +51000 +51600 2071 1010 0
a range +51000 +51600 2072 1006 0
a range +51000 +51600 2073 1006 0
a range +51000 +51600 2074 1008 0
a range +51000 +51600 2075 1010 0
a range +51000 +51600 2076 1005 0
a range +51000 +51600 2077 1011 0
a range +51000 +51600 2078 1010 0
a range +51000 +51600 2079 1002 0
a range +51000 +51600 2080 1005 0
a range +51000 +51600 2081 1005 0
a range +51000 +51600 2083 1001 0
a range +51000 +51600 2084 1002 0
a range +51000 +51600 2085 1002 0
a range +51000 +51600 2089 1001 0
a range +51600 +52200 1009 9005 0
a range +51600 +52200 1009 9003 0
a range +51600 +52200 1009 9001 0
a range +51600 +52200 2007 1003 0
a range +51600 +52200 2008 1011 0
a range +51600 +52200 2021 1012 0
a range +51600 +52200 2022 1012 0
a range +51600 +52200 2045 1012 0
a range +51600 +52200 2051 1004 0
a range +51600 +52200 2052 1004 0
a range +51600 +52200 2056 1007 0
a range +51600 +52200 2057 1003 0
a range +51600 +52200 2058 1008 0
a range +51600 +52200 2062 1007 0
a range +51600 +52200 2063 1008 0
a range +51600 +52200 2064 1003 0
a range +51600 +52200 2067 1007 0
a range +51600 +52200 2068 1011 0
a range +51600 +52200 2069 1011 0
a range +51600 +52200 2070 1002 0
a range +51600 +52200 2071 1006 0
a range +51600 +52200 2072 1006 0
a range +51600 +52200 2073 1010 0
a range +51600 +52200 2074 1006 0
a range +51600 +52200 2075 1005 0
a range +51600 +52200 2076 1005 0
a range +51600 +52200 2077 1010 0
a range +51600 +52200 2078 1010 0
a range +51600 +52200 2079 1001 0
a range +51600 +52200 2080 1002 0
a range +51600 +52200 2081 1005 0
a range +51600 +52200 2082 1008 0
a range +51600 +52200 2084 1002 0
a range +51600 +52200 2086 1001 0
a range +51600 +52200 2088 1001 0
a range +52200 +52800 2007 1003 0
a range +52200 +52800 2008 1002 0
a range +52200 +52800 2021 1012 0
a range +52200 +52800 2022 1012 0
a range +52200 +52800 2035 1009 0
a range +52200 +52800 2036 1009 0
a range +52200 +52800 2039 1009 0
a range +52200 +52800 2045 1012 0
a range +51600 +52800 2050 1004 0
a range +52200 +52800 2051 1004 0
a range +52200 +52800 2052 1004 0
a range +52200 +52800 2056 1007 0
a range +52200 +52800 2057 1003 0
a range +52200 +52800 2062 1007 0
a range +52200 +52800 2064 1003 0
a range +52200 +52800 2065 1011 0
a range +52200 +52800 2066 1011 0
a range +52200 +52800 2067 1007 0
a range +52200 +52800 2068 1010 0
a range +52200 +52800 2069 1011 0
a range +52200 +52800 2070 1006 0
a range +52200 +52800 2071 1006 0
a range +52200 +52800 2072 1008 0
a range +52200 +52800 2073 1010 0
a range +52200 +52800 2074 1005 0
a range +52200 +52800 2075 1005 0
a range +52200 +52800 2076 1002 0
a range +52200 +52800 2077 1010 0
a range +52200 +52800 2078 1002 0
a range +52200 +52800 2079 1008 0
a range +52200 +52800 2080 1005 0
a range +52200 +52800 2081 1006 0
a range +52200 +52800 2082 1001 0
a range +52200 +52800 2085 1001 0
a range +52200 +52800 2086 1001 0
a range +52200 +52800 2089 1008 0
a range +52800 +53400 2007 1003 0
a range +52800 +53400 2009 1002 0
a range +52800 +53400 2021 1012 0
a range +52800 +53400 2022 1012 0
a range +52800 +53400 2035 1009 0
a range +52800 +53400 2036 1009 0
a range +52800 +53400 2039 1009 0
a range +52800 +53400 2045 1012 0
a range +52800 +53400 2050 1004 0
a range +52800 +53400 2051 1004 0
a range +52800 +53400 2052 1004 0
a range +52800 +53400 2056 1007 0
a range +52800 +53400 2057 1003 0
a range +52800 +53400 2061 1011 0
a range +52800 +53400 2062 1007 0
a range +52800 +53400 2063 1011 0
a range +52800 +53400 2064 1003 0
a range +52800 +53400 2065 1010 0
a range +52800 +53400 2066 1011 0
a range +52800 +53400 2067 1007 0
a range +52800 +53400 2068 1010 0
a range +52800 +53400 2069 1006 0
a range +52800 +53400 2070 1006 0
a range +52800 +53400 2071 1006 0
a range +52800 +53400 2072 1008 0
a range +52800 +53400 2073 1005 0
a range +52800 +53400 2074 1005 0
a range +52800 +53400 2075 1005 0
a range +52800 +53400 2076 1002 0
a range +52800 +53400 2077 1010 0
a range +52800 +53400 2078 1002 0
a range +52800 +53400 2079 1008 0
a range +52800 +53400 2080 1001 0
a range +52800 +53400 2081 1008 0
a range +52800 +53400 2082 1001 0
a range +52800 +53400 2085 1001 0
a range +53400 +54000 1007 9008 0
a range +53400 +54000 1007 9004 0
a range +53400 +54000 1007 9006 0
a range +53400 +54000 1009 9001 0
a range +53400 +54000 1009 9005 0
a range +53400 +54000 1009 9002 0
a range +53400 +54000 2007 1003 0
a range +53400 +54000 2012 1002 0
a range +53400 +54000 2021 1012 0
a range +53400 +54000 2022 1012 0
a range +53400 +54000 2045 1012 0
a range +53400 +54000 2050 1004 0
a range +53400 +54000 2051 1004 0
a range +53400 +54000 2052 1004 0
a range +53400 +54000 2057 1003 0
a range +53400 +54000 2062 1011 0
a range +53400 +54000 2063 1011 0
a range +53400 +54000 2064 1003 0
a range +53400 +54000 2065 1011 0
a range +53400 +54000 2066 1010 0
a range +53400 +54000 2067 1010 0
a range +53400 +54000 2068 1006 0
a range +53400 +54000 2069 1006 0
a range +53400 +54000 2070 1006 0
a range +53400 +54000 2071 1010 0
a range +53400 +54000 2072 1005 0
a range +53400 +54000 2073 1002 0
a range +53400 +54000 2074 1005 0
a range +53400 +54000 2075 1002 0
a range +53400 +54000 2076 1005 0
a range +53400 +54000 2077 1008 0
a range +53400 +54000 2078 1001 0
a range +53400 +54000 2079 1008 0
a range +53400 +54000 2080 1001 0
a range +53400 +54000 2081 1008 0
a range +53400 +54000 2082 1001 0
a range +54000 +54600 2003 1001 0
a range +54000 +54600 2006 1007 0
a range +54000 +54600 2007 1003 0
a range +54000 +54600 2013 1002 0
a range +54000 +54600 2021 1012 0
a range +54000 +54600 2022 1012 0
a range +54000 +54600 2026 1009 0
a range +54000 +54600 2036 1009 0
a range +54000 +54600 2037 1007 0
a range +54000 +54600 2050 1004 0
a range +54000 +54600 2051 1004 0
a range +54000 +54600 2052 1004 0
a range +54000 +54600 2053 1007 0
a range +54000 +54600 2057 1003 0
a range +54000 +54600 2061 1011 0
a range +54000 +54600 2062 1011 0
a range +54000 +54600 2063 1005 0
a range +54000 +54600 2064 1003 0
a range +54000 +54600 2065 1010 0
a range +54000 +54600 2066 1011 0
a range +54000 +54600 2067 1006 0
a range +54000 +54600 2068 1006 0
a range +54000 +54600 2069 1010 0
a range +54000 +54600 2070 1005 0
a range +54000 +54600 2071 1008 0
a range +54000 +54600 2072 1005 0
a range +54000 +54600 2073 1002 0
a range +54000 +54600 2075 1002 0
a range +54000 +54600 2076 1010 0
a range +54000 +54600 2078 1006 0
a range +54000 +54600 2079 1001 0
a range +54000 +54600 2080 1001 0
a range +54000 +54600 2081 1008 0
a range +54000 +54600 2082 1008 0
a range +54000 +54600 2087 1012 0
a range +54600 +55200 1004 9006 0
a range +54600 +55200 1004 9004 0
a range +54600 +55200 1004 9008 0
a range +54600 +55200 2007 1003 0
a range +54600 +55200 2010 1007 0
a range +54600 +55200 2014 1002 0
a range +54600 +55200 2021 1012 0
a range +54600 +55200 2022 1012 0
a range +54600 +55200 2026 1009 0
a range +54000 +55200 2035 1009 0
a range +54600 +55200 2036 1009 0
a range +54600 +55200 2037 1007 0
a range +54600 +55200 2053 1007 0
a range +54600 +55200 2057 1003 0
a range +54600 +55200 2060 1011 0
a range +54600 +55200 2061 1011 0
a range +54600 +55200 2062 1006 0
a range +54600 +55200 2063 1005 0
a range +54600 +55200 2064 1003 0
a range +54600 +55200 2065 1011 0
a range +54600 +55200 2066 1001 0
a range +54600 +55200 2067 1006 0
a range +54600 +55200 2068 1010 0
a range +54600 +55200 2069 1006 0
a range +54600 +55200 2070 1005 0
a range +54600 +55200 2071 1002 0
a range +54600 +55200 2072 1002 0
a range +54600 +55200 2073 1005 0
a range +54600 +55200 2075 1010 0
a range +54600 +55200 2076 1010 0
a range +54600 +55200 2077 1008 0
a range +54600 +55200 2078 1001 0
a range +54600 +55200 2079 1001 0
a range +54600 +55200 2080 1008 0
a range +54600 +55200 2084 1008 0
a range +54600 +55200 2087 1012 0
a range +55200 +55800 1011 9005 0
a range +55200 +55800 1011 9003 0
a range +55200 +55800 1011 9001 0
a range +55200 +55800 2008 1001 0
a range +55200 +55800 2009 1009 0
a range +55200 +55800 2010 1007 0
a range +55200 +55800 2011 1012 0
a range +55200 +55800 2026 1009 0
a range +55200 +55800 2037 1007 0
a range +55200 +55800 2053 1007 0
a range +55200 +55800 2054 1012 0
a range +55200 +55800 2055 1004 0
a range +55200 +55800 2056 1004 0
a range +55200 +55800 2058 1009 0
a range +55200 +55800 2061 1005 0
a range +55200 +55800 2062 1006 0
a range +55200 +55800 2063 1006 0
a range +55200 +55800 2064 1001 0
a range +55200 +55800 2065 1010 0
a range +55200 +55800 2066 1001 0
a range +55200 +55800 2067 1006 0
a range +55200 +55800 2068 1003 0
a range +55200 +55800 2069 1010 0
a range +55200 +55800 2070 1005 0
a range +55200 +55800 2071 1002 0
a range +55200 +55800 2072 1002 0
a range +55200 +55800 2073 1005 0
a range +55200 +55800 2074 1004 0
a range +55200 +55800 2075 1003 0
a range +55200 +55800 2076 1010 0
a range +55200 +55800 2077 1008 0
a range +55200 +55800 2078 1008 0
a range +55200 +55800 2079 1002 0
a range +55200 +55800 2080 1008 0
a range +55200 +55800 2083 1003 0
a range +55200 +55800 2085 1012 0
a range +55800 +56400 1001 9005 0
a range +55800 +56400 1011 9007 0
a range +55800 +56400 1011 9001 0
a range +55800 +56400 1011 9003 0
a range +55800 +56400 2009 1009 0
a range +55800 +56400 2010 1007 0
a range +55800 +56400 2011 1012 0
a range +55800 +56400 2013 1007 0
a range +55800 +56400 2017 1009 0
a range +55800 +56400 2051 1006 0
a range +55800 +56400 2052 1007 0
a range +55800 +56400 2054 1012 0
a range +55800 +56400 2055 1004 0
a range +55800 +56400 2056 1004 0
a range +55800 +56400 2057 1009 0
a range +55800 +56400 2059 1004 0
a range +55800 +56400 2062 1006 0
a range +55800 +56400 2063 1006 0
a range +55800 +56400 2064 1005 0
a range +55800 +56400 2066 1005 0
a range +55800 +56400 2067 1010 0
a range +55800 +56400 2068 1002 0
a range +55800 +56400 2069 1010 0
a range +55800 +56400 2070 1002 0
a range +55800 +56400 2071 1002 0
a range +55800 +56400 2072 1005 0
a range +55800 +56400 2073 1010 0
a range +55800 +56400 2075 1001 0
a range +55800 +56400 2076 1008 0
a range +55800 +56400 2077 1003 0
a range +55800 +56400 2078 1001 0
a range +55800 +56400 2079 1003 0
a range +55800 +56400 2080 1008 0
a range +55800 +56400 2083 1008 0
a range +55800 +56400 2084 1003 0
a range +55800 +56400 2085 1012 0
a range +56400 +57000 1001 9007 0
a range +56400 +57000 1006 9005 0
a range +56400 +57000 1006 9003 0
a range +56400 +57000 1006 9001 0
a range +56400 +57000 2007 1009 0
a range +56400 +57000 2009 1009 0
a range +56400 +57000 2011 1012 0
a range +56400 +57000 2013 1007 0
a range +56400 +57000 2017 1009 0
a range +56400 +57000 2018 1002 0
a range +56400 +57000 2043 1011 0
a range +56400 +57000 2044 1011 0
a range +56400 +57000 2052 1007 0
a range +56400 +57000 2054 1012 0
a range +56400 +57000 2055 1011 0
a range +56400 +57000 2056 1004 0
a range +56400 +57000 2058 1004 0
a range +56400 +57000 2059 1004 0
a range +56400 +57000 2060 1005 0
a range +56400 +57000 2061 1007 0
a range +56400 +57000 2063 1010 0
a range +56400 +57000 2064 1005 0
a range +56400 +57000 2065 1012 0
a range +56400 +57000 2066 1005 0
a range +56400 +57000 2067 1010 0
a range +56400 +57000 2069 1002 0
a range +56400 +57000 2070 1008 0
a range +56400 +57000 2071 1001 0
a range +56400 +57000 2072 1001 0
a range +56400 +57000 2073 1003 0
a range +56400 +57000 2075 1010 0
a range +56400 +57000 2076 1002 0
a range +56400 +57000 2078 1008 0
a range +56400 +57000 2079 1003 0
a range +56400 +57000 2080 1003 0
a range +56400 +57000 2083 1008 0
a range +57000 +57600 1001 9001 0
a range +57000 +57600 1006 9007 0
a range +57000 +57600 1006 9005 0
a range +57000 +57600 1006 9003 0
a range +57000 +57600 2007 1009 0
a range +57000 +57600 2008 1005 0
a range +57000 +57600 2018 1002 0
a range +57000 +57600 2043 1011 0
a range +57000 +57600 2044 1011 0
a range +57000 +57600 2051 1009 0
a range +57000 +57600 2052 1007 0
a range +57000 +57600 2053 1012 0
a range +57000 +57600 2054 1010 0
a range +57000 +57600 2055 1011 0
a range +57000 +57600 2056 1010 0
a range +57000 +57600 2057 1010 0
a range +57000 +57600 2058 1004 0
a range +57000 +57600 2059 1004 0
a range +57000 +57600 2060 1002 0
a range +57000 +57600 2061 1007 0
a range +57000 +57600 2062 1012 0
a range +57000 +57600 2063 1005 0
a range +57000 +57600 2064 1005 0
a range +57000 +57600 2065 1012 0
a range +57000 +57600 2068 1004 0
a range +57000 +57600 2072 1001 0
a range +57000 +57600 2073 1001 0
a range +57000 +57600 2074 1003 0
a range +57000 +57600 2075 1008 0
a range +57000 +57600 2076 1008 0
a range +57000 +57600 2077 1003 0
a range +57000 +57600 2078 1008 0
a range +57000 +57600 2080 1002 0
a range +57000 +57600 2083 1003 0
a range +57600 +58200 1012 9006 0
a range +57600 +58200 1012 9008 0
a range +57600 +58200 1012 9002 0
a range +57600 +58200 2004 1011 0
a range +57600 +58200 2006 1006 0
a range +57600 +58200 2007 1009 0
a range +57000 +58200 2013 1007 0
a range +57600 +58200 2015 1002 0
a range +57000 +58200 2017 1009 0
a range +57600 +58200 2038 1006 0
a range +57600 +58200 2039 1006 0
a range +57600 +58200 2043 1011 0
a range +57600 +58200 2051 1009 0
a range +57600 +58200 2052 1007 0
a range +57600 +58200 2054 1010 0
a range +57600 +58200 2056 1005 0
a range +57600 +58200 2057 1010 0
a range +57600 +58200 2058 1004 0
a range +57600 +58200 2059 1004 0
a range +57600 +58200 2060 1005 0
a range +57600 +58200 2061 1007 0
a range +57600 +58200 2062 1005 0
a range +57600 +58200 2063 1010 0
a range +57600 +58200 2065 1002 0
a range +57600 +58200 2068 1004 0
a range +57600 +58200 2069 1002 0
a range +57600 +58200 2070 1008 0
a range +57600 +58200 2071 1001 0
a range +57600 +58200 2073 1001 0
a range +57600 +58200 2074 1003 0
a range +57600 +58200 2075 1008 0
a range +57600 +58200 2076 1008 0
a range +57600 +58200 2077 1003 0
a range +57600 +58200 2078 1003 0
a range +58200 +58800 2004 1011 0
a range +58200 +58800 2005 1010 0
a range +58200 +58800 2009 1012 0
a range +58200 +58800 2013 1007 0
a range +58200 +58800 2015 1005 0
a range +58200 +58800 2017 1009 0
a range +58200 +58800 2020 1012 0
a range +58200 +58800 2038 1006 0
a range +58200 +58800 2049 1008 0
a range +58200 +58800 2050 1006 0
a range +58200 +58800 2051 1009 0
a range +58200 +58800 2052 1007 0
a range +58200 +58800 2053 1010 0
a range +58200 +58800 2054 1008 0
a range +57600 +58800 2055 1011 0
a range +58200 +58800 2056 1005 0
a range +58200 +58800 2057 1002 0
a range +58200 +58800 2058 1004 0
a range +58200 +58800 2059 1004 0
a range +58200 +58800 2060 1005 0
a range +58200 +58800 2061 1007 0
a range +58200 +58800 2063 1010 0
a range +58200 +58800 2064 1011 0
a range +58200 +58800 2065 1002 0
a range +58200 +58800 2066 1009 0
a range +58200 +58800 2067 1012 0
a range +58200 +58800 2068 1004 0
a range +58200 +58800 2070 1002 0
a range +58200 +58800 2071 1001 0
a range +57600 +58800 2072 1001 0
a range +58200 +58800 2073 1001 0
a range +58200 +58800 2074 1003 0
a range +58200 +58800 2075 1008 0
a range +58200 +58800 2076 1003 0
a range +58200 +58800 2078 1003 0
a range +58800 +59400 2002 1008 0
a range +58800 +59400 2004 1011 0
a range +58200 +59400 2006 1006 0
a range +58800 +59400 2009 1012 0
a range +58800 +59400 2013 1007 0
a range +58800 +59400 2017 1009 0
a range +58800 +59400 2018 1001 0
a range +58800 +59400 2038 1006 0
a range +58800 +59400 2047 1010 0
a range +58800 +59400 2048 1012 0
a range +58800 +59400 2049 1008 0
a range +58800 +59400 2050 1006 0
a range +58800 +59400 2051 1009 0
a range +58800 +59400 2052 1007 0
a range +58800 +59400 2053 1010 0
a range +58800 +59400 2054 1005 0
a range +58800 +59400 2055 1011 0
a range +58800 +59400 2056 1010 0
a range +58800 +59400 2057 1002 0
a range +58800 +59400 2058 1004 0
a range +58800 +59400 2059 1005 0
a range +58800 +59400 2060 1008 0
a range +58800 +59400 2061 1007 0
a range +58800 +59400 2062 1002 0
a range +58800 +59400 2063 1001 0
a range +58800 +59400 2064 1011 0
a range +58800 +59400 2065 1005 0
a range +58800 +59400 2066 1009 0
a range +58800 +59400 2067 1012 0
a range +58800 +59400 2068 1004 0
a range +58800 +59400 2069 1004 0
a range +58800 +59400 2071 1003 0
a range +58800 +59400 2072 1003 0
a range +58800 +59400 2073 1003 0
a range +58800 +59400 2075 1001 0
a range +58800 +59400 2078 1002 0
a range +59400 +60000 1001 9007 0
a range +59400 +60000 1008 9003 0
a range +59400 +60000 1008 9005 0
a range +59400 +60000 1011 9002 0
a range +59400 +60000 1011 9008 0
a range +59400 +60000 1011 9006 0
a range +59400 +60000 2003 1010 0
a range +59400 +60000 2006 1006 0
a range +59400 +60000 2009 1012 0
a range +59400 +60000 2017 1005 0
a range +59400 +60000 2039 1007 0
a range +59400 +60000 2040 1007 0
a range +59400 +60000 2041 1004 0
a range +59400 +60000 2042 1007 0
a range +59400 +60000 2043 1004 0
a range +59400 +60000 2045 1009 0
a range +59400 +60000 2046 1009 0
a range +59400 +60000 2059 1005 0
a range +59400 +60000 2060 1010 0
a range +59400 +60000 2061 1010 0
a range +59400 +60000 2062 1001 0
a range +59400 +60000 2063 1002 0
a range +59400 +60000 2065 1005 0
a range +59400 +60000 2067 1003 0
a range +59400 +60000 2068 1002 0
a range +59400 +60000 2069 1004 0
a range +59400 +60000 2070 1009 0
a range +59400 +60000 2072 1002 0
a range +59400 +60000 2073 1003 0
a range +59400 +60000 2074 1006 0
a range +59400 +60000 2075 1001 0
a range +59400 +60000 2076 1012 0
a range +59400 +60000 2078 1003 0
a range +59400 +60600 1008 9001 0
a range +60000 +60600 1008 9005 0
a range +60000 +60600 1008 9003 0
a range +60000 +60600 2006 1006 0
a range +60000 +60600 2009 1012 0
a range +60000 +60600 2011 1003 0
a range +60000 +60600 2012 1011 0
a range +60000 +60600 2019 1001 0
a range +60000 +60600 2027 1011 0
a range +60000 +60600 2028 1011 0
a range +60000 +60600 2039 1007 0
a range +60000 +60600 2040 1007 0
a range +60000 +60600 2041 1004 0
a range +60000 +60600 2042 1007 0
a range +60000 +60600 2043 1004 0
a range +60000 +60600 2045 1009 0
a range +60000 +60600 2046 1009 0
a range +59400 +60600 2048 1012 0
a range +59400 +60600 2050 1006 0
a range +60000 +60600 2055 1010 0
a range +60000 +60600 2056 1005 0
a range +60000 +60600 2058 1005 0
a range +60000 +60600 2059 1010 0
a range +60000 +60600 2060 1010 0
a range +60000 +60600 2061 1002 0
a range +60000 +60600 2062 1001 0
a range +60000 +60600 2063 1002 0
a range +60000 +60600 2065 1005 0
a range +60000 +60600 2068 1002 0
a range +60000 +60600 2069 1004 0
a range +60000 +60600 2070 1009 0
a range +60000 +60600 2071 1003 0
a range +60000 +60600 2072 1003 0
a range +60000 +60600 2074 1006 0
a range +60000 +60600 2075 1001 0
a range +60000 +60600 2076 1012 0
a range +60600 +61200 1003 9007 0
a range +60600 +61200 1003 9003 0
a range +60600 +61200 1003 9001 0
a range +60600 +61200 1009 9006 0
a range +60600 +61200 1009 9004 0
a range +60600 +61200 1009 9008 0
a range +60600 +61200 2004 1006 0
a range +60600 +61200 2007 1005 0
a range +60600 +61200 2012 1011 0
a range +60600 +61200 2019 1001 0
a range +60600 +61200 2027 1011 0
a range +60600 +61200 2028 1011 0
a range +60600 +61200 2034 1008 0
a range +60600 +61200 2035 1008 0
a range +60600 +61200 2041 1004 0
a range +60600 +61200 2051 1006 0
a range +60600 +61200 2052 1012 0
a range +60600 +61200 2053 1005 0
a range +60600 +61200 2054 1006 0
a range +60600 +61200 2055 1010 0
a range +60600 +61200 2056 1002 0
a range +60600 +61200 2057 1001 0
a range +60600 +61200 2058 1010 0
a range +60600 +61200 2059 1005 0
a range +60600 +61200 2060 1010 0
a range +60600 +61200 2061 1002 0
a range +60600 +61200 2062 1001 0
a range +60600 +61200 2064 1012 0
a range +60600 +61200 2065 1002 0
a range +60600 +61200 2066 1004 0
a range +60600 +61200 2067 1004 0
a range +60600 +61200 2069 1007 0
a range +60600 +61200 2070 1007 0
a range +60600 +61200 2071 1007 0
a range +60600 +61200 2073 1012 0
a range +61200 +61800 2004 1006 0
a range +60600 +61800 2005 1008 0
a range +61200 +61800 2008 1005 0
a range +61200 +61800 2011 1003 0
a range +61200 +61800 2015 1009 0
a range +61200 +61800 2016 1009 0
a range +61200 +61800 2017 1005 0
a range +61200 +61800 2027 1011 0
a range +61200 +61800 2028 1011 0
a range +61200 +61800 2035 1008 0
a range +61200 +61800 2043 1003 0
a range +61200 +61800 2047 1009 0
a range +61200 +61800 2050 1002 0
a range +61200 +61800 2051 1006 0
a range +61200 +61800 2052 1012 0
a range +61200 +61800 2053 1010 0
a range +61200 +61800 2054 1006 0
a range +61200 +61800 2055 1010 0
a range +61200 +61800 2057 1002 0
a range +61200 +61800 2058 1003 0
a range +61200 +61800 2059 1010 0
a range +61200 +61800 2060 1002 0
a range +61200 +61800 2061 1005 0
a range +61200 +61800 2062 1004 0
a range +61200 +61800 2063 1001 0
a range +61200 +61800 2064 1012 0
a range +61200 +61800 2065 1007 0
a range +61200 +61800 2066 1001 0
a range +61200 +61800 2067 1004 0
a range +61200 +61800 2068 1001 0
a range +61200 +61800 2069 1007 0
a range +61200 +61800 2070 1007 0
a range +61200 +61800 2071 1004 0
a range +61200 +61800 2073 1012 0
a range +61800 +62400 1006 9008 0
a range +61800 +62400 1006 9002 0
a range +61800 +62400 1006 9006 0
a range +61800 +62400 2005 1008 0
a range +61800 +62400 2010 1009 0
a range +61800 +62400 2011 1003 0
a range +61200 +62400 2012 1011 0
a range +61800 +62400 2015 1009 0
a range +61800 +62400 2017 1005 0
a range +61800 +62400 2027 1011 0
a range +61800 +62400 2028 1011 0
a range +61200 +62400 2034 1008 0
a range +61800 +62400 2035 1008 0
a range +61800 +62400 2043 1003 0
a range +61800 +62400 2046 1010 0
a range +61800 +62400 2047 1009 0
a range +61800 +62400 2052 1012 0
a range +61800 +62400 2053 1005 0
a range +61800 +62400 2054 1010 0
a range +61800 +62400 2055 1002 0
a range +61800 +62400 2056 1001 0
a range +61800 +62400 2057 1001 0
a range +61800 +62400 2058 1003 0
a range +61800 +62400 2059 1010 0
a range +61800 +62400 2060 1002 0
a range +61800 +62400 2061 1005 0
a range +61800 +62400 2062 1002 0
a range +61800 +62400 2063 1004 0
a range +61800 +62400 2064 1012 0
a range +61800 +62400 2065 1007 0
a range +61800 +62400 2066 1004 0
a range +61800 +62400 2068 1001 0
a range +61800 +62400 2069 1007 0
a range +61800 +62400 2070 1004 0
a range +61800 +62400 2071 1007 0
a range +61800 +62400 2073 1012 0
a range +62400 +63000 2002 1005 0
a range +62400 +63000 2007 1006 0
a range +62400 +63000 2010 1009 0
a range +62400 +63000 2011 1003 0
a range +62400 +63000 2012 1011 0
a range +62400 +63000 2017 1001 0
a range +62400 +63000 2027 1011 0
a range +62400 +63000 2028 1011 0
a range +62400 +63000 2035 1008 0
a range +62400 +63000 2041 1006 0
a range +62400 +63000 2042 1006 0
a range +62400 +63000 2043 1003 0
a range +62400 +63000 2044 1010 0
a range +62400 +63000 2045 1010 0
a range +62400 +63000 2046 1010 0
a range +62400 +63000 2047 1009 0
a range +62400 +63000 2051 1008 0
a range +62400 +63000 2052 1012 0
a range +62400 +63000 2053 1005 0
a range +62400 +63000 2054 1005 0
a range +62400 +63000 2055 1004 0
a range +62400 +63000 2056 1002 0
a range +62400 +63000 2058 1003 0
a range +62400 +63000 2059 1002 0
a range +62400 +63000 2060 1001 0
a range +62400 +63000 2061 1001 0
a range +62400 +63000 2062 1004 0
a range +62400 +63000 2063 1002 0
a range +62400 +63000 2064 1012 0
a range +62400 +63000 2065 1007 0
a range +62400 +63000 2066 1007 0
a range +62400 +63000 2067 1009 0
a range +62400 +63000 2068 1007 0
a range +62400 +63000 2071 1004 0
a range +62400 +63000 2073 1012 0
a range +63000 +63600 2007 1006 0
a range +63000 +63600 2011 1003 0
a range +63000 +63600 2021 1005 0
a range +62400 +63600 2034 1008 0
a range +63000 +63600 2035 1008 0
a range +63000 +63600 2040 1010 0
a range +63000 +63600 2041 1006 0
a range +63000 +63600 2042 1006 0
a range +63000 +63600 2043 1003 0
a range +63000 +63600 2044 1010 0
a range +63000 +63600 2045 1010 0
a range +63000 +63600 2046 1005 0
a range +63000 +63600 2047 1009 0
a range +63000 +63600 2050 1001 0
a range +63000 +63600 2052 1012 0
a range +63000 +63600 2053 1002 0
a range +63000 +63600 2054 1005 0
a range +63000 +63600 2055 1007 0
a range +63000 +63600 2056 1002 0
a range +63000 +63600 2058 1003 0
a range +63000 +63600 2059 1002 0
a range +63000 +63600 2060 1001 0
a range +63000 +63600 2061 1004 0
a range +63000 +63600 2062 1004 0
a range +63000 +63600 2063 1001 0
a range +63000 +63600 2064 1012 0
a range +63000 +63600 2066 1007 0
a range +63000 +63600 2067 1009 0
a range +63000 +63600 2068 1007 0
a range +63000 +63600 2071 1004 0
a range +63000 +63600 2073 1012 0
a range +63600 +64200 1003 9003 0
a range +63600 +64200 1003 9007 0
a range +63600 +64200 1003 9005 0
a range +63600 +64200 2007 1006 0
a range +63000 +64200 2010 1009 0
a range +63000 +64200 2012 1011 0
a range +63600 +64200 2021 1001 0
a range +63000 +64200 2027 1011 0
a range +63000 +64200 2028 1011 0
a range +63600 +64200 2034 1008 0
a range +63600 +64200 2035 1008 0
a range +63600 +64200 2041 1006 0
a range +63600 +64200 2042 1006 0
a range +63600 +64200 2044 1010 0
a range +63600 +64200 2045 1005 0
a range +63600 +64200 2046 1005 0
a range +63600 +64200 2047 1009 0
a range +63600 +64200 2048 1002 0
a range +63600 +64200 2049 1007 0
a range +63600 +64200 2050 1005 0
a range +63000 +64200 2051 1008 0
a range +63600 +64200 2052 1012 0
a range +63600 +64200 2053 1004 0
a range +63600 +64200 2054 1004 0
a range +63600 +64200 2055 1002 0
a range +63600 +64200 2058 1010 0
a range +63600 +64200 2059 1001 0
a range +63600 +64200 2060 1001 0
a range +63600 +64200 2061 1010 0
a range +63600 +64200 2062 1002 0
a range +63600 +64200 2064 1012 0
a range +63600 +64200 2066 1004 0
a range +63600 +64200 2067 1009 0
a range +63600 +64200 2068 1007 0
a range +63600 +64200 2071 1007 0
a range +63600 +64200 2073 1012 0
a range +64200 +64800 1005 9005 0
a range +64200 +64800 1005 9001 0
a range +64200 +64800 1010 9003 0
a range +64200 +64800 2003 1006 0
a range +64200 +64800 2005 1011 0
a range +64200 +64800 2007 1005 0
a range +64200 +64800 2031 1003 0
a range +64200 +64800 2033 1011 0
a range +64200 +64800 2036 1003 0
a range +64200 +64800 2037 1009 0
a range +64200 +64800 2038 1009 0
a range +64200 +64800 2039 1008 0
a range +64200 +64800 2040 1007 0
a range +64200 +64800 2043 1008 0
a range +64200 +64800 2049 1004 0
a range +64200 +64800 2050 1007 0
a range +64200 +64800 2051 1008 0
a range +64200 +64800 2052 1010 0
a range +64200 +64800 2053 1004 0
a range +64200 +64800 2054 1002 0
a range +64200 +64800 2055 1007 0
a range +64200 +64800 2056 1011 0
a range +64200 +64800 2057 1006 0
a range +64200 +64800 2058 1002 0
a range +64200 +64800 2059 1001 0
a range +64200 +64800 2061 1001 0
a range +64200 +64800 2063 1006 0
a range +64200 +64800 2064 1001 0
a range +64200 +64800 2065 1009 0
a range +64200 +64800 2067 1004 0
a range +64200 +64800 2068 1003 0
a range +64200 +64800 2071 1012 0
a range +64200 +64800 2072 1012 0
a range +64200 +64800 2073 1002 0
a range +64200 +64800 2074 1012 0
a range +64800 +65400 1005 9005 0
a range +64200 +65400 1010 9007 0
a range +64800 +65400 1010 9001 0
a range +64800 +65400 1010 9003 0
a range +64800 +65400 2003 1006 0
a range +64800 +65400 2005 1011 0
a range +64800 +65400 2008 1005 0
a range +64800 +65400 2009 1006 0
a range +64800 +65400 2031 1003 0
a range +64800 +65400 2033 1011 0
a range +64800 +65400 2036 1003 0
a range +64800 +65400 2037 1009 0
a range +64800 +65400 2038 1009 0
a range +64800 +65400 2039 1008 0
a range +64800 +65400 2043 1008 0
a range +64800 +65400 2048 1004 0
a range +64800 +65400 2049 1004 0
a range +64800 +65400 2050 1007 0
a range +64800 +65400 2051 1007 0
a range +64800 +65400 2052 1005 0
a range +64800 +65400 2053 1001 0
a range +64800 +65400 2054 1002 0
a range +64800 +65400 2055 1007 0
a range +64800 +65400 2056 1011 0
a range +64800 +65400 2057 1006 0
a range +64800 +65400 2058 1002 0
a range +64800 +65400 2059 1002 0
a range +64800 +65400 2060 1008 0
a range +64800 +65400 2061 1001 0
a range +64800 +65400 2063 1004 0
a range +64800 +65400 2064 1001 0
a range +64800 +65400 2065 1009 0
a range +64800 +65400 2068 1003 0
a range +64800 +65400 2070 1012 0
a range +64800 +65400 2072 1012 0
a range +64800 +65400 2074 1012 0
a range +65400 +66000 1005 9008 0
a range +65400 +66000 1005 9006 0
a range +65400 +66000 1005 9007 0
a range +65400 +66000 1010 9003 0
a range +65400 +66000 1010 9005 0
a range +65400 +66000 1010 9001 0
a range +65400 +66000 2005 1011 0
a range +65400 +66000 2012 1006 0
a range +65400 +66000 2021 1001 0
a range +65400 +66000 2031 1003 0
a range +65400 +66000 2033 1011 0
a range +65400 +66000 2036 1003 0
a range +65400 +66000 2037 1009 0
a range +65400 +66000 2039 1008 0
a range +65400 +66000 2043 1008 0
a range +65400 +66000 2048 1007 0
a range +65400 +66000 2049 1002 0
a range +65400 +66000 2050 1007 0
a range +65400 +66000 2051 1007 0
a range +65400 +66000 2052 1001 0
a range +65400 +66000 2053 1002 0
a range +65400 +66000 2054 1004 0
a range +65400 +66000 2056 1011 0
a range +65400 +66000 2057 1006 0
a range +65400 +66000 2058 1002 0
a range +65400 +66000 2060 1008 0
a range +65400 +66000 2061 1004 0
a range +65400 +66000 2064 1004 0
a range +65400 +66000 2065 1009 0
a range +65400 +66000 2066 1012 0
a range +65400 +66000 2068 1001 0
a range +65400 +66000 2070 1012 0
a range +65400 +66000 2071 1003 0
a range +65400 +66000 2072 1012 0
a range +66000 +66600 1011 9004 0
a range +66000 +66600 1011 9006 0
a range +66000 +66600 1011 9008 0
a range +66000 +66600 2005 1010 0
a range +66000 +66600 2006 1005 0
a range +65400 +66600 2009 1006 0
a range +66000 +66600 2012 1006 0
a range +66000 +66600 2021 1004 0
a range +66000 +66600 2027 1005 0
a range +66000 +66600 2028 1005 0
a range +66000 +66600 2031 1003 0
a range +66000 +66600 2032 1010 0
a range +66000 +66600 2036 1003 0
a range +66000 +66600 2037 1009 0
a range +65400 +66600 2038 1009 0
a range +66000 +66600 2039 1008 0
a range +66000 +66600 2043 1008 0
a range +66000 +66600 2047 1010 0
a range +66000 +66600 2048 1007 0
a range +66000 +66600 2049 1001 0
a range +66000 +66600 2050 1002 0
a range +66000 +66600 2051 1007 0
a range +66000 +66600 2052 1002 0
a range +66000 +66600 2053 1004 0
a range +66000 +66600 2054 1007 0
a range +66000 +66600 2056 1001 0
a range +66000 +66600 2057 1006 0
a range +66000 +66600 2059 1001 0
a range +66000 +66600 2060 1008 0
a range +66000 +66600 2061 1002 0
a range +66000 +66600 2064 1004 0
a range +66000 +66600 2065 1009 0
a range +66000 +66600 2068 1012 0
a range +66000 +66600 2069 1012 0
a range +66000 +66600 2070 1012 0
a range +66000 +66600 2071 1003 0
a range +66600 +67200 2003 1008 0
a range +66600 +67200 2005 1010 0
a range +66600 +67200 2006 1005 0
a range +66600 +67200 2009 1006 0
a range +66600 +67200 2012 1006 0
a range +66600 +67200 2021 1004 0
a range +66600 +67200 2025 1011 0
a range +66600 +67200 2027 1005 0
a range +66600 +67200 2028 1005 0
a range +66600 +67200 2031 1003 0
a range +66600 +67200 2032 1010 0
a range +66600 +67200 2036 1003 0
a range +66600 +67200 2037 1009 0
a range +66600 +67200 2038 1009 0
a range +66600 +67200 2043 1002 0
a range +66600 +67200 2047 1010 0
a range +66600 +67200 2048 1004 0
a range +66600 +67200 2049 1004 0
a range +66600 +67200 2052 1002 0
a range +66600 +67200 2053 1002 0
a range +66600 +67200 2054 1007 0
a range +66600 +67200 2055 1001 0
a range +66600 +67200 2056 1001 0
a range +66600 +67200 2057 1006 0
a range +66600 +67200 2058 1001 0
a range +66600 +67200 2060 1011 0
a range +66600 +67200 2062 1011 0
a range +66600 +67200 2063 1012 0
a range +66600 +67200 2064 1007 0
a range +66600 +67200 2065 1009 0
a range +66600 +67200 2066 1012 0
a range +66600 +67200 2067 1008 0
a range +66600 +67200 2068 1012 0
a range +66600 +67200 2071 1003 0
a range +66600 +67200 2072 1008 0
a range +66600 +67200 2076 1007 0
a range +67200 +67800 1005 9005 0
a range +67200 +67800 1005 9002 0
a range +67200 +67800 1005 9004 0
a range +67200 +67800 1007 9001 0
a range +67200 +67800 1007 9003 0
a range +67200 +67800 1007 9007 0
a range +67200 +67800 1008 9008 0
a range +67200 +67800 1008 9006 0
a range +67200 +67800 2003 1012 0
a range +67200 +67800 2013 1010 0
a range +67200 +67800 2025 1011 0
a range +67200 +67800 2042 1002 0
a range +67200 +67800 2044 1003 0
a range +67200 +67800 2045 1010 0
a range +67200 +67800 2046 1006 0
a range +67200 +67800 2047 1004 0
a range +67200 +67800 2048 1001 0
a range +67200 +67800 2049 1002 0
a range +67200 +67800 2050 1001 0
a range +67200 +67800 2051 1011 0
a range +67200 +67800 2054 1002 0
a range +67200 +67800 2055 1001 0
a range +67200 +67800 2056 1012 0
a range +67200 +67800 2057 1004 0
a range +67200 +67800 2058 1009 0
a range +67200 +67800 2059 1006 0
a range +67200 +67800 2061 1006 0
a range +67200 +67800 2062 1009 0
a range +67200 +67800 2063 1009 0
a range +67200 +67800 2064 1004 0
a range +67200 +67800 2068 1012 0
a range +67200 +67800 2069 1003 0
a range +67200 +67800 2070 1003 0
a range +67200 +67800 2071 1008 0
a range +67800 +68400 1007 9005 0
a range +67800 +68400 1007 9001 0
a range +67800 +68400 1007 9003 0
a range +67800 +68400 2007 1004 0
a range +67800 +68400 2013 1010 0
a range +67800 +68400 2020 1005 0
a range +67800 +68400 2021 1001 0
a range +67800 +68400 2025 1011 0
a range +67800 +68400 2027 1005 0
a range +67800 +68400 2030 1008 0
a range +67200 +68400 2032 1010 0
a range +67800 +68400 2037 1005 0
a range +67800 +68400 2043 1001 0
a range +67800 +68400 2044 1003 0
a range +67800 +68400 2045 1010 0
a range +67800 +68400 2046 1006 0
a range +67800 +68400 2047 1002 0
a range +67800 +68400 2048 1002 0
a range +67800 +68400 2049 1001 0
a range +67800 +68400 2051 1011 0
a range +67800 +68400 2053 1009 0
a range +67800 +68400 2054 1004 0
a range +67800 +68400 2055 1002 0
a range +67800 +68400 2057 1004 0
a range +67800 +68400 2058 1009 0
a range +67800 +68400 2059 1006 0
a range +67200 +68400 2060 1011 0
a range +67800 +68400 2061 1006 0
a range +67800 +68400 2062 1012 0
a range +67800 +68400 2063 1012 0
a range +67800 +68400 2064 1009 0
a range +67800 +68400 2065 1008 0
a range +67800 +68400 2066 1012 0
a range +67800 +68400 2069 1003 0
a range +67800 +68400 2070 1003 0
a range +67800 +68400 2071 1008 0
a range +68400 +69000 2010 1005 0
a range +68400 +69000 2013 1010 0
a range +68400 +69000 2014 1007 0
a range +68400 +69000 2020 1005 0
a range +68400 +69000 2022 1004 0
a range +68400 +69000 2028 1007 0
a range +68400 +69000 2029 1007 0
a range +68400 +69000 2030 1008 0
a range +68400 +69000 2037 1005 0
a range +68400 +69000 2042 1010 0
a range +68400 +69000 2044 1003 0
a range +68400 +69000 2047 1004 0
a range +68400 +69000 2048 1001 0
a range +68400 +69000 2050 1011 0
a range +68400 +69000 2051 1011 0
a range +68400 +69000 2052 1010 0
a range +68400 +69000 2053 1001 0
a range +68400 +69000 2054 1009 0
a range +68400 +69000 2055 1001 0
a range +68400 +69000 2056 1009 0
a range +68400 +69000 2057 1004 0
a range +68400 +69000 2058 1006 0
a range +68400 +69000 2059 1012 0
a range +68400 +69000 2060 1006 0
a range +68400 +69000 2061 1006 0
a range +68400 +69000 2062 1012 0
a range +68400 +69000 2063 1012 0
a range +68400 +69000 2064 1009 0
a range +68400 +69000 2065 1008 0
a range +68400 +69000 2067 1011 0
a range +68400 +69000 2068 1008 0
a range +68400 +69000 2069 1003 0
a range +68400 +69000 2070 1003 0
a range +68400 +69600 1002 9005 0
a range +68400 +69600 1002 9007 0
a range +68400 +69600 1002 9003 0
a range +69000 +69600 2010 1005 0
a range +69000 +69600 2012 1003 0
a range +69000 +69600 2014 1007 0
a range +69000 +69600 2020 1005 0
a range +69000 +69600 2022 1001 0
a range +69000 +69600 2028 1007 0
a range +69000 +69600 2029 1007 0
a range +69000 +69600 2030 1008 0
a range +69000 +69600 2037 1005 0
a range +69000 +69600 2042 1010 0
a range +69000 +69600 2043 1004 0
a range +69000 +69600 2044 1004 0
a range +69000 +69600 2045 1011 0
a range +69000 +69600 2046 1010 0
a range +69000 +69600 2047 1001 0
a range +69000 +69600 2048 1004 0
a range +69000 +69600 2049 1003 0
a range +69000 +69600 2050 1011 0
a range +69000 +69600 2052 1010 0
a range +69000 +69600 2055 1006 0
a range +69000 +69600 2056 1006 0
a range +69000 +69600 2057 1001 0
a range +69000 +69600 2058 1006 0
a range +69000 +69600 2059 1012 0
a range +69000 +69600 2060 1012 0
a range +69000 +69600 2061 1012 0
a range +69000 +69600 2062 1009 0
a range +69000 +69600 2063 1009 0
a range +69000 +69600 2065 1008 0
a range +69000 +69600 2067 1011 0
a range +69000 +69600 2068 1008 0
a range +69000 +69600 2069 1009 0
a range +69000 +69600 2075 1003 0
a range +69600 +70200 2010 1005 0
a range +69600 +70200 2012 1003 0
a range +69600 +70200 2013 1005 0
a range +69600 +70200 2014 1007 0
a range +69600 +70200 2022 1004 0
a range +69600 +70200 2028 1007 0
a range +69600 +70200 2029 1007 0
a range +69600 +70200 2039 1010 0
a range +69600 +70200 2040 1010 0
a range +69600 +70200 2041 1005 0
a range +69600 +70200 2042 1010 0
a range +69600 +70200 2045 1011 0
a range +69600 +70200 2046 1004 0
a range +69600 +70200 2047 1004 0
a range +69600 +70200 2048 1001 0
a range +69600 +70200 2049 1003 0
a range +69600 +70200 2050 1011 0
a range +69600 +70200 2051 1001 0
a range +69600 +70200 2052 1001 0
a range +69600 +70200 2053 1008 0
a range +69600 +70200 2054 1008 0
a range +69600 +70200 2056 1006 0
a range +69600 +70200 2057 1009 0
a range +69600 +70200 2058 1006 0
a range +69600 +70200 2059 1006 0
a range +69600 +70200 2060 1012 0
a range +69600 +70200 2061 1012 0
a range +69600 +70200 2062 1009 0
a range +69600 +70200 2065 1012 0
a range +69600 +70200 2067 1011 0
a range +69600 +70200 2068 1008 0
a range +69600 +70200 2069 1009 0
a range +69600 +70200 2075 1003 0
a range +69600 +70800 1002 9006 0
a range +69600 +70800 1002 9005 0
a range +69600 +70800 1002 9007 0
a range +70200 +70800 2016 1005 0
a range +70200 +70800 2022 1004 0
a range +70200 +70800 2034 1004 0
a range +70200 +70800 2035 1007 0
a range +70200 +70800 2036 1011 0
a range +70200 +70800 2037 1011 0
a range +70200 +70800 2038 1007 0
a range +70200 +70800 2039 1010 0
a range +70200 +70800 2040 1010 0
a range +70200 +70800 2041 1005 0
a range +70200 +70800 2043 1010 0
a range +70200 +70800 2044 1005 0
a range +70200 +70800 2046 1004 0
a range +70200 +70800 2047 1001 0
a range +70200 +70800 2049 1012 0
a range +70200 +70800 2050 1009 0
a range +70200 +70800 2051 1001 0
a range +70200 +70800 2052 1001 0
a range +70200 +70800 2053 1008 0
a range +70200 +70800 2055 1008 0
a range +70200 +70800 2056 1006 0
a range +70200 +70800 2057 1012 0
a range +70200 +70800 2059 1009 0
a range +70200 +70800 2060 1006 0
a range +70200 +70800 2061 1012 0
a range +70200 +70800 2062 1003 0
a range +70200 +70800 2063 1009 0
a range +70200 +70800 2064 1007 0
a range +70200 +70800 2067 1003 0
a range +70200 +70800 2068 1006 0
a range +70200 +70800 2072 1003 0
a range +70800 +71400 2002 1005 0
a range +70800 +71400 2009 1002 0
a range +70800 +71400 2016 1005 0
a range +70800 +71400 2022 1001 0
a range +70800 +71400 2031 1002 0
a range +70800 +71400 2032 1006 0
a range +70800 +71400 2033 1004 0
a range +70800 +71400 2034 1004 0
a range +70800 +71400 2035 1007 0
a range +70800 +71400 2036 1011 0
a range +70800 +71400 2037 1011 0
a range +70800 +71400 2038 1007 0
a range +70800 +71400 2039 1010 0
a range +70800 +71400 2040 1010 0
a range +70800 +71400 2041 1005 0
a range +70800 +71400 2042 1004 0
a range +70800 +71400 2043 1010 0
a range +70800 +71400 2044 1002 0
a range +70200 +71400 2045 1011 0
a range +70800 +71400 2046 1001 0
a range +70800 +71400 2047 1012 0
a range +70800 +71400 2048 1006 0
a range +70800 +71400 2049 1009 0
a range +70800 +71400 2050 1012 0
a range +70800 +71400 2051 1001 0
a range +70800 +71400 2053 1008 0
a range +70200 +71400 2054 1008 0
a range +70800 +71400 2055 1008 0
a range +70800 +71400 2056 1012 0
a range +70800 +71400 2057 1009 0
a range +70800 +71400 2059 1009 0
a range +70800 +71400 2060 1006 0
a range +70800 +71400 2063 1003 0
a range +70800 +71400 2064 1007 0
a range +70800 +71400 2065 1003 0
a range +70800 +71400 2067 1003 0
a range +71400 +72000 1010 9004 0
a range +71400 +72000 1010 9002 0
a range +71400 +72000 1010 9006 0
a range +71400 +72000 2002 1005 0
a range +71400 +72000 2003 1008 0
a range +71400 +72000 2009 1002 0
a range +71400 +72000 2016 1005 0
a range +71400 +72000 2027 1004 0
a range +71400 +72000 2031 1002 0
a range +71400 +72000 2035 1007 0
a range +71400 +72000 2036 1011 0
a range +71400 +72000 2037 1011 0
a range +71400 +72000 2038 1007 0
a range +71400 +72000 2039 1012 0
a range +71400 +72000 2040 1001 0
a range +71400 +72000 2041 1005 0
a range +71400 +72000 2042 1004 0
a range +71400 +72000 2043 1001 0
a range +71400 +72000 2044 1002 0
a range +71400 +72000 2045 1011 0
a range +71400 +72000 2046 1004 0
a range +71400 +72000 2047 1001 0
a range +71400 +72000 2048 1006 0
a range +71400 +72000 2049 1009 0
a range +71400 +72000 2050 1009 0
a range +71400 +72000 2053 1006 0
a range +71400 +72000 2054 1006 0
a range +71400 +72000 2055 1008 0
a range +71400 +72000 2056 1003 0
a range +71400 +72000 2057 1012 0
a range +71400 +72000 2058 1008 0
a range +71400 +72000 2059 1009 0
a range +71400 +72000 2060 1012 0
a range +71400 +72000 2062 1003 0
a range +71400 +72000 2063 1003 0
a range +71400 +72000 2064 1007 0
a range +72000 +72600 1004 9005 0
a range +72000 +72600 1004 9003 0
a range +72000 +72600 1004 9001 0
a range +72000 +72600 2010 1010 0
a range +72000 +72600 2014 1010 0
a range +72000 +72600 2015 1011 0
a range +72000 +72600 2018 1010 0
a range +72000 +72600 2023 1007 0
a range +72000 +72600 2024 1007 0
a range +72000 +72600 2025 1009 0
a range +72000 +72600 2026 1011 0
a range +72000 +72600 2029 1011 0
a range +72000 +72600 2030 1002 0
a range +72000 +72600 2031 1002 0
a range +72000 +72600 2032 1005 0
a range +72000 +72600 2034 1005 0
a range +72000 +72600 2043 1012 0
a range +72000 +72600 2044 1002 0
a range +72000 +72600 2045 1001 0
a range +72000 +72600 2046 1001 0
a range +72000 +72600 2047 1012 0
a range +72000 +72600 2048 1006 0
a range +72000 +72600 2049 1009 0
a range +72000 +72600 2050 1001 0
a range +72000 +72600 2051 1003 0
a range +72000 +72600 2052 1005 0
a range +72000 +72600 2053 1006 0
a range +72000 +72600 2054 1009 0
a range +72000 +72600 2055 1006 0
a range +72000 +72600 2056 1008 0
a range +72000 +72600 2057 1012 0
a range +72000 +72600 2058 1008 0
a range +72000 +72600 2059 1008 0
a range +72000 +72600 2062 1003 0
a range +72000 +72600 2063 1003 0
a range +72000 +72600 2075 1007 0
a range +72600 +73200 1004 9007 0
a range +72600 +73200 1004 9001 0
a range +72600 +73200 1004 9003 0
a range +72600 +73200 2010 1010 0
a range +72600 +73200 2014 1010 0
a range +72600 +73200 2015 1011 0
a range +72600 +73200 2016 1002 0
a range +72600 +73200 2018 1010 0
a range +72600 +73200 2023 1007 0
a range +72600 +73200 2024 1007 0
a range +72600 +73200 2025 1001 0
a range +72600 +73200 2026 1011 0
a range +72600 +73200 2029 1011 0
a range +72600 +73200 2030 1002 0
a range +72600 +73200 2032 1005 0
a range +72600 +73200 2038 1012 0
a range +72600 +73200 2039 1009 0
a range +72600 +73200 2040 1009 0
a range +72600 +73200 2041 1002 0
a range +72600 +73200 2042 1005 0
a range +72600 +73200 2043 1006 0
a range +72600 +73200 2044 1001 0
a range +72600 +73200 2045 1001 0
a range +72600 +73200 2046 1006 0
a range +72600 +73200 2047 1012 0
a range +72600 +73200 2049 1012 0
a range +72600 +73200 2050 1008 0
a range +72600 +73200 2051 1003 0
a range +72600 +73200 2052 1005 0
a range +72600 +73200 2053 1003 0
a range +72600 +73200 2054 1009 0
a range +72600 +73200 2055 1006 0
a range +72600 +73200 2056 1008 0
a range +72600 +73200 2059 1003 0
a range +72600 +73200 2063 1008 0
a range +72600 +73200 2075 1007 0
a range +73200 +73800 2014 1010 0
a range +73200 +73800 2016 1002 0
a range +73200 +73800 2018 1010 0
a range +73200 +73800 2020 1004 0
a range +73200 +73800 2023 1007 0
a range +73200 +73800 2024 1007 0
a range +73200 +73800 2027 1001 0
a range +73200 +73800 2030 1002 0
a range +73200 +73800 2033 1004 0
a range +73200 +73800 2036 1004 0
a range +73200 +73800 2038 1012 0
a range +73200 +73800 2039 1012 0
a range +73200 +73800 2040 1009 0
a range +73200 +73800 2041 1002 0
a range +73200 +73800 2042 1005 0
a range +73200 +73800 2043 1006 0
a range +73200 +73800 2044 1001 0
a range +73200 +73800 2045 1006 0
a range +73200 +73800 2046 1012 0
a range +73200 +73800 2047 1008 0
a range +73200 +73800 2048 1009 0
a range +73200 +73800 2049 1001 0
a range +73200 +73800 2050 1008 0
a range +73200 +73800 2051 1003 0
a range +73200 +73800 2052 1005 0
a range +73200 +73800 2053 1006 0
a range +73200 +73800 2055 1009 0
a range +73200 +73800 2056 1003 0
a range +73200 +73800 2057 1011 0
a range +73200 +73800 2058 1011 0
a range +73200 +73800 2059 1003 0
a range +73200 +73800 2063 1008 0
a range +73200 +73800 2064 1011 0
a range +73200 +73800 2075 1007 0
a range +73200 +74400 2010 1010 0
a range +73800 +74400 2014 1010 0
a range +73800 +74400 2016 1002 0
a range +73800 +74400 2018 1010 0
a range +73800 +74400 2020 1004 0
a range +73800 +74400 2023 1007 0
a range +73800 +74400 2024 1007 0
a range +73800 +74400 2027 1001 0
a range +73800 +74400 2030 1002 0
a range +73200 +74400 2032 1005 0
a range +73800 +74400 2033 1004 0
a range +73800 +74400 2034 1012 0
a range +73800 +74400 2035 1003 0
a range +73800 +74400 2036 1004 0
a range +73800 +74400 2037 1006 0
a range +73800 +74400 2038 1001 0
a range +73800 +74400 2039 1006 0
a range +73800 +74400 2040 1001 0
a range +73800 +74400 2042 1005 0
a range +73800 +74400 2043 1006 0
a range +73800 +74400 2044 1008 0
a range +73800 +74400 2045 1009 0
a range +73800 +74400 2046 1012 0
a range +73800 +74400 2047 1008 0
a range +73800 +74400 2049 1008 0
a range +73800 +74400 2050 1012 0
a range +73800 +74400 2052 1005 0
a range +73800 +74400 2053 1009 0
a range +73800 +74400 2054 1011 0
a range +73800 +74400 2055 1009 0
a range +73800 +74400 2056 1003 0
a range +73800 +74400 2057 1011 0
a range +73800 +74400 2058 1011 0
a range +73800 +74400 2059 1003 0
a range +73800 +74400 2075 1007 0
a range +74400 +75000 1005 9004 0
a range +74400 +75000 1005 9008 0
a range +74400 +75000 1005 9006 0
a range +74400 +75000 2007 1012 0
a range +74400 +75000 2010 1010 0
a range +74400 +75000 2014 1010 0
a range +74400 +75000 2016 1002 0
a range +74400 +75000 2018 1010 0
a range +74400 +75000 2020 1004 0
a range +74400 +75000 2030 1002 0
a range +74400 +75000 2033 1004 0
a range +74400 +75000 2034 1001 0
a range +74400 +75000 2035 1001 0
a range +74400 +75000 2036 1004 0
a range +74400 +75000 2037 1006 0
a range +74400 +75000 2038 1012 0
a range +74400 +75000 2039 1003 0
a range +74400 +75000 2040 1003 0
a range +73800 +75000 2041 1002 0
a range +74400 +75000 2042 1009 0
a range +74400 +75000 2043 1001 0
a range +74400 +75000 2044 1011 0
a range +74400 +75000 2045 1006 0
a range +74400 +75000 2046 1008 0
a range +74400 +75000 2047 1007 0
a range +74400 +75000 2048 1011 0
a range +74400 +75000 2049 1006 0
a range +74400 +75000 2050 1008 0
a range +74400 +75000 2052 1003 0
a range +74400 +75000 2053 1009 0
a range +74400 +75000 2054 1007 0
a range +74400 +75000 2055 1009 0
a range +74400 +75000 2056 1012 0
a range +74400 +75000 2057 1011 0
a range +74400 +75000 2058 1007 0
a range +74400 +75000 2059 1008 0
a range +75000 +75600 1007 9002 0
a range +75000 +75600 1007 9008 0
a range +75000 +75600 1007 9001 0
a range +75000 +75600 2010 1010 0
a range +75000 +75600 2014 1010 0
a range +75000 +75600 2016 1002 0
a range +75000 +75600 2018 1010 0
a range +75000 +75600 2020 1004 0
a range +75000 +75600 2024 1005 0
a range +75000 +75600 2028 1001 0
a range +75000 +75600 2029 1009 0
a range +75000 +75600 2030 1002 0
a range +75000 +75600 2031 1009 0
a range +75000 +75600 2032 1009 0
a range +75000 +75600 2033 1004 0
a range +75000 +75600 2034 1012 0
a range +75000 +75600 2035 1005 0
a range +75000 +75600 2036 1004 0
a range +75000 +75600 2037 1006 0
a range +75000 +75600 2039 1006 0
a range +75000 +75600 2040 1003 0
a range +75000 +75600 2041 1002 0
a range +75000 +75600 2042 1001 0
a range +75000 +75600 2043 1012 0
a range +75000 +75600 2044 1001 0
a range +75000 +75600 2045 1006 0
a range +75000 +75600 2046 1008 0
a range +75000 +75600 2048 1011 0
a range +75000 +75600 2049 1005 0
a range +75000 +75600 2052 1003 0
a range +75000 +75600 2053 1003 0
a range +75000 +75600 2054 1011 0
a range +75000 +75600 2055 1012 0
a range +75000 +75600 2056 1008 0
a range +75000 +75600 2058 1011 0
a range +75000 +75600 2059 1008 0
a range +75600 +76200 1002 9001 0
a range +75600 +76200 1002 9004 0
a range +75600 +76200 1002 9002 0
a range +75600 +76200 1009 9003 0
a range +75600 +76200 1009 9007 0
a range +75600 +76200 1009 9005 0
a range +75600 +76200 2007 1007 0
a range +75600 +76200 2011 1007 0
a range +75600 +76200 2022 1010 0
a range +75600 +76200 2023 1006 0
a range +75600 +76200 2024 1005 0
a range +75600 +76200 2025 1004 0
a range +75600 +76200 2026 1004 0
a range +75600 +76200 2027 1004 0
a range +75600 +76200 2034 1003 0
a range +75600 +76200 2035 1005 0
a range +75600 +76200 2036 1006 0
a range +75600 +76200 2037 1008 0
a range +75600 +76200 2038 1010 0
a range +75600 +76200 2039 1012 0
a range +75600 +76200 2040 1006 0
a range +75600 +76200 2041 1001 0
a range +75600 +76200 2042 1001 0
a range +75600 +76200 2043 1012 0
a range +75600 +76200 2044 1008 0
a range +75600 +76200 2045 1007 0
a range +75600 +76200 2046 1001 0
a range +75600 +76200 2047 1008 0
a range +75600 +76200 2048 1011 0
a range +75600 +76200 2049 1005 0
a range +75600 +76200 2052 1003 0
a range +75600 +76200 2053 1003 0
a range +75600 +76200 2054 1011 0
a range +75600 +76200 2055 1012 0
a range +75600 +76200 2059 1011 0
a range +75600 +76200 2061 1010 0
a range +76200 +76800 1001 9007 0
a range +76200 +76800 1001 9005 0
a range +76200 +76800 1001 9003 0
a range +76200 +76800 1009 9001 0
a range +76200 +76800 2005 1002 0
a range +76200 +76800 2008 1007 0
a range +76200 +76800 2011 1007 0
a range +76200 +76800 2014 1009 0
a range +76200 +76800 2020 1002 0
a range +76200 +76800 2024 1005 0
a range +76200 +76800 2025 1004 0
a range +76200 +76800 2026 1004 0
a range +76200 +76800 2027 1004 0
a range +76200 +76800 2030 1006 0
a range +76200 +76800 2031 1012 0
a range +76200 +76800 2032 1011 0
a range +76200 +76800 2033 1010 0
a range +76200 +76800 2034 1009 0
a range +76200 +76800 2035 1005 0
a range +76200 +76800 2036 1006 0
a range +76200 +76800 2037 1012 0
a range +76200 +76800 2038 1010 0
a range +76200 +76800 2039 1003 0
a range +76200 +76800 2040 1006 0
a range +76200 +76800 2041 1003 0
a range +76200 +76800 2042 1008 0
a range +76200 +76800 2044 1008 0
a range +76200 +76800 2045 1007 0
a range +76200 +76800 2046 1003 0
a range +76200 +76800 2047 1002 0
a range +76200 +76800 2049 1005 0
a range +76200 +76800 2052 1008 0
a range +76200 +76800 2053 1011 0
a range +76200 +76800 2055 1012 0
a range +76200 +76800 2058 1010 0
a range +76200 +76800 2059 1011 0
a range +76800 +77400 1001 9005 0
a range +76800 +77400 1001 9001 0
a range +76800 +77400 1011 9003 0
a range +76800 +77400 1011 9007 0
a range +76800 +77400 2008 1007 0
a range +76800 +77400 2011 1007 0
a range +76800 +77400 2013 1009 0
a range +76800 +77400 2014 1009 0
a range +76800 +77400 2015 1002 0
a range +76800 +77400 2020 1002 0
a range +76800 +77400 2023 1006 0
a range +76800 +77400 2028 1010 0
a range +76800 +77400 2029 1005 0
a range +76800 +77400 2031 1012 0
a range +76800 +77400 2032 1003 0
a range +76800 +77400 2033 1010 0
a range +76800 +77400 2034 1009 0
a range +76800 +77400 2035 1006 0
a range +76800 +77400 2036 1006 0
a range +76800 +77400 2037 1012 0
a range +76800 +77400 2038 1001 0
a range +76800 +77400 2039 1004 0
a range +76800 +77400 2040 1004 0
a range +76800 +77400 2041 1008 0
a range +76800 +77400 2042 1008 0
a range +76800 +77400 2043 1010 0
a range +76800 +77400 2044 1004 0
a range +76800 +77400 2045 1007 0
a range +76800 +77400 2046 1003 0
a range +76800 +77400 2047 1002 0
a range +76800 +77400 2048 1005 0
a range +76800 +77400 2049 1003 0
a range +76800 +77400 2050 1005 0
a range +76800 +77400 2052 1008 0
a range +76800 +77400 2053 1011 0
a range +76800 +77400 2059 1012 0
a range +77400 +78000 1001 9006 0
a range +77400 +78000 1001 9002 0
a range +77400 +78000 1001 9004 0
a range +77400 +78000 1004 9003 0
a range +77400 +78000 1004 9008 0
a range +77400 +78000 1004 9007 0
a range +77400 +78000 2005 1006 0
a range +77400 +78000 2008 1007 0
a range +77400 +78000 2013 1009 0
a range +77400 +78000 2020 1002 0
a range +77400 +78000 2022 1011 0
a range +77400 +78000 2024 1002 0
a range +77400 +78000 2027 1010 0
a range +77400 +78000 2028 1010 0
a range +77400 +78000 2029 1005 0
a range +77400 +78000 2030 1007 0
a range +77400 +78000 2031 1012 0
a range +77400 +78000 2032 1012 0
a range +77400 +78000 2033 1010 0
a range +77400 +78000 2034 1012 0
a range +77400 +78000 2035 1006 0
a range +77400 +78000 2036 1008 0
a range +77400 +78000 2037 1008 0
a range +77400 +78000 2039 1003 0
a range +77400 +78000 2040 1008 0
a range +77400 +78000 2041 1009 0
a range +77400 +78000 2042 1009 0
a range +77400 +78000 2045 1003 0
a range +77400 +78000 2046 1003 0
a range +77400 +78000 2048 1005 0
a range +77400 +78000 2049 1006 0
a range +77400 +78000 2050 1005 0
a range +77400 +78000 2052 1011 0
a range +77400 +78000 2053 1011 0
a range +77400 +78000 2058 1007 0
a range +78000 +78600 1009 9002 0
a range +78000 +78600 1009 9008 0
a range +78000 +78600 1009 9003 0
a range +78000 +78600 1011 9001 0
a range +78000 +78600 1011 9005 0
a range +78000 +78600 1011 9007 0
a range +78000 +78600 2005 1006 0
a range +78000 +78600 2008 1007 0
a range +78000 +78600 2011 1004 0
a range +78000 +78600 2013 1004 0
a range +77400 +78600 2015 1002 0
a range +78000 +78600 2016 1001 0
a range +78000 +78600 2018 1003 0
a range +78000 +78600 2019 1004 0
a range +78000 +78600 2020 1002 0
a range +78000 +78600 2027 1010 0
a range +78000 +78600 2028 1010 0
a range +78000 +78600 2029 1005 0
a range +78000 +78600 2030 1007 0
a range +78000 +78600 2032 1012 0
a range +78000 +78600 2033 1010 0
a range +78000 +78600 2034 1003 0
a range +78000 +78600 2035 1006 0
a range +78000 +78600 2037 1001 0
a range +78000 +78600 2038 1001 0
a range +78000 +78600 2040 1006 0
a range +78000 +78600 2041 1008 0
a range +78000 +78600 2042 1008 0
a range +78000 +78600 2043 1002 0
a range +78000 +78600 2045 1003 0
a range +78000 +78600 2046 1012 0
a range +78000 +78600 2048 1005 0
a range +78000 +78600 2049 1012 0
a range +78000 +78600 2050 1005 0
a range +78000 +78600 2052 1008 0
a range +78000 +78600 2058 1007 0
a range +78600 +79200 2005 1006 0
a range +78600 +79200 2008 1007 0
a range +78600 +79200 2009 1011 0
a range +78600 +79200 2010 1011 0
a range +78600 +79200 2011 1004 0
a range +78600 +79200 2013 1004 0
a range +78600 +79200 2014 1011 0
a range +78600 +79200 2015 1002 0
a range +78600 +79200 2016 1001 0
a range +78600 +79200 2019 1004 0
a range +78600 +79200 2020 1002 0
a range +78600 +79200 2022 1009 0
a range +78600 +79200 2023 1009 0
a range +78600 +79200 2024 1010 0
a range +78600 +79200 2025 1008 0
a range +78600 +79200 2026 1012 0
a range +78600 +79200 2027 1012 0
a range +78600 +79200 2028 1006 0
a range +78600 +79200 2029 1005 0
a range +78600 +79200 2030 1007 0
a range +78600 +79200 2031 1010 0
a range +78600 +79200 2032 1012 0
a range +78600 +79200 2033 1008 0
a range +78600 +79200 2034 1009 0
a range +78600 +79200 2035 1003 0
a range +78600 +79200 2036 1010 0
a range +78600 +79200 2037 1001 0
a range +78600 +79200 2038 1001 0
a range +78600 +79200 2040 1008 0
a range +78600 +79200 2041 1003 0
a range +78600 +79200 2043 1002 0
a range +78600 +79200 2045 1003 0
a range +78600 +79200 2048 1005 0
a range +78600 +79200 2049 1006 0
a range +78600 +79200 2050 1005 0
a range +78600 +79200 2058 1007 0
a range +79200 +79800 1006 9001 0
a range +79200 +79800 2002 1002 0
a range +79200 +79800 2006 1011 0
a range +79200 +79800 2007 1001 0
a range +79200 +79800 2008 1012 0
a range +79200 +79800 2012 1002 0
a range +79200 +79800 2013 1004 0
a range +79200 +79800 2014 1011 0
a range +79200 +79800 2017 1001 0
a range +79200 +79800 2018 1005 0
a range +79200 +79800 2019 1004 0
a range +79200 +79800 2021 1005 0
a range +79200 +79800 2022 1009 0
a range +79200 +79800 2023 1009 0
a range +79200 +79800 2029 1012 0
a range +79200 +79800 2030 1012 0
a range +79200 +79800 2031 1010 0
a range +79200 +79800 2032 1003 0
a range +79200 +79800 2033 1003 0
a range +79200 +79800 2034 1003 0
a range +79200 +79800 2035 1010 0
a range +79200 +79800 2036 1008 0
a range +79200 +79800 2037 1001 0
a range +79200 +79800 2038 1010 0
a range +79200 +79800 2039 1005 0
a range +79200 +79800 2040 1008 0
a range +79200 +79800 2041 1008 0
a range +79200 +79800 2042 1007 0
a range +79200 +79800 2044 1004 0
a range +79200 +79800 2045 1002 0
a range +79200 +79800 2046 1007 0
a range +79200 +79800 2047 1007 0
a range +79200 +79800 2052 1009 0
a range +79200 +79800 2059 1011 0
a range +79800 +80400 1006 9003 0
a range +79200 +80400 1006 9007 0
a range +79200 +80400 1006 9005 0
a range +79800 +80400 2006 1011 0
a range +79800 +80400 2012 1002 0
a range +79800 +80400 2014 1011 0
a range +79800 +80400 2017 1001 0
a range +79800 +80400 2018 1005 0
a range +79800 +80400 2019 1008 0
a range +79800 +80400 2021 1005 0
a range +79800 +80400 2022 1010 0
a range +79800 +80400 2023 1009 0
a range +79800 +80400 2024 1001 0
a range +79800 +80400 2025 1004 0
a range +79800 +80400 2027 1009 0
a range +79800 +80400 2028 1004 0
a range +79800 +80400 2029 1003 0
a range +79800 +80400 2030 1012 0
a range +79800 +80400 2032 1003 0
a range +79800 +80400 2033 1012 0
a range +79800 +80400 2035 1010 0
a range +79800 +80400 2036 1008 0
a range +79800 +80400 2037 1008 0
a range +79800 +80400 2039 1005 0
a range +79800 +80400 2040 1003 0
a range +79800 +80400 2041 1010 0
a range +79800 +80400 2042 1012 0
a range +79800 +80400 2045 1002 0
a range +79800 +80400 2046 1007 0
a range +79800 +80400 2047 1007 0
a range +79800 +80400 2048 1007 0
a range +79800 +80400 2049 1011 0
a range +79800 +80400 2052 1009 0
a range +79800 +80400 2053 1001 0
a range +80400 +81000 2006 1011 0
a range +80400 +81000 2012 1002 0
a range +80400 +81000 2013 1006 0
a range +80400 +81000 2014 1011 0
a range +80400 +81000 2015 1006 0
a range +80400 +81000 2016 1006 0
a range +80400 +81000 2017 1001 0
a range +80400 +81000 2018 1005 0
a range +80400 +81000 2019 1008 0
a range +80400 +81000 2020 1008 0
a range +80400 +81000 2021 1005 0
a range +80400 +81000 2022 1010 0
a range +80400 +81000 2023 1009 0
a range +80400 +81000 2024 1001 0
a range +80400 +81000 2025 1004 0
a range +79800 +81000 2026 1004 0
a range +80400 +81000 2027 1009 0
a range +80400 +81000 2028 1004 0
a range +80400 +81000 2029 1010 0
a range +80400 +81000 2030 1012 0
a range +80400 +81000 2033 1008 0
a range +80400 +81000 2035 1003 0
a range +80400 +81000 2036 1010 0
a range +80400 +81000 2037 1003 0
a range +80400 +81000 2039 1005 0
a range +80400 +81000 2040 1012 0
a range +80400 +81000 2041 1003 0
a range +80400 +81000 2042 1012 0
a range +80400 +81000 2045 1002 0
a range +80400 +81000 2046 1007 0
a range +80400 +81000 2047 1007 0
a range +80400 +81000 2048 1007 0
a range +80400 +81000 2049 1011 0
a range +79800 +81000 2050 1002 0
a range +80400 +81000 2052 1009 0
a range +80400 +81000 2053 1001 0
a range +81000 +81600 1010 9005 0
a range +81000 +81600 1010 9001 0
a range +81000 +81600 1010 9007 0
a range +81000 +81600 2002 1007 0
a range +81000 +81600 2004 1006 0
a range +81000 +81600 2007 1007 0
a range +81000 +81600 2008 1001 0
a range +81000 +81600 2009 1007 0
a range +81000 +81600 2010 1011 0
a range +81000 +81600 2011 1002 0
a range +81000 +81600 2015 1006 0
a range +81000 +81600 2016 1006 0
a range +81000 +81600 2017 1011 0
a range +81000 +81600 2018 1003 0
a range +81000 +81600 2019 1001 0
a range +81000 +81600 2023 1008 0
a range +81000 +81600 2024 1001 0
a range +81000 +81600 2025 1008 0
a range +81000 +81600 2026 1003 0
a range +81000 +81600 2027 1009 0
a range +81000 +81600 2028 1004 0
a range +81000 +81600 2031 1009 0
a range +81000 +81600 2032 1009 0
a range +81000 +81600 2033 1008 0
a range +81000 +81600 2034 1004 0
a range +81000 +81600 2037 1003 0
a range +81000 +81600 2038 1004 0
a range +81000 +81600 2040 1012 0
a range +81000 +81600 2041 1012 0
a range +81000 +81600 2042 1012 0
a range +81000 +81600 2043 1005 0
a range +81000 +81600 2044 1005 0
a range +81000 +81600 2045 1005 0
a range +81000 +81600 2046 1002 0
a range +81000 +81600 2048 1002 0
a range +81600 +82200 2004 1006 0
a range +81600 +82200 2007 1008 0
a range +81600 +82200 2008 1001 0
a range +81600 +82200 2010 1011 0
a range +81600 +82200 2011 1002 0
a range +81600 +82200 2014 1004 0
a range +81600 +82200 2015 1006 0
a range +81600 +82200 2016 1006 0
a range +81600 +82200 2017 1011 0
a range +81600 +82200 2019 1001 0
a range +81600 +82200 2020 1010 0
a range +81600 +82200 2021 1010 0
a range +81600 +82200 2023 1008 0
a range +81600 +82200 2024 1001 0
a range +81600 +82200 2025 1003 0
a range +81600 +82200 2026 1007 0
a range +81600 +82200 2027 1009 0
a range +81600 +82200 2028 1004 0
a range +81600 +82200 2029 1012 0
a range +81600 +82200 2030 1005 0
a range +81600 +82200 2031 1009 0
a range +81600 +82200 2032 1009 0
a range +81600 +82200 2033 1003 0
a range +81600 +82200 2034 1007 0
a range +81600 +82200 2036 1010 0
a range +81600 +82200 2037 1003 0
a range +81600 +82200 2038 1004 0
a range +81600 +82200 2039 1007 0
a range +81600 +82200 2040 1012 0
a range +81600 +82200 2041 1012 0
a range +81600 +82200 2043 1005 0
a range +81600 +82200 2044 1005 0
a range +81600 +82200 2045 1008 0
a range +81600 +82200 2046 1002 0
a range +81600 +82200 2048 1002 0
a range +81000 +82200 2049 1011 0
a range +82200 +82800 2004 1006 0
a range +82200 +82800 2008 1001 0
a range +82200 +82800 2010 1011 0
a range +82200 +82800 2011 1008 0
a range +82200 +82800 2012 1012 0
a range +82200 +82800 2013 1008 0
a range +82200 +82800 2014 1004 0
a range +82200 +82800 2015 1006 0
a range +82200 +82800 2016 1006 0
a range +82200 +82800 2017 1011 0
a range +82200 +82800 2018 1003 0
a range +82200 +82800 2019 1001 0
a range +82200 +82800 2020 1010 0
a range +82200 +82800 2021 1010 0
a range +82200 +82800 2022 1007 0
a range +82200 +82800 2023 1005 0
a range +82200 +82800 2024 1001 0
a range +82200 +82800 2025 1007 0
a range +82200 +82800 2026 1003 0
a range +82200 +82800 2027 1009 0
a range +82200 +82800 2028 1004 0
a range +82200 +82800 2029 1012 0
a range +82200 +82800 2030 1005 0
a range +82200 +82800 2031 1009 0
a range +82200 +82800 2032 1009 0
a range +82200 +82800 2033 1003 0
a range +82200 +82800 2034 1007 0
a range +82200 +82800 2036 1010 0
a range +82200 +82800 2038 1004 0
a range +82200 +82800 2041 1012 0
a range +82200 +82800 2042 1002 0
a range +82200 +82800 2043 1005 0
a range +82200 +82800 2045 1008 0
a range +82200 +82800 2046 1002 0
a range +82200 +82800 2049 1011 0
a range +82200 +82800 2052 1002 0
a range +82800 +83400 1001 9008 0
a range +82800 +83400 1001 9003 0
a range +82800 +83400 1001 9002 0
a range +82800 +83400 2004 1006 0
a range +82800 +83400 2008 1012 0
a range +82800 +83400 2009 1008 0
a range +82800 +83400 2010 1011 0
a range +82800 +83400 2011 1008 0
a range +82800 +83400 2012 1012 0
a range +82800 +83400 2013 1002 0
a range +82800 +83400 2015 1006 0
a range +82800 +83400 2016 1006 0
a range +82800 +83400 2017 1011 0
a range +82800 +83400 2018 1007 0
a range +82800 +83400 2019 1007 0
a range +82800 +83400 2020 1010 0
a range +82800 +83400 2022 1007 0
a range +82800 +83400 2023 1003 0
a range +82800 +83400 2024 1003 0
a range +82800 +83400 2025 1003 0
a range +82800 +83400 2026 1012 0
a range +82800 +83400 2027 1009 0
a range +82800 +83400 2028 1004 0
a range +82800 +83400 2029 1002 0
a range +82800 +83400 2030 1005 0
a range +82800 +83400 2031 1009 0
a range +82800 +83400 2032 1009 0
a range +82800 +83400 2034 1005 0
a range +82800 +83400 2036 1010 0
a range +82800 +83400 2038 1004 0
a range +82800 +83400 2042 1002 0
a range +82800 +83400 2045 1005 0
a range +82800 +83400 2046 1008 0
a range +82800 +83400 2049 1011 0
a range +83400 +84000 2002 1006 0
a range +83400 +84000 2004 1006 0
a range +83400 +84000 2006 1001 0
a range +83400 +84000 2008 1012 0
a range +83400 +84000 2009 1007 0
a range +83400 +84000 2010 1011 0
a range +83400 +84000 2011 1008 0
a range +83400 +84000 2012 1005 0
a range +83400 +84000 2013 1008 0
a range +82800 +84000 2014 1004 0
a range +83400 +84000 2015 1006 0
a range +83400 +84000 2016 1007 0
a range +83400 +84000 2017 1011 0
a range +83400 +84000 2018 1002 0
a range +83400 +84000 2019 1012 0
a range +83400 +84000 2020 1010 0
a range +82800 +84000 2021 1010 0
a range +83400 +84000 2022 1005 0
a range +83400 +84000 2023 1012 0
a range +83400 +84000 2024 1003 0
a range +83400 +84000 2025 1003 0
a range +83400 +84000 2026 1003 0
a range +83400 +84000 2027 1009 0
a range +83400 +84000 2028 1004 0
a range +83400 +84000 2029 1002 0
a range +83400 +84000 2031 1009 0
a range +83400 +84000 2032 1007 0
a range +83400 +84000 2033 1001 0
a range +83400 +84000 2035 1001 0
a range +83400 +84000 2036 1010 0
a range +83400 +84000 2038 1004 0
a range +83400 +84000 2040 1002 0
a range +83400 +84000 2045 1008 0
a range +83400 +84000 2046 1005 0
a range +83400 +84000 2049 1011 0
a range +83400 +84000 2050 1009 0
a range +84000 +84600 1006 9006 0
a range +84000 +84600 1006 9004 0
a range +84000 +84600 1006 9002 0
a range +84000 +84600 2006 1001 0
a range +84000 +84600 2010 1011 0
a range +84000 +84600 2013 1008 0
a range +84000 +84600 2014 1005 0
a range +84000 +84600 2015 1012 0
a range +84000 +84600 2016 1007 0
a range +84000 +84600 2017 1011 0
a range +84000 +84600 2018 1012 0
a range +84000 +84600 2019 1003 0
a range +84000 +84600 2020 1010 0
a range +84000 +84600 2021 1010 0
a range +84000 +84600 2022 1007 0
a range +84000 +84600 2023 1003 0
a range +84000 +84600 2024 1003 0
a range +84000 +84600 2025 1012 0
a range +84000 +84600 2026 1008 0
a range +84000 +84600 2027 1009 0
a range +84000 +84600 2028 1008 0
a range +84000 +84600 2029 1002 0
a range +84000 +84600 2030 1004 0
a range +84000 +84600 2031 1005 0
a range +84000 +84600 2032 1007 0
a range +84000 +84600 2033 1001 0
a range +84000 +84600 2035 1001 0
a range +84000 +84600 2036 1010 0
a range +84000 +84600 2038 1005 0
a range +84000 +84600 2039 1002 0
a range +84000 +84600 2040 1002 0
a range +84000 +84600 2041 1009 0
a range +84000 +84600 2042 1004 0
a range +84000 +84600 2045 1004 0
a range +84000 +84600 2049 1011 0
a range +84000 +84600 2050 1009 0
a range +84600 +85200 1003 9003 0
a range +84600 +85200 1008 9007 0
a range +84600 +85200 1008 9001 0
a range +84600 +85200 1008 9005 0
a range +84600 +85200 1009 9008 0
a range +84600 +85200 1009 9002 0
a range +84600 +85200 1009 9004 0
a range +84600 +85200 2004 1010 0
a range +84600 +85200 2007 1007 0
a range +84600 +85200 2009 1010 0
a range +84600 +85200 2011 1001 0
a range +84600 +85200 2012 1001 0
a range +84600 +85200 2015 1003 0
a range +84600 +85200 2021 1007 0
a range +84600 +85200 2022 1005 0
a range +84600 +85200 2023 1012 0
a range +84600 +85200 2024 1006 0
a range +84600 +85200 2025 1012 0
a range +84600 +85200 2026 1012 0
a range +84600 +85200 2027 1006 0
a range +84600 +85200 2028 1002 0
a range +84600 +85200 2029 1004 0
a range +84600 +85200 2030 1003 0
a range +84600 +85200 2031 1005 0
a range +84600 +85200 2032 1007 0
a range +84600 +85200 2033 1001 0
a range +84600 +85200 2034 1006 0
a range +84600 +85200 2036 1005 0
a range +84600 +85200 2037 1010 0
a range +84600 +85200 2039 1002 0
a range +84600 +85200 2040 1004 0
a range +84600 +85200 2045 1004 0
a range +84600 +85200 2046 1011 0
a range +84600 +85200 2047 1011 0
a range +84600 +85200 2049 1002 0
a range +84600 +85200 2052 1011 0
a range +85200 +85800 1003 9001 0
a range +85200 +85800 1008 9005 0
a range +85200 +85800 1008 9003 0
a range +85200 +85800 1008 9007 0
a range +85200 +85800 2004 1010 0
a range +85200 +85800 2006 1009 0
a range +85200 +85800 2009 1010 0
a range +85200 +85800 2011 1001 0
a range +85200 +85800 2013 1009 0
a range +85200 +85800 2014 1003 0
a range +85200 +85800 2018 1012 0
a range +85200 +85800 2019 1005 0
a range +85200 +85800 2020 1009 0
a range +85200 +85800 2021 1007 0
a range +85200 +85800 2023 1012 0
a range +85200 +85800 2024 1006 0
a range +85200 +85800 2025 1002 0
a range +85200 +85800 2026 1007 0
a range +85200 +85800 2027 1006 0
a range +85200 +85800 2028 1005 0
a range +85200 +85800 2030 1003 0
a range +85200 +85800 2031 1007 0
a range +85200 +85800 2032 1004 0
a range +85200 +85800 2033 1012 0
a range +85200 +85800 2034 1006 0
a range +85200 +85800 2036 1005 0
a range +85200 +85800 2037 1010 0
a range +85200 +85800 2038 1002 0
a range +85200 +85800 2039 1004 0
a range +85200 +85800 2040 1002 0
a range +85200 +85800 2041 1001 0
a range +85200 +85800 2042 1001 0
a range +85200 +85800 2045 1004 0
a range +85200 +85800 2046 1011 0
a range +85200 +85800 2047 1011 0
a range +85200 +85800 2052 1011 0
a range +85800 +86400 1003 9006 0
a range +85800 +86400 1003 9002 0
a range +85800 +86400 1003 9008 0
a range +85800 +86400 2006 1012 0
a range +85800 +86400 2007 1008 0
a range +85800 +86400 2012 1009 0
a range +85800 +86400 2013 1005 0
a range +85800 +86400 2014 1005 0
a range +85800 +86400 2015 1008 0
a range +85800 +86400 2016 1009 0
a range +85800 +86400 2017 1008 0
a range +85800 +86400 2018 1012 0
a range +85800 +86400 2019 1010 0
a range +85800 +86400 2020 1009 0
a range +85800 +86400 2021 1007 0
a range +85800 +86400 2022 1001 0
a range +85800 +86400 2023 1010 0
a range +85800 +86400 2024 1006 0
a range +85800 +86400 2025 1002 0
a range +85800 +86400 2026 1005 0
a range +85800 +86400 2027 1006 0
a range +85800 +86400 2029 1001 0
a range +85800 +86400 2030 1004 0
a range +85800 +86400 2031 1007 0
a range +85800 +86400 2032 1011 0
a range +85800 +86400 2033 1012 0
a range +85800 +86400 2034 1006 0
a range +85800 +86400 2035 1010 0
a range +85800 +86400 2036 1007 0
a range +85800 +86400 2037 1004 0
a range +85800 +86400 2038 1002 0
a range +85800 +86400 2039 1002 0
a range +85800 +86400 2040 1004 0
a range +85800 +86400 2041 1001 0
a range +85800 +86400 2046 1011 0
a range +85800 +86400 2047 1011 0
