a contact +0 +600 2211 1017 10000
a contact +0 +600 2212 1017 10000
a contact +0 +600 2213 1018 10000
a contact +0 +600 2214 1001 10000
a contact +0 +600 2215 1018 10000
a contact +0 +600 2216 1018 10000
a contact +0 +600 2217 1016 10000
a contact +0 +600 2218 1016 10000
a contact +0 +600 2219 1015 10000
a contact +0 +600 2220 1016 10000
a contact +0 +600 2221 1015 10000
a contact +0 +600 2222 1015 10000
a contact +0 +600 2223 1013 10000
a contact +0 +600 2224 1013 10000
a contact +0 +600 2225 1013 10000
a contact +0 +600 2226 1014 10000
a contact +0 +600 2227 1014 10000
a contact +0 +600 2228 1014 10000
a contact +0 +600 2229 1012 10000
a contact +0 +600 2230 1012 10000
a contact +0 +600 2231 1012 10000
a contact +0 +600 2232 1011 10000
a contact +0 +600 2233 1011 10000
a contact +0 +600 2234 1011 10000
a contact +0 +600 2235 1010 10000
a contact +0 +600 2236 1010 10000
a contact +0 +600 2237 1009 10000
a contact +0 +600 2238 1009 10000
a contact +0 +600 2239 1009 10000
a contact +0 +600 2240 1010 10000
a contact +0 +600 2241 1008 10000
a contact +0 +600 2242 1006 10000
a contact +0 +600 2243 1008 10000
a contact +0 +600 2244 1008 10000
a contact +0 +600 2245 1007 10000
a contact +0 +600 2246 1007 10000
a contact +0 +600 2247 1007 10000
a contact +0 +600 2248 1006 10000
a contact +0 +600 2249 1006 10000
a contact +0 +600 2250 1005 10000
a contact +0 +600 2251 1005 10000
a contact +0 +600 2252 1004 10000
a contact +0 +600 2253 1004 10000
a contact +0 +600 2254 1002 10000
a contact +0 +600 2255 1002 10000
a contact +0 +600 2256 1002 10000
a contact +0 +600 2257 1005 10000
a contact +0 +600 2258 1004 10000
a contact +0 +600 2259 1003 10000
a contact +0 +600 2260 1003 10000
a contact +0 +600 2261 1003 10000
a contact +0 +600 2262 1017 10000
a contact +0 +600 2263 1001 10000
a contact +0 +600 2264 1001 10000
a contact +600 +1200 1009 9008 100000
a contact +600 +1200 1009 9012 100000
a contact +600 +1200 1009 9010 100000
a contact +600 +1200 1011 9011 100000
a contact +600 +1200 1011 9006 100000
a contact +600 +1200 1011 9004 100000
a contact +600 +1200 1013 9009 100000
a contact +600 +1200 1013 9007 100000
a contact +600 +1200 1013 9005 100000
a contact +600 +1200 1018 9003 100000
a contact +600 +1200 1018 9002 100000
a contact +600 +1200 1018 9001 100000
a contact +600 +1200 2005 1003 10000
a contact +600 +1200 2224 1016 10000
a contact +600 +1200 2225 1016 10000
a contact +600 +1200 2226 1016 10000
a contact +600 +1200 2227 1017 10000
a contact +600 +1200 2228 1017 10000
a contact +600 +1200 2229 1017 10000
a contact +600 +1200 2230 1015 10000
a contact +600 +1200 2231 1015 10000
a contact +600 +1200 2232 1015 10000
a contact +600 +1200 2233 1014 10000
a contact +600 +1200 2234 1012 10000
a contact +600 +1200 2235 1012 10000
a contact +600 +1200 2236 1012 10000
a contact +600 +1200 2237 1014 10000
a contact +600 +1200 2238 1014 10000
a contact +600 +1200 2239 1010 10000
a contact +600 +1200 2240 1008 10000
a contact +600 +1200 2241 1010 10000
a contact +600 +1200 2242 1008 10000
a contact +600 +1200 2243 1008 10000
a contact +600 +1200 2244 1007 10000
a contact +600 +1200 2245 1010 10000
a contact +600 +1200 2246 1007 10000
a contact +600 +1200 2247 1007 10000
a contact +600 +1200 2248 1006 10000
a contact +600 +1200 2249 1006 10000
a contact +600 +1200 2250 1006 10000
a contact +600 +1200 2251 1004 10000
a contact +600 +1200 2252 1004 10000
a contact +600 +1200 2253 1005 10000
a contact +600 +1200 2254 1005 10000
a contact +600 +1200 2255 1002 10000
a contact +600 +1200 2256 1002 10000
a contact +600 +1200 2257 1005 10000
a contact +600 +1200 2258 1004 10000
a contact +600 +1200 2259 1003 10000
a contact +600 +1200 2260 1003 10000
a contact +600 +1200 2261 1002 10000
a contact +600 +1200 2262 1001 10000
a contact +600 +1200 2263 1001 10000
a contact +600 +1200 2264 1001 10000
a contact +1200 +1800 1003 9012 100000
a contact +1200 +1800 1003 9002 100000
a contact +1200 +1800 1003 9011 100000
a contact +1200 +1800 1005 9009 100000
a contact +1200 +1800 1005 9007 100000
a contact +1200 +1800 1005 9005 100000
a contact +1200 +1800 1006 9010 100000
a contact +1200 +1800 1006 9004 100000
a contact +1200 +1800 1006 9003 100000
a contact +1200 +1800 1008 9001 100000
a contact +1200 +1800 1008 9008 100000
a contact +1200 +1800 1008 9006 100000
a contact +1200 +1800 2001 1001 10000
a contact +1200 +1800 2009 1018 10000
a contact +1200 +1800 2035 1009 10000
a contact +1200 +1800 2078 1009 10000
a contact +1200 +1800 2079 1009 10000
a contact +1200 +1800 2080 1018 10000
a contact +1200 +1800 2090 1011 10000
a contact +1200 +1800 2091 1013 10000
a contact +1200 +1800 2092 1018 10000
a contact +1200 +1800 2100 1011 10000
a contact +1200 +1800 2211 1013 10000
a contact +1200 +1800 2212 1013 10000
a contact +1200 +1800 2235 1016 10000
a contact +1200 +1800 2236 1010 10000
a contact +1200 +1800 2237 1010 10000
a contact +1200 +1800 2238 1014 10000
a contact +1200 +1800 2239 1016 10000
a contact +1200 +1800 2240 1016 10000
a contact +1200 +1800 2241 1015 10000
a contact +1200 +1800 2242 1015 10000
a contact +1200 +1800 2243 1015 10000
a contact +1200 +1800 2244 1014 10000
a contact +1200 +1800 2245 1017 10000
a contact +1200 +1800 2246 1014 10000
a contact +1200 +1800 2247 1012 10000
a contact +1200 +1800 2248 1012 10000
a contact +1200 +1800 2249 1012 10000
a contact +1200 +1800 2250 1017 10000
a contact +1200 +1800 2251 1007 10000
a contact +1200 +1800 2252 1007 10000
a contact +1200 +1800 2253 1002 10000
a contact +1200 +1800 2254 1017 10000
a contact +1200 +1800 2255 1010 10000
a contact +1200 +1800 2256 1011 10000
a contact +1200 +1800 2257 1007 10000
a contact +1200 +1800 2258 1004 10000
a contact +1200 +1800 2259 1004 10000
a contact +1200 +1800 2260 1004 10000
a contact +1200 +1800 2261 1002 10000
a contact +1200 +1800 2262 1001 10000
a contact +1200 +1800 2263 1002 10000
a contact +1200 +1800 2264 1001 10000
a contact +1800 +2400 2001 1001 10000
a contact +1800 +2400 2002 1018 10000
a contact +1800 +2400 2009 1018 10000
a contact +1800 +2400 2018 1006 10000
a contact +1800 +2400 2035 1009 10000
a contact +1800 +2400 2038 1003 10000
a contact +1800 +2400 2067 1008 10000
a contact +1800 +2400 2078 1009 10000
a contact +1800 +2400 2079 1009 10000
a contact +1800 +2400 2089 1008 10000
a contact +1800 +2400 2090 1011 10000
a contact +1800 +2400 2091 1013 10000
a contact +1800 +2400 2092 1018 10000
a contact +1800 +2400 2100 1011 10000
a contact +1800 +2400 2111 1008 10000
a contact +1800 +2400 2123 1005 10000
a contact +1800 +2400 2162 1003 10000
a contact +1800 +2400 2167 1003 10000
a contact +1800 +2400 2199 1006 10000
a contact +1800 +2400 2210 1006 10000
a contact +1800 +2400 2211 1013 10000
a contact +1800 +2400 2212 1013 10000
a contact +1800 +2400 2222 1005 10000
a contact +1800 +2400 2223 1005 10000
a contact +1800 +2400 2235 1016 10000
a contact +1800 +2400 2236 1016 10000
a contact +1800 +2400 2237 1010 10000
a contact +1800 +2400 2238 1010 10000
a contact +1800 +2400 2239 1016 10000
a contact +1800 +2400 2240 1017 10000
a contact +1800 +2400 2241 1015 10000
a contact +1800 +2400 2242 1015 10000
a contact +1800 +2400 2243 1014 10000
a contact +1800 +2400 2244 1015 10000
a contact +1800 +2400 2245 1014 10000
a contact +1800 +2400 2246 1017 10000
a contact +1800 +2400 2247 1012 10000
a contact +1800 +2400 2248 1012 10000
a contact +1800 +2400 2249 1007 10000
a contact +1800 +2400 2250 1004 10000
a contact +1800 +2400 2251 1007 10000
a contact +1800 +2400 2252 1012 10000
a contact +1800 +2400 2253 1017 10000
a contact +1800 +2400 2254 1010 10000
a contact +1800 +2400 2255 1014 10000
a contact +1800 +2400 2256 1011 10000
a contact +1800 +2400 2257 1004 10000
a contact +1800 +2400 2258 1007 10000
a contact +1800 +2400 2259 1004 10000
a contact +1800 +2400 2260 1002 10000
a contact +1800 +2400 2261 1002 10000
a contact +1800 +2400 2262 1001 10000
a contact +1800 +2400 2263 1001 10000
a contact +1800 +2400 2264 1002 10000
a contact +2400 +3000 1015 9005 100000
a contact +2400 +3000 1015 9003 100000
a contact +2400 +3000 1015 9001 100000
a contact +2400 +3000 2001 1001 10000
a contact +2400 +3000 2002 1018 10000
a contact +2400 +3000 2003 1005 10000
a contact +2400 +3000 2018 1006 10000
a contact +2400 +3000 2035 1009 10000
a contact +2400 +3000 2038 1003 10000
a contact +2400 +3000 2067 1008 10000
a contact +2400 +3000 2078 1009 10000
a contact +2400 +3000 2079 1009 10000
a contact +2400 +3000 2089 1008 10000
a contact +2400 +3000 2091 1013 10000
a contact +2400 +3000 2092 1018 10000
a contact +2400 +3000 2111 1008 10000
a contact +2400 +3000 2123 1005 10000
a contact +2400 +3000 2162 1003 10000
a contact +2400 +3000 2167 1003 10000
a contact +2400 +3000 2199 1006 10000
a contact +2400 +3000 2210 1006 10000
a contact +2400 +3000 2212 1013 10000
a contact +2400 +3000 2223 1005 10000
a contact +2400 +3000 2234 1018 10000
a contact +2400 +3000 2238 1017 10000
a contact +2400 +3000 2239 1017 10000
a contact +2400 +3000 2240 1017 10000
a contact +2400 +3000 2241 1016 10000
a contact +2400 +3000 2242 1014 10000
a contact +2400 +3000 2243 1016 10000
a contact +2400 +3000 2244 1016 10000
a contact +2400 +3000 2245 1012 10000
a contact +2400 +3000 2246 1012 10000
a contact +2400 +3000 2247 1014 10000
a contact +2400 +3000 2248 1014 10000
a contact +2400 +3000 2249 1004 10000
a contact +2400 +3000 2250 1012 10000
a contact +2400 +3000 2251 1010 10000
a contact +2400 +3000 2252 1010 10000
a contact +2400 +3000 2253 1010 10000
a contact +2400 +3000 2254 1007 10000
a contact +2400 +3000 2255 1007 10000
a contact +2400 +3000 2257 1004 10000
a contact +2400 +3000 2258 1007 10000
a contact +2400 +3000 2259 1004 10000
a contact +2400 +3000 2260 1001 10000
a contact +2400 +3000 2261 1001 10000
a contact +2400 +3000 2262 1002 10000
a contact +2400 +3000 2263 1002 10000
a contact +2400 +3000 2264 1002 10000
a contact +3000 +3600 2001 1002 10000
a contact +3000 +3600 2002 1018 10000
a contact +3000 +3600 2003 1005 10000
a contact +3000 +3600 2018 1006 10000
a contact +3000 +3600 2035 1009 10000
a contact +3000 +3600 2038 1003 10000
a contact +3000 +3600 2067 1008 10000
a contact +3000 +3600 2078 1009 10000
a contact +3000 +3600 2079 1009 10000
a contact +3000 +3600 2089 1008 10000
a contact +2400 +3600 2090 1011 10000
a contact +3000 +3600 2091 1013 10000
a contact +3000 +3600 2092 1018 10000
a contact +3000 +3600 2093 1015 10000
a contact +2400 +3600 2100 1011 10000
a contact +3000 +3600 2111 1008 10000
a contact +3000 +3600 2123 1005 10000
a contact +3000 +3600 2162 1003 10000
a contact +3000 +3600 2167 1003 10000
a contact +3000 +3600 2199 1006 10000
a contact +3000 +3600 2200 1015 10000
a contact +3000 +3600 2201 1015 10000
a contact +3000 +3600 2210 1006 10000
a contact +2400 +3600 2211 1013 10000
a contact +3000 +3600 2212 1013 10000
a contact +3000 +3600 2223 1005 10000
a contact +3000 +3600 2234 1018 10000
a contact +3000 +3600 2238 1017 10000
a contact +3000 +3600 2239 1017 10000
a contact +3000 +3600 2240 1014 10000
a contact +3000 +3600 2241 1014 10000
a contact +3000 +3600 2242 1016 10000
a contact +3000 +3600 2243 1016 10000
a contact +3000 +3600 2244 1016 10000
a contact +3000 +3600 2245 1017 10000
a contact +3000 +3600 2246 1012 10000
a contact +3000 +3600 2247 1014 10000
a contact +3000 +3600 2248 1012 10000
a contact +3000 +3600 2249 1012 10000
a contact +3000 +3600 2250 1010 10000
a contact +3000 +3600 2251 1010 10000
a contact +3000 +3600 2252 1010 10000
a contact +3000 +3600 2253 1007 10000
a contact +3000 +3600 2254 1007 10000
a contact +3000 +3600 2255 1004 10000
a contact +2400 +3600 2256 1011 10000
a contact +3000 +3600 2257 1004 10000
a contact +3000 +3600 2258 1007 10000
a contact +3000 +3600 2259 1001 10000
a contact +3000 +3600 2260 1001 10000
a contact +3000 +3600 2261 1001 10000
a contact +3000 +3600 2262 1004 10000
a contact +3000 +3600 2263 1002 10000
a contact +3000 +3600 2264 1002 10000
a contact +3600 +4200 1002 9011 100000
a contact +3600 +4200 1002 9003 100000
a contact +3600 +4200 1002 9001 100000
a contact +3600 +4200 2001 1004 10000
a contact +3600 +4200 2003 1005 10000
a contact +3600 +4200 2004 1003 10000
a contact +3600 +4200 2093 1015 10000
a contact +3600 +4200 2200 1015 10000
a contact +3600 +4200 2201 1015 10000
a contact +3600 +4200 2215 1018 10000
a contact +3600 +4200 2216 1018 10000
a contact +3600 +4200 2217 1013 10000
a contact +3600 +4200 2218 1013 10000
a contact +3600 +4200 2219 1013 10000
a contact +3600 +4200 2220 1011 10000
a contact +3600 +4200 2221 1011 10000
a contact +3600 +4200 2222 1011 10000
a contact +3600 +4200 2224 1009 10000
a contact +3600 +4200 2225 1009 10000
a contact +3600 +4200 2226 1009 10000
a contact +3600 +4200 2227 1008 10000
a contact +3600 +4200 2228 1008 10000
a contact +3600 +4200 2229 1008 10000
a contact +3600 +4200 2230 1006 10000
a contact +3600 +4200 2231 1006 10000
a contact +3600 +4200 2232 1006 10000
a contact +3600 +4200 2233 1005 10000
a contact +3600 +4200 2234 1018 10000
a contact +3600 +4200 2235 1005 10000
a contact +3600 +4200 2236 1003 10000
a contact +3600 +4200 2237 1003 10000
a contact +3600 +4200 2242 1016 10000
a contact +3600 +4200 2243 1017 10000
a contact +3600 +4200 2244 1016 10000
a contact +3600 +4200 2245 1016 10000
a contact +3600 +4200 2246 1017 10000
a contact +3600 +4200 2247 1017 10000
a contact +3600 +4200 2248 1014 10000
a contact +3600 +4200 2249 1014 10000
a contact +3600 +4200 2250 1012 10000
a contact +3600 +4200 2251 1012 10000
a contact +3600 +4200 2252 1012 10000
a contact +3600 +4200 2253 1014 10000
a contact +3600 +4200 2254 1010 10000
a contact +3600 +4200 2255 1010 10000
a contact +3600 +4200 2256 1010 10000
a contact +3600 +4200 2257 1007 10000
a contact +3600 +4200 2258 1001 10000
a contact +3600 +4200 2259 1001 10000
a contact +3600 +4200 2260 1007 10000
a contact +3600 +4200 2261 1001 10000
a contact +3600 +4200 2262 1007 10000
a contact +3600 +4200 2263 1004 10000
a contact +3600 +4200 2264 1004 10000
a contact +4200 +4800 2001 1004 10000
a contact +4200 +4800 2003 1005 10000
a contact +4200 +4800 2004 1003 10000
a contact +4200 +4800 2029 1002 10000
a contact +4200 +4800 2089 1002 10000
a contact +4200 +4800 2093 1015 10000
a contact +4200 +4800 2101 1002 10000
a contact +4200 +4800 2201 1015 10000
a contact +4200 +4800 2216 1018 10000
a contact +4200 +4800 2217 1013 10000
a contact +4200 +4800 2218 1013 10000
a contact +4200 +4800 2219 1013 10000
a contact +4200 +4800 2220 1011 10000
a contact +4200 +4800 2221 1011 10000
a contact +4200 +4800 2222 1011 10000
a contact +4200 +4800 2224 1009 10000
a contact +4200 +4800 2225 1009 10000
a contact +4200 +4800 2226 1009 10000
a contact +4200 +4800 2227 1008 10000
a contact +4200 +4800 2228 1008 10000
a contact +4200 +4800 2229 1008 10000
a contact +4200 +4800 2230 1006 10000
a contact +4200 +4800 2231 1006 10000
a contact +4200 +4800 2232 1006 10000
a contact +4200 +4800 2233 1005 10000
a contact +4200 +4800 2234 1018 10000
a contact +4200 +4800 2235 1005 10000
a contact +4200 +4800 2236 1003 10000
a contact +4200 +4800 2237 1003 10000
a contact +4200 +4800 2242 1016 10000
a contact +4200 +4800 2243 1016 10000
a contact +4200 +4800 2244 1017 10000
a contact +4200 +4800 2245 1016 10000
a contact +4200 +4800 2246 1017 10000
a contact +4200 +4800 2247 1012 10000
a contact +4200 +4800 2248 1017 10000
a contact +4200 +4800 2249 1012 10000
a contact +4200 +4800 2250 1014 10000
a contact +4200 +4800 2251 1012 10000
a contact +4200 +4800 2252 1014 10000
a contact +4200 +4800 2253 1014 10000
a contact +4200 +4800 2254 1010 10000
a contact +4200 +4800 2255 1010 10000
a contact +4200 +4800 2256 1007 10000
a contact +4200 +4800 2257 1010 10000
a contact +4200 +4800 2258 1001 10000
a contact +4200 +4800 2259 1001 10000
a contact +4200 +4800 2260 1001 10000
a contact +4200 +4800 2261 1007 10000
a contact +4200 +4800 2262 1004 10000
a contact +4200 +4800 2263 1007 10000
a contact +4200 +4800 2264 1004 10000
a contact +4800 +5400 2001 1004 10000
a contact +4800 +5400 2003 1005 10000
a contact +4800 +5400 2004 1003 10000
a contact +4800 +5400 2029 1002 10000
a contact +4800 +5400 2089 1002 10000
a contact +4800 +5400 2093 1015 10000
a contact +4800 +5400 2101 1002 10000
a contact +4200 +5400 2200 1015 10000
a contact +4800 +5400 2201 1015 10000
a contact +4200 +5400 2215 1018 10000
a contact +4800 +5400 2216 1018 10000
a contact +4800 +5400 2217 1013 10000
a contact +4800 +5400 2218 1013 10000
a contact +4800 +5400 2219 1013 10000
a contact +4800 +5400 2220 1011 10000
a contact +4800 +5400 2221 1011 10000
a contact +4800 +5400 2222 1011 10000
a contact +4800 +5400 2224 1009 10000
a contact +4800 +5400 2225 1009 10000
a contact +4800 +5400 2226 1009 10000
a contact +4800 +5400 2227 1008 10000
a contact +4800 +5400 2228 1008 10000
a contact +4800 +5400 2229 1008 10000
a contact +4800 +5400 2230 1006 10000
a contact +4800 +5400 2231 1006 10000
a contact +4800 +5400 2232 1006 10000
a contact +4800 +5400 2233 1005 10000
a contact +4800 +5400 2234 1018 10000
a contact +4800 +5400 2235 1005 10000
a contact +4800 +5400 2236 1003 10000
a contact +4800 +5400 2237 1003 10000
a contact +4800 +5400 2242 1017 10000
a contact +4800 +5400 2243 1017 10000
a contact +4800 +5400 2244 1012 10000
a contact +4800 +5400 2245 1016 10000
a contact +4800 +5400 2246 1012 10000
a contact +4800 +5400 2247 1014 10000
a contact +4800 +5400 2248 1017 10000
a contact +4800 +5400 2249 1016 10000
a contact +4800 +5400 2250 1012 10000
a contact +4800 +5400 2251 1014 10000
a contact +4800 +5400 2252 1010 10000
a contact +4800 +5400 2253 1010 10000
a contact +4800 +5400 2254 1014 10000
a contact +4800 +5400 2255 1016 10000
a contact +4800 +5400 2256 1001 10000
a contact +4800 +5400 2257 1001 10000
a contact +4800 +5400 2258 1001 10000
a contact +4800 +5400 2259 1007 10000
a contact +4800 +5400 2260 1010 10000
a contact +4800 +5400 2261 1007 10000
a contact +4800 +5400 2262 1004 10000
a contact +4800 +5400 2263 1004 10000
a contact +4800 +5400 2264 1007 10000
a contact +5400 +6000 2001 1007 10000
a contact +5400 +6000 2003 1005 10000
a contact +5400 +6000 2004 1003 10000
a contact +5400 +6000 2029 1002 10000
a contact +5400 +6000 2089 1002 10000
a contact +5400 +6000 2093 1015 10000
a contact +5400 +6000 2101 1002 10000
a contact +5400 +6000 2200 1015 10000
a contact +5400 +6000 2201 1015 10000
a contact +5400 +6000 2215 1018 10000
a contact +5400 +6000 2216 1018 10000
a contact +5400 +6000 2217 1013 10000
a contact +5400 +6000 2218 1013 10000
a contact +5400 +6000 2219 1013 10000
a contact +5400 +6000 2220 1011 10000
a contact +5400 +6000 2221 1011 10000
a contact +5400 +6000 2222 1011 10000
a contact +5400 +6000 2224 1009 10000
a contact +5400 +6000 2225 1009 10000
a contact +5400 +6000 2226 1009 10000
a contact +5400 +6000 2227 1008 10000
a contact +5400 +6000 2228 1008 10000
a contact +5400 +6000 2229 1008 10000
a contact +5400 +6000 2230 1006 10000
a contact +5400 +6000 2231 1006 10000
a contact +5400 +6000 2232 1006 10000
a contact +5400 +6000 2233 1005 10000
a contact +5400 +6000 2234 1018 10000
a contact +5400 +6000 2235 1005 10000
a contact +5400 +6000 2236 1003 10000
a contact +5400 +6000 2237 1003 10000
a contact +5400 +6000 2242 1017 10000
a contact +5400 +6000 2243 1012 10000
a contact +5400 +6000 2244 1012 10000
a contact +5400 +6000 2245 1012 10000
a contact +5400 +6000 2246 1014 10000
a contact +5400 +6000 2247 1017 10000
a contact +5400 +6000 2248 1017 10000
a contact +5400 +6000 2249 1016 10000
a contact +5400 +6000 2250 1016 10000
a contact +5400 +6000 2251 1014 10000
a contact +5400 +6000 2252 1014 10000
a contact +5400 +6000 2253 1010 10000
a contact +5400 +6000 2254 1016 10000
a contact +5400 +6000 2255 1001 10000
a contact +5400 +6000 2256 1001 10000
a contact +5400 +6000 2257 1001 10000
a contact +5400 +6000 2258 1010 10000
a contact +5400 +6000 2259 1010 10000
a contact +5400 +6000 2260 1007 10000
a contact +5400 +6000 2261 1004 10000
a contact +5400 +6000 2262 1007 10000
a contact +5400 +6000 2263 1004 10000
a contact +5400 +6000 2264 1004 10000
a contact +6000 +6600 1007 9005 100000
a contact +6000 +6600 1007 9003 100000
a contact +6000 +6600 1007 9001 100000
a contact +6000 +6600 2001 1012 10000
a contact +6000 +6600 2002 1002 10000
a contact +6000 +6600 2189 1018 10000
a contact +6000 +6600 2190 1018 10000
a contact +6000 +6600 2191 1015 10000
a contact +6000 +6600 2192 1015 10000
a contact +6000 +6600 2193 1015 10000
a contact +6000 +6600 2194 1018 10000
a contact +6000 +6600 2195 1013 10000
a contact +6000 +6600 2196 1013 10000
a contact +6000 +6600 2197 1013 10000
a contact +6000 +6600 2198 1011 10000
a contact +6000 +6600 2199 1011 10000
a contact +6000 +6600 2202 1009 10000
a contact +6000 +6600 2203 1009 10000
a contact +6000 +6600 2204 1009 10000
a contact +6000 +6600 2205 1011 10000
a contact +6000 +6600 2206 1008 10000
a contact +6000 +6600 2207 1008 10000
a contact +6000 +6600 2208 1008 10000
a contact +6000 +6600 2209 1006 10000
a contact +6000 +6600 2210 1005 10000
a contact +6000 +6600 2211 1005 10000
a contact +6000 +6600 2212 1005 10000
a contact +6000 +6600 2213 1006 10000
a contact +6000 +6600 2214 1006 10000
a contact +6000 +6600 2223 1003 10000
a contact +6000 +6600 2238 1003 10000
a contact +6000 +6600 2239 1003 10000
a contact +6000 +6600 2240 1002 10000
a contact +6000 +6600 2241 1002 10000
a contact +6000 +6600 2245 1017 10000
a contact +6000 +6600 2246 1016 10000
a contact +6000 +6600 2247 1017 10000
a contact +6000 +6600 2248 1016 10000
a contact +6000 +6600 2249 1010 10000
a contact +6000 +6600 2250 1014 10000
a contact +6000 +6600 2251 1014 10000
a contact +6000 +6600 2252 1001 10000
a contact +6000 +6600 2253 1016 10000
a contact +6000 +6600 2254 1001 10000
a contact +6000 +6600 2255 1001 10000
a contact +6000 +6600 2256 1004 10000
a contact +6000 +6600 2257 1017 10000
a contact +6000 +6600 2258 1010 10000
a contact +6000 +6600 2259 1010 10000
a contact +6000 +6600 2260 1004 10000
a contact +6000 +6600 2261 1004 10000
a contact +6000 +6600 2262 1014 10000
a contact +6000 +6600 2263 1012 10000
a contact +6000 +6600 2264 1012 10000
a contact +6600 +7200 1010 9006 100000
a contact +6600 +7200 1010 9004 100000
a contact +6600 +7200 1010 9002 100000
a contact +6600 +7200 1017 9005 100000
a contact +6600 +7200 1017 9003 100000
a contact +6600 +7200 1017 9001 100000
a contact +6600 +7200 2001 1012 10000
a contact +6600 +7200 2002 1002 10000
a contact +6600 +7200 2004 1005 10000
a contact +6600 +7200 2105 1007 10000
a contact +6600 +7200 2106 1007 10000
a contact +6600 +7200 2189 1018 10000
a contact +6600 +7200 2190 1018 10000
a contact +6600 +7200 2191 1015 10000
a contact +6600 +7200 2192 1015 10000
a contact +6600 +7200 2193 1015 10000
a contact +6600 +7200 2194 1018 10000
a contact +6600 +7200 2195 1013 10000
a contact +6600 +7200 2196 1013 10000
a contact +6600 +7200 2197 1013 10000
a contact +6600 +7200 2198 1011 10000
a contact +6600 +7200 2199 1011 10000
a contact +6600 +7200 2202 1009 10000
a contact +6600 +7200 2203 1009 10000
a contact +6600 +7200 2204 1009 10000
a contact +6600 +7200 2205 1011 10000
a contact +6600 +7200 2206 1008 10000
a contact +6600 +7200 2207 1008 10000
a contact +6600 +7200 2208 1008 10000
a contact +6600 +7200 2209 1006 10000
a contact +6600 +7200 2210 1005 10000
a contact +6600 +7200 2211 1005 10000
a contact +6600 +7200 2213 1006 10000
a contact +6600 +7200 2214 1006 10000
a contact +6600 +7200 2223 1003 10000
a contact +6600 +7200 2236 1007 10000
a contact +6600 +7200 2238 1003 10000
a contact +6600 +7200 2239 1003 10000
a contact +6600 +7200 2240 1002 10000
a contact +6600 +7200 2241 1002 10000
a contact +6600 +7200 2251 1016 10000
a contact +6600 +7200 2252 1016 10000
a contact +6600 +7200 2253 1004 10000
a contact +6600 +7200 2254 1001 10000
a contact +6600 +7200 2255 1001 10000
a contact +6600 +7200 2256 1016 10000
a contact +6600 +7200 2257 1001 10000
a contact +6600 +7200 2258 1014 10000
a contact +6600 +7200 2259 1014 10000
a contact +6600 +7200 2260 1004 10000
a contact +6600 +7200 2261 1004 10000
a contact +6600 +7200 2262 1012 10000
a contact +6600 +7200 2263 1014 10000
a contact +6600 +7200 2264 1012 10000
a contact +7200 +7800 1005 9010 100000
a contact +7200 +7800 1005 9005 100000
a contact +7200 +7800 1005 9003 100000
a contact +7200 +7800 1008 9002 100000
a contact +7200 +7800 1008 9006 100000
a contact +7200 +7800 1008 9008 100000
a contact +7200 +7800 1015 9001 100000
a contact +7200 +7800 1015 9007 100000
a contact +7200 +7800 1015 9009 100000
a contact +7200 +7800 1018 9004 100000
a contact +7200 +7800 1018 9011 100000
a contact +7200 +7800 1018 9012 100000
a contact +7200 +7800 2003 1002 10000
a contact +7200 +7800 2057 1017 10000
a contact +7200 +7800 2105 1007 10000
a contact +7200 +7800 2106 1007 10000
a contact +7200 +7800 2121 1010 10000
a contact +7200 +7800 2122 1010 10000
a contact +7200 +7800 2156 1017 10000
a contact +7200 +7800 2166 1010 10000
a contact +7200 +7800 2231 1016 10000
a contact +7200 +7800 2232 1016 10000
a contact +7200 +7800 2233 1016 10000
a contact +7200 +7800 2234 1014 10000
a contact +7200 +7800 2235 1014 10000
a contact +7200 +7800 2236 1007 10000
a contact +7200 +7800 2237 1014 10000
a contact +7200 +7800 2238 1013 10000
a contact +7200 +7800 2239 1013 10000
a contact +7200 +7800 2240 1013 10000
a contact +7200 +7800 2241 1012 10000
a contact +7200 +7800 2242 1012 10000
a contact +7200 +7800 2243 1012 10000
a contact +7200 +7800 2244 1009 10000
a contact +7200 +7800 2245 1009 10000
a contact +7200 +7800 2246 1011 10000
a contact +7200 +7800 2247 1011 10000
a contact +7200 +7800 2248 1011 10000
a contact +7200 +7800 2249 1004 10000
a contact +7200 +7800 2250 1017 10000
a contact +7200 +7800 2251 1009 10000
a contact +7200 +7800 2252 1001 10000
a contact +7200 +7800 2253 1001 10000
a contact +7200 +7800 2254 1004 10000
a contact +7200 +7800 2255 1004 10000
a contact +7200 +7800 2256 1001 10000
a contact +7200 +7800 2257 1003 10000
a contact +7200 +7800 2258 1003 10000
a contact +7200 +7800 2259 1006 10000
a contact +7200 +7800 2260 1002 10000
a contact +7200 +7800 2261 1006 10000
a contact +7200 +7800 2262 1002 10000
a contact +7200 +7800 2263 1006 10000
a contact +7200 +7800 2264 1003 10000
a contact +7800 +8400 1002 9001 100000
a contact +7800 +8400 1002 9004 100000
a contact +7800 +8400 1002 9002 100000
a contact +7800 +8400 1004 9005 100000
a contact +7800 +8400 1004 9003 100000
a contact +7800 +8400 1004 9011 100000
a contact +7800 +8400 2001 1003 10000
a contact +7800 +8400 2002 1010 10000
a contact +7800 +8400 2024 1008 10000
a contact +7800 +8400 2057 1017 10000
a contact +7800 +8400 2068 1008 10000
a contact +7800 +8400 2101 1018 10000
a contact +7800 +8400 2112 1015 10000
a contact +7800 +8400 2145 1018 10000
a contact +7800 +8400 2156 1017 10000
a contact +7800 +8400 2160 1005 10000
a contact +7800 +8400 2169 1005 10000
a contact +7800 +8400 2177 1015 10000
a contact +7800 +8400 2200 1018 10000
a contact +7800 +8400 2204 1005 10000
a contact +7800 +8400 2221 1015 10000
a contact +7800 +8400 2232 1016 10000
a contact +7800 +8400 2233 1016 10000
a contact +7800 +8400 2234 1014 10000
a contact +7800 +8400 2235 1016 10000
a contact +7800 +8400 2236 1014 10000
a contact +7800 +8400 2237 1014 10000
a contact +7800 +8400 2238 1013 10000
a contact +7800 +8400 2239 1013 10000
a contact +7800 +8400 2240 1012 10000
a contact +7800 +8400 2241 1012 10000
a contact +7800 +8400 2242 1009 10000
a contact +7800 +8400 2243 1009 10000
a contact +7800 +8400 2244 1008 10000
a contact +7800 +8400 2245 1012 10000
a contact +7800 +8400 2246 1013 10000
a contact +7800 +8400 2247 1011 10000
a contact +7800 +8400 2248 1011 10000
a contact +7800 +8400 2249 1011 10000
a contact +7800 +8400 2250 1017 10000
a contact +7800 +8400 2251 1009 10000
a contact +7800 +8400 2252 1001 10000
a contact +7800 +8400 2253 1001 10000
a contact +7800 +8400 2254 1001 10000
a contact +7800 +8400 2255 1006 10000
a contact +7800 +8400 2256 1003 10000
a contact +7800 +8400 2257 1010 10000
a contact +7800 +8400 2258 1003 10000
a contact +7800 +8400 2259 1006 10000
a contact +7800 +8400 2260 1006 10000
a contact +7800 +8400 2261 1007 10000
a contact +7800 +8400 2262 1007 10000
a contact +7800 +8400 2263 1007 10000
a contact +7800 +8400 2264 1010 10000
a contact +8400 +9000 1004 9003 100000
a contact +8400 +9000 1004 9011 100000
a contact +8400 +9000 1004 9005 100000
a contact +8400 +9000 1007 9001 100000
a contact +8400 +9000 1007 9007 100000
a contact +8400 +9000 1007 9006 100000
a contact +8400 +9000 1010 9002 100000
a contact +8400 +9000 1010 9012 100000
a contact +8400 +9000 1010 9008 100000
a contact +8400 +9000 1017 9009 100000
a contact +8400 +9000 1017 9004 100000
a contact +8400 +9000 1017 9010 100000
a contact +8400 +9000 2001 1003 10000
a contact +8400 +9000 2024 1008 10000
a contact +8400 +9000 2068 1008 10000
a contact +8400 +9000 2100 1002 10000
a contact +8400 +9000 2101 1018 10000
a contact +8400 +9000 2112 1015 10000
a contact +8400 +9000 2124 1002 10000
a contact +8400 +9000 2144 1002 10000
a contact +8400 +9000 2145 1018 10000
a contact +8400 +9000 2160 1005 10000
a contact +8400 +9000 2169 1005 10000
a contact +8400 +9000 2177 1015 10000
a contact +8400 +9000 2200 1018 10000
a contact +8400 +9000 2204 1005 10000
a contact +8400 +9000 2221 1015 10000
a contact +8400 +9000 2238 1016 10000
a contact +8400 +9000 2239 1016 10000
a contact +8400 +9000 2240 1014 10000
a contact +8400 +9000 2241 1016 10000
a contact +8400 +9000 2242 1014 10000
a contact +8400 +9000 2243 1012 10000
a contact +8400 +9000 2244 1008 10000
a contact +8400 +9000 2245 1014 10000
a contact +8400 +9000 2246 1013 10000
a contact +8400 +9000 2247 1013 10000
a contact +8400 +9000 2248 1013 10000
a contact +8400 +9000 2249 1011 10000
a contact +8400 +9000 2250 1001 10000
a contact +8400 +9000 2251 1001 10000
a contact +8400 +9000 2252 1012 10000
a contact +8400 +9000 2253 1001 10000
a contact +8400 +9000 2254 1011 10000
a contact +8400 +9000 2255 1011 10000
a contact +8400 +9000 2256 1012 10000
a contact +8400 +9000 2257 1009 10000
a contact +8400 +9000 2258 1009 10000
a contact +8400 +9000 2259 1009 10000
a contact +8400 +9000 2260 1006 10000
a contact +8400 +9000 2261 1006 10000
a contact +8400 +9000 2262 1006 10000
a contact +8400 +9000 2263 1003 10000
a contact +8400 +9000 2264 1003 10000
a contact +9000 +9600 1014 9005 100000
a contact +9000 +9600 1014 9003 100000
a contact +9000 +9600 1014 9001 100000
a contact +9000 +9600 2001 1003 10000
a contact +9000 +9600 2002 1015 10000
a contact +9000 +9600 2024 1008 10000
a contact +9000 +9600 2030 1004 10000
a contact +9000 +9600 2031 1004 10000
a contact +9000 +9600 2068 1008 10000
a contact +9000 +9600 2075 1004 10000
a contact +9000 +9600 2079 1007 10000
a contact +9000 +9600 2080 1007 10000
a contact +9000 +9600 2081 1010 10000
a contact +9000 +9600 2093 1017 10000
a contact +9000 +9600 2100 1002 10000
a contact +9000 +9600 2101 1018 10000
a contact +9000 +9600 2103 1010 10000
a contact +9000 +9600 2122 1017 10000
a contact +9000 +9600 2124 1002 10000
a contact +9000 +9600 2144 1002 10000
a contact +9000 +9600 2145 1018 10000
a contact +9000 +9600 2169 1005 10000
a contact +9000 +9600 2177 1015 10000
a contact +9000 +9600 2200 1018 10000
a contact +9000 +9600 2204 1005 10000
a contact +9000 +9600 2225 1017 10000
a contact +9000 +9600 2226 1010 10000
a contact +9000 +9600 2228 1007 10000
a contact +9000 +9600 2235 1015 10000
a contact +9000 +9600 2236 1005 10000
a contact +9000 +9600 2237 1008 10000
a contact +9000 +9600 2242 1012 10000
a contact +9000 +9600 2243 1013 10000
a contact +9000 +9600 2244 1012 10000
a contact +9000 +9600 2245 1013 10000
a contact +9000 +9600 2246 1013 10000
a contact +9000 +9600 2247 1006 10000
a contact +9000 +9600 2248 1016 10000
a contact +9000 +9600 2249 1001 10000
a contact +9000 +9600 2250 1001 10000
a contact +9000 +9600 2251 1001 10000
a contact +9000 +9600 2252 1016 10000
a contact +9000 +9600 2253 1016 10000
a contact +9000 +9600 2254 1011 10000
a contact +9000 +9600 2255 1011 10000
a contact +9000 +9600 2256 1009 10000
a contact +9000 +9600 2257 1011 10000
a contact +9000 +9600 2258 1009 10000
a contact +9000 +9600 2259 1009 10000
a contact +9000 +9600 2260 1012 10000
a contact +9000 +9600 2261 1006 10000
a contact +9000 +9600 2262 1003 10000
a contact +9000 +9600 2263 1006 10000
a contact +9000 +9600 2264 1003 10000
a contact +9600 +10200 1014 9007 100000
a contact +9600 +10200 1014 9001 100000
a contact +9600 +10200 1014 9003 100000
a contact +9600 +10200 2001 1006 10000
a contact +9600 +10200 2002 1015 10000
a contact +9600 +10200 2005 1005 10000
a contact +9600 +10200 2030 1004 10000
a contact +9600 +10200 2031 1004 10000
a contact +9600 +10200 2075 1004 10000
a contact +9600 +10200 2079 1007 10000
a contact +9600 +10200 2080 1007 10000
a contact +9600 +10200 2081 1010 10000
a contact +9600 +10200 2093 1017 10000
a contact +9600 +10200 2100 1002 10000
a contact +9600 +10200 2103 1010 10000
a contact +9600 +10200 2122 1017 10000
a contact +9600 +10200 2144 1002 10000
a contact +9600 +10200 2225 1017 10000
a contact +9600 +10200 2226 1010 10000
a contact +9600 +10200 2228 1007 10000
a contact +9600 +10200 2231 1018 10000
a contact +9600 +10200 2232 1018 10000
a contact +9600 +10200 2233 1018 10000
a contact +9600 +10200 2234 1015 10000
a contact +9600 +10200 2236 1005 10000
a contact +9600 +10200 2237 1008 10000
a contact +9600 +10200 2238 1008 10000
a contact +9600 +10200 2239 1008 10000
a contact +9600 +10200 2240 1015 10000
a contact +9600 +10200 2241 1005 10000
a contact +9600 +10200 2242 1013 10000
a contact +9600 +10200 2243 1001 10000
a contact +9600 +10200 2244 1013 10000
a contact +9600 +10200 2245 1006 10000
a contact +9600 +10200 2246 1011 10000
a contact +9600 +10200 2247 1013 10000
a contact +9600 +10200 2248 1016 10000
a contact +9600 +10200 2249 1001 10000
a contact +9600 +10200 2250 1016 10000
a contact +9600 +10200 2251 1001 10000
a contact +9600 +10200 2252 1016 10000
a contact +9600 +10200 2253 1012 10000
a contact +9600 +10200 2254 1012 10000
a contact +9600 +10200 2255 1011 10000
a contact +9600 +10200 2256 1009 10000
a contact +9600 +10200 2257 1012 10000
a contact +9600 +10200 2258 1006 10000
a contact +9600 +10200 2259 1009 10000
a contact +9600 +10200 2260 1003 10000
a contact +9600 +10200 2261 1009 10000
a contact +9600 +10200 2262 1003 10000
a contact +9600 +10200 2263 1003 10000
a contact +9600 +10200 2264 1011 10000
a contact +10200 +10800 2001 1016 10000
a contact +10200 +10800 2002 1015 10000
a contact +10200 +10800 2003 1017 10000
a contact +10200 +10800 2005 1005 10000
a contact +10200 +10800 2030 1004 10000
a contact +10200 +10800 2031 1004 10000
a contact +10200 +10800 2046 1014 10000
a contact +10200 +10800 2075 1004 10000
a contact +10200 +10800 2079 1007 10000
a contact +10200 +10800 2080 1007 10000
a contact +10200 +10800 2097 1014 10000
a contact +10200 +10800 2100 1002 10000
a contact +10200 +10800 2103 1010 10000
a contact +9600 +10800 2124 1002 10000
a contact +10200 +10800 2141 1014 10000
a contact +10200 +10800 2144 1002 10000
a contact +10200 +10800 2225 1017 10000
a contact +10200 +10800 2226 1010 10000
a contact +10200 +10800 2228 1007 10000
a contact +10200 +10800 2231 1018 10000
a contact +10200 +10800 2232 1018 10000
a contact +10200 +10800 2233 1018 10000
a contact +10200 +10800 2234 1015 10000
a contact +10200 +10800 2236 1005 10000
a contact +10200 +10800 2237 1008 10000
a contact +10200 +10800 2238 1008 10000
a contact +10200 +10800 2239 1008 10000
a contact +10200 +10800 2240 1015 10000
a contact +10200 +10800 2241 1005 10000
a contact +10200 +10800 2242 1013 10000
a contact +10200 +10800 2243 1013 10000
a contact +10200 +10800 2244 1013 10000
a contact +10200 +10800 2245 1006 10000
a contact +10200 +10800 2246 1006 10000
a contact +10200 +10800 2247 1009 10000
a contact +10200 +10800 2248 1001 10000
a contact +10200 +10800 2249 1001 10000
a contact +10200 +10800 2250 1001 10000
a contact +10200 +10800 2251 1012 10000
a contact +10200 +10800 2252 1009 10000
a contact +10200 +10800 2253 1011 10000
a contact +10200 +10800 2254 1011 10000
a contact +10200 +10800 2255 1012 10000
a contact +10200 +10800 2256 1012 10000
a contact +10200 +10800 2257 1009 10000
a contact +10200 +10800 2258 1006 10000
a contact +10200 +10800 2259 1003 10000
a contact +10200 +10800 2260 1016 10000
a contact +10200 +10800 2261 1016 10000
a contact +10200 +10800 2262 1003 10000
a contact +10200 +10800 2263 1003 10000
a contact +10200 +10800 2264 1011 10000
a contact +10800 +11400 2001 1006 10000
a contact +10800 +11400 2002 1015 10000
a contact +10800 +11400 2003 1017 10000
a contact +10800 +11400 2005 1005 10000
a contact +10800 +11400 2008 1015 10000
a contact +10800 +11400 2030 1004 10000
a contact +10800 +11400 2031 1004 10000
a contact +10800 +11400 2046 1014 10000
a contact +10800 +11400 2075 1004 10000
a contact +10800 +11400 2079 1007 10000
a contact +10800 +11400 2080 1007 10000
a contact +10200 +11400 2081 1010 10000
a contact +10800 +11400 2097 1014 10000
a contact +10800 +11400 2100 1002 10000
a contact +10800 +11400 2103 1010 10000
a contact +10200 +11400 2122 1017 10000
a contact +10800 +11400 2124 1002 10000
a contact +10800 +11400 2144 1002 10000
a contact +10800 +11400 2225 1017 10000
a contact +10800 +11400 2226 1010 10000
a contact +10800 +11400 2228 1007 10000
a contact +10800 +11400 2231 1018 10000
a contact +10800 +11400 2232 1018 10000
a contact +10800 +11400 2233 1018 10000
a contact +10800 +11400 2235 1014 10000
a contact +10800 +11400 2236 1005 10000
a contact +10800 +11400 2237 1008 10000
a contact +10800 +11400 2238 1008 10000
a contact +10800 +11400 2239 1008 10000
a contact +10800 +11400 2240 1015 10000
a contact +10800 +11400 2241 1005 10000
a contact +10800 +11400 2242 1001 10000
a contact +10800 +11400 2243 1001 10000
a contact +10800 +11400 2244 1013 10000
a contact +10800 +11400 2245 1013 10000
a contact +10800 +11400 2246 1009 10000
a contact +10800 +11400 2247 1016 10000
a contact +10800 +11400 2248 1001 10000
a contact +10800 +11400 2249 1016 10000
a contact +10800 +11400 2250 1011 10000
a contact +10800 +11400 2251 1016 10000
a contact +10800 +11400 2252 1013 10000
a contact +10800 +11400 2253 1012 10000
a contact +10800 +11400 2254 1012 10000
a contact +10800 +11400 2255 1009 10000
a contact +10800 +11400 2256 1003 10000
a contact +10800 +11400 2257 1003 10000
a contact +10800 +11400 2258 1003 10000
a contact +10800 +11400 2259 1006 10000
a contact +10800 +11400 2260 1006 10000
a contact +10800 +11400 2261 1009 10000
a contact +10800 +11400 2262 1011 10000
a contact +10800 +11400 2263 1011 10000
a contact +10800 +11400 2264 1012 10000
a contact +11400 +12000 1001 9011 100000
a contact +11400 +12000 1001 9003 100000
a contact +11400 +12000 1001 9001 100000
a contact +11400 +12000 2001 1006 10000
a contact +11400 +12000 2003 1017 10000
a contact +11400 +12000 2004 1002 10000
a contact +11400 +12000 2008 1015 10000
a contact +11400 +12000 2097 1014 10000
a contact +11400 +12000 2203 1018 10000
a contact +11400 +12000 2204 1017 10000
a contact +11400 +12000 2205 1017 10000
a contact +11400 +12000 2206 1018 10000
a contact +11400 +12000 2207 1018 10000
a contact +11400 +12000 2208 1015 10000
a contact +11400 +12000 2209 1015 10000
a contact +11400 +12000 2210 1014 10000
a contact +11400 +12000 2211 1014 10000
a contact +11400 +12000 2212 1010 10000
a contact +11400 +12000 2213 1010 10000
a contact +11400 +12000 2214 1010 10000
a contact +11400 +12000 2215 1008 10000
a contact +11400 +12000 2216 1008 10000
a contact +11400 +12000 2217 1008 10000
a contact +11400 +12000 2218 1007 10000
a contact +11400 +12000 2219 1007 10000
a contact +11400 +12000 2220 1005 10000
a contact +11400 +12000 2221 1005 10000
a contact +11400 +12000 2222 1005 10000
a contact +11400 +12000 2223 1007 10000
a contact +11400 +12000 2224 1004 10000
a contact +11400 +12000 2227 1002 10000
a contact +11400 +12000 2229 1004 10000
a contact +11400 +12000 2230 1004 10000
a contact +11400 +12000 2234 1002 10000
a contact +11400 +12000 2245 1013 10000
a contact +11400 +12000 2246 1009 10000
a contact +11400 +12000 2247 1016 10000
a contact +11400 +12000 2248 1013 10000
a contact +11400 +12000 2249 1013 10000
a contact +11400 +12000 2250 1016 10000
a contact +11400 +12000 2251 1011 10000
a contact +11400 +12000 2252 1011 10000
a contact +11400 +12000 2253 1006 10000
a contact +11400 +12000 2254 1003 10000
a contact +11400 +12000 2255 1003 10000
a contact +11400 +12000 2256 1006 10000
a contact +11400 +12000 2257 1003 10000
a contact +11400 +12000 2258 1009 10000
a contact +11400 +12000 2259 1012 10000
a contact +11400 +12000 2260 1009 10000
a contact +11400 +12000 2261 1012 10000
a contact +11400 +12000 2262 1016 10000
a contact +11400 +12000 2263 1012 10000
a contact +11400 +12000 2264 1011 10000
a contact +12000 +12600 1001 9003 100000
a contact +12000 +12600 1001 9001 100000
a contact +12000 +12600 1001 9011 100000
a contact +12000 +12600 2001 1012 10000
a contact +12000 +12600 2002 1004 10000
a contact +12000 +12600 2004 1002 10000
a contact +12000 +12600 2008 1015 10000
a contact +12000 +12600 2203 1018 10000
a contact +12000 +12600 2204 1017 10000
a contact +12000 +12600 2205 1017 10000
a contact +12000 +12600 2206 1018 10000
a contact +12000 +12600 2207 1018 10000
a contact +12000 +12600 2208 1015 10000
a contact +12000 +12600 2209 1015 10000
a contact +12000 +12600 2210 1014 10000
a contact +12000 +12600 2211 1014 10000
a contact +12000 +12600 2212 1010 10000
a contact +12000 +12600 2213 1010 10000
a contact +12000 +12600 2214 1010 10000
a contact +12000 +12600 2215 1008 10000
a contact +12000 +12600 2216 1008 10000
a contact +12000 +12600 2217 1008 10000
a contact +12000 +12600 2218 1007 10000
a contact +12000 +12600 2219 1007 10000
a contact +12000 +12600 2220 1005 10000
a contact +12000 +12600 2221 1005 10000
a contact +12000 +12600 2222 1005 10000
a contact +12000 +12600 2223 1007 10000
a contact +12000 +12600 2224 1004 10000
a contact +12000 +12600 2227 1002 10000
a contact +12000 +12600 2229 1004 10000
a contact +12000 +12600 2234 1002 10000
a contact +12000 +12600 2243 1014 10000
a contact +12000 +12600 2244 1017 10000
a contact +12000 +12600 2245 1009 10000
a contact +12000 +12600 2246 1009 10000
a contact +12000 +12600 2247 1016 10000
a contact +12000 +12600 2248 1013 10000
a contact +12000 +12600 2249 1013 10000
a contact +12000 +12600 2250 1011 10000
a contact +12000 +12600 2251 1013 10000
a contact +12000 +12600 2252 1006 10000
a contact +12000 +12600 2253 1016 10000
a contact +12000 +12600 2254 1003 10000
a contact +12000 +12600 2255 1003 10000
a contact +12000 +12600 2256 1003 10000
a contact +12000 +12600 2257 1006 10000
a contact +12000 +12600 2258 1006 10000
a contact +12000 +12600 2259 1016 10000
a contact +12000 +12600 2260 1012 10000
a contact +12000 +12600 2261 1012 10000
a contact +12000 +12600 2262 1011 10000
a contact +12000 +12600 2263 1011 10000
a contact +12000 +12600 2264 1009 10000
a contact +12600 +13200 2001 1009 10000
a contact +12600 +13200 2002 1004 10000
a contact +12600 +13200 2003 1004 10000
a contact +12600 +13200 2004 1002 10000
a contact +12600 +13200 2008 1015 10000
a contact +12600 +13200 2118 1001 10000
a contact +12600 +13200 2119 1001 10000
a contact +12600 +13200 2161 1001 10000
a contact +12600 +13200 2203 1018 10000
a contact +12600 +13200 2206 1018 10000
a contact +12600 +13200 2207 1018 10000
a contact +12600 +13200 2208 1015 10000
a contact +12600 +13200 2209 1015 10000
a contact +12600 +13200 2212 1010 10000
a contact +12600 +13200 2213 1010 10000
a contact +12600 +13200 2214 1010 10000
a contact +12600 +13200 2215 1008 10000
a contact +12600 +13200 2216 1008 10000
a contact +12600 +13200 2217 1008 10000
a contact +12600 +13200 2218 1007 10000
a contact +12600 +13200 2219 1007 10000
a contact +12600 +13200 2220 1005 10000
a contact +12600 +13200 2221 1005 10000
a contact +12600 +13200 2222 1005 10000
a contact +12600 +13200 2223 1007 10000
a contact +12600 +13200 2224 1004 10000
a contact +12600 +13200 2227 1002 10000
a contact +12600 +13200 2234 1002 10000
a contact +12600 +13200 2245 1009 10000
a contact +12600 +13200 2246 1006 10000
a contact +12600 +13200 2247 1013 10000
a contact +12600 +13200 2248 1011 10000
a contact +12600 +13200 2249 1011 10000
a contact +12600 +13200 2250 1013 10000
a contact +12600 +13200 2251 1016 10000
a contact +12600 +13200 2252 1003 10000
a contact +12600 +13200 2253 1003 10000
a contact +12600 +13200 2254 1012 10000
a contact +12600 +13200 2255 1003 10000
a contact +12600 +13200 2256 1006 10000
a contact +12600 +13200 2257 1016 10000
a contact +12600 +13200 2258 1013 10000
a contact +12600 +13200 2259 1012 10000
a contact +12600 +13200 2260 1016 10000
a contact +12600 +13200 2261 1011 10000
a contact +12600 +13200 2262 1012 10000
a contact +12600 +13200 2263 1009 10000
a contact +12600 +13200 2264 1006 10000
a contact +13200 +13800 2001 1009 10000
a contact +13200 +13800 2002 1004 10000
a contact +13200 +13800 2003 1004 10000
a contact +13200 +13800 2004 1002 10000
a contact +13200 +13800 2005 1001 10000
a contact +13200 +13800 2008 1015 10000
a contact +13200 +13800 2118 1001 10000
a contact +13200 +13800 2119 1001 10000
a contact +13200 +13800 2203 1018 10000
a contact +12600 +13800 2204 1017 10000
a contact +13200 +13800 2206 1018 10000
a contact +13200 +13800 2207 1018 10000
a contact +13200 +13800 2208 1015 10000
a contact +13200 +13800 2209 1015 10000
a contact +12600 +13800 2210 1014 10000
a contact +12600 +13800 2211 1014 10000
a contact +13200 +13800 2212 1010 10000
a contact +13200 +13800 2213 1010 10000
a contact +13200 +13800 2214 1010 10000
a contact +13200 +13800 2215 1008 10000
a contact +13200 +13800 2216 1008 10000
a contact +13200 +13800 2217 1008 10000
a contact +13200 +13800 2218 1007 10000
a contact +13200 +13800 2219 1007 10000
a contact +13200 +13800 2220 1005 10000
a contact +13200 +13800 2221 1005 10000
a contact +13200 +13800 2222 1005 10000
a contact +13200 +13800 2223 1007 10000
a contact +13200 +13800 2224 1004 10000
a contact +13200 +13800 2227 1002 10000
a contact +13200 +13800 2234 1002 10000
a contact +12600 +13800 2242 1017 10000
a contact +12600 +13800 2243 1014 10000
a contact +12600 +13800 2244 1017 10000
a contact +13200 +13800 2245 1006 10000
a contact +13200 +13800 2246 1016 10000
a contact +13200 +13800 2247 1011 10000
a contact +13200 +13800 2248 1009 10000
a contact +13200 +13800 2249 1013 10000
a contact +13200 +13800 2250 1013 10000
a contact +13200 +13800 2251 1009 10000
a contact +13200 +13800 2252 1003 10000
a contact +13200 +13800 2253 1003 10000
a contact +13200 +13800 2254 1003 10000
a contact +13200 +13800 2255 1016 10000
a contact +13200 +13800 2256 1016 10000
a contact +13200 +13800 2257 1011 10000
a contact +13200 +13800 2258 1012 10000
a contact +13200 +13800 2259 1011 10000
a contact +13200 +13800 2260 1013 10000
a contact +13200 +13800 2261 1012 10000
a contact +13200 +13800 2262 1012 10000
a contact +13200 +13800 2263 1006 10000
a contact +13200 +13800 2264 1006 10000
a contact +13800 +14400 2001 1005 10000
a contact +13800 +14400 2002 1004 10000
a contact +13800 +14400 2003 1004 10000
a contact +13800 +14400 2005 1001 10000
a contact +13800 +14400 2006 1015 10000
a contact +13800 +14400 2012 1002 10000
a contact +13800 +14400 2118 1001 10000
a contact +13800 +14400 2119 1001 10000
a contact +13800 +14400 2204 1017 10000
a contact +13800 +14400 2210 1014 10000
a contact +13800 +14400 2211 1014 10000
a contact +13800 +14400 2212 1010 10000
a contact +13800 +14400 2213 1010 10000
a contact +13800 +14400 2214 1010 10000
a contact +13800 +14400 2218 1007 10000
a contact +13800 +14400 2219 1007 10000
a contact +13800 +14400 2223 1007 10000
a contact +13800 +14400 2224 1004 10000
a contact +13800 +14400 2229 1018 10000
a contact +13800 +14400 2230 1018 10000
a contact +13800 +14400 2231 1016 10000
a contact +13800 +14400 2232 1016 10000
a contact +13800 +14400 2233 1016 10000
a contact +13800 +14400 2234 1006 10000
a contact +13800 +14400 2235 1013 10000
a contact +13800 +14400 2236 1013 10000
a contact +13800 +14400 2237 1013 10000
a contact +13800 +14400 2238 1012 10000
a contact +13800 +14400 2239 1012 10000
a contact +13800 +14400 2240 1012 10000
a contact +13800 +14400 2241 1011 10000
a contact +13800 +14400 2242 1017 10000
a contact +13800 +14400 2243 1014 10000
a contact +13800 +14400 2244 1017 10000
a contact +13800 +14400 2245 1011 10000
a contact +13800 +14400 2246 1011 10000
a contact +13800 +14400 2247 1009 10000
a contact +13800 +14400 2248 1009 10000
a contact +13800 +14400 2249 1009 10000
a contact +13800 +14400 2250 1003 10000
a contact +13800 +14400 2251 1003 10000
a contact +13800 +14400 2252 1008 10000
a contact +13800 +14400 2253 1003 10000
a contact +13800 +14400 2254 1018 10000
a contact +13800 +14400 2255 1006 10000
a contact +13800 +14400 2256 1006 10000
a contact +13800 +14400 2257 1008 10000
a contact +13800 +14400 2258 1008 10000
a contact +13800 +14400 2259 1002 10000
a contact +13800 +14400 2260 1005 10000
a contact +13800 +14400 2261 1005 10000
a contact +13800 +14400 2262 1002 10000
a contact +13800 +14400 2263 1015 10000
a contact +13800 +14400 2264 1015 10000
a contact +14400 +15000 1002 9012 100000
a contact +14400 +15000 1002 9006 100000
a contact +14400 +15000 1002 9004 100000
a contact +14400 +15000 1004 9002 100000
a contact +14400 +15000 1004 9010 100000
a contact +14400 +15000 1004 9008 100000
a contact +14400 +15000 1011 9009 100000
a contact +14400 +15000 1011 9011 100000
a contact +14400 +15000 1011 9007 100000
a contact +14400 +15000 1016 9005 100000
a contact +14400 +15000 1016 9003 100000
a contact +14400 +15000 1016 9001 100000
a contact +14400 +15000 2001 1005 10000
a contact +14400 +15000 2003 1001 10000
a contact +14400 +15000 2009 1007 10000
a contact +14400 +15000 2209 1017 10000
a contact +14400 +15000 2215 1017 10000
a contact +14400 +15000 2216 1017 10000
a contact +14400 +15000 2217 1014 10000
a contact +14400 +15000 2220 1014 10000
a contact +14400 +15000 2221 1007 10000
a contact +14400 +15000 2222 1007 10000
a contact +14400 +15000 2225 1010 10000
a contact +14400 +15000 2226 1014 10000
a contact +14400 +15000 2227 1010 10000
a contact +14400 +15000 2228 1010 10000
a contact +14400 +15000 2237 1013 10000
a contact +14400 +15000 2238 1018 10000
a contact +14400 +15000 2239 1012 10000
a contact +14400 +15000 2240 1009 10000
a contact +14400 +15000 2241 1012 10000
a contact +14400 +15000 2242 1012 10000
a contact +14400 +15000 2243 1018 10000
a contact +14400 +15000 2244 1018 10000
a contact +14400 +15000 2245 1015 10000
a contact +14400 +15000 2246 1015 10000
a contact +14400 +15000 2247 1001 10000
a contact +14400 +15000 2248 1001 10000
a contact +14400 +15000 2249 1015 10000
a contact +14400 +15000 2250 1003 10000
a contact +14400 +15000 2251 1003 10000
a contact +14400 +15000 2252 1003 10000
a contact +14400 +15000 2253 1006 10000
a contact +14400 +15000 2254 1006 10000
a contact +14400 +15000 2255 1013 10000
a contact +14400 +15000 2256 1009 10000
a contact +14400 +15000 2257 1013 10000
a contact +14400 +15000 2258 1008 10000
a contact +14400 +15000 2259 1008 10000
a contact +14400 +15000 2260 1008 10000
a contact +14400 +15000 2261 1009 10000
a contact +14400 +15000 2262 1006 10000
a contact +14400 +15000 2263 1005 10000
a contact +14400 +15000 2264 1005 10000
a contact +15000 +15600 1001 9012 100000
a contact +15000 +15600 1001 9006 100000
a contact +15000 +15600 1001 9004 100000
a contact +15000 +15600 1007 9002 100000
a contact +15000 +15600 1007 9010 100000
a contact +15000 +15600 1007 9008 100000
a contact +15000 +15600 1009 9011 100000
a contact +15000 +15600 1009 9009 100000
a contact +15000 +15600 1009 9005 100000
a contact +15000 +15600 1016 9007 100000
a contact +15000 +15600 1016 9001 100000
a contact +15000 +15600 1016 9003 100000
a contact +15000 +15600 2001 1017 10000
a contact +15000 +15600 2024 1002 10000
a contact +15000 +15600 2067 1002 10000
a contact +15000 +15600 2088 1002 10000
a contact +15000 +15600 2097 1004 10000
a contact +15000 +15600 2141 1004 10000
a contact +15000 +15600 2184 1004 10000
a contact +15000 +15600 2217 1014 10000
a contact +15000 +15600 2220 1014 10000
a contact +15000 +15600 2226 1014 10000
a contact +15000 +15600 2233 1017 10000
a contact +15000 +15600 2234 1015 10000
a contact +15000 +15600 2235 1013 10000
a contact +15000 +15600 2236 1013 10000
a contact +15000 +15600 2237 1012 10000
a contact +15000 +15600 2238 1013 10000
a contact +15000 +15600 2239 1012 10000
a contact +15000 +15600 2240 1012 10000
a contact +15000 +15600 2241 1018 10000
a contact +15000 +15600 2242 1018 10000
a contact +15000 +15600 2243 1017 10000
a contact +15000 +15600 2244 1015 10000
a contact +15000 +15600 2245 1015 10000
a contact +15000 +15600 2246 1018 10000
a contact +15000 +15600 2247 1010 10000
a contact +15000 +15600 2248 1008 10000
a contact +15000 +15600 2249 1003 10000
a contact +15000 +15600 2250 1008 10000
a contact +15000 +15600 2251 1003 10000
a contact +15000 +15600 2252 1006 10000
a contact +15000 +15600 2253 1011 10000
a contact +15000 +15600 2254 1006 10000
a contact +15000 +15600 2255 1006 10000
a contact +15000 +15600 2256 1008 10000
a contact +15000 +15600 2257 1011 10000
a contact +15000 +15600 2258 1011 10000
a contact +15000 +15600 2259 1010 10000
a contact +15000 +15600 2260 1010 10000
a contact +15000 +15600 2261 1003 10000
a contact +15000 +15600 2262 1005 10000
a contact +15000 +15600 2263 1005 10000
a contact +15000 +15600 2264 1005 10000
a contact +15600 +16200 1009 9005 100000
a contact +15600 +16200 1009 9003 100000
a contact +15600 +16200 1009 9011 100000
a contact +15600 +16200 1011 9001 100000
a contact +15600 +16200 1011 9007 100000
a contact +15600 +16200 1011 9009 100000
a contact +15600 +16200 1017 9012 100000
a contact +15600 +16200 1017 9006 100000
a contact +15600 +16200 1017 9002 100000
a contact +15600 +16200 2001 1005 10000
a contact +15600 +16200 2004 1016 10000
a contact +15600 +16200 2018 1001 10000
a contact +15600 +16200 2024 1002 10000
a contact +15600 +16200 2048 1016 10000
a contact +15600 +16200 2067 1002 10000
a contact +15600 +16200 2088 1002 10000
a contact +15600 +16200 2097 1004 10000
a contact +15600 +16200 2098 1007 10000
a contact +15600 +16200 2141 1004 10000
a contact +15600 +16200 2142 1007 10000
a contact +15600 +16200 2184 1004 10000
a contact +15600 +16200 2185 1001 10000
a contact +15600 +16200 2186 1007 10000
a contact +15600 +16200 2227 1001 10000
a contact +15600 +16200 2230 1016 10000
a contact +15600 +16200 2236 1015 10000
a contact +15600 +16200 2237 1013 10000
a contact +15600 +16200 2238 1018 10000
a contact +15600 +16200 2239 1014 10000
a contact +15600 +16200 2240 1010 10000
a contact +15600 +16200 2241 1014 10000
a contact +15600 +16200 2242 1018 10000
a contact +15600 +16200 2243 1008 10000
a contact +15600 +16200 2244 1015 10000
a contact +15600 +16200 2245 1018 10000
a contact +15600 +16200 2246 1008 10000
a contact +15600 +16200 2247 1015 10000
a contact +15600 +16200 2248 1010 10000
a contact +15600 +16200 2249 1003 10000
a contact +15600 +16200 2250 1003 10000
a contact +15600 +16200 2251 1010 10000
a contact +15600 +16200 2252 1006 10000
a contact +15600 +16200 2253 1006 10000
a contact +15600 +16200 2254 1006 10000
a contact +15600 +16200 2255 1012 10000
a contact +15600 +16200 2256 1013 10000
a contact +15600 +16200 2257 1013 10000
a contact +15600 +16200 2258 1012 10000
a contact +15600 +16200 2259 1005 10000
a contact +15600 +16200 2260 1005 10000
a contact +15600 +16200 2261 1003 10000
a contact +15600 +16200 2262 1014 10000
a contact +15600 +16200 2263 1012 10000
a contact +15600 +16200 2264 1008 10000
a contact +16200 +16800 1006 9005 100000
a contact +16200 +16800 1006 9003 100000
a contact +16200 +16800 1006 9011 100000
a contact +16200 +16800 1014 9001 100000
a contact +16200 +16800 1014 9004 100000
a contact +16200 +16800 1014 9002 100000
a contact +16200 +16800 2001 1008 10000
a contact +16200 +16800 2004 1016 10000
a contact +16200 +16800 2018 1001 10000
a contact +16200 +16800 2024 1002 10000
a contact +16200 +16800 2048 1016 10000
a contact +16200 +16800 2067 1002 10000
a contact +16200 +16800 2088 1002 10000
a contact +16200 +16800 2092 1017 10000
a contact +16200 +16800 2093 1009 10000
a contact +16200 +16800 2094 1009 10000
a contact +16200 +16800 2097 1004 10000
a contact +16200 +16800 2098 1007 10000
a contact +16200 +16800 2123 1011 10000
a contact +16200 +16800 2141 1004 10000
a contact +16200 +16800 2142 1007 10000
a contact +16200 +16800 2159 1009 10000
a contact +16200 +16800 2166 1017 10000
a contact +16200 +16800 2167 1017 10000
a contact +16200 +16800 2184 1004 10000
a contact +16200 +16800 2185 1001 10000
a contact +16200 +16800 2186 1007 10000
a contact +16200 +16800 2210 1011 10000
a contact +16200 +16800 2211 1011 10000
a contact +16200 +16800 2227 1001 10000
a contact +16200 +16800 2230 1016 10000
a contact +16200 +16800 2242 1018 10000
a contact +16200 +16800 2243 1015 10000
a contact +16200 +16800 2244 1010 10000
a contact +16200 +16800 2245 1015 10000
a contact +16200 +16800 2246 1015 10000
a contact +16200 +16800 2247 1003 10000
a contact +16200 +16800 2248 1003 10000
a contact +16200 +16800 2249 1003 10000
a contact +16200 +16800 2250 1018 10000
a contact +16200 +16800 2251 1018 10000
a contact +16200 +16800 2252 1013 10000
a contact +16200 +16800 2253 1013 10000
a contact +16200 +16800 2254 1013 10000
a contact +16200 +16800 2255 1008 10000
a contact +16200 +16800 2256 1008 10000
a contact +16200 +16800 2257 1010 10000
a contact +16200 +16800 2258 1012 10000
a contact +16200 +16800 2259 1012 10000
a contact +16200 +16800 2260 1012 10000
a contact +16200 +16800 2261 1010 10000
a contact +16200 +16800 2262 1005 10000
a contact +16200 +16800 2263 1005 10000
a contact +16200 +16800 2264 1005 10000
a contact +16800 +17400 1006 9003 100000
a contact +16800 +17400 1006 9011 100000
a contact +16800 +17400 1006 9005 100000
a contact +16800 +17400 1016 9001 100000
a contact +16800 +17400 1016 9004 100000
a contact +16800 +17400 1016 9002 100000
a contact +16800 +17400 2001 1008 10000
a contact +16800 +17400 2005 1004 10000
a contact +16800 +17400 2018 1001 10000
a contact +16800 +17400 2020 1014 10000
a contact +16800 +17400 2064 1014 10000
a contact +16800 +17400 2092 1017 10000
a contact +16800 +17400 2093 1009 10000
a contact +16800 +17400 2094 1009 10000
a contact +16800 +17400 2098 1007 10000
a contact +16800 +17400 2123 1011 10000
a contact +16800 +17400 2134 1014 10000
a contact +16800 +17400 2142 1007 10000
a contact +16800 +17400 2159 1009 10000
a contact +16800 +17400 2166 1017 10000
a contact +16800 +17400 2167 1017 10000
a contact +16800 +17400 2185 1001 10000
a contact +16800 +17400 2186 1007 10000
a contact +16800 +17400 2210 1011 10000
a contact +16800 +17400 2211 1011 10000
a contact +16800 +17400 2227 1001 10000
a contact +16800 +17400 2236 1012 10000
a contact +16800 +17400 2237 1004 10000
a contact +16800 +17400 2238 1004 10000
a contact +16800 +17400 2239 1002 10000
a contact +16800 +17400 2240 1002 10000
a contact +16800 +17400 2241 1002 10000
a contact +16800 +17400 2243 1018 10000
a contact +16800 +17400 2244 1018 10000
a contact +16800 +17400 2245 1010 10000
a contact +16800 +17400 2246 1003 10000
a contact +16800 +17400 2247 1003 10000
a contact +16800 +17400 2248 1003 10000
a contact +16800 +17400 2249 1015 10000
a contact +16800 +17400 2250 1010 10000
a contact +16800 +17400 2251 1018 10000
a contact +16800 +17400 2252 1015 10000
a contact +16800 +17400 2253 1013 10000
a contact +16800 +17400 2254 1013 10000
a contact +16800 +17400 2255 1012 10000
a contact +16800 +17400 2256 1010 10000
a contact +16800 +17400 2257 1012 10000
a contact +16800 +17400 2258 1013 10000
a contact +16800 +17400 2259 1005 10000
a contact +16800 +17400 2260 1015 10000
a contact +16800 +17400 2261 1005 10000
a contact +16800 +17400 2262 1005 10000
a contact +16800 +17400 2263 1008 10000
a contact +16800 +17400 2264 1008 10000
a contact +17400 +18000 1013 9005 100000
a contact +17400 +18000 1013 9003 100000
a contact +17400 +18000 1013 9001 100000
a contact +17400 +18000 2001 1008 10000
a contact +17400 +18000 2002 1001 10000
a contact +17400 +18000 2005 1004 10000
a contact +17400 +18000 2020 1014 10000
a contact +17400 +18000 2041 1006 10000
a contact +17400 +18000 2064 1014 10000
a contact +17400 +18000 2085 1006 10000
a contact +17400 +18000 2092 1017 10000
a contact +17400 +18000 2093 1009 10000
a contact +17400 +18000 2094 1009 10000
a contact +17400 +18000 2113 1006 10000
a contact +17400 +18000 2116 1016 10000
a contact +17400 +18000 2117 1016 10000
a contact +17400 +18000 2123 1011 10000
a contact +17400 +18000 2134 1014 10000
a contact +17400 +18000 2159 1009 10000
a contact +17400 +18000 2165 1016 10000
a contact +17400 +18000 2166 1017 10000
a contact +17400 +18000 2167 1017 10000
a contact +17400 +18000 2210 1011 10000
a contact +17400 +18000 2211 1011 10000
a contact +17400 +18000 2229 1012 10000
a contact +17400 +18000 2230 1007 10000
a contact +17400 +18000 2231 1007 10000
a contact +17400 +18000 2232 1007 10000
a contact +17400 +18000 2233 1002 10000
a contact +17400 +18000 2234 1001 10000
a contact +17400 +18000 2235 1001 10000
a contact +17400 +18000 2237 1004 10000
a contact +17400 +18000 2238 1004 10000
a contact +17400 +18000 2239 1002 10000
a contact +17400 +18000 2242 1002 10000
a contact +17400 +18000 2246 1003 10000
a contact +17400 +18000 2247 1003 10000
a contact +17400 +18000 2248 1003 10000
a contact +17400 +18000 2249 1018 10000
a contact +17400 +18000 2250 1010 10000
a contact +17400 +18000 2251 1018 10000
a contact +17400 +18000 2252 1018 10000
a contact +17400 +18000 2253 1015 10000
a contact +17400 +18000 2254 1015 10000
a contact +17400 +18000 2255 1015 10000
a contact +17400 +18000 2256 1012 10000
a contact +17400 +18000 2257 1012 10000
a contact +17400 +18000 2258 1010 10000
a contact +17400 +18000 2259 1005 10000
a contact +17400 +18000 2260 1005 10000
a contact +17400 +18000 2261 1005 10000
a contact +17400 +18000 2262 1008 10000
a contact +17400 +18000 2263 1008 10000
a contact +17400 +18000 2264 1010 10000
a contact +18000 +18600 1013 9007 100000
a contact +18000 +18600 1013 9001 100000
a contact +18000 +18600 1013 9003 100000
a contact +18000 +18600 2001 1010 10000
a contact +18000 +18600 2002 1001 10000
a contact +18000 +18600 2003 1009 10000
a contact +18000 +18600 2005 1004 10000
a contact +18000 +18600 2020 1014 10000
a contact +18000 +18600 2041 1006 10000
a contact +18000 +18600 2064 1014 10000
a contact +18000 +18600 2085 1006 10000
a contact +18000 +18600 2113 1006 10000
a contact +18000 +18600 2116 1016 10000
a contact +18000 +18600 2117 1016 10000
a contact +18000 +18600 2134 1014 10000
a contact +18000 +18600 2165 1016 10000
a contact +18000 +18600 2224 1003 10000
a contact +18000 +18600 2225 1011 10000
a contact +18000 +18600 2226 1003 10000
a contact +18000 +18600 2227 1011 10000
a contact +18000 +18600 2228 1012 10000
a contact +18000 +18600 2229 1012 10000
a contact +18000 +18600 2230 1007 10000
a contact +18000 +18600 2231 1007 10000
a contact +18000 +18600 2232 1007 10000
a contact +18000 +18600 2233 1002 10000
a contact +18000 +18600 2234 1001 10000
a contact +18000 +18600 2235 1001 10000
a contact +18000 +18600 2236 1017 10000
a contact +18000 +18600 2237 1004 10000
a contact +18000 +18600 2238 1004 10000
a contact +18000 +18600 2239 1002 10000
a contact +18000 +18600 2240 1017 10000
a contact +18000 +18600 2241 1017 10000
a contact +18000 +18600 2242 1002 10000
a contact +18000 +18600 2243 1009 10000
a contact +18000 +18600 2244 1009 10000
a contact +18000 +18600 2245 1011 10000
a contact +18000 +18600 2246 1003 10000
a contact +18000 +18600 2250 1018 10000
a contact +18000 +18600 2251 1015 10000
a contact +18000 +18600 2252 1018 10000
a contact +18000 +18600 2253 1012 10000
a contact +18000 +18600 2254 1005 10000
a contact +18000 +18600 2255 1015 10000
a contact +18000 +18600 2256 1010 10000
a contact +18000 +18600 2257 1005 10000
a contact +18000 +18600 2258 1005 10000
a contact +18000 +18600 2259 1018 10000
a contact +18000 +18600 2260 1008 10000
a contact +18000 +18600 2261 1015 10000
a contact +18000 +18600 2262 1008 10000
a contact +18000 +18600 2263 1010 10000
a contact +18000 +18600 2264 1008 10000
a contact +18600 +19200 1003 9005 100000
a contact +18600 +19200 1003 9003 100000
a contact +18600 +19200 1003 9001 100000
a contact +18600 +19200 2001 1010 10000
a contact +18600 +19200 2002 1001 10000
a contact +18600 +19200 2003 1009 10000
a contact +18600 +19200 2004 1004 10000
a contact +18600 +19200 2033 1013 10000
a contact +18600 +19200 2034 1013 10000
a contact +18600 +19200 2035 1013 10000
a contact +18600 +19200 2041 1006 10000
a contact +18600 +19200 2085 1006 10000
a contact +18600 +19200 2113 1006 10000
a contact +18600 +19200 2116 1016 10000
a contact +18600 +19200 2117 1016 10000
a contact +18600 +19200 2165 1016 10000
a contact +18600 +19200 2220 1017 10000
a contact +18600 +19200 2221 1014 10000
a contact +18600 +19200 2222 1014 10000
a contact +18600 +19200 2223 1004 10000
a contact +18600 +19200 2225 1011 10000
a contact +18600 +19200 2227 1011 10000
a contact +18600 +19200 2228 1012 10000
a contact +18600 +19200 2230 1007 10000
a contact +18600 +19200 2231 1007 10000
a contact +18600 +19200 2232 1007 10000
a contact +18600 +19200 2233 1002 10000
a contact +18600 +19200 2234 1001 10000
a contact +18600 +19200 2235 1001 10000
a contact +18600 +19200 2236 1017 10000
a contact +18600 +19200 2237 1012 10000
a contact +18600 +19200 2238 1012 10000
a contact +18600 +19200 2241 1017 10000
a contact +18600 +19200 2242 1002 10000
a contact +18600 +19200 2243 1009 10000
a contact +18600 +19200 2244 1009 10000
a contact +18600 +19200 2245 1011 10000
a contact +18600 +19200 2247 1004 10000
a contact +18600 +19200 2248 1014 10000
a contact +18600 +19200 2249 1002 10000
a contact +18600 +19200 2251 1008 10000
a contact +18600 +19200 2252 1018 10000
a contact +18600 +19200 2253 1018 10000
a contact +18600 +19200 2254 1015 10000
a contact +18600 +19200 2255 1005 10000
a contact +18600 +19200 2256 1005 10000
a contact +18600 +19200 2257 1018 10000
a contact +18600 +19200 2258 1005 10000
a contact +18600 +19200 2259 1015 10000
a contact +18600 +19200 2260 1015 10000
a contact +18600 +19200 2261 1008 10000
a contact +18600 +19200 2262 1010 10000
a contact +18600 +19200 2263 1008 10000
a contact +18600 +19200 2264 1010 10000
a contact +19200 +19800 1003 9007 100000
a contact +19200 +19800 1003 9001 100000
a contact +19200 +19800 1003 9003 100000
a contact +19200 +19800 2001 1010 10000
a contact +19200 +19800 2003 1009 10000
a contact +19200 +19800 2004 1004 10000
a contact +19200 +19800 2006 1001 10000
a contact +19200 +19800 2033 1013 10000
a contact +19200 +19800 2034 1013 10000
a contact +19200 +19800 2035 1013 10000
a contact +19200 +19800 2209 1016 10000
a contact +19200 +19800 2210 1007 10000
a contact +19200 +19800 2211 1007 10000
a contact +19200 +19800 2212 1016 10000
a contact +19200 +19800 2213 1016 10000
a contact +19200 +19800 2214 1014 10000
a contact +19200 +19800 2215 1014 10000
a contact +19200 +19800 2216 1011 10000
a contact +19200 +19800 2217 1007 10000
a contact +19200 +19800 2218 1009 10000
a contact +19200 +19800 2219 1009 10000
a contact +19200 +19800 2220 1017 10000
a contact +19200 +19800 2221 1014 10000
a contact +19200 +19800 2223 1004 10000
a contact +19200 +19800 2224 1006 10000
a contact +19200 +19800 2225 1011 10000
a contact +19200 +19800 2226 1002 10000
a contact +19200 +19800 2227 1011 10000
a contact +19200 +19800 2229 1001 10000
a contact +19200 +19800 2235 1012 10000
a contact +19200 +19800 2237 1012 10000
a contact +19200 +19800 2238 1012 10000
a contact +19200 +19800 2239 1006 10000
a contact +19200 +19800 2240 1006 10000
a contact +19200 +19800 2241 1017 10000
a contact +19200 +19800 2246 1001 10000
a contact +19200 +19800 2247 1004 10000
a contact +19200 +19800 2249 1002 10000
a contact +19200 +19800 2250 1002 10000
a contact +19200 +19800 2251 1015 10000
a contact +19200 +19800 2252 1015 10000
a contact +19200 +19800 2253 1015 10000
a contact +19200 +19800 2254 1005 10000
a contact +19200 +19800 2255 1005 10000
a contact +19200 +19800 2256 1005 10000
a contact +19200 +19800 2257 1008 10000
a contact +19200 +19800 2258 1018 10000
a contact +19200 +19800 2259 1008 10000
a contact +19200 +19800 2260 1018 10000
a contact +19200 +19800 2261 1008 10000
a contact +19200 +19800 2262 1010 10000
a contact +19200 +19800 2263 1010 10000
a contact +19200 +19800 2264 1018 10000
a contact +19800 +20400 2001 1018 10000
a contact +19800 +20400 2002 1013 10000
a contact +19800 +20400 2003 1009 10000
a contact +19800 +20400 2004 1004 10000
a contact +19800 +20400 2006 1001 10000
a contact +19800 +20400 2033 1013 10000
a contact +19800 +20400 2034 1013 10000
a contact +19800 +20400 2127 1003 10000
a contact +19800 +20400 2152 1003 10000
a contact +19800 +20400 2196 1003 10000
a contact +19800 +20400 2209 1016 10000
a contact +19800 +20400 2210 1007 10000
a contact +19800 +20400 2212 1016 10000
a contact +19800 +20400 2213 1016 10000
a contact +19800 +20400 2214 1014 10000
a contact +19800 +20400 2215 1014 10000
a contact +19800 +20400 2216 1011 10000
a contact +19800 +20400 2217 1007 10000
a contact +19800 +20400 2218 1009 10000
a contact +19800 +20400 2219 1009 10000
a contact +19800 +20400 2220 1017 10000
a contact +19800 +20400 2221 1014 10000
a contact +19800 +20400 2223 1004 10000
a contact +19800 +20400 2224 1006 10000
a contact +19800 +20400 2225 1011 10000
a contact +19800 +20400 2226 1002 10000
a contact +19800 +20400 2227 1011 10000
a contact +19800 +20400 2229 1001 10000
a contact +19800 +20400 2233 1012 10000
a contact +19800 +20400 2234 1012 10000
a contact +19800 +20400 2235 1012 10000
a contact +19200 +20400 2236 1017 10000
a contact +19800 +20400 2239 1006 10000
a contact +19800 +20400 2240 1006 10000
a contact +19800 +20400 2241 1017 10000
a contact +19800 +20400 2244 1010 10000
a contact +19800 +20400 2245 1005 10000
a contact +19800 +20400 2246 1001 10000
a contact +19800 +20400 2247 1004 10000
a contact +19800 +20400 2248 1007 10000
a contact +19800 +20400 2249 1002 10000
a contact +19800 +20400 2250 1002 10000
a contact +19800 +20400 2252 1015 10000
a contact +19800 +20400 2254 1015 10000
a contact +19800 +20400 2255 1005 10000
a contact +19800 +20400 2256 1005 10000
a contact +19800 +20400 2257 1008 10000
a contact +19800 +20400 2258 1008 10000
a contact +19800 +20400 2259 1018 10000
a contact +19800 +20400 2260 1018 10000
a contact +19800 +20400 2261 1010 10000
a contact +19800 +20400 2262 1008 10000
a contact +19800 +20400 2263 1010 10000
a contact +19800 +20400 2264 1015 10000
a contact +20400 +21000 1010 9005 100000
a contact +20400 +21000 1010 9003 100000
a contact +20400 +21000 1010 9001 100000
a contact +20400 +21000 2001 1015 10000
a contact +20400 +21000 2002 1013 10000
a contact +20400 +21000 2006 1001 10000
a contact +20400 +21000 2007 1003 10000
a contact +20400 +21000 2127 1003 10000
a contact +20400 +21000 2196 1003 10000
a contact +20400 +21000 2206 1017 10000
a contact +20400 +21000 2207 1014 10000
a contact +20400 +21000 2208 1013 10000
a contact +20400 +21000 2209 1016 10000
a contact +20400 +21000 2211 1017 10000
a contact +20400 +21000 2212 1016 10000
a contact +20400 +21000 2213 1016 10000
a contact +20400 +21000 2214 1014 10000
a contact +20400 +21000 2215 1014 10000
a contact +20400 +21000 2218 1009 10000
a contact +20400 +21000 2222 1013 10000
a contact +20400 +21000 2224 1006 10000
a contact +20400 +21000 2228 1011 10000
a contact +20400 +21000 2229 1001 10000
a contact +20400 +21000 2230 1011 10000
a contact +20400 +21000 2231 1009 10000
a contact +20400 +21000 2232 1004 10000
a contact +20400 +21000 2233 1012 10000
a contact +20400 +21000 2234 1012 10000
a contact +20400 +21000 2236 1012 10000
a contact +20400 +21000 2237 1009 10000
a contact +20400 +21000 2238 1007 10000
a contact +20400 +21000 2239 1006 10000
a contact +20400 +21000 2240 1006 10000
a contact +20400 +21000 2242 1004 10000
a contact +20400 +21000 2243 1004 10000
a contact +20400 +21000 2245 1005 10000
a contact +20400 +21000 2246 1001 10000
a contact +20400 +21000 2247 1005 10000
a contact +20400 +21000 2248 1007 10000
a contact +20400 +21000 2250 1002 10000
a contact +20400 +21000 2251 1002 10000
a contact +20400 +21000 2253 1002 10000
a contact +20400 +21000 2254 1008 10000
a contact +20400 +21000 2255 1008 10000
a contact +20400 +21000 2258 1005 10000
a contact +20400 +21000 2259 1018 10000
a contact +20400 +21000 2260 1015 10000
a contact +20400 +21000 2261 1008 10000
a contact +20400 +21000 2262 1015 10000
a contact +20400 +21000 2263 1018 10000
a contact +20400 +21000 2264 1018 10000
a contact +21000 +21600 2001 1015 10000
a contact +21000 +21600 2002 1013 10000
a contact +21000 +21600 2004 1012 10000
a contact +21000 +21600 2006 1001 10000
a contact +21000 +21600 2007 1003 10000
a contact +21000 +21600 2060 1010 10000
a contact +21000 +21600 2104 1010 10000
a contact +21000 +21600 2127 1003 10000
a contact +21000 +21600 2148 1010 10000
a contact +21000 +21600 2196 1003 10000
a contact +20400 +21600 2205 1017 10000
a contact +21000 +21600 2206 1017 10000
a contact +21000 +21600 2207 1014 10000
a contact +21000 +21600 2208 1013 10000
a contact +21000 +21600 2209 1016 10000
a contact +21000 +21600 2211 1017 10000
a contact +21000 +21600 2212 1016 10000
a contact +21000 +21600 2213 1016 10000
a contact +21000 +21600 2214 1014 10000
a contact +21000 +21600 2215 1014 10000
a contact +20400 +21600 2216 1011 10000
a contact +20400 +21600 2217 1007 10000
a contact +21000 +21600 2222 1013 10000
a contact +21000 +21600 2224 1006 10000
a contact +21000 +21600 2227 1012 10000
a contact +21000 +21600 2229 1001 10000
a contact +21000 +21600 2230 1011 10000
a contact +21000 +21600 2231 1009 10000
a contact +21000 +21600 2232 1004 10000
a contact +21000 +21600 2233 1012 10000
a contact +21000 +21600 2237 1009 10000
a contact +21000 +21600 2238 1007 10000
a contact +21000 +21600 2239 1006 10000
a contact +21000 +21600 2240 1006 10000
a contact +21000 +21600 2242 1004 10000
a contact +21000 +21600 2243 1004 10000
a contact +21000 +21600 2244 1005 10000
a contact +21000 +21600 2245 1005 10000
a contact +21000 +21600 2246 1001 10000
a contact +21000 +21600 2247 1005 10000
a contact +21000 +21600 2248 1007 10000
a contact +21000 +21600 2250 1002 10000
a contact +21000 +21600 2251 1002 10000
a contact +21000 +21600 2252 1009 10000
a contact +21000 +21600 2253 1002 10000
a contact +21000 +21600 2254 1008 10000
a contact +21000 +21600 2255 1008 10000
a contact +21000 +21600 2259 1015 10000
a contact +21000 +21600 2260 1008 10000
a contact +21000 +21600 2261 1018 10000
a contact +21000 +21600 2262 1018 10000
a contact +21000 +21600 2263 1018 10000
a contact +21000 +21600 2264 1015 10000
a contact +21600 +22200 1001 9002 100000
a contact +21600 +22200 1001 9004 100000
a contact +21600 +22200 1001 9006 100000
a contact +21600 +22200 2001 1002 10000
a contact +21600 +22200 2002 1013 10000
a contact +21600 +22200 2003 1012 10000
a contact +21600 +22200 2060 1010 10000
a contact +21600 +22200 2104 1010 10000
a contact +21600 +22200 2148 1010 10000
a contact +21600 +22200 2205 1017 10000
a contact +21600 +22200 2206 1017 10000
a contact +21600 +22200 2207 1014 10000
a contact +21600 +22200 2208 1013 10000
a contact +21600 +22200 2209 1016 10000
a contact +21600 +22200 2211 1017 10000
a contact +21600 +22200 2212 1016 10000
a contact +21600 +22200 2213 1016 10000
a contact +21600 +22200 2214 1014 10000
a contact +21600 +22200 2215 1014 10000
a contact +21600 +22200 2216 1011 10000
a contact +21600 +22200 2222 1013 10000
a contact +21600 +22200 2224 1006 10000
a contact +21600 +22200 2227 1012 10000
a contact +21000 +22200 2228 1011 10000
a contact +21600 +22200 2230 1011 10000
a contact +21600 +22200 2231 1009 10000
a contact +21600 +22200 2232 1012 10000
a contact +21600 +22200 2237 1009 10000
a contact +21600 +22200 2238 1007 10000
a contact +21600 +22200 2239 1006 10000
a contact +21600 +22200 2240 1006 10000
a contact +21600 +22200 2241 1003 10000
a contact +21600 +22200 2242 1008 10000
a contact +21600 +22200 2243 1005 10000
a contact +21600 +22200 2244 1003 10000
a contact +21600 +22200 2245 1003 10000
a contact +21600 +22200 2246 1005 10000
a contact +21600 +22200 2248 1004 10000
a contact +21600 +22200 2249 1018 10000
a contact +21600 +22200 2250 1015 10000
a contact +21600 +22200 2251 1008 10000
a contact +21600 +22200 2252 1009 10000
a contact +21600 +22200 2253 1005 10000
a contact +21600 +22200 2254 1004 10000
a contact +21600 +22200 2255 1004 10000
a contact +21600 +22200 2256 1007 10000
a contact +21600 +22200 2257 1007 10000
a contact +21600 +22200 2258 1002 10000
a contact +21600 +22200 2259 1008 10000
a contact +21600 +22200 2260 1002 10000
a contact +21600 +22200 2261 1015 10000
a contact +21600 +22200 2262 1018 10000
a contact +21600 +22200 2263 1015 10000
a contact +21600 +22200 2264 1018 10000
a contact +22200 +22800 1003 9011 100000
a contact +22200 +22800 1003 9006 100000
a contact +22200 +22800 1003 9009 100000
a contact +22200 +22800 1006 9002 100000
a contact +22200 +22800 1006 9012 100000
a contact +22200 +22800 1006 9007 100000
a contact +22200 +22800 1009 9004 100000
a contact +22200 +22800 1009 9010 100000
a contact +22200 +22800 1009 9008 100000
a contact +22200 +22800 1018 9005 100000
a contact +22200 +22800 1018 9001 100000
a contact +22200 +22800 1018 9003 100000
a contact +22200 +22800 2001 1015 10000
a contact +22200 +22800 2004 1016 10000
a contact +22200 +22800 2060 1010 10000
a contact +22200 +22800 2104 1010 10000
a contact +22200 +22800 2140 1001 10000
a contact +22200 +22800 2191 1001 10000
a contact +22200 +22800 2217 1001 10000
a contact +22200 +22800 2229 1016 10000
a contact +22200 +22800 2230 1012 10000
a contact +22200 +22800 2231 1012 10000
a contact +22200 +22800 2232 1012 10000
a contact +22200 +22800 2233 1014 10000
a contact +22200 +22800 2234 1016 10000
a contact +22200 +22800 2235 1014 10000
a contact +22200 +22800 2236 1014 10000
a contact +22200 +22800 2238 1017 10000
a contact +22200 +22800 2239 1017 10000
a contact +22200 +22800 2240 1013 10000
a contact +22200 +22800 2241 1013 10000
a contact +22200 +22800 2242 1008 10000
a contact +22200 +22800 2243 1011 10000
a contact +22200 +22800 2244 1005 10000
a contact +22200 +22800 2245 1008 10000
a contact +22200 +22800 2246 1015 10000
a contact +22200 +22800 2247 1010 10000
a contact +22200 +22800 2248 1015 10000
a contact +22200 +22800 2249 1017 10000
a contact +22200 +22800 2250 1008 10000
a contact +22200 +22800 2251 1004 10000
a contact +22200 +22800 2252 1005 10000
a contact +22200 +22800 2253 1005 10000
a contact +22200 +22800 2254 1004 10000
a contact +22200 +22800 2255 1013 10000
a contact +22200 +22800 2256 1004 10000
a contact +22200 +22800 2257 1002 10000
a contact +22200 +22800 2258 1002 10000
a contact +22200 +22800 2259 1002 10000
a contact +22200 +22800 2260 1007 10000
a contact +22200 +22800 2261 1011 10000
a contact +22200 +22800 2262 1011 10000
a contact +22200 +22800 2263 1007 10000
a contact +22200 +22800 2264 1007 10000
a contact +22800 +23400 1013 9001 100000
a contact +22800 +23400 1013 9004 100000
a contact +22800 +23400 1013 9002 100000
a contact +22800 +23400 1018 9011 100000
a contact +22800 +23400 1018 9003 100000
a contact +22800 +23400 1018 9005 100000
a contact +22800 +23400 2001 1002 10000
a contact +22800 +23400 2003 1001 10000
a contact +22800 +23400 2004 1012 10000
a contact +22800 +23400 2029 1006 10000
a contact +22800 +23400 2030 1009 10000
a contact +22800 +23400 2048 1003 10000
a contact +22800 +23400 2129 1003 10000
a contact +22800 +23400 2133 1009 10000
a contact +22800 +23400 2153 1003 10000
a contact +22800 +23400 2173 1006 10000
a contact +22800 +23400 2174 1006 10000
a contact +22800 +23400 2191 1001 10000
a contact +22800 +23400 2197 1009 10000
a contact +22800 +23400 2217 1001 10000
a contact +22800 +23400 2227 1016 10000
a contact +22800 +23400 2228 1010 10000
a contact +22800 +23400 2229 1016 10000
a contact +22800 +23400 2231 1012 10000
a contact +22800 +23400 2232 1012 10000
a contact +22800 +23400 2234 1016 10000
a contact +22800 +23400 2237 1010 10000
a contact +22800 +23400 2238 1015 10000
a contact +22800 +23400 2239 1007 10000
a contact +22800 +23400 2240 1014 10000
a contact +22800 +23400 2241 1015 10000
a contact +22800 +23400 2242 1005 10000
a contact +22800 +23400 2243 1005 10000
a contact +22800 +23400 2244 1005 10000
a contact +22800 +23400 2245 1007 10000
a contact +22800 +23400 2246 1014 10000
a contact +22800 +23400 2247 1010 10000
a contact +22800 +23400 2248 1008 10000
a contact +22800 +23400 2249 1017 10000
a contact +22800 +23400 2250 1004 10000
a contact +22800 +23400 2251 1011 10000
a contact +22800 +23400 2252 1004 10000
a contact +22800 +23400 2253 1008 10000
a contact +22800 +23400 2254 1008 10000
a contact +22800 +23400 2255 1017 10000
a contact +22800 +23400 2256 1004 10000
a contact +22800 +23400 2257 1002 10000
a contact +22800 +23400 2258 1002 10000
a contact +22800 +23400 2259 1017 10000
a contact +22800 +23400 2260 1014 10000
a contact +22800 +23400 2261 1011 10000
a contact +22800 +23400 2262 1015 10000
a contact +22800 +23400 2263 1011 10000
a contact +22800 +23400 2264 1007 10000
a contact +23400 +24000 1010 9004 100000
a contact +23400 +24000 1010 9001 100000
a contact +23400 +24000 1010 9003 100000
a contact +23400 +24000 1016 9002 100000
a contact +23400 +24000 1016 9006 100000
a contact +23400 +24000 1016 9005 100000
a contact +23400 +24000 2001 1007 10000
a contact +23400 +24000 2003 1001 10000
a contact +23400 +24000 2029 1006 10000
a contact +23400 +24000 2030 1009 10000
a contact +23400 +24000 2036 1013 10000
a contact +23400 +24000 2048 1003 10000
a contact +23400 +24000 2080 1013 10000
a contact +23400 +24000 2108 1018 10000
a contact +23400 +24000 2129 1003 10000
a contact +23400 +24000 2133 1009 10000
a contact +23400 +24000 2146 1013 10000
a contact +23400 +24000 2153 1003 10000
a contact +23400 +24000 2173 1006 10000
a contact +23400 +24000 2174 1006 10000
a contact +23400 +24000 2191 1001 10000
a contact +23400 +24000 2197 1009 10000
a contact +23400 +24000 2202 1018 10000
a contact +23400 +24000 2217 1001 10000
a contact +23400 +24000 2224 1018 10000
a contact +23400 +24000 2226 1012 10000
a contact +23400 +24000 2228 1012 10000
a contact +23400 +24000 2230 1012 10000
a contact +23400 +24000 2238 1011 10000
a contact +23400 +24000 2239 1014 10000
a contact +23400 +24000 2240 1008 10000
a contact +23400 +24000 2241 1008 10000
a contact +23400 +24000 2242 1015 10000
a contact +23400 +24000 2243 1005 10000
a contact +23400 +24000 2244 1007 10000
a contact +23400 +24000 2245 1007 10000
a contact +23400 +24000 2246 1008 10000
a contact +23400 +24000 2247 1015 10000
a contact +23400 +24000 2248 1015 10000
a contact +23400 +24000 2249 1004 10000
a contact +23400 +24000 2250 1005 10000
a contact +23400 +24000 2251 1004 10000
a contact +23400 +24000 2252 1005 10000
a contact +23400 +24000 2253 1004 10000
a contact +23400 +24000 2254 1002 10000
a contact +23400 +24000 2255 1014 10000
a contact +23400 +24000 2256 1014 10000
a contact +23400 +24000 2257 1002 10000
a contact +23400 +24000 2258 1011 10000
a contact +23400 +24000 2259 1002 10000
a contact +23400 +24000 2260 1011 10000
a contact +23400 +24000 2261 1017 10000
a contact +23400 +24000 2262 1017 10000
a contact +23400 +24000 2263 1017 10000
a contact +24000 +24600 2001 1007 10000
a contact +24000 +24600 2003 1001 10000
a contact +24000 +24600 2004 1010 10000
a contact +24000 +24600 2015 1010 10000
a contact +24000 +24600 2029 1006 10000
a contact +24000 +24600 2030 1009 10000
a contact +24000 +24600 2036 1013 10000
a contact +24000 +24600 2048 1003 10000
a contact +24000 +24600 2080 1013 10000
a contact +24000 +24600 2108 1018 10000
a contact +24000 +24600 2129 1003 10000
a contact +24000 +24600 2133 1009 10000
a contact +24000 +24600 2146 1013 10000
a contact +24000 +24600 2147 1016 10000
a contact +24000 +24600 2153 1003 10000
a contact +24000 +24600 2157 1016 10000
a contact +24000 +24600 2173 1006 10000
a contact +24000 +24600 2174 1006 10000
a contact +24000 +24600 2191 1001 10000
a contact +24000 +24600 2197 1009 10000
a contact +24000 +24600 2201 1016 10000
a contact +24000 +24600 2202 1018 10000
a contact +24000 +24600 2217 1001 10000
a contact +24000 +24600 2224 1018 10000
a contact +24000 +24600 2225 1012 10000
a contact +24000 +24600 2226 1012 10000
a contact +24000 +24600 2227 1012 10000
a contact +24000 +24600 2235 1010 10000
a contact +24000 +24600 2238 1015 10000
a contact +24000 +24600 2239 1015 10000
a contact +24000 +24600 2240 1008 10000
a contact +24000 +24600 2241 1007 10000
a contact +24000 +24600 2242 1005 10000
a contact +24000 +24600 2243 1007 10000
a contact +24000 +24600 2244 1011 10000
a contact +24000 +24600 2245 1008 10000
a contact +24000 +24600 2246 1004 10000
a contact +24000 +24600 2247 1008 10000
a contact +24000 +24600 2248 1004 10000
a contact +24000 +24600 2249 1005 10000
a contact +24000 +24600 2250 1004 10000
a contact +24000 +24600 2251 1005 10000
a contact +24000 +24600 2252 1002 10000
a contact +24000 +24600 2253 1014 10000
a contact +24000 +24600 2254 1014 10000
a contact +24000 +24600 2255 1002 10000
a contact +24000 +24600 2256 1002 10000
a contact +24000 +24600 2257 1014 10000
a contact +24000 +24600 2258 1011 10000
a contact +24000 +24600 2259 1017 10000
a contact +24000 +24600 2260 1011 10000
a contact +24000 +24600 2261 1017 10000
a contact +24000 +24600 2262 1015 10000
a contact +24000 +24600 2263 1017 10000
a contact +24600 +25200 2001 1011 10000
a contact +24600 +25200 2002 1012 10000
a contact +24600 +25200 2003 1001 10000
a contact +24600 +25200 2015 1010 10000
a contact +24600 +25200 2029 1006 10000
a contact +24600 +25200 2030 1009 10000
a contact +24600 +25200 2036 1013 10000
a contact +24600 +25200 2048 1003 10000
a contact +24600 +25200 2080 1013 10000
a contact +24600 +25200 2108 1018 10000
a contact +24600 +25200 2129 1003 10000
a contact +24600 +25200 2133 1009 10000
a contact +24600 +25200 2146 1013 10000
a contact +24600 +25200 2147 1016 10000
a contact +24600 +25200 2153 1003 10000
a contact +24600 +25200 2157 1016 10000
a contact +24600 +25200 2173 1006 10000
a contact +24600 +25200 2174 1006 10000
a contact +24600 +25200 2191 1001 10000
a contact +24600 +25200 2197 1009 10000
a contact +24600 +25200 2201 1016 10000
a contact +24600 +25200 2202 1018 10000
a contact +24600 +25200 2217 1001 10000
a contact +24600 +25200 2224 1018 10000
a contact +24600 +25200 2225 1012 10000
a contact +24600 +25200 2226 1012 10000
a contact +24600 +25200 2234 1010 10000
a contact +24600 +25200 2235 1010 10000
a contact +24600 +25200 2238 1015 10000
a contact +24600 +25200 2239 1004 10000
a contact +24600 +25200 2240 1007 10000
a contact +24600 +25200 2241 1007 10000
a contact +24600 +25200 2242 1007 10000
a contact +24600 +25200 2243 1011 10000
a contact +24600 +25200 2244 1004 10000
a contact +24600 +25200 2245 1008 10000
a contact +24600 +25200 2246 1004 10000
a contact +24600 +25200 2247 1008 10000
a contact +24600 +25200 2248 1002 10000
a contact +24600 +25200 2249 1005 10000
a contact +24600 +25200 2250 1005 10000
a contact +24600 +25200 2251 1005 10000
a contact +24600 +25200 2252 1002 10000
a contact +24600 +25200 2253 1008 10000
a contact +24600 +25200 2254 1002 10000
a contact +24600 +25200 2255 1015 10000
a contact +24600 +25200 2256 1014 10000
a contact +24600 +25200 2257 1014 10000
a contact +24600 +25200 2258 1014 10000
a contact +24600 +25200 2259 1011 10000
a contact +24600 +25200 2260 1017 10000
a contact +24600 +25200 2261 1017 10000
a contact +24600 +25200 2262 1017 10000
a contact +24600 +25200 2263 1015 10000
a contact +25200 +25800 1005 9005 100000
a contact +25200 +25800 1005 9011 100000
a contact +25200 +25800 1005 9009 100000
a contact +25200 +25800 1015 9007 100000
a contact +25200 +25800 1015 9001 100000
a contact +25200 +25800 1015 9003 100000
a contact +25200 +25800 2001 1011 10000
a contact +25200 +25800 2006 1003 10000
a contact +25200 +25800 2015 1010 10000
a contact +25200 +25800 2147 1016 10000
a contact +25200 +25800 2157 1016 10000
a contact +25200 +25800 2201 1016 10000
a contact +25200 +25800 2215 1009 10000
a contact +25200 +25800 2216 1010 10000
a contact +25200 +25800 2217 1012 10000
a contact +25200 +25800 2218 1018 10000
a contact +25200 +25800 2219 1018 10000
a contact +25200 +25800 2220 1013 10000
a contact +25200 +25800 2221 1013 10000
a contact +25200 +25800 2222 1018 10000
a contact +25200 +25800 2223 1009 10000
a contact +25200 +25800 2224 1012 10000
a contact +25200 +25800 2225 1012 10000
a contact +25200 +25800 2227 1006 10000
a contact +25200 +25800 2228 1006 10000
a contact +25200 +25800 2229 1003 10000
a contact +25200 +25800 2230 1003 10000
a contact +25200 +25800 2231 1009 10000
a contact +25200 +25800 2232 1013 10000
a contact +25200 +25800 2233 1001 10000
a contact +25200 +25800 2234 1010 10000
a contact +25200 +25800 2236 1001 10000
a contact +25200 +25800 2237 1001 10000
a contact +25200 +25800 2238 1002 10000
a contact +25200 +25800 2243 1011 10000
a contact +25200 +25800 2244 1004 10000
a contact +25200 +25800 2245 1004 10000
a contact +25200 +25800 2246 1004 10000
a contact +25200 +25800 2247 1008 10000
a contact +25200 +25800 2248 1002 10000
a contact +25200 +25800 2249 1014 10000
a contact +25200 +25800 2250 1011 10000
a contact +25200 +25800 2251 1008 10000
a contact +25200 +25800 2252 1002 10000
a contact +25200 +25800 2253 1008 10000
a contact +25200 +25800 2254 1017 10000
a contact +25200 +25800 2255 1007 10000
a contact +25200 +25800 2256 1007 10000
a contact +25200 +25800 2257 1014 10000
a contact +25200 +25800 2258 1014 10000
a contact +25200 +25800 2259 1007 10000
a contact +25200 +25800 2260 1017 10000
a contact +25200 +25800 2263 1017 10000
a contact +25200 +25800 2264 1006 10000
a contact +25800 +26400 1005 9007 100000
a contact +25800 +26400 1005 9009 100000
a contact +25800 +26400 1005 9001 100000
a contact +25800 +26400 1015 9003 100000
a contact +25800 +26400 1015 9011 100000
a contact +25800 +26400 1015 9005 100000
a contact +25800 +26400 2001 1011 10000
a contact +25800 +26400 2002 1012 10000
a contact +25800 +26400 2006 1003 10000
a contact +25800 +26400 2215 1009 10000
a contact +25800 +26400 2216 1010 10000
a contact +25800 +26400 2217 1012 10000
a contact +25800 +26400 2218 1018 10000
a contact +25800 +26400 2219 1018 10000
a contact +25800 +26400 2220 1013 10000
a contact +25800 +26400 2221 1013 10000
a contact +25800 +26400 2222 1018 10000
a contact +25800 +26400 2223 1009 10000
a contact +25800 +26400 2224 1012 10000
a contact +25800 +26400 2228 1006 10000
a contact +25800 +26400 2229 1003 10000
a contact +25800 +26400 2232 1013 10000
a contact +25800 +26400 2233 1001 10000
a contact +25800 +26400 2234 1010 10000
a contact +25800 +26400 2235 1003 10000
a contact +25800 +26400 2236 1001 10000
a contact +25800 +26400 2237 1001 10000
a contact +25800 +26400 2238 1002 10000
a contact +25800 +26400 2239 1009 10000
a contact +25800 +26400 2240 1016 10000
a contact +25800 +26400 2241 1016 10000
a contact +25800 +26400 2242 1010 10000
a contact +25800 +26400 2243 1004 10000
a contact +25800 +26400 2244 1011 10000
a contact +25800 +26400 2245 1004 10000
a contact +25800 +26400 2247 1002 10000
a contact +25800 +26400 2248 1004 10000
a contact +25800 +26400 2249 1008 10000
a contact +25800 +26400 2250 1007 10000
a contact +25800 +26400 2251 1002 10000
a contact +25800 +26400 2252 1008 10000
a contact +25800 +26400 2253 1011 10000
a contact +25800 +26400 2254 1014 10000
a contact +25800 +26400 2255 1007 10000
a contact +25800 +26400 2256 1008 10000
a contact +25800 +26400 2257 1017 10000
a contact +25800 +26400 2258 1017 10000
a contact +25800 +26400 2259 1007 10000
a contact +25800 +26400 2260 1017 10000
a contact +25800 +26400 2261 1016 10000
a contact +25800 +26400 2262 1006 10000
a contact +25800 +26400 2263 1014 10000
a contact +25800 +26400 2264 1014 10000
a contact +26400 +27000 2001 1014 10000
a contact +26400 +27000 2003 1012 10000
a contact +26400 +27000 2030 1015 10000
a contact +26400 +27000 2031 1005 10000
a contact +26400 +27000 2047 1015 10000
a contact +26400 +27000 2074 1005 10000
a contact +26400 +27000 2075 1005 10000
a contact +26400 +27000 2091 1015 10000
a contact +26400 +27000 2214 1012 10000
a contact +26400 +27000 2215 1009 10000
a contact +26400 +27000 2216 1010 10000
a contact +26400 +27000 2217 1004 10000
a contact +26400 +27000 2218 1018 10000
a contact +26400 +27000 2219 1018 10000
a contact +26400 +27000 2220 1013 10000
a contact +26400 +27000 2221 1013 10000
a contact +26400 +27000 2222 1018 10000
a contact +26400 +27000 2223 1009 10000
a contact +26400 +27000 2224 1012 10000
a contact +26400 +27000 2225 1003 10000
a contact +26400 +27000 2226 1003 10000
a contact +25800 +27000 2227 1006 10000
a contact +26400 +27000 2228 1006 10000
a contact +26400 +27000 2229 1011 10000
a contact +26400 +27000 2230 1004 10000
a contact +26400 +27000 2231 1002 10000
a contact +26400 +27000 2232 1013 10000
a contact +26400 +27000 2233 1001 10000
a contact +26400 +27000 2234 1010 10000
a contact +26400 +27000 2235 1003 10000
a contact +26400 +27000 2236 1001 10000
a contact +26400 +27000 2237 1001 10000
a contact +26400 +27000 2239 1009 10000
a contact +26400 +27000 2240 1016 10000
a contact +26400 +27000 2241 1016 10000
a contact +26400 +27000 2242 1010 10000
a contact +26400 +27000 2244 1011 10000
a contact +26400 +27000 2245 1004 10000
a contact +26400 +27000 2246 1008 10000
a contact +26400 +27000 2247 1002 10000
a contact +26400 +27000 2248 1002 10000
a contact +26400 +27000 2249 1008 10000
a contact +26400 +27000 2250 1008 10000
a contact +26400 +27000 2251 1011 10000
a contact +26400 +27000 2252 1007 10000
a contact +26400 +27000 2253 1007 10000
a contact +26400 +27000 2254 1007 10000
a contact +26400 +27000 2256 1017 10000
a contact +26400 +27000 2258 1017 10000
a contact +26400 +27000 2259 1017 10000
a contact +26400 +27000 2261 1016 10000
a contact +26400 +27000 2262 1006 10000
a contact +26400 +27000 2263 1014 10000
a contact +26400 +27000 2264 1014 10000
a contact +27000 +27600 1002 9003 100000
a contact +27000 +27600 1002 9009 100000
a contact +27000 +27600 1002 9005 100000
a contact +27000 +27600 1007 9007 100000
a contact +27000 +27600 1007 9001 100000
a contact +27000 +27600 1007 9011 100000
a contact +27000 +27600 2001 1017 10000
a contact +27000 +27600 2002 1006 10000
a contact +27000 +27600 2031 1005 10000
a contact +27000 +27600 2074 1005 10000
a contact +27000 +27600 2075 1005 10000
a contact +27000 +27600 2091 1015 10000
a contact +27000 +27600 2200 1016 10000
a contact +27000 +27600 2201 1018 10000
a contact +27000 +27600 2202 1015 10000
a contact +27000 +27600 2203 1016 10000
a contact +27000 +27600 2204 1018 10000
a contact +27000 +27600 2205 1018 10000
a contact +27000 +27600 2206 1013 10000
a contact +27000 +27600 2207 1013 10000
a contact +27000 +27600 2208 1016 10000
a contact +27000 +27600 2209 1013 10000
a contact +27000 +27600 2210 1010 10000
a contact +27000 +27600 2211 1010 10000
a contact +27000 +27600 2213 1001 10000
a contact +27000 +27600 2221 1012 10000
a contact +27000 +27600 2222 1012 10000
a contact +27000 +27600 2223 1012 10000
a contact +27000 +27600 2225 1003 10000
a contact +27000 +27600 2227 1006 10000
a contact +27000 +27600 2234 1004 10000
a contact +27000 +27600 2235 1003 10000
a contact +27000 +27600 2236 1004 10000
a contact +27000 +27600 2238 1001 10000
a contact +27000 +27600 2239 1011 10000
a contact +27000 +27600 2240 1011 10000
a contact +27000 +27600 2241 1011 10000
a contact +27000 +27600 2242 1010 10000
a contact +27000 +27600 2244 1004 10000
a contact +27000 +27600 2248 1008 10000
a contact +27000 +27600 2249 1008 10000
a contact +27000 +27600 2252 1008 10000
a contact +27000 +27600 2254 1017 10000
a contact +27000 +27600 2255 1009 10000
a contact +27000 +27600 2257 1006 10000
a contact +27000 +27600 2258 1017 10000
a contact +27000 +27600 2260 1009 10000
a contact +27000 +27600 2261 1014 10000
a contact +27000 +27600 2262 1014 10000
a contact +27000 +27600 2264 1014 10000
a contact +27600 +28200 2001 1014 10000
a contact +27600 +28200 2002 1006 10000
a contact +27600 +28200 2007 1002 10000
a contact +27600 +28200 2009 1012 10000
a contact +27600 +28200 2031 1005 10000
a contact +27000 +28200 2047 1015 10000
a contact +27600 +28200 2050 1002 10000
a contact +27600 +28200 2051 1002 10000
a contact +27600 +28200 2073 1007 10000
a contact +27600 +28200 2074 1005 10000
a contact +27600 +28200 2075 1005 10000
a contact +27600 +28200 2091 1015 10000
a contact +27600 +28200 2170 1007 10000
a contact +27600 +28200 2200 1016 10000
a contact +27600 +28200 2201 1018 10000
a contact +27600 +28200 2203 1016 10000
a contact +27600 +28200 2204 1018 10000
a contact +27600 +28200 2206 1013 10000
a contact +27600 +28200 2207 1013 10000
a contact +27600 +28200 2208 1016 10000
a contact +27600 +28200 2209 1013 10000
a contact +27600 +28200 2210 1010 10000
a contact +27600 +28200 2211 1010 10000
a contact +27000 +28200 2212 1009 10000
a contact +27600 +28200 2213 1001 10000
a contact +27600 +28200 2214 1007 10000
a contact +27600 +28200 2221 1012 10000
a contact +27600 +28200 2222 1012 10000
a contact +27600 +28200 2225 1003 10000
a contact +27000 +28200 2226 1003 10000
a contact +27600 +28200 2227 1006 10000
a contact +27600 +28200 2230 1008 10000
a contact +27600 +28200 2231 1008 10000
a contact +27600 +28200 2234 1004 10000
a contact +27600 +28200 2235 1003 10000
a contact +27600 +28200 2236 1004 10000
a contact +27600 +28200 2237 1011 10000
a contact +27600 +28200 2238 1001 10000
a contact +27600 +28200 2239 1004 10000
a contact +27600 +28200 2240 1011 10000
a contact +27600 +28200 2241 1008 10000
a contact +27600 +28200 2242 1010 10000
a contact +27000 +28200 2243 1001 10000
a contact +27600 +28200 2250 1015 10000
a contact +27600 +28200 2251 1017 10000
a contact +27600 +28200 2252 1011 10000
a contact +27600 +28200 2253 1017 10000
a contact +27600 +28200 2255 1009 10000
a contact +27600 +28200 2256 1017 10000
a contact +27600 +28200 2257 1006 10000
a contact +27600 +28200 2259 1014 10000
a contact +27600 +28200 2260 1009 10000
a contact +27600 +28200 2261 1014 10000
a contact +27600 +28200 2263 1018 10000
a contact +28200 +28800 1012 9005 100000
a contact +28200 +28800 1012 9003 100000
a contact +28200 +28800 1012 9001 100000
a contact +28200 +28800 2001 1014 10000
a contact +28200 +28800 2002 1006 10000
a contact +28200 +28800 2003 1003 10000
a contact +28200 +28800 2004 1008 10000
a contact +28200 +28800 2007 1002 10000
a contact +28200 +28800 2050 1002 10000
a contact +28200 +28800 2051 1002 10000
a contact +28200 +28800 2073 1007 10000
a contact +28200 +28800 2170 1007 10000
a contact +28200 +28800 2200 1016 10000
a contact +28200 +28800 2201 1018 10000
a contact +28200 +28800 2203 1016 10000
a contact +28200 +28800 2206 1013 10000
a contact +28200 +28800 2207 1013 10000
a contact +28200 +28800 2208 1016 10000
a contact +28200 +28800 2209 1013 10000
a contact +28200 +28800 2210 1010 10000
a contact +28200 +28800 2211 1010 10000
a contact +28200 +28800 2212 1009 10000
a contact +28200 +28800 2214 1007 10000
a contact +28200 +28800 2228 1015 10000
a contact +28200 +28800 2229 1015 10000
a contact +28200 +28800 2230 1008 10000
a contact +28200 +28800 2231 1004 10000
a contact +28200 +28800 2232 1010 10000
a contact +28200 +28800 2233 1006 10000
a contact +28200 +28800 2234 1004 10000
a contact +28200 +28800 2235 1004 10000
a contact +28200 +28800 2236 1008 10000
a contact +28200 +28800 2239 1001 10000
a contact +28200 +28800 2240 1001 10000
a contact +28200 +28800 2241 1014 10000
a contact +28200 +28800 2242 1001 10000
a contact +28200 +28800 2244 1003 10000
a contact +28200 +28800 2245 1003 10000
a contact +28200 +28800 2246 1006 10000
a contact +28200 +28800 2247 1005 10000
a contact +28200 +28800 2248 1005 10000
a contact +28200 +28800 2249 1005 10000
a contact +28200 +28800 2250 1015 10000
a contact +28200 +28800 2251 1017 10000
a contact +28200 +28800 2252 1011 10000
a contact +28200 +28800 2254 1018 10000
a contact +28200 +28800 2255 1017 10000
a contact +28200 +28800 2257 1017 10000
a contact +28200 +28800 2258 1018 10000
a contact +28200 +28800 2259 1011 10000
a contact +28200 +28800 2260 1011 10000
a contact +28200 +28800 2261 1014 10000
a contact +28200 +28800 2262 1009 10000
a contact +28200 +28800 2264 1009 10000
a contact +28800 +29400 1012 9007 100000
a contact +28800 +29400 1012 9001 100000
a contact +28800 +29400 1012 9003 100000
a contact +28800 +29400 2001 1017 10000
a contact +28800 +29400 2002 1003 10000
a contact +28800 +29400 2005 1002 10000
a contact +28800 +29400 2006 1005 10000
a contact +28800 +29400 2073 1007 10000
a contact +28800 +29400 2170 1007 10000
a contact +28800 +29400 2214 1007 10000
a contact +28800 +29400 2217 1011 10000
a contact +28800 +29400 2218 1008 10000
a contact +28800 +29400 2219 1008 10000
a contact +28800 +29400 2220 1015 10000
a contact +28800 +29400 2221 1018 10000
a contact +28800 +29400 2222 1016 10000
a contact +28800 +29400 2223 1016 10000
a contact +28800 +29400 2224 1016 10000
a contact +28800 +29400 2225 1010 10000
a contact +28800 +29400 2226 1013 10000
a contact +28800 +29400 2227 1010 10000
a contact +28800 +29400 2228 1015 10000
a contact +28800 +29400 2229 1015 10000
a contact +28800 +29400 2230 1004 10000
a contact +28800 +29400 2231 1004 10000
a contact +28800 +29400 2232 1010 10000
a contact +28800 +29400 2233 1006 10000
a contact +28800 +29400 2234 1011 10000
a contact +28800 +29400 2235 1008 10000
a contact +28800 +29400 2236 1004 10000
a contact +28800 +29400 2237 1006 10000
a contact +28800 +29400 2238 1005 10000
a contact +28800 +29400 2239 1001 10000
a contact +28800 +29400 2240 1011 10000
a contact +28800 +29400 2241 1001 10000
a contact +28800 +29400 2242 1003 10000
a contact +28800 +29400 2243 1006 10000
a contact +28800 +29400 2244 1001 10000
a contact +28800 +29400 2245 1003 10000
a contact +28800 +29400 2246 1002 10000
a contact +28800 +29400 2247 1002 10000
a contact +28800 +29400 2248 1005 10000
a contact +28800 +29400 2251 1017 10000
a contact +28800 +29400 2252 1017 10000
a contact +28800 +29400 2253 1009 10000
a contact +28800 +29400 2254 1018 10000
a contact +28800 +29400 2255 1014 10000
a contact +28800 +29400 2256 1013 10000
a contact +28800 +29400 2258 1018 10000
a contact +28800 +29400 2259 1014 10000
a contact +28800 +29400 2260 1014 10000
a contact +28800 +29400 2262 1009 10000
a contact +28800 +29400 2263 1013 10000
a contact +28800 +29400 2264 1009 10000
a contact +29400 +30000 1002 9002 100000
a contact +29400 +30000 1002 9010 100000
a contact +29400 +30000 1002 9003 100000
a contact +29400 +30000 1003 9004 100000
a contact +29400 +30000 1003 9008 100000
a contact +29400 +30000 1003 9012 100000
a contact +29400 +30000 1012 9011 100000
a contact +29400 +30000 1012 9007 100000
a contact +29400 +30000 1012 9005 100000
a contact +29400 +30000 1018 9001 100000
a contact +29400 +30000 1018 9009 100000
a contact +29400 +30000 1018 9006 100000
a contact +29400 +30000 2001 1009 10000
a contact +29400 +30000 2002 1008 10000
a contact +29400 +30000 2003 1007 10000
a contact +29400 +30000 2216 1007 10000
a contact +29400 +30000 2220 1015 10000
a contact +29400 +30000 2222 1016 10000
a contact +29400 +30000 2223 1016 10000
a contact +29400 +30000 2224 1016 10000
a contact +29400 +30000 2225 1010 10000
a contact +29400 +30000 2228 1017 10000
a contact +29400 +30000 2229 1015 10000
a contact +29400 +30000 2230 1017 10000
a contact +29400 +30000 2231 1011 10000
a contact +29400 +30000 2232 1010 10000
a contact +29400 +30000 2233 1004 10000
a contact +29400 +30000 2234 1008 10000
a contact +29400 +30000 2235 1004 10000
a contact +29400 +30000 2236 1008 10000
a contact +29400 +30000 2237 1011 10000
a contact +29400 +30000 2238 1006 10000
a contact +29400 +30000 2239 1011 10000
a contact +29400 +30000 2240 1005 10000
a contact +29400 +30000 2241 1006 10000
a contact +29400 +30000 2242 1004 10000
a contact +29400 +30000 2243 1006 10000
a contact +29400 +30000 2244 1001 10000
a contact +29400 +30000 2245 1001 10000
a contact +29400 +30000 2246 1005 10000
a contact +29400 +30000 2247 1001 10000
a contact +29400 +30000 2248 1005 10000
a contact +29400 +30000 2249 1010 10000
a contact +29400 +30000 2250 1007 10000
a contact +29400 +30000 2252 1014 10000
a contact +29400 +30000 2254 1009 10000
a contact +29400 +30000 2255 1017 10000
a contact +29400 +30000 2256 1014 10000
a contact +29400 +30000 2259 1013 10000
a contact +29400 +30000 2260 1014 10000
a contact +29400 +30000 2261 1015 10000
a contact +29400 +30000 2262 1013 10000
a contact +29400 +30000 2263 1009 10000
a contact +29400 +30000 2264 1013 10000
a contact +30000 +30600 1005 9002 100000
a contact +30000 +30600 1005 9006 100000
a contact +30000 +30600 1005 9004 100000
a contact +30000 +30600 1007 9003 100000
a contact +30000 +30600 1007 9005 100000
a contact +30000 +30600 1007 9009 100000
a contact +30000 +30600 1012 9008 100000
a contact +30000 +30600 1012 9010 100000
a contact +30000 +30600 1012 9012 100000
a contact +30000 +30600 1017 9007 100000
a contact +30000 +30600 1017 9001 100000
a contact +30000 +30600 1017 9011 100000
a contact +30000 +30600 2001 1013 10000
a contact +30000 +30600 2003 1008 10000
a contact +30000 +30600 2005 1008 10000
a contact +30000 +30600 2136 1018 10000
a contact +30000 +30600 2138 1002 10000
a contact +30000 +30600 2157 1002 10000
a contact +30000 +30600 2173 1018 10000
a contact +30000 +30600 2180 1003 10000
a contact +30000 +30600 2182 1002 10000
a contact +30000 +30600 2217 1018 10000
a contact +30000 +30600 2219 1003 10000
a contact +30000 +30600 2220 1015 10000
a contact +30000 +30600 2222 1016 10000
a contact +30000 +30600 2223 1016 10000
a contact +30000 +30600 2224 1003 10000
a contact +30000 +30600 2233 1004 10000
a contact +30000 +30600 2235 1004 10000
a contact +30000 +30600 2236 1008 10000
a contact +30000 +30600 2237 1006 10000
a contact +30000 +30600 2238 1011 10000
a contact +30000 +30600 2239 1011 10000
a contact +30000 +30600 2240 1001 10000
a contact +30000 +30600 2241 1004 10000
a contact +30000 +30600 2242 1011 10000
a contact +30000 +30600 2243 1006 10000
a contact +30000 +30600 2244 1014 10000
a contact +30000 +30600 2245 1001 10000
a contact +30000 +30600 2246 1010 10000
a contact +30000 +30600 2247 1001 10000
a contact +30000 +30600 2248 1010 10000
a contact +30000 +30600 2249 1014 10000
a contact +30000 +30600 2250 1014 10000
a contact +30000 +30600 2251 1006 10000
a contact +30000 +30600 2253 1015 10000
a contact +30000 +30600 2254 1009 10000
a contact +30000 +30600 2257 1015 10000
a contact +30000 +30600 2258 1016 10000
a contact +30000 +30600 2260 1010 10000
a contact +30000 +30600 2261 1013 10000
a contact +30000 +30600 2262 1009 10000
a contact +30000 +30600 2263 1009 10000
a contact +30000 +30600 2264 1013 10000
a contact +30600 +31200 1017 9001 100000
a contact +30600 +31200 1017 9005 100000
a contact +30600 +31200 1017 9003 100000
a contact +30600 +31200 2001 1013 10000
a contact +30600 +31200 2006 1002 10000
a contact +30600 +31200 2018 1005 10000
a contact +30600 +31200 2047 1012 10000
a contact +30600 +31200 2050 1005 10000
a contact +30600 +31200 2085 1007 10000
a contact +30600 +31200 2086 1012 10000
a contact +30600 +31200 2091 1012 10000
a contact +30600 +31200 2094 1005 10000
a contact +30600 +31200 2129 1007 10000
a contact +30600 +31200 2135 1007 10000
a contact +30600 +31200 2136 1018 10000
a contact +30600 +31200 2173 1018 10000
a contact +30600 +31200 2180 1003 10000
a contact +30600 +31200 2182 1002 10000
a contact +30600 +31200 2217 1018 10000
a contact +30600 +31200 2219 1003 10000
a contact +30600 +31200 2228 1004 10000
a contact +30600 +31200 2229 1014 10000
a contact +30600 +31200 2230 1014 10000
a contact +30600 +31200 2231 1011 10000
a contact +30600 +31200 2232 1008 10000
a contact +30600 +31200 2233 1008 10000
a contact +30600 +31200 2234 1003 10000
a contact +30600 +31200 2235 1008 10000
a contact +30600 +31200 2236 1011 10000
a contact +30600 +31200 2237 1011 10000
a contact +30600 +31200 2238 1006 10000
a contact +30600 +31200 2239 1014 10000
a contact +30600 +31200 2240 1004 10000
a contact +30600 +31200 2241 1004 10000
a contact +30600 +31200 2242 1001 10000
a contact +30600 +31200 2243 1010 10000
a contact +30600 +31200 2244 1001 10000
a contact +30600 +31200 2245 1001 10000
a contact +30600 +31200 2248 1009 10000
a contact +30600 +31200 2249 1010 10000
a contact +30600 +31200 2250 1006 10000
a contact +30600 +31200 2251 1006 10000
a contact +30600 +31200 2253 1009 10000
a contact +30600 +31200 2254 1009 10000
a contact +30600 +31200 2256 1015 10000
a contact +30600 +31200 2257 1015 10000
a contact +30600 +31200 2258 1016 10000
a contact +30600 +31200 2259 1015 10000
a contact +30600 +31200 2260 1016 10000
a contact +30600 +31200 2261 1013 10000
a contact +30600 +31200 2262 1010 10000
a contact +30600 +31200 2263 1016 10000
a contact +30600 +31200 2264 1013 10000
a contact +31200 +31800 1015 9006 100000
a contact +31200 +31800 1015 9004 100000
a contact +31200 +31800 1015 9002 100000
a contact +31200 +31800 2001 1013 10000
a contact +31200 +31800 2006 1002 10000
a contact +31200 +31800 2018 1005 10000
a contact +31200 +31800 2047 1012 10000
a contact +31200 +31800 2050 1005 10000
a contact +31200 +31800 2085 1007 10000
a contact +31200 +31800 2086 1012 10000
a contact +31200 +31800 2091 1012 10000
a contact +31200 +31800 2094 1005 10000
a contact +31200 +31800 2099 1017 10000
a contact +31200 +31800 2129 1007 10000
a contact +31200 +31800 2135 1007 10000
a contact +31200 +31800 2136 1018 10000
a contact +30600 +31800 2157 1002 10000
a contact +31200 +31800 2159 1017 10000
a contact +31200 +31800 2160 1017 10000
a contact +31200 +31800 2173 1018 10000
a contact +31200 +31800 2180 1003 10000
a contact +31200 +31800 2182 1002 10000
a contact +31200 +31800 2217 1018 10000
a contact +31200 +31800 2219 1003 10000
a contact +31200 +31800 2227 1014 10000
a contact +31200 +31800 2228 1004 10000
a contact +31200 +31800 2229 1011 10000
a contact +31200 +31800 2230 1001 10000
a contact +31200 +31800 2231 1008 10000
a contact +31200 +31800 2232 1008 10000
a contact +31200 +31800 2233 1004 10000
a contact +31200 +31800 2234 1003 10000
a contact +31200 +31800 2235 1008 10000
a contact +31200 +31800 2236 1011 10000
a contact +31200 +31800 2238 1011 10000
a contact +31200 +31800 2239 1001 10000
a contact +31200 +31800 2240 1004 10000
a contact +31200 +31800 2241 1001 10000
a contact +31200 +31800 2242 1014 10000
a contact +31200 +31800 2244 1014 10000
a contact +31200 +31800 2245 1010 10000
a contact +31200 +31800 2246 1010 10000
a contact +31200 +31800 2248 1006 10000
a contact +31200 +31800 2249 1009 10000
a contact +31200 +31800 2250 1006 10000
a contact +31200 +31800 2251 1006 10000
a contact +31200 +31800 2253 1009 10000
a contact +31200 +31800 2257 1009 10000
a contact +31200 +31800 2259 1016 10000
a contact +31200 +31800 2260 1013 10000
a contact +31200 +31800 2261 1010 10000
a contact +31200 +31800 2262 1013 10000
a contact +31200 +31800 2263 1016 10000
a contact +31200 +31800 2264 1016 10000
a contact +31800 +32400 1009 9003 100000
a contact +31800 +32400 1009 9005 100000
a contact +31800 +32400 1009 9001 100000
a contact +31800 +32400 2001 1016 10000
a contact +31800 +32400 2002 1003 10000
a contact +31800 +32400 2006 1002 10000
a contact +31800 +32400 2013 1015 10000
a contact +31800 +32400 2047 1012 10000
a contact +31800 +32400 2050 1005 10000
a contact +31800 +32400 2057 1015 10000
a contact +31800 +32400 2085 1007 10000
a contact +31800 +32400 2086 1012 10000
a contact +31800 +32400 2091 1012 10000
a contact +31800 +32400 2094 1005 10000
a contact +31800 +32400 2099 1017 10000
a contact +31800 +32400 2135 1007 10000
a contact +31800 +32400 2156 1015 10000
a contact +31800 +32400 2157 1002 10000
a contact +31800 +32400 2159 1017 10000
a contact +31800 +32400 2160 1017 10000
a contact +31800 +32400 2224 1001 10000
a contact +31800 +32400 2225 1014 10000
a contact +31800 +32400 2226 1011 10000
a contact +31800 +32400 2227 1014 10000
a contact +31800 +32400 2228 1010 10000
a contact +31800 +32400 2229 1004 10000
a contact +31800 +32400 2230 1008 10000
a contact +31800 +32400 2231 1004 10000
a contact +31800 +32400 2232 1008 10000
a contact +31800 +32400 2233 1008 10000
a contact +31800 +32400 2234 1003 10000
a contact +31800 +32400 2235 1011 10000
a contact +31800 +32400 2236 1011 10000
a contact +31800 +32400 2237 1002 10000
a contact +31800 +32400 2238 1010 10000
a contact +31800 +32400 2239 1004 10000
a contact +31800 +32400 2240 1001 10000
a contact +31800 +32400 2241 1001 10000
a contact +31800 +32400 2242 1006 10000
a contact +31800 +32400 2243 1003 10000
a contact +31800 +32400 2244 1006 10000
a contact +31800 +32400 2245 1014 10000
a contact +31800 +32400 2247 1018 10000
a contact +31800 +32400 2248 1010 10000
a contact +31800 +32400 2249 1006 10000
a contact +31800 +32400 2255 1018 10000
a contact +31800 +32400 2256 1018 10000
a contact +31800 +32400 2260 1013 10000
a contact +31800 +32400 2261 1013 10000
a contact +31800 +32400 2262 1013 10000
a contact +31800 +32400 2263 1016 10000
a contact +31800 +32400 2264 1016 10000
a contact +32400 +33000 2001 1016 10000
a contact +32400 +33000 2002 1003 10000
a contact +32400 +33000 2005 1014 10000
a contact +32400 +33000 2006 1002 10000
a contact +32400 +33000 2013 1015 10000
a contact +31800 +33000 2018 1005 10000
a contact +32400 +33000 2050 1005 10000
a contact +32400 +33000 2057 1015 10000
a contact +32400 +33000 2085 1007 10000
a contact +32400 +33000 2094 1005 10000
a contact +32400 +33000 2099 1017 10000
a contact +31800 +33000 2129 1007 10000
a contact +32400 +33000 2135 1007 10000
a contact +32400 +33000 2155 1009 10000
a contact +32400 +33000 2156 1015 10000
a contact +32400 +33000 2159 1017 10000
a contact +32400 +33000 2160 1017 10000
a contact +32400 +33000 2199 1009 10000
a contact +32400 +33000 2204 1009 10000
a contact +32400 +33000 2219 1012 10000
a contact +32400 +33000 2220 1008 10000
a contact +32400 +33000 2221 1008 10000
a contact +32400 +33000 2222 1012 10000
a contact +32400 +33000 2223 1012 10000
a contact +32400 +33000 2224 1010 10000
a contact +32400 +33000 2225 1014 10000
a contact +32400 +33000 2226 1011 10000
a contact +32400 +33000 2227 1010 10000
a contact +32400 +33000 2228 1004 10000
a contact +32400 +33000 2229 1014 10000
a contact +32400 +33000 2230 1001 10000
a contact +32400 +33000 2231 1001 10000
a contact +32400 +33000 2232 1011 10000
a contact +32400 +33000 2233 1008 10000
a contact +32400 +33000 2234 1003 10000
a contact +32400 +33000 2235 1011 10000
a contact +32400 +33000 2236 1006 10000
a contact +32400 +33000 2237 1002 10000
a contact +32400 +33000 2238 1001 10000
a contact +32400 +33000 2239 1010 10000
a contact +32400 +33000 2240 1004 10000
a contact +32400 +33000 2241 1004 10000
a contact +32400 +33000 2242 1006 10000
a contact +32400 +33000 2243 1003 10000
a contact +32400 +33000 2244 1006 10000
a contact +32400 +33000 2246 1002 10000
a contact +32400 +33000 2247 1018 10000
a contact +32400 +33000 2255 1018 10000
a contact +32400 +33000 2256 1018 10000
a contact +32400 +33000 2258 1013 10000
a contact +32400 +33000 2259 1013 10000
a contact +32400 +33000 2262 1016 10000
a contact +32400 +33000 2263 1013 10000
a contact +32400 +33000 2264 1016 10000
a contact +33000 +33600 1012 9001 100000
a contact +33000 +33600 1012 9004 100000
a contact +33000 +33600 1012 9002 100000
a contact +33000 +33600 1014 9003 100000
a contact +33000 +33600 1014 9007 100000
a contact +33000 +33600 1014 9005 100000
a contact +33000 +33600 2003 1015 10000
a contact +33000 +33600 2004 1017 10000
a contact +33000 +33600 2013 1015 10000
a contact +33000 +33600 2057 1015 10000
a contact +33000 +33600 2155 1009 10000
a contact +33000 +33600 2199 1009 10000
a contact +33000 +33600 2212 1008 10000
a contact +33000 +33600 2213 1017 10000
a contact +33000 +33600 2214 1017 10000
a contact +33000 +33600 2215 1005 10000
a contact +33000 +33600 2216 1005 10000
a contact +33000 +33600 2217 1003 10000
a contact +33000 +33600 2218 1003 10000
a contact +33000 +33600 2224 1001 10000
a contact +33000 +33600 2225 1004 10000
a contact +33000 +33600 2226 1004 10000
a contact +33000 +33600 2227 1004 10000
a contact +33000 +33600 2228 1001 10000
a contact +33000 +33600 2230 1001 10000
a contact +33000 +33600 2231 1008 10000
a contact +33000 +33600 2233 1011 10000
a contact +33000 +33600 2234 1008 10000
a contact +33000 +33600 2235 1011 10000
a contact +33000 +33600 2236 1006 10000
a contact +33000 +33600 2237 1002 10000
a contact +33000 +33600 2238 1016 10000
a contact +33000 +33600 2239 1010 10000
a contact +33000 +33600 2240 1010 10000
a contact +33000 +33600 2241 1010 10000
a contact +33000 +33600 2242 1011 10000
a contact +33000 +33600 2243 1003 10000
a contact +33000 +33600 2244 1006 10000
a contact +33000 +33600 2245 1002 10000
a contact +33000 +33600 2246 1002 10000
a contact +33000 +33600 2247 1006 10000
a contact +33000 +33600 2249 1007 10000
a contact +33000 +33600 2250 1009 10000
a contact +33000 +33600 2251 1007 10000
a contact +33000 +33600 2252 1005 10000
a contact +33000 +33600 2253 1007 10000
a contact +33000 +33600 2255 1018 10000
a contact +33000 +33600 2256 1018 10000
a contact +33000 +33600 2257 1013 10000
a contact +33000 +33600 2258 1016 10000
a contact +33000 +33600 2259 1013 10000
a contact +33000 +33600 2261 1018 10000
a contact +33000 +33600 2262 1016 10000
a contact +33000 +33600 2263 1013 10000
a contact +33600 +34200 1014 9009 100000
a contact +33600 +34200 1014 9005 100000
a contact +33600 +34200 1014 9007 100000
a contact +33600 +34200 2003 1015 10000
a contact +33600 +34200 2004 1017 10000
a contact +33600 +34200 2005 1002 10000
a contact +33600 +34200 2007 1004 10000
a contact +33600 +34200 2094 1012 10000
a contact +33600 +34200 2175 1012 10000
a contact +33600 +34200 2184 1012 10000
a contact +33600 +34200 2199 1009 10000
a contact +33600 +34200 2210 1008 10000
a contact +33600 +34200 2211 1015 10000
a contact +33600 +34200 2212 1008 10000
a contact +33600 +34200 2213 1017 10000
a contact +33600 +34200 2214 1017 10000
a contact +33600 +34200 2215 1005 10000
a contact +33600 +34200 2216 1005 10000
a contact +33600 +34200 2217 1003 10000
a contact +33600 +34200 2218 1003 10000
a contact +33600 +34200 2219 1009 10000
a contact +33600 +34200 2220 1007 10000
a contact +33600 +34200 2221 1007 10000
a contact +33600 +34200 2222 1003 10000
a contact +33600 +34200 2223 1015 10000
a contact +33600 +34200 2224 1001 10000
a contact +33600 +34200 2225 1004 10000
a contact +33600 +34200 2226 1001 10000
a contact +33600 +34200 2227 1004 10000
a contact +33600 +34200 2228 1001 10000
a contact +33600 +34200 2229 1005 10000
a contact +33600 +34200 2232 1002 10000
a contact +33600 +34200 2233 1011 10000
a contact +33600 +34200 2234 1008 10000
a contact +33600 +34200 2235 1006 10000
a contact +33600 +34200 2237 1006 10000
a contact +33600 +34200 2239 1013 10000
a contact +33600 +34200 2241 1011 10000
a contact +33600 +34200 2242 1011 10000
a contact +33600 +34200 2243 1010 10000
a contact +33600 +34200 2244 1010 10000
a contact +33600 +34200 2245 1002 10000
a contact +33600 +34200 2246 1010 10000
a contact +33600 +34200 2247 1006 10000
a contact +33600 +34200 2248 1018 10000
a contact +33600 +34200 2249 1007 10000
a contact +33600 +34200 2250 1009 10000
a contact +33600 +34200 2254 1013 10000
a contact +33600 +34200 2255 1013 10000
a contact +33600 +34200 2256 1016 10000
a contact +33600 +34200 2257 1016 10000
a contact +33600 +34200 2259 1016 10000
a contact +33600 +34200 2261 1018 10000
a contact +34200 +34800 2003 1015 10000
a contact +34200 +34800 2004 1017 10000
a contact +34200 +34800 2005 1002 10000
a contact +34200 +34800 2007 1001 10000
a contact +34200 +34800 2048 1014 10000
a contact +34200 +34800 2049 1014 10000
a contact +34200 +34800 2094 1012 10000
a contact +34200 +34800 2175 1012 10000
a contact +34200 +34800 2184 1012 10000
a contact +34200 +34800 2191 1014 10000
a contact +34200 +34800 2199 1009 10000
a contact +34200 +34800 2208 1011 10000
a contact +34200 +34800 2209 1008 10000
a contact +34200 +34800 2210 1008 10000
a contact +34200 +34800 2211 1015 10000
a contact +34200 +34800 2212 1004 10000
a contact +34200 +34800 2213 1017 10000
a contact +34200 +34800 2214 1017 10000
a contact +34200 +34800 2215 1005 10000
a contact +34200 +34800 2216 1005 10000
a contact +34200 +34800 2217 1003 10000
a contact +34200 +34800 2218 1003 10000
a contact +34200 +34800 2219 1009 10000
a contact +34200 +34800 2220 1007 10000
a contact +34200 +34800 2221 1007 10000
a contact +34200 +34800 2222 1003 10000
a contact +34200 +34800 2223 1015 10000
a contact +34200 +34800 2224 1008 10000
a contact +34200 +34800 2225 1004 10000
a contact +34200 +34800 2226 1001 10000
a contact +34200 +34800 2227 1004 10000
a contact +34200 +34800 2228 1001 10000
a contact +34200 +34800 2229 1005 10000
a contact +34200 +34800 2231 1011 10000
a contact +34200 +34800 2232 1002 10000
a contact +34200 +34800 2233 1010 10000
a contact +34200 +34800 2234 1011 10000
a contact +34200 +34800 2235 1006 10000
a contact +34200 +34800 2236 1010 10000
a contact +34200 +34800 2238 1006 10000
a contact +34200 +34800 2240 1013 10000
a contact +34200 +34800 2241 1006 10000
a contact +34200 +34800 2243 1010 10000
a contact +34200 +34800 2245 1002 10000
a contact +34200 +34800 2248 1018 10000
a contact +34200 +34800 2249 1007 10000
a contact +34200 +34800 2250 1009 10000
a contact +34200 +34800 2252 1013 10000
a contact +34200 +34800 2254 1016 10000
a contact +34200 +34800 2255 1016 10000
a contact +34200 +34800 2256 1013 10000
a contact +34200 +34800 2257 1016 10000
a contact +33600 +34800 2260 1018 10000
a contact +34200 +34800 2261 1018 10000
a contact +34800 +35400 2003 1015 10000
a contact +34800 +35400 2004 1017 10000
a contact +34800 +35400 2005 1002 10000
a contact +34800 +35400 2007 1001 10000
a contact +34800 +35400 2048 1014 10000
a contact +34800 +35400 2049 1014 10000
a contact +34800 +35400 2094 1012 10000
a contact +34800 +35400 2175 1012 10000
a contact +34800 +35400 2184 1012 10000
a contact +34800 +35400 2191 1014 10000
a contact +34800 +35400 2199 1009 10000
a contact +34800 +35400 2205 1008 10000
a contact +34800 +35400 2206 1008 10000
a contact +34800 +35400 2207 1011 10000
a contact +34800 +35400 2208 1011 10000
a contact +34800 +35400 2209 1004 10000
a contact +34800 +35400 2210 1004 10000
a contact +34800 +35400 2211 1015 10000
a contact +34800 +35400 2212 1001 10000
a contact +34800 +35400 2213 1017 10000
a contact +34800 +35400 2214 1017 10000
a contact +34800 +35400 2215 1005 10000
a contact +34800 +35400 2216 1005 10000
a contact +34800 +35400 2217 1003 10000
a contact +34800 +35400 2218 1003 10000
a contact +34800 +35400 2219 1009 10000
a contact +34800 +35400 2220 1007 10000
a contact +34800 +35400 2221 1007 10000
a contact +34800 +35400 2222 1003 10000
a contact +34800 +35400 2223 1015 10000
a contact +34800 +35400 2224 1008 10000
a contact +34800 +35400 2225 1001 10000
a contact +34800 +35400 2226 1004 10000
a contact +34800 +35400 2228 1011 10000
a contact +34800 +35400 2229 1005 10000
a contact +34800 +35400 2231 1010 10000
a contact +34800 +35400 2232 1002 10000
a contact +34800 +35400 2233 1006 10000
a contact +34800 +35400 2235 1006 10000
a contact +34800 +35400 2236 1006 10000
a contact +34800 +35400 2237 1016 10000
a contact +34800 +35400 2238 1010 10000
a contact +34800 +35400 2241 1010 10000
a contact +34800 +35400 2242 1013 10000
a contact +34800 +35400 2245 1002 10000
a contact +34800 +35400 2246 1016 10000
a contact +34800 +35400 2248 1018 10000
a contact +34800 +35400 2249 1007 10000
a contact +34800 +35400 2250 1009 10000
a contact +34800 +35400 2251 1013 10000
a contact +34800 +35400 2253 1013 10000
a contact +34800 +35400 2254 1016 10000
a contact +34800 +35400 2260 1018 10000
a contact +34800 +35400 2261 1018 10000
a contact +35400 +36000 1001 9005 100000
a contact +35400 +36000 1001 9011 100000
a contact +35400 +36000 1001 9003 100000
a contact +35400 +36000 2006 1004 10000
a contact +35400 +36000 2008 1002 10000
a contact +35400 +36000 2048 1014 10000
a contact +35400 +36000 2049 1014 10000
a contact +35400 +36000 2190 1014 10000
a contact +35400 +36000 2192 1018 10000
a contact +35400 +36000 2193 1017 10000
a contact +35400 +36000 2194 1017 10000
a contact +35400 +36000 2195 1015 10000
a contact +35400 +36000 2196 1012 10000
a contact +35400 +36000 2197 1012 10000
a contact +35400 +36000 2198 1009 10000
a contact +35400 +36000 2200 1007 10000
a contact +35400 +36000 2201 1009 10000
a contact +35400 +36000 2202 1009 10000
a contact +35400 +36000 2203 1005 10000
a contact +35400 +36000 2204 1012 10000
a contact +35400 +36000 2218 1011 10000
a contact +35400 +36000 2219 1011 10000
a contact +35400 +36000 2220 1010 10000
a contact +35400 +36000 2221 1008 10000
a contact +35400 +36000 2222 1004 10000
a contact +35400 +36000 2223 1008 10000
a contact +35400 +36000 2224 1008 10000
a contact +35400 +36000 2225 1006 10000
a contact +35400 +36000 2226 1004 10000
a contact +35400 +36000 2227 1005 10000
a contact +35400 +36000 2228 1013 10000
a contact +35400 +36000 2229 1006 10000
a contact +35400 +36000 2230 1003 10000
a contact +35400 +36000 2231 1010 10000
a contact +35400 +36000 2232 1011 10000
a contact +35400 +36000 2233 1010 10000
a contact +35400 +36000 2234 1005 10000
a contact +35400 +36000 2235 1013 10000
a contact +35400 +36000 2236 1016 10000
a contact +35400 +36000 2237 1016 10000
a contact +35400 +36000 2238 1016 10000
a contact +35400 +36000 2239 1003 10000
a contact +35400 +36000 2240 1003 10000
a contact +35400 +36000 2241 1006 10000
a contact +35400 +36000 2243 1002 10000
a contact +35400 +36000 2244 1002 10000
a contact +35400 +36000 2247 1007 10000
a contact +35400 +36000 2251 1013 10000
a contact +35400 +36000 2252 1007 10000
a contact +35400 +36000 2256 1015 10000
a contact +35400 +36000 2257 1018 10000
a contact +35400 +36000 2258 1015 10000
a contact +35400 +36000 2262 1018 10000
a contact +35400 +36000 2264 1017 10000
a contact +36000 +36600 1011 9005 100000
a contact +36000 +36600 1011 9003 100000
a contact +36000 +36600 1011 9001 100000
a contact +36000 +36600 2001 1018 10000
a contact +36000 +36600 2002 1014 10000
a contact +36000 +36600 2007 1004 10000
a contact +36000 +36600 2009 1006 10000
a contact +36000 +36600 2037 1001 10000
a contact +36000 +36600 2111 1001 10000
a contact +36000 +36600 2133 1001 10000
a contact +36000 +36600 2190 1014 10000
a contact +36000 +36600 2193 1017 10000
a contact +36000 +36600 2195 1015 10000
a contact +36000 +36600 2196 1012 10000
a contact +36000 +36600 2197 1012 10000
a contact +36000 +36600 2198 1009 10000
a contact +36000 +36600 2201 1009 10000
a contact +36000 +36600 2203 1005 10000
a contact +36000 +36600 2204 1012 10000
a contact +36000 +36600 2216 1007 10000
a contact +36000 +36600 2217 1014 10000
a contact +36000 +36600 2220 1016 10000
a contact +36000 +36600 2221 1008 10000
a contact +36000 +36600 2222 1004 10000
a contact +36000 +36600 2223 1008 10000
a contact +36000 +36600 2224 1013 10000
a contact +36000 +36600 2225 1008 10000
a contact +36000 +36600 2226 1006 10000
a contact +36000 +36600 2227 1005 10000
a contact +36000 +36600 2228 1003 10000
a contact +36000 +36600 2229 1006 10000
a contact +36000 +36600 2230 1010 10000
a contact +36000 +36600 2231 1010 10000
a contact +36000 +36600 2232 1004 10000
a contact +36000 +36600 2233 1010 10000
a contact +36000 +36600 2234 1005 10000
a contact +36000 +36600 2235 1002 10000
a contact +36000 +36600 2236 1016 10000
a contact +36000 +36600 2237 1016 10000
a contact +36000 +36600 2238 1003 10000
a contact +36000 +36600 2240 1003 10000
a contact +36000 +36600 2241 1013 10000
a contact +36000 +36600 2242 1007 10000
a contact +36000 +36600 2243 1002 10000
a contact +36000 +36600 2244 1002 10000
a contact +36000 +36600 2246 1007 10000
a contact +36000 +36600 2247 1018 10000
a contact +36000 +36600 2249 1009 10000
a contact +36000 +36600 2250 1013 10000
a contact +36000 +36600 2253 1017 10000
a contact +36000 +36600 2256 1015 10000
a contact +36000 +36600 2257 1018 10000
a contact +36000 +36600 2258 1015 10000
a contact +36000 +36600 2264 1017 10000
a contact +36600 +37200 1002 9004 100000
a contact +36600 +37200 1002 9012 100000
a contact +36600 +37200 1002 9008 100000
a contact +36600 +37200 1004 9010 100000
a contact +36600 +37200 1004 9006 100000
a contact +36600 +37200 1004 9002 100000
a contact +36600 +37200 1009 9001 100000
a contact +36600 +37200 1009 9011 100000
a contact +36600 +37200 1009 9009 100000
a contact +36600 +37200 1011 9007 100000
a contact +36600 +37200 1011 9005 100000
a contact +36600 +37200 1011 9003 100000
a contact +36600 +37200 2002 1014 10000
a contact +36600 +37200 2003 1014 10000
a contact +36600 +37200 2004 1001 10000
a contact +36600 +37200 2190 1014 10000
a contact +36600 +37200 2195 1015 10000
a contact +36600 +37200 2196 1012 10000
a contact +36600 +37200 2197 1012 10000
a contact +36600 +37200 2204 1012 10000
a contact +36600 +37200 2213 1015 10000
a contact +36600 +37200 2214 1008 10000
a contact +36600 +37200 2215 1010 10000
a contact +36600 +37200 2216 1007 10000
a contact +36600 +37200 2217 1010 10000
a contact +36600 +37200 2218 1016 10000
a contact +36600 +37200 2219 1017 10000
a contact +36600 +37200 2220 1008 10000
a contact +36600 +37200 2221 1016 10000
a contact +36600 +37200 2222 1006 10000
a contact +36600 +37200 2223 1001 10000
a contact +36600 +37200 2225 1001 10000
a contact +36600 +37200 2226 1008 10000
a contact +36600 +37200 2227 1016 10000
a contact +36600 +37200 2229 1006 10000
a contact +36600 +37200 2230 1010 10000
a contact +36600 +37200 2231 1013 10000
a contact +36600 +37200 2232 1005 10000
a contact +36600 +37200 2233 1003 10000
a contact +36600 +37200 2234 1006 10000
a contact +36600 +37200 2236 1013 10000
a contact +36600 +37200 2237 1005 10000
a contact +36600 +37200 2239 1007 10000
a contact +36600 +37200 2240 1003 10000
a contact +36600 +37200 2241 1003 10000
a contact +36600 +37200 2242 1007 10000
a contact +36600 +37200 2243 1013 10000
a contact +36600 +37200 2246 1005 10000
a contact +36600 +37200 2249 1018 10000
a contact +36600 +37200 2250 1018 10000
a contact +36600 +37200 2252 1017 10000
a contact +36600 +37200 2253 1018 10000
a contact +36600 +37200 2258 1015 10000
a contact +36600 +37200 2264 1017 10000
a contact +37200 +37800 1001 9001 100000
a contact +37200 +37800 1001 9007 100000
a contact +37200 +37800 1001 9005 100000
a contact +37200 +37800 1004 9006 100000
a contact +37200 +37800 1004 9012 100000
a contact +37200 +37800 1004 9004 100000
a contact +37200 +37800 1017 9002 100000
a contact +37200 +37800 1017 9009 100000
a contact +37200 +37800 1017 9008 100000
a contact +37200 +37800 2002 1014 10000
a contact +37200 +37800 2003 1014 10000
a contact +37200 +37800 2005 1012 10000
a contact +37200 +37800 2007 1005 10000
a contact +37200 +37800 2018 1011 10000
a contact +37200 +37800 2062 1009 10000
a contact +37200 +37800 2106 1009 10000
a contact +37200 +37800 2107 1009 10000
a contact +37200 +37800 2120 1002 10000
a contact +37200 +37800 2164 1011 10000
a contact +37200 +37800 2165 1002 10000
a contact +37200 +37800 2208 1002 10000
a contact +37200 +37800 2209 1011 10000
a contact +37200 +37800 2211 1012 10000
a contact +37200 +37800 2212 1012 10000
a contact +37200 +37800 2213 1015 10000
a contact +37200 +37800 2217 1016 10000
a contact +37200 +37800 2218 1008 10000
a contact +37200 +37800 2219 1010 10000
a contact +37200 +37800 2220 1008 10000
a contact +37200 +37800 2221 1016 10000
a contact +37200 +37800 2222 1008 10000
a contact +37200 +37800 2223 1006 10000
a contact +37200 +37800 2224 1005 10000
a contact +37200 +37800 2225 1006 10000
a contact +37200 +37800 2226 1006 10000
a contact +37200 +37800 2227 1013 10000
a contact +37200 +37800 2228 1013 10000
a contact +37200 +37800 2229 1010 10000
a contact +37200 +37800 2230 1010 10000
a contact +37200 +37800 2231 1013 10000
a contact +37200 +37800 2232 1005 10000
a contact +37200 +37800 2233 1003 10000
a contact +37200 +37800 2234 1016 10000
a contact +37200 +37800 2238 1014 10000
a contact +37200 +37800 2240 1018 10000
a contact +37200 +37800 2241 1003 10000
a contact +37200 +37800 2242 1003 10000
a contact +37200 +37800 2243 1007 10000
a contact +37200 +37800 2244 1007 10000
a contact +37200 +37800 2246 1018 10000
a contact +37200 +37800 2247 1015 10000
a contact +37200 +37800 2250 1007 10000
a contact +37200 +37800 2253 1018 10000
a contact +37200 +37800 2257 1015 10000
a contact +37800 +38400 1004 9004 100000
a contact +37800 +38400 1004 9002 100000
a contact +37800 +38400 1004 9006 100000
a contact +37800 +38400 1016 9003 100000
a contact +37800 +38400 1016 9005 100000
a contact +37800 +38400 1016 9007 100000
a contact +37800 +38400 2002 1005 10000
a contact +37800 +38400 2003 1014 10000
a contact +37800 +38400 2004 1006 10000
a contact +37800 +38400 2005 1012 10000
a contact +37800 +38400 2018 1011 10000
a contact +37800 +38400 2062 1009 10000
a contact +37800 +38400 2105 1001 10000
a contact +37800 +38400 2106 1009 10000
a contact +37800 +38400 2107 1009 10000
a contact +37800 +38400 2116 1017 10000
a contact +37800 +38400 2120 1002 10000
a contact +37800 +38400 2149 1001 10000
a contact +37800 +38400 2161 1017 10000
a contact +37800 +38400 2162 1017 10000
a contact +37800 +38400 2164 1011 10000
a contact +37800 +38400 2165 1002 10000
a contact +37800 +38400 2193 1001 10000
a contact +37800 +38400 2206 1014 10000
a contact +37800 +38400 2208 1002 10000
a contact +37800 +38400 2211 1012 10000
a contact +37800 +38400 2212 1012 10000
a contact +37800 +38400 2215 1011 10000
a contact +37800 +38400 2216 1014 10000
a contact +37800 +38400 2221 1006 10000
a contact +37800 +38400 2222 1008 10000
a contact +37800 +38400 2223 1010 10000
a contact +37800 +38400 2224 1010 10000
a contact +37800 +38400 2225 1008 10000
a contact +37800 +38400 2226 1008 10000
a contact +37800 +38400 2227 1013 10000
a contact +37800 +38400 2228 1005 10000
a contact +37800 +38400 2229 1010 10000
a contact +37800 +38400 2230 1013 10000
a contact +37800 +38400 2231 1005 10000
a contact +37800 +38400 2232 1003 10000
a contact +37800 +38400 2233 1003 10000
a contact +37800 +38400 2234 1006 10000
a contact +37800 +38400 2236 1018 10000
a contact +37800 +38400 2237 1007 10000
a contact +37800 +38400 2239 1007 10000
a contact +37800 +38400 2240 1018 10000
a contact +37800 +38400 2241 1013 10000
a contact +37800 +38400 2242 1003 10000
a contact +37800 +38400 2243 1007 10000
a contact +37800 +38400 2246 1018 10000
a contact +37800 +38400 2248 1015 10000
a contact +37800 +38400 2249 1015 10000
a contact +37800 +38400 2251 1015 10000
a contact +38400 +39000 1016 9011 100000
a contact +38400 +39000 1016 9007 100000
a contact +38400 +39000 1016 9009 100000
a contact +38400 +39000 2002 1011 10000
a contact +38400 +39000 2003 1014 10000
a contact +38400 +39000 2005 1012 10000
a contact +38400 +39000 2008 1003 10000
a contact +38400 +39000 2036 1004 10000
a contact +38400 +39000 2062 1009 10000
a contact +38400 +39000 2080 1004 10000
a contact +38400 +39000 2105 1001 10000
a contact +38400 +39000 2106 1009 10000
a contact +38400 +39000 2107 1009 10000
a contact +38400 +39000 2116 1017 10000
a contact +38400 +39000 2120 1002 10000
a contact +38400 +39000 2124 1004 10000
a contact +38400 +39000 2149 1001 10000
a contact +38400 +39000 2161 1017 10000
a contact +38400 +39000 2162 1017 10000
a contact +38400 +39000 2165 1002 10000
a contact +38400 +39000 2193 1001 10000
a contact +38400 +39000 2206 1014 10000
a contact +38400 +39000 2208 1002 10000
a contact +38400 +39000 2211 1012 10000
a contact +38400 +39000 2212 1012 10000
a contact +38400 +39000 2215 1015 10000
a contact +38400 +39000 2216 1014 10000
a contact +38400 +39000 2217 1011 10000
a contact +38400 +39000 2218 1010 10000
a contact +38400 +39000 2219 1008 10000
a contact +38400 +39000 2220 1010 10000
a contact +38400 +39000 2221 1006 10000
a contact +38400 +39000 2222 1006 10000
a contact +38400 +39000 2223 1006 10000
a contact +38400 +39000 2224 1010 10000
a contact +38400 +39000 2225 1008 10000
a contact +38400 +39000 2226 1008 10000
a contact +38400 +39000 2227 1015 10000
a contact +38400 +39000 2228 1018 10000
a contact +38400 +39000 2229 1011 10000
a contact +38400 +39000 2230 1013 10000
a contact +38400 +39000 2231 1003 10000
a contact +38400 +39000 2232 1003 10000
a contact +38400 +39000 2233 1013 10000
a contact +38400 +39000 2234 1013 10000
a contact +38400 +39000 2235 1007 10000
a contact +38400 +39000 2236 1007 10000
a contact +38400 +39000 2237 1007 10000
a contact +38400 +39000 2238 1018 10000
a contact +38400 +39000 2239 1005 10000
a contact +38400 +39000 2240 1005 10000
a contact +38400 +39000 2242 1005 10000
a contact +38400 +39000 2243 1015 10000
a contact +38400 +39000 2245 1018 10000
a contact +39000 +39600 1008 9005 100000
a contact +39000 +39600 1008 9003 100000
a contact +39000 +39600 1008 9011 100000
a contact +39000 +39600 1011 9010 100000
a contact +39000 +39600 1011 9001 100000
a contact +39000 +39600 1011 9008 100000
a contact +39000 +39600 1014 9002 100000
a contact +39000 +39600 1014 9006 100000
a contact +39000 +39600 1014 9004 100000
a contact +39000 +39600 2008 1010 10000
a contact +39000 +39600 2009 1009 10000
a contact +39000 +39600 2036 1004 10000
a contact +39000 +39600 2080 1004 10000
a contact +39000 +39600 2102 1016 10000
a contact +39000 +39600 2105 1001 10000
a contact +39000 +39600 2116 1017 10000
a contact +39000 +39600 2124 1004 10000
a contact +39000 +39600 2126 1016 10000
a contact +39000 +39600 2149 1001 10000
a contact +39000 +39600 2161 1017 10000
a contact +39000 +39600 2162 1017 10000
a contact +39000 +39600 2170 1016 10000
a contact +39000 +39600 2193 1001 10000
a contact +39000 +39600 2205 1012 10000
a contact +39000 +39600 2207 1012 10000
a contact +39000 +39600 2209 1002 10000
a contact +39000 +39600 2210 1002 10000
a contact +39000 +39600 2213 1012 10000
a contact +39000 +39600 2214 1009 10000
a contact +39000 +39600 2219 1010 10000
a contact +39000 +39600 2220 1006 10000
a contact +39000 +39600 2221 1010 10000
a contact +39000 +39600 2222 1006 10000
a contact +39000 +39600 2223 1006 10000
a contact +39000 +39600 2224 1015 10000
a contact +39000 +39600 2225 1018 10000
a contact +39000 +39600 2226 1013 10000
a contact +39000 +39600 2227 1013 10000
a contact +39000 +39600 2228 1003 10000
a contact +39000 +39600 2229 1018 10000
a contact +39000 +39600 2230 1015 10000
a contact +39000 +39600 2231 1003 10000
a contact +39000 +39600 2232 1003 10000
a contact +39000 +39600 2233 1013 10000
a contact +39000 +39600 2234 1007 10000
a contact +39000 +39600 2235 1007 10000
a contact +39000 +39600 2236 1015 10000
a contact +39000 +39600 2237 1007 10000
a contact +39000 +39600 2238 1005 10000
a contact +39000 +39600 2239 1005 10000
a contact +39000 +39600 2240 1005 10000
a contact +39000 +39600 2241 1009 10000
a contact +39000 +39600 2244 1002 10000
a contact +39000 +39600 2245 1018 10000
a contact +39600 +40200 1008 9003 100000
a contact +39600 +40200 1008 9005 100000
a contact +39600 +40200 1008 9001 100000
a contact +39600 +40200 2007 1011 10000
a contact +39600 +40200 2008 1003 10000
a contact +39600 +40200 2009 1009 10000
a contact +39600 +40200 2011 1001 10000
a contact +39600 +40200 2028 1014 10000
a contact +39600 +40200 2029 1014 10000
a contact +39600 +40200 2030 1011 10000
a contact +39600 +40200 2036 1004 10000
a contact +39600 +40200 2057 1011 10000
a contact +39600 +40200 2074 1014 10000
a contact +39600 +40200 2080 1004 10000
a contact +39600 +40200 2102 1016 10000
a contact +39600 +40200 2124 1004 10000
a contact +39600 +40200 2126 1016 10000
a contact +39600 +40200 2170 1016 10000
a contact +39600 +40200 2208 1010 10000
a contact +39600 +40200 2209 1002 10000
a contact +39600 +40200 2210 1002 10000
a contact +39600 +40200 2211 1018 10000
a contact +39600 +40200 2212 1018 10000
a contact +39600 +40200 2213 1006 10000
a contact +39600 +40200 2214 1009 10000
a contact +39600 +40200 2215 1012 10000
a contact +39600 +40200 2216 1001 10000
a contact +39600 +40200 2217 1017 10000
a contact +39600 +40200 2218 1001 10000
a contact +39600 +40200 2219 1006 10000
a contact +39600 +40200 2220 1006 10000
a contact +39600 +40200 2221 1012 10000
a contact +39600 +40200 2222 1010 10000
a contact +39600 +40200 2223 1012 10000
a contact +39600 +40200 2224 1015 10000
a contact +39600 +40200 2225 1013 10000
a contact +39600 +40200 2226 1013 10000
a contact +39600 +40200 2227 1005 10000
a contact +39600 +40200 2228 1003 10000
a contact +39600 +40200 2229 1010 10000
a contact +39600 +40200 2230 1003 10000
a contact +39600 +40200 2231 1013 10000
a contact +39600 +40200 2232 1015 10000
a contact +39600 +40200 2233 1007 10000
a contact +39600 +40200 2234 1007 10000
a contact +39600 +40200 2235 1007 10000
a contact +39600 +40200 2236 1015 10000
a contact +39600 +40200 2237 1005 10000
a contact +39600 +40200 2238 1005 10000
a contact +39600 +40200 2239 1018 10000
a contact +39600 +40200 2241 1009 10000
a contact +39600 +40200 2243 1002 10000
a contact +39600 +40200 2249 1017 10000
a contact +39600 +40200 2252 1017 10000
a contact +40200 +40800 1008 9007 100000
a contact +40200 +40800 1008 9001 100000
a contact +40200 +40800 1008 9003 100000
a contact +40200 +40800 2007 1011 10000
a contact +40200 +40800 2008 1010 10000
a contact +40200 +40800 2009 1009 10000
a contact +40200 +40800 2010 1004 10000
a contact +40200 +40800 2011 1001 10000
a contact +40200 +40800 2028 1014 10000
a contact +40200 +40800 2030 1011 10000
a contact +40200 +40800 2057 1011 10000
a contact +40200 +40800 2074 1014 10000
a contact +40200 +40800 2102 1016 10000
a contact +40200 +40800 2170 1016 10000
a contact +40200 +40800 2200 1017 10000
a contact +40200 +40800 2201 1017 10000
a contact +40200 +40800 2202 1016 10000
a contact +40200 +40800 2203 1014 10000
a contact +40200 +40800 2204 1004 10000
a contact +40200 +40800 2205 1004 10000
a contact +40200 +40800 2206 1002 10000
a contact +40200 +40800 2207 1002 10000
a contact +40200 +40800 2209 1012 10000
a contact +40200 +40800 2210 1002 10000
a contact +40200 +40800 2211 1007 10000
a contact +40200 +40800 2212 1018 10000
a contact +40200 +40800 2213 1012 10000
a contact +40200 +40800 2214 1009 10000
a contact +40200 +40800 2215 1012 10000
a contact +40200 +40800 2216 1001 10000
a contact +40200 +40800 2217 1017 10000
a contact +40200 +40800 2218 1001 10000
a contact +40200 +40800 2219 1006 10000
a contact +40200 +40800 2220 1006 10000
a contact +40200 +40800 2221 1006 10000
a contact +40200 +40800 2222 1010 10000
a contact +40200 +40800 2223 1010 10000
a contact +40200 +40800 2224 1013 10000
a contact +40200 +40800 2225 1013 10000
a contact +40200 +40800 2226 1007 10000
a contact +40200 +40800 2227 1003 10000
a contact +40200 +40800 2228 1015 10000
a contact +40200 +40800 2229 1003 10000
a contact +40200 +40800 2230 1013 10000
a contact +40200 +40800 2231 1003 10000
a contact +40200 +40800 2232 1015 10000
a contact +40200 +40800 2233 1007 10000
a contact +40200 +40800 2234 1005 10000
a contact +40200 +40800 2235 1015 10000
a contact +40200 +40800 2236 1018 10000
a contact +40200 +40800 2237 1005 10000
a contact +40200 +40800 2239 1005 10000
a contact +40200 +40800 2241 1009 10000
a contact +40200 +40800 2244 1018 10000
a contact +40800 +41400 1008 9006 100000
a contact +40800 +41400 1008 9002 100000
a contact +40800 +41400 1008 9004 100000
a contact +40800 +41400 1013 9005 100000
a contact +40800 +41400 1013 9007 100000
a contact +40800 +41400 2001 1018 10000
a contact +40800 +41400 2002 1011 10000
a contact +40800 +41400 2010 1004 10000
a contact +40800 +41400 2011 1001 10000
a contact +40800 +41400 2030 1011 10000
a contact +40800 +41400 2057 1011 10000
a contact +40800 +41400 2074 1014 10000
a contact +40800 +41400 2197 1016 10000
a contact +40800 +41400 2198 1016 10000
a contact +40800 +41400 2199 1002 10000
a contact +40800 +41400 2200 1017 10000
a contact +40800 +41400 2201 1017 10000
a contact +40800 +41400 2202 1016 10000
a contact +40800 +41400 2203 1014 10000
a contact +40800 +41400 2204 1004 10000
a contact +40800 +41400 2205 1004 10000
a contact +40800 +41400 2206 1002 10000
a contact +40800 +41400 2207 1002 10000
a contact +40800 +41400 2208 1014 10000
a contact +40800 +41400 2209 1010 10000
a contact +40800 +41400 2210 1012 10000
a contact +40800 +41400 2211 1006 10000
a contact +40800 +41400 2212 1006 10000
a contact +40800 +41400 2213 1012 10000
a contact +40800 +41400 2214 1012 10000
a contact +40800 +41400 2215 1003 10000
a contact +40800 +41400 2216 1001 10000
a contact +40800 +41400 2217 1017 10000
a contact +40800 +41400 2218 1001 10000
a contact +40800 +41400 2219 1006 10000
a contact +40800 +41400 2220 1003 10000
a contact +40800 +41400 2222 1010 10000
a contact +40800 +41400 2223 1010 10000
a contact +40800 +41400 2227 1003 10000
a contact +40800 +41400 2229 1007 10000
a contact +40800 +41400 2230 1005 10000
a contact +40800 +41400 2231 1005 10000
a contact +40800 +41400 2232 1005 10000
a contact +40800 +41400 2233 1015 10000
a contact +40800 +41400 2234 1007 10000
a contact +40800 +41400 2235 1015 10000
a contact +40800 +41400 2237 1015 10000
a contact +40800 +41400 2238 1009 10000
a contact +40800 +41400 2239 1018 10000
a contact +40800 +41400 2240 1009 10000
a contact +40800 +41400 2241 1007 10000
a contact +40800 +41400 2242 1009 10000
a contact +40800 +41400 2243 1018 10000
a contact +40800 +42000 1013 9003 100000
a contact +41400 +42000 1013 9011 100000
a contact +41400 +42000 1013 9009 100000
a contact +41400 +42000 2009 1003 10000
a contact +41400 +42000 2010 1004 10000
a contact +41400 +42000 2084 1008 10000
a contact +41400 +42000 2128 1008 10000
a contact +41400 +42000 2160 1008 10000
a contact +41400 +42000 2194 1010 10000
a contact +41400 +42000 2195 1001 10000
a contact +41400 +42000 2196 1011 10000
a contact +41400 +42000 2197 1016 10000
a contact +41400 +42000 2198 1016 10000
a contact +41400 +42000 2199 1002 10000
a contact +41400 +42000 2200 1017 10000
a contact +41400 +42000 2201 1017 10000
a contact +41400 +42000 2202 1016 10000
a contact +41400 +42000 2203 1014 10000
a contact +41400 +42000 2204 1004 10000
a contact +41400 +42000 2205 1004 10000
a contact +41400 +42000 2206 1002 10000
a contact +41400 +42000 2207 1002 10000
a contact +41400 +42000 2209 1012 10000
a contact +41400 +42000 2210 1012 10000
a contact +41400 +42000 2211 1007 10000
a contact +41400 +42000 2212 1006 10000
a contact +41400 +42000 2213 1015 10000
a contact +41400 +42000 2214 1012 10000
a contact +41400 +42000 2215 1006 10000
a contact +41400 +42000 2216 1003 10000
a contact +41400 +42000 2217 1010 10000
a contact +41400 +42000 2218 1006 10000
a contact +41400 +42000 2219 1005 10000
a contact +41400 +42000 2220 1010 10000
a contact +41400 +42000 2221 1001 10000
a contact +41400 +42000 2222 1015 10000
a contact +41400 +42000 2223 1018 10000
a contact +41400 +42000 2224 1011 10000
a contact +41400 +42000 2226 1017 10000
a contact +41400 +42000 2227 1003 10000
a contact +41400 +42000 2228 1014 10000
a contact +41400 +42000 2229 1007 10000
a contact +41400 +42000 2230 1005 10000
a contact +41400 +42000 2231 1005 10000
a contact +41400 +42000 2233 1015 10000
a contact +41400 +42000 2235 1018 10000
a contact +41400 +42000 2236 1009 10000
a contact +41400 +42000 2237 1018 10000
a contact +41400 +42000 2238 1009 10000
a contact +41400 +42000 2240 1007 10000
a contact +41400 +42000 2242 1009 10000
a contact +41400 +42600 2002 1011 10000
a contact +42000 +42600 2005 1003 10000
a contact +42000 +42600 2010 1004 10000
a contact +42000 +42600 2011 1003 10000
a contact +42000 +42600 2062 1013 10000
a contact +42000 +42600 2084 1008 10000
a contact +42000 +42600 2128 1008 10000
a contact +42000 +42600 2158 1013 10000
a contact +42000 +42600 2160 1008 10000
a contact +42000 +42600 2179 1013 10000
a contact +42000 +42600 2195 1001 10000
a contact +42000 +42600 2196 1011 10000
a contact +42000 +42600 2197 1016 10000
a contact +42000 +42600 2198 1016 10000
a contact +42000 +42600 2199 1002 10000
a contact +42000 +42600 2200 1017 10000
a contact +42000 +42600 2201 1017 10000
a contact +42000 +42600 2202 1016 10000
a contact +42000 +42600 2203 1014 10000
a contact +42000 +42600 2204 1004 10000
a contact +42000 +42600 2205 1004 10000
a contact +42000 +42600 2206 1002 10000
a contact +42000 +42600 2207 1002 10000
a contact +41400 +42600 2208 1014 10000
a contact +42000 +42600 2209 1012 10000
a contact +42000 +42600 2210 1012 10000
a contact +42000 +42600 2211 1006 10000
a contact +42000 +42600 2212 1006 10000
a contact +42000 +42600 2213 1005 10000
a contact +42000 +42600 2214 1003 10000
a contact +42000 +42600 2215 1010 10000
a contact +42000 +42600 2216 1006 10000
a contact +42000 +42600 2217 1010 10000
a contact +42000 +42600 2218 1010 10000
a contact +42000 +42600 2219 1005 10000
a contact +42000 +42600 2220 1012 10000
a contact +42000 +42600 2221 1001 10000
a contact +42000 +42600 2222 1015 10000
a contact +42000 +42600 2223 1018 10000
a contact +42000 +42600 2224 1011 10000
a contact +41400 +42600 2225 1001 10000
a contact +42000 +42600 2226 1017 10000
a contact +42000 +42600 2227 1007 10000
a contact +42000 +42600 2228 1014 10000
a contact +42000 +42600 2229 1007 10000
a contact +42000 +42600 2230 1005 10000
a contact +42000 +42600 2231 1015 10000
a contact +42000 +42600 2233 1015 10000
a contact +42000 +42600 2235 1018 10000
a contact +42000 +42600 2236 1009 10000
a contact +42000 +42600 2237 1018 10000
a contact +42000 +42600 2238 1009 10000
a contact +42000 +42600 2240 1007 10000
a contact +42000 +42600 2247 1009 10000
a contact +42600 +43200 2002 1011 10000
a contact +42600 +43200 2008 1012 10000
a contact +42600 +43200 2010 1004 10000
a contact +42600 +43200 2012 1003 10000
a contact +42600 +43200 2062 1013 10000
a contact +42600 +43200 2084 1008 10000
a contact +42600 +43200 2128 1008 10000
a contact +42600 +43200 2158 1013 10000
a contact +42600 +43200 2160 1008 10000
a contact +42600 +43200 2192 1005 10000
a contact +42600 +43200 2193 1011 10000
a contact +42600 +43200 2194 1010 10000
a contact +42600 +43200 2195 1001 10000
a contact +42600 +43200 2196 1011 10000
a contact +42600 +43200 2197 1016 10000
a contact +42600 +43200 2198 1016 10000
a contact +42600 +43200 2199 1002 10000
a contact +42600 +43200 2200 1017 10000
a contact +42600 +43200 2201 1017 10000
a contact +42600 +43200 2202 1016 10000
a contact +42600 +43200 2203 1014 10000
a contact +42600 +43200 2204 1004 10000
a contact +42600 +43200 2205 1004 10000
a contact +42600 +43200 2206 1002 10000
a contact +42600 +43200 2207 1002 10000
a contact +42600 +43200 2208 1014 10000
a contact +42600 +43200 2209 1010 10000
a contact +42600 +43200 2210 1015 10000
a contact +42600 +43200 2211 1006 10000
a contact +42600 +43200 2212 1005 10000
a contact +42600 +43200 2213 1007 10000
a contact +42600 +43200 2214 1015 10000
a contact +42600 +43200 2215 1010 10000
a contact +42600 +43200 2216 1006 10000
a contact +42600 +43200 2217 1006 10000
a contact +42600 +43200 2218 1005 10000
a contact +42600 +43200 2219 1012 10000
a contact +42600 +43200 2220 1012 10000
a contact +42600 +43200 2221 1001 10000
a contact +42600 +43200 2222 1007 10000
a contact +42600 +43200 2224 1003 10000
a contact +42600 +43200 2225 1001 10000
a contact +42600 +43200 2226 1017 10000
a contact +42600 +43200 2227 1007 10000
a contact +42600 +43200 2228 1014 10000
a contact +42600 +43200 2230 1018 10000
a contact +42600 +43200 2231 1015 10000
a contact +42600 +43200 2234 1013 10000
a contact +42600 +43200 2235 1018 10000
a contact +42600 +43200 2236 1009 10000
a contact +42600 +43200 2237 1018 10000
a contact +42600 +43200 2238 1009 10000
a contact +42600 +43200 2244 1003 10000
a contact +42600 +43200 2247 1009 10000
a contact +43200 +43800 1005 9003 100000
a contact +43200 +43800 1005 9001 100000
a contact +43200 +43800 1005 9007 100000
a contact +43200 +43800 2002 1007 10000
a contact +43200 +43800 2009 1012 10000
a contact +43200 +43800 2158 1013 10000
a contact +43200 +43800 2177 1001 10000
a contact +43200 +43800 2178 1017 10000
a contact +43200 +43800 2179 1017 10000
a contact +43200 +43800 2180 1016 10000
a contact +43200 +43800 2181 1016 10000
a contact +43200 +43800 2182 1016 10000
a contact +43200 +43800 2183 1004 10000
a contact +43200 +43800 2184 1014 10000
a contact +43200 +43800 2185 1004 10000
a contact +43200 +43800 2186 1014 10000
a contact +43200 +43800 2187 1011 10000
a contact +43200 +43800 2188 1008 10000
a contact +43200 +43800 2189 1008 10000
a contact +43200 +43800 2190 1008 10000
a contact +43200 +43800 2191 1004 10000
a contact +43200 +43800 2193 1011 10000
a contact +43200 +43800 2195 1001 10000
a contact +43200 +43800 2209 1010 10000
a contact +43200 +43800 2210 1018 10000
a contact +43200 +43800 2211 1009 10000
a contact +43200 +43800 2212 1015 10000
a contact +43200 +43800 2213 1003 10000
a contact +43200 +43800 2214 1006 10000
a contact +43200 +43800 2215 1003 10000
a contact +43200 +43800 2216 1003 10000
a contact +43200 +43800 2217 1006 10000
a contact +43200 +43800 2218 1012 10000
a contact +43200 +43800 2219 1010 10000
a contact +43200 +43800 2220 1012 10000
a contact +43200 +43800 2221 1010 10000
a contact +43200 +43800 2222 1007 10000
a contact +43200 +43800 2223 1011 10000
a contact +43200 +43800 2224 1015 10000
a contact +43200 +43800 2225 1006 10000
a contact +43200 +43800 2226 1002 10000
a contact +43200 +43800 2227 1007 10000
a contact +43200 +43800 2228 1018 10000
a contact +43200 +43800 2229 1013 10000
a contact +43200 +43800 2230 1015 10000
a contact +43200 +43800 2231 1002 10000
a contact +43200 +43800 2232 1001 10000
a contact +43200 +43800 2233 1014 10000
a contact +43200 +43800 2234 1013 10000
a contact +43200 +43800 2235 1009 10000
a contact +43200 +43800 2236 1018 10000
a contact +43200 +43800 2238 1002 10000
a contact +43200 +43800 2240 1009 10000
a contact +43800 +44400 1001 9008 100000
a contact +43800 +44400 1001 9012 100000
a contact +43800 +44400 1001 9002 100000
a contact +43800 +44400 2004 1014 10000
a contact +43800 +44400 2009 1012 10000
a contact +43800 +44400 2012 1005 10000
a contact +43800 +44400 2090 1005 10000
a contact +43800 +44400 2100 1005 10000
a contact +43800 +44400 2158 1013 10000
a contact +43800 +44400 2178 1017 10000
a contact +43800 +44400 2179 1017 10000
a contact +43800 +44400 2180 1016 10000
a contact +43800 +44400 2181 1016 10000
a contact +43800 +44400 2182 1016 10000
a contact +43800 +44400 2183 1004 10000
a contact +43800 +44400 2184 1014 10000
a contact +43800 +44400 2187 1011 10000
a contact +43800 +44400 2188 1008 10000
a contact +43800 +44400 2189 1008 10000
a contact +43800 +44400 2190 1008 10000
a contact +43800 +44400 2191 1004 10000
a contact +43800 +44400 2193 1011 10000
a contact +43800 +44400 2206 1004 10000
a contact +43800 +44400 2207 1012 10000
a contact +43800 +44400 2208 1010 10000
a contact +43800 +44400 2209 1003 10000
a contact +43800 +44400 2210 1003 10000
a contact +43800 +44400 2211 1018 10000
a contact +43800 +44400 2212 1003 10000
a contact +43800 +44400 2213 1007 10000
a contact +43800 +44400 2214 1015 10000
a contact +43800 +44400 2215 1006 10000
a contact +43800 +44400 2216 1006 10000
a contact +43800 +44400 2217 1012 10000
a contact +43800 +44400 2218 1010 10000
a contact +43800 +44400 2219 1015 10000
a contact +43800 +44400 2220 1009 10000
a contact +43800 +44400 2221 1010 10000
a contact +43800 +44400 2222 1009 10000
a contact +43800 +44400 2223 1011 10000
a contact +43800 +44400 2224 1007 10000
a contact +43800 +44400 2225 1007 10000
a contact +43800 +44400 2226 1006 10000
a contact +43800 +44400 2227 1015 10000
a contact +43800 +44400 2228 1018 10000
a contact +43800 +44400 2229 1013 10000
a contact +43800 +44400 2230 1018 10000
a contact +43800 +44400 2231 1002 10000
a contact +43800 +44400 2232 1009 10000
a contact +43800 +44400 2233 1014 10000
a contact +43800 +44400 2234 1013 10000
a contact +43800 +44400 2235 1002 10000
a contact +43800 +44400 2236 1002 10000
a contact +43200 +44400 2256 1017 10000
a contact +44400 +45000 1003 9003 100000
a contact +44400 +45000 1003 9011 100000
a contact +44400 +45000 1003 9007 100000
a contact +44400 +45000 1010 9001 100000
a contact +44400 +45000 1010 9009 100000
a contact +44400 +45000 1010 9005 100000
a contact +44400 +45000 2004 1014 10000
a contact +44400 +45000 2005 1013 10000
a contact +44400 +45000 2009 1006 10000
a contact +44400 +45000 2012 1005 10000
a contact +44400 +45000 2090 1005 10000
a contact +44400 +45000 2100 1005 10000
a contact +44400 +45000 2101 1001 10000
a contact +44400 +45000 2144 1001 10000
a contact +44400 +45000 2167 1001 10000
a contact +44400 +45000 2180 1016 10000
a contact +44400 +45000 2181 1016 10000
a contact +44400 +45000 2182 1016 10000
a contact +44400 +45000 2183 1004 10000
a contact +44400 +45000 2184 1014 10000
a contact +44400 +45000 2187 1011 10000
a contact +44400 +45000 2188 1008 10000
a contact +44400 +45000 2189 1008 10000
a contact +44400 +45000 2190 1008 10000
a contact +44400 +45000 2191 1004 10000
a contact +44400 +45000 2202 1011 10000
a contact +44400 +45000 2203 1004 10000
a contact +44400 +45000 2204 1014 10000
a contact +44400 +45000 2205 1013 10000
a contact +44400 +45000 2207 1006 10000
a contact +44400 +45000 2208 1012 10000
a contact +44400 +45000 2214 1018 10000
a contact +44400 +45000 2215 1007 10000
a contact +44400 +45000 2217 1006 10000
a contact +44400 +45000 2218 1012 10000
a contact +44400 +45000 2219 1012 10000
a contact +44400 +45000 2220 1002 10000
a contact +44400 +45000 2221 1018 10000
a contact +44400 +45000 2222 1017 10000
a contact +44400 +45000 2223 1011 10000
a contact +44400 +45000 2224 1007 10000
a contact +44400 +45000 2225 1015 10000
a contact +44400 +45000 2226 1018 10000
a contact +44400 +45000 2227 1015 10000
a contact +44400 +45000 2228 1017 10000
a contact +44400 +45000 2229 1013 10000
a contact +44400 +45000 2230 1009 10000
a contact +44400 +45000 2232 1009 10000
a contact +44400 +45000 2233 1007 10000
a contact +44400 +45000 2234 1009 10000
a contact +44400 +45000 2235 1002 10000
a contact +44400 +45000 2236 1002 10000
a contact +44400 +45000 2237 1017 10000
a contact +44400 +45000 2239 1015 10000
a contact +45000 +45600 1003 9001 100000
a contact +45000 +45600 1003 9009 100000
a contact +45000 +45600 1003 9005 100000
a contact +45000 +45600 1010 9003 100000
a contact +45000 +45600 1010 9011 100000
a contact +45000 +45600 1010 9007 100000
a contact +45000 +45600 1016 9006 100000
a contact +45000 +45600 1016 9002 100000
a contact +45000 +45600 1016 9004 100000
a contact +45000 +45600 2003 1018 10000
a contact +45000 +45600 2004 1014 10000
a contact +45000 +45600 2005 1013 10000
a contact +45000 +45600 2008 1005 10000
a contact +45000 +45600 2101 1001 10000
a contact +45000 +45600 2144 1001 10000
a contact +45000 +45600 2167 1001 10000
a contact +45000 +45600 2200 1012 10000
a contact +45000 +45600 2201 1008 10000
a contact +45000 +45600 2202 1011 10000
a contact +45000 +45600 2203 1015 10000
a contact +45000 +45600 2204 1014 10000
a contact +45000 +45600 2205 1013 10000
a contact +45000 +45600 2206 1012 10000
a contact +45000 +45600 2207 1012 10000
a contact +45000 +45600 2208 1006 10000
a contact +45000 +45600 2209 1007 10000
a contact +45000 +45600 2210 1008 10000
a contact +45000 +45600 2211 1008 10000
a contact +45000 +45600 2212 1011 10000
a contact +45000 +45600 2213 1011 10000
a contact +45000 +45600 2214 1018 10000
a contact +45000 +45600 2215 1006 10000
a contact +45000 +45600 2216 1013 10000
a contact +45000 +45600 2217 1015 10000
a contact +45000 +45600 2218 1006 10000
a contact +45000 +45600 2219 1017 10000
a contact +45000 +45600 2220 1004 10000
a contact +45000 +45600 2221 1004 10000
a contact +45000 +45600 2222 1004 10000
a contact +45000 +45600 2223 1018 10000
a contact +45000 +45600 2224 1007 10000
a contact +45000 +45600 2225 1007 10000
a contact +45000 +45600 2226 1005 10000
a contact +45000 +45600 2227 1009 10000
a contact +45000 +45600 2228 1005 10000
a contact +45000 +45600 2229 1002 10000
a contact +45000 +45600 2230 1002 10000
a contact +45000 +45600 2231 1014 10000
a contact +45000 +45600 2232 1009 10000
a contact +45000 +45600 2233 1009 10000
a contact +45000 +45600 2235 1017 10000
a contact +45000 +45600 2236 1002 10000
a contact +45000 +45600 2237 1017 10000
a contact +45000 +45600 2239 1015 10000
a contact +45600 +46200 1005 9001 100000
a contact +45600 +46200 1005 9003 100000
a contact +45600 +46200 1005 9011 100000
a contact +45600 +46200 1013 9002 100000
a contact +45600 +46200 1013 9006 100000
a contact +45600 +46200 1013 9004 100000
a contact +45600 +46200 1018 9009 100000
a contact +45600 +46200 1018 9005 100000
a contact +45600 +46200 1018 9007 100000
a contact +45600 +46200 2003 1006 10000
a contact +45600 +46200 2005 1006 10000
a contact +45600 +46200 2006 1016 10000
a contact +45600 +46200 2007 1016 10000
a contact +45600 +46200 2014 1008 10000
a contact +45600 +46200 2024 1003 10000
a contact +45600 +46200 2031 1016 10000
a contact +45600 +46200 2097 1003 10000
a contact +45600 +46200 2101 1001 10000
a contact +45600 +46200 2120 1010 10000
a contact +45600 +46200 2141 1010 10000
a contact +45600 +46200 2144 1001 10000
a contact +45600 +46200 2164 1010 10000
a contact +45600 +46200 2167 1001 10000
a contact +45600 +46200 2185 1003 10000
a contact +45600 +46200 2198 1012 10000
a contact +45600 +46200 2201 1008 10000
a contact +45600 +46200 2209 1007 10000
a contact +45600 +46200 2210 1015 10000
a contact +45600 +46200 2211 1008 10000
a contact +45600 +46200 2212 1011 10000
a contact +45600 +46200 2213 1007 10000
a contact +45600 +46200 2214 1015 10000
a contact +45600 +46200 2215 1012 10000
a contact +45600 +46200 2216 1012 10000
a contact +45600 +46200 2217 1015 10000
a contact +45600 +46200 2218 1006 10000
a contact +45600 +46200 2219 1004 10000
a contact +45600 +46200 2220 1004 10000
a contact +45600 +46200 2221 1004 10000
a contact +45600 +46200 2222 1002 10000
a contact +45600 +46200 2223 1002 10000
a contact +45600 +46200 2224 1011 10000
a contact +45600 +46200 2225 1007 10000
a contact +45600 +46200 2226 1011 10000
a contact +45600 +46200 2227 1009 10000
a contact +45600 +46200 2228 1009 10000
a contact +45600 +46200 2229 1009 10000
a contact +45600 +46200 2230 1002 10000
a contact +45600 +46200 2231 1014 10000
a contact +45600 +46200 2232 1014 10000
a contact +45600 +46200 2234 1017 10000
a contact +45600 +46200 2235 1017 10000
a contact +45600 +46200 2236 1014 10000
a contact +45600 +46200 2237 1017 10000
a contact +46200 +46800 1008 9008 100000
a contact +46200 +46800 1008 9010 100000
a contact +46200 +46800 1008 9002 100000
a contact +46200 +46800 1011 9012 100000
a contact +46200 +46800 1011 9004 100000
a contact +46200 +46800 1011 9006 100000
a contact +46200 +46800 1018 9001 100000
a contact +46200 +46800 1018 9007 100000
a contact +46200 +46800 1018 9009 100000
a contact +46200 +46800 2006 1016 10000
a contact +46200 +46800 2007 1016 10000
a contact +46200 +46800 2008 1013 10000
a contact +46200 +46800 2014 1006 10000
a contact +46200 +46800 2024 1003 10000
a contact +46200 +46800 2031 1016 10000
a contact +46200 +46800 2051 1005 10000
a contact +46200 +46800 2076 1013 10000
a contact +46200 +46800 2095 1005 10000
a contact +46200 +46800 2096 1005 10000
a contact +46200 +46800 2097 1003 10000
a contact +46200 +46800 2120 1010 10000
a contact +46200 +46800 2141 1010 10000
a contact +46200 +46800 2164 1010 10000
a contact +46200 +46800 2176 1013 10000
a contact +46200 +46800 2185 1003 10000
a contact +46200 +46800 2200 1001 10000
a contact +46200 +46800 2202 1001 10000
a contact +46200 +46800 2206 1012 10000
a contact +46200 +46800 2207 1006 10000
a contact +46200 +46800 2208 1001 10000
a contact +46200 +46800 2209 1006 10000
a contact +46200 +46800 2210 1007 10000
a contact +46200 +46800 2212 1007 10000
a contact +46200 +46800 2215 1007 10000
a contact +46200 +46800 2216 1012 10000
a contact +46200 +46800 2217 1009 10000
a contact +46200 +46800 2218 1012 10000
a contact +46200 +46800 2219 1004 10000
a contact +46200 +46800 2220 1004 10000
a contact +46200 +46800 2221 1004 10000
a contact +46200 +46800 2222 1009 10000
a contact +46200 +46800 2223 1017 10000
a contact +46200 +46800 2224 1002 10000
a contact +46200 +46800 2225 1015 10000
a contact +46200 +46800 2226 1015 10000
a contact +46200 +46800 2227 1017 10000
a contact +46200 +46800 2228 1002 10000
a contact +46200 +46800 2229 1002 10000
a contact +46200 +46800 2230 1014 10000
a contact +46200 +46800 2231 1014 10000
a contact +46200 +46800 2232 1014 10000
a contact +46200 +46800 2234 1017 10000
a contact +46200 +46800 2235 1009 10000
a contact +46200 +46800 2237 1015 10000
a contact +46800 +47400 1007 9011 100000
a contact +46800 +47400 1007 9009 100000
a contact +46800 +47400 1007 9003 100000
a contact +46800 +47400 1010 9007 100000
a contact +46800 +47400 1010 9002 100000
a contact +46800 +47400 1010 9004 100000
a contact +46800 +47400 2003 1011 10000
a contact +46800 +47400 2006 1016 10000
a contact +46800 +47400 2007 1016 10000
a contact +46800 +47400 2008 1013 10000
a contact +46800 +47400 2009 1006 10000
a contact +46800 +47400 2013 1006 10000
a contact +46800 +47400 2021 1018 10000
a contact +46800 +47400 2024 1003 10000
a contact +46800 +47400 2031 1016 10000
a contact +46800 +47400 2046 1011 10000
a contact +46800 +47400 2051 1005 10000
a contact +46800 +47400 2065 1018 10000
a contact +46800 +47400 2076 1013 10000
a contact +46800 +47400 2087 1008 10000
a contact +46800 +47400 2089 1011 10000
a contact +46800 +47400 2095 1005 10000
a contact +46800 +47400 2096 1005 10000
a contact +46800 +47400 2109 1018 10000
a contact +46800 +47400 2135 1008 10000
a contact +46800 +47400 2176 1013 10000
a contact +46800 +47400 2179 1008 10000
a contact +46800 +47400 2185 1003 10000
a contact +46800 +47400 2200 1001 10000
a contact +46800 +47400 2204 1006 10000
a contact +46800 +47400 2205 1012 10000
a contact +46800 +47400 2206 1012 10000
a contact +46800 +47400 2208 1001 10000
a contact +46800 +47400 2213 1003 10000
a contact +46800 +47400 2214 1001 10000
a contact +46800 +47400 2216 1012 10000
a contact +46800 +47400 2217 1004 10000
a contact +46800 +47400 2218 1004 10000
a contact +46800 +47400 2219 1004 10000
a contact +46800 +47400 2220 1002 10000
a contact +46800 +47400 2221 1002 10000
a contact +46800 +47400 2222 1017 10000
a contact +46800 +47400 2223 1014 10000
a contact +46800 +47400 2224 1014 10000
a contact +46800 +47400 2225 1015 10000
a contact +46800 +47400 2226 1015 10000
a contact +46800 +47400 2227 1017 10000
a contact +46800 +47400 2228 1009 10000
a contact +46800 +47400 2230 1002 10000
a contact +46800 +47400 2232 1014 10000
a contact +46800 +47400 2233 1017 10000
a contact +46800 +47400 2234 1009 10000
a contact +46800 +47400 2235 1009 10000
a contact +46800 +47400 2237 1015 10000
a contact +47400 +48000 1007 9009 100000
a contact +47400 +48000 1007 9011 100000
a contact +47400 +48000 1007 9005 100000
a contact +47400 +48000 2003 1011 10000
a contact +47400 +48000 2008 1013 10000
a contact +47400 +48000 2010 1006 10000
a contact +47400 +48000 2013 1012 10000
a contact +47400 +48000 2021 1018 10000
a contact +47400 +48000 2041 1010 10000
a contact +47400 +48000 2042 1010 10000
a contact +47400 +48000 2046 1011 10000
a contact +47400 +48000 2051 1005 10000
a contact +47400 +48000 2065 1018 10000
a contact +47400 +48000 2076 1013 10000
a contact +47400 +48000 2087 1008 10000
a contact +47400 +48000 2089 1011 10000
a contact +47400 +48000 2096 1005 10000
a contact +47400 +48000 2109 1018 10000
a contact +47400 +48000 2111 1010 10000
a contact +47400 +48000 2135 1008 10000
a contact +47400 +48000 2176 1013 10000
a contact +47400 +48000 2179 1008 10000
a contact +47400 +48000 2200 1001 10000
a contact +47400 +48000 2203 1012 10000
a contact +47400 +48000 2205 1012 10000
a contact +47400 +48000 2206 1006 10000
a contact +47400 +48000 2207 1006 10000
a contact +47400 +48000 2208 1001 10000
a contact +47400 +48000 2209 1003 10000
a contact +47400 +48000 2210 1017 10000
a contact +47400 +48000 2211 1004 10000
a contact +47400 +48000 2212 1003 10000
a contact +47400 +48000 2213 1003 10000
a contact +47400 +48000 2214 1001 10000
a contact +47400 +48000 2215 1016 10000
a contact +47400 +48000 2216 1004 10000
a contact +47400 +48000 2217 1004 10000
a contact +47400 +48000 2218 1015 10000
a contact +47400 +48000 2219 1015 10000
a contact +47400 +48000 2220 1014 10000
a contact +47400 +48000 2221 1017 10000
a contact +47400 +48000 2222 1002 10000
a contact +47400 +48000 2223 1014 10000
a contact +47400 +48000 2224 1014 10000
a contact +47400 +48000 2225 1002 10000
a contact +47400 +48000 2226 1015 10000
a contact +47400 +48000 2227 1009 10000
a contact +47400 +48000 2228 1002 10000
a contact +47400 +48000 2231 1016 10000
a contact +47400 +48000 2233 1009 10000
a contact +47400 +48000 2234 1009 10000
a contact +47400 +48000 2235 1017 10000
a contact +48000 +48600 2003 1011 10000
a contact +48000 +48600 2008 1013 10000
a contact +48000 +48600 2009 1005 10000
a contact +48000 +48600 2013 1002 10000
a contact +48000 +48600 2021 1018 10000
a contact +48000 +48600 2041 1010 10000
a contact +48000 +48600 2042 1010 10000
a contact +48000 +48600 2046 1011 10000
a contact +48000 +48600 2065 1018 10000
a contact +48000 +48600 2076 1013 10000
a contact +48000 +48600 2087 1008 10000
a contact +48000 +48600 2089 1011 10000
a contact +48000 +48600 2093 1007 10000
a contact +47400 +48600 2095 1005 10000
a contact +48000 +48600 2109 1018 10000
a contact +48000 +48600 2111 1010 10000
a contact +48000 +48600 2115 1007 10000
a contact +48000 +48600 2135 1008 10000
a contact +48000 +48600 2136 1007 10000
a contact +48000 +48600 2176 1013 10000
a contact +48000 +48600 2179 1008 10000
a contact +48000 +48600 2199 1012 10000
a contact +48000 +48600 2200 1012 10000
a contact +48000 +48600 2201 1012 10000
a contact +48000 +48600 2202 1005 10000
a contact +48000 +48600 2203 1006 10000
a contact +48000 +48600 2204 1015 10000
a contact +48000 +48600 2205 1006 10000
a contact +48000 +48600 2206 1006 10000
a contact +48000 +48600 2207 1017 10000
a contact +48000 +48600 2208 1001 10000
a contact +48000 +48600 2209 1003 10000
a contact +48000 +48600 2210 1015 10000
a contact +48000 +48600 2211 1004 10000
a contact +48000 +48600 2212 1003 10000
a contact +48000 +48600 2213 1003 10000
a contact +48000 +48600 2214 1001 10000
a contact +48000 +48600 2215 1016 10000
a contact +48000 +48600 2216 1004 10000
a contact +48000 +48600 2217 1015 10000
a contact +48000 +48600 2218 1004 10000
a contact +48000 +48600 2219 1014 10000
a contact +48000 +48600 2220 1009 10000
a contact +48000 +48600 2221 1009 10000
a contact +48000 +48600 2222 1014 10000
a contact +48000 +48600 2223 1017 10000
a contact +48000 +48600 2224 1002 10000
a contact +48000 +48600 2225 1014 10000
a contact +48000 +48600 2228 1002 10000
a contact +47400 +48600 2229 1016 10000
a contact +48000 +48600 2231 1016 10000
a contact +48000 +48600 2232 1001 10000
a contact +48000 +48600 2233 1009 10000
a contact +48000 +48600 2234 1017 10000
a contact +48600 +49200 1015 9009 100000
a contact +48600 +49200 1015 9005 100000
a contact +48600 +49200 2009 1005 10000
a contact +48600 +49200 2010 1003 10000
a contact +48600 +49200 2013 1006 10000
a contact +48600 +49200 2041 1010 10000
a contact +48600 +49200 2042 1010 10000
a contact +48600 +49200 2093 1007 10000
a contact +48600 +49200 2115 1007 10000
a contact +48600 +49200 2136 1007 10000
a contact +48600 +49200 2185 1016 10000
a contact +48600 +49200 2186 1013 10000
a contact +48600 +49200 2187 1013 10000
a contact +48600 +49200 2188 1013 10000
a contact +48600 +49200 2189 1011 10000
a contact +48600 +49200 2190 1011 10000
a contact +48600 +49200 2191 1011 10000
a contact +48600 +49200 2192 1010 10000
a contact +48600 +49200 2193 1008 10000
a contact +48600 +49200 2194 1008 10000
a contact +48600 +49200 2195 1003 10000
a contact +48600 +49200 2196 1008 10000
a contact +48600 +49200 2197 1001 10000
a contact +48600 +49200 2198 1001 10000
a contact +48600 +49200 2200 1012 10000
a contact +48600 +49200 2201 1006 10000
a contact +48600 +49200 2202 1005 10000
a contact +48600 +49200 2203 1012 10000
a contact +48600 +49200 2204 1006 10000
a contact +48600 +49200 2208 1012 10000
a contact +48600 +49200 2209 1003 10000
a contact +48600 +49200 2213 1004 10000
a contact +48600 +49200 2214 1004 10000
a contact +48600 +49200 2215 1016 10000
a contact +48600 +49200 2216 1017 10000
a contact +48600 +49200 2217 1009 10000
a contact +48600 +49200 2218 1004 10000
a contact +48600 +49200 2219 1014 10000
a contact +48600 +49200 2220 1009 10000
a contact +48600 +49200 2221 1009 10000
a contact +48600 +49200 2222 1014 10000
a contact +48600 +49200 2223 1002 10000
a contact +48600 +49200 2224 1017 10000
a contact +48600 +49200 2225 1002 10000
a contact +48600 +49200 2226 1005 10000
a contact +48600 +49200 2227 1018 10000
a contact +48600 +49200 2229 1002 10000
a contact +48600 +49200 2230 1016 10000
a contact +48600 +49200 2232 1001 10000
a contact +48600 +49200 2233 1017 10000
a contact +48600 +49200 2234 1014 10000
a contact +48600 +49200 2240 1018 10000
a contact +48600 +49200 2241 1018 10000
a contact +49200 +49800 1015 9011 100000
a contact +49200 +49800 1015 9009 100000
a contact +48600 +49800 1015 9007 100000
a contact +49200 +49800 2010 1003 10000
a contact +49200 +49800 2012 1003 10000
a contact +49200 +49800 2013 1012 10000
a contact +49200 +49800 2093 1007 10000
a contact +49200 +49800 2115 1007 10000
a contact +49200 +49800 2136 1007 10000
a contact +49200 +49800 2185 1016 10000
a contact +49200 +49800 2186 1013 10000
a contact +49200 +49800 2187 1013 10000
a contact +49200 +49800 2188 1013 10000
a contact +49200 +49800 2189 1011 10000
a contact +49200 +49800 2190 1011 10000
a contact +49200 +49800 2191 1011 10000
a contact +49200 +49800 2192 1010 10000
a contact +49200 +49800 2193 1008 10000
a contact +49200 +49800 2194 1008 10000
a contact +49200 +49800 2195 1003 10000
a contact +49200 +49800 2196 1008 10000
a contact +49200 +49800 2197 1001 10000
a contact +49200 +49800 2198 1001 10000
a contact +49200 +49800 2199 1012 10000
a contact +49200 +49800 2200 1006 10000
a contact +49200 +49800 2201 1006 10000
a contact +49200 +49800 2202 1005 10000
a contact +49200 +49800 2203 1012 10000
a contact +49200 +49800 2205 1010 10000
a contact +49200 +49800 2206 1010 10000
a contact +49200 +49800 2207 1005 10000
a contact +49200 +49800 2208 1006 10000
a contact +49200 +49800 2210 1018 10000
a contact +49200 +49800 2211 1016 10000
a contact +49200 +49800 2213 1009 10000
a contact +49200 +49800 2214 1004 10000
a contact +49200 +49800 2215 1004 10000
a contact +49200 +49800 2216 1004 10000
a contact +49200 +49800 2217 1002 10000
a contact +49200 +49800 2218 1014 10000
a contact +49200 +49800 2219 1017 10000
a contact +49200 +49800 2220 1002 10000
a contact +49200 +49800 2221 1009 10000
a contact +49200 +49800 2222 1017 10000
a contact +49200 +49800 2223 1014 10000
a contact +49200 +49800 2224 1014 10000
a contact +49200 +49800 2225 1002 10000
a contact +49200 +49800 2226 1005 10000
a contact +49200 +49800 2227 1018 10000
a contact +49200 +49800 2228 1016 10000
a contact +49200 +49800 2230 1009 10000
a contact +49200 +49800 2231 1001 10000
a contact +49200 +49800 2232 1017 10000
a contact +49200 +49800 2241 1018 10000
a contact +49800 +50400 1004 9011 100000
a contact +49800 +50400 1004 9005 100000
a contact +49800 +50400 1004 9001 100000
a contact +49800 +50400 2010 1003 10000
a contact +49800 +50400 2011 1006 10000
a contact +49800 +50400 2014 1005 10000
a contact +49800 +50400 2021 1015 10000
a contact +49800 +50400 2065 1015 10000
a contact +49800 +50400 2109 1015 10000
a contact +49800 +50400 2183 1018 10000
a contact +49800 +50400 2184 1007 10000
a contact +49800 +50400 2185 1016 10000
a contact +49800 +50400 2186 1013 10000
a contact +49800 +50400 2187 1013 10000
a contact +49800 +50400 2188 1013 10000
a contact +49800 +50400 2189 1011 10000
a contact +49800 +50400 2190 1011 10000
a contact +49800 +50400 2191 1011 10000
a contact +49800 +50400 2192 1010 10000
a contact +49800 +50400 2193 1008 10000
a contact +49800 +50400 2194 1008 10000
a contact +49800 +50400 2195 1003 10000
a contact +49800 +50400 2196 1008 10000
a contact +49800 +50400 2197 1001 10000
a contact +49800 +50400 2198 1001 10000
a contact +49800 +50400 2199 1012 10000
a contact +49800 +50400 2200 1006 10000
a contact +49800 +50400 2201 1012 10000
a contact +49800 +50400 2202 1012 10000
a contact +49800 +50400 2204 1007 10000
a contact +49800 +50400 2205 1010 10000
a contact +49800 +50400 2206 1010 10000
a contact +49800 +50400 2207 1005 10000
a contact +49800 +50400 2208 1006 10000
a contact +49800 +50400 2209 1005 10000
a contact +49800 +50400 2211 1016 10000
a contact +49800 +50400 2212 1007 10000
a contact +49800 +50400 2215 1002 10000
a contact +49800 +50400 2216 1014 10000
a contact +49800 +50400 2217 1009 10000
a contact +49800 +50400 2218 1014 10000
a contact +49800 +50400 2219 1014 10000
a contact +49800 +50400 2221 1017 10000
a contact +49800 +50400 2222 1002 10000
a contact +49800 +50400 2223 1017 10000
a contact +49800 +50400 2224 1002 10000
a contact +49800 +50400 2227 1018 10000
a contact +49800 +50400 2228 1016 10000
a contact +49800 +50400 2229 1009 10000
a contact +49800 +50400 2230 1009 10000
a contact +49800 +50400 2231 1001 10000
a contact +49800 +50400 2232 1017 10000
a contact +49800 +50400 2239 1018 10000
a contact +50400 +51000 2002 1009 10000
a contact +50400 +51000 2004 1006 10000
a contact +50400 +51000 2010 1003 10000
a contact +50400 +51000 2011 1006 10000
a contact +49800 +51000 2012 1003 10000
a contact +50400 +51000 2014 1005 10000
a contact +50400 +51000 2020 1004 10000
a contact +50400 +51000 2021 1015 10000
a contact +50400 +51000 2064 1004 10000
a contact +50400 +51000 2065 1015 10000
a contact +50400 +51000 2109 1015 10000
a contact +50400 +51000 2183 1018 10000
a contact +50400 +51000 2184 1007 10000
a contact +50400 +51000 2185 1016 10000
a contact +50400 +51000 2186 1013 10000
a contact +50400 +51000 2187 1013 10000
a contact +50400 +51000 2188 1013 10000
a contact +50400 +51000 2189 1011 10000
a contact +50400 +51000 2190 1011 10000
a contact +50400 +51000 2191 1011 10000
a contact +50400 +51000 2192 1010 10000
a contact +50400 +51000 2193 1008 10000
a contact +50400 +51000 2194 1008 10000
a contact +50400 +51000 2195 1003 10000
a contact +50400 +51000 2196 1008 10000
a contact +50400 +51000 2198 1006 10000
a contact +50400 +51000 2201 1012 10000
a contact +50400 +51000 2202 1012 10000
a contact +50400 +51000 2204 1007 10000
a contact +50400 +51000 2205 1010 10000
a contact +50400 +51000 2206 1010 10000
a contact +50400 +51000 2207 1005 10000
a contact +50400 +51000 2208 1012 10000
a contact +50400 +51000 2212 1007 10000
a contact +50400 +51000 2213 1014 10000
a contact +50400 +51000 2215 1001 10000
a contact +50400 +51000 2216 1009 10000
a contact +50400 +51000 2217 1002 10000
a contact +50400 +51000 2218 1014 10000
a contact +50400 +51000 2219 1001 10000
a contact +50400 +51000 2221 1002 10000
a contact +50400 +51000 2223 1002 10000
a contact +50400 +51000 2224 1017 10000
a contact +50400 +51000 2225 1005 10000
a contact +50400 +51000 2226 1001 10000
a contact +50400 +51000 2227 1018 10000
a contact +50400 +51000 2228 1016 10000
a contact +50400 +51000 2229 1009 10000
a contact +50400 +51000 2230 1014 10000
a contact +50400 +51000 2231 1017 10000
a contact +50400 +51000 2232 1017 10000
a contact +50400 +51000 2239 1018 10000
a contact +51000 +51600 2005 1006 10000
a contact +51000 +51600 2010 1003 10000
a contact +51000 +51600 2011 1012 10000
a contact +51000 +51600 2012 1003 10000
a contact +51000 +51600 2014 1005 10000
a contact +51000 +51600 2020 1004 10000
a contact +51000 +51600 2021 1015 10000
a contact +51000 +51600 2064 1004 10000
a contact +51000 +51600 2065 1015 10000
a contact +51000 +51600 2109 1015 10000
a contact +51000 +51600 2182 1012 10000
a contact +51000 +51600 2183 1018 10000
a contact +51000 +51600 2184 1007 10000
a contact +51000 +51600 2185 1016 10000
a contact +51000 +51600 2186 1013 10000
a contact +51000 +51600 2187 1013 10000
a contact +51000 +51600 2188 1013 10000
a contact +51000 +51600 2189 1011 10000
a contact +51000 +51600 2190 1011 10000
a contact +51000 +51600 2191 1011 10000
a contact +51000 +51600 2192 1010 10000
a contact +51000 +51600 2193 1008 10000
a contact +51000 +51600 2194 1008 10000
a contact +51000 +51600 2195 1003 10000
a contact +51000 +51600 2196 1008 10000
a contact +51000 +51600 2197 1006 10000
a contact +51000 +51600 2198 1006 10000
a contact +51000 +51600 2202 1012 10000
a contact +51000 +51600 2203 1007 10000
a contact +51000 +51600 2204 1007 10000
a contact +51000 +51600 2205 1010 10000
a contact +51000 +51600 2206 1010 10000
a contact +51000 +51600 2207 1005 10000
a contact +51000 +51600 2208 1009 10000
a contact +51000 +51600 2209 1014 10000
a contact +51000 +51600 2210 1009 10000
a contact +50400 +51600 2211 1016 10000
a contact +51000 +51600 2212 1014 10000
a contact +51000 +51600 2213 1014 10000
a contact +50400 +51600 2214 1004 10000
a contact +51000 +51600 2215 1001 10000
a contact +51000 +51600 2216 1009 10000
a contact +51000 +51600 2217 1002 10000
a contact +51000 +51600 2218 1002 10000
a contact +51000 +51600 2219 1001 10000
a contact +51000 +51600 2220 1001 10000
a contact +51000 +51600 2221 1002 10000
a contact +51000 +51600 2224 1017 10000
a contact +51000 +51600 2225 1005 10000
a contact +51000 +51600 2227 1018 10000
a contact +51000 +51600 2228 1016 10000
a contact +51000 +51600 2230 1017 10000
a contact +51000 +51600 2231 1017 10000
a contact +51000 +51600 2239 1018 10000
a contact +51600 +52200 1003 9002 100000
a contact +51600 +52200 1003 9010 100000
a contact +51600 +52200 1003 9004 100000
a contact +51600 +52200 1012 9003 100000
a contact +51600 +52200 1012 9007 100000
a contact +51600 +52200 2003 1006 10000
a contact +51600 +52200 2006 1004 10000
a contact +51600 +52200 2010 1006 10000
a contact +51600 +52200 2013 1016 10000
a contact +51600 +52200 2020 1004 10000
a contact +51600 +52200 2168 1006 10000
a contact +51600 +52200 2169 1016 10000
a contact +51600 +52200 2170 1013 10000
a contact +51600 +52200 2171 1015 10000
a contact +51600 +52200 2172 1015 10000
a contact +51600 +52200 2173 1016 10000
a contact +51600 +52200 2174 1013 10000
a contact +51600 +52200 2175 1015 10000
a contact +51600 +52200 2176 1011 10000
a contact +51600 +52200 2177 1011 10000
a contact +51600 +52200 2178 1011 10000
a contact +51600 +52200 2179 1010 10000
a contact +51600 +52200 2180 1010 10000
a contact +51600 +52200 2181 1010 10000
a contact +51600 +52200 2199 1008 10000
a contact +51600 +52200 2200 1007 10000
a contact +51600 +52200 2201 1004 10000
a contact +51600 +52200 2203 1007 10000
a contact +51600 +52200 2207 1009 10000
a contact +51600 +52200 2208 1018 10000
a contact +51600 +52200 2209 1014 10000
a contact +51600 +52200 2210 1018 10000
a contact +51600 +52200 2211 1009 10000
a contact +51600 +52200 2212 1014 10000
a contact +51600 +52200 2213 1001 10000
a contact +51600 +52200 2214 1002 10000
a contact +51600 +52200 2215 1017 10000
a contact +51600 +52200 2216 1002 10000
a contact +51600 +52200 2217 1005 10000
a contact +51600 +52200 2218 1002 10000
a contact +51600 +52200 2219 1001 10000
a contact +51600 +52200 2220 1001 10000
a contact +51600 +52200 2221 1018 10000
a contact +51600 +52200 2222 1008 10000
a contact +51600 +52200 2223 1008 10000
a contact +51600 +52200 2224 1005 10000
a contact +51600 +52200 2225 1005 10000
a contact +51600 +52200 2226 1007 10000
a contact +51600 +52200 2228 1009 10000
a contact +51600 +52200 2229 1014 10000
a contact +51600 +52200 2230 1017 10000
a contact +51600 +52200 2231 1017 10000
a contact +51600 +52200 2233 1013 10000
a contact +52200 +52800 1004 9007 100000
a contact +52200 +52800 1004 9004 100000
a contact +52200 +52800 1004 9003 100000
a contact +52200 +52800 1012 9009 100000
a contact +51600 +52800 1012 9005 100000
a contact +52200 +52800 1012 9011 100000
a contact +52200 +52800 1018 9010 100000
a contact +52200 +52800 1018 9006 100000
a contact +52200 +52800 1018 9002 100000
a contact +52200 +52800 2002 1008 10000
a contact +52200 +52800 2003 1006 10000
a contact +52200 +52800 2005 1008 10000
a contact +52200 +52800 2010 1002 10000
a contact +52200 +52800 2077 1003 10000
a contact +52200 +52800 2094 1003 10000
a contact +52200 +52800 2095 1003 10000
a contact +52200 +52800 2171 1015 10000
a contact +52200 +52800 2172 1015 10000
a contact +52200 +52800 2175 1015 10000
a contact +52200 +52800 2176 1011 10000
a contact +52200 +52800 2177 1011 10000
a contact +52200 +52800 2178 1011 10000
a contact +52200 +52800 2179 1010 10000
a contact +52200 +52800 2180 1010 10000
a contact +52200 +52800 2181 1010 10000
a contact +52200 +52800 2199 1008 10000
a contact +52200 +52800 2200 1014 10000
a contact +52200 +52800 2201 1014 10000
a contact +52200 +52800 2202 1007 10000
a contact +52200 +52800 2203 1013 10000
a contact +52200 +52800 2204 1016 10000
a contact +52200 +52800 2205 1006 10000
a contact +52200 +52800 2206 1006 10000
a contact +52200 +52800 2207 1009 10000
a contact +52200 +52800 2208 1009 10000
a contact +52200 +52800 2209 1007 10000
a contact +52200 +52800 2210 1017 10000
a contact +52200 +52800 2211 1002 10000
a contact +52200 +52800 2212 1001 10000
a contact +52200 +52800 2213 1014 10000
a contact +52200 +52800 2214 1005 10000
a contact +52200 +52800 2215 1001 10000
a contact +52200 +52800 2216 1009 10000
a contact +52200 +52800 2217 1005 10000
a contact +52200 +52800 2218 1017 10000
a contact +52200 +52800 2219 1002 10000
a contact +52200 +52800 2220 1001 10000
a contact +52200 +52800 2221 1017 10000
a contact +52200 +52800 2223 1013 10000
a contact +52200 +52800 2224 1005 10000
a contact +52200 +52800 2225 1016 10000
a contact +52200 +52800 2226 1007 10000
a contact +52200 +52800 2227 1016 10000
a contact +52200 +52800 2228 1013 10000
a contact +52800 +53400 1007 9006 100000
a contact +52800 +53400 1007 9004 100000
a contact +52800 +53400 1007 9002 100000
a contact +52800 +53400 2009 1002 10000
a contact +52800 +53400 2028 1018 10000
a contact +52800 +53400 2048 1012 10000
a contact +52800 +53400 2072 1018 10000
a contact +52800 +53400 2077 1003 10000
a contact +52800 +53400 2094 1003 10000
a contact +52800 +53400 2095 1003 10000
a contact +52800 +53400 2132 1004 10000
a contact +52800 +53400 2142 1012 10000
a contact +52800 +53400 2148 1004 10000
a contact +52800 +53400 2149 1004 10000
a contact +52800 +53400 2169 1018 10000
a contact +52800 +53400 2179 1010 10000
a contact +52800 +53400 2180 1010 10000
a contact +52800 +53400 2181 1010 10000
a contact +52800 +53400 2187 1012 10000
a contact +52800 +53400 2193 1017 10000
a contact +52800 +53400 2194 1017 10000
a contact +52800 +53400 2195 1016 10000
a contact +52800 +53400 2196 1014 10000
a contact +52800 +53400 2197 1014 10000
a contact +52800 +53400 2198 1014 10000
a contact +52800 +53400 2199 1011 10000
a contact +52800 +53400 2200 1013 10000
a contact +52800 +53400 2201 1013 10000
a contact +52800 +53400 2202 1013 10000
a contact +52800 +53400 2203 1006 10000
a contact +52800 +53400 2204 1006 10000
a contact +52800 +53400 2205 1006 10000
a contact +52800 +53400 2206 1009 10000
a contact +52800 +53400 2207 1011 10000
a contact +52800 +53400 2208 1008 10000
a contact +52800 +53400 2209 1008 10000
a contact +52800 +53400 2210 1009 10000
a contact +52800 +53400 2211 1001 10000
a contact +52800 +53400 2212 1009 10000
a contact +52800 +53400 2213 1005 10000
a contact +52800 +53400 2214 1008 10000
a contact +52800 +53400 2215 1011 10000
a contact +52800 +53400 2216 1002 10000
a contact +52800 +53400 2217 1005 10000
a contact +52800 +53400 2218 1005 10000
a contact +52800 +53400 2219 1002 10000
a contact +52800 +53400 2222 1001 10000
a contact +52800 +53400 2223 1001 10000
a contact +52800 +53400 2225 1016 10000
a contact +52800 +53400 2226 1016 10000
a contact +52800 +53400 2229 1017 10000
a contact +53400 +54000 2003 1010 10000
a contact +53400 +54000 2011 1002 10000
a contact +53400 +54000 2028 1018 10000
a contact +53400 +54000 2031 1007 10000
a contact +53400 +54000 2048 1012 10000
a contact +53400 +54000 2072 1018 10000
a contact +53400 +54000 2074 1007 10000
a contact +53400 +54000 2077 1003 10000
a contact +53400 +54000 2095 1003 10000
a contact +53400 +54000 2111 1007 10000
a contact +53400 +54000 2132 1004 10000
a contact +53400 +54000 2142 1012 10000
a contact +53400 +54000 2148 1004 10000
a contact +53400 +54000 2149 1004 10000
a contact +53400 +54000 2169 1018 10000
a contact +52800 +54000 2171 1015 10000
a contact +52800 +54000 2172 1015 10000
a contact +52800 +54000 2175 1015 10000
a contact +53400 +54000 2187 1012 10000
a contact +53400 +54000 2190 1017 10000
a contact +53400 +54000 2191 1017 10000
a contact +53400 +54000 2192 1016 10000
a contact +53400 +54000 2193 1016 10000
a contact +53400 +54000 2194 1006 10000
a contact +53400 +54000 2195 1014 10000
a contact +53400 +54000 2196 1014 10000
a contact +53400 +54000 2197 1011 10000
a contact +53400 +54000 2198 1014 10000
a contact +53400 +54000 2199 1013 10000
a contact +53400 +54000 2200 1013 10000
a contact +53400 +54000 2201 1013 10000
a contact +53400 +54000 2202 1006 10000
a contact +53400 +54000 2203 1006 10000
a contact +53400 +54000 2204 1008 10000
a contact +53400 +54000 2205 1011 10000
a contact +53400 +54000 2206 1009 10000
a contact +53400 +54000 2207 1010 10000
a contact +53400 +54000 2208 1010 10000
a contact +53400 +54000 2209 1009 10000
a contact +53400 +54000 2210 1009 10000
a contact +53400 +54000 2211 1001 10000
a contact +53400 +54000 2212 1005 10000
a contact +53400 +54000 2213 1008 10000
a contact +53400 +54000 2214 1008 10000
a contact +53400 +54000 2215 1002 10000
a contact +53400 +54000 2216 1002 10000
a contact +53400 +54000 2217 1011 10000
a contact +53400 +54000 2218 1005 10000
a contact +53400 +54000 2219 1005 10000
a contact +53400 +54000 2222 1001 10000
a contact +53400 +54000 2223 1001 10000
a contact +53400 +54000 2226 1016 10000
a contact +53400 +54000 2229 1017 10000
a contact +54000 +54600 1010 9012 100000
a contact +54000 +54600 1010 9006 100000
a contact +54000 +54600 1010 9010 100000
a contact +54000 +54600 1015 9008 100000
a contact +54000 +54600 1015 9002 100000
a contact +54000 +54600 1015 9004 100000
a contact +54000 +54600 2004 1012 10000
a contact +54000 +54600 2013 1002 10000
a contact +54000 +54600 2028 1018 10000
a contact +54000 +54600 2031 1007 10000
a contact +54000 +54600 2048 1012 10000
a contact +54000 +54600 2072 1018 10000
a contact +54000 +54600 2074 1007 10000
a contact +54000 +54600 2077 1003 10000
a contact +53400 +54600 2094 1003 10000
a contact +54000 +54600 2095 1003 10000
a contact +54000 +54600 2111 1007 10000
a contact +54000 +54600 2132 1004 10000
a contact +54000 +54600 2142 1012 10000
a contact +54000 +54600 2148 1004 10000
a contact +54000 +54600 2149 1004 10000
a contact +54000 +54600 2169 1018 10000
a contact +54000 +54600 2189 1017 10000
a contact +54000 +54600 2190 1017 10000
a contact +54000 +54600 2191 1017 10000
a contact +54000 +54600 2192 1016 10000
a contact +54000 +54600 2193 1006 10000
a contact +54000 +54600 2194 1013 10000
a contact +54000 +54600 2195 1016 10000
a contact +54000 +54600 2196 1014 10000
a contact +54000 +54600 2197 1011 10000
a contact +54000 +54600 2198 1014 10000
a contact +54000 +54600 2199 1014 10000
a contact +54000 +54600 2200 1006 10000
a contact +54000 +54600 2201 1009 10000
a contact +54000 +54600 2202 1006 10000
a contact +54000 +54600 2203 1013 10000
a contact +54000 +54600 2204 1011 10000
a contact +54000 +54600 2205 1008 10000
a contact +54000 +54600 2206 1009 10000
a contact +54000 +54600 2207 1011 10000
a contact +54000 +54600 2208 1005 10000
a contact +54000 +54600 2209 1005 10000
a contact +54000 +54600 2210 1001 10000
a contact +54000 +54600 2211 1009 10000
a contact +54000 +54600 2212 1001 10000
a contact +54000 +54600 2213 1005 10000
a contact +54000 +54600 2214 1002 10000
a contact +54000 +54600 2215 1002 10000
a contact +54000 +54600 2216 1016 10000
a contact +54000 +54600 2218 1008 10000
a contact +54000 +54600 2219 1008 10000
a contact +54000 +54600 2222 1001 10000
a contact +54000 +54600 2223 1013 10000
a contact +54600 +55200 1017 9007 100000
a contact +54600 +55200 2007 1004 10000
a contact +54600 +55200 2014 1002 10000
a contact +54600 +55200 2031 1007 10000
a contact +54600 +55200 2064 1015 10000
a contact +54600 +55200 2074 1007 10000
a contact +54600 +55200 2087 1015 10000
a contact +54600 +55200 2088 1015 10000
a contact +54600 +55200 2101 1010 10000
a contact +54600 +55200 2109 1010 10000
a contact +54600 +55200 2111 1007 10000
a contact +54600 +55200 2145 1010 10000
a contact +54600 +55200 2180 1012 10000
a contact +54600 +55200 2181 1004 10000
a contact +54600 +55200 2182 1004 10000
a contact +54600 +55200 2183 1012 10000
a contact +54600 +55200 2185 1012 10000
a contact +54600 +55200 2188 1003 10000
a contact +54600 +55200 2192 1014 10000
a contact +54600 +55200 2193 1013 10000
a contact +54600 +55200 2194 1016 10000
a contact +54600 +55200 2195 1016 10000
a contact +54600 +55200 2196 1009 10000
a contact +54600 +55200 2197 1014 10000
a contact +54600 +55200 2198 1006 10000
a contact +54600 +55200 2199 1014 10000
a contact +54600 +55200 2200 1009 10000
a contact +54600 +55200 2201 1006 10000
a contact +54600 +55200 2202 1006 10000
a contact +54600 +55200 2203 1013 10000
a contact +54600 +55200 2204 1008 10000
a contact +54600 +55200 2205 1008 10000
a contact +54600 +55200 2206 1005 10000
a contact +54600 +55200 2207 1008 10000
a contact +54600 +55200 2208 1011 10000
a contact +54600 +55200 2209 1001 10000
a contact +54600 +55200 2210 1001 10000
a contact +54600 +55200 2211 1001 10000
a contact +54600 +55200 2212 1002 10000
a contact +54600 +55200 2213 1002 10000
a contact +54600 +55200 2214 1005 10000
a contact +54600 +55200 2215 1013 10000
a contact +54600 +55200 2216 1016 10000
a contact +54600 +55200 2218 1011 10000
a contact +54600 +55200 2219 1011 10000
a contact +54600 +55200 2220 1003 10000
a contact +54600 +55200 2221 1003 10000
a contact +54600 +55200 2222 1009 10000
a contact +54600 +55200 2225 1018 10000
a contact +54600 +55200 2226 1018 10000
a contact +54600 +55200 2228 1005 10000
a contact +54600 +55200 2229 1018 10000
a contact +55200 +55800 1009 9009 100000
a contact +55200 +55800 1009 9007 100000
a contact +54600 +55800 1017 9003 100000
a contact +55200 +55800 1017 9011 100000
a contact +54600 +55800 1017 9005 100000
a contact +55200 +55800 2008 1001 10000
a contact +55200 +55800 2064 1015 10000
a contact +55200 +55800 2087 1015 10000
a contact +55200 +55800 2088 1015 10000
a contact +55200 +55800 2101 1010 10000
a contact +55200 +55800 2109 1010 10000
a contact +55200 +55800 2145 1010 10000
a contact +55200 +55800 2178 1004 10000
a contact +55200 +55800 2179 1012 10000
a contact +55200 +55800 2180 1012 10000
a contact +55200 +55800 2181 1004 10000
a contact +55200 +55800 2183 1012 10000
a contact +55200 +55800 2186 1018 10000
a contact +55200 +55800 2187 1007 10000
a contact +55200 +55800 2188 1003 10000
a contact +55200 +55800 2189 1007 10000
a contact +55200 +55800 2190 1004 10000
a contact +55200 +55800 2191 1007 10000
a contact +55200 +55800 2193 1016 10000
a contact +55200 +55800 2194 1014 10000
a contact +55200 +55800 2195 1006 10000
a contact +55200 +55800 2196 1006 10000
a contact +55200 +55800 2197 1006 10000
a contact +55200 +55800 2198 1002 10000
a contact +55200 +55800 2199 1016 10000
a contact +55200 +55800 2200 1014 10000
a contact +55200 +55800 2201 1014 10000
a contact +55200 +55800 2202 1008 10000
a contact +55200 +55800 2203 1008 10000
a contact +55200 +55800 2204 1013 10000
a contact +55200 +55800 2205 1005 10000
a contact +55200 +55800 2206 1011 10000
a contact +55200 +55800 2207 1001 10000
a contact +55200 +55800 2208 1005 10000
a contact +55200 +55800 2209 1001 10000
a contact +55200 +55800 2210 1013 10000
a contact +55200 +55800 2211 1008 10000
a contact +55200 +55800 2212 1002 10000
a contact +55200 +55800 2213 1013 10000
a contact +55200 +55800 2214 1005 10000
a contact +55200 +55800 2215 1011 10000
a contact +55200 +55800 2216 1016 10000
a contact +55200 +55800 2218 1011 10000
a contact +55200 +55800 2219 1002 10000
a contact +55200 +55800 2220 1003 10000
a contact +55200 +55800 2221 1003 10000
a contact +55200 +55800 2225 1018 10000
a contact +55200 +55800 2226 1018 10000
a contact +55800 +56400 1001 9011 100000
a contact +55800 +56400 1001 9005 100000
a contact +55800 +56400 1001 9009 100000
a contact +55800 +56400 1009 9007 100000
a contact +55200 +56400 1009 9001 100000
a contact +55800 +56400 1009 9003 100000
a contact +55800 +56400 1012 9002 100000
a contact +55800 +56400 1012 9006 100000
a contact +55800 +56400 1012 9004 100000
a contact +55800 +56400 2009 1003 10000
a contact +55800 +56400 2015 1005 10000
a contact +55800 +56400 2038 1017 10000
a contact +55800 +56400 2064 1015 10000
a contact +55800 +56400 2079 1017 10000
a contact +55800 +56400 2082 1017 10000
a contact +55800 +56400 2087 1015 10000
a contact +55800 +56400 2088 1015 10000
a contact +55800 +56400 2101 1010 10000
a contact +55800 +56400 2109 1010 10000
a contact +55800 +56400 2145 1010 10000
a contact +55800 +56400 2178 1004 10000
a contact +55800 +56400 2184 1018 10000
a contact +55800 +56400 2185 1018 10000
a contact +55800 +56400 2186 1018 10000
a contact +55800 +56400 2187 1007 10000
a contact +55800 +56400 2188 1003 10000
a contact +55800 +56400 2189 1007 10000
a contact +55800 +56400 2190 1004 10000
a contact +55800 +56400 2191 1007 10000
a contact +55800 +56400 2192 1004 10000
a contact +55800 +56400 2195 1006 10000
a contact +55800 +56400 2196 1006 10000
a contact +55800 +56400 2197 1006 10000
a contact +55800 +56400 2198 1011 10000
a contact +55800 +56400 2199 1016 10000
a contact +55800 +56400 2200 1014 10000
a contact +55800 +56400 2201 1014 10000
a contact +55800 +56400 2202 1008 10000
a contact +55800 +56400 2203 1008 10000
a contact +55800 +56400 2204 1011 10000
a contact +55800 +56400 2205 1013 10000
a contact +55800 +56400 2206 1005 10000
a contact +55800 +56400 2207 1016 10000
a contact +55800 +56400 2208 1005 10000
a contact +55800 +56400 2209 1014 10000
a contact +55800 +56400 2210 1013 10000
a contact +55800 +56400 2211 1002 10000
a contact +55800 +56400 2212 1008 10000
a contact +55800 +56400 2213 1002 10000
a contact +55800 +56400 2214 1011 10000
a contact +55800 +56400 2215 1013 10000
a contact +55800 +56400 2218 1002 10000
a contact +55800 +56400 2220 1016 10000
a contact +55800 +56400 2221 1003 10000
a contact +56400 +57000 1014 9001 100000
a contact +56400 +57000 1014 9011 100000
a contact +56400 +57000 1014 9009 100000
a contact +56400 +57000 2004 1015 10000
a contact +56400 +57000 2009 1003 10000
a contact +56400 +57000 2015 1002 10000
a contact +56400 +57000 2023 1009 10000
a contact +56400 +57000 2024 1009 10000
a contact +56400 +57000 2030 1012 10000
a contact +56400 +57000 2038 1017 10000
a contact +56400 +57000 2059 1001 10000
a contact +56400 +57000 2079 1017 10000
a contact +56400 +57000 2082 1017 10000
a contact +56400 +57000 2103 1001 10000
a contact +56400 +57000 2133 1001 10000
a contact +56400 +57000 2148 1012 10000
a contact +56400 +57000 2158 1009 10000
a contact +56400 +57000 2177 1012 10000
a contact +56400 +57000 2178 1004 10000
a contact +56400 +57000 2181 1015 10000
a contact +56400 +57000 2182 1015 10000
a contact +56400 +57000 2183 1010 10000
a contact +56400 +57000 2184 1018 10000
a contact +56400 +57000 2185 1018 10000
a contact +56400 +57000 2186 1018 10000
a contact +56400 +57000 2187 1007 10000
a contact +56400 +57000 2188 1006 10000
a contact +56400 +57000 2189 1007 10000
a contact +56400 +57000 2190 1004 10000
a contact +56400 +57000 2191 1007 10000
a contact +56400 +57000 2192 1004 10000
a contact +56400 +57000 2193 1010 10000
a contact +56400 +57000 2194 1010 10000
a contact +56400 +57000 2195 1006 10000
a contact +56400 +57000 2196 1006 10000
a contact +56400 +57000 2198 1013 10000
a contact +56400 +57000 2199 1008 10000
a contact +56400 +57000 2200 1005 10000
a contact +56400 +57000 2201 1005 10000
a contact +56400 +57000 2202 1013 10000
a contact +56400 +57000 2203 1011 10000
a contact +56400 +57000 2204 1002 10000
a contact +56400 +57000 2205 1002 10000
a contact +56400 +57000 2206 1016 10000
a contact +56400 +57000 2207 1016 10000
a contact +56400 +57000 2209 1008 10000
a contact +56400 +57000 2210 1013 10000
a contact +56400 +57000 2211 1005 10000
a contact +56400 +57000 2212 1011 10000
a contact +56400 +57000 2213 1008 10000
a contact +56400 +57000 2214 1011 10000
a contact +56400 +57000 2216 1003 10000
a contact +56400 +57000 2221 1016 10000
a contact +56400 +57000 2223 1003 10000
a contact +57000 +57600 1014 9011 100000
a contact +57000 +57600 1014 9009 100000
a contact +57000 +57600 1014 9001 100000
a contact +57000 +57600 2004 1015 10000
a contact +57000 +57600 2008 1004 10000
a contact +57000 +57600 2016 1010 10000
a contact +57000 +57600 2023 1009 10000
a contact +57000 +57600 2024 1009 10000
a contact +57000 +57600 2030 1012 10000
a contact +57000 +57600 2038 1017 10000
a contact +57000 +57600 2059 1001 10000
a contact +57000 +57600 2079 1017 10000
a contact +57000 +57600 2082 1017 10000
a contact +57000 +57600 2103 1001 10000
a contact +57000 +57600 2133 1001 10000
a contact +57000 +57600 2148 1012 10000
a contact +57000 +57600 2158 1009 10000
a contact +57000 +57600 2174 1004 10000
a contact +57000 +57600 2175 1007 10000
a contact +57000 +57600 2176 1006 10000
a contact +57000 +57600 2177 1012 10000
a contact +57000 +57600 2179 1003 10000
a contact +57000 +57600 2180 1007 10000
a contact +57000 +57600 2181 1015 10000
a contact +57000 +57600 2182 1015 10000
a contact +57000 +57600 2183 1010 10000
a contact +57000 +57600 2184 1018 10000
a contact +57000 +57600 2185 1018 10000
a contact +57000 +57600 2191 1006 10000
a contact +57000 +57600 2192 1004 10000
a contact +57000 +57600 2193 1010 10000
a contact +57000 +57600 2194 1006 10000
a contact +57000 +57600 2195 1002 10000
a contact +57000 +57600 2196 1016 10000
a contact +57000 +57600 2197 1003 10000
a contact +57000 +57600 2198 1008 10000
a contact +57000 +57600 2199 1013 10000
a contact +57000 +57600 2200 1005 10000
a contact +57000 +57600 2201 1005 10000
a contact +57000 +57600 2202 1013 10000
a contact +57000 +57600 2203 1008 10000
a contact +57000 +57600 2204 1013 10000
a contact +57000 +57600 2205 1002 10000
a contact +57000 +57600 2206 1011 10000
a contact +57000 +57600 2207 1016 10000
a contact +57000 +57600 2208 1003 10000
a contact +57000 +57600 2209 1011 10000
a contact +57000 +57600 2210 1005 10000
a contact +57000 +57600 2212 1002 10000
a contact +57000 +57600 2213 1008 10000
a contact +57000 +57600 2214 1016 10000
a contact +57000 +57600 2215 1007 10000
a contact +57000 +57600 2219 1011 10000
a contact +57000 +57600 2220 1018 10000
a contact +57600 +58200 1006 9007 100000
a contact +57600 +58200 2004 1015 10000
a contact +57600 +58200 2008 1004 10000
a contact +57600 +58200 2009 1001 10000
a contact +57600 +58200 2016 1010 10000
a contact +57600 +58200 2017 1013 10000
a contact +57600 +58200 2023 1009 10000
a contact +57600 +58200 2024 1009 10000
a contact +57600 +58200 2030 1012 10000
a contact +57600 +58200 2059 1001 10000
a contact +57600 +58200 2102 1014 10000
a contact +57600 +58200 2103 1001 10000
a contact +57600 +58200 2148 1012 10000
a contact +57600 +58200 2158 1009 10000
a contact +57600 +58200 2162 1014 10000
a contact +57600 +58200 2172 1018 10000
a contact +57600 +58200 2174 1004 10000
a contact +57600 +58200 2175 1007 10000
a contact +57600 +58200 2177 1012 10000
a contact +57600 +58200 2178 1018 10000
a contact +57600 +58200 2179 1003 10000
a contact +57600 +58200 2180 1007 10000
a contact +57600 +58200 2181 1015 10000
a contact +57600 +58200 2182 1015 10000
a contact +57600 +58200 2183 1010 10000
a contact +57600 +58200 2188 1017 10000
a contact +57600 +58200 2189 1010 10000
a contact +57600 +58200 2190 1007 10000
a contact +57600 +58200 2193 1002 10000
a contact +57600 +58200 2194 1011 10000
a contact +57600 +58200 2195 1011 10000
a contact +57600 +58200 2196 1002 10000
a contact +57600 +58200 2197 1003 10000
a contact +57600 +58200 2198 1008 10000
a contact +57600 +58200 2199 1005 10000
a contact +57600 +58200 2200 1008 10000
a contact +57600 +58200 2201 1011 10000
a contact +57600 +58200 2202 1008 10000
a contact +57600 +58200 2203 1002 10000
a contact +57600 +58200 2204 1013 10000
a contact +57600 +58200 2205 1005 10000
a contact +57600 +58200 2206 1014 10000
a contact +57600 +58200 2208 1003 10000
a contact +57600 +58200 2209 1005 10000
a contact +57600 +58200 2210 1016 10000
a contact +57600 +58200 2211 1004 10000
a contact +57600 +58200 2213 1013 10000
a contact +57600 +58200 2214 1016 10000
a contact +57600 +58200 2216 1017 10000
a contact +57600 +58200 2218 1017 10000
a contact +57600 +58200 2219 1016 10000
a contact +57600 +58200 2220 1018 10000
a contact +58200 +58800 1001 9009 100000
a contact +58200 +58800 1001 9007 100000
a contact +58200 +58800 1006 9011 100000
a contact +57600 +58800 1006 9005 100000
a contact +57600 +58800 1006 9001 100000
a contact +58200 +58800 2008 1004 10000
a contact +58200 +58800 2009 1013 10000
a contact +58200 +58800 2011 1004 10000
a contact +58200 +58800 2016 1010 10000
a contact +58200 +58800 2102 1014 10000
a contact +58200 +58800 2162 1014 10000
a contact +58200 +58800 2171 1012 10000
a contact +58200 +58800 2172 1018 10000
a contact +58200 +58800 2173 1012 10000
a contact +58200 +58800 2174 1004 10000
a contact +58200 +58800 2175 1007 10000
a contact +58200 +58800 2176 1012 10000
a contact +58200 +58800 2178 1018 10000
a contact +58200 +58800 2180 1007 10000
a contact +58200 +58800 2184 1015 10000
a contact +58200 +58800 2185 1015 10000
a contact +58200 +58800 2186 1010 10000
a contact +58200 +58800 2187 1009 10000
a contact +58200 +58800 2188 1017 10000
a contact +58200 +58800 2189 1010 10000
a contact +58200 +58800 2190 1007 10000
a contact +58200 +58800 2191 1009 10000
a contact +58200 +58800 2192 1009 10000
a contact +58200 +58800 2193 1016 10000
a contact +58200 +58800 2194 1011 10000
a contact +58200 +58800 2195 1008 10000
a contact +58200 +58800 2196 1005 10000
a contact +58200 +58800 2197 1008 10000
a contact +58200 +58800 2198 1013 10000
a contact +58200 +58800 2199 1005 10000
a contact +58200 +58800 2200 1013 10000
a contact +58200 +58800 2201 1008 10000
a contact +58200 +58800 2202 1002 10000
a contact +58200 +58800 2203 1011 10000
a contact +58200 +58800 2204 1002 10000
a contact +58200 +58800 2205 1005 10000
a contact +58200 +58800 2206 1003 10000
a contact +58200 +58800 2207 1017 10000
a contact +58200 +58800 2208 1003 10000
a contact +58200 +58800 2209 1001 10000
a contact +58200 +58800 2210 1016 10000
a contact +58200 +58800 2211 1002 10000
a contact +58200 +58800 2212 1014 10000
a contact +58200 +58800 2213 1011 10000
a contact +58200 +58800 2214 1003 10000
a contact +58200 +58800 2215 1015 10000
a contact +58200 +58800 2218 1017 10000
a contact +58200 +58800 2219 1016 10000
a contact +58200 +58800 2220 1018 10000
a contact +58800 +59400 1006 9009 100000
a contact +58800 +59400 2003 1018 10000
a contact +58800 +59400 2010 1001 10000
a contact +58800 +59400 2011 1004 10000
a contact +58800 +59400 2013 1003 10000
a contact +58800 +59400 2033 1001 10000
a contact +58800 +59400 2055 1001 10000
a contact +58800 +59400 2102 1014 10000
a contact +58800 +59400 2162 1014 10000
a contact +58800 +59400 2169 1014 10000
a contact +58800 +59400 2170 1004 10000
a contact +58800 +59400 2171 1012 10000
a contact +58800 +59400 2173 1012 10000
a contact +58800 +59400 2176 1012 10000
a contact +58800 +59400 2177 1010 10000
a contact +58800 +59400 2178 1013 10000
a contact +58800 +59400 2179 1007 10000
a contact +58800 +59400 2180 1013 10000
a contact +58800 +59400 2181 1017 10000
a contact +58800 +59400 2182 1004 10000
a contact +58800 +59400 2183 1007 10000
a contact +58800 +59400 2184 1015 10000
a contact +58800 +59400 2185 1011 10000
a contact +58800 +59400 2186 1010 10000
a contact +58800 +59400 2187 1009 10000
a contact +58800 +59400 2188 1017 10000
a contact +58800 +59400 2189 1010 10000
a contact +58800 +59400 2190 1007 10000
a contact +58800 +59400 2191 1009 10000
a contact +58800 +59400 2192 1009 10000
a contact +58800 +59400 2193 1018 10000
a contact +58800 +59400 2194 1018 10000
a contact +58800 +59400 2195 1008 10000
a contact +58800 +59400 2196 1005 10000
a contact +58800 +59400 2197 1008 10000
a contact +58800 +59400 2198 1005 10000
a contact +58800 +59400 2199 1013 10000
a contact +58800 +59400 2200 1005 10000
a contact +58800 +59400 2201 1002 10000
a contact +58800 +59400 2202 1011 10000
a contact +58800 +59400 2203 1002 10000
a contact +58800 +59400 2204 1008 10000
a contact +58800 +59400 2205 1003 10000
a contact +58800 +59400 2206 1003 10000
a contact +58800 +59400 2207 1017 10000
a contact +58800 +59400 2209 1002 10000
a contact +58800 +59400 2213 1011 10000
a contact +58800 +59400 2214 1016 10000
a contact +58800 +59400 2215 1015 10000
a contact +58800 +59400 2216 1015 10000
a contact +58800 +59400 2218 1016 10000
a contact +58800 +59400 2219 1016 10000
a contact +58800 +60000 1006 9001 100000
a contact +58800 +60000 1006 9007 100000
a contact +59400 +60000 1006 9002 100000
a contact +59400 +60000 1011 9003 100000
a contact +59400 +60000 1011 9009 100000
a contact +59400 +60000 1011 9005 100000
a contact +59400 +60000 2004 1018 10000
a contact +59400 +60000 2005 1014 10000
a contact +59400 +60000 2010 1001 10000
a contact +59400 +60000 2014 1003 10000
a contact +59400 +60000 2033 1001 10000
a contact +59400 +60000 2055 1001 10000
a contact +59400 +60000 2169 1014 10000
a contact +59400 +60000 2174 1014 10000
a contact +59400 +60000 2175 1010 10000
a contact +59400 +60000 2177 1010 10000
a contact +59400 +60000 2181 1017 10000
a contact +59400 +60000 2182 1018 10000
a contact +59400 +60000 2183 1016 10000
a contact +59400 +60000 2184 1015 10000
a contact +59400 +60000 2185 1013 10000
a contact +59400 +60000 2187 1009 10000
a contact +59400 +60000 2188 1016 10000
a contact +59400 +60000 2189 1013 10000
a contact +59400 +60000 2190 1013 10000
a contact +59400 +60000 2191 1008 10000
a contact +59400 +60000 2192 1008 10000
a contact +59400 +60000 2193 1018 10000
a contact +59400 +60000 2194 1016 10000
a contact +59400 +60000 2195 1008 10000
a contact +59400 +60000 2196 1007 10000
a contact +59400 +60000 2197 1005 10000
a contact +59400 +60000 2198 1005 10000
a contact +59400 +60000 2199 1007 10000
a contact +59400 +60000 2200 1002 10000
a contact +59400 +60000 2201 1005 10000
a contact +59400 +60000 2202 1002 10000
a contact +59400 +60000 2203 1004 10000
a contact +59400 +60000 2204 1003 10000
a contact +59400 +60000 2205 1007 10000
a contact +59400 +60000 2206 1004 10000
a contact +59400 +60000 2207 1003 10000
a contact +59400 +60000 2208 1017 10000
a contact +59400 +60000 2209 1009 10000
a contact +59400 +60000 2210 1017 10000
a contact +59400 +60000 2212 1015 10000
a contact +59400 +60000 2213 1009 10000
a contact +59400 +60000 2214 1002 10000
a contact +59400 +60000 2215 1004 10000
a contact +59400 +60000 2216 1015 10000
a contact +60000 +60600 1009 9006 100000
a contact +60000 +60600 1009 9004 100000
a contact +60000 +60600 1009 9002 100000
a contact +60000 +60600 2005 1014 10000
a contact +60000 +60600 2008 1006 10000
a contact +60000 +60600 2010 1001 10000
a contact +60000 +60600 2015 1003 10000
a contact +60000 +60600 2033 1001 10000
a contact +60000 +60600 2052 1011 10000
a contact +60000 +60600 2055 1001 10000
a contact +60000 +60600 2077 1006 10000
a contact +60000 +60600 2098 1006 10000
a contact +60000 +60600 2119 1011 10000
a contact +60000 +60600 2169 1014 10000
a contact +59400 +60600 2171 1012 10000
a contact +59400 +60600 2173 1012 10000
a contact +60000 +60600 2174 1014 10000
a contact +60000 +60600 2175 1010 10000
a contact +59400 +60600 2176 1012 10000
a contact +60000 +60600 2177 1010 10000
a contact +60000 +60600 2181 1017 10000
a contact +60000 +60600 2184 1015 10000
a contact +60000 +60600 2185 1013 10000
a contact +59400 +60600 2186 1010 10000
a contact +60000 +60600 2187 1016 10000
a contact +60000 +60600 2188 1016 10000
a contact +60000 +60600 2189 1013 10000
a contact +60000 +60600 2190 1018 10000
a contact +60000 +60600 2191 1008 10000
a contact +60000 +60600 2192 1008 10000
a contact +60000 +60600 2193 1018 10000
a contact +60000 +60600 2194 1005 10000
a contact +60000 +60600 2195 1005 10000
a contact +60000 +60600 2196 1013 10000
a contact +60000 +60600 2197 1002 10000
a contact +60000 +60600 2198 1008 10000
a contact +60000 +60600 2199 1018 10000
a contact +60000 +60600 2200 1002 10000
a contact +60000 +60600 2201 1011 10000
a contact +60000 +60600 2202 1007 10000
a contact +60000 +60600 2203 1007 10000
a contact +60000 +60600 2204 1016 10000
a contact +60000 +60600 2205 1007 10000
a contact +60000 +60600 2206 1005 10000
a contact +60000 +60600 2207 1004 10000
a contact +60000 +60600 2208 1017 10000
a contact +60000 +60600 2209 1004 10000
a contact +60000 +60600 2210 1017 10000
a contact +60000 +60600 2211 1003 10000
a contact +60000 +60600 2212 1015 10000
a contact +60000 +60600 2213 1002 10000
a contact +60000 +60600 2214 1003 10000
a contact +60000 +60600 2215 1004 10000
a contact +60000 +60600 2216 1015 10000
a contact +60600 +61200 1003 9009 100000
a contact +60600 +61200 1003 9005 100000
a contact +60600 +61200 1003 9001 100000
a contact +60600 +61200 1017 9004 100000
a contact +60600 +61200 1017 9002 100000
a contact +60600 +61200 1017 9007 100000
a contact +60600 +61200 2003 1010 10000
a contact +60600 +61200 2005 1014 10000
a contact +60600 +61200 2006 1006 10000
a contact +60600 +61200 2007 1009 10000
a contact +60600 +61200 2009 1004 10000
a contact +60600 +61200 2051 1009 10000
a contact +60600 +61200 2052 1011 10000
a contact +60600 +61200 2077 1006 10000
a contact +60600 +61200 2098 1006 10000
a contact +60600 +61200 2119 1011 10000
a contact +60600 +61200 2156 1009 10000
a contact +60600 +61200 2170 1014 10000
a contact +60600 +61200 2172 1012 10000
a contact +60600 +61200 2174 1014 10000
a contact +60600 +61200 2178 1012 10000
a contact +60600 +61200 2179 1012 10000
a contact +60600 +61200 2180 1001 10000
a contact +60600 +61200 2182 1001 10000
a contact +60600 +61200 2183 1001 10000
a contact +60600 +61200 2186 1008 10000
a contact +60600 +61200 2187 1008 10000
a contact +60600 +61200 2188 1010 10000
a contact +60600 +61200 2189 1013 10000
a contact +60600 +61200 2190 1013 10000
a contact +60600 +61200 2191 1016 10000
a contact +60600 +61200 2192 1016 10000
a contact +60600 +61200 2193 1005 10000
a contact +60600 +61200 2194 1005 10000
a contact +60600 +61200 2195 1013 10000
a contact +60600 +61200 2196 1002 10000
a contact +60600 +61200 2197 1018 10000
a contact +60600 +61200 2198 1002 10000
a contact +60600 +61200 2199 1015 10000
a contact +60600 +61200 2200 1008 10000
a contact +60600 +61200 2201 1011 10000
a contact +60600 +61200 2202 1007 10000
a contact +60600 +61200 2203 1005 10000
a contact +60600 +61200 2204 1015 10000
a contact +60600 +61200 2205 1002 10000
a contact +60600 +61200 2206 1007 10000
a contact +60600 +61200 2207 1010 10000
a contact +60600 +61200 2208 1007 10000
a contact +60600 +61200 2209 1004 10000
a contact +60600 +61200 2210 1016 10000
a contact +60600 +61200 2212 1004 10000
a contact +60600 +61200 2213 1018 10000
a contact +60600 +61200 2214 1018 10000
a contact +60600 +61200 2218 1015 10000
a contact +61200 +61800 1011 9008 100000
a contact +61200 +61800 1011 9010 100000
a contact +61200 +61800 1011 9011 100000
a contact +61200 +61800 1014 9004 100000
a contact +61200 +61800 1014 9002 100000
a contact +61200 +61800 1014 9006 100000
a contact +61200 +61800 2006 1006 10000
a contact +61200 +61800 2007 1009 10000
a contact +61200 +61800 2012 1004 10000
a contact +61200 +61800 2050 1003 10000
a contact +61200 +61800 2051 1009 10000
a contact +61200 +61800 2069 1017 10000
a contact +61200 +61800 2077 1006 10000
a contact +61200 +61800 2094 1017 10000
a contact +61200 +61800 2098 1006 10000
a contact +61200 +61800 2138 1003 10000
a contact +61200 +61800 2139 1017 10000
a contact +61200 +61800 2156 1009 10000
a contact +61200 +61800 2172 1012 10000
a contact +61200 +61800 2176 1003 10000
a contact +61200 +61800 2178 1012 10000
a contact +61200 +61800 2179 1012 10000
a contact +61200 +61800 2180 1001 10000
a contact +61200 +61800 2182 1001 10000
a contact +61200 +61800 2183 1001 10000
a contact +61200 +61800 2186 1008 10000
a contact +61200 +61800 2187 1016 10000
a contact +61200 +61800 2188 1016 10000
a contact +61200 +61800 2189 1016 10000
a contact +61200 +61800 2190 1013 10000
a contact +61200 +61800 2191 1005 10000
a contact +61200 +61800 2192 1008 10000
a contact +61200 +61800 2193 1005 10000
a contact +61200 +61800 2194 1015 10000
a contact +61200 +61800 2195 1002 10000
a contact +61200 +61800 2196 1018 10000
a contact +61200 +61800 2197 1013 10000
a contact +61200 +61800 2198 1010 10000
a contact +61200 +61800 2199 1005 10000
a contact +61200 +61800 2200 1008 10000
a contact +61200 +61800 2201 1002 10000
a contact +61200 +61800 2202 1010 10000
a contact +61200 +61800 2203 1010 10000
a contact +61200 +61800 2204 1002 10000
a contact +61200 +61800 2205 1015 10000
a contact +61200 +61800 2206 1007 10000
a contact +61200 +61800 2207 1007 10000
a contact +61200 +61800 2208 1007 10000
a contact +61200 +61800 2210 1004 10000
a contact +61200 +61800 2211 1018 10000
a contact +61200 +61800 2212 1018 10000
a contact +61200 +61800 2213 1004 10000
a contact +61200 +61800 2216 1013 10000
a contact +61200 +61800 2218 1015 10000
a contact +61800 +62400 2005 1011 10000
a contact +61800 +62400 2006 1006 10000
a contact +61800 +62400 2007 1009 10000
a contact +61800 +62400 2013 1002 10000
a contact +61800 +62400 2014 1006 10000
a contact +61800 +62400 2036 1011 10000
a contact +61800 +62400 2049 1011 10000
a contact +61800 +62400 2050 1003 10000
a contact +61800 +62400 2051 1009 10000
a contact +61800 +62400 2069 1017 10000
a contact +61800 +62400 2093 1014 10000
a contact +61800 +62400 2094 1017 10000
a contact +61800 +62400 2137 1014 10000
a contact +61800 +62400 2138 1003 10000
a contact +61800 +62400 2139 1017 10000
a contact +61800 +62400 2156 1009 10000
a contact +61800 +62400 2172 1012 10000
a contact +61800 +62400 2176 1003 10000
a contact +61800 +62400 2177 1013 10000
a contact +61800 +62400 2178 1012 10000
a contact +61800 +62400 2179 1012 10000
a contact +61800 +62400 2180 1001 10000
a contact +61800 +62400 2181 1014 10000
a contact +61800 +62400 2182 1001 10000
a contact +61800 +62400 2183 1001 10000
a contact +61800 +62400 2184 1008 10000
a contact +61800 +62400 2185 1006 10000
a contact +61800 +62400 2186 1016 10000
a contact +61800 +62400 2187 1008 10000
a contact +61800 +62400 2188 1018 10000
a contact +61800 +62400 2189 1018 10000
a contact +61800 +62400 2190 1016 10000
a contact +61800 +62400 2191 1008 10000
a contact +61800 +62400 2192 1005 10000
a contact +61800 +62400 2193 1015 10000
a contact +61800 +62400 2194 1013 10000
a contact +61800 +62400 2195 1005 10000
a contact +61800 +62400 2196 1018 10000
a contact +61800 +62400 2197 1002 10000
a contact +61800 +62400 2198 1005 10000
a contact +61800 +62400 2199 1015 10000
a contact +61800 +62400 2200 1010 10000
a contact +61800 +62400 2201 1010 10000
a contact +61800 +62400 2202 1015 10000
a contact +61800 +62400 2203 1002 10000
a contact +61800 +62400 2204 1010 10000
a contact +61800 +62400 2205 1016 10000
a contact +61800 +62400 2206 1007 10000
a contact +61800 +62400 2207 1007 10000
a contact +61800 +62400 2208 1007 10000
a contact +61800 +62400 2210 1004 10000
a contact +61800 +62400 2212 1004 10000
a contact +61800 +62400 2213 1004 10000
a contact +61800 +62400 2216 1013 10000
a contact +62400 +63000 1006 9012 100000
a contact +62400 +63000 1006 9001 100000
a contact +62400 +63000 1006 9004 100000
a contact +62400 +63000 1008 9009 100000
a contact +62400 +63000 1008 9007 100000
a contact +62400 +63000 1008 9005 100000
a contact +62400 +63000 1012 9010 100000
a contact +62400 +63000 1012 9002 100000
a contact +62400 +63000 1012 9006 100000
a contact +62400 +63000 2004 1009 10000
a contact +62400 +63000 2005 1011 10000
a contact +62400 +63000 2013 1004 10000
a contact +62400 +63000 2036 1011 10000
a contact +62400 +63000 2049 1011 10000
a contact +62400 +63000 2050 1003 10000
a contact +62400 +63000 2069 1017 10000
a contact +62400 +63000 2093 1014 10000
a contact +62400 +63000 2094 1017 10000
a contact +62400 +63000 2137 1014 10000
a contact +62400 +63000 2138 1003 10000
a contact +62400 +63000 2171 1009 10000
a contact +62400 +63000 2173 1001 10000
a contact +62400 +63000 2174 1001 10000
a contact +62400 +63000 2175 1001 10000
a contact +62400 +63000 2176 1003 10000
a contact +62400 +63000 2181 1014 10000
a contact +62400 +63000 2184 1013 10000
a contact +62400 +63000 2185 1013 10000
a contact +62400 +63000 2186 1016 10000
a contact +62400 +63000 2187 1018 10000
a contact +62400 +63000 2188 1015 10000
a contact +62400 +63000 2189 1015 10000
a contact +62400 +63000 2190 1016 10000
a contact +62400 +63000 2191 1005 10000
a contact +62400 +63000 2192 1005 10000
a contact +62400 +63000 2193 1002 10000
a contact +62400 +63000 2194 1002 10000
a contact +62400 +63000 2195 1010 10000
a contact +62400 +63000 2196 1007 10000
a contact +62400 +63000 2197 1005 10000
a contact +62400 +63000 2198 1013 10000
a contact +62400 +63000 2199 1018 10000
a contact +62400 +63000 2200 1004 10000
a contact +62400 +63000 2201 1007 10000
a contact +62400 +63000 2202 1002 10000
a contact +62400 +63000 2203 1015 10000
a contact +62400 +63000 2204 1010 10000
a contact +62400 +63000 2205 1007 10000
a contact +62400 +63000 2206 1016 10000
a contact +62400 +63000 2207 1010 10000
a contact +62400 +63000 2208 1004 10000
a contact +62400 +63000 2209 1009 10000
a contact +62400 +63000 2213 1018 10000
a contact +62400 +63000 2215 1017 10000
a contact +63000 +63600 1008 9011 100000
a contact +63000 +63600 1008 9009 100000
a contact +63000 +63600 1008 9007 100000
a contact +63000 +63600 2004 1009 10000
a contact +63000 +63600 2005 1011 10000
a contact +63000 +63600 2009 1001 10000
a contact +63000 +63600 2016 1003 10000
a contact +63000 +63600 2036 1011 10000
a contact +63000 +63600 2062 1012 10000
a contact +63000 +63600 2100 1012 10000
a contact +63000 +63600 2134 1006 10000
a contact +63000 +63600 2135 1006 10000
a contact +63000 +63600 2136 1012 10000
a contact +63000 +63600 2157 1006 10000
a contact +63000 +63600 2171 1009 10000
a contact +63000 +63600 2176 1018 10000
a contact +63000 +63600 2177 1016 10000
a contact +63000 +63600 2178 1013 10000
a contact +63000 +63600 2179 1017 10000
a contact +63000 +63600 2180 1017 10000
a contact +63000 +63600 2181 1014 10000
a contact +63000 +63600 2182 1014 10000
a contact +63000 +63600 2183 1009 10000
a contact +63000 +63600 2184 1013 10000
a contact +63000 +63600 2185 1010 10000
a contact +63000 +63600 2186 1016 10000
a contact +63000 +63600 2187 1018 10000
a contact +63000 +63600 2188 1018 10000
a contact +63000 +63600 2189 1015 10000
a contact +63000 +63600 2190 1005 10000
a contact +63000 +63600 2191 1015 10000
a contact +63000 +63600 2192 1015 10000
a contact +63000 +63600 2193 1002 10000
a contact +63000 +63600 2194 1002 10000
a contact +63000 +63600 2195 1010 10000
a contact +63000 +63600 2196 1005 10000
a contact +63000 +63600 2197 1005 10000
a contact +63000 +63600 2198 1007 10000
a contact +63000 +63600 2199 1007 10000
a contact +63000 +63600 2200 1007 10000
a contact +63000 +63600 2201 1002 10000
a contact +63000 +63600 2202 1004 10000
a contact +63000 +63600 2203 1004 10000
a contact +63000 +63600 2204 1010 10000
a contact +63000 +63600 2205 1016 10000
a contact +63000 +63600 2206 1001 10000
a contact +63000 +63600 2207 1001 10000
a contact +63000 +63600 2208 1004 10000
a contact +63000 +63600 2210 1003 10000
a contact +63000 +63600 2211 1003 10000
a contact +63000 +63600 2212 1017 10000
a contact +63000 +63600 2215 1013 10000
a contact +63600 +64200 2010 1011 10000
a contact +63600 +64200 2012 1001 10000
a contact +63600 +64200 2016 1003 10000
a contact +63600 +64200 2036 1011 10000
a contact +63600 +64200 2062 1012 10000
a contact +63600 +64200 2082 1008 10000
a contact +63600 +64200 2098 1008 10000
a contact +63600 +64200 2100 1012 10000
a contact +63600 +64200 2126 1008 10000
a contact +63600 +64200 2134 1006 10000
a contact +63600 +64200 2135 1006 10000
a contact +63600 +64200 2136 1012 10000
a contact +63000 +64200 2137 1014 10000
a contact +63600 +64200 2157 1006 10000
a contact +63600 +64200 2171 1009 10000
a contact +63600 +64200 2177 1007 10000
a contact +63600 +64200 2178 1013 10000
a contact +63600 +64200 2179 1017 10000
a contact +63600 +64200 2180 1017 10000
a contact +63600 +64200 2181 1014 10000
a contact +63600 +64200 2182 1014 10000
a contact +63600 +64200 2183 1009 10000
a contact +63600 +64200 2184 1016 10000
a contact +63600 +64200 2185 1010 10000
a contact +63600 +64200 2186 1005 10000
a contact +63600 +64200 2187 1018 10000
a contact +63600 +64200 2188 1015 10000
a contact +63600 +64200 2189 1005 10000
a contact +63600 +64200 2190 1015 10000
a contact +63600 +64200 2191 1002 10000
a contact +63600 +64200 2192 1002 10000
a contact +63600 +64200 2193 1007 10000
a contact +63600 +64200 2194 1013 10000
a contact +63600 +64200 2195 1005 10000
a contact +63600 +64200 2196 1015 10000
a contact +63600 +64200 2197 1010 10000
a contact +63600 +64200 2198 1018 10000
a contact +63600 +64200 2199 1007 10000
a contact +63600 +64200 2200 1002 10000
a contact +63600 +64200 2201 1013 10000
a contact +63600 +64200 2202 1004 10000
a contact +63600 +64200 2203 1010 10000
a contact +63600 +64200 2204 1016 10000
a contact +63600 +64200 2205 1001 10000
a contact +63600 +64200 2206 1001 10000
a contact +63600 +64200 2207 1004 10000
a contact +63600 +64200 2208 1004 10000
a contact +63600 +64200 2209 1018 10000
a contact +63600 +64200 2210 1003 10000
a contact +63600 +64200 2211 1003 10000
a contact +63600 +64200 2212 1017 10000
a contact +63000 +64200 2214 1011 10000
a contact +63600 +64200 2217 1016 10000
a contact +63600 +64800 2004 1009 10000
a contact +64200 +64800 2010 1011 10000
a contact +64200 +64800 2016 1003 10000
a contact +64200 +64800 2019 1013 10000
a contact +64200 +64800 2036 1011 10000
a contact +64200 +64800 2062 1012 10000
a contact +64200 +64800 2082 1008 10000
a contact +64200 +64800 2098 1008 10000
a contact +64200 +64800 2100 1012 10000
a contact +64200 +64800 2126 1008 10000
a contact +64200 +64800 2134 1006 10000
a contact +64200 +64800 2135 1006 10000
a contact +64200 +64800 2136 1012 10000
a contact +64200 +64800 2137 1014 10000
a contact +64200 +64800 2157 1006 10000
a contact +64200 +64800 2171 1009 10000
a contact +64200 +64800 2177 1013 10000
a contact +64200 +64800 2178 1001 10000
a contact +64200 +64800 2179 1017 10000
a contact +64200 +64800 2180 1017 10000
a contact +64200 +64800 2181 1014 10000
a contact +64200 +64800 2182 1014 10000
a contact +64200 +64800 2183 1009 10000
a contact +64200 +64800 2184 1016 10000
a contact +64200 +64800 2185 1010 10000
a contact +64200 +64800 2186 1005 10000
a contact +64200 +64800 2187 1016 10000
a contact +64200 +64800 2188 1018 10000
a contact +64200 +64800 2189 1016 10000
a contact +64200 +64800 2190 1005 10000
a contact +64200 +64800 2191 1002 10000
a contact +64200 +64800 2192 1002 10000
a contact +64200 +64800 2193 1010 10000
a contact +64200 +64800 2194 1005 10000
a contact +64200 +64800 2195 1007 10000
a contact +64200 +64800 2196 1015 10000
a contact +64200 +64800 2197 1007 10000
a contact +64200 +64800 2198 1002 10000
a contact +64200 +64800 2199 1004 10000
a contact +64200 +64800 2200 1010 10000
a contact +64200 +64800 2201 1007 10000
a contact +64200 +64800 2202 1015 10000
a contact +64200 +64800 2203 1015 10000
a contact +64200 +64800 2204 1001 10000
a contact +64200 +64800 2205 1001 10000
a contact +64200 +64800 2206 1004 10000
a contact +64200 +64800 2207 1004 10000
a contact +64200 +64800 2208 1018 10000
a contact +64200 +64800 2209 1018 10000
a contact +64200 +64800 2210 1003 10000
a contact +64200 +64800 2211 1003 10000
a contact +64200 +64800 2212 1017 10000
a contact +64200 +64800 2213 1013 10000
a contact +64200 +64800 2214 1011 10000
a contact +64800 +65400 1013 9001 100000
a contact +64800 +65400 1013 9011 100000
a contact +64800 +65400 2010 1011 10000
a contact +64800 +65400 2017 1001 10000
a contact +64800 +65400 2082 1008 10000
a contact +64800 +65400 2098 1008 10000
a contact +64800 +65400 2126 1008 10000
a contact +64800 +65400 2156 1003 10000
a contact +64800 +65400 2158 1014 10000
a contact +64800 +65400 2159 1014 10000
a contact +64800 +65400 2160 1009 10000
a contact +64800 +65400 2161 1009 10000
a contact +64800 +65400 2162 1011 10000
a contact +64800 +65400 2163 1014 10000
a contact +64800 +65400 2164 1017 10000
a contact +64800 +65400 2165 1012 10000
a contact +64800 +65400 2166 1012 10000
a contact +64800 +65400 2167 1012 10000
a contact +64800 +65400 2168 1011 10000
a contact +64800 +65400 2169 1006 10000
a contact +64800 +65400 2170 1006 10000
a contact +64800 +65400 2172 1017 10000
a contact +64800 +65400 2173 1017 10000
a contact +64800 +65400 2174 1009 10000
a contact +64800 +65400 2175 1003 10000
a contact +64800 +65400 2176 1006 10000
a contact +64800 +65400 2185 1005 10000
a contact +64800 +65400 2186 1015 10000
a contact +64800 +65400 2187 1015 10000
a contact +64800 +65400 2188 1005 10000
a contact +64800 +65400 2189 1002 10000
a contact +64800 +65400 2190 1002 10000
a contact +64800 +65400 2191 1018 10000
a contact +64800 +65400 2192 1007 10000
a contact +64800 +65400 2193 1005 10000
a contact +64800 +65400 2194 1007 10000
a contact +64800 +65400 2195 1007 10000
a contact +64800 +65400 2196 1016 10000
a contact +64800 +65400 2197 1002 10000
a contact +64800 +65400 2198 1004 10000
a contact +64800 +65400 2199 1010 10000
a contact +64800 +65400 2200 1010 10000
a contact +64800 +65400 2201 1004 10000
a contact +64800 +65400 2202 1004 10000
a contact +64800 +65400 2203 1010 10000
a contact +64800 +65400 2204 1001 10000
a contact +64800 +65400 2205 1016 10000
a contact +64800 +65400 2206 1016 10000
a contact +64800 +65400 2207 1015 10000
a contact +64800 +65400 2208 1018 10000
a contact +64800 +65400 2209 1018 10000
a contact +64800 +65400 2210 1001 10000
a contact +64800 +65400 2215 1003 10000
a contact +65400 +66000 1005 9001 100000
a contact +65400 +66000 1005 9007 100000
a contact +65400 +66000 1005 9005 100000
a contact +65400 +66000 1013 9011 100000
a contact +64800 +66000 1013 9009 100000
a contact +65400 +66000 1013 9003 100000
a contact +65400 +66000 2017 1001 10000
a contact +65400 +66000 2018 1003 10000
a contact +65400 +66000 2156 1003 10000
a contact +65400 +66000 2158 1014 10000
a contact +65400 +66000 2159 1014 10000
a contact +65400 +66000 2160 1009 10000
a contact +65400 +66000 2161 1009 10000
a contact +65400 +66000 2162 1011 10000
a contact +65400 +66000 2163 1014 10000
a contact +65400 +66000 2164 1017 10000
a contact +65400 +66000 2165 1012 10000
a contact +65400 +66000 2166 1012 10000
a contact +65400 +66000 2167 1012 10000
a contact +65400 +66000 2168 1011 10000
a contact +65400 +66000 2169 1006 10000
a contact +65400 +66000 2172 1017 10000
a contact +65400 +66000 2173 1017 10000
a contact +65400 +66000 2174 1009 10000
a contact +65400 +66000 2175 1003 10000
a contact +65400 +66000 2176 1006 10000
a contact +65400 +66000 2178 1016 10000
a contact +65400 +66000 2179 1016 10000
a contact +65400 +66000 2180 1011 10000
a contact +65400 +66000 2181 1008 10000
a contact +65400 +66000 2182 1008 10000
a contact +65400 +66000 2183 1008 10000
a contact +65400 +66000 2184 1006 10000
a contact +65400 +66000 2185 1002 10000
a contact +65400 +66000 2186 1015 10000
a contact +65400 +66000 2187 1004 10000
a contact +65400 +66000 2188 1010 10000
a contact +65400 +66000 2189 1002 10000
a contact +65400 +66000 2190 1015 10000
a contact +65400 +66000 2191 1018 10000
a contact +65400 +66000 2192 1018 10000
a contact +65400 +66000 2193 1007 10000
a contact +65400 +66000 2194 1016 10000
a contact +65400 +66000 2195 1018 10000
a contact +65400 +66000 2196 1002 10000
a contact +65400 +66000 2197 1007 10000
a contact +65400 +66000 2198 1007 10000
a contact +65400 +66000 2199 1010 10000
a contact +65400 +66000 2200 1004 10000
a contact +65400 +66000 2201 1004 10000
a contact +65400 +66000 2202 1010 10000
a contact +65400 +66000 2203 1001 10000
a contact +65400 +66000 2206 1001 10000
a contact +65400 +66000 2207 1015 10000
a contact +66000 +66600 1003 9006 100000
a contact +66000 +66600 1003 9007 100000
a contact +66000 +66600 1003 9002 100000
a contact +66000 +66600 1005 9011 100000
a contact +66000 +66600 1005 9001 100000
a contact +66000 +66600 1005 9003 100000
a contact +66000 +66600 1016 9004 100000
a contact +66000 +66600 1016 9008 100000
a contact +66000 +66600 1016 9012 100000
a contact +66000 +66600 2007 1006 10000
a contact +66000 +66600 2017 1002 10000
a contact +66000 +66600 2041 1013 10000
a contact +66000 +66600 2085 1013 10000
a contact +66000 +66600 2129 1013 10000
a contact +66000 +66600 2158 1014 10000
a contact +66000 +66600 2159 1014 10000
a contact +66000 +66600 2160 1009 10000
a contact +66000 +66600 2161 1009 10000
a contact +66000 +66600 2163 1014 10000
a contact +66000 +66600 2164 1017 10000
a contact +66000 +66600 2165 1012 10000
a contact +66000 +66600 2166 1012 10000
a contact +66000 +66600 2167 1012 10000
a contact +66000 +66600 2168 1011 10000
a contact +66000 +66600 2172 1017 10000
a contact +66000 +66600 2173 1017 10000
a contact +66000 +66600 2174 1009 10000
a contact +66000 +66600 2177 1006 10000
a contact +66000 +66600 2180 1011 10000
a contact +66000 +66600 2181 1008 10000
a contact +66000 +66600 2182 1008 10000
a contact +66000 +66600 2183 1008 10000
a contact +66000 +66600 2184 1006 10000
a contact +66000 +66600 2186 1004 10000
a contact +66000 +66600 2187 1015 10000
a contact +66000 +66600 2188 1002 10000
a contact +66000 +66600 2189 1015 10000
a contact +66000 +66600 2190 1002 10000
a contact +66000 +66600 2191 1018 10000
a contact +66000 +66600 2192 1018 10000
a contact +66000 +66600 2193 1007 10000
a contact +66000 +66600 2194 1007 10000
a contact +66000 +66600 2195 1010 10000
a contact +66000 +66600 2196 1010 10000
a contact +66000 +66600 2197 1018 10000
a contact +66000 +66600 2198 1010 10000
a contact +66000 +66600 2199 1004 10000
a contact +66000 +66600 2200 1004 10000
a contact +66000 +66600 2201 1007 10000
a contact +66000 +66600 2202 1001 10000
a contact +66000 +66600 2203 1001 10000
a contact +66000 +66600 2205 1001 10000
a contact +66000 +66600 2207 1015 10000
a contact +66000 +66600 2209 1011 10000
a contact +66600 +67200 1016 9008 100000
a contact +66600 +67200 1016 9010 100000
a contact +66600 +67200 1016 9006 100000
a contact +66600 +67200 2004 1011 10000
a contact +66600 +67200 2007 1006 10000
a contact +66600 +67200 2017 1002 10000
a contact +66600 +67200 2034 1003 10000
a contact +66600 +67200 2035 1003 10000
a contact +66600 +67200 2038 1005 10000
a contact +66600 +67200 2041 1013 10000
a contact +66600 +67200 2070 1005 10000
a contact +66600 +67200 2085 1013 10000
a contact +66600 +67200 2129 1013 10000
a contact +66600 +67200 2134 1005 10000
a contact +66600 +67200 2150 1003 10000
a contact +66600 +67200 2156 1012 10000
a contact +66600 +67200 2169 1017 10000
a contact +66600 +67200 2170 1012 10000
a contact +66600 +67200 2171 1017 10000
a contact +66600 +67200 2174 1018 10000
a contact +66600 +67200 2175 1018 10000
a contact +66600 +67200 2176 1018 10000
a contact +66600 +67200 2177 1006 10000
a contact +66600 +67200 2178 1014 10000
a contact +66600 +67200 2179 1014 10000
a contact +66600 +67200 2180 1011 10000
a contact +66600 +67200 2181 1008 10000
a contact +66600 +67200 2182 1008 10000
a contact +66600 +67200 2183 1008 10000
a contact +66600 +67200 2184 1006 10000
a contact +66600 +67200 2185 1012 10000
a contact +66600 +67200 2186 1015 10000
a contact +66600 +67200 2187 1010 10000
a contact +66600 +67200 2188 1002 10000
a contact +66600 +67200 2189 1004 10000
a contact +66600 +67200 2190 1015 10000
a contact +66600 +67200 2191 1010 10000
a contact +66600 +67200 2192 1007 10000
a contact +66600 +67200 2193 1004 10000
a contact +66600 +67200 2194 1007 10000
a contact +66600 +67200 2195 1002 10000
a contact +66600 +67200 2196 1007 10000
a contact +66600 +67200 2197 1015 10000
a contact +66600 +67200 2198 1004 10000
a contact +66600 +67200 2199 1001 10000
a contact +66600 +67200 2200 1009 10000
a contact +66600 +67200 2201 1001 10000
a contact +66600 +67200 2202 1010 10000
a contact +66600 +67200 2203 1009 10000
a contact +66600 +67200 2204 1014 10000
a contact +66600 +67200 2205 1009 10000
a contact +66600 +67200 2206 1011 10000
a contact +66600 +67200 2207 1001 10000
a contact +66600 +67200 2208 1017 10000
a contact +67200 +67800 1010 9011 100000
a contact +67200 +67800 1010 9005 100000
a contact +67200 +67800 1010 9009 100000
a contact +67200 +67800 2002 1002 10000
a contact +67200 +67800 2004 1011 10000
a contact +67200 +67800 2005 1008 10000
a contact +67200 +67800 2007 1006 10000
a contact +67200 +67800 2016 1001 10000
a contact +67200 +67800 2034 1003 10000
a contact +67200 +67800 2035 1003 10000
a contact +67200 +67800 2038 1005 10000
a contact +67200 +67800 2041 1013 10000
a contact +67200 +67800 2066 1016 10000
a contact +67200 +67800 2070 1005 10000
a contact +67200 +67800 2085 1013 10000
a contact +67200 +67800 2110 1016 10000
a contact +67200 +67800 2129 1013 10000
a contact +67200 +67800 2134 1005 10000
a contact +67200 +67800 2150 1003 10000
a contact +67200 +67800 2154 1016 10000
a contact +67200 +67800 2156 1012 10000
a contact +67200 +67800 2165 1011 10000
a contact +67200 +67800 2166 1011 10000
a contact +67200 +67800 2167 1008 10000
a contact +67200 +67800 2168 1008 10000
a contact +67200 +67800 2170 1012 10000
a contact +67200 +67800 2172 1006 10000
a contact +67200 +67800 2173 1014 10000
a contact +67200 +67800 2177 1006 10000
a contact +67200 +67800 2178 1014 10000
a contact +67200 +67800 2179 1014 10000
a contact +67200 +67800 2185 1012 10000
a contact +67200 +67800 2187 1002 10000
a contact +67200 +67800 2188 1015 10000
a contact +67200 +67800 2189 1004 10000
a contact +67200 +67800 2190 1009 10000
a contact +67200 +67800 2191 1002 10000
a contact +67200 +67800 2192 1007 10000
a contact +67200 +67800 2193 1004 10000
a contact +67200 +67800 2194 1015 10000
a contact +67200 +67800 2195 1018 10000
a contact +67200 +67800 2196 1018 10000
a contact +67200 +67800 2197 1007 10000
a contact +67200 +67800 2198 1018 10000
a contact +67200 +67800 2199 1004 10000
a contact +67200 +67800 2201 1001 10000
a contact +67200 +67800 2202 1017 10000
a contact +67200 +67800 2203 1017 10000
a contact +67200 +67800 2204 1001 10000
a contact +67200 +67800 2205 1009 10000
a contact +67200 +67800 2206 1015 10000
a contact +67200 +67800 2207 1007 10000
a contact +67200 +67800 2209 1017 10000
a contact +67200 +67800 2213 1009 10000
a contact +67800 +68400 2004 1011 10000
a contact +67800 +68400 2005 1008 10000
a contact +67800 +68400 2006 1007 10000
a contact +67800 +68400 2007 1006 10000
a contact +67800 +68400 2016 1001 10000
a contact +67800 +68400 2034 1003 10000
a contact +67800 +68400 2035 1003 10000
a contact +67800 +68400 2038 1005 10000
a contact +67800 +68400 2041 1013 10000
a contact +67800 +68400 2044 1010 10000
a contact +67800 +68400 2066 1016 10000
a contact +67800 +68400 2070 1005 10000
a contact +67800 +68400 2073 1010 10000
a contact +67800 +68400 2085 1013 10000
a contact +67800 +68400 2088 1010 10000
a contact +67800 +68400 2110 1016 10000
a contact +67800 +68400 2129 1013 10000
a contact +67800 +68400 2134 1005 10000
a contact +67800 +68400 2150 1003 10000
a contact +67800 +68400 2154 1016 10000
a contact +67800 +68400 2165 1011 10000
a contact +67800 +68400 2166 1011 10000
a contact +67800 +68400 2167 1008 10000
a contact +67800 +68400 2168 1008 10000
a contact +67800 +68400 2170 1012 10000
a contact +67800 +68400 2172 1006 10000
a contact +67800 +68400 2177 1006 10000
a contact +67800 +68400 2181 1018 10000
a contact +67800 +68400 2182 1018 10000
a contact +67800 +68400 2183 1014 10000
a contact +67800 +68400 2184 1002 10000
a contact +67800 +68400 2185 1012 10000
a contact +67800 +68400 2186 1012 10000
a contact +67800 +68400 2187 1002 10000
a contact +67800 +68400 2188 1007 10000
a contact +67800 +68400 2189 1014 10000
a contact +67800 +68400 2190 1002 10000
a contact +67800 +68400 2191 1017 10000
a contact +67800 +68400 2192 1009 10000
a contact +67800 +68400 2193 1004 10000
a contact +67800 +68400 2194 1015 10000
a contact +67800 +68400 2195 1007 10000
a contact +67800 +68400 2196 1004 10000
a contact +67800 +68400 2197 1015 10000
a contact +67800 +68400 2198 1004 10000
a contact +67800 +68400 2199 1001 10000
a contact +67800 +68400 2201 1001 10000
a contact +67800 +68400 2202 1014 10000
a contact +67800 +68400 2203 1017 10000
a contact +67800 +68400 2205 1018 10000
a contact +67800 +68400 2206 1015 10000
a contact +67800 +68400 2207 1009 10000
a contact +67800 +68400 2208 1009 10000
a contact +67800 +68400 2209 1017 10000
a contact +68400 +69000 1002 9007 100000
a contact +68400 +69000 1005 9003 100000
a contact +68400 +69000 1005 9008 100000
a contact +68400 +69000 1005 9006 100000
a contact +68400 +69000 1008 9011 100000
a contact +68400 +69000 1008 9009 100000
a contact +68400 +69000 1011 9004 100000
a contact +68400 +69000 1011 9012 100000
a contact +68400 +69000 1011 9002 100000
a contact +68400 +69000 1016 9010 100000
a contact +68400 +69000 2003 1008 10000
a contact +68400 +69000 2017 1012 10000
a contact +68400 +69000 2044 1010 10000
a contact +68400 +69000 2073 1010 10000
a contact +68400 +69000 2088 1010 10000
a contact +68400 +69000 2170 1018 10000
a contact +68400 +69000 2171 1017 10000
a contact +68400 +69000 2172 1006 10000
a contact +68400 +69000 2173 1015 10000
a contact +68400 +69000 2174 1012 10000
a contact +68400 +69000 2175 1018 10000
a contact +68400 +69000 2176 1015 10000
a contact +68400 +69000 2177 1016 10000
a contact +68400 +69000 2178 1003 10000
a contact +68400 +69000 2179 1006 10000
a contact +68400 +69000 2180 1006 10000
a contact +68400 +69000 2181 1018 10000
a contact +68400 +69000 2182 1017 10000
a contact +68400 +69000 2183 1007 10000
a contact +68400 +69000 2184 1016 10000
a contact +68400 +69000 2185 1007 10000
a contact +68400 +69000 2186 1012 10000
a contact +68400 +69000 2187 1014 10000
a contact +68400 +69000 2188 1004 10000
a contact +68400 +69000 2189 1009 10000
a contact +68400 +69000 2190 1017 10000
a contact +68400 +69000 2191 1009 10000
a contact +68400 +69000 2192 1013 10000
a contact +68400 +69000 2193 1013 10000
a contact +68400 +69000 2194 1001 10000
a contact +68400 +69000 2195 1004 10000
a contact +68400 +69000 2196 1001 10000
a contact +68400 +69000 2197 1004 10000
a contact +68400 +69000 2198 1007 10000
a contact +68400 +69000 2199 1014 10000
a contact +68400 +69000 2200 1003 10000
a contact +68400 +69000 2202 1014 10000
a contact +68400 +69000 2203 1001 10000
a contact +68400 +69000 2204 1003 10000
a contact +68400 +69000 2205 1009 10000
a contact +68400 +69000 2206 1015 10000
a contact +68400 +69000 2214 1013 10000
a contact +68400 +69600 1002 9005 100000
a contact +68400 +69600 1002 9001 100000
a contact +69000 +69600 1002 9009 100000
a contact +69000 +69600 1010 9010 100000
a contact +69000 +69600 1010 9008 100000
a contact +69000 +69600 1010 9006 100000
a contact +69000 +69600 1013 9004 100000
a contact +69000 +69600 1013 9002 100000
a contact +69000 +69600 1013 9012 100000
a contact +69000 +69600 1018 9003 100000
a contact +69000 +69600 1018 9011 100000
a contact +69000 +69600 2003 1008 10000
a contact +69000 +69600 2006 1008 10000
a contact +69000 +69600 2008 1006 10000
a contact +69000 +69600 2012 1011 10000
a contact +69000 +69600 2015 1001 10000
a contact +69000 +69600 2017 1012 10000
a contact +69000 +69600 2026 1005 10000
a contact +69000 +69600 2034 1011 10000
a contact +69000 +69600 2062 1011 10000
a contact +69000 +69600 2102 1005 10000
a contact +69000 +69600 2105 1008 10000
a contact +69000 +69600 2106 1016 10000
a contact +69000 +69600 2168 1016 10000
a contact +69000 +69600 2174 1012 10000
a contact +69000 +69600 2177 1016 10000
a contact +69000 +69600 2178 1003 10000
a contact +69000 +69600 2179 1009 10000
a contact +69000 +69600 2180 1014 10000
a contact +69000 +69600 2181 1007 10000
a contact +69000 +69600 2182 1007 10000
a contact +69000 +69600 2183 1005 10000
a contact +69000 +69600 2184 1001 10000
a contact +69000 +69600 2185 1004 10000
a contact +69000 +69600 2186 1012 10000
a contact +69000 +69600 2187 1015 10000
a contact +69000 +69600 2188 1007 10000
a contact +69000 +69600 2189 1014 10000
a contact +69000 +69600 2190 1009 10000
a contact +69000 +69600 2191 1014 10000
a contact +69000 +69600 2192 1001 10000
a contact +69000 +69600 2193 1006 10000
a contact +69000 +69600 2194 1006 10000
a contact +69000 +69600 2195 1004 10000
a contact +69000 +69600 2196 1015 10000
a contact +69000 +69600 2197 1004 10000
a contact +69000 +69600 2198 1009 10000
a contact +69000 +69600 2199 1017 10000
a contact +69000 +69600 2200 1003 10000
a contact +69000 +69600 2202 1017 10000
a contact +69000 +69600 2203 1017 10000
a contact +69000 +69600 2204 1003 10000
a contact +69000 +69600 2205 1015 10000
a contact +69600 +70200 1002 9009 100000
a contact +69600 +70200 1002 9005 100000
a contact +69600 +70200 1002 9011 100000
a contact +69000 +70200 1018 9007 100000
a contact +69600 +70200 1018 9001 100000
a contact +69600 +70200 1018 9003 100000
a contact +69600 +70200 2004 1013 10000
a contact +69600 +70200 2006 1008 10000
a contact +69600 +70200 2007 1008 10000
a contact +69600 +70200 2012 1011 10000
a contact +69600 +70200 2016 1001 10000
a contact +69600 +70200 2026 1005 10000
a contact +69600 +70200 2034 1011 10000
a contact +69600 +70200 2048 1013 10000
a contact +69600 +70200 2061 1013 10000
a contact +69600 +70200 2062 1011 10000
a contact +69600 +70200 2092 1010 10000
a contact +69600 +70200 2102 1005 10000
a contact +69600 +70200 2106 1016 10000
a contact +69600 +70200 2127 1010 10000
a contact +69600 +70200 2168 1016 10000
a contact +69600 +70200 2171 1010 10000
a contact +69600 +70200 2172 1016 10000
a contact +69600 +70200 2173 1015 10000
a contact +69600 +70200 2174 1015 10000
a contact +69600 +70200 2175 1006 10000
a contact +69600 +70200 2176 1008 10000
a contact +69600 +70200 2177 1007 10000
a contact +69600 +70200 2178 1003 10000
a contact +69600 +70200 2179 1014 10000
a contact +69600 +70200 2180 1014 10000
a contact +69600 +70200 2181 1009 10000
a contact +69600 +70200 2182 1007 10000
a contact +69600 +70200 2183 1005 10000
a contact +69600 +70200 2184 1009 10000
a contact +69600 +70200 2185 1007 10000
a contact +69600 +70200 2186 1009 10000
a contact +69600 +70200 2187 1017 10000
a contact +69600 +70200 2188 1004 10000
a contact +69600 +70200 2189 1004 10000
a contact +69600 +70200 2190 1012 10000
a contact +69600 +70200 2191 1012 10000
a contact +69600 +70200 2192 1006 10000
a contact +69600 +70200 2193 1006 10000
a contact +69600 +70200 2194 1001 10000
a contact +69600 +70200 2195 1004 10000
a contact +69600 +70200 2196 1001 10000
a contact +69600 +70200 2198 1012 10000
a contact +69600 +70200 2199 1017 10000
a contact +69600 +70200 2200 1003 10000
a contact +69600 +70200 2201 1003 10000
a contact +69600 +70200 2202 1017 10000
a contact +69600 +70200 2204 1015 10000
a contact +69600 +70200 2205 1014 10000
a contact +70200 +70800 1002 9006 100000
a contact +70200 +70800 1002 9002 100000
a contact +70200 +70800 1002 9010 100000
a contact +70200 +70800 1007 9001 100000
a contact +70200 +70800 1007 9003 100000
a contact +70200 +70800 2004 1013 10000
a contact +70200 +70800 2006 1008 10000
a contact +70200 +70800 2007 1008 10000
a contact +70200 +70800 2008 1011 10000
a contact +70200 +70800 2014 1015 10000
a contact +70200 +70800 2026 1005 10000
a contact +70200 +70800 2034 1011 10000
a contact +70200 +70800 2048 1013 10000
a contact +70200 +70800 2060 1018 10000
a contact +70200 +70800 2061 1013 10000
a contact +70200 +70800 2062 1011 10000
a contact +70200 +70800 2092 1010 10000
a contact +70200 +70800 2102 1005 10000
a contact +70200 +70800 2104 1018 10000
a contact +70200 +70800 2106 1016 10000
a contact +70200 +70800 2115 1018 10000
a contact +70200 +70800 2127 1010 10000
a contact +70200 +70800 2168 1016 10000
a contact +70200 +70800 2171 1010 10000
a contact +70200 +70800 2172 1016 10000
a contact +70200 +70800 2176 1008 10000
a contact +70200 +70800 2178 1017 10000
a contact +70200 +70800 2179 1006 10000
a contact +70200 +70800 2180 1014 10000
a contact +70200 +70800 2181 1006 10000
a contact +70200 +70800 2182 1004 10000
a contact +70200 +70800 2183 1005 10000
a contact +70200 +70800 2184 1017 10000
a contact +70200 +70800 2185 1014 10000
a contact +70200 +70800 2186 1017 10000
a contact +70200 +70800 2187 1004 10000
a contact +70200 +70800 2188 1012 10000
a contact +70200 +70800 2189 1012 10000
a contact +70200 +70800 2190 1001 10000
a contact +70200 +70800 2191 1006 10000
a contact +70200 +70800 2192 1001 10000
a contact +70200 +70800 2193 1012 10000
a contact +70200 +70800 2194 1004 10000
a contact +70200 +70800 2195 1009 10000
a contact +70200 +70800 2196 1009 10000
a contact +70200 +70800 2197 1003 10000
a contact +70200 +70800 2198 1015 10000
a contact +70200 +70800 2199 1001 10000
a contact +70200 +70800 2200 1009 10000
a contact +70200 +70800 2201 1003 10000
a contact +70200 +70800 2202 1014 10000
a contact +70200 +70800 2203 1003 10000
a contact +70200 +70800 2205 1015 10000
a contact +70800 +71400 1007 9003 100000
a contact +70800 +71400 1007 9001 100000
a contact +70200 +71400 1007 9007 100000
a contact +70800 +71400 2004 1013 10000
a contact +70800 +71400 2007 1008 10000
a contact +70800 +71400 2008 1011 10000
a contact +70800 +71400 2010 1005 10000
a contact +70800 +71400 2014 1001 10000
a contact +70800 +71400 2023 1002 10000
a contact +70800 +71400 2040 1002 10000
a contact +70800 +71400 2048 1013 10000
a contact +70800 +71400 2060 1018 10000
a contact +70800 +71400 2061 1013 10000
a contact +70800 +71400 2092 1010 10000
a contact +70800 +71400 2104 1018 10000
a contact +70800 +71400 2127 1010 10000
a contact +70800 +71400 2166 1018 10000
a contact +70800 +71400 2167 1011 10000
a contact +70800 +71400 2168 1015 10000
a contact +70800 +71400 2169 1008 10000
a contact +70800 +71400 2170 1005 10000
a contact +70800 +71400 2171 1010 10000
a contact +70800 +71400 2172 1016 10000
a contact +70800 +71400 2173 1002 10000
a contact +70800 +71400 2174 1003 10000
a contact +70800 +71400 2175 1005 10000
a contact +70800 +71400 2176 1008 10000
a contact +70800 +71400 2177 1003 10000
a contact +70800 +71400 2178 1016 10000
a contact +70800 +71400 2179 1016 10000
a contact +70800 +71400 2180 1004 10000
a contact +70800 +71400 2181 1012 10000
a contact +70800 +71400 2182 1012 10000
a contact +70800 +71400 2183 1014 10000
a contact +70800 +71400 2184 1017 10000
a contact +70800 +71400 2185 1015 10000
a contact +70800 +71400 2186 1004 10000
a contact +70800 +71400 2187 1017 10000
a contact +70800 +71400 2188 1004 10000
a contact +70800 +71400 2189 1006 10000
a contact +70800 +71400 2190 1001 10000
a contact +70800 +71400 2191 1006 10000
a contact +70800 +71400 2192 1006 10000
a contact +70800 +71400 2193 1012 10000
a contact +70800 +71400 2194 1009 10000
a contact +70800 +71400 2195 1009 10000
a contact +70800 +71400 2196 1009 10000
a contact +70800 +71400 2197 1014 10000
a contact +70800 +71400 2198 1015 10000
a contact +70800 +71400 2199 1017 10000
a contact +70800 +71400 2201 1003 10000
a contact +70800 +71400 2202 1001 10000
a contact +70800 +71400 2204 1011 10000
a contact +70800 +71400 2205 1014 10000
a contact +71400 +72000 2003 1016 10000
a contact +71400 +72000 2004 1013 10000
a contact +71400 +72000 2007 1008 10000
a contact +71400 +72000 2008 1011 10000
a contact +71400 +72000 2010 1005 10000
a contact +71400 +72000 2013 1017 10000
a contact +71400 +72000 2023 1002 10000
a contact +71400 +72000 2040 1002 10000
a contact +71400 +72000 2048 1013 10000
a contact +71400 +72000 2051 1007 10000
a contact +71400 +72000 2060 1018 10000
a contact +71400 +72000 2089 1007 10000
a contact +71400 +72000 2092 1010 10000
a contact +71400 +72000 2127 1010 10000
a contact +71400 +72000 2154 1007 10000
a contact +71400 +72000 2166 1018 10000
a contact +71400 +72000 2167 1011 10000
a contact +71400 +72000 2168 1014 10000
a contact +71400 +72000 2169 1008 10000
a contact +71400 +72000 2170 1005 10000
a contact +71400 +72000 2171 1010 10000
a contact +71400 +72000 2172 1009 10000
a contact +71400 +72000 2173 1002 10000
a contact +71400 +72000 2174 1003 10000
a contact +71400 +72000 2175 1005 10000
a contact +71400 +72000 2176 1008 10000
a contact +71400 +72000 2177 1003 10000
a contact +71400 +72000 2178 1016 10000
a contact +71400 +72000 2179 1004 10000
a contact +71400 +72000 2180 1004 10000
a contact +71400 +72000 2181 1012 10000
a contact +71400 +72000 2182 1017 10000
a contact +71400 +72000 2183 1015 10000
a contact +71400 +72000 2184 1017 10000
a contact +71400 +72000 2185 1014 10000
a contact +71400 +72000 2186 1006 10000
a contact +71400 +72000 2187 1004 10000
a contact +71400 +72000 2188 1001 10000
a contact +71400 +72000 2189 1001 10000
a contact +71400 +72000 2190 1006 10000
a contact +71400 +72000 2191 1012 10000
a contact +71400 +72000 2192 1006 10000
a contact +71400 +72000 2193 1012 10000
a contact +71400 +72000 2194 1009 10000
a contact +71400 +72000 2195 1009 10000
a contact +71400 +72000 2196 1001 10000
a contact +71400 +72000 2197 1015 10000
a contact +71400 +72000 2198 1015 10000
a contact +71400 +72000 2199 1016 10000
a contact +71400 +72000 2201 1003 10000
a contact +71400 +72000 2204 1011 10000
a contact +71400 +72000 2205 1014 10000
a contact +71400 +72000 2214 1013 10000
a contact +72000 +72600 2004 1013 10000
a contact +72000 +72600 2006 1014 10000
a contact +72000 +72600 2007 1008 10000
a contact +72000 +72600 2010 1005 10000
a contact +72000 +72600 2013 1001 10000
a contact +72000 +72600 2023 1002 10000
a contact +72000 +72600 2040 1002 10000
a contact +72000 +72600 2048 1013 10000
a contact +72000 +72600 2051 1007 10000
a contact +72000 +72600 2060 1018 10000
a contact +72000 +72600 2089 1007 10000
a contact +72000 +72600 2092 1010 10000
a contact +71400 +72600 2104 1018 10000
a contact +72000 +72600 2127 1010 10000
a contact +72000 +72600 2154 1007 10000
a contact +72000 +72600 2164 1016 10000
a contact +72000 +72600 2165 1015 10000
a contact +72000 +72600 2166 1018 10000
a contact +72000 +72600 2167 1011 10000
a contact +72000 +72600 2168 1015 10000
a contact +72000 +72600 2169 1008 10000
a contact +72000 +72600 2170 1005 10000
a contact +72000 +72600 2171 1010 10000
a contact +72000 +72600 2172 1009 10000
a contact +72000 +72600 2173 1002 10000
a contact +72000 +72600 2174 1003 10000
a contact +72000 +72600 2175 1005 10000
a contact +72000 +72600 2176 1008 10000
a contact +72000 +72600 2177 1003 10000
a contact +72000 +72600 2178 1014 10000
a contact +72000 +72600 2179 1004 10000
a contact +72000 +72600 2180 1012 10000
a contact +72000 +72600 2181 1006 10000
a contact +72000 +72600 2182 1017 10000
a contact +72000 +72600 2183 1006 10000
a contact +72000 +72600 2184 1001 10000
a contact +72000 +72600 2185 1015 10000
a contact +72000 +72600 2186 1004 10000
a contact +72000 +72600 2187 1006 10000
a contact +72000 +72600 2188 1014 10000
a contact +72000 +72600 2189 1001 10000
a contact +72000 +72600 2190 1016 10000
a contact +72000 +72600 2191 1016 10000
a contact +72000 +72600 2192 1012 10000
a contact +72000 +72600 2193 1009 10000
a contact +72000 +72600 2194 1009 10000
a contact +72000 +72600 2195 1012 10000
a contact +72000 +72600 2196 1017 10000
a contact +72000 +72600 2197 1004 10000
a contact +72000 +72600 2198 1017 10000
a contact +72000 +72600 2200 1011 10000
a contact +72000 +72600 2204 1011 10000
a contact +72000 +72600 2207 1003 10000
a contact +72000 +72600 2214 1013 10000
a contact +72600 +73200 1017 9011 100000
a contact +72600 +73200 1017 9001 100000
a contact +72600 +73200 1017 9009 100000
a contact +72600 +73200 2005 1018 10000
a contact +72600 +73200 2014 1004 10000
a contact +72600 +73200 2020 1002 10000
a contact +72600 +73200 2051 1007 10000
a contact +72600 +73200 2089 1007 10000
a contact +72600 +73200 2148 1015 10000
a contact +72600 +73200 2149 1018 10000
a contact +72600 +73200 2150 1013 10000
a contact +72600 +73200 2151 1013 10000
a contact +72600 +73200 2152 1013 10000
a contact +72600 +73200 2153 1011 10000
a contact +72600 +73200 2155 1010 10000
a contact +72600 +73200 2156 1008 10000
a contact +72600 +73200 2157 1008 10000
a contact +72600 +73200 2158 1005 10000
a contact +72600 +73200 2159 1005 10000
a contact +72600 +73200 2160 1005 10000
a contact +72600 +73200 2161 1008 10000
a contact +72600 +73200 2162 1002 10000
a contact +72600 +73200 2163 1002 10000
a contact +72600 +73200 2175 1016 10000
a contact +72600 +73200 2176 1015 10000
a contact +72600 +73200 2177 1014 10000
a contact +72600 +73200 2178 1006 10000
a contact +72600 +73200 2179 1016 10000
a contact +72600 +73200 2180 1009 10000
a contact +72600 +73200 2181 1001 10000
a contact +72600 +73200 2182 1009 10000
a contact +72600 +73200 2183 1015 10000
a contact +72600 +73200 2184 1001 10000
a contact +72600 +73200 2185 1004 10000
a contact +72600 +73200 2186 1014 10000
a contact +72600 +73200 2187 1014 10000
a contact +72600 +73200 2188 1001 10000
a contact +72600 +73200 2189 1006 10000
a contact +72600 +73200 2190 1006 10000
a contact +72600 +73200 2191 1016 10000
a contact +72600 +73200 2192 1012 10000
a contact +72600 +73200 2193 1009 10000
a contact +72600 +73200 2194 1012 10000
a contact +72600 +73200 2195 1012 10000
a contact +72600 +73200 2196 1004 10000
a contact +72600 +73200 2198 1003 10000
a contact +72600 +73200 2199 1010 10000
a contact +72600 +73200 2200 1011 10000
a contact +72600 +73200 2201 1010 10000
a contact +72600 +73200 2203 1011 10000
a contact +72600 +73200 2205 1018 10000
a contact +72600 +73200 2206 1003 10000
a contact +72600 +73200 2207 1003 10000
a contact +73200 +73800 1008 9012 100000
a contact +73200 +73800 1008 9004 100000
a contact +73200 +73800 1008 9010 100000
a contact +73200 +73800 2005 1018 10000
a contact +73200 +73800 2014 1004 10000
a contact +73200 +73800 2020 1002 10000
a contact +73200 +73800 2021 1002 10000
a contact +73200 +73800 2051 1007 10000
a contact +73200 +73800 2065 1017 10000
a contact +73200 +73800 2089 1007 10000
a contact +73200 +73800 2100 1017 10000
a contact +73200 +73800 2104 1017 10000
a contact +73200 +73800 2149 1018 10000
a contact +73200 +73800 2150 1013 10000
a contact +73200 +73800 2151 1013 10000
a contact +73200 +73800 2152 1013 10000
a contact +73200 +73800 2153 1011 10000
a contact +72600 +73800 2154 1007 10000
a contact +73200 +73800 2155 1010 10000
a contact +73200 +73800 2158 1005 10000
a contact +73200 +73800 2159 1005 10000
a contact +73200 +73800 2163 1002 10000
a contact +73200 +73800 2171 1016 10000
a contact +73200 +73800 2172 1009 10000
a contact +73200 +73800 2173 1015 10000
a contact +73200 +73800 2174 1005 10000
a contact +73200 +73800 2175 1016 10000
a contact +73200 +73800 2176 1014 10000
a contact +73200 +73800 2177 1004 10000
a contact +73200 +73800 2178 1009 10000
a contact +73200 +73800 2179 1006 10000
a contact +73200 +73800 2180 1015 10000
a contact +73200 +73800 2181 1009 10000
a contact +73200 +73800 2182 1006 10000
a contact +73200 +73800 2183 1015 10000
a contact +73200 +73800 2184 1003 10000
a contact +73200 +73800 2185 1014 10000
a contact +73200 +73800 2186 1001 10000
a contact +73200 +73800 2187 1001 10000
a contact +73200 +73800 2188 1014 10000
a contact +73200 +73800 2189 1016 10000
a contact +73200 +73800 2190 1006 10000
a contact +73200 +73800 2191 1012 10000
a contact +73200 +73800 2192 1012 10000
a contact +73200 +73800 2193 1003 10000
a contact +73200 +73800 2194 1001 10000
a contact +73200 +73800 2195 1012 10000
a contact +73200 +73800 2196 1004 10000
a contact +73200 +73800 2198 1003 10000
a contact +73200 +73800 2199 1010 10000
a contact +73200 +73800 2200 1011 10000
a contact +73200 +73800 2201 1010 10000
a contact +73200 +73800 2203 1011 10000
a contact +73200 +73800 2205 1018 10000
a contact +73800 +74400 1004 9009 100000
a contact +73800 +74400 1004 9001 100000
a contact +73800 +74400 1004 9007 100000
a contact +73800 +74400 2005 1018 10000
a contact +73800 +74400 2011 1011 10000
a contact +73800 +74400 2014 1015 10000
a contact +73800 +74400 2020 1002 10000
a contact +73800 +74400 2021 1002 10000
a contact +73800 +74400 2065 1017 10000
a contact +73800 +74400 2100 1017 10000
a contact +73800 +74400 2104 1017 10000
a contact +73800 +74400 2140 1008 10000
a contact +73800 +74400 2141 1008 10000
a contact +73800 +74400 2149 1018 10000
a contact +73800 +74400 2150 1013 10000
a contact +73800 +74400 2151 1013 10000
a contact +73800 +74400 2152 1013 10000
a contact +73800 +74400 2153 1011 10000
a contact +73800 +74400 2155 1010 10000
a contact +73800 +74400 2158 1005 10000
a contact +73800 +74400 2162 1018 10000
a contact +73800 +74400 2163 1002 10000
a contact +73800 +74400 2164 1008 10000
a contact +73800 +74400 2165 1005 10000
a contact +73800 +74400 2166 1011 10000
a contact +73800 +74400 2167 1007 10000
a contact +73800 +74400 2168 1007 10000
a contact +73800 +74400 2169 1007 10000
a contact +73800 +74400 2170 1010 10000
a contact +73800 +74400 2172 1001 10000
a contact +73800 +74400 2173 1016 10000
a contact +73800 +74400 2174 1005 10000
a contact +73800 +74400 2175 1014 10000
a contact +73800 +74400 2176 1015 10000
a contact +73800 +74400 2177 1014 10000
a contact +73800 +74400 2178 1009 10000
a contact +73800 +74400 2179 1001 10000
a contact +73800 +74400 2180 1015 10000
a contact +73800 +74400 2181 1012 10000
a contact +73800 +74400 2182 1006 10000
a contact +73800 +74400 2183 1016 10000
a contact +73800 +74400 2184 1009 10000
a contact +73800 +74400 2185 1009 10000
a contact +73800 +74400 2186 1001 10000
a contact +73800 +74400 2187 1014 10000
a contact +73800 +74400 2188 1006 10000
a contact +73800 +74400 2189 1006 10000
a contact +73800 +74400 2190 1012 10000
a contact +73800 +74400 2193 1003 10000
a contact +73800 +74400 2194 1012 10000
a contact +73800 +74400 2196 1016 10000
a contact +73800 +74400 2197 1010 10000
a contact +73800 +74400 2198 1003 10000
a contact +73800 +74400 2205 1003 10000
a contact +74400 +75000 1004 9001 100000
a contact +74400 +75000 1004 9007 100000
a contact +74400 +75000 1004 9009 100000
a contact +74400 +75000 1015 9003 100000
a contact +74400 +75000 1015 9005 100000
a contact +74400 +75000 2011 1011 10000
a contact +74400 +75000 2014 1014 10000
a contact +74400 +75000 2019 1002 10000
a contact +74400 +75000 2021 1002 10000
a contact +74400 +75000 2065 1017 10000
a contact +74400 +75000 2100 1017 10000
a contact +74400 +75000 2104 1017 10000
a contact +74400 +75000 2140 1008 10000
a contact +74400 +75000 2141 1008 10000
a contact +74400 +75000 2156 1013 10000
a contact +74400 +75000 2157 1005 10000
a contact +74400 +75000 2159 1018 10000
a contact +74400 +75000 2160 1013 10000
a contact +74400 +75000 2161 1013 10000
a contact +74400 +75000 2162 1018 10000
a contact +74400 +75000 2164 1008 10000
a contact +74400 +75000 2165 1005 10000
a contact +74400 +75000 2167 1007 10000
a contact +74400 +75000 2168 1007 10000
a contact +74400 +75000 2169 1007 10000
a contact +74400 +75000 2170 1010 10000
a contact +74400 +75000 2171 1002 10000
a contact +74400 +75000 2174 1005 10000
a contact +74400 +75000 2175 1016 10000
a contact +74400 +75000 2176 1016 10000
a contact +74400 +75000 2177 1001 10000
a contact +74400 +75000 2178 1006 10000
a contact +74400 +75000 2179 1001 10000
a contact +74400 +75000 2180 1006 10000
a contact +74400 +75000 2181 1001 10000
a contact +74400 +75000 2182 1012 10000
a contact +74400 +75000 2183 1016 10000
a contact +74400 +75000 2184 1009 10000
a contact +74400 +75000 2185 1009 10000
a contact +74400 +75000 2186 1006 10000
a contact +74400 +75000 2187 1012 10000
a contact +74400 +75000 2188 1014 10000
a contact +74400 +75000 2189 1014 10000
a contact +74400 +75000 2190 1009 10000
a contact +74400 +75000 2191 1010 10000
a contact +74400 +75000 2192 1011 10000
a contact +74400 +75000 2193 1003 10000
a contact +74400 +75000 2194 1012 10000
a contact +74400 +75000 2195 1011 10000
a contact +74400 +75000 2197 1010 10000
a contact +74400 +75000 2203 1003 10000
a contact +74400 +75000 2204 1018 10000
a contact +74400 +75000 2205 1003 10000
a contact +75000 +75600 1005 9004 100000
a contact +75000 +75600 1005 9002 100000
a contact +75000 +75600 1005 9008 100000
a contact +75000 +75600 1015 9001 100000
a contact +75000 +75600 1015 9003 100000
a contact +74400 +75600 1015 9011 100000
a contact +75000 +75600 2007 1017 10000
a contact +75000 +75600 2014 1016 10000
a contact +75000 +75600 2018 1004 10000
a contact +75000 +75600 2019 1002 10000
a contact +75000 +75600 2022 1001 10000
a contact +75000 +75600 2056 1004 10000
a contact +75000 +75600 2140 1008 10000
a contact +75000 +75600 2141 1008 10000
a contact +75000 +75600 2144 1004 10000
a contact +75000 +75600 2156 1013 10000
a contact +75000 +75600 2160 1013 10000
a contact +75000 +75600 2161 1013 10000
a contact +75000 +75600 2164 1008 10000
a contact +75000 +75600 2165 1014 10000
a contact +75000 +75600 2166 1010 10000
a contact +75000 +75600 2167 1007 10000
a contact +75000 +75600 2168 1007 10000
a contact +75000 +75600 2169 1007 10000
a contact +75000 +75600 2170 1010 10000
a contact +75000 +75600 2171 1002 10000
a contact +75000 +75600 2172 1002 10000
a contact +75000 +75600 2173 1016 10000
a contact +75000 +75600 2174 1012 10000
a contact +75000 +75600 2175 1014 10000
a contact +75000 +75600 2176 1016 10000
a contact +75000 +75600 2177 1014 10000
a contact +75000 +75600 2178 1001 10000
a contact +75000 +75600 2179 1009 10000
a contact +75000 +75600 2180 1009 10000
a contact +75000 +75600 2181 1018 10000
a contact +75000 +75600 2182 1018 10000
a contact +75000 +75600 2183 1012 10000
a contact +75000 +75600 2184 1011 10000
a contact +75000 +75600 2185 1006 10000
a contact +75000 +75600 2186 1011 10000
a contact +75000 +75600 2187 1006 10000
a contact +75000 +75600 2188 1006 10000
a contact +75000 +75600 2189 1009 10000
a contact +75000 +75600 2190 1012 10000
a contact +75000 +75600 2191 1010 10000
a contact +75000 +75600 2192 1001 10000
a contact +75000 +75600 2194 1003 10000
a contact +75000 +75600 2195 1018 10000
a contact +75000 +75600 2196 1017 10000
a contact +75000 +75600 2197 1011 10000
a contact +75000 +75600 2198 1017 10000
a contact +75000 +75600 2202 1003 10000
a contact +75000 +75600 2203 1003 10000
a contact +75600 +76200 1007 9008 100000
a contact +75600 +76200 1007 9002 100000
a contact +75600 +76200 1007 9004 100000
a contact +75600 +76200 1012 9007 100000
a contact +75600 +76200 1012 9011 100000
a contact +75600 +76200 1012 9009 100000
a contact +75600 +76200 1013 9006 100000
a contact +75600 +76200 1013 9012 100000
a contact +75600 +76200 1013 9010 100000
a contact +75600 +76200 1017 9001 100000
a contact +75600 +76200 1017 9005 100000
a contact +75600 +76200 1017 9003 100000
a contact +75600 +76200 2005 1010 10000
a contact +75600 +76200 2013 1005 10000
a contact +75600 +76200 2014 1001 10000
a contact +75600 +76200 2019 1002 10000
a contact +75600 +76200 2063 1015 10000
a contact +75600 +76200 2107 1015 10000
a contact +75600 +76200 2115 1005 10000
a contact +75600 +76200 2116 1005 10000
a contact +75600 +76200 2151 1015 10000
a contact +75600 +76200 2158 1010 10000
a contact +75600 +76200 2159 1008 10000
a contact +75600 +76200 2162 1008 10000
a contact +75600 +76200 2163 1008 10000
a contact +75600 +76200 2166 1010 10000
a contact +75600 +76200 2168 1001 10000
a contact +75600 +76200 2169 1016 10000
a contact +75600 +76200 2170 1018 10000
a contact +75600 +76200 2171 1002 10000
a contact +75600 +76200 2172 1002 10000
a contact +75600 +76200 2173 1014 10000
a contact +75600 +76200 2174 1016 10000
a contact +75600 +76200 2175 1018 10000
a contact +75600 +76200 2176 1016 10000
a contact +75600 +76200 2177 1004 10000
a contact +75600 +76200 2178 1009 10000
a contact +75600 +76200 2179 1001 10000
a contact +75600 +76200 2180 1018 10000
a contact +75600 +76200 2181 1004 10000
a contact +75600 +76200 2182 1011 10000
a contact +75600 +76200 2183 1006 10000
a contact +75600 +76200 2184 1011 10000
a contact +75600 +76200 2185 1006 10000
a contact +75600 +76200 2186 1014 10000
a contact +75600 +76200 2187 1006 10000
a contact +75600 +76200 2188 1009 10000
a contact +75600 +76200 2189 1009 10000
a contact +75600 +76200 2190 1003 10000
a contact +75600 +76200 2191 1003 10000
a contact +75600 +76200 2192 1011 10000
a contact +75600 +76200 2194 1004 10000
a contact +75600 +76200 2195 1014 10000
a contact +75600 +76200 2202 1003 10000
a contact +76200 +76800 1001 9005 100000
a contact +76200 +76800 1001 9001 100000
a contact +76200 +76800 1001 9003 100000
a contact +76200 +76800 1002 9006 100000
a contact +76200 +76800 1004 9012 100000
a contact +76200 +76800 1004 9008 100000
a contact +76200 +76800 1004 9010 100000
a contact +76200 +76800 1010 9009 100000
a contact +76200 +76800 1010 9007 100000
a contact +76200 +76800 1010 9011 100000
a contact +76200 +76800 2013 1005 10000
a contact +76200 +76800 2018 1016 10000
a contact +76200 +76800 2037 1013 10000
a contact +76200 +76800 2055 1012 10000
a contact +76200 +76800 2063 1015 10000
a contact +76200 +76800 2070 1013 10000
a contact +76200 +76800 2072 1007 10000
a contact +76200 +76800 2081 1007 10000
a contact +76200 +76800 2097 1017 10000
a contact +76200 +76800 2101 1007 10000
a contact +76200 +76800 2107 1015 10000
a contact +76200 +76800 2109 1017 10000
a contact +76200 +76800 2115 1005 10000
a contact +76200 +76800 2116 1005 10000
a contact +76200 +76800 2119 1017 10000
a contact +76200 +76800 2120 1012 10000
a contact +76200 +76800 2121 1012 10000
a contact +76200 +76800 2151 1015 10000
a contact +76200 +76800 2159 1008 10000
a contact +76200 +76800 2160 1013 10000
a contact +76200 +76800 2162 1008 10000
a contact +76200 +76800 2163 1008 10000
a contact +76200 +76800 2171 1016 10000
a contact +76200 +76800 2174 1016 10000
a contact +76200 +76800 2175 1014 10000
a contact +76200 +76800 2176 1018 10000
a contact +76200 +76800 2177 1011 10000
a contact +76200 +76800 2178 1006 10000
a contact +76200 +76800 2179 1018 10000
a contact +76200 +76800 2180 1018 10000
a contact +76200 +76800 2181 1002 10000
a contact +76200 +76800 2182 1009 10000
a contact +76200 +76800 2183 1006 10000
a contact +76200 +76800 2184 1011 10000
a contact +76200 +76800 2185 1009 10000
a contact +76200 +76800 2186 1006 10000
a contact +76200 +76800 2188 1009 10000
a contact +76200 +76800 2189 1002 10000
a contact +76200 +76800 2191 1003 10000
a contact +76200 +76800 2192 1011 10000
a contact +76200 +76800 2194 1014 10000
a contact +76200 +76800 2195 1014 10000
a contact +76200 +76800 2199 1003 10000
a contact +76200 +76800 2202 1003 10000
a contact +76800 +77400 1001 9009 100000
a contact +76800 +77400 1001 9003 100000
a contact +76800 +77400 1001 9001 100000
a contact +76800 +77400 2005 1006 10000
a contact +76800 +77400 2013 1005 10000
a contact +76800 +77400 2022 1016 10000
a contact +76800 +77400 2024 1010 10000
a contact +76800 +77400 2037 1013 10000
a contact +76800 +77400 2046 1004 10000
a contact +76800 +77400 2055 1012 10000
a contact +76800 +77400 2063 1015 10000
a contact +76800 +77400 2070 1013 10000
a contact +76800 +77400 2072 1007 10000
a contact +76800 +77400 2081 1007 10000
a contact +76800 +77400 2090 1004 10000
a contact +76800 +77400 2097 1017 10000
a contact +76800 +77400 2101 1007 10000
a contact +76800 +77400 2107 1015 10000
a contact +76800 +77400 2110 1010 10000
a contact +76800 +77400 2115 1005 10000
a contact +76800 +77400 2119 1017 10000
a contact +76800 +77400 2120 1012 10000
a contact +76800 +77400 2121 1012 10000
a contact +76800 +77400 2151 1015 10000
a contact +76800 +77400 2157 1004 10000
a contact +76800 +77400 2159 1008 10000
a contact +76800 +77400 2162 1008 10000
a contact +76800 +77400 2163 1008 10000
a contact +76800 +77400 2165 1006 10000
a contact +76800 +77400 2170 1002 10000
a contact +76800 +77400 2171 1016 10000
a contact +76800 +77400 2172 1018 10000
a contact +76800 +77400 2173 1014 10000
a contact +76800 +77400 2174 1016 10000
a contact +76800 +77400 2176 1014 10000
a contact +76800 +77400 2177 1009 10000
a contact +76800 +77400 2179 1018 10000
a contact +76800 +77400 2180 1018 10000
a contact +76800 +77400 2181 1002 10000
a contact +76800 +77400 2182 1006 10000
a contact +76800 +77400 2183 1011 10000
a contact +76800 +77400 2185 1011 10000
a contact +76800 +77400 2186 1009 10000
a contact +76800 +77400 2187 1002 10000
a contact +76800 +77400 2188 1009 10000
a contact +76800 +77400 2191 1003 10000
a contact +76800 +77400 2192 1003 10000
a contact +76800 +77400 2193 1013 10000
a contact +76800 +77400 2194 1014 10000
a contact +76800 +77400 2195 1011 10000
a contact +76800 +77400 2197 1017 10000
a contact +76800 +77400 2198 1010 10000
a contact +76800 +77400 2199 1003 10000
a contact +77400 +78000 1012 9004 100000
a contact +77400 +78000 1012 9009 100000
a contact +77400 +78000 1012 9008 100000
a contact +77400 +78000 1015 9002 100000
a contact +77400 +78000 1015 9010 100000
a contact +77400 +78000 1015 9006 100000
a contact +77400 +78000 2005 1009 10000
a contact +77400 +78000 2013 1005 10000
a contact +77400 +78000 2014 1007 10000
a contact +77400 +78000 2024 1010 10000
a contact +77400 +78000 2037 1013 10000
a contact +77400 +78000 2046 1004 10000
a contact +77400 +78000 2070 1013 10000
a contact +77400 +78000 2081 1007 10000
a contact +77400 +78000 2096 1001 10000
a contact +77400 +78000 2097 1017 10000
a contact +77400 +78000 2101 1007 10000
a contact +77400 +78000 2110 1010 10000
a contact +77400 +78000 2115 1005 10000
a contact +76800 +78000 2116 1005 10000
a contact +77400 +78000 2119 1017 10000
a contact +77400 +78000 2122 1001 10000
a contact +77400 +78000 2140 1001 10000
a contact +77400 +78000 2157 1004 10000
a contact +77400 +78000 2159 1008 10000
a contact +77400 +78000 2162 1008 10000
a contact +77400 +78000 2163 1008 10000
a contact +77400 +78000 2164 1014 10000
a contact +77400 +78000 2165 1018 10000
a contact +77400 +78000 2166 1016 10000
a contact +77400 +78000 2167 1016 10000
a contact +77400 +78000 2168 1004 10000
a contact +77400 +78000 2169 1016 10000
a contact +77400 +78000 2170 1002 10000
a contact +77400 +78000 2171 1006 10000
a contact +77400 +78000 2172 1014 10000
a contact +77400 +78000 2175 1006 10000
a contact +77400 +78000 2177 1009 10000
a contact +77400 +78000 2178 1018 10000
a contact +77400 +78000 2179 1018 10000
a contact +77400 +78000 2180 1006 10000
a contact +77400 +78000 2181 1002 10000
a contact +77400 +78000 2182 1011 10000
a contact +77400 +78000 2183 1014 10000
a contact +77400 +78000 2185 1011 10000
a contact +77400 +78000 2186 1009 10000
a contact +77400 +78000 2187 1002 10000
a contact +77400 +78000 2190 1003 10000
a contact +77400 +78000 2192 1003 10000
a contact +77400 +78000 2193 1013 10000
a contact +77400 +78000 2194 1011 10000
a contact +77400 +78000 2197 1017 10000
a contact +77400 +78000 2198 1010 10000
a contact +77400 +78000 2199 1003 10000
a contact +78000 +78600 1009 9001 100000
a contact +78000 +78600 1009 9003 100000
a contact +78000 +78600 2003 1002 10000
a contact +78000 +78600 2008 1016 10000
a contact +78000 +78600 2014 1007 10000
a contact +78000 +78600 2024 1010 10000
a contact +78000 +78600 2032 1012 10000
a contact +78000 +78600 2046 1004 10000
a contact +78000 +78600 2077 1015 10000
a contact +78000 +78600 2096 1001 10000
a contact +78000 +78600 2098 1012 10000
a contact +78000 +78600 2099 1012 10000
a contact +78000 +78600 2100 1015 10000
a contact +78000 +78600 2110 1010 10000
a contact +78000 +78600 2112 1015 10000
a contact +78000 +78600 2122 1001 10000
a contact +78000 +78600 2140 1001 10000
a contact +78000 +78600 2153 1013 10000
a contact +78000 +78600 2154 1013 10000
a contact +78000 +78600 2155 1008 10000
a contact +78000 +78600 2156 1013 10000
a contact +78000 +78600 2158 1008 10000
a contact +78000 +78600 2160 1004 10000
a contact +78000 +78600 2161 1008 10000
a contact +78000 +78600 2163 1006 10000
a contact +78000 +78600 2166 1016 10000
a contact +78000 +78600 2167 1016 10000
a contact +78000 +78600 2168 1004 10000
a contact +78000 +78600 2169 1006 10000
a contact +78000 +78600 2170 1002 10000
a contact +78000 +78600 2171 1018 10000
a contact +78000 +78600 2172 1014 10000
a contact +78000 +78600 2173 1005 10000
a contact +78000 +78600 2174 1007 10000
a contact +78000 +78600 2176 1017 10000
a contact +78000 +78600 2177 1018 10000
a contact +78000 +78600 2179 1011 10000
a contact +78000 +78600 2181 1006 10000
a contact +78000 +78600 2183 1011 10000
a contact +78000 +78600 2184 1002 10000
a contact +78000 +78600 2186 1011 10000
a contact +78000 +78600 2187 1003 10000
a contact +78000 +78600 2188 1007 10000
a contact +78000 +78600 2189 1005 10000
a contact +78000 +78600 2190 1003 10000
a contact +78000 +78600 2191 1005 10000
a contact +78000 +78600 2192 1014 10000
a contact +78000 +78600 2193 1014 10000
a contact +78000 +78600 2194 1003 10000
a contact +78000 +78600 2195 1017 10000
a contact +78000 +78600 2196 1010 10000
a contact +78000 +78600 2197 1017 10000
a contact +78000 +78600 2198 1018 10000
a contact +78600 +79200 1009 9003 100000
a contact +78000 +79200 1009 9007 100000
a contact +78600 +79200 1009 9001 100000
a contact +78600 +79200 2004 1001 10000
a contact +78600 +79200 2008 1006 10000
a contact +78600 +79200 2014 1007 10000
a contact +78600 +79200 2016 1016 10000
a contact +78600 +79200 2096 1001 10000
a contact +78600 +79200 2098 1012 10000
a contact +78600 +79200 2099 1012 10000
a contact +78600 +79200 2100 1015 10000
a contact +78600 +79200 2122 1001 10000
a contact +78600 +79200 2153 1013 10000
a contact +78600 +79200 2154 1013 10000
a contact +78600 +79200 2155 1008 10000
a contact +78600 +79200 2158 1008 10000
a contact +78600 +79200 2159 1015 10000
a contact +78600 +79200 2160 1004 10000
a contact +78600 +79200 2161 1008 10000
a contact +78600 +79200 2162 1012 10000
a contact +78600 +79200 2163 1018 10000
a contact +78600 +79200 2164 1010 10000
a contact +78600 +79200 2165 1007 10000
a contact +78600 +79200 2166 1016 10000
a contact +78600 +79200 2167 1016 10000
a contact +78600 +79200 2168 1004 10000
a contact +78600 +79200 2169 1002 10000
a contact +78600 +79200 2170 1006 10000
a contact +78600 +79200 2171 1006 10000
a contact +78600 +79200 2172 1014 10000
a contact +78600 +79200 2173 1005 10000
a contact +78600 +79200 2174 1007 10000
a contact +78600 +79200 2175 1004 10000
a contact +78600 +79200 2176 1017 10000
a contact +78600 +79200 2177 1018 10000
a contact +78600 +79200 2178 1005 10000
a contact +78600 +79200 2179 1011 10000
a contact +78600 +79200 2180 1013 10000
a contact +78600 +79200 2181 1011 10000
a contact +78600 +79200 2182 1010 10000
a contact +78600 +79200 2183 1011 10000
a contact +78600 +79200 2184 1003 10000
a contact +78600 +79200 2185 1017 10000
a contact +78600 +79200 2186 1002 10000
a contact +78600 +79200 2187 1003 10000
a contact +78600 +79200 2188 1002 10000
a contact +78600 +79200 2189 1005 10000
a contact +78600 +79200 2192 1014 10000
a contact +78600 +79200 2193 1014 10000
a contact +78600 +79200 2194 1003 10000
a contact +78600 +79200 2195 1017 10000
a contact +78600 +79200 2196 1010 10000
a contact +78600 +79200 2197 1018 10000
a contact +78600 +79200 2199 1015 10000
a contact +79200 +79800 1016 9001 100000
a contact +79200 +79800 1016 9009 100000
a contact +79200 +79800 1016 9011 100000
a contact +79200 +79800 2016 1006 10000
a contact +79200 +79800 2017 1001 10000
a contact +79200 +79800 2063 1009 10000
a contact +79200 +79800 2064 1009 10000
a contact +79200 +79800 2065 1009 10000
a contact +79200 +79800 2098 1012 10000
a contact +79200 +79800 2099 1012 10000
a contact +79200 +79800 2100 1015 10000
a contact +79200 +79800 2146 1015 10000
a contact +79200 +79800 2147 1010 10000
a contact +79200 +79800 2148 1008 10000
a contact +79200 +79800 2149 1007 10000
a contact +79200 +79800 2150 1005 10000
a contact +79200 +79800 2151 1004 10000
a contact +79200 +79800 2152 1004 10000
a contact +79200 +79800 2153 1013 10000
a contact +79200 +79800 2154 1013 10000
a contact +79200 +79800 2155 1008 10000
a contact +79200 +79800 2156 1001 10000
a contact +79200 +79800 2157 1001 10000
a contact +79200 +79800 2158 1008 10000
a contact +79200 +79800 2159 1015 10000
a contact +79200 +79800 2160 1004 10000
a contact +79200 +79800 2162 1012 10000
a contact +79200 +79800 2165 1007 10000
a contact +79200 +79800 2167 1018 10000
a contact +79200 +79800 2168 1006 10000
a contact +79200 +79800 2170 1014 10000
a contact +79200 +79800 2171 1014 10000
a contact +79200 +79800 2172 1011 10000
a contact +79200 +79800 2173 1005 10000
a contact +79200 +79800 2174 1007 10000
a contact +79200 +79800 2175 1006 10000
a contact +79200 +79800 2176 1017 10000
a contact +79200 +79800 2177 1018 10000
a contact +79200 +79800 2178 1005 10000
a contact +79200 +79800 2179 1011 10000
a contact +79200 +79800 2180 1002 10000
a contact +79200 +79800 2181 1011 10000
a contact +79200 +79800 2182 1010 10000
a contact +79200 +79800 2183 1002 10000
a contact +79200 +79800 2184 1003 10000
a contact +79200 +79800 2185 1017 10000
a contact +79200 +79800 2186 1002 10000
a contact +79200 +79800 2189 1003 10000
a contact +79200 +79800 2190 1010 10000
a contact +79200 +79800 2191 1013 10000
a contact +79200 +79800 2192 1003 10000
a contact +79200 +79800 2193 1014 10000
a contact +79200 +79800 2195 1017 10000
a contact +79200 +79800 2199 1018 10000
a contact +79800 +80400 1001 9004 100000
a contact +79800 +80400 1001 9002 100000
a contact +79800 +80400 1001 9008 100000
a contact +79800 +80400 1016 9009 100000
a contact +79800 +80400 1016 9011 100000
a contact +79800 +80400 1016 9001 100000
a contact +79800 +80400 2014 1013 10000
a contact +79800 +80400 2016 1006 10000
a contact +79800 +80400 2063 1009 10000
a contact +79800 +80400 2064 1009 10000
a contact +79800 +80400 2065 1009 10000
a contact +79800 +80400 2146 1015 10000
a contact +79800 +80400 2147 1010 10000
a contact +79800 +80400 2149 1007 10000
a contact +79800 +80400 2150 1005 10000
a contact +79800 +80400 2151 1004 10000
a contact +79800 +80400 2158 1018 10000
a contact +79800 +80400 2159 1015 10000
a contact +79800 +80400 2160 1014 10000
a contact +79800 +80400 2161 1015 10000
a contact +79800 +80400 2163 1017 10000
a contact +79800 +80400 2164 1013 10000
a contact +79800 +80400 2166 1007 10000
a contact +79800 +80400 2167 1006 10000
a contact +79800 +80400 2168 1018 10000
a contact +79800 +80400 2169 1004 10000
a contact +79800 +80400 2170 1006 10000
a contact +79800 +80400 2171 1014 10000
a contact +79800 +80400 2172 1011 10000
a contact +79800 +80400 2173 1011 10000
a contact +79800 +80400 2174 1018 10000
a contact +79800 +80400 2175 1002 10000
a contact +79800 +80400 2176 1014 10000
a contact +79800 +80400 2177 1008 10000
a contact +79800 +80400 2178 1005 10000
a contact +79800 +80400 2179 1003 10000
a contact +79800 +80400 2180 1002 10000
a contact +79800 +80400 2181 1011 10000
a contact +79800 +80400 2182 1010 10000
a contact +79800 +80400 2183 1002 10000
a contact +79800 +80400 2184 1008 10000
a contact +79800 +80400 2185 1017 10000
a contact +79800 +80400 2186 1003 10000
a contact +79800 +80400 2187 1005 10000
a contact +79800 +80400 2188 1012 10000
a contact +79800 +80400 2189 1003 10000
a contact +79800 +80400 2190 1010 10000
a contact +79800 +80400 2191 1013 10000
a contact +79800 +80400 2194 1004 10000
a contact +79800 +80400 2196 1017 10000
a contact +79800 +80400 2197 1008 10000
a contact +79800 +80400 2198 1012 10000
a contact +80400 +81000 2014 1013 10000
a contact +80400 +81000 2015 1004 10000
a contact +80400 +81000 2016 1006 10000
a contact +80400 +81000 2025 1001 10000
a contact +80400 +81000 2047 1001 10000
a contact +80400 +81000 2048 1001 10000
a contact +80400 +81000 2063 1009 10000
a contact +80400 +81000 2064 1009 10000
a contact +80400 +81000 2065 1009 10000
a contact +80400 +81000 2118 1016 10000
a contact +80400 +81000 2139 1016 10000
a contact +80400 +81000 2140 1016 10000
a contact +80400 +81000 2146 1015 10000
a contact +80400 +81000 2147 1010 10000
a contact +80400 +81000 2149 1007 10000
a contact +80400 +81000 2150 1005 10000
a contact +80400 +81000 2157 1014 10000
a contact +80400 +81000 2158 1018 10000
a contact +80400 +81000 2159 1015 10000
a contact +80400 +81000 2160 1014 10000
a contact +80400 +81000 2161 1015 10000
a contact +79800 +81000 2162 1012 10000
a contact +80400 +81000 2163 1017 10000
a contact +80400 +81000 2164 1013 10000
a contact +79800 +81000 2165 1007 10000
a contact +80400 +81000 2166 1007 10000
a contact +80400 +81000 2167 1006 10000
a contact +80400 +81000 2168 1018 10000
a contact +80400 +81000 2169 1004 10000
a contact +80400 +81000 2170 1014 10000
a contact +80400 +81000 2171 1006 10000
a contact +80400 +81000 2172 1011 10000
a contact +80400 +81000 2173 1011 10000
a contact +80400 +81000 2174 1018 10000
a contact +80400 +81000 2175 1002 10000
a contact +80400 +81000 2176 1011 10000
a contact +80400 +81000 2177 1008 10000
a contact +80400 +81000 2178 1005 10000
a contact +80400 +81000 2179 1002 10000
a contact +80400 +81000 2180 1008 10000
a contact +80400 +81000 2181 1003 10000
a contact +80400 +81000 2182 1010 10000
a contact +80400 +81000 2183 1003 10000
a contact +80400 +81000 2184 1008 10000
a contact +80400 +81000 2185 1017 10000
a contact +80400 +81000 2186 1002 10000
a contact +80400 +81000 2187 1005 10000
a contact +80400 +81000 2188 1012 10000
a contact +80400 +81000 2189 1003 10000
a contact +80400 +81000 2190 1010 10000
a contact +80400 +81000 2191 1013 10000
a contact +80400 +81000 2194 1004 10000
a contact +80400 +81000 2196 1017 10000
a contact +80400 +81000 2198 1012 10000
a contact +81000 +81600 1006 9009 100000
a contact +81000 +81600 1006 9001 100000
a contact +81000 +81600 1006 9003 100000
a contact +81000 +81600 2009 1004 10000
a contact +81000 +81600 2014 1013 10000
a contact +81000 +81600 2015 1004 10000
a contact +81000 +81600 2016 1014 10000
a contact +81000 +81600 2025 1001 10000
a contact +81000 +81600 2047 1001 10000
a contact +81000 +81600 2048 1001 10000
a contact +81000 +81600 2118 1016 10000
a contact +81000 +81600 2135 1017 10000
a contact +81000 +81600 2136 1017 10000
a contact +81000 +81600 2137 1015 10000
a contact +81000 +81600 2138 1012 10000
a contact +81000 +81600 2139 1016 10000
a contact +81000 +81600 2140 1016 10000
a contact +81000 +81600 2141 1012 10000
a contact +81000 +81600 2142 1015 10000
a contact +81000 +81600 2143 1010 10000
a contact +81000 +81600 2144 1010 10000
a contact +81000 +81600 2145 1012 10000
a contact +81000 +81600 2148 1010 10000
a contact +81000 +81600 2151 1009 10000
a contact +81000 +81600 2152 1007 10000
a contact +81000 +81600 2153 1007 10000
a contact +81000 +81600 2154 1009 10000
a contact +81000 +81600 2155 1005 10000
a contact +81000 +81600 2156 1005 10000
a contact +81000 +81600 2161 1015 10000
a contact +81000 +81600 2162 1018 10000
a contact +81000 +81600 2163 1017 10000
a contact +81000 +81600 2164 1013 10000
a contact +81000 +81600 2165 1014 10000
a contact +81000 +81600 2166 1007 10000
a contact +81000 +81600 2167 1018 10000
a contact +81000 +81600 2169 1004 10000
a contact +81000 +81600 2170 1018 10000
a contact +81000 +81600 2171 1014 10000
a contact +81000 +81600 2174 1011 10000
a contact +81000 +81600 2175 1011 10000
a contact +81000 +81600 2177 1002 10000
a contact +81000 +81600 2178 1008 10000
a contact +81000 +81600 2179 1002 10000
a contact +81000 +81600 2180 1008 10000
a contact +81000 +81600 2181 1003 10000
a contact +81000 +81600 2182 1011 10000
a contact +81000 +81600 2183 1003 10000
a contact +81000 +81600 2184 1002 10000
a contact +81000 +81600 2185 1008 10000
a contact +81000 +81600 2186 1003 10000
a contact +81000 +81600 2187 1005 10000
a contact +81000 +81600 2192 1013 10000
a contact +81000 +81600 2193 1009 10000
a contact +81600 +82200 1006 9003 100000
a contact +81600 +82200 1006 9009 100000
a contact +81600 +82200 1006 9005 100000
a contact +81600 +82200 2008 1001 10000
a contact +81600 +82200 2015 1004 10000
a contact +81600 +82200 2016 1014 10000
a contact +81600 +82200 2048 1001 10000
a contact +81600 +82200 2118 1016 10000
a contact +81600 +82200 2135 1017 10000
a contact +81600 +82200 2136 1017 10000
a contact +81600 +82200 2137 1015 10000
a contact +81600 +82200 2138 1012 10000
a contact +81600 +82200 2139 1016 10000
a contact +81600 +82200 2140 1016 10000
a contact +81600 +82200 2141 1012 10000
a contact +81600 +82200 2142 1015 10000
a contact +81600 +82200 2143 1010 10000
a contact +81600 +82200 2144 1010 10000
a contact +81600 +82200 2145 1012 10000
a contact +81600 +82200 2152 1007 10000
a contact +81600 +82200 2153 1007 10000
a contact +81600 +82200 2154 1009 10000
a contact +81600 +82200 2155 1005 10000
a contact +81600 +82200 2156 1005 10000
a contact +81600 +82200 2158 1004 10000
a contact +81600 +82200 2159 1007 10000
a contact +81600 +82200 2160 1015 10000
a contact +81600 +82200 2161 1014 10000
a contact +81600 +82200 2164 1014 10000
a contact +81600 +82200 2165 1018 10000
a contact +81600 +82200 2166 1003 10000
a contact +81600 +82200 2167 1018 10000
a contact +81600 +82200 2168 1009 10000
a contact +81600 +82200 2169 1011 10000
a contact +81600 +82200 2170 1008 10000
a contact +81600 +82200 2171 1018 10000
a contact +81600 +82200 2172 1013 10000
a contact +81600 +82200 2173 1013 10000
a contact +81600 +82200 2174 1011 10000
a contact +81600 +82200 2175 1011 10000
a contact +81600 +82200 2176 1009 10000
a contact +81600 +82200 2177 1008 10000
a contact +81600 +82200 2178 1002 10000
a contact +81600 +82200 2180 1008 10000
a contact +81600 +82200 2185 1002 10000
a contact +81600 +82200 2186 1003 10000
a contact +81600 +82200 2187 1003 10000
a contact +81600 +82200 2188 1010 10000
a contact +81600 +82200 2190 1005 10000
a contact +81600 +82200 2194 1002 10000
a contact +81600 +82200 2198 1017 10000
a contact +82200 +82800 2002 1007 10000
a contact +82200 +82800 2008 1001 10000
a contact +81600 +82800 2009 1004 10000
a contact +82200 +82800 2015 1004 10000
a contact +82200 +82800 2016 1011 10000
a contact +82200 +82800 2039 1006 10000
a contact +81600 +82800 2047 1001 10000
a contact +82200 +82800 2048 1001 10000
a contact +82200 +82800 2118 1016 10000
a contact +82200 +82800 2125 1006 10000
a contact +82200 +82800 2135 1017 10000
a contact +82200 +82800 2137 1015 10000
a contact +82200 +82800 2138 1012 10000
a contact +82200 +82800 2139 1016 10000
a contact +82200 +82800 2140 1016 10000
a contact +82200 +82800 2141 1012 10000
a contact +82200 +82800 2142 1015 10000
a contact +82200 +82800 2143 1010 10000
a contact +82200 +82800 2144 1010 10000
a contact +82200 +82800 2145 1012 10000
a contact +82200 +82800 2147 1006 10000
a contact +82200 +82800 2154 1009 10000
a contact +82200 +82800 2156 1014 10000
a contact +82200 +82800 2157 1017 10000
a contact +82200 +82800 2158 1004 10000
a contact +82200 +82800 2159 1018 10000
a contact +82200 +82800 2160 1015 10000
a contact +82200 +82800 2161 1014 10000
a contact +82200 +82800 2163 1018 10000
a contact +82200 +82800 2164 1014 10000
a contact +82200 +82800 2165 1018 10000
a contact +82200 +82800 2166 1008 10000
a contact +82200 +82800 2167 1008 10000
a contact +82200 +82800 2168 1009 10000
a contact +82200 +82800 2169 1011 10000
a contact +82200 +82800 2170 1003 10000
a contact +82200 +82800 2171 1003 10000
a contact +82200 +82800 2172 1013 10000
a contact +82200 +82800 2173 1013 10000
a contact +82200 +82800 2174 1011 10000
a contact +82200 +82800 2175 1002 10000
a contact +82200 +82800 2176 1009 10000
a contact +82200 +82800 2177 1007 10000
a contact +82200 +82800 2178 1008 10000
a contact +82200 +82800 2179 1005 10000
a contact +82200 +82800 2180 1002 10000
a contact +82200 +82800 2181 1007 10000
a contact +82200 +82800 2182 1003 10000
a contact +82200 +82800 2183 1017 10000
a contact +82200 +82800 2184 1005 10000
a contact +82200 +82800 2185 1002 10000
a contact +82200 +82800 2186 1005 10000
a contact +82200 +82800 2188 1010 10000
a contact +81600 +82800 2192 1013 10000
a contact +82800 +83400 1009 9010 100000
a contact +82800 +83400 1009 9002 100000
a contact +82800 +83400 1009 9004 100000
a contact +82800 +83400 2006 1011 10000
a contact +82800 +83400 2008 1001 10000
a contact +82800 +83400 2014 1004 10000
a contact +82800 +83400 2016 1014 10000
a contact +82800 +83400 2039 1006 10000
a contact +82800 +83400 2047 1001 10000
a contact +82800 +83400 2048 1001 10000
a contact +82800 +83400 2118 1016 10000
a contact +82800 +83400 2125 1006 10000
a contact +82800 +83400 2137 1015 10000
a contact +82800 +83400 2138 1012 10000
a contact +82800 +83400 2139 1016 10000
a contact +82800 +83400 2140 1016 10000
a contact +82800 +83400 2141 1012 10000
a contact +82800 +83400 2142 1015 10000
a contact +82800 +83400 2145 1012 10000
a contact +82800 +83400 2147 1006 10000
a contact +82800 +83400 2156 1018 10000
a contact +82800 +83400 2157 1014 10000
a contact +82800 +83400 2158 1004 10000
a contact +82800 +83400 2159 1005 10000
a contact +82800 +83400 2160 1015 10000
a contact +82800 +83400 2161 1014 10000
a contact +82800 +83400 2162 1004 10000
a contact +82800 +83400 2163 1018 10000
a contact +82800 +83400 2164 1018 10000
a contact +82800 +83400 2165 1008 10000
a contact +82800 +83400 2166 1013 10000
a contact +82800 +83400 2167 1002 10000
a contact +82800 +83400 2168 1013 10000
a contact +82800 +83400 2169 1011 10000
a contact +82800 +83400 2170 1011 10000
a contact +82800 +83400 2171 1017 10000
a contact +82800 +83400 2172 1010 10000
a contact +82800 +83400 2173 1003 10000
a contact +82800 +83400 2174 1008 10000
a contact +82800 +83400 2175 1008 10000
a contact +82800 +83400 2176 1002 10000
a contact +82800 +83400 2177 1013 10000
a contact +82800 +83400 2178 1002 10000
a contact +82800 +83400 2179 1007 10000
a contact +82800 +83400 2180 1005 10000
a contact +82800 +83400 2181 1007 10000
a contact +82800 +83400 2182 1003 10000
a contact +82800 +83400 2183 1003 10000
a contact +82800 +83400 2184 1010 10000
a contact +82800 +83400 2185 1007 10000
a contact +82800 +83400 2187 1010 10000
a contact +82800 +83400 2188 1005 10000
a contact +82800 +83400 2192 1017 10000
a contact +82800 +83400 2194 1017 10000
a contact +83400 +84000 1004 9008 100000
a contact +83400 +84000 1004 9002 100000
a contact +83400 +84000 1004 9012 100000
a contact +83400 +84000 2008 1001 10000
a contact +83400 +84000 2016 1002 10000
a contact +83400 +84000 2041 1009 10000
a contact +83400 +84000 2047 1001 10000
a contact +83400 +84000 2048 1001 10000
a contact +83400 +84000 2086 1009 10000
a contact +83400 +84000 2118 1016 10000
a contact +83400 +84000 2135 1009 10000
a contact +83400 +84000 2137 1015 10000
a contact +83400 +84000 2138 1012 10000
a contact +83400 +84000 2139 1016 10000
a contact +83400 +84000 2140 1016 10000
a contact +83400 +84000 2141 1012 10000
a contact +83400 +84000 2142 1015 10000
a contact +83400 +84000 2145 1012 10000
a contact +83400 +84000 2155 1014 10000
a contact +83400 +84000 2156 1014 10000
a contact +83400 +84000 2157 1014 10000
a contact +83400 +84000 2159 1018 10000
a contact +83400 +84000 2160 1015 10000
a contact +83400 +84000 2161 1018 10000
a contact +83400 +84000 2162 1013 10000
a contact +83400 +84000 2163 1003 10000
a contact +83400 +84000 2164 1018 10000
a contact +83400 +84000 2165 1011 10000
a contact +83400 +84000 2166 1008 10000
a contact +83400 +84000 2167 1013 10000
a contact +83400 +84000 2168 1013 10000
a contact +83400 +84000 2169 1010 10000
a contact +83400 +84000 2170 1017 10000
a contact +83400 +84000 2171 1011 10000
a contact +83400 +84000 2172 1007 10000
a contact +83400 +84000 2173 1003 10000
a contact +83400 +84000 2174 1008 10000
a contact +83400 +84000 2175 1017 10000
a contact +83400 +84000 2176 1002 10000
a contact +83400 +84000 2177 1002 10000
a contact +83400 +84000 2178 1007 10000
a contact +83400 +84000 2179 1005 10000
a contact +83400 +84000 2180 1005 10000
a contact +83400 +84000 2181 1003 10000
a contact +83400 +84000 2182 1005 10000
a contact +83400 +84000 2183 1007 10000
a contact +83400 +84000 2184 1010 10000
a contact +83400 +84000 2186 1008 10000
a contact +83400 +84000 2187 1010 10000
a contact +83400 +84000 2188 1011 10000
a contact +83400 +84000 2192 1017 10000
a contact +84000 +84600 2006 1012 10000
a contact +84000 +84600 2008 1001 10000
a contact +84000 +84600 2018 1014 10000
a contact +83400 +84600 2039 1006 10000
a contact +84000 +84600 2041 1009 10000
a contact +84000 +84600 2047 1001 10000
a contact +84000 +84600 2048 1001 10000
a contact +84000 +84600 2086 1009 10000
a contact +84000 +84600 2089 1004 10000
a contact +84000 +84600 2090 1004 10000
a contact +84000 +84600 2091 1004 10000
a contact +84000 +84600 2118 1016 10000
a contact +83400 +84600 2125 1006 10000
a contact +84000 +84600 2135 1009 10000
a contact +84000 +84600 2137 1015 10000
a contact +84000 +84600 2139 1016 10000
a contact +84000 +84600 2140 1016 10000
a contact +84000 +84600 2142 1015 10000
a contact +83400 +84600 2147 1006 10000
a contact +84000 +84600 2156 1014 10000
a contact +84000 +84600 2157 1018 10000
a contact +84000 +84600 2158 1012 10000
a contact +84000 +84600 2159 1011 10000
a contact +84000 +84600 2160 1015 10000
a contact +84000 +84600 2161 1018 10000
a contact +84000 +84600 2162 1010 10000
a contact +84000 +84600 2163 1007 10000
a contact +84000 +84600 2164 1002 10000
a contact +84000 +84600 2165 1008 10000
a contact +84000 +84600 2166 1013 10000
a contact +84000 +84600 2167 1005 10000
a contact +84000 +84600 2168 1014 10000
a contact +84000 +84600 2169 1010 10000
a contact +84000 +84600 2170 1013 10000
a contact +84000 +84600 2171 1018 10000
a contact +84000 +84600 2172 1003 10000
a contact +84000 +84600 2173 1003 10000
a contact +84000 +84600 2174 1002 10000
a contact +84000 +84600 2175 1017 10000
a contact +84000 +84600 2176 1002 10000
a contact +84000 +84600 2177 1017 10000
a contact +84000 +84600 2178 1007 10000
a contact +84000 +84600 2179 1007 10000
a contact +84000 +84600 2180 1005 10000
a contact +84000 +84600 2181 1005 10000
a contact +84000 +84600 2182 1003 10000
a contact +84000 +84600 2183 1013 10000
a contact +84000 +84600 2184 1010 10000
a contact +84000 +84600 2185 1008 10000
a contact +84000 +84600 2186 1011 10000
a contact +84000 +84600 2187 1008 10000
a contact +84000 +84600 2188 1011 10000
a contact +84000 +84600 2189 1012 10000
a contact +84000 +84600 2192 1017 10000
a contact +84600 +85200 1003 9011 100000
a contact +84600 +85200 1003 9009 100000
a contact +84600 +85200 1003 9007 100000
a contact +84600 +85200 1011 9005 100000
a contact +84600 +85200 1011 9003 100000
a contact +84600 +85200 1011 9001 100000
a contact +84600 +85200 1012 9006 100000
a contact +84600 +85200 1012 9008 100000
a contact +84600 +85200 1012 9010 100000
a contact +84600 +85200 2003 1016 10000
a contact +84600 +85200 2019 1001 10000
a contact +84600 +85200 2086 1009 10000
a contact +84600 +85200 2089 1004 10000
a contact +84600 +85200 2090 1004 10000
a contact +84600 +85200 2091 1004 10000
a contact +84600 +85200 2135 1009 10000
a contact +84600 +85200 2147 1014 10000
a contact +84600 +85200 2148 1016 10000
a contact +84600 +85200 2149 1014 10000
a contact +84600 +85200 2150 1016 10000
a contact +84600 +85200 2151 1009 10000
a contact +84600 +85200 2152 1006 10000
a contact +84600 +85200 2153 1006 10000
a contact +84600 +85200 2154 1006 10000
a contact +84600 +85200 2155 1001 10000
a contact +84600 +85200 2158 1018 10000
a contact +84600 +85200 2160 1018 10000
a contact +84600 +85200 2161 1018 10000
a contact +84600 +85200 2162 1013 10000
a contact +84600 +85200 2163 1010 10000
a contact +84600 +85200 2164 1015 10000
a contact +84600 +85200 2165 1008 10000
a contact +84600 +85200 2166 1005 10000
a contact +84600 +85200 2167 1010 10000
a contact +84600 +85200 2168 1014 10000
a contact +84600 +85200 2169 1010 10000
a contact +84600 +85200 2170 1017 10000
a contact +84600 +85200 2171 1008 10000
a contact +84600 +85200 2172 1002 10000
a contact +84600 +85200 2173 1007 10000
a contact +84600 +85200 2174 1002 10000
a contact +84600 +85200 2175 1017 10000
a contact +84600 +85200 2176 1007 10000
a contact +84600 +85200 2177 1017 10000
a contact +84600 +85200 2178 1008 10000
a contact +84600 +85200 2179 1015 10000
a contact +84600 +85200 2180 1015 10000
a contact +84600 +85200 2182 1007 10000
a contact +84600 +85200 2183 1013 10000
a contact +84600 +85200 2184 1013 10000
a contact +84600 +85200 2185 1005 10000
a contact +84600 +85200 2188 1005 10000
a contact +84600 +85200 2190 1001 10000
a contact +84600 +85200 2192 1002 10000
a contact +85200 +85800 1003 9005 100000
a contact +85200 +85800 1003 9011 100000
a contact +85200 +85800 1003 9003 100000
a contact +85200 +85800 1013 9009 100000
a contact +85200 +85800 1013 9001 100000
a contact +85200 +85800 1013 9007 100000
a contact +85200 +85800 2003 1016 10000
a contact +85200 +85800 2007 1014 10000
a contact +85200 +85800 2019 1001 10000
a contact +85200 +85800 2020 1018 10000
a contact +85200 +85800 2052 1012 10000
a contact +85200 +85800 2089 1004 10000
a contact +85200 +85800 2091 1004 10000
a contact +85200 +85800 2110 1012 10000
a contact +85200 +85800 2131 1012 10000
a contact +85200 +85800 2148 1016 10000
a contact +85200 +85800 2149 1014 10000
a contact +85200 +85800 2150 1016 10000
a contact +85200 +85800 2151 1009 10000
a contact +85200 +85800 2152 1006 10000
a contact +85200 +85800 2153 1006 10000
a contact +85200 +85800 2154 1006 10000
a contact +85200 +85800 2155 1001 10000
a contact +85200 +85800 2156 1018 10000
a contact +85200 +85800 2157 1009 10000
a contact +85200 +85800 2158 1017 10000
a contact +85200 +85800 2159 1004 10000
a contact +85200 +85800 2160 1014 10000
a contact +85200 +85800 2161 1011 10000
a contact +85200 +85800 2162 1015 10000
a contact +85200 +85800 2163 1005 10000
a contact +85200 +85800 2164 1018 10000
a contact +85200 +85800 2165 1010 10000
a contact +85200 +85800 2166 1008 10000
a contact +85200 +85800 2167 1010 10000
a contact +85200 +85800 2168 1002 10000
a contact +85200 +85800 2169 1002 10000
a contact +85200 +85800 2170 1015 10000
a contact +85200 +85800 2171 1011 10000
a contact +85200 +85800 2172 1008 10000
a contact +85200 +85800 2173 1007 10000
a contact +85200 +85800 2174 1010 10000
a contact +85200 +85800 2175 1008 10000
a contact +85200 +85800 2176 1007 10000
a contact +85200 +85800 2177 1017 10000
a contact +85200 +85800 2178 1007 10000
a contact +85200 +85800 2179 1015 10000
a contact +85200 +85800 2181 1009 10000
a contact +85200 +85800 2183 1002 10000
a contact +85200 +85800 2184 1005 10000
a contact +85200 +85800 2185 1005 10000
a contact +85200 +85800 2187 1001 10000
a contact +85200 +85800 2188 1011 10000
a contact +85200 +85800 2189 1017 10000
a contact +85800 +86400 1006 9004 100000
a contact +85800 +86400 1006 9002 100000
a contact +85800 +86400 1006 9012 100000
a contact +85800 +86400 1008 9011 100000
a contact +85800 +86400 1008 9005 100000
a contact +85800 +86400 1008 9003 100000
a contact +85800 +86400 1011 9006 100000
a contact +85800 +86400 1011 9008 100000
a contact +85800 +86400 1011 9010 100000
a contact +85800 +86400 1016 9007 100000
a contact +85800 +86400 1016 9001 100000
a contact +85800 +86400 1016 9009 100000
a contact +85800 +86400 2012 1009 10000
a contact +85800 +86400 2013 1003 10000
a contact +85800 +86400 2014 1003 10000
a contact +85800 +86400 2018 1014 10000
a contact +85800 +86400 2019 1001 10000
a contact +85800 +86400 2030 1013 10000
a contact +85800 +86400 2031 1013 10000
a contact +85800 +86400 2052 1012 10000
a contact +85800 +86400 2069 1003 10000
a contact +85800 +86400 2110 1012 10000
a contact +85800 +86400 2131 1012 10000
a contact +85800 +86400 2135 1013 10000
a contact +85800 +86400 2146 1001 10000
a contact +85800 +86400 2147 1004 10000
a contact +85800 +86400 2154 1014 10000
a contact +85800 +86400 2155 1018 10000
a contact +85800 +86400 2157 1009 10000
a contact +85800 +86400 2159 1004 10000
a contact +85800 +86400 2160 1018 10000
a contact +85800 +86400 2162 1002 10000
a contact +85800 +86400 2163 1015 10000
a contact +85800 +86400 2164 1007 10000
a contact +85800 +86400 2165 1010 10000
a contact +85800 +86400 2166 1002 10000
a contact +85800 +86400 2167 1014 10000
a contact +85800 +86400 2168 1018 10000
a contact +85800 +86400 2169 1015 10000
a contact +85800 +86400 2170 1017 10000
a contact +85800 +86400 2171 1007 10000
a contact +85800 +86400 2172 1005 10000
a contact +85800 +86400 2173 1007 10000
a contact +85800 +86400 2174 1010 10000
a contact +85800 +86400 2176 1005 10000
a contact +85800 +86400 2177 1002 10000
a contact +85800 +86400 2178 1010 10000
a contact +85800 +86400 2179 1015 10000
a contact +85800 +86400 2180 1004 10000
a contact +85800 +86400 2182 1009 10000
a contact +85800 +86400 2183 1017 10000
a contact +85800 +86400 2184 1005 10000
a contact +85800 +86400 2187 1001 10000
a contact +85800 +86400 2189 1017 10000

a range +0 +600 2211 1017 0
a range +0 +600 2212 1017 0
a range +0 +600 2213 1018 0
a range +0 +600 2214 1001 0
a range +0 +600 2215 1018 0
a range +0 +600 2216 1018 0
a range +0 +600 2217 1016 0
a range +0 +600 2218 1016 0
a range +0 +600 2219 1015 0
a range +0 +600 2220 1016 0
a range +0 +600 2221 1015 0
a range +0 +600 2222 1015 0
a range +0 +600 2223 1013 0
a range +0 +600 2224 1013 0
a range +0 +600 2225 1013 0
a range +0 +600 2226 1014 0
a range +0 +600 2227 1014 0
a range +0 +600 2228 1014 0
a range +0 +600 2229 1012 0
a range +0 +600 2230 1012 0
a range +0 +600 2231 1012 0
a range +0 +600 2232 1011 0
a range +0 +600 2233 1011 0
a range +0 +600 2234 1011 0
a range +0 +600 2235 1010 0
a range +0 +600 2236 1010 0
a range +0 +600 2237 1009 0
a range +0 +600 2238 1009 0
a range +0 +600 2239 1009 0
a range +0 +600 2240 1010 0
a range +0 +600 2241 1008 0
a range +0 +600 2242 1006 0
a range +0 +600 2243 1008 0
a range +0 +600 2244 1008 0
a range +0 +600 2245 1007 0
a range +0 +600 2246 1007 0
a range +0 +600 2247 1007 0
a range +0 +600 2248 1006 0
a range +0 +600 2249 1006 0
a range +0 +600 2250 1005 0
a range +0 +600 2251 1005 0
a range +0 +600 2252 1004 0
a range +0 +600 2253 1004 0
a range +0 +600 2254 1002 0
a range +0 +600 2255 1002 0
a range +0 +600 2256 1002 0
a range +0 +600 2257 1005 0
a range +0 +600 2258 1004 0
a range +0 +600 2259 1003 0
a range +0 +600 2260 1003 0
a range +0 +600 2261 1003 0
a range +0 +600 2262 1017 0
a range +0 +600 2263 1001 0
a range +0 +600 2264 1001 0
a range +600 +1200 1009 9008 0
a range +600 +1200 1009 9012 0
a range +600 +1200 1009 9010 0
a range +600 +1200 1011 9011 0
a range +600 +1200 1011 9006 0
a range +600 +1200 1011 9004 0
a range +600 +1200 1013 9009 0
a range +600 +1200 1013 9007 0
a range +600 +1200 1013 9005 0
a range +600 +1200 1018 9003 0
a range +600 +1200 1018 9002 0
a range +600 +1200 1018 9001 0
a range +600 +1200 2005 1003 0
a range +600 +1200 2224 1016 0
a range +600 +1200 2225 1016 0
a range +600 +1200 2226 1016 0
a range +600 +1200 2227 1017 0
a range +600 +1200 2228 1017 0
a range +600 +1200 2229 1017 0
a range +600 +1200 2230 1015 0
a range +600 +1200 2231 1015 0
a range +600 +1200 2232 1015 0
a range +600 +1200 2233 1014 0
a range +600 +1200 2234 1012 0
a range +600 +1200 2235 1012 0
a range +600 +1200 2236 1012 0
a range +600 +1200 2237 1014 0
a range +600 +1200 2238 1014 0
a range +600 +1200 2239 1010 0
a range +600 +1200 2240 1008 0
a range +600 +1200 2241 1010 0
a range +600 +1200 2242 1008 0
a range +600 +1200 2243 1008 0
a range +600 +1200 2244 1007 0
a range +600 +1200 2245 1010 0
a range +600 +1200 2246 1007 0
a range +600 +1200 2247 1007 0
a range +600 +1200 2248 1006 0
a range +600 +1200 2249 1006 0
a range +600 +1200 2250 1006 0
a range +600 +1200 2251 1004 0
a range +600 +1200 2252 1004 0
a range +600 +1200 2253 1005 0
a range +600 +1200 2254 1005 0
a range +600 +1200 2255 1002 0
a range +600 +1200 2256 1002 0
a range +600 +1200 2257 1005 0
a range +600 +1200 2258 1004 0
a range +600 +1200 2259 1003 0
a range +600 +1200 2260 1003 0
a range +600 +1200 2261 1002 0
a range +600 +1200 2262 1001 0
a range +600 +1200 2263 1001 0
a range +600 +1200 2264 1001 0
a range +1200 +1800 1003 9012 0
a range +1200 +1800 1003 9002 0
a range +1200 +1800 1003 9011 0
a range +1200 +1800 1005 9009 0
a range +1200 +1800 1005 9007 0
a range +1200 +1800 1005 9005 0
a range +1200 +1800 1006 9010 0
a range +1200 +1800 1006 9004 0
a range +1200 +1800 1006 9003 0
a range +1200 +1800 1008 9001 0
a range +1200 +1800 1008 9008 0
a range +1200 +1800 1008 9006 0
a range +1200 +1800 2001 1001 0
a range +1200 +1800 2009 1018 0
a range +1200 +1800 2035 1009 0
a range +1200 +1800 2078 1009 0
a range +1200 +1800 2079 1009 0
a range +1200 +1800 2080 1018 0
a range +1200 +1800 2090 1011 0
a range +1200 +1800 2091 1013 0
a range +1200 +1800 2092 1018 0
a range +1200 +1800 2100 1011 0
a range +1200 +1800 2211 1013 0
a range +1200 +1800 2212 1013 0
a range +1200 +1800 2235 1016 0
a range +1200 +1800 2236 1010 0
a range +1200 +1800 2237 1010 0
a range +1200 +1800 2238 1014 0
a range +1200 +1800 2239 1016 0
a range +1200 +1800 2240 1016 0
a range +1200 +1800 2241 1015 0
a range +1200 +1800 2242 1015 0
a range +1200 +1800 2243 1015 0
a range +1200 +1800 2244 1014 0
a range +1200 +1800 2245 1017 0
a range +1200 +1800 2246 1014 0
a range +1200 +1800 2247 1012 0
a range +1200 +1800 2248 1012 0
a range +1200 +1800 2249 1012 0
a range +1200 +1800 2250 1017 0
a range +1200 +1800 2251 1007 0
a range +1200 +1800 2252 1007 0
a range +1200 +1800 2253 1002 0
a range +1200 +1800 2254 1017 0
a range +1200 +1800 2255 1010 0
a range +1200 +1800 2256 1011 0
a range +1200 +1800 2257 1007 0
a range +1200 +1800 2258 1004 0
a range +1200 +1800 2259 1004 0
a range +1200 +1800 2260 1004 0
a range +1200 +1800 2261 1002 0
a range +1200 +1800 2262 1001 0
a range +1200 +1800 2263 1002 0
a range +1200 +1800 2264 1001 0
a range +1800 +2400 2001 1001 0
a range +1800 +2400 2002 1018 0
a range +1800 +2400 2009 1018 0
a range +1800 +2400 2018 1006 0
a range +1800 +2400 2035 1009 0
a range +1800 +2400 2038 1003 0
a range +1800 +2400 2067 1008 0
a range +1800 +2400 2078 1009 0
a range +1800 +2400 2079 1009 0
a range +1800 +2400 2089 1008 0
a range +1800 +2400 2090 1011 0
a range +1800 +2400 2091 1013 0
a range +1800 +2400 2092 1018 0
a range +1800 +2400 2100 1011 0
a range +1800 +2400 2111 1008 0
a range +1800 +2400 2123 1005 0
a range +1800 +2400 2162 1003 0
a range +1800 +2400 2167 1003 0
a range +1800 +2400 2199 1006 0
a range +1800 +2400 2210 1006 0
a range +1800 +2400 2211 1013 0
a range +1800 +2400 2212 1013 0
a range +1800 +2400 2222 1005 0
a range +1800 +2400 2223 1005 0
a range +1800 +2400 2235 1016 0
a range +1800 +2400 2236 1016 0
a range +1800 +2400 2237 1010 0
a range +1800 +2400 2238 1010 0
a range +1800 +2400 2239 1016 0
a range +1800 +2400 2240 1017 0
a range +1800 +2400 2241 1015 0
a range +1800 +2400 2242 1015 0
a range +1800 +2400 2243 1014 0
a range +1800 +2400 2244 1015 0
a range +1800 +2400 2245 1014 0
a range +1800 +2400 2246 1017 0
a range +1800 +2400 2247 1012 0
a range +1800 +2400 2248 1012 0
a range +1800 +2400 2249 1007 0
a range +1800 +2400 2250 1004 0
a range +1800 +2400 2251 1007 0
a range +1800 +2400 2252 1012 0
a range +1800 +2400 2253 1017 0
a range +1800 +2400 2254 1010 0
a range +1800 +2400 2255 1014 0
a range +1800 +2400 2256 1011 0
a range +1800 +2400 2257 1004 0
a range +1800 +2400 2258 1007 0
a range +1800 +2400 2259 1004 0
a range +1800 +2400 2260 1002 0
a range +1800 +2400 2261 1002 0
a range +1800 +2400 2262 1001 0
a range +1800 +2400 2263 1001 0
a range +1800 +2400 2264 1002 0
a range +2400 +3000 1015 9005 0
a range +2400 +3000 1015 9003 0
a range +2400 +3000 1015 9001 0
a range +2400 +3000 2001 1001 0
a range +2400 +3000 2002 1018 0
a range +2400 +3000 2003 1005 0
a range +2400 +3000 2018 1006 0
a range +2400 +3000 2035 1009 0
a range +2400 +3000 2038 1003 0
a range +2400 +3000 2067 1008 0
a range +2400 +3000 2078 1009 0
a range +2400 +3000 2079 1009 0
a range +2400 +3000 2089 1008 0
a range +2400 +3000 2091 1013 0
a range +2400 +3000 2092 1018 0
a range +2400 +3000 2111 1008 0
a range +2400 +3000 2123 1005 0
a range +2400 +3000 2162 1003 0
a range +2400 +3000 2167 1003 0
a range +2400 +3000 2199 1006 0
a range +2400 +3000 2210 1006 0
a range +2400 +3000 2212 1013 0
a range +2400 +3000 2223 1005 0
a range +2400 +3000 2234 1018 0
a range +2400 +3000 2238 1017 0
a range +2400 +3000 2239 1017 0
a range +2400 +3000 2240 1017 0
a range +2400 +3000 2241 1016 0
a range +2400 +3000 2242 1014 0
a range +2400 +3000 2243 1016 0
a range +2400 +3000 2244 1016 0
a range +2400 +3000 2245 1012 0
a range +2400 +3000 2246 1012 0
a range +2400 +3000 2247 1014 0
a range +2400 +3000 2248 1014 0
a range +2400 +3000 2249 1004 0
a range +2400 +3000 2250 1012 0
a range +2400 +3000 2251 1010 0
a range +2400 +3000 2252 1010 0
a range +2400 +3000 2253 1010 0
a range +2400 +3000 2254 1007 0
a range +2400 +3000 2255 1007 0
a range +2400 +3000 2257 1004 0
a range +2400 +3000 2258 1007 0
a range +2400 +3000 2259 1004 0
a range +2400 +3000 2260 1001 0
a range +2400 +3000 2261 1001 0
a range +2400 +3000 2262 1002 0
a range +2400 +3000 2263 1002 0
a range +2400 +3000 2264 1002 0
a range +3000 +3600 2001 1002 0
a range +3000 +3600 2002 1018 0
a range +3000 +3600 2003 1005 0
a range +3000 +3600 2018 1006 0
a range +3000 +3600 2035 1009 0
a range +3000 +3600 2038 1003 0
a range +3000 +3600 2067 1008 0
a range +3000 +3600 2078 1009 0
a range +3000 +3600 2079 1009 0
a range +3000 +3600 2089 1008 0
a range +2400 +3600 2090 1011 0
a range +3000 +3600 2091 1013 0
a range +3000 +3600 2092 1018 0
a range +3000 +3600 2093 1015 0
a range +2400 +3600 2100 1011 0
a range +3000 +3600 2111 1008 0
a range +3000 +3600 2123 1005 0
a range +3000 +3600 2162 1003 0
a range +3000 +3600 2167 1003 0
a range +3000 +3600 2199 1006 0
a range +3000 +3600 2200 1015 0
a range +3000 +3600 2201 1015 0
a range +3000 +3600 2210 1006 0
a range +2400 +3600 2211 1013 0
a range +3000 +3600 2212 1013 0
a range +3000 +3600 2223 1005 0
a range +3000 +3600 2234 1018 0
a range +3000 +3600 2238 1017 0
a range +3000 +3600 2239 1017 0
a range +3000 +3600 2240 1014 0
a range +3000 +3600 2241 1014 0
a range +3000 +3600 2242 1016 0
a range +3000 +3600 2243 1016 0
a range +3000 +3600 2244 1016 0
a range +3000 +3600 2245 1017 0
a range +3000 +3600 2246 1012 0
a range +3000 +3600 2247 1014 0
a range +3000 +3600 2248 1012 0
a range +3000 +3600 2249 1012 0
a range +3000 +3600 2250 1010 0
a range +3000 +3600 2251 1010 0
a range +3000 +3600 2252 1010 0
a range +3000 +3600 2253 1007 0
a range +3000 +3600 2254 1007 0
a range +3000 +3600 2255 1004 0
a range +2400 +3600 2256 1011 0
a range +3000 +3600 2257 1004 0
a range +3000 +3600 2258 1007 0
a range +3000 +3600 2259 1001 0
a range +3000 +3600 2260 1001 0
a range +3000 +3600 2261 1001 0
a range +3000 +3600 2262 1004 0
a range +3000 +3600 2263 1002 0
a range +3000 +3600 2264 1002 0
a range +3600 +4200 1002 9011 0
a range +3600 +4200 1002 9003 0
a range +3600 +4200 1002 9001 0
a range +3600 +4200 2001 1004 0
a range +3600 +4200 2003 1005 0
a range +3600 +4200 2004 1003 0
a range +3600 +4200 2093 1015 0
a range +3600 +4200 2200 1015 0
a range +3600 +4200 2201 1015 0
a range +3600 +4200 2215 1018 0
a range +3600 +4200 2216 1018 0
a range +3600 +4200 2217 1013 0
a range +3600 +4200 2218 1013 0
a range +3600 +4200 2219 1013 0
a range +3600 +4200 2220 1011 0
a range +3600 +4200 2221 1011 0
a range +3600 +4200 2222 1011 0
a range +3600 +4200 2224 1009 0
a range +3600 +4200 2225 1009 0
a range +3600 +4200 2226 1009 0
a range +3600 +4200 2227 1008 0
a range +3600 +4200 2228 1008 0
a range +3600 +4200 2229 1008 0
a range +3600 +4200 2230 1006 0
a range +3600 +4200 2231 1006 0
a range +3600 +4200 2232 1006 0
a range +3600 +4200 2233 1005 0
a range +3600 +4200 2234 1018 0
a range +3600 +4200 2235 1005 0
a range +3600 +4200 2236 1003 0
a range +3600 +4200 2237 1003 0
a range +3600 +4200 2242 1016 0
a range +3600 +4200 2243 1017 0
a range +3600 +4200 2244 1016 0
a range +3600 +4200 2245 1016 0
a range +3600 +4200 2246 1017 0
a range +3600 +4200 2247 1017 0
a range +3600 +4200 2248 1014 0
a range +3600 +4200 2249 1014 0
a range +3600 +4200 2250 1012 0
a range +3600 +4200 2251 1012 0
a range +3600 +4200 2252 1012 0
a range +3600 +4200 2253 1014 0
a range +3600 +4200 2254 1010 0
a range +3600 +4200 2255 1010 0
a range +3600 +4200 2256 1010 0
a range +3600 +4200 2257 1007 0
a range +3600 +4200 2258 1001 0
a range +3600 +4200 2259 1001 0
a range +3600 +4200 2260 1007 0
a range +3600 +4200 2261 1001 0
a range +3600 +4200 2262 1007 0
a range +3600 +4200 2263 1004 0
a range +3600 +4200 2264 1004 0
a range +4200 +4800 2001 1004 0
a range +4200 +4800 2003 1005 0
a range +4200 +4800 2004 1003 0
a range +4200 +4800 2029 1002 0
a range +4200 +4800 2089 1002 0
a range +4200 +4800 2093 1015 0
a range +4200 +4800 2101 1002 0
a range +4200 +4800 2201 1015 0
a range +4200 +4800 2216 1018 0
a range +4200 +4800 2217 1013 0
a range +4200 +4800 2218 1013 0
a range +4200 +4800 2219 1013 0
a range +4200 +4800 2220 1011 0
a range +4200 +4800 2221 1011 0
a range +4200 +4800 2222 1011 0
a range +4200 +4800 2224 1009 0
a range +4200 +4800 2225 1009 0
a range +4200 +4800 2226 1009 0
a range +4200 +4800 2227 1008 0
a range +4200 +4800 2228 1008 0
a range +4200 +4800 2229 1008 0
a range +4200 +4800 2230 1006 0
a range +4200 +4800 2231 1006 0
a range +4200 +4800 2232 1006 0
a range +4200 +4800 2233 1005 0
a range +4200 +4800 2234 1018 0
a range +4200 +4800 2235 1005 0
a range +4200 +4800 2236 1003 0
a range +4200 +4800 2237 1003 0
a range +4200 +4800 2242 1016 0
a range +4200 +4800 2243 1016 0
a range +4200 +4800 2244 1017 0
a range +4200 +4800 2245 1016 0
a range +4200 +4800 2246 1017 0
a range +4200 +4800 2247 1012 0
a range +4200 +4800 2248 1017 0
a range +4200 +4800 2249 1012 0
a range +4200 +4800 2250 1014 0
a range +4200 +4800 2251 1012 0
a range +4200 +4800 2252 1014 0
a range +4200 +4800 2253 1014 0
a range +4200 +4800 2254 1010 0
a range +4200 +4800 2255 1010 0
a range +4200 +4800 2256 1007 0
a range +4200 +4800 2257 1010 0
a range +4200 +4800 2258 1001 0
a range +4200 +4800 2259 1001 0
a range +4200 +4800 2260 1001 0
a range +4200 +4800 2261 1007 0
a range +4200 +4800 2262 1004 0
a range +4200 +4800 2263 1007 0
a range +4200 +4800 2264 1004 0
a range +4800 +5400 2001 1004 0
a range +4800 +5400 2003 1005 0
a range +4800 +5400 2004 1003 0
a range +4800 +5400 2029 1002 0
a range +4800 +5400 2089 1002 0
a range +4800 +5400 2093 1015 0
a range +4800 +5400 2101 1002 0
a range +4200 +5400 2200 1015 0
a range +4800 +5400 2201 1015 0
a range +4200 +5400 2215 1018 0
a range +4800 +5400 2216 1018 0
a range +4800 +5400 2217 1013 0
a range +4800 +5400 2218 1013 0
a range +4800 +5400 2219 1013 0
a range +4800 +5400 2220 1011 0
a range +4800 +5400 2221 1011 0
a range +4800 +5400 2222 1011 0
a range +4800 +5400 2224 1009 0
a range +4800 +5400 2225 1009 0
a range +4800 +5400 2226 1009 0
a range +4800 +5400 2227 1008 0
a range +4800 +5400 2228 1008 0
a range +4800 +5400 2229 1008 0
a range +4800 +5400 2230 1006 0
a range +4800 +5400 2231 1006 0
a range +4800 +5400 2232 1006 0
a range +4800 +5400 2233 1005 0
a range +4800 +5400 2234 1018 0
a range +4800 +5400 2235 1005 0
a range +4800 +5400 2236 1003 0
a range +4800 +5400 2237 1003 0
a range +4800 +5400 2242 1017 0
a range +4800 +5400 2243 1017 0
a range +4800 +5400 2244 1012 0
a range +4800 +5400 2245 1016 0
a range +4800 +5400 2246 1012 0
a range +4800 +5400 2247 1014 0
a range +4800 +5400 2248 1017 0
a range +4800 +5400 2249 1016 0
a range +4800 +5400 2250 1012 0
a range +4800 +5400 2251 1014 0
a range +4800 +5400 2252 1010 0
a range +4800 +5400 2253 1010 0
a range +4800 +5400 2254 1014 0
a range +4800 +5400 2255 1016 0
a range +4800 +5400 2256 1001 0
a range +4800 +5400 2257 1001 0
a range +4800 +5400 2258 1001 0
a range +4800 +5400 2259 1007 0
a range +4800 +5400 2260 1010 0
a range +4800 +5400 2261 1007 0
a range +4800 +5400 2262 1004 0
a range +4800 +5400 2263 1004 0
a range +4800 +5400 2264 1007 0
a range +5400 +6000 2001 1007 0
a range +5400 +6000 2003 1005 0
a range +5400 +6000 2004 1003 0
a range +5400 +6000 2029 1002 0
a range +5400 +6000 2089 1002 0
a range +5400 +6000 2093 1015 0
a range +5400 +6000 2101 1002 0
a range +5400 +6000 2200 1015 0
a range +5400 +6000 2201 1015 0
a range +5400 +6000 2215 1018 0
a range +5400 +6000 2216 1018 0
a range +5400 +6000 2217 1013 0
a range +5400 +6000 2218 1013 0
a range +5400 +6000 2219 1013 0
a range +5400 +6000 2220 1011 0
a range +5400 +6000 2221 1011 0
a range +5400 +6000 2222 1011 0
a range +5400 +6000 2224 1009 0
a range +5400 +6000 2225 1009 0
a range +5400 +6000 2226 1009 0
a range +5400 +6000 2227 1008 0
a range +5400 +6000 2228 1008 0
a range +5400 +6000 2229 1008 0
a range +5400 +6000 2230 1006 0
a range +5400 +6000 2231 1006 0
a range +5400 +6000 2232 1006 0
a range +5400 +6000 2233 1005 0
a range +5400 +6000 2234 1018 0
a range +5400 +6000 2235 1005 0
a range +5400 +6000 2236 1003 0
a range +5400 +6000 2237 1003 0
a range +5400 +6000 2242 1017 0
a range +5400 +6000 2243 1012 0
a range +5400 +6000 2244 1012 0
a range +5400 +6000 2245 1012 0
a range +5400 +6000 2246 1014 0
a range +5400 +6000 2247 1017 0
a range +5400 +6000 2248 1017 0
a range +5400 +6000 2249 1016 0
a range +5400 +6000 2250 1016 0
a range +5400 +6000 2251 1014 0
a range +5400 +6000 2252 1014 0
a range +5400 +6000 2253 1010 0
a range +5400 +6000 2254 1016 0
a range +5400 +6000 2255 1001 0
a range +5400 +6000 2256 1001 0
a range +5400 +6000 2257 1001 0
a range +5400 +6000 2258 1010 0
a range +5400 +6000 2259 1010 0
a range +5400 +6000 2260 1007 0
a range +5400 +6000 2261 1004 0
a range +5400 +6000 2262 1007 0
a range +5400 +6000 2263 1004 0
a range +5400 +6000 2264 1004 0
a range +6000 +6600 1007 9005 0
a range +6000 +6600 1007 9003 0
a range +6000 +6600 1007 9001 0
a range +6000 +6600 2001 1012 0
a range +6000 +6600 2002 1002 0
a range +6000 +6600 2189 1018 0
a range +6000 +6600 2190 1018 0
a range +6000 +6600 2191 1015 0
a range +6000 +6600 2192 1015 0
a range +6000 +6600 2193 1015 0
a range +6000 +6600 2194 1018 0
a range +6000 +6600 2195 1013 0
a range +6000 +6600 2196 1013 0
a range +6000 +6600 2197 1013 0
a range +6000 +6600 2198 1011 0
a range +6000 +6600 2199 1011 0
a range +6000 +6600 2202 1009 0
a range +6000 +6600 2203 1009 0
a range +6000 +6600 2204 1009 0
a range +6000 +6600 2205 1011 0
a range +6000 +6600 2206 1008 0
a range +6000 +6600 2207 1008 0
a range +6000 +6600 2208 1008 0
a range +6000 +6600 2209 1006 0
a range +6000 +6600 2210 1005 0
a range +6000 +6600 2211 1005 0
a range +6000 +6600 2212 1005 0
a range +6000 +6600 2213 1006 0
a range +6000 +6600 2214 1006 0
a range +6000 +6600 2223 1003 0
a range +6000 +6600 2238 1003 0
a range +6000 +6600 2239 1003 0
a range +6000 +6600 2240 1002 0
a range +6000 +6600 2241 1002 0
a range +6000 +6600 2245 1017 0
a range +6000 +6600 2246 1016 0
a range +6000 +6600 2247 1017 0
a range +6000 +6600 2248 1016 0
a range +6000 +6600 2249 1010 0
a range +6000 +6600 2250 1014 0
a range +6000 +6600 2251 1014 0
a range +6000 +6600 2252 1001 0
a range +6000 +6600 2253 1016 0
a range +6000 +6600 2254 1001 0
a range +6000 +6600 2255 1001 0
a range +6000 +6600 2256 1004 0
a range +6000 +6600 2257 1017 0
a range +6000 +6600 2258 1010 0
a range +6000 +6600 2259 1010 0
a range +6000 +6600 2260 1004 0
a range +6000 +6600 2261 1004 0
a range +6000 +6600 2262 1014 0
a range +6000 +6600 2263 1012 0
a range +6000 +6600 2264 1012 0
a range +6600 +7200 1010 9006 0
a range +6600 +7200 1010 9004 0
a range +6600 +7200 1010 9002 0
a range +6600 +7200 1017 9005 0
a range +6600 +7200 1017 9003 0
a range +6600 +7200 1017 9001 0
a range +6600 +7200 2001 1012 0
a range +6600 +7200 2002 1002 0
a range +6600 +7200 2004 1005 0
a range +6600 +7200 2105 1007 0
a range +6600 +7200 2106 1007 0
a range +6600 +7200 2189 1018 0
a range +6600 +7200 2190 1018 0
a range +6600 +7200 2191 1015 0
a range +6600 +7200 2192 1015 0
a range +6600 +7200 2193 1015 0
a range +6600 +7200 2194 1018 0
a range +6600 +7200 2195 1013 0
a range +6600 +7200 2196 1013 0
a range +6600 +7200 2197 1013 0
a range +6600 +7200 2198 1011 0
a range +6600 +7200 2199 1011 0
a range +6600 +7200 2202 1009 0
a range +6600 +7200 2203 1009 0
a range +6600 +7200 2204 1009 0
a range +6600 +7200 2205 1011 0
a range +6600 +7200 2206 1008 0
a range +6600 +7200 2207 1008 0
a range +6600 +7200 2208 1008 0
a range +6600 +7200 2209 1006 0
a range +6600 +7200 2210 1005 0
a range +6600 +7200 2211 1005 0
a range +6600 +7200 2213 1006 0
a range +6600 +7200 2214 1006 0
a range +6600 +7200 2223 1003 0
a range +6600 +7200 2236 1007 0
a range +6600 +7200 2238 1003 0
a range +6600 +7200 2239 1003 0
a range +6600 +7200 2240 1002 0
a range +6600 +7200 2241 1002 0
a range +6600 +7200 2251 1016 0
a range +6600 +7200 2252 1016 0
a range +6600 +7200 2253 1004 0
a range +6600 +7200 2254 1001 0
a range +6600 +7200 2255 1001 0
a range +6600 +7200 2256 1016 0
a range +6600 +7200 2257 1001 0
a range +6600 +7200 2258 1014 0
a range +6600 +7200 2259 1014 0
a range +6600 +7200 2260 1004 0
a range +6600 +7200 2261 1004 0
a range +6600 +7200 2262 1012 0
a range +6600 +7200 2263 1014 0
a range +6600 +7200 2264 1012 0
a range +7200 +7800 1005 9010 0
a range +7200 +7800 1005 9005 0
a range +7200 +7800 1005 9003 0
a range +7200 +7800 1008 9002 0
a range +7200 +7800 1008 9006 0
a range +7200 +7800 1008 9008 0
a range +7200 +7800 1015 9001 0
a range +7200 +7800 1015 9007 0
a range +7200 +7800 1015 9009 0
a range +7200 +7800 1018 9004 0
a range +7200 +7800 1018 9011 0
a range +7200 +7800 1018 9012 0
a range +7200 +7800 2003 1002 0
a range +7200 +7800 2057 1017 0
a range +7200 +7800 2105 1007 0
a range +7200 +7800 2106 1007 0
a range +7200 +7800 2121 1010 0
a range +7200 +7800 2122 1010 0
a range +7200 +7800 2156 1017 0
a range +7200 +7800 2166 1010 0
a range +7200 +7800 2231 1016 0
a range +7200 +7800 2232 1016 0
a range +7200 +7800 2233 1016 0
a range +7200 +7800 2234 1014 0
a range +7200 +7800 2235 1014 0
a range +7200 +7800 2236 1007 0
a range +7200 +7800 2237 1014 0
a range +7200 +7800 2238 1013 0
a range +7200 +7800 2239 1013 0
a range +7200 +7800 2240 1013 0
a range +7200 +7800 2241 1012 0
a range +7200 +7800 2242 1012 0
a range +7200 +7800 2243 1012 0
a range +7200 +7800 2244 1009 0
a range +7200 +7800 2245 1009 0
a range +7200 +7800 2246 1011 0
a range +7200 +7800 2247 1011 0
a range +7200 +7800 2248 1011 0
a range +7200 +7800 2249 1004 0
a range +7200 +7800 2250 1017 0
a range +7200 +7800 2251 1009 0
a range +7200 +7800 2252 1001 0
a range +7200 +7800 2253 1001 0
a range +7200 +7800 2254 1004 0
a range +7200 +7800 2255 1004 0
a range +7200 +7800 2256 1001 0
a range +7200 +7800 2257 1003 0
a range +7200 +7800 2258 1003 0
a range +7200 +7800 2259 1006 0
a range +7200 +7800 2260 1002 0
a range +7200 +7800 2261 1006 0
a range +7200 +7800 2262 1002 0
a range +7200 +7800 2263 1006 0
a range +7200 +7800 2264 1003 0
a range +7800 +8400 1002 9001 0
a range +7800 +8400 1002 9004 0
a range +7800 +8400 1002 9002 0
a range +7800 +8400 1004 9005 0
a range +7800 +8400 1004 9003 0
a range +7800 +8400 1004 9011 0
a range +7800 +8400 2001 1003 0
a range +7800 +8400 2002 1010 0
a range +7800 +8400 2024 1008 0
a range +7800 +8400 2057 1017 0
a range +7800 +8400 2068 1008 0
a range +7800 +8400 2101 1018 0
a range +7800 +8400 2112 1015 0
a range +7800 +8400 2145 1018 0
a range +7800 +8400 2156 1017 0
a range +7800 +8400 2160 1005 0
a range +7800 +8400 2169 1005 0
a range +7800 +8400 2177 1015 0
a range +7800 +8400 2200 1018 0
a range +7800 +8400 2204 1005 0
a range +7800 +8400 2221 1015 0
a range +7800 +8400 2232 1016 0
a range +7800 +8400 2233 1016 0
a range +7800 +8400 2234 1014 0
a range +7800 +8400 2235 1016 0
a range +7800 +8400 2236 1014 0
a range +7800 +8400 2237 1014 0
a range +7800 +8400 2238 1013 0
a range +7800 +8400 2239 1013 0
a range +7800 +8400 2240 1012 0
a range +7800 +8400 2241 1012 0
a range +7800 +8400 2242 1009 0
a range +7800 +8400 2243 1009 0
a range +7800 +8400 2244 1008 0
a range +7800 +8400 2245 1012 0
a range +7800 +8400 2246 1013 0
a range +7800 +8400 2247 1011 0
a range +7800 +8400 2248 1011 0
a range +7800 +8400 2249 1011 0
a range +7800 +8400 2250 1017 0
a range +7800 +8400 2251 1009 0
a range +7800 +8400 2252 1001 0
a range +7800 +8400 2253 1001 0
a range +7800 +8400 2254 1001 0
a range +7800 +8400 2255 1006 0
a range +7800 +8400 2256 1003 0
a range +7800 +8400 2257 1010 0
a range +7800 +8400 2258 1003 0
a range +7800 +8400 2259 1006 0
a range +7800 +8400 2260 1006 0
a range +7800 +8400 2261 1007 0
a range +7800 +8400 2262 1007 0
a range +7800 +8400 2263 1007 0
a range +7800 +8400 2264 1010 0
a range +8400 +9000 1004 9003 0
a range +8400 +9000 1004 9011 0
a range +8400 +9000 1004 9005 0
a range +8400 +9000 1007 9001 0
a range +8400 +9000 1007 9007 0
a range +8400 +9000 1007 9006 0
a range +8400 +9000 1010 9002 0
a range +8400 +9000 1010 9012 0
a range +8400 +9000 1010 9008 0
a range +8400 +9000 1017 9009 0
a range +8400 +9000 1017 9004 0
a range +8400 +9000 1017 9010 0
a range +8400 +9000 2001 1003 0
a range +8400 +9000 2024 1008 0
a range +8400 +9000 2068 1008 0
a range +8400 +9000 2100 1002 0
a range +8400 +9000 2101 1018 0
a range +8400 +9000 2112 1015 0
a range +8400 +9000 2124 1002 0
a range +8400 +9000 2144 1002 0
a range +8400 +9000 2145 1018 0
a range +8400 +9000 2160 1005 0
a range +8400 +9000 2169 1005 0
a range +8400 +9000 2177 1015 0
a range +8400 +9000 2200 1018 0
a range +8400 +9000 2204 1005 0
a range +8400 +9000 2221 1015 0
a range +8400 +9000 2238 1016 0
a range +8400 +9000 2239 1016 0
a range +8400 +9000 2240 1014 0
a range +8400 +9000 2241 1016 0
a range +8400 +9000 2242 1014 0
a range +8400 +9000 2243 1012 0
a range +8400 +9000 2244 1008 0
a range +8400 +9000 2245 1014 0
a range +8400 +9000 2246 1013 0
a range +8400 +9000 2247 1013 0
a range +8400 +9000 2248 1013 0
a range +8400 +9000 2249 1011 0
a range +8400 +9000 2250 1001 0
a range +8400 +9000 2251 1001 0
a range +8400 +9000 2252 1012 0
a range +8400 +9000 2253 1001 0
a range +8400 +9000 2254 1011 0
a range +8400 +9000 2255 1011 0
a range +8400 +9000 2256 1012 0
a range +8400 +9000 2257 1009 0
a range +8400 +9000 2258 1009 0
a range +8400 +9000 2259 1009 0
a range +8400 +9000 2260 1006 0
a range +8400 +9000 2261 1006 0
a range +8400 +9000 2262 1006 0
a range +8400 +9000 2263 1003 0
a range +8400 +9000 2264 1003 0
a range +9000 +9600 1014 9005 0
a range +9000 +9600 1014 9003 0
a range +9000 +9600 1014 9001 0
a range +9000 +9600 2001 1003 0
a range +9000 +9600 2002 1015 0
a range +9000 +9600 2024 1008 0
a range +9000 +9600 2030 1004 0
a range +9000 +9600 2031 1004 0
a range +9000 +9600 2068 1008 0
a range +9000 +9600 2075 1004 0
a range +9000 +9600 2079 1007 0
a range +9000 +9600 2080 1007 0
a range +9000 +9600 2081 1010 0
a range +9000 +9600 2093 1017 0
a range +9000 +9600 2100 1002 0
a range +9000 +9600 2101 1018 0
a range +9000 +9600 2103 1010 0
a range +9000 +9600 2122 1017 0
a range +9000 +9600 2124 1002 0
a range +9000 +9600 2144 1002 0
a range +9000 +9600 2145 1018 0
a range +9000 +9600 2169 1005 0
a range +9000 +9600 2177 1015 0
a range +9000 +9600 2200 1018 0
a range +9000 +9600 2204 1005 0
a range +9000 +9600 2225 1017 0
a range +9000 +9600 2226 1010 0
a range +9000 +9600 2228 1007 0
a range +9000 +9600 2235 1015 0
a range +9000 +9600 2236 1005 0
a range +9000 +9600 2237 1008 0
a range +9000 +9600 2242 1012 0
a range +9000 +9600 2243 1013 0
a range +9000 +9600 2244 1012 0
a range +9000 +9600 2245 1013 0
a range +9000 +9600 2246 1013 0
a range +9000 +9600 2247 1006 0
a range +9000 +9600 2248 1016 0
a range +9000 +9600 2249 1001 0
a range +9000 +9600 2250 1001 0
a range +9000 +9600 2251 1001 0
a range +9000 +9600 2252 1016 0
a range +9000 +9600 2253 1016 0
a range +9000 +9600 2254 1011 0
a range +9000 +9600 2255 1011 0
a range +9000 +9600 2256 1009 0
a range +9000 +9600 2257 1011 0
a range +9000 +9600 2258 1009 0
a range +9000 +9600 2259 1009 0
a range +9000 +9600 2260 1012 0
a range +9000 +9600 2261 1006 0
a range +9000 +9600 2262 1003 0
a range +9000 +9600 2263 1006 0
a range +9000 +9600 2264 1003 0
a range +9600 +10200 1014 9007 0
a range +9600 +10200 1014 9001 0
a range +9600 +10200 1014 9003 0
a range +9600 +10200 2001 1006 0
a range +9600 +10200 2002 1015 0
a range +9600 +10200 2005 1005 0
a range +9600 +10200 2030 1004 0
a range +9600 +10200 2031 1004 0
a range +9600 +10200 2075 1004 0
a range +9600 +10200 2079 1007 0
a range +9600 +10200 2080 1007 0
a range +9600 +10200 2081 1010 0
a range +9600 +10200 2093 1017 0
a range +9600 +10200 2100 1002 0
a range +9600 +10200 2103 1010 0
a range +9600 +10200 2122 1017 0
a range +9600 +10200 2144 1002 0
a range +9600 +10200 2225 1017 0
a range +9600 +10200 2226 1010 0
a range +9600 +10200 2228 1007 0
a range +9600 +10200 2231 1018 0
a range +9600 +10200 2232 1018 0
a range +9600 +10200 2233 1018 0
a range +9600 +10200 2234 1015 0
a range +9600 +10200 2236 1005 0
a range +9600 +10200 2237 1008 0
a range +9600 +10200 2238 1008 0
a range +9600 +10200 2239 1008 0
a range +9600 +10200 2240 1015 0
a range +9600 +10200 2241 1005 0
a range +9600 +10200 2242 1013 0
a range +9600 +10200 2243 1001 0
a range +9600 +10200 2244 1013 0
a range +9600 +10200 2245 1006 0
a range +9600 +10200 2246 1011 0
a range +9600 +10200 2247 1013 0
a range +9600 +10200 2248 1016 0
a range +9600 +10200 2249 1001 0
a range +9600 +10200 2250 1016 0
a range +9600 +10200 2251 1001 0
a range +9600 +10200 2252 1016 0
a range +9600 +10200 2253 1012 0
a range +9600 +10200 2254 1012 0
a range +9600 +10200 2255 1011 0
a range +9600 +10200 2256 1009 0
a range +9600 +10200 2257 1012 0
a range +9600 +10200 2258 1006 0
a range +9600 +10200 2259 1009 0
a range +9600 +10200 2260 1003 0
a range +9600 +10200 2261 1009 0
a range +9600 +10200 2262 1003 0
a range +9600 +10200 2263 1003 0
a range +9600 +10200 2264 1011 0
a range +10200 +10800 2001 1016 0
a range +10200 +10800 2002 1015 0
a range +10200 +10800 2003 1017 0
a range +10200 +10800 2005 1005 0
a range +10200 +10800 2030 1004 0
a range +10200 +10800 2031 1004 0
a range +10200 +10800 2046 1014 0
a range +10200 +10800 2075 1004 0
a range +10200 +10800 2079 1007 0
a range +10200 +10800 2080 1007 0
a range +10200 +10800 2097 1014 0
a range +10200 +10800 2100 1002 0
a range +10200 +10800 2103 1010 0
a range +9600 +10800 2124 1002 0
a range +10200 +10800 2141 1014 0
a range +10200 +10800 2144 1002 0
a range +10200 +10800 2225 1017 0
a range +10200 +10800 2226 1010 0
a range +10200 +10800 2228 1007 0
a range +10200 +10800 2231 1018 0
a range +10200 +10800 2232 1018 0
a range +10200 +10800 2233 1018 0
a range +10200 +10800 2234 1015 0
a range +10200 +10800 2236 1005 0
a range +10200 +10800 2237 1008 0
a range +10200 +10800 2238 1008 0
a range +10200 +10800 2239 1008 0
a range +10200 +10800 2240 1015 0
a range +10200 +10800 2241 1005 0
a range +10200 +10800 2242 1013 0
a range +10200 +10800 2243 1013 0
a range +10200 +10800 2244 1013 0
a range +10200 +10800 2245 1006 0
a range +10200 +10800 2246 1006 0
a range +10200 +10800 2247 1009 0
a range +10200 +10800 2248 1001 0
a range +10200 +10800 2249 1001 0
a range +10200 +10800 2250 1001 0
a range +10200 +10800 2251 1012 0
a range +10200 +10800 2252 1009 0
a range +10200 +10800 2253 1011 0
a range +10200 +10800 2254 1011 0
a range +10200 +10800 2255 1012 0
a range +10200 +10800 2256 1012 0
a range +10200 +10800 2257 1009 0
a range +10200 +10800 2258 1006 0
a range +10200 +10800 2259 1003 0
a range +10200 +10800 2260 1016 0
a range +10200 +10800 2261 1016 0
a range +10200 +10800 2262 1003 0
a range +10200 +10800 2263 1003 0
a range +10200 +10800 2264 1011 0
a range +10800 +11400 2001 1006 0
a range +10800 +11400 2002 1015 0
a range +10800 +11400 2003 1017 0
a range +10800 +11400 2005 1005 0
a range +10800 +11400 2008 1015 0
a range +10800 +11400 2030 1004 0
a range +10800 +11400 2031 1004 0
a range +10800 +11400 2046 1014 0
a range +10800 +11400 2075 1004 0
a range +10800 +11400 2079 1007 0
a range +10800 +11400 2080 1007 0
a range +10200 +11400 2081 1010 0
a range +10800 +11400 2097 1014 0
a range +10800 +11400 2100 1002 0
a range +10800 +11400 2103 1010 0
a range +10200 +11400 2122 1017 0
a range +10800 +11400 2124 1002 0
a range +10800 +11400 2144 1002 0
a range +10800 +11400 2225 1017 0
a range +10800 +11400 2226 1010 0
a range +10800 +11400 2228 1007 0
a range +10800 +11400 2231 1018 0
a range +10800 +11400 2232 1018 0
a range +10800 +11400 2233 1018 0
a range +10800 +11400 2235 1014 0
a range +10800 +11400 2236 1005 0
a range +10800 +11400 2237 1008 0
a range +10800 +11400 2238 1008 0
a range +10800 +11400 2239 1008 0
a range +10800 +11400 2240 1015 0
a range +10800 +11400 2241 1005 0
a range +10800 +11400 2242 1001 0
a range +10800 +11400 2243 1001 0
a range +10800 +11400 2244 1013 0
a range +10800 +11400 2245 1013 0
a range +10800 +11400 2246 1009 0
a range +10800 +11400 2247 1016 0
a range +10800 +11400 2248 1001 0
a range +10800 +11400 2249 1016 0
a range +10800 +11400 2250 1011 0
a range +10800 +11400 2251 1016 0
a range +10800 +11400 2252 1013 0
a range +10800 +11400 2253 1012 0
a range +10800 +11400 2254 1012 0
a range +10800 +11400 2255 1009 0
a range +10800 +11400 2256 1003 0
a range +10800 +11400 2257 1003 0
a range +10800 +11400 2258 1003 0
a range +10800 +11400 2259 1006 0
a range +10800 +11400 2260 1006 0
a range +10800 +11400 2261 1009 0
a range +10800 +11400 2262 1011 0
a range +10800 +11400 2263 1011 0
a range +10800 +11400 2264 1012 0
a range +11400 +12000 1001 9011 0
a range +11400 +12000 1001 9003 0
a range +11400 +12000 1001 9001 0
a range +11400 +12000 2001 1006 0
a range +11400 +12000 2003 1017 0
a range +11400 +12000 2004 1002 0
a range +11400 +12000 2008 1015 0
a range +11400 +12000 2097 1014 0
a range +11400 +12000 2203 1018 0
a range +11400 +12000 2204 1017 0
a range +11400 +12000 2205 1017 0
a range +11400 +12000 2206 1018 0
a range +11400 +12000 2207 1018 0
a range +11400 +12000 2208 1015 0
a range +11400 +12000 2209 1015 0
a range +11400 +12000 2210 1014 0
a range +11400 +12000 2211 1014 0
a range +11400 +12000 2212 1010 0
a range +11400 +12000 2213 1010 0
a range +11400 +12000 2214 1010 0
a range +11400 +12000 2215 1008 0
a range +11400 +12000 2216 1008 0
a range +11400 +12000 2217 1008 0
a range +11400 +12000 2218 1007 0
a range +11400 +12000 2219 1007 0
a range +11400 +12000 2220 1005 0
a range +11400 +12000 2221 1005 0
a range +11400 +12000 2222 1005 0
a range +11400 +12000 2223 1007 0
a range +11400 +12000 2224 1004 0
a range +11400 +12000 2227 1002 0
a range +11400 +12000 2229 1004 0
a range +11400 +12000 2230 1004 0
a range +11400 +12000 2234 1002 0
a range +11400 +12000 2245 1013 0
a range +11400 +12000 2246 1009 0
a range +11400 +12000 2247 1016 0
a range +11400 +12000 2248 1013 0
a range +11400 +12000 2249 1013 0
a range +11400 +12000 2250 1016 0
a range +11400 +12000 2251 1011 0
a range +11400 +12000 2252 1011 0
a range +11400 +12000 2253 1006 0
a range +11400 +12000 2254 1003 0
a range +11400 +12000 2255 1003 0
a range +11400 +12000 2256 1006 0
a range +11400 +12000 2257 1003 0
a range +11400 +12000 2258 1009 0
a range +11400 +12000 2259 1012 0
a range +11400 +12000 2260 1009 0
a range +11400 +12000 2261 1012 0
a range +11400 +12000 2262 1016 0
a range +11400 +12000 2263 1012 0
a range +11400 +12000 2264 1011 0
a range +12000 +12600 1001 9003 0
a range +12000 +12600 1001 9001 0
a range +12000 +12600 1001 9011 0
a range +12000 +12600 2001 1012 0
a range +12000 +12600 2002 1004 0
a range +12000 +12600 2004 1002 0
a range +12000 +12600 2008 1015 0
a range +12000 +12600 2203 1018 0
a range +12000 +12600 2204 1017 0
a range +12000 +12600 2205 1017 0
a range +12000 +12600 2206 1018 0
a range +12000 +12600 2207 1018 0
a range +12000 +12600 2208 1015 0
a range +12000 +12600 2209 1015 0
a range +12000 +12600 2210 1014 0
a range +12000 +12600 2211 1014 0
a range +12000 +12600 2212 1010 0
a range +12000 +12600 2213 1010 0
a range +12000 +12600 2214 1010 0
a range +12000 +12600 2215 1008 0
a range +12000 +12600 2216 1008 0
a range +12000 +12600 2217 1008 0
a range +12000 +12600 2218 1007 0
a range +12000 +12600 2219 1007 0
a range +12000 +12600 2220 1005 0
a range +12000 +12600 2221 1005 0
a range +12000 +12600 2222 1005 0
a range +12000 +12600 2223 1007 0
a range +12000 +12600 2224 1004 0
a range +12000 +12600 2227 1002 0
a range +12000 +12600 2229 1004 0
a range +12000 +12600 2234 1002 0
a range +12000 +12600 2243 1014 0
a range +12000 +12600 2244 1017 0
a range +12000 +12600 2245 1009 0
a range +12000 +12600 2246 1009 0
a range +12000 +12600 2247 1016 0
a range +12000 +12600 2248 1013 0
a range +12000 +12600 2249 1013 0
a range +12000 +12600 2250 1011 0
a range +12000 +12600 2251 1013 0
a range +12000 +12600 2252 1006 0
a range +12000 +12600 2253 1016 0
a range +12000 +12600 2254 1003 0
a range +12000 +12600 2255 1003 0
a range +12000 +12600 2256 1003 0
a range +12000 +12600 2257 1006 0
a range +12000 +12600 2258 1006 0
a range +12000 +12600 2259 1016 0
a range +12000 +12600 2260 1012 0
a range +12000 +12600 2261 1012 0
a range +12000 +12600 2262 1011 0
a range +12000 +12600 2263 1011 0
a range +12000 +12600 2264 1009 0
a range +12600 +13200 2001 1009 0
a range +12600 +13200 2002 1004 0
a range +12600 +13200 2003 1004 0
a range +12600 +13200 2004 1002 0
a range +12600 +13200 2008 1015 0
a range +12600 +13200 2118 1001 0
a range +12600 +13200 2119 1001 0
a range +12600 +13200 2161 1001 0
a range +12600 +13200 2203 1018 0
a range +12600 +13200 2206 1018 0
a range +12600 +13200 2207 1018 0
a range +12600 +13200 2208 1015 0
a range +12600 +13200 2209 1015 0
a range +12600 +13200 2212 1010 0
a range +12600 +13200 2213 1010 0
a range +12600 +13200 2214 1010 0
a range +12600 +13200 2215 1008 0
a range +12600 +13200 2216 1008 0
a range +12600 +13200 2217 1008 0
a range +12600 +13200 2218 1007 0
a range +12600 +13200 2219 1007 0
a range +12600 +13200 2220 1005 0
a range +12600 +13200 2221 1005 0
a range +12600 +13200 2222 1005 0
a range +12600 +13200 2223 1007 0
a range +12600 +13200 2224 1004 0
a range +12600 +13200 2227 1002 0
a range +12600 +13200 2234 1002 0
a range +12600 +13200 2245 1009 0
a range +12600 +13200 2246 1006 0
a range +12600 +13200 2247 1013 0
a range +12600 +13200 2248 1011 0
a range +12600 +13200 2249 1011 0
a range +12600 +13200 2250 1013 0
a range +12600 +13200 2251 1016 0
a range +12600 +13200 2252 1003 0
a range +12600 +13200 2253 1003 0
a range +12600 +13200 2254 1012 0
a range +12600 +13200 2255 1003 0
a range +12600 +13200 2256 1006 0
a range +12600 +13200 2257 1016 0
a range +12600 +13200 2258 1013 0
a range +12600 +13200 2259 1012 0
a range +12600 +13200 2260 1016 0
a range +12600 +13200 2261 1011 0
a range +12600 +13200 2262 1012 0
a range +12600 +13200 2263 1009 0
a range +12600 +13200 2264 1006 0
a range +13200 +13800 2001 1009 0
a range +13200 +13800 2002 1004 0
a range +13200 +13800 2003 1004 0
a range +13200 +13800 2004 1002 0
a range +13200 +13800 2005 1001 0
a range +13200 +13800 2008 1015 0
a range +13200 +13800 2118 1001 0
a range +13200 +13800 2119 1001 0
a range +13200 +13800 2203 1018 0
a range +12600 +13800 2204 1017 0
a range +13200 +13800 2206 1018 0
a range +13200 +13800 2207 1018 0
a range +13200 +13800 2208 1015 0
a range +13200 +13800 2209 1015 0
a range +12600 +13800 2210 1014 0
a range +12600 +13800 2211 1014 0
a range +13200 +13800 2212 1010 0
a range +13200 +13800 2213 1010 0
a range +13200 +13800 2214 1010 0
a range +13200 +13800 2215 1008 0
a range +13200 +13800 2216 1008 0
a range +13200 +13800 2217 1008 0
a range +13200 +13800 2218 1007 0
a range +13200 +13800 2219 1007 0
a range +13200 +13800 2220 1005 0
a range +13200 +13800 2221 1005 0
a range +13200 +13800 2222 1005 0
a range +13200 +13800 2223 1007 0
a range +13200 +13800 2224 1004 0
a range +13200 +13800 2227 1002 0
a range +13200 +13800 2234 1002 0
a range +12600 +13800 2242 1017 0
a range +12600 +13800 2243 1014 0
a range +12600 +13800 2244 1017 0
a range +13200 +13800 2245 1006 0
a range +13200 +13800 2246 1016 0
a range +13200 +13800 2247 1011 0
a range +13200 +13800 2248 1009 0
a range +13200 +13800 2249 1013 0
a range +13200 +13800 2250 1013 0
a range +13200 +13800 2251 1009 0
a range +13200 +13800 2252 1003 0
a range +13200 +13800 2253 1003 0
a range +13200 +13800 2254 1003 0
a range +13200 +13800 2255 1016 0
a range +13200 +13800 2256 1016 0
a range +13200 +13800 2257 1011 0
a range +13200 +13800 2258 1012 0
a range +13200 +13800 2259 1011 0
a range +13200 +13800 2260 1013 0
a range +13200 +13800 2261 1012 0
a range +13200 +13800 2262 1012 0
a range +13200 +13800 2263 1006 0
a range +13200 +13800 2264 1006 0
a range +13800 +14400 2001 1005 0
a range +13800 +14400 2002 1004 0
a range +13800 +14400 2003 1004 0
a range +13800 +14400 2005 1001 0
a range +13800 +14400 2006 1015 0
a range +13800 +14400 2012 1002 0
a range +13800 +14400 2118 1001 0
a range +13800 +14400 2119 1001 0
a range +13800 +14400 2204 1017 0
a range +13800 +14400 2210 1014 0
a range +13800 +14400 2211 1014 0
a range +13800 +14400 2212 1010 0
a range +13800 +14400 2213 1010 0
a range +13800 +14400 2214 1010 0
a range +13800 +14400 2218 1007 0
a range +13800 +14400 2219 1007 0
a range +13800 +14400 2223 1007 0
a range +13800 +14400 2224 1004 0
a range +13800 +14400 2229 1018 0
a range +13800 +14400 2230 1018 0
a range +13800 +14400 2231 1016 0
a range +13800 +14400 2232 1016 0
a range +13800 +14400 2233 1016 0
a range +13800 +14400 2234 1006 0
a range +13800 +14400 2235 1013 0
a range +13800 +14400 2236 1013 0
a range +13800 +14400 2237 1013 0
a range +13800 +14400 2238 1012 0
a range +13800 +14400 2239 1012 0
a range +13800 +14400 2240 1012 0
a range +13800 +14400 2241 1011 0
a range +13800 +14400 2242 1017 0
a range +13800 +14400 2243 1014 0
a range +13800 +14400 2244 1017 0
a range +13800 +14400 2245 1011 0
a range +13800 +14400 2246 1011 0
a range +13800 +14400 2247 1009 0
a range +13800 +14400 2248 1009 0
a range +13800 +14400 2249 1009 0
a range +13800 +14400 2250 1003 0
a range +13800 +14400 2251 1003 0
a range +13800 +14400 2252 1008 0
a range +13800 +14400 2253 1003 0
a range +13800 +14400 2254 1018 0
a range +13800 +14400 2255 1006 0
a range +13800 +14400 2256 1006 0
a range +13800 +14400 2257 1008 0
a range +13800 +14400 2258 1008 0
a range +13800 +14400 2259 1002 0
a range +13800 +14400 2260 1005 0
a range +13800 +14400 2261 1005 0
a range +13800 +14400 2262 1002 0
a range +13800 +14400 2263 1015 0
a range +13800 +14400 2264 1015 0
a range +14400 +15000 1002 9012 0
a range +14400 +15000 1002 9006 0
a range +14400 +15000 1002 9004 0
a range +14400 +15000 1004 9002 0
a range +14400 +15000 1004 9010 0
a range +14400 +15000 1004 9008 0
a range +14400 +15000 1011 9009 0
a range +14400 +15000 1011 9011 0
a range +14400 +15000 1011 9007 0
a range +14400 +15000 1016 9005 0
a range +14400 +15000 1016 9003 0
a range +14400 +15000 1016 9001 0
a range +14400 +15000 2001 1005 0
a range +14400 +15000 2003 1001 0
a range +14400 +15000 2009 1007 0
a range +14400 +15000 2209 1017 0
a range +14400 +15000 2215 1017 0
a range +14400 +15000 2216 1017 0
a range +14400 +15000 2217 1014 0
a range +14400 +15000 2220 1014 0
a range +14400 +15000 2221 1007 0
a range +14400 +15000 2222 1007 0
a range +14400 +15000 2225 1010 0
a range +14400 +15000 2226 1014 0
a range +14400 +15000 2227 1010 0
a range +14400 +15000 2228 1010 0
a range +14400 +15000 2237 1013 0
a range +14400 +15000 2238 1018 0
a range +14400 +15000 2239 1012 0
a range +14400 +15000 2240 1009 0
a range +14400 +15000 2241 1012 0
a range +14400 +15000 2242 1012 0
a range +14400 +15000 2243 1018 0
a range +14400 +15000 2244 1018 0
a range +14400 +15000 2245 1015 0
a range +14400 +15000 2246 1015 0
a range +14400 +15000 2247 1001 0
a range +14400 +15000 2248 1001 0
a range +14400 +15000 2249 1015 0
a range +14400 +15000 2250 1003 0
a range +14400 +15000 2251 1003 0
a range +14400 +15000 2252 1003 0
a range +14400 +15000 2253 1006 0
a range +14400 +15000 2254 1006 0
a range +14400 +15000 2255 1013 0
a range +14400 +15000 2256 1009 0
a range +14400 +15000 2257 1013 0
a range +14400 +15000 2258 1008 0
a range +14400 +15000 2259 1008 0
a range +14400 +15000 2260 1008 0
a range +14400 +15000 2261 1009 0
a range +14400 +15000 2262 1006 0
a range +14400 +15000 2263 1005 0
a range +14400 +15000 2264 1005 0
a range +15000 +15600 1001 9012 0
a range +15000 +15600 1001 9006 0
a range +15000 +15600 1001 9004 0
a range +15000 +15600 1007 9002 0
a range +15000 +15600 1007 9010 0
a range +15000 +15600 1007 9008 0
a range +15000 +15600 1009 9011 0
a range +15000 +15600 1009 9009 0
a range +15000 +15600 1009 9005 0
a range +15000 +15600 1016 9007 0
a range +15000 +15600 1016 9001 0
a range +15000 +15600 1016 9003 0
a range +15000 +15600 2001 1017 0
a range +15000 +15600 2024 1002 0
a range +15000 +15600 2067 1002 0
a range +15000 +15600 2088 1002 0
a range +15000 +15600 2097 1004 0
a range +15000 +15600 2141 1004 0
a range +15000 +15600 2184 1004 0
a range +15000 +15600 2217 1014 0
a range +15000 +15600 2220 1014 0
a range +15000 +15600 2226 1014 0
a range +15000 +15600 2233 1017 0
a range +15000 +15600 2234 1015 0
a range +15000 +15600 2235 1013 0
a range +15000 +15600 2236 1013 0
a range +15000 +15600 2237 1012 0
a range +15000 +15600 2238 1013 0
a range +15000 +15600 2239 1012 0
a range +15000 +15600 2240 1012 0
a range +15000 +15600 2241 1018 0
a range +15000 +15600 2242 1018 0
a range +15000 +15600 2243 1017 0
a range +15000 +15600 2244 1015 0
a range +15000 +15600 2245 1015 0
a range +15000 +15600 2246 1018 0
a range +15000 +15600 2247 1010 0
a range +15000 +15600 2248 1008 0
a range +15000 +15600 2249 1003 0
a range +15000 +15600 2250 1008 0
a range +15000 +15600 2251 1003 0
a range +15000 +15600 2252 1006 0
a range +15000 +15600 2253 1011 0
a range +15000 +15600 2254 1006 0
a range +15000 +15600 2255 1006 0
a range +15000 +15600 2256 1008 0
a range +15000 +15600 2257 1011 0
a range +15000 +15600 2258 1011 0
a range +15000 +15600 2259 1010 0
a range +15000 +15600 2260 1010 0
a range +15000 +15600 2261 1003 0
a range +15000 +15600 2262 1005 0
a range +15000 +15600 2263 1005 0
a range +15000 +15600 2264 1005 0
a range +15600 +16200 1009 9005 0
a range +15600 +16200 1009 9003 0
a range +15600 +16200 1009 9011 0
a range +15600 +16200 1011 9001 0
a range +15600 +16200 1011 9007 0
a range +15600 +16200 1011 9009 0
a range +15600 +16200 1017 9012 0
a range +15600 +16200 1017 9006 0
a range +15600 +16200 1017 9002 0
a range +15600 +16200 2001 1005 0
a range +15600 +16200 2004 1016 0
a range +15600 +16200 2018 1001 0
a range +15600 +16200 2024 1002 0
a range +15600 +16200 2048 1016 0
a range +15600 +16200 2067 1002 0
a range +15600 +16200 2088 1002 0
a range +15600 +16200 2097 1004 0
a range +15600 +16200 2098 1007 0
a range +15600 +16200 2141 1004 0
a range +15600 +16200 2142 1007 0
a range +15600 +16200 2184 1004 0
a range +15600 +16200 2185 1001 0
a range +15600 +16200 2186 1007 0
a range +15600 +16200 2227 1001 0
a range +15600 +16200 2230 1016 0
a range +15600 +16200 2236 1015 0
a range +15600 +16200 2237 1013 0
a range +15600 +16200 2238 1018 0
a range +15600 +16200 2239 1014 0
a range +15600 +16200 2240 1010 0
a range +15600 +16200 2241 1014 0
a range +15600 +16200 2242 1018 0
a range +15600 +16200 2243 1008 0
a range +15600 +16200 2244 1015 0
a range +15600 +16200 2245 1018 0
a range +15600 +16200 2246 1008 0
a range +15600 +16200 2247 1015 0
a range +15600 +16200 2248 1010 0
a range +15600 +16200 2249 1003 0
a range +15600 +16200 2250 1003 0
a range +15600 +16200 2251 1010 0
a range +15600 +16200 2252 1006 0
a range +15600 +16200 2253 1006 0
a range +15600 +16200 2254 1006 0
a range +15600 +16200 2255 1012 0
a range +15600 +16200 2256 1013 0
a range +15600 +16200 2257 1013 0
a range +15600 +16200 2258 1012 0
a range +15600 +16200 2259 1005 0
a range +15600 +16200 2260 1005 0
a range +15600 +16200 2261 1003 0
a range +15600 +16200 2262 1014 0
a range +15600 +16200 2263 1012 0
a range +15600 +16200 2264 1008 0
a range +16200 +16800 1006 9005 0
a range +16200 +16800 1006 9003 0
a range +16200 +16800 1006 9011 0
a range +16200 +16800 1014 9001 0
a range +16200 +16800 1014 9004 0
a range +16200 +16800 1014 9002 0
a range +16200 +16800 2001 1008 0
a range +16200 +16800 2004 1016 0
a range +16200 +16800 2018 1001 0
a range +16200 +16800 2024 1002 0
a range +16200 +16800 2048 1016 0
a range +16200 +16800 2067 1002 0
a range +16200 +16800 2088 1002 0
a range +16200 +16800 2092 1017 0
a range +16200 +16800 2093 1009 0
a range +16200 +16800 2094 1009 0
a range +16200 +16800 2097 1004 0
a range +16200 +16800 2098 1007 0
a range +16200 +16800 2123 1011 0
a range +16200 +16800 2141 1004 0
a range +16200 +16800 2142 1007 0
a range +16200 +16800 2159 1009 0
a range +16200 +16800 2166 1017 0
a range +16200 +16800 2167 1017 0
a range +16200 +16800 2184 1004 0
a range +16200 +16800 2185 1001 0
a range +16200 +16800 2186 1007 0
a range +16200 +16800 2210 1011 0
a range +16200 +16800 2211 1011 0
a range +16200 +16800 2227 1001 0
a range +16200 +16800 2230 1016 0
a range +16200 +16800 2242 1018 0
a range +16200 +16800 2243 1015 0
a range +16200 +16800 2244 1010 0
a range +16200 +16800 2245 1015 0
a range +16200 +16800 2246 1015 0
a range +16200 +16800 2247 1003 0
a range +16200 +16800 2248 1003 0
a range +16200 +16800 2249 1003 0
a range +16200 +16800 2250 1018 0
a range +16200 +16800 2251 1018 0
a range +16200 +16800 2252 1013 0
a range +16200 +16800 2253 1013 0
a range +16200 +16800 2254 1013 0
a range +16200 +16800 2255 1008 0
a range +16200 +16800 2256 1008 0
a range +16200 +16800 2257 1010 0
a range +16200 +16800 2258 1012 0
a range +16200 +16800 2259 1012 0
a range +16200 +16800 2260 1012 0
a range +16200 +16800 2261 1010 0
a range +16200 +16800 2262 1005 0
a range +16200 +16800 2263 1005 0
a range +16200 +16800 2264 1005 0
a range +16800 +17400 1006 9003 0
a range +16800 +17400 1006 9011 0
a range +16800 +17400 1006 9005 0
a range +16800 +17400 1016 9001 0
a range +16800 +17400 1016 9004 0
a range +16800 +17400 1016 9002 0
a range +16800 +17400 2001 1008 0
a range +16800 +17400 2005 1004 0
a range +16800 +17400 2018 1001 0
a range +16800 +17400 2020 1014 0
a range +16800 +17400 2064 1014 0
a range +16800 +17400 2092 1017 0
a range +16800 +17400 2093 1009 0
a range +16800 +17400 2094 1009 0
a range +16800 +17400 2098 1007 0
a range +16800 +17400 2123 1011 0
a range +16800 +17400 2134 1014 0
a range +16800 +17400 2142 1007 0
a range +16800 +17400 2159 1009 0
a range +16800 +17400 2166 1017 0
a range +16800 +17400 2167 1017 0
a range +16800 +17400 2185 1001 0
a range +16800 +17400 2186 1007 0
a range +16800 +17400 2210 1011 0
a range +16800 +17400 2211 1011 0
a range +16800 +17400 2227 1001 0
a range +16800 +17400 2236 1012 0
a range +16800 +17400 2237 1004 0
a range +16800 +17400 2238 1004 0
a range +16800 +17400 2239 1002 0
a range +16800 +17400 2240 1002 0
a range +16800 +17400 2241 1002 0
a range +16800 +17400 2243 1018 0
a range +16800 +17400 2244 1018 0
a range +16800 +17400 2245 1010 0
a range +16800 +17400 2246 1003 0
a range +16800 +17400 2247 1003 0
a range +16800 +17400 2248 1003 0
a range +16800 +17400 2249 1015 0
a range +16800 +17400 2250 1010 0
a range +16800 +17400 2251 1018 0
a range +16800 +17400 2252 1015 0
a range +16800 +17400 2253 1013 0
a range +16800 +17400 2254 1013 0
a range +16800 +17400 2255 1012 0
a range +16800 +17400 2256 1010 0
a range +16800 +17400 2257 1012 0
a range +16800 +17400 2258 1013 0
a range +16800 +17400 2259 1005 0
a range +16800 +17400 2260 1015 0
a range +16800 +17400 2261 1005 0
a range +16800 +17400 2262 1005 0
a range +16800 +17400 2263 1008 0
a range +16800 +17400 2264 1008 0
a range +17400 +18000 1013 9005 0
a range +17400 +18000 1013 9003 0
a range +17400 +18000 1013 9001 0
a range +17400 +18000 2001 1008 0
a range +17400 +18000 2002 1001 0
a range +17400 +18000 2005 1004 0
a range +17400 +18000 2020 1014 0
a range +17400 +18000 2041 1006 0
a range +17400 +18000 2064 1014 0
a range +17400 +18000 2085 1006 0
a range +17400 +18000 2092 1017 0
a range +17400 +18000 2093 1009 0
a range +17400 +18000 2094 1009 0
a range +17400 +18000 2113 1006 0
a range +17400 +18000 2116 1016 0
a range +17400 +18000 2117 1016 0
a range +17400 +18000 2123 1011 0
a range +17400 +18000 2134 1014 0
a range +17400 +18000 2159 1009 0
a range +17400 +18000 2165 1016 0
a range +17400 +18000 2166 1017 0
a range +17400 +18000 2167 1017 0
a range +17400 +18000 2210 1011 0
a range +17400 +18000 2211 1011 0
a range +17400 +18000 2229 1012 0
a range +17400 +18000 2230 1007 0
a range +17400 +18000 2231 1007 0
a range +17400 +18000 2232 1007 0
a range +17400 +18000 2233 1002 0
a range +17400 +18000 2234 1001 0
a range +17400 +18000 2235 1001 0
a range +17400 +18000 2237 1004 0
a range +17400 +18000 2238 1004 0
a range +17400 +18000 2239 1002 0
a range +17400 +18000 2242 1002 0
a range +17400 +18000 2246 1003 0
a range +17400 +18000 2247 1003 0
a range +17400 +18000 2248 1003 0
a range +17400 +18000 2249 1018 0
a range +17400 +18000 2250 1010 0
a range +17400 +18000 2251 1018 0
a range +17400 +18000 2252 1018 0
a range +17400 +18000 2253 1015 0
a range +17400 +18000 2254 1015 0
a range +17400 +18000 2255 1015 0
a range +17400 +18000 2256 1012 0
a range +17400 +18000 2257 1012 0
a range +17400 +18000 2258 1010 0
a range +17400 +18000 2259 1005 0
a range +17400 +18000 2260 1005 0
a range +17400 +18000 2261 1005 0
a range +17400 +18000 2262 1008 0
a range +17400 +18000 2263 1008 0
a range +17400 +18000 2264 1010 0
a range +18000 +18600 1013 9007 0
a range +18000 +18600 1013 9001 0
a range +18000 +18600 1013 9003 0
a range +18000 +18600 2001 1010 0
a range +18000 +18600 2002 1001 0
a range +18000 +18600 2003 1009 0
a range +18000 +18600 2005 1004 0
a range +18000 +18600 2020 1014 0
a range +18000 +18600 2041 1006 0
a range +18000 +18600 2064 1014 0
a range +18000 +18600 2085 1006 0
a range +18000 +18600 2113 1006 0
a range +18000 +18600 2116 1016 0
a range +18000 +18600 2117 1016 0
a range +18000 +18600 2134 1014 0
a range +18000 +18600 2165 1016 0
a range +18000 +18600 2224 1003 0
a range +18000 +18600 2225 1011 0
a range +18000 +18600 2226 1003 0
a range +18000 +18600 2227 1011 0
a range +18000 +18600 2228 1012 0
a range +18000 +18600 2229 1012 0
a range +18000 +18600 2230 1007 0
a range +18000 +18600 2231 1007 0
a range +18000 +18600 2232 1007 0
a range +18000 +18600 2233 1002 0
a range +18000 +18600 2234 1001 0
a range +18000 +18600 2235 1001 0
a range +18000 +18600 2236 1017 0
a range +18000 +18600 2237 1004 0
a range +18000 +18600 2238 1004 0
a range +18000 +18600 2239 1002 0
a range +18000 +18600 2240 1017 0
a range +18000 +18600 2241 1017 0
a range +18000 +18600 2242 1002 0
a range +18000 +18600 2243 1009 0
a range +18000 +18600 2244 1009 0
a range +18000 +18600 2245 1011 0
a range +18000 +18600 2246 1003 0
a range +18000 +18600 2250 1018 0
a range +18000 +18600 2251 1015 0
a range +18000 +18600 2252 1018 0
a range +18000 +18600 2253 1012 0
a range +18000 +18600 2254 1005 0
a range +18000 +18600 2255 1015 0
a range +18000 +18600 2256 1010 0
a range +18000 +18600 2257 1005 0
a range +18000 +18600 2258 1005 0
a range +18000 +18600 2259 1018 0
a range +18000 +18600 2260 1008 0
a range +18000 +18600 2261 1015 0
a range +18000 +18600 2262 1008 0
a range +18000 +18600 2263 1010 0
a range +18000 +18600 2264 1008 0
a range +18600 +19200 1003 9005 0
a range +18600 +19200 1003 9003 0
a range +18600 +19200 1003 9001 0
a range +18600 +19200 2001 1010 0
a range +18600 +19200 2002 1001 0
a range +18600 +19200 2003 1009 0
a range +18600 +19200 2004 1004 0
a range +18600 +19200 2033 1013 0
a range +18600 +19200 2034 1013 0
a range +18600 +19200 2035 1013 0
a range +18600 +19200 2041 1006 0
a range +18600 +19200 2085 1006 0
a range +18600 +19200 2113 1006 0
a range +18600 +19200 2116 1016 0
a range +18600 +19200 2117 1016 0
a range +18600 +19200 2165 1016 0
a range +18600 +19200 2220 1017 0
a range +18600 +19200 2221 1014 0
a range +18600 +19200 2222 1014 0
a range +18600 +19200 2223 1004 0
a range +18600 +19200 2225 1011 0
a range +18600 +19200 2227 1011 0
a range +18600 +19200 2228 1012 0
a range +18600 +19200 2230 1007 0
a range +18600 +19200 2231 1007 0
a range +18600 +19200 2232 1007 0
a range +18600 +19200 2233 1002 0
a range +18600 +19200 2234 1001 0
a range +18600 +19200 2235 1001 0
a range +18600 +19200 2236 1017 0
a range +18600 +19200 2237 1012 0
a range +18600 +19200 2238 1012 0
a range +18600 +19200 2241 1017 0
a range +18600 +19200 2242 1002 0
a range +18600 +19200 2243 1009 0
a range +18600 +19200 2244 1009 0
a range +18600 +19200 2245 1011 0
a range +18600 +19200 2247 1004 0
a range +18600 +19200 2248 1014 0
a range +18600 +19200 2249 1002 0
a range +18600 +19200 2251 1008 0
a range +18600 +19200 2252 1018 0
a range +18600 +19200 2253 1018 0
a range +18600 +19200 2254 1015 0
a range +18600 +19200 2255 1005 0
a range +18600 +19200 2256 1005 0
a range +18600 +19200 2257 1018 0
a range +18600 +19200 2258 1005 0
a range +18600 +19200 2259 1015 0
a range +18600 +19200 2260 1015 0
a range +18600 +19200 2261 1008 0
a range +18600 +19200 2262 1010 0
a range +18600 +19200 2263 1008 0
a range +18600 +19200 2264 1010 0
a range +19200 +19800 1003 9007 0
a range +19200 +19800 1003 9001 0
a range +19200 +19800 1003 9003 0
a range +19200 +19800 2001 1010 0
a range +19200 +19800 2003 1009 0
a range +19200 +19800 2004 1004 0
a range +19200 +19800 2006 1001 0
a range +19200 +19800 2033 1013 0
a range +19200 +19800 2034 1013 0
a range +19200 +19800 2035 1013 0
a range +19200 +19800 2209 1016 0
a range +19200 +19800 2210 1007 0
a range +19200 +19800 2211 1007 0
a range +19200 +19800 2212 1016 0
a range +19200 +19800 2213 1016 0
a range +19200 +19800 2214 1014 0
a range +19200 +19800 2215 1014 0
a range +19200 +19800 2216 1011 0
a range +19200 +19800 2217 1007 0
a range +19200 +19800 2218 1009 0
a range +19200 +19800 2219 1009 0
a range +19200 +19800 2220 1017 0
a range +19200 +19800 2221 1014 0
a range +19200 +19800 2223 1004 0
a range +19200 +19800 2224 1006 0
a range +19200 +19800 2225 1011 0
a range +19200 +19800 2226 1002 0
a range +19200 +19800 2227 1011 0
a range +19200 +19800 2229 1001 0
a range +19200 +19800 2235 1012 0
a range +19200 +19800 2237 1012 0
a range +19200 +19800 2238 1012 0
a range +19200 +19800 2239 1006 0
a range +19200 +19800 2240 1006 0
a range +19200 +19800 2241 1017 0
a range +19200 +19800 2246 1001 0
a range +19200 +19800 2247 1004 0
a range +19200 +19800 2249 1002 0
a range +19200 +19800 2250 1002 0
a range +19200 +19800 2251 1015 0
a range +19200 +19800 2252 1015 0
a range +19200 +19800 2253 1015 0
a range +19200 +19800 2254 1005 0
a range +19200 +19800 2255 1005 0
a range +19200 +19800 2256 1005 0
a range +19200 +19800 2257 1008 0
a range +19200 +19800 2258 1018 0
a range +19200 +19800 2259 1008 0
a range +19200 +19800 2260 1018 0
a range +19200 +19800 2261 1008 0
a range +19200 +19800 2262 1010 0
a range +19200 +19800 2263 1010 0
a range +19200 +19800 2264 1018 0
a range +19800 +20400 2001 1018 0
a range +19800 +20400 2002 1013 0
a range +19800 +20400 2003 1009 0
a range +19800 +20400 2004 1004 0
a range +19800 +20400 2006 1001 0
a range +19800 +20400 2033 1013 0
a range +19800 +20400 2034 1013 0
a range +19800 +20400 2127 1003 0
a range +19800 +20400 2152 1003 0
a range +19800 +20400 2196 1003 0
a range +19800 +20400 2209 1016 0
a range +19800 +20400 2210 1007 0
a range +19800 +20400 2212 1016 0
a range +19800 +20400 2213 1016 0
a range +19800 +20400 2214 1014 0
a range +19800 +20400 2215 1014 0
a range +19800 +20400 2216 1011 0
a range +19800 +20400 2217 1007 0
a range +19800 +20400 2218 1009 0
a range +19800 +20400 2219 1009 0
a range +19800 +20400 2220 1017 0
a range +19800 +20400 2221 1014 0
a range +19800 +20400 2223 1004 0
a range +19800 +20400 2224 1006 0
a range +19800 +20400 2225 1011 0
a range +19800 +20400 2226 1002 0
a range +19800 +20400 2227 1011 0
a range +19800 +20400 2229 1001 0
a range +19800 +20400 2233 1012 0
a range +19800 +20400 2234 1012 0
a range +19800 +20400 2235 1012 0
a range +19200 +20400 2236 1017 0
a range +19800 +20400 2239 1006 0
a range +19800 +20400 2240 1006 0
a range +19800 +20400 2241 1017 0
a range +19800 +20400 2244 1010 0
a range +19800 +20400 2245 1005 0
a range +19800 +20400 2246 1001 0
a range +19800 +20400 2247 1004 0
a range +19800 +20400 2248 1007 0
a range +19800 +20400 2249 1002 0
a range +19800 +20400 2250 1002 0
a range +19800 +20400 2252 1015 0
a range +19800 +20400 2254 1015 0
a range +19800 +20400 2255 1005 0
a range +19800 +20400 2256 1005 0
a range +19800 +20400 2257 1008 0
a range +19800 +20400 2258 1008 0
a range +19800 +20400 2259 1018 0
a range +19800 +20400 2260 1018 0
a range +19800 +20400 2261 1010 0
a range +19800 +20400 2262 1008 0
a range +19800 +20400 2263 1010 0
a range +19800 +20400 2264 1015 0
a range +20400 +21000 1010 9005 0
a range +20400 +21000 1010 9003 0
a range +20400 +21000 1010 9001 0
a range +20400 +21000 2001 1015 0
a range +20400 +21000 2002 1013 0
a range +20400 +21000 2006 1001 0
a range +20400 +21000 2007 1003 0
a range +20400 +21000 2127 1003 0
a range +20400 +21000 2196 1003 0
a range +20400 +21000 2206 1017 0
a range +20400 +21000 2207 1014 0
a range +20400 +21000 2208 1013 0
a range +20400 +21000 2209 1016 0
a range +20400 +21000 2211 1017 0
a range +20400 +21000 2212 1016 0
a range +20400 +21000 2213 1016 0
a range +20400 +21000 2214 1014 0
a range +20400 +21000 2215 1014 0
a range +20400 +21000 2218 1009 0
a range +20400 +21000 2222 1013 0
a range +20400 +21000 2224 1006 0
a range +20400 +21000 2228 1011 0
a range +20400 +21000 2229 1001 0
a range +20400 +21000 2230 1011 0
a range +20400 +21000 2231 1009 0
a range +20400 +21000 2232 1004 0
a range +20400 +21000 2233 1012 0
a range +20400 +21000 2234 1012 0
a range +20400 +21000 2236 1012 0
a range +20400 +21000 2237 1009 0
a range +20400 +21000 2238 1007 0
a range +20400 +21000 2239 1006 0
a range +20400 +21000 2240 1006 0
a range +20400 +21000 2242 1004 0
a range +20400 +21000 2243 1004 0
a range +20400 +21000 2245 1005 0
a range +20400 +21000 2246 1001 0
a range +20400 +21000 2247 1005 0
a range +20400 +21000 2248 1007 0
a range +20400 +21000 2250 1002 0
a range +20400 +21000 2251 1002 0
a range +20400 +21000 2253 1002 0
a range +20400 +21000 2254 1008 0
a range +20400 +21000 2255 1008 0
a range +20400 +21000 2258 1005 0
a range +20400 +21000 2259 1018 0
a range +20400 +21000 2260 1015 0
a range +20400 +21000 2261 1008 0
a range +20400 +21000 2262 1015 0
a range +20400 +21000 2263 1018 0
a range +20400 +21000 2264 1018 0
a range +21000 +21600 2001 1015 0
a range +21000 +21600 2002 1013 0
a range +21000 +21600 2004 1012 0
a range +21000 +21600 2006 1001 0
a range +21000 +21600 2007 1003 0
a range +21000 +21600 2060 1010 0
a range +21000 +21600 2104 1010 0
a range +21000 +21600 2127 1003 0
a range +21000 +21600 2148 1010 0
a range +21000 +21600 2196 1003 0
a range +20400 +21600 2205 1017 0
a range +21000 +21600 2206 1017 0
a range +21000 +21600 2207 1014 0
a range +21000 +21600 2208 1013 0
a range +21000 +21600 2209 1016 0
a range +21000 +21600 2211 1017 0
a range +21000 +21600 2212 1016 0
a range +21000 +21600 2213 1016 0
a range +21000 +21600 2214 1014 0
a range +21000 +21600 2215 1014 0
a range +20400 +21600 2216 1011 0
a range +20400 +21600 2217 1007 0
a range +21000 +21600 2222 1013 0
a range +21000 +21600 2224 1006 0
a range +21000 +21600 2227 1012 0
a range +21000 +21600 2229 1001 0
a range +21000 +21600 2230 1011 0
a range +21000 +21600 2231 1009 0
a range +21000 +21600 2232 1004 0
a range +21000 +21600 2233 1012 0
a range +21000 +21600 2237 1009 0
a range +21000 +21600 2238 1007 0
a range +21000 +21600 2239 1006 0
a range +21000 +21600 2240 1006 0
a range +21000 +21600 2242 1004 0
a range +21000 +21600 2243 1004 0
a range +21000 +21600 2244 1005 0
a range +21000 +21600 2245 1005 0
a range +21000 +21600 2246 1001 0
a range +21000 +21600 2247 1005 0
a range +21000 +21600 2248 1007 0
a range +21000 +21600 2250 1002 0
a range +21000 +21600 2251 1002 0
a range +21000 +21600 2252 1009 0
a range +21000 +21600 2253 1002 0
a range +21000 +21600 2254 1008 0
a range +21000 +21600 2255 1008 0
a range +21000 +21600 2259 1015 0
a range +21000 +21600 2260 1008 0
a range +21000 +21600 2261 1018 0
a range +21000 +21600 2262 1018 0
a range +21000 +21600 2263 1018 0
a range +21000 +21600 2264 1015 0
a range +21600 +22200 1001 9002 0
a range +21600 +22200 1001 9004 0
a range +21600 +22200 1001 9006 0
a range +21600 +22200 2001 1002 0
a range +21600 +22200 2002 1013 0
a range +21600 +22200 2003 1012 0
a range +21600 +22200 2060 1010 0
a range +21600 +22200 2104 1010 0
a range +21600 +22200 2148 1010 0
a range +21600 +22200 2205 1017 0
a range +21600 +22200 2206 1017 0
a range +21600 +22200 2207 1014 0
a range +21600 +22200 2208 1013 0
a range +21600 +22200 2209 1016 0
a range +21600 +22200 2211 1017 0
a range +21600 +22200 2212 1016 0
a range +21600 +22200 2213 1016 0
a range +21600 +22200 2214 1014 0
a range +21600 +22200 2215 1014 0
a range +21600 +22200 2216 1011 0
a range +21600 +22200 2222 1013 0
a range +21600 +22200 2224 1006 0
a range +21600 +22200 2227 1012 0
a range +21000 +22200 2228 1011 0
a range +21600 +22200 2230 1011 0
a range +21600 +22200 2231 1009 0
a range +21600 +22200 2232 1012 0
a range +21600 +22200 2237 1009 0
a range +21600 +22200 2238 1007 0
a range +21600 +22200 2239 1006 0
a range +21600 +22200 2240 1006 0
a range +21600 +22200 2241 1003 0
a range +21600 +22200 2242 1008 0
a range +21600 +22200 2243 1005 0
a range +21600 +22200 2244 1003 0
a range +21600 +22200 2245 1003 0
a range +21600 +22200 2246 1005 0
a range +21600 +22200 2248 1004 0
a range +21600 +22200 2249 1018 0
a range +21600 +22200 2250 1015 0
a range +21600 +22200 2251 1008 0
a range +21600 +22200 2252 1009 0
a range +21600 +22200 2253 1005 0
a range +21600 +22200 2254 1004 0
a range +21600 +22200 2255 1004 0
a range +21600 +22200 2256 1007 0
a range +21600 +22200 2257 1007 0
a range +21600 +22200 2258 1002 0
a range +21600 +22200 2259 1008 0
a range +21600 +22200 2260 1002 0
a range +21600 +22200 2261 1015 0
a range +21600 +22200 2262 1018 0
a range +21600 +22200 2263 1015 0
a range +21600 +22200 2264 1018 0
a range +22200 +22800 1003 9011 0
a range +22200 +22800 1003 9006 0
a range +22200 +22800 1003 9009 0
a range +22200 +22800 1006 9002 0
a range +22200 +22800 1006 9012 0
a range +22200 +22800 1006 9007 0
a range +22200 +22800 1009 9004 0
a range +22200 +22800 1009 9010 0
a range +22200 +22800 1009 9008 0
a range +22200 +22800 1018 9005 0
a range +22200 +22800 1018 9001 0
a range +22200 +22800 1018 9003 0
a range +22200 +22800 2001 1015 0
a range +22200 +22800 2004 1016 0
a range +22200 +22800 2060 1010 0
a range +22200 +22800 2104 1010 0
a range +22200 +22800 2140 1001 0
a range +22200 +22800 2191 1001 0
a range +22200 +22800 2217 1001 0
a range +22200 +22800 2229 1016 0
a range +22200 +22800 2230 1012 0
a range +22200 +22800 2231 1012 0
a range +22200 +22800 2232 1012 0
a range +22200 +22800 2233 1014 0
a range +22200 +22800 2234 1016 0
a range +22200 +22800 2235 1014 0
a range +22200 +22800 2236 1014 0
a range +22200 +22800 2238 1017 0
a range +22200 +22800 2239 1017 0
a range +22200 +22800 2240 1013 0
a range +22200 +22800 2241 1013 0
a range +22200 +22800 2242 1008 0
a range +22200 +22800 2243 1011 0
a range +22200 +22800 2244 1005 0
a range +22200 +22800 2245 1008 0
a range +22200 +22800 2246 1015 0
a range +22200 +22800 2247 1010 0
a range +22200 +22800 2248 1015 0
a range +22200 +22800 2249 1017 0
a range +22200 +22800 2250 1008 0
a range +22200 +22800 2251 1004 0
a range +22200 +22800 2252 1005 0
a range +22200 +22800 2253 1005 0
a range +22200 +22800 2254 1004 0
a range +22200 +22800 2255 1013 0
a range +22200 +22800 2256 1004 0
a range +22200 +22800 2257 1002 0
a range +22200 +22800 2258 1002 0
a range +22200 +22800 2259 1002 0
a range +22200 +22800 2260 1007 0
a range +22200 +22800 2261 1011 0
a range +22200 +22800 2262 1011 0
a range +22200 +22800 2263 1007 0
a range +22200 +22800 2264 1007 0
a range +22800 +23400 1013 9001 0
a range +22800 +23400 1013 9004 0
a range +22800 +23400 1013 9002 0
a range +22800 +23400 1018 9011 0
a range +22800 +23400 1018 9003 0
a range +22800 +23400 1018 9005 0
a range +22800 +23400 2001 1002 0
a range +22800 +23400 2003 1001 0
a range +22800 +23400 2004 1012 0
a range +22800 +23400 2029 1006 0
a range +22800 +23400 2030 1009 0
a range +22800 +23400 2048 1003 0
a range +22800 +23400 2129 1003 0
a range +22800 +23400 2133 1009 0
a range +22800 +23400 2153 1003 0
a range +22800 +23400 2173 1006 0
a range +22800 +23400 2174 1006 0
a range +22800 +23400 2191 1001 0
a range +22800 +23400 2197 1009 0
a range +22800 +23400 2217 1001 0
a range +22800 +23400 2227 1016 0
a range +22800 +23400 2228 1010 0
a range +22800 +23400 2229 1016 0
a range +22800 +23400 2231 1012 0
a range +22800 +23400 2232 1012 0
a range +22800 +23400 2234 1016 0
a range +22800 +23400 2237 1010 0
a range +22800 +23400 2238 1015 0
a range +22800 +23400 2239 1007 0
a range +22800 +23400 2240 1014 0
a range +22800 +23400 2241 1015 0
a range +22800 +23400 2242 1005 0
a range +22800 +23400 2243 1005 0
a range +22800 +23400 2244 1005 0
a range +22800 +23400 2245 1007 0
a range +22800 +23400 2246 1014 0
a range +22800 +23400 2247 1010 0
a range +22800 +23400 2248 1008 0
a range +22800 +23400 2249 1017 0
a range +22800 +23400 2250 1004 0
a range +22800 +23400 2251 1011 0
a range +22800 +23400 2252 1004 0
a range +22800 +23400 2253 1008 0
a range +22800 +23400 2254 1008 0
a range +22800 +23400 2255 1017 0
a range +22800 +23400 2256 1004 0
a range +22800 +23400 2257 1002 0
a range +22800 +23400 2258 1002 0
a range +22800 +23400 2259 1017 0
a range +22800 +23400 2260 1014 0
a range +22800 +23400 2261 1011 0
a range +22800 +23400 2262 1015 0
a range +22800 +23400 2263 1011 0
a range +22800 +23400 2264 1007 0
a range +23400 +24000 1010 9004 0
a range +23400 +24000 1010 9001 0
a range +23400 +24000 1010 9003 0
a range +23400 +24000 1016 9002 0
a range +23400 +24000 1016 9006 0
a range +23400 +24000 1016 9005 0
a range +23400 +24000 2001 1007 0
a range +23400 +24000 2003 1001 0
a range +23400 +24000 2029 1006 0
a range +23400 +24000 2030 1009 0
a range +23400 +24000 2036 1013 0
a range +23400 +24000 2048 1003 0
a range +23400 +24000 2080 1013 0
a range +23400 +24000 2108 1018 0
a range +23400 +24000 2129 1003 0
a range +23400 +24000 2133 1009 0
a range +23400 +24000 2146 1013 0
a range +23400 +24000 2153 1003 0
a range +23400 +24000 2173 1006 0
a range +23400 +24000 2174 1006 0
a range +23400 +24000 2191 1001 0
a range +23400 +24000 2197 1009 0
a range +23400 +24000 2202 1018 0
a range +23400 +24000 2217 1001 0
a range +23400 +24000 2224 1018 0
a range +23400 +24000 2226 1012 0
a range +23400 +24000 2228 1012 0
a range +23400 +24000 2230 1012 0
a range +23400 +24000 2238 1011 0
a range +23400 +24000 2239 1014 0
a range +23400 +24000 2240 1008 0
a range +23400 +24000 2241 1008 0
a range +23400 +24000 2242 1015 0
a range +23400 +24000 2243 1005 0
a range +23400 +24000 2244 1007 0
a range +23400 +24000 2245 1007 0
a range +23400 +24000 2246 1008 0
a range +23400 +24000 2247 1015 0
a range +23400 +24000 2248 1015 0
a range +23400 +24000 2249 1004 0
a range +23400 +24000 2250 1005 0
a range +23400 +24000 2251 1004 0
a range +23400 +24000 2252 1005 0
a range +23400 +24000 2253 1004 0
a range +23400 +24000 2254 1002 0
a range +23400 +24000 2255 1014 0
a range +23400 +24000 2256 1014 0
a range +23400 +24000 2257 1002 0
a range +23400 +24000 2258 1011 0
a range +23400 +24000 2259 1002 0
a range +23400 +24000 2260 1011 0
a range +23400 +24000 2261 1017 0
a range +23400 +24000 2262 1017 0
a range +23400 +24000 2263 1017 0
a range +24000 +24600 2001 1007 0
a range +24000 +24600 2003 1001 0
a range +24000 +24600 2004 1010 0
a range +24000 +24600 2015 1010 0
a range +24000 +24600 2029 1006 0
a range +24000 +24600 2030 1009 0
a range +24000 +24600 2036 1013 0
a range +24000 +24600 2048 1003 0
a range +24000 +24600 2080 1013 0
a range +24000 +24600 2108 1018 0
a range +24000 +24600 2129 1003 0
a range +24000 +24600 2133 1009 0
a range +24000 +24600 2146 1013 0
a range +24000 +24600 2147 1016 0
a range +24000 +24600 2153 1003 0
a range +24000 +24600 2157 1016 0
a range +24000 +24600 2173 1006 0
a range +24000 +24600 2174 1006 0
a range +24000 +24600 2191 1001 0
a range +24000 +24600 2197 1009 0
a range +24000 +24600 2201 1016 0
a range +24000 +24600 2202 1018 0
a range +24000 +24600 2217 1001 0
a range +24000 +24600 2224 1018 0
a range +24000 +24600 2225 1012 0
a range +24000 +24600 2226 1012 0
a range +24000 +24600 2227 1012 0
a range +24000 +24600 2235 1010 0
a range +24000 +24600 2238 1015 0
a range +24000 +24600 2239 1015 0
a range +24000 +24600 2240 1008 0
a range +24000 +24600 2241 1007 0
a range +24000 +24600 2242 1005 0
a range +24000 +24600 2243 1007 0
a range +24000 +24600 2244 1011 0
a range +24000 +24600 2245 1008 0
a range +24000 +24600 2246 1004 0
a range +24000 +24600 2247 1008 0
a range +24000 +24600 2248 1004 0
a range +24000 +24600 2249 1005 0
a range +24000 +24600 2250 1004 0
a range +24000 +24600 2251 1005 0
a range +24000 +24600 2252 1002 0
a range +24000 +24600 2253 1014 0
a range +24000 +24600 2254 1014 0
a range +24000 +24600 2255 1002 0
a range +24000 +24600 2256 1002 0
a range +24000 +24600 2257 1014 0
a range +24000 +24600 2258 1011 0
a range +24000 +24600 2259 1017 0
a range +24000 +24600 2260 1011 0
a range +24000 +24600 2261 1017 0
a range +24000 +24600 2262 1015 0
a range +24000 +24600 2263 1017 0
a range +24600 +25200 2001 1011 0
a range +24600 +25200 2002 1012 0
a range +24600 +25200 2003 1001 0
a range +24600 +25200 2015 1010 0
a range +24600 +25200 2029 1006 0
a range +24600 +25200 2030 1009 0
a range +24600 +25200 2036 1013 0
a range +24600 +25200 2048 1003 0
a range +24600 +25200 2080 1013 0
a range +24600 +25200 2108 1018 0
a range +24600 +25200 2129 1003 0
a range +24600 +25200 2133 1009 0
a range +24600 +25200 2146 1013 0
a range +24600 +25200 2147 1016 0
a range +24600 +25200 2153 1003 0
a range +24600 +25200 2157 1016 0
a range +24600 +25200 2173 1006 0
a range +24600 +25200 2174 1006 0
a range +24600 +25200 2191 1001 0
a range +24600 +25200 2197 1009 0
a range +24600 +25200 2201 1016 0
a range +24600 +25200 2202 1018 0
a range +24600 +25200 2217 1001 0
a range +24600 +25200 2224 1018 0
a range +24600 +25200 2225 1012 0
a range +24600 +25200 2226 1012 0
a range +24600 +25200 2234 1010 0
a range +24600 +25200 2235 1010 0
a range +24600 +25200 2238 1015 0
a range +24600 +25200 2239 1004 0
a range +24600 +25200 2240 1007 0
a range +24600 +25200 2241 1007 0
a range +24600 +25200 2242 1007 0
a range +24600 +25200 2243 1011 0
a range +24600 +25200 2244 1004 0
a range +24600 +25200 2245 1008 0
a range +24600 +25200 2246 1004 0
a range +24600 +25200 2247 1008 0
a range +24600 +25200 2248 1002 0
a range +24600 +25200 2249 1005 0
a range +24600 +25200 2250 1005 0
a range +24600 +25200 2251 1005 0
a range +24600 +25200 2252 1002 0
a range +24600 +25200 2253 1008 0
a range +24600 +25200 2254 1002 0
a range +24600 +25200 2255 1015 0
a range +24600 +25200 2256 1014 0
a range +24600 +25200 2257 1014 0
a range +24600 +25200 2258 1014 0
a range +24600 +25200 2259 1011 0
a range +24600 +25200 2260 1017 0
a range +24600 +25200 2261 1017 0
a range +24600 +25200 2262 1017 0
a range +24600 +25200 2263 1015 0
a range +25200 +25800 1005 9005 0
a range +25200 +25800 1005 9011 0
a range +25200 +25800 1005 9009 0
a range +25200 +25800 1015 9007 0
a range +25200 +25800 1015 9001 0
a range +25200 +25800 1015 9003 0
a range +25200 +25800 2001 1011 0
a range +25200 +25800 2006 1003 0
a range +25200 +25800 2015 1010 0
a range +25200 +25800 2147 1016 0
a range +25200 +25800 2157 1016 0
a range +25200 +25800 2201 1016 0
a range +25200 +25800 2215 1009 0
a range +25200 +25800 2216 1010 0
a range +25200 +25800 2217 1012 0
a range +25200 +25800 2218 1018 0
a range +25200 +25800 2219 1018 0
a range +25200 +25800 2220 1013 0
a range +25200 +25800 2221 1013 0
a range +25200 +25800 2222 1018 0
a range +25200 +25800 2223 1009 0
a range +25200 +25800 2224 1012 0
a range +25200 +25800 2225 1012 0
a range +25200 +25800 2227 1006 0
a range +25200 +25800 2228 1006 0
a range +25200 +25800 2229 1003 0
a range +25200 +25800 2230 1003 0
a range +25200 +25800 2231 1009 0
a range +25200 +25800 2232 1013 0
a range +25200 +25800 2233 1001 0
a range +25200 +25800 2234 1010 0
a range +25200 +25800 2236 1001 0
a range +25200 +25800 2237 1001 0
a range +25200 +25800 2238 1002 0
a range +25200 +25800 2243 1011 0
a range +25200 +25800 2244 1004 0
a range +25200 +25800 2245 1004 0
a range +25200 +25800 2246 1004 0
a range +25200 +25800 2247 1008 0
a range +25200 +25800 2248 1002 0
a range +25200 +25800 2249 1014 0
a range +25200 +25800 2250 1011 0
a range +25200 +25800 2251 1008 0
a range +25200 +25800 2252 1002 0
a range +25200 +25800 2253 1008 0
a range +25200 +25800 2254 1017 0
a range +25200 +25800 2255 1007 0
a range +25200 +25800 2256 1007 0
a range +25200 +25800 2257 1014 0
a range +25200 +25800 2258 1014 0
a range +25200 +25800 2259 1007 0
a range +25200 +25800 2260 1017 0
a range +25200 +25800 2263 1017 0
a range +25200 +25800 2264 1006 0
a range +25800 +26400 1005 9007 0
a range +25800 +26400 1005 9009 0
a range +25800 +26400 1005 9001 0
a range +25800 +26400 1015 9003 0
a range +25800 +26400 1015 9011 0
a range +25800 +26400 1015 9005 0
a range +25800 +26400 2001 1011 0
a range +25800 +26400 2002 1012 0
a range +25800 +26400 2006 1003 0
a range +25800 +26400 2215 1009 0
a range +25800 +26400 2216 1010 0
a range +25800 +26400 2217 1012 0
a range +25800 +26400 2218 1018 0
a range +25800 +26400 2219 1018 0
a range +25800 +26400 2220 1013 0
a range +25800 +26400 2221 1013 0
a range +25800 +26400 2222 1018 0
a range +25800 +26400 2223 1009 0
a range +25800 +26400 2224 1012 0
a range +25800 +26400 2228 1006 0
a range +25800 +26400 2229 1003 0
a range +25800 +26400 2232 1013 0
a range +25800 +26400 2233 1001 0
a range +25800 +26400 2234 1010 0
a range +25800 +26400 2235 1003 0
a range +25800 +26400 2236 1001 0
a range +25800 +26400 2237 1001 0
a range +25800 +26400 2238 1002 0
a range +25800 +26400 2239 1009 0
a range +25800 +26400 2240 1016 0
a range +25800 +26400 2241 1016 0
a range +25800 +26400 2242 1010 0
a range +25800 +26400 2243 1004 0
a range +25800 +26400 2244 1011 0
a range +25800 +26400 2245 1004 0
a range +25800 +26400 2247 1002 0
a range +25800 +26400 2248 1004 0
a range +25800 +26400 2249 1008 0
a range +25800 +26400 2250 1007 0
a range +25800 +26400 2251 1002 0
a range +25800 +26400 2252 1008 0
a range +25800 +26400 2253 1011 0
a range +25800 +26400 2254 1014 0
a range +25800 +26400 2255 1007 0
a range +25800 +26400 2256 1008 0
a range +25800 +26400 2257 1017 0
a range +25800 +26400 2258 1017 0
a range +25800 +26400 2259 1007 0
a range +25800 +26400 2260 1017 0
a range +25800 +26400 2261 1016 0
a range +25800 +26400 2262 1006 0
a range +25800 +26400 2263 1014 0
a range +25800 +26400 2264 1014 0
a range +26400 +27000 2001 1014 0
a range +26400 +27000 2003 1012 0
a range +26400 +27000 2030 1015 0
a range +26400 +27000 2031 1005 0
a range +26400 +27000 2047 1015 0
a range +26400 +27000 2074 1005 0
a range +26400 +27000 2075 1005 0
a range +26400 +27000 2091 1015 0
a range +26400 +27000 2214 1012 0
a range +26400 +27000 2215 1009 0
a range +26400 +27000 2216 1010 0
a range +26400 +27000 2217 1004 0
a range +26400 +27000 2218 1018 0
a range +26400 +27000 2219 1018 0
a range +26400 +27000 2220 1013 0
a range +26400 +27000 2221 1013 0
a range +26400 +27000 2222 1018 0
a range +26400 +27000 2223 1009 0
a range +26400 +27000 2224 1012 0
a range +26400 +27000 2225 1003 0
a range +26400 +27000 2226 1003 0
a range +25800 +27000 2227 1006 0
a range +26400 +27000 2228 1006 0
a range +26400 +27000 2229 1011 0
a range +26400 +27000 2230 1004 0
a range +26400 +27000 2231 1002 0
a range +26400 +27000 2232 1013 0
a range +26400 +27000 2233 1001 0
a range +26400 +27000 2234 1010 0
a range +26400 +27000 2235 1003 0
a range +26400 +27000 2236 1001 0
a range +26400 +27000 2237 1001 0
a range +26400 +27000 2239 1009 0
a range +26400 +27000 2240 1016 0
a range +26400 +27000 2241 1016 0
a range +26400 +27000 2242 1010 0
a range +26400 +27000 2244 1011 0
a range +26400 +27000 2245 1004 0
a range +26400 +27000 2246 1008 0
a range +26400 +27000 2247 1002 0
a range +26400 +27000 2248 1002 0
a range +26400 +27000 2249 1008 0
a range +26400 +27000 2250 1008 0
a range +26400 +27000 2251 1011 0
a range +26400 +27000 2252 1007 0
a range +26400 +27000 2253 1007 0
a range +26400 +27000 2254 1007 0
a range +26400 +27000 2256 1017 0
a range +26400 +27000 2258 1017 0
a range +26400 +27000 2259 1017 0
a range +26400 +27000 2261 1016 0
a range +26400 +27000 2262 1006 0
a range +26400 +27000 2263 1014 0
a range +26400 +27000 2264 1014 0
a range +27000 +27600 1002 9003 0
a range +27000 +27600 1002 9009 0
a range +27000 +27600 1002 9005 0
a range +27000 +27600 1007 9007 0
a range +27000 +27600 1007 9001 0
a range +27000 +27600 1007 9011 0
a range +27000 +27600 2001 1017 0
a range +27000 +27600 2002 1006 0
a range +27000 +27600 2031 1005 0
a range +27000 +27600 2074 1005 0
a range +27000 +27600 2075 1005 0
a range +27000 +27600 2091 1015 0
a range +27000 +27600 2200 1016 0
a range +27000 +27600 2201 1018 0
a range +27000 +27600 2202 1015 0
a range +27000 +27600 2203 1016 0
a range +27000 +27600 2204 1018 0
a range +27000 +27600 2205 1018 0
a range +27000 +27600 2206 1013 0
a range +27000 +27600 2207 1013 0
a range +27000 +27600 2208 1016 0
a range +27000 +27600 2209 1013 0
a range +27000 +27600 2210 1010 0
a range +27000 +27600 2211 1010 0
a range +27000 +27600 2213 1001 0
a range +27000 +27600 2221 1012 0
a range +27000 +27600 2222 1012 0
a range +27000 +27600 2223 1012 0
a range +27000 +27600 2225 1003 0
a range +27000 +27600 2227 1006 0
a range +27000 +27600 2234 1004 0
a range +27000 +27600 2235 1003 0
a range +27000 +27600 2236 1004 0
a range +27000 +27600 2238 1001 0
a range +27000 +27600 2239 1011 0
a range +27000 +27600 2240 1011 0
a range +27000 +27600 2241 1011 0
a range +27000 +27600 2242 1010 0
a range +27000 +27600 2244 1004 0
a range +27000 +27600 2248 1008 0
a range +27000 +27600 2249 1008 0
a range +27000 +27600 2252 1008 0
a range +27000 +27600 2254 1017 0
a range +27000 +27600 2255 1009 0
a range +27000 +27600 2257 1006 0
a range +27000 +27600 2258 1017 0
a range +27000 +27600 2260 1009 0
a range +27000 +27600 2261 1014 0
a range +27000 +27600 2262 1014 0
a range +27000 +27600 2264 1014 0
a range +27600 +28200 2001 1014 0
a range +27600 +28200 2002 1006 0
a range +27600 +28200 2007 1002 0
a range +27600 +28200 2009 1012 0
a range +27600 +28200 2031 1005 0
a range +27000 +28200 2047 1015 0
a range +27600 +28200 2050 1002 0
a range +27600 +28200 2051 1002 0
a range +27600 +28200 2073 1007 0
a range +27600 +28200 2074 1005 0
a range +27600 +28200 2075 1005 0
a range +27600 +28200 2091 1015 0
a range +27600 +28200 2170 1007 0
a range +27600 +28200 2200 1016 0
a range +27600 +28200 2201 1018 0
a range +27600 +28200 2203 1016 0
a range +27600 +28200 2204 1018 0
a range +27600 +28200 2206 1013 0
a range +27600 +28200 2207 1013 0
a range +27600 +28200 2208 1016 0
a range +27600 +28200 2209 1013 0
a range +27600 +28200 2210 1010 0
a range +27600 +28200 2211 1010 0
a range +27000 +28200 2212 1009 0
a range +27600 +28200 2213 1001 0
a range +27600 +28200 2214 1007 0
a range +27600 +28200 2221 1012 0
a range +27600 +28200 2222 1012 0
a range +27600 +28200 2225 1003 0
a range +27000 +28200 2226 1003 0
a range +27600 +28200 2227 1006 0
a range +27600 +28200 2230 1008 0
a range +27600 +28200 2231 1008 0
a range +27600 +28200 2234 1004 0
a range +27600 +28200 2235 1003 0
a range +27600 +28200 2236 1004 0
a range +27600 +28200 2237 1011 0
a range +27600 +28200 2238 1001 0
a range +27600 +28200 2239 1004 0
a range +27600 +28200 2240 1011 0
a range +27600 +28200 2241 1008 0
a range +27600 +28200 2242 1010 0
a range +27000 +28200 2243 1001 0
a range +27600 +28200 2250 1015 0
a range +27600 +28200 2251 1017 0
a range +27600 +28200 2252 1011 0
a range +27600 +28200 2253 1017 0
a range +27600 +28200 2255 1009 0
a range +27600 +28200 2256 1017 0
a range +27600 +28200 2257 1006 0
a range +27600 +28200 2259 1014 0
a range +27600 +28200 2260 1009 0
a range +27600 +28200 2261 1014 0
a range +27600 +28200 2263 1018 0
a range +28200 +28800 1012 9005 0
a range +28200 +28800 1012 9003 0
a range +28200 +28800 1012 9001 0
a range +28200 +28800 2001 1014 0
a range +28200 +28800 2002 1006 0
a range +28200 +28800 2003 1003 0
a range +28200 +28800 2004 1008 0
a range +28200 +28800 2007 1002 0
a range +28200 +28800 2050 1002 0
a range +28200 +28800 2051 1002 0
a range +28200 +28800 2073 1007 0
a range +28200 +28800 2170 1007 0
a range +28200 +28800 2200 1016 0
a range +28200 +28800 2201 1018 0
a range +28200 +28800 2203 1016 0
a range +28200 +28800 2206 1013 0
a range +28200 +28800 2207 1013 0
a range +28200 +28800 2208 1016 0
a range +28200 +28800 2209 1013 0
a range +28200 +28800 2210 1010 0
a range +28200 +28800 2211 1010 0
a range +28200 +28800 2212 1009 0
a range +28200 +28800 2214 1007 0
a range +28200 +28800 2228 1015 0
a range +28200 +28800 2229 1015 0
a range +28200 +28800 2230 1008 0
a range +28200 +28800 2231 1004 0
a range +28200 +28800 2232 1010 0
a range +28200 +28800 2233 1006 0
a range +28200 +28800 2234 1004 0
a range +28200 +28800 2235 1004 0
a range +28200 +28800 2236 1008 0
a range +28200 +28800 2239 1001 0
a range +28200 +28800 2240 1001 0
a range +28200 +28800 2241 1014 0
a range +28200 +28800 2242 1001 0
a range +28200 +28800 2244 1003 0
a range +28200 +28800 2245 1003 0
a range +28200 +28800 2246 1006 0
a range +28200 +28800 2247 1005 0
a range +28200 +28800 2248 1005 0
a range +28200 +28800 2249 1005 0
a range +28200 +28800 2250 1015 0
a range +28200 +28800 2251 1017 0
a range +28200 +28800 2252 1011 0
a range +28200 +28800 2254 1018 0
a range +28200 +28800 2255 1017 0
a range +28200 +28800 2257 1017 0
a range +28200 +28800 2258 1018 0
a range +28200 +28800 2259 1011 0
a range +28200 +28800 2260 1011 0
a range +28200 +28800 2261 1014 0
a range +28200 +28800 2262 1009 0
a range +28200 +28800 2264 1009 0
a range +28800 +29400 1012 9007 0
a range +28800 +29400 1012 9001 0
a range +28800 +29400 1012 9003 0
a range +28800 +29400 2001 1017 0
a range +28800 +29400 2002 1003 0
a range +28800 +29400 2005 1002 0
a range +28800 +29400 2006 1005 0
a range +28800 +29400 2073 1007 0
a range +28800 +29400 2170 1007 0
a range +28800 +29400 2214 1007 0
a range +28800 +29400 2217 1011 0
a range +28800 +29400 2218 1008 0
a range +28800 +29400 2219 1008 0
a range +28800 +29400 2220 1015 0
a range +28800 +29400 2221 1018 0
a range +28800 +29400 2222 1016 0
a range +28800 +29400 2223 1016 0
a range +28800 +29400 2224 1016 0
a range +28800 +29400 2225 1010 0
a range +28800 +29400 2226 1013 0
a range +28800 +29400 2227 1010 0
a range +28800 +29400 2228 1015 0
a range +28800 +29400 2229 1015 0
a range +28800 +29400 2230 1004 0
a range +28800 +29400 2231 1004 0
a range +28800 +29400 2232 1010 0
a range +28800 +29400 2233 1006 0
a range +28800 +29400 2234 1011 0
a range +28800 +29400 2235 1008 0
a range +28800 +29400 2236 1004 0
a range +28800 +29400 2237 1006 0
a range +28800 +29400 2238 1005 0
a range +28800 +29400 2239 1001 0
a range +28800 +29400 2240 1011 0
a range +28800 +29400 2241 1001 0
a range +28800 +29400 2242 1003 0
a range +28800 +29400 2243 1006 0
a range +28800 +29400 2244 1001 0
a range +28800 +29400 2245 1003 0
a range +28800 +29400 2246 1002 0
a range +28800 +29400 2247 1002 0
a range +28800 +29400 2248 1005 0
a range +28800 +29400 2251 1017 0
a range +28800 +29400 2252 1017 0
a range +28800 +29400 2253 1009 0
a range +28800 +29400 2254 1018 0
a range +28800 +29400 2255 1014 0
a range +28800 +29400 2256 1013 0
a range +28800 +29400 2258 1018 0
a range +28800 +29400 2259 1014 0
a range +28800 +29400 2260 1014 0
a range +28800 +29400 2262 1009 0
a range +28800 +29400 2263 1013 0
a range +28800 +29400 2264 1009 0
a range +29400 +30000 1002 9002 0
a range +29400 +30000 1002 9010 0
a range +29400 +30000 1002 9003 0
a range +29400 +30000 1003 9004 0
a range +29400 +30000 1003 9008 0
a range +29400 +30000 1003 9012 0
a range +29400 +30000 1012 9011 0
a range +29400 +30000 1012 9007 0
a range +29400 +30000 1012 9005 0
a range +29400 +30000 1018 9001 0
a range +29400 +30000 1018 9009 0
a range +29400 +30000 1018 9006 0
a range +29400 +30000 2001 1009 0
a range +29400 +30000 2002 1008 0
a range +29400 +30000 2003 1007 0
a range +29400 +30000 2216 1007 0
a range +29400 +30000 2220 1015 0
a range +29400 +30000 2222 1016 0
a range +29400 +30000 2223 1016 0
a range +29400 +30000 2224 1016 0
a range +29400 +30000 2225 1010 0
a range +29400 +30000 2228 1017 0
a range +29400 +30000 2229 1015 0
a range +29400 +30000 2230 1017 0
a range +29400 +30000 2231 1011 0
a range +29400 +30000 2232 1010 0
a range +29400 +30000 2233 1004 0
a range +29400 +30000 2234 1008 0
a range +29400 +30000 2235 1004 0
a range +29400 +30000 2236 1008 0
a range +29400 +30000 2237 1011 0
a range +29400 +30000 2238 1006 0
a range +29400 +30000 2239 1011 0
a range +29400 +30000 2240 1005 0
a range +29400 +30000 2241 1006 0
a range +29400 +30000 2242 1004 0
a range +29400 +30000 2243 1006 0
a range +29400 +30000 2244 1001 0
a range +29400 +30000 2245 1001 0
a range +29400 +30000 2246 1005 0
a range +29400 +30000 2247 1001 0
a range +29400 +30000 2248 1005 0
a range +29400 +30000 2249 1010 0
a range +29400 +30000 2250 1007 0
a range +29400 +30000 2252 1014 0
a range +29400 +30000 2254 1009 0
a range +29400 +30000 2255 1017 0
a range +29400 +30000 2256 1014 0
a range +29400 +30000 2259 1013 0
a range +29400 +30000 2260 1014 0
a range +29400 +30000 2261 1015 0
a range +29400 +30000 2262 1013 0
a range +29400 +30000 2263 1009 0
a range +29400 +30000 2264 1013 0
a range +30000 +30600 1005 9002 0
a range +30000 +30600 1005 9006 0
a range +30000 +30600 1005 9004 0
a range +30000 +30600 1007 9003 0
a range +30000 +30600 1007 9005 0
a range +30000 +30600 1007 9009 0
a range +30000 +30600 1012 9008 0
a range +30000 +30600 1012 9010 0
a range +30000 +30600 1012 9012 0
a range +30000 +30600 1017 9007 0
a range +30000 +30600 1017 9001 0
a range +30000 +30600 1017 9011 0
a range +30000 +30600 2001 1013 0
a range +30000 +30600 2003 1008 0
a range +30000 +30600 2005 1008 0
a range +30000 +30600 2136 1018 0
a range +30000 +30600 2138 1002 0
a range +30000 +30600 2157 1002 0
a range +30000 +30600 2173 1018 0
a range +30000 +30600 2180 1003 0
a range +30000 +30600 2182 1002 0
a range +30000 +30600 2217 1018 0
a range +30000 +30600 2219 1003 0
a range +30000 +30600 2220 1015 0
a range +30000 +30600 2222 1016 0
a range +30000 +30600 2223 1016 0
a range +30000 +30600 2224 1003 0
a range +30000 +30600 2233 1004 0
a range +30000 +30600 2235 1004 0
a range +30000 +30600 2236 1008 0
a range +30000 +30600 2237 1006 0
a range +30000 +30600 2238 1011 0
a range +30000 +30600 2239 1011 0
a range +30000 +30600 2240 1001 0
a range +30000 +30600 2241 1004 0
a range +30000 +30600 2242 1011 0
a range +30000 +30600 2243 1006 0
a range +30000 +30600 2244 1014 0
a range +30000 +30600 2245 1001 0
a range +30000 +30600 2246 1010 0
a range +30000 +30600 2247 1001 0
a range +30000 +30600 2248 1010 0
a range +30000 +30600 2249 1014 0
a range +30000 +30600 2250 1014 0
a range +30000 +30600 2251 1006 0
a range +30000 +30600 2253 1015 0
a range +30000 +30600 2254 1009 0
a range +30000 +30600 2257 1015 0
a range +30000 +30600 2258 1016 0
a range +30000 +30600 2260 1010 0
a range +30000 +30600 2261 1013 0
a range +30000 +30600 2262 1009 0
a range +30000 +30600 2263 1009 0
a range +30000 +30600 2264 1013 0
a range +30600 +31200 1017 9001 0
a range +30600 +31200 1017 9005 0
a range +30600 +31200 1017 9003 0
a range +30600 +31200 2001 1013 0
a range +30600 +31200 2006 1002 0
a range +30600 +31200 2018 1005 0
a range +30600 +31200 2047 1012 0
a range +30600 +31200 2050 1005 0
a range +30600 +31200 2085 1007 0
a range +30600 +31200 2086 1012 0
a range +30600 +31200 2091 1012 0
a range +30600 +31200 2094 1005 0
a range +30600 +31200 2129 1007 0
a range +30600 +31200 2135 1007 0
a range +30600 +31200 2136 1018 0
a range +30600 +31200 2173 1018 0
a range +30600 +31200 2180 1003 0
a range +30600 +31200 2182 1002 0
a range +30600 +31200 2217 1018 0
a range +30600 +31200 2219 1003 0
a range +30600 +31200 2228 1004 0
a range +30600 +31200 2229 1014 0
a range +30600 +31200 2230 1014 0
a range +30600 +31200 2231 1011 0
a range +30600 +31200 2232 1008 0
a range +30600 +31200 2233 1008 0
a range +30600 +31200 2234 1003 0
a range +30600 +31200 2235 1008 0
a range +30600 +31200 2236 1011 0
a range +30600 +31200 2237 1011 0
a range +30600 +31200 2238 1006 0
a range +30600 +31200 2239 1014 0
a range +30600 +31200 2240 1004 0
a range +30600 +31200 2241 1004 0
a range +30600 +31200 2242 1001 0
a range +30600 +31200 2243 1010 0
a range +30600 +31200 2244 1001 0
a range +30600 +31200 2245 1001 0
a range +30600 +31200 2248 1009 0
a range +30600 +31200 2249 1010 0
a range +30600 +31200 2250 1006 0
a range +30600 +31200 2251 1006 0
a range +30600 +31200 2253 1009 0
a range +30600 +31200 2254 1009 0
a range +30600 +31200 2256 1015 0
a range +30600 +31200 2257 1015 0
a range +30600 +31200 2258 1016 0
a range +30600 +31200 2259 1015 0
a range +30600 +31200 2260 1016 0
a range +30600 +31200 2261 1013 0
a range +30600 +31200 2262 1010 0
a range +30600 +31200 2263 1016 0
a range +30600 +31200 2264 1013 0
a range +31200 +31800 1015 9006 0
a range +31200 +31800 1015 9004 0
a range +31200 +31800 1015 9002 0
a range +31200 +31800 2001 1013 0
a range +31200 +31800 2006 1002 0
a range +31200 +31800 2018 1005 0
a range +31200 +31800 2047 1012 0
a range +31200 +31800 2050 1005 0
a range +31200 +31800 2085 1007 0
a range +31200 +31800 2086 1012 0
a range +31200 +31800 2091 1012 0
a range +31200 +31800 2094 1005 0
a range +31200 +31800 2099 1017 0
a range +31200 +31800 2129 1007 0
a range +31200 +31800 2135 1007 0
a range +31200 +31800 2136 1018 0
a range +30600 +31800 2157 1002 0
a range +31200 +31800 2159 1017 0
a range +31200 +31800 2160 1017 0
a range +31200 +31800 2173 1018 0
a range +31200 +31800 2180 1003 0
a range +31200 +31800 2182 1002 0
a range +31200 +31800 2217 1018 0
a range +31200 +31800 2219 1003 0
a range +31200 +31800 2227 1014 0
a range +31200 +31800 2228 1004 0
a range +31200 +31800 2229 1011 0
a range +31200 +31800 2230 1001 0
a range +31200 +31800 2231 1008 0
a range +31200 +31800 2232 1008 0
a range +31200 +31800 2233 1004 0
a range +31200 +31800 2234 1003 0
a range +31200 +31800 2235 1008 0
a range +31200 +31800 2236 1011 0
a range +31200 +31800 2238 1011 0
a range +31200 +31800 2239 1001 0
a range +31200 +31800 2240 1004 0
a range +31200 +31800 2241 1001 0
a range +31200 +31800 2242 1014 0
a range +31200 +31800 2244 1014 0
a range +31200 +31800 2245 1010 0
a range +31200 +31800 2246 1010 0
a range +31200 +31800 2248 1006 0
a range +31200 +31800 2249 1009 0
a range +31200 +31800 2250 1006 0
a range +31200 +31800 2251 1006 0
a range +31200 +31800 2253 1009 0
a range +31200 +31800 2257 1009 0
a range +31200 +31800 2259 1016 0
a range +31200 +31800 2260 1013 0
a range +31200 +31800 2261 1010 0
a range +31200 +31800 2262 1013 0
a range +31200 +31800 2263 1016 0
a range +31200 +31800 2264 1016 0
a range +31800 +32400 1009 9003 0
a range +31800 +32400 1009 9005 0
a range +31800 +32400 1009 9001 0
a range +31800 +32400 2001 1016 0
a range +31800 +32400 2002 1003 0
a range +31800 +32400 2006 1002 0
a range +31800 +32400 2013 1015 0
a range +31800 +32400 2047 1012 0
a range +31800 +32400 2050 1005 0
a range +31800 +32400 2057 1015 0
a range +31800 +32400 2085 1007 0
a range +31800 +32400 2086 1012 0
a range +31800 +32400 2091 1012 0
a range +31800 +32400 2094 1005 0
a range +31800 +32400 2099 1017 0
a range +31800 +32400 2135 1007 0
a range +31800 +32400 2156 1015 0
a range +31800 +32400 2157 1002 0
a range +31800 +32400 2159 1017 0
a range +31800 +32400 2160 1017 0
a range +31800 +32400 2224 1001 0
a range +31800 +32400 2225 1014 0
a range +31800 +32400 2226 1011 0
a range +31800 +32400 2227 1014 0
a range +31800 +32400 2228 1010 0
a range +31800 +32400 2229 1004 0
a range +31800 +32400 2230 1008 0
a range +31800 +32400 2231 1004 0
a range +31800 +32400 2232 1008 0
a range +31800 +32400 2233 1008 0
a range +31800 +32400 2234 1003 0
a range +31800 +32400 2235 1011 0
a range +31800 +32400 2236 1011 0
a range +31800 +32400 2237 1002 0
a range +31800 +32400 2238 1010 0
a range +31800 +32400 2239 1004 0
a range +31800 +32400 2240 1001 0
a range +31800 +32400 2241 1001 0
a range +31800 +32400 2242 1006 0
a range +31800 +32400 2243 1003 0
a range +31800 +32400 2244 1006 0
a range +31800 +32400 2245 1014 0
a range +31800 +32400 2247 1018 0
a range +31800 +32400 2248 1010 0
a range +31800 +32400 2249 1006 0
a range +31800 +32400 2255 1018 0
a range +31800 +32400 2256 1018 0
a range +31800 +32400 2260 1013 0
a range +31800 +32400 2261 1013 0
a range +31800 +32400 2262 1013 0
a range +31800 +32400 2263 1016 0
a range +31800 +32400 2264 1016 0
a range +32400 +33000 2001 1016 0
a range +32400 +33000 2002 1003 0
a range +32400 +33000 2005 1014 0
a range +32400 +33000 2006 1002 0
a range +32400 +33000 2013 1015 0
a range +31800 +33000 2018 1005 0
a range +32400 +33000 2050 1005 0
a range +32400 +33000 2057 1015 0
a range +32400 +33000 2085 1007 0
a range +32400 +33000 2094 1005 0
a range +32400 +33000 2099 1017 0
a range +31800 +33000 2129 1007 0
a range +32400 +33000 2135 1007 0
a range +32400 +33000 2155 1009 0
a range +32400 +33000 2156 1015 0
a range +32400 +33000 2159 1017 0
a range +32400 +33000 2160 1017 0
a range +32400 +33000 2199 1009 0
a range +32400 +33000 2204 1009 0
a range +32400 +33000 2219 1012 0
a range +32400 +33000 2220 1008 0
a range +32400 +33000 2221 1008 0
a range +32400 +33000 2222 1012 0
a range +32400 +33000 2223 1012 0
a range +32400 +33000 2224 1010 0
a range +32400 +33000 2225 1014 0
a range +32400 +33000 2226 1011 0
a range +32400 +33000 2227 1010 0
a range +32400 +33000 2228 1004 0
a range +32400 +33000 2229 1014 0
a range +32400 +33000 2230 1001 0
a range +32400 +33000 2231 1001 0
a range +32400 +33000 2232 1011 0
a range +32400 +33000 2233 1008 0
a range +32400 +33000 2234 1003 0
a range +32400 +33000 2235 1011 0
a range +32400 +33000 2236 1006 0
a range +32400 +33000 2237 1002 0
a range +32400 +33000 2238 1001 0
a range +32400 +33000 2239 1010 0
a range +32400 +33000 2240 1004 0
a range +32400 +33000 2241 1004 0
a range +32400 +33000 2242 1006 0
a range +32400 +33000 2243 1003 0
a range +32400 +33000 2244 1006 0
a range +32400 +33000 2246 1002 0
a range +32400 +33000 2247 1018 0
a range +32400 +33000 2255 1018 0
a range +32400 +33000 2256 1018 0
a range +32400 +33000 2258 1013 0
a range +32400 +33000 2259 1013 0
a range +32400 +33000 2262 1016 0
a range +32400 +33000 2263 1013 0
a range +32400 +33000 2264 1016 0
a range +33000 +33600 1012 9001 0
a range +33000 +33600 1012 9004 0
a range +33000 +33600 1012 9002 0
a range +33000 +33600 1014 9003 0
a range +33000 +33600 1014 9007 0
a range +33000 +33600 1014 9005 0
a range +33000 +33600 2003 1015 0
a range +33000 +33600 2004 1017 0
a range +33000 +33600 2013 1015 0
a range +33000 +33600 2057 1015 0
a range +33000 +33600 2155 1009 0
a range +33000 +33600 2199 1009 0
a range +33000 +33600 2212 1008 0
a range +33000 +33600 2213 1017 0
a range +33000 +33600 2214 1017 0
a range +33000 +33600 2215 1005 0
a range +33000 +33600 2216 1005 0
a range +33000 +33600 2217 1003 0
a range +33000 +33600 2218 1003 0
a range +33000 +33600 2224 1001 0
a range +33000 +33600 2225 1004 0
a range +33000 +33600 2226 1004 0
a range +33000 +33600 2227 1004 0
a range +33000 +33600 2228 1001 0
a range +33000 +33600 2230 1001 0
a range +33000 +33600 2231 1008 0
a range +33000 +33600 2233 1011 0
a range +33000 +33600 2234 1008 0
a range +33000 +33600 2235 1011 0
a range +33000 +33600 2236 1006 0
a range +33000 +33600 2237 1002 0
a range +33000 +33600 2238 1016 0
a range +33000 +33600 2239 1010 0
a range +33000 +33600 2240 1010 0
a range +33000 +33600 2241 1010 0
a range +33000 +33600 2242 1011 0
a range +33000 +33600 2243 1003 0
a range +33000 +33600 2244 1006 0
a range +33000 +33600 2245 1002 0
a range +33000 +33600 2246 1002 0
a range +33000 +33600 2247 1006 0
a range +33000 +33600 2249 1007 0
a range +33000 +33600 2250 1009 0
a range +33000 +33600 2251 1007 0
a range +33000 +33600 2252 1005 0
a range +33000 +33600 2253 1007 0
a range +33000 +33600 2255 1018 0
a range +33000 +33600 2256 1018 0
a range +33000 +33600 2257 1013 0
a range +33000 +33600 2258 1016 0
a range +33000 +33600 2259 1013 0
a range +33000 +33600 2261 1018 0
a range +33000 +33600 2262 1016 0
a range +33000 +33600 2263 1013 0
a range +33600 +34200 1014 9009 0
a range +33600 +34200 1014 9005 0
a range +33600 +34200 1014 9007 0
a range +33600 +34200 2003 1015 0
a range +33600 +34200 2004 1017 0
a range +33600 +34200 2005 1002 0
a range +33600 +34200 2007 1004 0
a range +33600 +34200 2094 1012 0
a range +33600 +34200 2175 1012 0
a range +33600 +34200 2184 1012 0
a range +33600 +34200 2199 1009 0
a range +33600 +34200 2210 1008 0
a range +33600 +34200 2211 1015 0
a range +33600 +34200 2212 1008 0
a range +33600 +34200 2213 1017 0
a range +33600 +34200 2214 1017 0
a range +33600 +34200 2215 1005 0
a range +33600 +34200 2216 1005 0
a range +33600 +34200 2217 1003 0
a range +33600 +34200 2218 1003 0
a range +33600 +34200 2219 1009 0
a range +33600 +34200 2220 1007 0
a range +33600 +34200 2221 1007 0
a range +33600 +34200 2222 1003 0
a range +33600 +34200 2223 1015 0
a range +33600 +34200 2224 1001 0
a range +33600 +34200 2225 1004 0
a range +33600 +34200 2226 1001 0
a range +33600 +34200 2227 1004 0
a range +33600 +34200 2228 1001 0
a range +33600 +34200 2229 1005 0
a range +33600 +34200 2232 1002 0
a range +33600 +34200 2233 1011 0
a range +33600 +34200 2234 1008 0
a range +33600 +34200 2235 1006 0
a range +33600 +34200 2237 1006 0
a range +33600 +34200 2239 1013 0
a range +33600 +34200 2241 1011 0
a range +33600 +34200 2242 1011 0
a range +33600 +34200 2243 1010 0
a range +33600 +34200 2244 1010 0
a range +33600 +34200 2245 1002 0
a range +33600 +34200 2246 1010 0
a range +33600 +34200 2247 1006 0
a range +33600 +34200 2248 1018 0
a range +33600 +34200 2249 1007 0
a range +33600 +34200 2250 1009 0
a range +33600 +34200 2254 1013 0
a range +33600 +34200 2255 1013 0
a range +33600 +34200 2256 1016 0
a range +33600 +34200 2257 1016 0
a range +33600 +34200 2259 1016 0
a range +33600 +34200 2261 1018 0
a range +34200 +34800 2003 1015 0
a range +34200 +34800 2004 1017 0
a range +34200 +34800 2005 1002 0
a range +34200 +34800 2007 1001 0
a range +34200 +34800 2048 1014 0
a range +34200 +34800 2049 1014 0
a range +34200 +34800 2094 1012 0
a range +34200 +34800 2175 1012 0
a range +34200 +34800 2184 1012 0
a range +34200 +34800 2191 1014 0
a range +34200 +34800 2199 1009 0
a range +34200 +34800 2208 1011 0
a range +34200 +34800 2209 1008 0
a range +34200 +34800 2210 1008 0
a range +34200 +34800 2211 1015 0
a range +34200 +34800 2212 1004 0
a range +34200 +34800 2213 1017 0
a range +34200 +34800 2214 1017 0
a range +34200 +34800 2215 1005 0
a range +34200 +34800 2216 1005 0
a range +34200 +34800 2217 1003 0
a range +34200 +34800 2218 1003 0
a range +34200 +34800 2219 1009 0
a range +34200 +34800 2220 1007 0
a range +34200 +34800 2221 1007 0
a range +34200 +34800 2222 1003 0
a range +34200 +34800 2223 1015 0
a range +34200 +34800 2224 1008 0
a range +34200 +34800 2225 1004 0
a range +34200 +34800 2226 1001 0
a range +34200 +34800 2227 1004 0
a range +34200 +34800 2228 1001 0
a range +34200 +34800 2229 1005 0
a range +34200 +34800 2231 1011 0
a range +34200 +34800 2232 1002 0
a range +34200 +34800 2233 1010 0
a range +34200 +34800 2234 1011 0
a range +34200 +34800 2235 1006 0
a range +34200 +34800 2236 1010 0
a range +34200 +34800 2238 1006 0
a range +34200 +34800 2240 1013 0
a range +34200 +34800 2241 1006 0
a range +34200 +34800 2243 1010 0
a range +34200 +34800 2245 1002 0
a range +34200 +34800 2248 1018 0
a range +34200 +34800 2249 1007 0
a range +34200 +34800 2250 1009 0
a range +34200 +34800 2252 1013 0
a range +34200 +34800 2254 1016 0
a range +34200 +34800 2255 1016 0
a range +34200 +34800 2256 1013 0
a range +34200 +34800 2257 1016 0
a range +33600 +34800 2260 1018 0
a range +34200 +34800 2261 1018 0
a range +34800 +35400 2003 1015 0
a range +34800 +35400 2004 1017 0
a range +34800 +35400 2005 1002 0
a range +34800 +35400 2007 1001 0
a range +34800 +35400 2048 1014 0
a range +34800 +35400 2049 1014 0
a range +34800 +35400 2094 1012 0
a range +34800 +35400 2175 1012 0
a range +34800 +35400 2184 1012 0
a range +34800 +35400 2191 1014 0
a range +34800 +35400 2199 1009 0
a range +34800 +35400 2205 1008 0
a range +34800 +35400 2206 1008 0
a range +34800 +35400 2207 1011 0
a range +34800 +35400 2208 1011 0
a range +34800 +35400 2209 1004 0
a range +34800 +35400 2210 1004 0
a range +34800 +35400 2211 1015 0
a range +34800 +35400 2212 1001 0
a range +34800 +35400 2213 1017 0
a range +34800 +35400 2214 1017 0
a range +34800 +35400 2215 1005 0
a range +34800 +35400 2216 1005 0
a range +34800 +35400 2217 1003 0
a range +34800 +35400 2218 1003 0
a range +34800 +35400 2219 1009 0
a range +34800 +35400 2220 1007 0
a range +34800 +35400 2221 1007 0
a range +34800 +35400 2222 1003 0
a range +34800 +35400 2223 1015 0
a range +34800 +35400 2224 1008 0
a range +34800 +35400 2225 1001 0
a range +34800 +35400 2226 1004 0
a range +34800 +35400 2228 1011 0
a range +34800 +35400 2229 1005 0
a range +34800 +35400 2231 1010 0
a range +34800 +35400 2232 1002 0
a range +34800 +35400 2233 1006 0
a range +34800 +35400 2235 1006 0
a range +34800 +35400 2236 1006 0
a range +34800 +35400 2237 1016 0
a range +34800 +35400 2238 1010 0
a range +34800 +35400 2241 1010 0
a range +34800 +35400 2242 1013 0
a range +34800 +35400 2245 1002 0
a range +34800 +35400 2246 1016 0
a range +34800 +35400 2248 1018 0
a range +34800 +35400 2249 1007 0
a range +34800 +35400 2250 1009 0
a range +34800 +35400 2251 1013 0
a range +34800 +35400 2253 1013 0
a range +34800 +35400 2254 1016 0
a range +34800 +35400 2260 1018 0
a range +34800 +35400 2261 1018 0
a range +35400 +36000 1001 9005 0
a range +35400 +36000 1001 9011 0
a range +35400 +36000 1001 9003 0
a range +35400 +36000 2006 1004 0
a range +35400 +36000 2008 1002 0
a range +35400 +36000 2048 1014 0
a range +35400 +36000 2049 1014 0
a range +35400 +36000 2190 1014 0
a range +35400 +36000 2192 1018 0
a range +35400 +36000 2193 1017 0
a range +35400 +36000 2194 1017 0
a range +35400 +36000 2195 1015 0
a range +35400 +36000 2196 1012 0
a range +35400 +36000 2197 1012 0
a range +35400 +36000 2198 1009 0
a range +35400 +36000 2200 1007 0
a range +35400 +36000 2201 1009 0
a range +35400 +36000 2202 1009 0
a range +35400 +36000 2203 1005 0
a range +35400 +36000 2204 1012 0
a range +35400 +36000 2218 1011 0
a range +35400 +36000 2219 1011 0
a range +35400 +36000 2220 1010 0
a range +35400 +36000 2221 1008 0
a range +35400 +36000 2222 1004 0
a range +35400 +36000 2223 1008 0
a range +35400 +36000 2224 1008 0
a range +35400 +36000 2225 1006 0
a range +35400 +36000 2226 1004 0
a range +35400 +36000 2227 1005 0
a range +35400 +36000 2228 1013 0
a range +35400 +36000 2229 1006 0
a range +35400 +36000 2230 1003 0
a range +35400 +36000 2231 1010 0
a range +35400 +36000 2232 1011 0
a range +35400 +36000 2233 1010 0
a range +35400 +36000 2234 1005 0
a range +35400 +36000 2235 1013 0
a range +35400 +36000 2236 1016 0
a range +35400 +36000 2237 1016 0
a range +35400 +36000 2238 1016 0
a range +35400 +36000 2239 1003 0
a range +35400 +36000 2240 1003 0
a range +35400 +36000 2241 1006 0
a range +35400 +36000 2243 1002 0
a range +35400 +36000 2244 1002 0
a range +35400 +36000 2247 1007 0
a range +35400 +36000 2251 1013 0
a range +35400 +36000 2252 1007 0
a range +35400 +36000 2256 1015 0
a range +35400 +36000 2257 1018 0
a range +35400 +36000 2258 1015 0
a range +35400 +36000 2262 1018 0
a range +35400 +36000 2264 1017 0
a range +36000 +36600 1011 9005 0
a range +36000 +36600 1011 9003 0
a range +36000 +36600 1011 9001 0
a range +36000 +36600 2001 1018 0
a range +36000 +36600 2002 1014 0
a range +36000 +36600 2007 1004 0
a range +36000 +36600 2009 1006 0
a range +36000 +36600 2037 1001 0
a range +36000 +36600 2111 1001 0
a range +36000 +36600 2133 1001 0
a range +36000 +36600 2190 1014 0
a range +36000 +36600 2193 1017 0
a range +36000 +36600 2195 1015 0
a range +36000 +36600 2196 1012 0
a range +36000 +36600 2197 1012 0
a range +36000 +36600 2198 1009 0
a range +36000 +36600 2201 1009 0
a range +36000 +36600 2203 1005 0
a range +36000 +36600 2204 1012 0
a range +36000 +36600 2216 1007 0
a range +36000 +36600 2217 1014 0
a range +36000 +36600 2220 1016 0
a range +36000 +36600 2221 1008 0
a range +36000 +36600 2222 1004 0
a range +36000 +36600 2223 1008 0
a range +36000 +36600 2224 1013 0
a range +36000 +36600 2225 1008 0
a range +36000 +36600 2226 1006 0
a range +36000 +36600 2227 1005 0
a range +36000 +36600 2228 1003 0
a range +36000 +36600 2229 1006 0
a range +36000 +36600 2230 1010 0
a range +36000 +36600 2231 1010 0
a range +36000 +36600 2232 1004 0
a range +36000 +36600 2233 1010 0
a range +36000 +36600 2234 1005 0
a range +36000 +36600 2235 1002 0
a range +36000 +36600 2236 1016 0
a range +36000 +36600 2237 1016 0
a range +36000 +36600 2238 1003 0
a range +36000 +36600 2240 1003 0
a range +36000 +36600 2241 1013 0
a range +36000 +36600 2242 1007 0
a range +36000 +36600 2243 1002 0
a range +36000 +36600 2244 1002 0
a range +36000 +36600 2246 1007 0
a range +36000 +36600 2247 1018 0
a range +36000 +36600 2249 1009 0
a range +36000 +36600 2250 1013 0
a range +36000 +36600 2253 1017 0
a range +36000 +36600 2256 1015 0
a range +36000 +36600 2257 1018 0
a range +36000 +36600 2258 1015 0
a range +36000 +36600 2264 1017 0
a range +36600 +37200 1002 9004 0
a range +36600 +37200 1002 9012 0
a range +36600 +37200 1002 9008 0
a range +36600 +37200 1004 9010 0
a range +36600 +37200 1004 9006 0
a range +36600 +37200 1004 9002 0
a range +36600 +37200 1009 9001 0
a range +36600 +37200 1009 9011 0
a range +36600 +37200 1009 9009 0
a range +36600 +37200 1011 9007 0
a range +36600 +37200 1011 9005 0
a range +36600 +37200 1011 9003 0
a range +36600 +37200 2002 1014 0
a range +36600 +37200 2003 1014 0
a range +36600 +37200 2004 1001 0
a range +36600 +37200 2190 1014 0
a range +36600 +37200 2195 1015 0
a range +36600 +37200 2196 1012 0
a range +36600 +37200 2197 1012 0
a range +36600 +37200 2204 1012 0
a range +36600 +37200 2213 1015 0
a range +36600 +37200 2214 1008 0
a range +36600 +37200 2215 1010 0
a range +36600 +37200 2216 1007 0
a range +36600 +37200 2217 1010 0
a range +36600 +37200 2218 1016 0
a range +36600 +37200 2219 1017 0
a range +36600 +37200 2220 1008 0
a range +36600 +37200 2221 1016 0
a range +36600 +37200 2222 1006 0
a range +36600 +37200 2223 1001 0
a range +36600 +37200 2225 1001 0
a range +36600 +37200 2226 1008 0
a range +36600 +37200 2227 1016 0
a range +36600 +37200 2229 1006 0
a range +36600 +37200 2230 1010 0
a range +36600 +37200 2231 1013 0
a range +36600 +37200 2232 1005 0
a range +36600 +37200 2233 1003 0
a range +36600 +37200 2234 1006 0
a range +36600 +37200 2236 1013 0
a range +36600 +37200 2237 1005 0
a range +36600 +37200 2239 1007 0
a range +36600 +37200 2240 1003 0
a range +36600 +37200 2241 1003 0
a range +36600 +37200 2242 1007 0
a range +36600 +37200 2243 1013 0
a range +36600 +37200 2246 1005 0
a range +36600 +37200 2249 1018 0
a range +36600 +37200 2250 1018 0
a range +36600 +37200 2252 1017 0
a range +36600 +37200 2253 1018 0
a range +36600 +37200 2258 1015 0
a range +36600 +37200 2264 1017 0
a range +37200 +37800 1001 9001 0
a range +37200 +37800 1001 9007 0
a range +37200 +37800 1001 9005 0
a range +37200 +37800 1004 9006 0
a range +37200 +37800 1004 9012 0
a range +37200 +37800 1004 9004 0
a range +37200 +37800 1017 9002 0
a range +37200 +37800 1017 9009 0
a range +37200 +37800 1017 9008 0
a range +37200 +37800 2002 1014 0
a range +37200 +37800 2003 1014 0
a range +37200 +37800 2005 1012 0
a range +37200 +37800 2007 1005 0
a range +37200 +37800 2018 1011 0
a range +37200 +37800 2062 1009 0
a range +37200 +37800 2106 1009 0
a range +37200 +37800 2107 1009 0
a range +37200 +37800 2120 1002 0
a range +37200 +37800 2164 1011 0
a range +37200 +37800 2165 1002 0
a range +37200 +37800 2208 1002 0
a range +37200 +37800 2209 1011 0
a range +37200 +37800 2211 1012 0
a range +37200 +37800 2212 1012 0
a range +37200 +37800 2213 1015 0
a range +37200 +37800 2217 1016 0
a range +37200 +37800 2218 1008 0
a range +37200 +37800 2219 1010 0
a range +37200 +37800 2220 1008 0
a range +37200 +37800 2221 1016 0
a range +37200 +37800 2222 1008 0
a range +37200 +37800 2223 1006 0
a range +37200 +37800 2224 1005 0
a range +37200 +37800 2225 1006 0
a range +37200 +37800 2226 1006 0
a range +37200 +37800 2227 1013 0
a range +37200 +37800 2228 1013 0
a range +37200 +37800 2229 1010 0
a range +37200 +37800 2230 1010 0
a range +37200 +37800 2231 1013 0
a range +37200 +37800 2232 1005 0
a range +37200 +37800 2233 1003 0
a range +37200 +37800 2234 1016 0
a range +37200 +37800 2238 1014 0
a range +37200 +37800 2240 1018 0
a range +37200 +37800 2241 1003 0
a range +37200 +37800 2242 1003 0
a range +37200 +37800 2243 1007 0
a range +37200 +37800 2244 1007 0
a range +37200 +37800 2246 1018 0
a range +37200 +37800 2247 1015 0
a range +37200 +37800 2250 1007 0
a range +37200 +37800 2253 1018 0
a range +37200 +37800 2257 1015 0
a range +37800 +38400 1004 9004 0
a range +37800 +38400 1004 9002 0
a range +37800 +38400 1004 9006 0
a range +37800 +38400 1016 9003 0
a range +37800 +38400 1016 9005 0
a range +37800 +38400 1016 9007 0
a range +37800 +38400 2002 1005 0
a range +37800 +38400 2003 1014 0
a range +37800 +38400 2004 1006 0
a range +37800 +38400 2005 1012 0
a range +37800 +38400 2018 1011 0
a range +37800 +38400 2062 1009 0
a range +37800 +38400 2105 1001 0
a range +37800 +38400 2106 1009 0
a range +37800 +38400 2107 1009 0
a range +37800 +38400 2116 1017 0
a range +37800 +38400 2120 1002 0
a range +37800 +38400 2149 1001 0
a range +37800 +38400 2161 1017 0
a range +37800 +38400 2162 1017 0
a range +37800 +38400 2164 1011 0
a range +37800 +38400 2165 1002 0
a range +37800 +38400 2193 1001 0
a range +37800 +38400 2206 1014 0
a range +37800 +38400 2208 1002 0
a range +37800 +38400 2211 1012 0
a range +37800 +38400 2212 1012 0
a range +37800 +38400 2215 1011 0
a range +37800 +38400 2216 1014 0
a range +37800 +38400 2221 1006 0
a range +37800 +38400 2222 1008 0
a range +37800 +38400 2223 1010 0
a range +37800 +38400 2224 1010 0
a range +37800 +38400 2225 1008 0
a range +37800 +38400 2226 1008 0
a range +37800 +38400 2227 1013 0
a range +37800 +38400 2228 1005 0
a range +37800 +38400 2229 1010 0
a range +37800 +38400 2230 1013 0
a range +37800 +38400 2231 1005 0
a range +37800 +38400 2232 1003 0
a range +37800 +38400 2233 1003 0
a range +37800 +38400 2234 1006 0
a range +37800 +38400 2236 1018 0
a range +37800 +38400 2237 1007 0
a range +37800 +38400 2239 1007 0
a range +37800 +38400 2240 1018 0
a range +37800 +38400 2241 1013 0
a range +37800 +38400 2242 1003 0
a range +37800 +38400 2243 1007 0
a range +37800 +38400 2246 1018 0
a range +37800 +38400 2248 1015 0
a range +37800 +38400 2249 1015 0
a range +37800 +38400 2251 1015 0
a range +38400 +39000 1016 9011 0
a range +38400 +39000 1016 9007 0
a range +38400 +39000 1016 9009 0
a range +38400 +39000 2002 1011 0
a range +38400 +39000 2003 1014 0
a range +38400 +39000 2005 1012 0
a range +38400 +39000 2008 1003 0
a range +38400 +39000 2036 1004 0
a range +38400 +39000 2062 1009 0
a range +38400 +39000 2080 1004 0
a range +38400 +39000 2105 1001 0
a range +38400 +39000 2106 1009 0
a range +38400 +39000 2107 1009 0
a range +38400 +39000 2116 1017 0
a range +38400 +39000 2120 1002 0
a range +38400 +39000 2124 1004 0
a range +38400 +39000 2149 1001 0
a range +38400 +39000 2161 1017 0
a range +38400 +39000 2162 1017 0
a range +38400 +39000 2165 1002 0
a range +38400 +39000 2193 1001 0
a range +38400 +39000 2206 1014 0
a range +38400 +39000 2208 1002 0
a range +38400 +39000 2211 1012 0
a range +38400 +39000 2212 1012 0
a range +38400 +39000 2215 1015 0
a range +38400 +39000 2216 1014 0
a range +38400 +39000 2217 1011 0
a range +38400 +39000 2218 1010 0
a range +38400 +39000 2219 1008 0
a range +38400 +39000 2220 1010 0
a range +38400 +39000 2221 1006 0
a range +38400 +39000 2222 1006 0
a range +38400 +39000 2223 1006 0
a range +38400 +39000 2224 1010 0
a range +38400 +39000 2225 1008 0
a range +38400 +39000 2226 1008 0
a range +38400 +39000 2227 1015 0
a range +38400 +39000 2228 1018 0
a range +38400 +39000 2229 1011 0
a range +38400 +39000 2230 1013 0
a range +38400 +39000 2231 1003 0
a range +38400 +39000 2232 1003 0
a range +38400 +39000 2233 1013 0
a range +38400 +39000 2234 1013 0
a range +38400 +39000 2235 1007 0
a range +38400 +39000 2236 1007 0
a range +38400 +39000 2237 1007 0
a range +38400 +39000 2238 1018 0
a range +38400 +39000 2239 1005 0
a range +38400 +39000 2240 1005 0
a range +38400 +39000 2242 1005 0
a range +38400 +39000 2243 1015 0
a range +38400 +39000 2245 1018 0
a range +39000 +39600 1008 9005 0
a range +39000 +39600 1008 9003 0
a range +39000 +39600 1008 9011 0
a range +39000 +39600 1011 9010 0
a range +39000 +39600 1011 9001 0
a range +39000 +39600 1011 9008 0
a range +39000 +39600 1014 9002 0
a range +39000 +39600 1014 9006 0
a range +39000 +39600 1014 9004 0
a range +39000 +39600 2008 1010 0
a range +39000 +39600 2009 1009 0
a range +39000 +39600 2036 1004 0
a range +39000 +39600 2080 1004 0
a range +39000 +39600 2102 1016 0
a range +39000 +39600 2105 1001 0
a range +39000 +39600 2116 1017 0
a range +39000 +39600 2124 1004 0
a range +39000 +39600 2126 1016 0
a range +39000 +39600 2149 1001 0
a range +39000 +39600 2161 1017 0
a range +39000 +39600 2162 1017 0
a range +39000 +39600 2170 1016 0
a range +39000 +39600 2193 1001 0
a range +39000 +39600 2205 1012 0
a range +39000 +39600 2207 1012 0
a range +39000 +39600 2209 1002 0
a range +39000 +39600 2210 1002 0
a range +39000 +39600 2213 1012 0
a range +39000 +39600 2214 1009 0
a range +39000 +39600 2219 1010 0
a range +39000 +39600 2220 1006 0
a range +39000 +39600 2221 1010 0
a range +39000 +39600 2222 1006 0
a range +39000 +39600 2223 1006 0
a range +39000 +39600 2224 1015 0
a range +39000 +39600 2225 1018 0
a range +39000 +39600 2226 1013 0
a range +39000 +39600 2227 1013 0
a range +39000 +39600 2228 1003 0
a range +39000 +39600 2229 1018 0
a range +39000 +39600 2230 1015 0
a range +39000 +39600 2231 1003 0
a range +39000 +39600 2232 1003 0
a range +39000 +39600 2233 1013 0
a range +39000 +39600 2234 1007 0
a range +39000 +39600 2235 1007 0
a range +39000 +39600 2236 1015 0
a range +39000 +39600 2237 1007 0
a range +39000 +39600 2238 1005 0
a range +39000 +39600 2239 1005 0
a range +39000 +39600 2240 1005 0
a range +39000 +39600 2241 1009 0
a range +39000 +39600 2244 1002 0
a range +39000 +39600 2245 1018 0
a range +39600 +40200 1008 9003 0
a range +39600 +40200 1008 9005 0
a range +39600 +40200 1008 9001 0
a range +39600 +40200 2007 1011 0
a range +39600 +40200 2008 1003 0
a range +39600 +40200 2009 1009 0
a range +39600 +40200 2011 1001 0
a range +39600 +40200 2028 1014 0
a range +39600 +40200 2029 1014 0
a range +39600 +40200 2030 1011 0
a range +39600 +40200 2036 1004 0
a range +39600 +40200 2057 1011 0
a range +39600 +40200 2074 1014 0
a range +39600 +40200 2080 1004 0
a range +39600 +40200 2102 1016 0
a range +39600 +40200 2124 1004 0
a range +39600 +40200 2126 1016 0
a range +39600 +40200 2170 1016 0
a range +39600 +40200 2208 1010 0
a range +39600 +40200 2209 1002 0
a range +39600 +40200 2210 1002 0
a range +39600 +40200 2211 1018 0
a range +39600 +40200 2212 1018 0
a range +39600 +40200 2213 1006 0
a range +39600 +40200 2214 1009 0
a range +39600 +40200 2215 1012 0
a range +39600 +40200 2216 1001 0
a range +39600 +40200 2217 1017 0
a range +39600 +40200 2218 1001 0
a range +39600 +40200 2219 1006 0
a range +39600 +40200 2220 1006 0
a range +39600 +40200 2221 1012 0
a range +39600 +40200 2222 1010 0
a range +39600 +40200 2223 1012 0
a range +39600 +40200 2224 1015 0
a range +39600 +40200 2225 1013 0
a range +39600 +40200 2226 1013 0
a range +39600 +40200 2227 1005 0
a range +39600 +40200 2228 1003 0
a range +39600 +40200 2229 1010 0
a range +39600 +40200 2230 1003 0
a range +39600 +40200 2231 1013 0
a range +39600 +40200 2232 1015 0
a range +39600 +40200 2233 1007 0
a range +39600 +40200 2234 1007 0
a range +39600 +40200 2235 1007 0
a range +39600 +40200 2236 1015 0
a range +39600 +40200 2237 1005 0
a range +39600 +40200 2238 1005 0
a range +39600 +40200 2239 1018 0
a range +39600 +40200 2241 1009 0
a range +39600 +40200 2243 1002 0
a range +39600 +40200 2249 1017 0
a range +39600 +40200 2252 1017 0
a range +40200 +40800 1008 9007 0
a range +40200 +40800 1008 9001 0
a range +40200 +40800 1008 9003 0
a range +40200 +40800 2007 1011 0
a range +40200 +40800 2008 1010 0
a range +40200 +40800 2009 1009 0
a range +40200 +40800 2010 1004 0
a range +40200 +40800 2011 1001 0
a range +40200 +40800 2028 1014 0
a range +40200 +40800 2030 1011 0
a range +40200 +40800 2057 1011 0
a range +40200 +40800 2074 1014 0
a range +40200 +40800 2102 1016 0
a range +40200 +40800 2170 1016 0
a range +40200 +40800 2200 1017 0
a range +40200 +40800 2201 1017 0
a range +40200 +40800 2202 1016 0
a range +40200 +40800 2203 1014 0
a range +40200 +40800 2204 1004 0
a range +40200 +40800 2205 1004 0
a range +40200 +40800 2206 1002 0
a range +40200 +40800 2207 1002 0
a range +40200 +40800 2209 1012 0
a range +40200 +40800 2210 1002 0
a range +40200 +40800 2211 1007 0
a range +40200 +40800 2212 1018 0
a range +40200 +40800 2213 1012 0
a range +40200 +40800 2214 1009 0
a range +40200 +40800 2215 1012 0
a range +40200 +40800 2216 1001 0
a range +40200 +40800 2217 1017 0
a range +40200 +40800 2218 1001 0
a range +40200 +40800 2219 1006 0
a range +40200 +40800 2220 1006 0
a range +40200 +40800 2221 1006 0
a range +40200 +40800 2222 1010 0
a range +40200 +40800 2223 1010 0
a range +40200 +40800 2224 1013 0
a range +40200 +40800 2225 1013 0
a range +40200 +40800 2226 1007 0
a range +40200 +40800 2227 1003 0
a range +40200 +40800 2228 1015 0
a range +40200 +40800 2229 1003 0
a range +40200 +40800 2230 1013 0
a range +40200 +40800 2231 1003 0
a range +40200 +40800 2232 1015 0
a range +40200 +40800 2233 1007 0
a range +40200 +40800 2234 1005 0
a range +40200 +40800 2235 1015 0
a range +40200 +40800 2236 1018 0
a range +40200 +40800 2237 1005 0
a range +40200 +40800 2239 1005 0
a range +40200 +40800 2241 1009 0
a range +40200 +40800 2244 1018 0
a range +40800 +41400 1008 9006 0
a range +40800 +41400 1008 9002 0
a range +40800 +41400 1008 9004 0
a range +40800 +41400 1013 9005 0
a range +40800 +41400 1013 9007 0
a range +40800 +41400 2001 1018 0
a range +40800 +41400 2002 1011 0
a range +40800 +41400 2010 1004 0
a range +40800 +41400 2011 1001 0
a range +40800 +41400 2030 1011 0
a range +40800 +41400 2057 1011 0
a range +40800 +41400 2074 1014 0
a range +40800 +41400 2197 1016 0
a range +40800 +41400 2198 1016 0
a range +40800 +41400 2199 1002 0
a range +40800 +41400 2200 1017 0
a range +40800 +41400 2201 1017 0
a range +40800 +41400 2202 1016 0
a range +40800 +41400 2203 1014 0
a range +40800 +41400 2204 1004 0
a range +40800 +41400 2205 1004 0
a range +40800 +41400 2206 1002 0
a range +40800 +41400 2207 1002 0
a range +40800 +41400 2208 1014 0
a range +40800 +41400 2209 1010 0
a range +40800 +41400 2210 1012 0
a range +40800 +41400 2211 1006 0
a range +40800 +41400 2212 1006 0
a range +40800 +41400 2213 1012 0
a range +40800 +41400 2214 1012 0
a range +40800 +41400 2215 1003 0
a range +40800 +41400 2216 1001 0
a range +40800 +41400 2217 1017 0
a range +40800 +41400 2218 1001 0
a range +40800 +41400 2219 1006 0
a range +40800 +41400 2220 1003 0
a range +40800 +41400 2222 1010 0
a range +40800 +41400 2223 1010 0
a range +40800 +41400 2227 1003 0
a range +40800 +41400 2229 1007 0
a range +40800 +41400 2230 1005 0
a range +40800 +41400 2231 1005 0
a range +40800 +41400 2232 1005 0
a range +40800 +41400 2233 1015 0
a range +40800 +41400 2234 1007 0
a range +40800 +41400 2235 1015 0
a range +40800 +41400 2237 1015 0
a range +40800 +41400 2238 1009 0
a range +40800 +41400 2239 1018 0
a range +40800 +41400 2240 1009 0
a range +40800 +41400 2241 1007 0
a range +40800 +41400 2242 1009 0
a range +40800 +41400 2243 1018 0
a range +40800 +42000 1013 9003 0
a range +41400 +42000 1013 9011 0
a range +41400 +42000 1013 9009 0
a range +41400 +42000 2009 1003 0
a range +41400 +42000 2010 1004 0
a range +41400 +42000 2084 1008 0
a range +41400 +42000 2128 1008 0
a range +41400 +42000 2160 1008 0
a range +41400 +42000 2194 1010 0
a range +41400 +42000 2195 1001 0
a range +41400 +42000 2196 1011 0
a range +41400 +42000 2197 1016 0
a range +41400 +42000 2198 1016 0
a range +41400 +42000 2199 1002 0
a range +41400 +42000 2200 1017 0
a range +41400 +42000 2201 1017 0
a range +41400 +42000 2202 1016 0
a range +41400 +42000 2203 1014 0
a range +41400 +42000 2204 1004 0
a range +41400 +42000 2205 1004 0
a range +41400 +42000 2206 1002 0
a range +41400 +42000 2207 1002 0
a range +41400 +42000 2209 1012 0
a range +41400 +42000 2210 1012 0
a range +41400 +42000 2211 1007 0
a range +41400 +42000 2212 1006 0
a range +41400 +42000 2213 1015 0
a range +41400 +42000 2214 1012 0
a range +41400 +42000 2215 1006 0
a range +41400 +42000 2216 1003 0
a range +41400 +42000 2217 1010 0
a range +41400 +42000 2218 1006 0
a range +41400 +42000 2219 1005 0
a range +41400 +42000 2220 1010 0
a range +41400 +42000 2221 1001 0
a range +41400 +42000 2222 1015 0
a range +41400 +42000 2223 1018 0
a range +41400 +42000 2224 1011 0
a range +41400 +42000 2226 1017 0
a range +41400 +42000 2227 1003 0
a range +41400 +42000 2228 1014 0
a range +41400 +42000 2229 1007 0
a range +41400 +42000 2230 1005 0
a range +41400 +42000 2231 1005 0
a range +41400 +42000 2233 1015 0
a range +41400 +42000 2235 1018 0
a range +41400 +42000 2236 1009 0
a range +41400 +42000 2237 1018 0
a range +41400 +42000 2238 1009 0
a range +41400 +42000 2240 1007 0
a range +41400 +42000 2242 1009 0
a range +41400 +42600 2002 1011 0
a range +42000 +42600 2005 1003 0
a range +42000 +42600 2010 1004 0
a range +42000 +42600 2011 1003 0
a range +42000 +42600 2062 1013 0
a range +42000 +42600 2084 1008 0
a range +42000 +42600 2128 1008 0
a range +42000 +42600 2158 1013 0
a range +42000 +42600 2160 1008 0
a range +42000 +42600 2179 1013 0
a range +42000 +42600 2195 1001 0
a range +42000 +42600 2196 1011 0
a range +42000 +42600 2197 1016 0
a range +42000 +42600 2198 1016 0
a range +42000 +42600 2199 1002 0
a range +42000 +42600 2200 1017 0
a range +42000 +42600 2201 1017 0
a range +42000 +42600 2202 1016 0
a range +42000 +42600 2203 1014 0
a range +42000 +42600 2204 1004 0
a range +42000 +42600 2205 1004 0
a range +42000 +42600 2206 1002 0
a range +42000 +42600 2207 1002 0
a range +41400 +42600 2208 1014 0
a range +42000 +42600 2209 1012 0
a range +42000 +42600 2210 1012 0
a range +42000 +42600 2211 1006 0
a range +42000 +42600 2212 1006 0
a range +42000 +42600 2213 1005 0
a range +42000 +42600 2214 1003 0
a range +42000 +42600 2215 1010 0
a range +42000 +42600 2216 1006 0
a range +42000 +42600 2217 1010 0
a range +42000 +42600 2218 1010 0
a range +42000 +42600 2219 1005 0
a range +42000 +42600 2220 1012 0
a range +42000 +42600 2221 1001 0
a range +42000 +42600 2222 1015 0
a range +42000 +42600 2223 1018 0
a range +42000 +42600 2224 1011 0
a range +41400 +42600 2225 1001 0
a range +42000 +42600 2226 1017 0
a range +42000 +42600 2227 1007 0
a range +42000 +42600 2228 1014 0
a range +42000 +42600 2229 1007 0
a range +42000 +42600 2230 1005 0
a range +42000 +42600 2231 1015 0
a range +42000 +42600 2233 1015 0
a range +42000 +42600 2235 1018 0
a range +42000 +42600 2236 1009 0
a range +42000 +42600 2237 1018 0
a range +42000 +42600 2238 1009 0
a range +42000 +42600 2240 1007 0
a range +42000 +42600 2247 1009 0
a range +42600 +43200 2002 1011 0
a range +42600 +43200 2008 1012 0
a range +42600 +43200 2010 1004 0
a range +42600 +43200 2012 1003 0
a range +42600 +43200 2062 1013 0
a range +42600 +43200 2084 1008 0
a range +42600 +43200 2128 1008 0
a range +42600 +43200 2158 1013 0
a range +42600 +43200 2160 1008 0
a range +42600 +43200 2192 1005 0
a range +42600 +43200 2193 1011 0
a range +42600 +43200 2194 1010 0
a range +42600 +43200 2195 1001 0
a range +42600 +43200 2196 1011 0
a range +42600 +43200 2197 1016 0
a range +42600 +43200 2198 1016 0
a range +42600 +43200 2199 1002 0
a range +42600 +43200 2200 1017 0
a range +42600 +43200 2201 1017 0
a range +42600 +43200 2202 1016 0
a range +42600 +43200 2203 1014 0
a range +42600 +43200 2204 1004 0
a range +42600 +43200 2205 1004 0
a range +42600 +43200 2206 1002 0
a range +42600 +43200 2207 1002 0
a range +42600 +43200 2208 1014 0
a range +42600 +43200 2209 1010 0
a range +42600 +43200 2210 1015 0
a range +42600 +43200 2211 1006 0
a range +42600 +43200 2212 1005 0
a range +42600 +43200 2213 1007 0
a range +42600 +43200 2214 1015 0
a range +42600 +43200 2215 1010 0
a range +42600 +43200 2216 1006 0
a range +42600 +43200 2217 1006 0
a range +42600 +43200 2218 1005 0
a range +42600 +43200 2219 1012 0
a range +42600 +43200 2220 1012 0
a range +42600 +43200 2221 1001 0
a range +42600 +43200 2222 1007 0
a range +42600 +43200 2224 1003 0
a range +42600 +43200 2225 1001 0
a range +42600 +43200 2226 1017 0
a range +42600 +43200 2227 1007 0
a range +42600 +43200 2228 1014 0
a range +42600 +43200 2230 1018 0
a range +42600 +43200 2231 1015 0
a range +42600 +43200 2234 1013 0
a range +42600 +43200 2235 1018 0
a range +42600 +43200 2236 1009 0
a range +42600 +43200 2237 1018 0
a range +42600 +43200 2238 1009 0
a range +42600 +43200 2244 1003 0
a range +42600 +43200 2247 1009 0
a range +43200 +43800 1005 9003 0
a range +43200 +43800 1005 9001 0
a range +43200 +43800 1005 9007 0
a range +43200 +43800 2002 1007 0
a range +43200 +43800 2009 1012 0
a range +43200 +43800 2158 1013 0
a range +43200 +43800 2177 1001 0
a range +43200 +43800 2178 1017 0
a range +43200 +43800 2179 1017 0
a range +43200 +43800 2180 1016 0
a range +43200 +43800 2181 1016 0
a range +43200 +43800 2182 1016 0
a range +43200 +43800 2183 1004 0
a range +43200 +43800 2184 1014 0
a range +43200 +43800 2185 1004 0
a range +43200 +43800 2186 1014 0
a range +43200 +43800 2187 1011 0
a range +43200 +43800 2188 1008 0
a range +43200 +43800 2189 1008 0
a range +43200 +43800 2190 1008 0
a range +43200 +43800 2191 1004 0
a range +43200 +43800 2193 1011 0
a range +43200 +43800 2195 1001 0
a range +43200 +43800 2209 1010 0
a range +43200 +43800 2210 1018 0
a range +43200 +43800 2211 1009 0
a range +43200 +43800 2212 1015 0
a range +43200 +43800 2213 1003 0
a range +43200 +43800 2214 1006 0
a range +43200 +43800 2215 1003 0
a range +43200 +43800 2216 1003 0
a range +43200 +43800 2217 1006 0
a range +43200 +43800 2218 1012 0
a range +43200 +43800 2219 1010 0
a range +43200 +43800 2220 1012 0
a range +43200 +43800 2221 1010 0
a range +43200 +43800 2222 1007 0
a range +43200 +43800 2223 1011 0
a range +43200 +43800 2224 1015 0
a range +43200 +43800 2225 1006 0
a range +43200 +43800 2226 1002 0
a range +43200 +43800 2227 1007 0
a range +43200 +43800 2228 1018 0
a range +43200 +43800 2229 1013 0
a range +43200 +43800 2230 1015 0
a range +43200 +43800 2231 1002 0
a range +43200 +43800 2232 1001 0
a range +43200 +43800 2233 1014 0
a range +43200 +43800 2234 1013 0
a range +43200 +43800 2235 1009 0
a range +43200 +43800 2236 1018 0
a range +43200 +43800 2238 1002 0
a range +43200 +43800 2240 1009 0
a range +43800 +44400 1001 9008 0
a range +43800 +44400 1001 9012 0
a range +43800 +44400 1001 9002 0
a range +43800 +44400 2004 1014 0
a range +43800 +44400 2009 1012 0
a range +43800 +44400 2012 1005 0
a range +43800 +44400 2090 1005 0
a range +43800 +44400 2100 1005 0
a range +43800 +44400 2158 1013 0
a range +43800 +44400 2178 1017 0
a range +43800 +44400 2179 1017 0
a range +43800 +44400 2180 1016 0
a range +43800 +44400 2181 1016 0
a range +43800 +44400 2182 1016 0
a range +43800 +44400 2183 1004 0
a range +43800 +44400 2184 1014 0
a range +43800 +44400 2187 1011 0
a range +43800 +44400 2188 1008 0
a range +43800 +44400 2189 1008 0
a range +43800 +44400 2190 1008 0
a range +43800 +44400 2191 1004 0
a range +43800 +44400 2193 1011 0
a range +43800 +44400 2206 1004 0
a range +43800 +44400 2207 1012 0
a range +43800 +44400 2208 1010 0
a range +43800 +44400 2209 1003 0
a range +43800 +44400 2210 1003 0
a range +43800 +44400 2211 1018 0
a range +43800 +44400 2212 1003 0
a range +43800 +44400 2213 1007 0
a range +43800 +44400 2214 1015 0
a range +43800 +44400 2215 1006 0
a range +43800 +44400 2216 1006 0
a range +43800 +44400 2217 1012 0
a range +43800 +44400 2218 1010 0
a range +43800 +44400 2219 1015 0
a range +43800 +44400 2220 1009 0
a range +43800 +44400 2221 1010 0
a range +43800 +44400 2222 1009 0
a range +43800 +44400 2223 1011 0
a range +43800 +44400 2224 1007 0
a range +43800 +44400 2225 1007 0
a range +43800 +44400 2226 1006 0
a range +43800 +44400 2227 1015 0
a range +43800 +44400 2228 1018 0
a range +43800 +44400 2229 1013 0
a range +43800 +44400 2230 1018 0
a range +43800 +44400 2231 1002 0
a range +43800 +44400 2232 1009 0
a range +43800 +44400 2233 1014 0
a range +43800 +44400 2234 1013 0
a range +43800 +44400 2235 1002 0
a range +43800 +44400 2236 1002 0
a range +43200 +44400 2256 1017 0
a range +44400 +45000 1003 9003 0
a range +44400 +45000 1003 9011 0
a range +44400 +45000 1003 9007 0
a range +44400 +45000 1010 9001 0
a range +44400 +45000 1010 9009 0
a range +44400 +45000 1010 9005 0
a range +44400 +45000 2004 1014 0
a range +44400 +45000 2005 1013 0
a range +44400 +45000 2009 1006 0
a range +44400 +45000 2012 1005 0
a range +44400 +45000 2090 1005 0
a range +44400 +45000 2100 1005 0
a range +44400 +45000 2101 1001 0
a range +44400 +45000 2144 1001 0
a range +44400 +45000 2167 1001 0
a range +44400 +45000 2180 1016 0
a range +44400 +45000 2181 1016 0
a range +44400 +45000 2182 1016 0
a range +44400 +45000 2183 1004 0
a range +44400 +45000 2184 1014 0
a range +44400 +45000 2187 1011 0
a range +44400 +45000 2188 1008 0
a range +44400 +45000 2189 1008 0
a range +44400 +45000 2190 1008 0
a range +44400 +45000 2191 1004 0
a range +44400 +45000 2202 1011 0
a range +44400 +45000 2203 1004 0
a range +44400 +45000 2204 1014 0
a range +44400 +45000 2205 1013 0
a range +44400 +45000 2207 1006 0
a range +44400 +45000 2208 1012 0
a range +44400 +45000 2214 1018 0
a range +44400 +45000 2215 1007 0
a range +44400 +45000 2217 1006 0
a range +44400 +45000 2218 1012 0
a range +44400 +45000 2219 1012 0
a range +44400 +45000 2220 1002 0
a range +44400 +45000 2221 1018 0
a range +44400 +45000 2222 1017 0
a range +44400 +45000 2223 1011 0
a range +44400 +45000 2224 1007 0
a range +44400 +45000 2225 1015 0
a range +44400 +45000 2226 1018 0
a range +44400 +45000 2227 1015 0
a range +44400 +45000 2228 1017 0
a range +44400 +45000 2229 1013 0
a range +44400 +45000 2230 1009 0
a range +44400 +45000 2232 1009 0
a range +44400 +45000 2233 1007 0
a range +44400 +45000 2234 1009 0
a range +44400 +45000 2235 1002 0
a range +44400 +45000 2236 1002 0
a range +44400 +45000 2237 1017 0
a range +44400 +45000 2239 1015 0
a range +45000 +45600 1003 9001 0
a range +45000 +45600 1003 9009 0
a range +45000 +45600 1003 9005 0
a range +45000 +45600 1010 9003 0
a range +45000 +45600 1010 9011 0
a range +45000 +45600 1010 9007 0
a range +45000 +45600 1016 9006 0
a range +45000 +45600 1016 9002 0
a range +45000 +45600 1016 9004 0
a range +45000 +45600 2003 1018 0
a range +45000 +45600 2004 1014 0
a range +45000 +45600 2005 1013 0
a range +45000 +45600 2008 1005 0
a range +45000 +45600 2101 1001 0
a range +45000 +45600 2144 1001 0
a range +45000 +45600 2167 1001 0
a range +45000 +45600 2200 1012 0
a range +45000 +45600 2201 1008 0
a range +45000 +45600 2202 1011 0
a range +45000 +45600 2203 1015 0
a range +45000 +45600 2204 1014 0
a range +45000 +45600 2205 1013 0
a range +45000 +45600 2206 1012 0
a range +45000 +45600 2207 1012 0
a range +45000 +45600 2208 1006 0
a range +45000 +45600 2209 1007 0
a range +45000 +45600 2210 1008 0
a range +45000 +45600 2211 1008 0
a range +45000 +45600 2212 1011 0
a range +45000 +45600 2213 1011 0
a range +45000 +45600 2214 1018 0
a range +45000 +45600 2215 1006 0
a range +45000 +45600 2216 1013 0
a range +45000 +45600 2217 1015 0
a range +45000 +45600 2218 1006 0
a range +45000 +45600 2219 1017 0
a range +45000 +45600 2220 1004 0
a range +45000 +45600 2221 1004 0
a range +45000 +45600 2222 1004 0
a range +45000 +45600 2223 1018 0
a range +45000 +45600 2224 1007 0
a range +45000 +45600 2225 1007 0
a range +45000 +45600 2226 1005 0
a range +45000 +45600 2227 1009 0
a range +45000 +45600 2228 1005 0
a range +45000 +45600 2229 1002 0
a range +45000 +45600 2230 1002 0
a range +45000 +45600 2231 1014 0
a range +45000 +45600 2232 1009 0
a range +45000 +45600 2233 1009 0
a range +45000 +45600 2235 1017 0
a range +45000 +45600 2236 1002 0
a range +45000 +45600 2237 1017 0
a range +45000 +45600 2239 1015 0
a range +45600 +46200 1005 9001 0
a range +45600 +46200 1005 9003 0
a range +45600 +46200 1005 9011 0
a range +45600 +46200 1013 9002 0
a range +45600 +46200 1013 9006 0
a range +45600 +46200 1013 9004 0
a range +45600 +46200 1018 9009 0
a range +45600 +46200 1018 9005 0
a range +45600 +46200 1018 9007 0
a range +45600 +46200 2003 1006 0
a range +45600 +46200 2005 1006 0
a range +45600 +46200 2006 1016 0
a range +45600 +46200 2007 1016 0
a range +45600 +46200 2014 1008 0
a range +45600 +46200 2024 1003 0
a range +45600 +46200 2031 1016 0
a range +45600 +46200 2097 1003 0
a range +45600 +46200 2101 1001 0
a range +45600 +46200 2120 1010 0
a range +45600 +46200 2141 1010 0
a range +45600 +46200 2144 1001 0
a range +45600 +46200 2164 1010 0
a range +45600 +46200 2167 1001 0
a range +45600 +46200 2185 1003 0
a range +45600 +46200 2198 1012 0
a range +45600 +46200 2201 1008 0
a range +45600 +46200 2209 1007 0
a range +45600 +46200 2210 1015 0
a range +45600 +46200 2211 1008 0
a range +45600 +46200 2212 1011 0
a range +45600 +46200 2213 1007 0
a range +45600 +46200 2214 1015 0
a range +45600 +46200 2215 1012 0
a range +45600 +46200 2216 1012 0
a range +45600 +46200 2217 1015 0
a range +45600 +46200 2218 1006 0
a range +45600 +46200 2219 1004 0
a range +45600 +46200 2220 1004 0
a range +45600 +46200 2221 1004 0
a range +45600 +46200 2222 1002 0
a range +45600 +46200 2223 1002 0
a range +45600 +46200 2224 1011 0
a range +45600 +46200 2225 1007 0
a range +45600 +46200 2226 1011 0
a range +45600 +46200 2227 1009 0
a range +45600 +46200 2228 1009 0
a range +45600 +46200 2229 1009 0
a range +45600 +46200 2230 1002 0
a range +45600 +46200 2231 1014 0
a range +45600 +46200 2232 1014 0
a range +45600 +46200 2234 1017 0
a range +45600 +46200 2235 1017 0
a range +45600 +46200 2236 1014 0
a range +45600 +46200 2237 1017 0
a range +46200 +46800 1008 9008 0
a range +46200 +46800 1008 9010 0
a range +46200 +46800 1008 9002 0
a range +46200 +46800 1011 9012 0
a range +46200 +46800 1011 9004 0
a range +46200 +46800 1011 9006 0
a range +46200 +46800 1018 9001 0
a range +46200 +46800 1018 9007 0
a range +46200 +46800 1018 9009 0
a range +46200 +46800 2006 1016 0
a range +46200 +46800 2007 1016 0
a range +46200 +46800 2008 1013 0
a range +46200 +46800 2014 1006 0
a range +46200 +46800 2024 1003 0
a range +46200 +46800 2031 1016 0
a range +46200 +46800 2051 1005 0
a range +46200 +46800 2076 1013 0
a range +46200 +46800 2095 1005 0
a range +46200 +46800 2096 1005 0
a range +46200 +46800 2097 1003 0
a range +46200 +46800 2120 1010 0
a range +46200 +46800 2141 1010 0
a range +46200 +46800 2164 1010 0
a range +46200 +46800 2176 1013 0
a range +46200 +46800 2185 1003 0
a range +46200 +46800 2200 1001 0
a range +46200 +46800 2202 1001 0
a range +46200 +46800 2206 1012 0
a range +46200 +46800 2207 1006 0
a range +46200 +46800 2208 1001 0
a range +46200 +46800 2209 1006 0
a range +46200 +46800 2210 1007 0
a range +46200 +46800 2212 1007 0
a range +46200 +46800 2215 1007 0
a range +46200 +46800 2216 1012 0
a range +46200 +46800 2217 1009 0
a range +46200 +46800 2218 1012 0
a range +46200 +46800 2219 1004 0
a range +46200 +46800 2220 1004 0
a range +46200 +46800 2221 1004 0
a range +46200 +46800 2222 1009 0
a range +46200 +46800 2223 1017 0
a range +46200 +46800 2224 1002 0
a range +46200 +46800 2225 1015 0
a range +46200 +46800 2226 1015 0
a range +46200 +46800 2227 1017 0
a range +46200 +46800 2228 1002 0
a range +46200 +46800 2229 1002 0
a range +46200 +46800 2230 1014 0
a range +46200 +46800 2231 1014 0
a range +46200 +46800 2232 1014 0
a range +46200 +46800 2234 1017 0
a range +46200 +46800 2235 1009 0
a range +46200 +46800 2237 1015 0
a range +46800 +47400 1007 9011 0
a range +46800 +47400 1007 9009 0
a range +46800 +47400 1007 9003 0
a range +46800 +47400 1010 9007 0
a range +46800 +47400 1010 9002 0
a range +46800 +47400 1010 9004 0
a range +46800 +47400 2003 1011 0
a range +46800 +47400 2006 1016 0
a range +46800 +47400 2007 1016 0
a range +46800 +47400 2008 1013 0
a range +46800 +47400 2009 1006 0
a range +46800 +47400 2013 1006 0
a range +46800 +47400 2021 1018 0
a range +46800 +47400 2024 1003 0
a range +46800 +47400 2031 1016 0
a range +46800 +47400 2046 1011 0
a range +46800 +47400 2051 1005 0
a range +46800 +47400 2065 1018 0
a range +46800 +47400 2076 1013 0
a range +46800 +47400 2087 1008 0
a range +46800 +47400 2089 1011 0
a range +46800 +47400 2095 1005 0
a range +46800 +47400 2096 1005 0
a range +46800 +47400 2109 1018 0
a range +46800 +47400 2135 1008 0
a range +46800 +47400 2176 1013 0
a range +46800 +47400 2179 1008 0
a range +46800 +47400 2185 1003 0
a range +46800 +47400 2200 1001 0
a range +46800 +47400 2204 1006 0
a range +46800 +47400 2205 1012 0
a range +46800 +47400 2206 1012 0
a range +46800 +47400 2208 1001 0
a range +46800 +47400 2213 1003 0
a range +46800 +47400 2214 1001 0
a range +46800 +47400 2216 1012 0
a range +46800 +47400 2217 1004 0
a range +46800 +47400 2218 1004 0
a range +46800 +47400 2219 1004 0
a range +46800 +47400 2220 1002 0
a range +46800 +47400 2221 1002 0
a range +46800 +47400 2222 1017 0
a range +46800 +47400 2223 1014 0
a range +46800 +47400 2224 1014 0
a range +46800 +47400 2225 1015 0
a range +46800 +47400 2226 1015 0
a range +46800 +47400 2227 1017 0
a range +46800 +47400 2228 1009 0
a range +46800 +47400 2230 1002 0
a range +46800 +47400 2232 1014 0
a range +46800 +47400 2233 1017 0
a range +46800 +47400 2234 1009 0
a range +46800 +47400 2235 1009 0
a range +46800 +47400 2237 1015 0
a range +47400 +48000 1007 9009 0
a range +47400 +48000 1007 9011 0
a range +47400 +48000 1007 9005 0
a range +47400 +48000 2003 1011 0
a range +47400 +48000 2008 1013 0
a range +47400 +48000 2010 1006 0
a range +47400 +48000 2013 1012 0
a range +47400 +48000 2021 1018 0
a range +47400 +48000 2041 1010 0
a range +47400 +48000 2042 1010 0
a range +47400 +48000 2046 1011 0
a range +47400 +48000 2051 1005 0
a range +47400 +48000 2065 1018 0
a range +47400 +48000 2076 1013 0
a range +47400 +48000 2087 1008 0
a range +47400 +48000 2089 1011 0
a range +47400 +48000 2096 1005 0
a range +47400 +48000 2109 1018 0
a range +47400 +48000 2111 1010 0
a range +47400 +48000 2135 1008 0
a range +47400 +48000 2176 1013 0
a range +47400 +48000 2179 1008 0
a range +47400 +48000 2200 1001 0
a range +47400 +48000 2203 1012 0
a range +47400 +48000 2205 1012 0
a range +47400 +48000 2206 1006 0
a range +47400 +48000 2207 1006 0
a range +47400 +48000 2208 1001 0
a range +47400 +48000 2209 1003 0
a range +47400 +48000 2210 1017 0
a range +47400 +48000 2211 1004 0
a range +47400 +48000 2212 1003 0
a range +47400 +48000 2213 1003 0
a range +47400 +48000 2214 1001 0
a range +47400 +48000 2215 1016 0
a range +47400 +48000 2216 1004 0
a range +47400 +48000 2217 1004 0
a range +47400 +48000 2218 1015 0
a range +47400 +48000 2219 1015 0
a range +47400 +48000 2220 1014 0
a range +47400 +48000 2221 1017 0
a range +47400 +48000 2222 1002 0
a range +47400 +48000 2223 1014 0
a range +47400 +48000 2224 1014 0
a range +47400 +48000 2225 1002 0
a range +47400 +48000 2226 1015 0
a range +47400 +48000 2227 1009 0
a range +47400 +48000 2228 1002 0
a range +47400 +48000 2231 1016 0
a range +47400 +48000 2233 1009 0
a range +47400 +48000 2234 1009 0
a range +47400 +48000 2235 1017 0
a range +48000 +48600 2003 1011 0
a range +48000 +48600 2008 1013 0
a range +48000 +48600 2009 1005 0
a range +48000 +48600 2013 1002 0
a range +48000 +48600 2021 1018 0
a range +48000 +48600 2041 1010 0
a range +48000 +48600 2042 1010 0
a range +48000 +48600 2046 1011 0
a range +48000 +48600 2065 1018 0
a range +48000 +48600 2076 1013 0
a range +48000 +48600 2087 1008 0
a range +48000 +48600 2089 1011 0
a range +48000 +48600 2093 1007 0
a range +47400 +48600 2095 1005 0
a range +48000 +48600 2109 1018 0
a range +48000 +48600 2111 1010 0
a range +48000 +48600 2115 1007 0
a range +48000 +48600 2135 1008 0
a range +48000 +48600 2136 1007 0
a range +48000 +48600 2176 1013 0
a range +48000 +48600 2179 1008 0
a range +48000 +48600 2199 1012 0
a range +48000 +48600 2200 1012 0
a range +48000 +48600 2201 1012 0
a range +48000 +48600 2202 1005 0
a range +48000 +48600 2203 1006 0
a range +48000 +48600 2204 1015 0
a range +48000 +48600 2205 1006 0
a range +48000 +48600 2206 1006 0
a range +48000 +48600 2207 1017 0
a range +48000 +48600 2208 1001 0
a range +48000 +48600 2209 1003 0
a range +48000 +48600 2210 1015 0
a range +48000 +48600 2211 1004 0
a range +48000 +48600 2212 1003 0
a range +48000 +48600 2213 1003 0
a range +48000 +48600 2214 1001 0
a range +48000 +48600 2215 1016 0
a range +48000 +48600 2216 1004 0
a range +48000 +48600 2217 1015 0
a range +48000 +48600 2218 1004 0
a range +48000 +48600 2219 1014 0
a range +48000 +48600 2220 1009 0
a range +48000 +48600 2221 1009 0
a range +48000 +48600 2222 1014 0
a range +48000 +48600 2223 1017 0
a range +48000 +48600 2224 1002 0
a range +48000 +48600 2225 1014 0
a range +48000 +48600 2228 1002 0
a range +47400 +48600 2229 1016 0
a range +48000 +48600 2231 1016 0
a range +48000 +48600 2232 1001 0
a range +48000 +48600 2233 1009 0
a range +48000 +48600 2234 1017 0
a range +48600 +49200 1015 9009 0
a range +48600 +49200 1015 9005 0
a range +48600 +49200 2009 1005 0
a range +48600 +49200 2010 1003 0
a range +48600 +49200 2013 1006 0
a range +48600 +49200 2041 1010 0
a range +48600 +49200 2042 1010 0
a range +48600 +49200 2093 1007 0
a range +48600 +49200 2115 1007 0
a range +48600 +49200 2136 1007 0
a range +48600 +49200 2185 1016 0
a range +48600 +49200 2186 1013 0
a range +48600 +49200 2187 1013 0
a range +48600 +49200 2188 1013 0
a range +48600 +49200 2189 1011 0
a range +48600 +49200 2190 1011 0
a range +48600 +49200 2191 1011 0
a range +48600 +49200 2192 1010 0
a range +48600 +49200 2193 1008 0
a range +48600 +49200 2194 1008 0
a range +48600 +49200 2195 1003 0
a range +48600 +49200 2196 1008 0
a range +48600 +49200 2197 1001 0
a range +48600 +49200 2198 1001 0
a range +48600 +49200 2200 1012 0
a range +48600 +49200 2201 1006 0
a range +48600 +49200 2202 1005 0
a range +48600 +49200 2203 1012 0
a range +48600 +49200 2204 1006 0
a range +48600 +49200 2208 1012 0
a range +48600 +49200 2209 1003 0
a range +48600 +49200 2213 1004 0
a range +48600 +49200 2214 1004 0
a range +48600 +49200 2215 1016 0
a range +48600 +49200 2216 1017 0
a range +48600 +49200 2217 1009 0
a range +48600 +49200 2218 1004 0
a range +48600 +49200 2219 1014 0
a range +48600 +49200 2220 1009 0
a range +48600 +49200 2221 1009 0
a range +48600 +49200 2222 1014 0
a range +48600 +49200 2223 1002 0
a range +48600 +49200 2224 1017 0
a range +48600 +49200 2225 1002 0
a range +48600 +49200 2226 1005 0
a range +48600 +49200 2227 1018 0
a range +48600 +49200 2229 1002 0
a range +48600 +49200 2230 1016 0
a range +48600 +49200 2232 1001 0
a range +48600 +49200 2233 1017 0
a range +48600 +49200 2234 1014 0
a range +48600 +49200 2240 1018 0
a range +48600 +49200 2241 1018 0
a range +49200 +49800 1015 9011 0
a range +49200 +49800 1015 9009 0
a range +48600 +49800 1015 9007 0
a range +49200 +49800 2010 1003 0
a range +49200 +49800 2012 1003 0
a range +49200 +49800 2013 1012 0
a range +49200 +49800 2093 1007 0
a range +49200 +49800 2115 1007 0
a range +49200 +49800 2136 1007 0
a range +49200 +49800 2185 1016 0
a range +49200 +49800 2186 1013 0
a range +49200 +49800 2187 1013 0
a range +49200 +49800 2188 1013 0
a range +49200 +49800 2189 1011 0
a range +49200 +49800 2190 1011 0
a range +49200 +49800 2191 1011 0
a range +49200 +49800 2192 1010 0
a range +49200 +49800 2193 1008 0
a range +49200 +49800 2194 1008 0
a range +49200 +49800 2195 1003 0
a range +49200 +49800 2196 1008 0
a range +49200 +49800 2197 1001 0
a range +49200 +49800 2198 1001 0
a range +49200 +49800 2199 1012 0
a range +49200 +49800 2200 1006 0
a range +49200 +49800 2201 1006 0
a range +49200 +49800 2202 1005 0
a range +49200 +49800 2203 1012 0
a range +49200 +49800 2205 1010 0
a range +49200 +49800 2206 1010 0
a range +49200 +49800 2207 1005 0
a range +49200 +49800 2208 1006 0
a range +49200 +49800 2210 1018 0
a range +49200 +49800 2211 1016 0
a range +49200 +49800 2213 1009 0
a range +49200 +49800 2214 1004 0
a range +49200 +49800 2215 1004 0
a range +49200 +49800 2216 1004 0
a range +49200 +49800 2217 1002 0
a range +49200 +49800 2218 1014 0
a range +49200 +49800 2219 1017 0
a range +49200 +49800 2220 1002 0
a range +49200 +49800 2221 1009 0
a range +49200 +49800 2222 1017 0
a range +49200 +49800 2223 1014 0
a range +49200 +49800 2224 1014 0
a range +49200 +49800 2225 1002 0
a range +49200 +49800 2226 1005 0
a range +49200 +49800 2227 1018 0
a range +49200 +49800 2228 1016 0
a range +49200 +49800 2230 1009 0
a range +49200 +49800 2231 1001 0
a range +49200 +49800 2232 1017 0
a range +49200 +49800 2241 1018 0
a range +49800 +50400 1004 9011 0
a range +49800 +50400 1004 9005 0
a range +49800 +50400 1004 9001 0
a range +49800 +50400 2010 1003 0
a range +49800 +50400 2011 1006 0
a range +49800 +50400 2014 1005 0
a range +49800 +50400 2021 1015 0
a range +49800 +50400 2065 1015 0
a range +49800 +50400 2109 1015 0
a range +49800 +50400 2183 1018 0
a range +49800 +50400 2184 1007 0
a range +49800 +50400 2185 1016 0
a range +49800 +50400 2186 1013 0
a range +49800 +50400 2187 1013 0
a range +49800 +50400 2188 1013 0
a range +49800 +50400 2189 1011 0
a range +49800 +50400 2190 1011 0
a range +49800 +50400 2191 1011 0
a range +49800 +50400 2192 1010 0
a range +49800 +50400 2193 1008 0
a range +49800 +50400 2194 1008 0
a range +49800 +50400 2195 1003 0
a range +49800 +50400 2196 1008 0
a range +49800 +50400 2197 1001 0
a range +49800 +50400 2198 1001 0
a range +49800 +50400 2199 1012 0
a range +49800 +50400 2200 1006 0
a range +49800 +50400 2201 1012 0
a range +49800 +50400 2202 1012 0
a range +49800 +50400 2204 1007 0
a range +49800 +50400 2205 1010 0
a range +49800 +50400 2206 1010 0
a range +49800 +50400 2207 1005 0
a range +49800 +50400 2208 1006 0
a range +49800 +50400 2209 1005 0
a range +49800 +50400 2211 1016 0
a range +49800 +50400 2212 1007 0
a range +49800 +50400 2215 1002 0
a range +49800 +50400 2216 1014 0
a range +49800 +50400 2217 1009 0
a range +49800 +50400 2218 1014 0
a range +49800 +50400 2219 1014 0
a range +49800 +50400 2221 1017 0
a range +49800 +50400 2222 1002 0
a range +49800 +50400 2223 1017 0
a range +49800 +50400 2224 1002 0
a range +49800 +50400 2227 1018 0
a range +49800 +50400 2228 1016 0
a range +49800 +50400 2229 1009 0
a range +49800 +50400 2230 1009 0
a range +49800 +50400 2231 1001 0
a range +49800 +50400 2232 1017 0
a range +49800 +50400 2239 1018 0
a range +50400 +51000 2002 1009 0
a range +50400 +51000 2004 1006 0
a range +50400 +51000 2010 1003 0
a range +50400 +51000 2011 1006 0
a range +49800 +51000 2012 1003 0
a range +50400 +51000 2014 1005 0
a range +50400 +51000 2020 1004 0
a range +50400 +51000 2021 1015 0
a range +50400 +51000 2064 1004 0
a range +50400 +51000 2065 1015 0
a range +50400 +51000 2109 1015 0
a range +50400 +51000 2183 1018 0
a range +50400 +51000 2184 1007 0
a range +50400 +51000 2185 1016 0
a range +50400 +51000 2186 1013 0
a range +50400 +51000 2187 1013 0
a range +50400 +51000 2188 1013 0
a range +50400 +51000 2189 1011 0
a range +50400 +51000 2190 1011 0
a range +50400 +51000 2191 1011 0
a range +50400 +51000 2192 1010 0
a range +50400 +51000 2193 1008 0
a range +50400 +51000 2194 1008 0
a range +50400 +51000 2195 1003 0
a range +50400 +51000 2196 1008 0
a range +50400 +51000 2198 1006 0
a range +50400 +51000 2201 1012 0
a range +50400 +51000 2202 1012 0
a range +50400 +51000 2204 1007 0
a range +50400 +51000 2205 1010 0
a range +50400 +51000 2206 1010 0
a range +50400 +51000 2207 1005 0
a range +50400 +51000 2208 1012 0
a range +50400 +51000 2212 1007 0
a range +50400 +51000 2213 1014 0
a range +50400 +51000 2215 1001 0
a range +50400 +51000 2216 1009 0
a range +50400 +51000 2217 1002 0
a range +50400 +51000 2218 1014 0
a range +50400 +51000 2219 1001 0
a range +50400 +51000 2221 1002 0
a range +50400 +51000 2223 1002 0
a range +50400 +51000 2224 1017 0
a range +50400 +51000 2225 1005 0
a range +50400 +51000 2226 1001 0
a range +50400 +51000 2227 1018 0
a range +50400 +51000 2228 1016 0
a range +50400 +51000 2229 1009 0
a range +50400 +51000 2230 1014 0
a range +50400 +51000 2231 1017 0
a range +50400 +51000 2232 1017 0
a range +50400 +51000 2239 1018 0
a range +51000 +51600 2005 1006 0
a range +51000 +51600 2010 1003 0
a range +51000 +51600 2011 1012 0
a range +51000 +51600 2012 1003 0
a range +51000 +51600 2014 1005 0
a range +51000 +51600 2020 1004 0
a range +51000 +51600 2021 1015 0
a range +51000 +51600 2064 1004 0
a range +51000 +51600 2065 1015 0
a range +51000 +51600 2109 1015 0
a range +51000 +51600 2182 1012 0
a range +51000 +51600 2183 1018 0
a range +51000 +51600 2184 1007 0
a range +51000 +51600 2185 1016 0
a range +51000 +51600 2186 1013 0
a range +51000 +51600 2187 1013 0
a range +51000 +51600 2188 1013 0
a range +51000 +51600 2189 1011 0
a range +51000 +51600 2190 1011 0
a range +51000 +51600 2191 1011 0
a range +51000 +51600 2192 1010 0
a range +51000 +51600 2193 1008 0
a range +51000 +51600 2194 1008 0
a range +51000 +51600 2195 1003 0
a range +51000 +51600 2196 1008 0
a range +51000 +51600 2197 1006 0
a range +51000 +51600 2198 1006 0
a range +51000 +51600 2202 1012 0
a range +51000 +51600 2203 1007 0
a range +51000 +51600 2204 1007 0
a range +51000 +51600 2205 1010 0
a range +51000 +51600 2206 1010 0
a range +51000 +51600 2207 1005 0
a range +51000 +51600 2208 1009 0
a range +51000 +51600 2209 1014 0
a range +51000 +51600 2210 1009 0
a range +50400 +51600 2211 1016 0
a range +51000 +51600 2212 1014 0
a range +51000 +51600 2213 1014 0
a range +50400 +51600 2214 1004 0
a range +51000 +51600 2215 1001 0
a range +51000 +51600 2216 1009 0
a range +51000 +51600 2217 1002 0
a range +51000 +51600 2218 1002 0
a range +51000 +51600 2219 1001 0
a range +51000 +51600 2220 1001 0
a range +51000 +51600 2221 1002 0
a range +51000 +51600 2224 1017 0
a range +51000 +51600 2225 1005 0
a range +51000 +51600 2227 1018 0
a range +51000 +51600 2228 1016 0
a range +51000 +51600 2230 1017 0
a range +51000 +51600 2231 1017 0
a range +51000 +51600 2239 1018 0
a range +51600 +52200 1003 9002 0
a range +51600 +52200 1003 9010 0
a range +51600 +52200 1003 9004 0
a range +51600 +52200 1012 9003 0
a range +51600 +52200 1012 9007 0
a range +51600 +52200 2003 1006 0
a range +51600 +52200 2006 1004 0
a range +51600 +52200 2010 1006 0
a range +51600 +52200 2013 1016 0
a range +51600 +52200 2020 1004 0
a range +51600 +52200 2168 1006 0
a range +51600 +52200 2169 1016 0
a range +51600 +52200 2170 1013 0
a range +51600 +52200 2171 1015 0
a range +51600 +52200 2172 1015 0
a range +51600 +52200 2173 1016 0
a range +51600 +52200 2174 1013 0
a range +51600 +52200 2175 1015 0
a range +51600 +52200 2176 1011 0
a range +51600 +52200 2177 1011 0
a range +51600 +52200 2178 1011 0
a range +51600 +52200 2179 1010 0
a range +51600 +52200 2180 1010 0
a range +51600 +52200 2181 1010 0
a range +51600 +52200 2199 1008 0
a range +51600 +52200 2200 1007 0
a range +51600 +52200 2201 1004 0
a range +51600 +52200 2203 1007 0
a range +51600 +52200 2207 1009 0
a range +51600 +52200 2208 1018 0
a range +51600 +52200 2209 1014 0
a range +51600 +52200 2210 1018 0
a range +51600 +52200 2211 1009 0
a range +51600 +52200 2212 1014 0
a range +51600 +52200 2213 1001 0
a range +51600 +52200 2214 1002 0
a range +51600 +52200 2215 1017 0
a range +51600 +52200 2216 1002 0
a range +51600 +52200 2217 1005 0
a range +51600 +52200 2218 1002 0
a range +51600 +52200 2219 1001 0
a range +51600 +52200 2220 1001 0
a range +51600 +52200 2221 1018 0
a range +51600 +52200 2222 1008 0
a range +51600 +52200 2223 1008 0
a range +51600 +52200 2224 1005 0
a range +51600 +52200 2225 1005 0
a range +51600 +52200 2226 1007 0
a range +51600 +52200 2228 1009 0
a range +51600 +52200 2229 1014 0
a range +51600 +52200 2230 1017 0
a range +51600 +52200 2231 1017 0
a range +51600 +52200 2233 1013 0
a range +52200 +52800 1004 9007 0
a range +52200 +52800 1004 9004 0
a range +52200 +52800 1004 9003 0
a range +52200 +52800 1012 9009 0
a range +51600 +52800 1012 9005 0
a range +52200 +52800 1012 9011 0
a range +52200 +52800 1018 9010 0
a range +52200 +52800 1018 9006 0
a range +52200 +52800 1018 9002 0
a range +52200 +52800 2002 1008 0
a range +52200 +52800 2003 1006 0
a range +52200 +52800 2005 1008 0
a range +52200 +52800 2010 1002 0
a range +52200 +52800 2077 1003 0
a range +52200 +52800 2094 1003 0
a range +52200 +52800 2095 1003 0
a range +52200 +52800 2171 1015 0
a range +52200 +52800 2172 1015 0
a range +52200 +52800 2175 1015 0
a range +52200 +52800 2176 1011 0
a range +52200 +52800 2177 1011 0
a range +52200 +52800 2178 1011 0
a range +52200 +52800 2179 1010 0
a range +52200 +52800 2180 1010 0
a range +52200 +52800 2181 1010 0
a range +52200 +52800 2199 1008 0
a range +52200 +52800 2200 1014 0
a range +52200 +52800 2201 1014 0
a range +52200 +52800 2202 1007 0
a range +52200 +52800 2203 1013 0
a range +52200 +52800 2204 1016 0
a range +52200 +52800 2205 1006 0
a range +52200 +52800 2206 1006 0
a range +52200 +52800 2207 1009 0
a range +52200 +52800 2208 1009 0
a range +52200 +52800 2209 1007 0
a range +52200 +52800 2210 1017 0
a range +52200 +52800 2211 1002 0
a range +52200 +52800 2212 1001 0
a range +52200 +52800 2213 1014 0
a range +52200 +52800 2214 1005 0
a range +52200 +52800 2215 1001 0
a range +52200 +52800 2216 1009 0
a range +52200 +52800 2217 1005 0
a range +52200 +52800 2218 1017 0
a range +52200 +52800 2219 1002 0
a range +52200 +52800 2220 1001 0
a range +52200 +52800 2221 1017 0
a range +52200 +52800 2223 1013 0
a range +52200 +52800 2224 1005 0
a range +52200 +52800 2225 1016 0
a range +52200 +52800 2226 1007 0
a range +52200 +52800 2227 1016 0
a range +52200 +52800 2228 1013 0
a range +52800 +53400 1007 9006 0
a range +52800 +53400 1007 9004 0
a range +52800 +53400 1007 9002 0
a range +52800 +53400 2009 1002 0
a range +52800 +53400 2028 1018 0
a range +52800 +53400 2048 1012 0
a range +52800 +53400 2072 1018 0
a range +52800 +53400 2077 1003 0
a range +52800 +53400 2094 1003 0
a range +52800 +53400 2095 1003 0
a range +52800 +53400 2132 1004 0
a range +52800 +53400 2142 1012 0
a range +52800 +53400 2148 1004 0
a range +52800 +53400 2149 1004 0
a range +52800 +53400 2169 1018 0
a range +52800 +53400 2179 1010 0
a range +52800 +53400 2180 1010 0
a range +52800 +53400 2181 1010 0
a range +52800 +53400 2187 1012 0
a range +52800 +53400 2193 1017 0
a range +52800 +53400 2194 1017 0
a range +52800 +53400 2195 1016 0
a range +52800 +53400 2196 1014 0
a range +52800 +53400 2197 1014 0
a range +52800 +53400 2198 1014 0
a range +52800 +53400 2199 1011 0
a range +52800 +53400 2200 1013 0
a range +52800 +53400 2201 1013 0
a range +52800 +53400 2202 1013 0
a range +52800 +53400 2203 1006 0
a range +52800 +53400 2204 1006 0
a range +52800 +53400 2205 1006 0
a range +52800 +53400 2206 1009 0
a range +52800 +53400 2207 1011 0
a range +52800 +53400 2208 1008 0
a range +52800 +53400 2209 1008 0
a range +52800 +53400 2210 1009 0
a range +52800 +53400 2211 1001 0
a range +52800 +53400 2212 1009 0
a range +52800 +53400 2213 1005 0
a range +52800 +53400 2214 1008 0
a range +52800 +53400 2215 1011 0
a range +52800 +53400 2216 1002 0
a range +52800 +53400 2217 1005 0
a range +52800 +53400 2218 1005 0
a range +52800 +53400 2219 1002 0
a range +52800 +53400 2222 1001 0
a range +52800 +53400 2223 1001 0
a range +52800 +53400 2225 1016 0
a range +52800 +53400 2226 1016 0
a range +52800 +53400 2229 1017 0
a range +53400 +54000 2003 1010 0
a range +53400 +54000 2011 1002 0
a range +53400 +54000 2028 1018 0
a range +53400 +54000 2031 1007 0
a range +53400 +54000 2048 1012 0
a range +53400 +54000 2072 1018 0
a range +53400 +54000 2074 1007 0
a range +53400 +54000 2077 1003 0
a range +53400 +54000 2095 1003 0
a range +53400 +54000 2111 1007 0
a range +53400 +54000 2132 1004 0
a range +53400 +54000 2142 1012 0
a range +53400 +54000 2148 1004 0
a range +53400 +54000 2149 1004 0
a range +53400 +54000 2169 1018 0
a range +52800 +54000 2171 1015 0
a range +52800 +54000 2172 1015 0
a range +52800 +54000 2175 1015 0
a range +53400 +54000 2187 1012 0
a range +53400 +54000 2190 1017 0
a range +53400 +54000 2191 1017 0
a range +53400 +54000 2192 1016 0
a range +53400 +54000 2193 1016 0
a range +53400 +54000 2194 1006 0
a range +53400 +54000 2195 1014 0
a range +53400 +54000 2196 1014 0
a range +53400 +54000 2197 1011 0
a range +53400 +54000 2198 1014 0
a range +53400 +54000 2199 1013 0
a range +53400 +54000 2200 1013 0
a range +53400 +54000 2201 1013 0
a range +53400 +54000 2202 1006 0
a range +53400 +54000 2203 1006 0
a range +53400 +54000 2204 1008 0
a range +53400 +54000 2205 1011 0
a range +53400 +54000 2206 1009 0
a range +53400 +54000 2207 1010 0
a range +53400 +54000 2208 1010 0
a range +53400 +54000 2209 1009 0
a range +53400 +54000 2210 1009 0
a range +53400 +54000 2211 1001 0
a range +53400 +54000 2212 1005 0
a range +53400 +54000 2213 1008 0
a range +53400 +54000 2214 1008 0
a range +53400 +54000 2215 1002 0
a range +53400 +54000 2216 1002 0
a range +53400 +54000 2217 1011 0
a range +53400 +54000 2218 1005 0
a range +53400 +54000 2219 1005 0
a range +53400 +54000 2222 1001 0
a range +53400 +54000 2223 1001 0
a range +53400 +54000 2226 1016 0
a range +53400 +54000 2229 1017 0
a range +54000 +54600 1010 9012 0
a range +54000 +54600 1010 9006 0
a range +54000 +54600 1010 9010 0
a range +54000 +54600 1015 9008 0
a range +54000 +54600 1015 9002 0
a range +54000 +54600 1015 9004 0
a range +54000 +54600 2004 1012 0
a range +54000 +54600 2013 1002 0
a range +54000 +54600 2028 1018 0
a range +54000 +54600 2031 1007 0
a range +54000 +54600 2048 1012 0
a range +54000 +54600 2072 1018 0
a range +54000 +54600 2074 1007 0
a range +54000 +54600 2077 1003 0
a range +53400 +54600 2094 1003 0
a range +54000 +54600 2095 1003 0
a range +54000 +54600 2111 1007 0
a range +54000 +54600 2132 1004 0
a range +54000 +54600 2142 1012 0
a range +54000 +54600 2148 1004 0
a range +54000 +54600 2149 1004 0
a range +54000 +54600 2169 1018 0
a range +54000 +54600 2189 1017 0
a range +54000 +54600 2190 1017 0
a range +54000 +54600 2191 1017 0
a range +54000 +54600 2192 1016 0
a range +54000 +54600 2193 1006 0
a range +54000 +54600 2194 1013 0
a range +54000 +54600 2195 1016 0
a range +54000 +54600 2196 1014 0
a range +54000 +54600 2197 1011 0
a range +54000 +54600 2198 1014 0
a range +54000 +54600 2199 1014 0
a range +54000 +54600 2200 1006 0
a range +54000 +54600 2201 1009 0
a range +54000 +54600 2202 1006 0
a range +54000 +54600 2203 1013 0
a range +54000 +54600 2204 1011 0
a range +54000 +54600 2205 1008 0
a range +54000 +54600 2206 1009 0
a range +54000 +54600 2207 1011 0
a range +54000 +54600 2208 1005 0
a range +54000 +54600 2209 1005 0
a range +54000 +54600 2210 1001 0
a range +54000 +54600 2211 1009 0
a range +54000 +54600 2212 1001 0
a range +54000 +54600 2213 1005 0
a range +54000 +54600 2214 1002 0
a range +54000 +54600 2215 1002 0
a range +54000 +54600 2216 1016 0
a range +54000 +54600 2218 1008 0
a range +54000 +54600 2219 1008 0
a range +54000 +54600 2222 1001 0
a range +54000 +54600 2223 1013 0
a range +54600 +55200 1017 9007 0
a range +54600 +55200 2007 1004 0
a range +54600 +55200 2014 1002 0
a range +54600 +55200 2031 1007 0
a range +54600 +55200 2064 1015 0
a range +54600 +55200 2074 1007 0
a range +54600 +55200 2087 1015 0
a range +54600 +55200 2088 1015 0
a range +54600 +55200 2101 1010 0
a range +54600 +55200 2109 1010 0
a range +54600 +55200 2111 1007 0
a range +54600 +55200 2145 1010 0
a range +54600 +55200 2180 1012 0
a range +54600 +55200 2181 1004 0
a range +54600 +55200 2182 1004 0
a range +54600 +55200 2183 1012 0
a range +54600 +55200 2185 1012 0
a range +54600 +55200 2188 1003 0
a range +54600 +55200 2192 1014 0
a range +54600 +55200 2193 1013 0
a range +54600 +55200 2194 1016 0
a range +54600 +55200 2195 1016 0
a range +54600 +55200 2196 1009 0
a range +54600 +55200 2197 1014 0
a range +54600 +55200 2198 1006 0
a range +54600 +55200 2199 1014 0
a range +54600 +55200 2200 1009 0
a range +54600 +55200 2201 1006 0
a range +54600 +55200 2202 1006 0
a range +54600 +55200 2203 1013 0
a range +54600 +55200 2204 1008 0
a range +54600 +55200 2205 1008 0
a range +54600 +55200 2206 1005 0
a range +54600 +55200 2207 1008 0
a range +54600 +55200 2208 1011 0
a range +54600 +55200 2209 1001 0
a range +54600 +55200 2210 1001 0
a range +54600 +55200 2211 1001 0
a range +54600 +55200 2212 1002 0
a range +54600 +55200 2213 1002 0
a range +54600 +55200 2214 1005 0
a range +54600 +55200 2215 1013 0
a range +54600 +55200 2216 1016 0
a range +54600 +55200 2218 1011 0
a range +54600 +55200 2219 1011 0
a range +54600 +55200 2220 1003 0
a range +54600 +55200 2221 1003 0
a range +54600 +55200 2222 1009 0
a range +54600 +55200 2225 1018 0
a range +54600 +55200 2226 1018 0
a range +54600 +55200 2228 1005 0
a range +54600 +55200 2229 1018 0
a range +55200 +55800 1009 9009 0
a range +55200 +55800 1009 9007 0
a range +54600 +55800 1017 9003 0
a range +55200 +55800 1017 9011 0
a range +54600 +55800 1017 9005 0
a range +55200 +55800 2008 1001 0
a range +55200 +55800 2064 1015 0
a range +55200 +55800 2087 1015 0
a range +55200 +55800 2088 1015 0
a range +55200 +55800 2101 1010 0
a range +55200 +55800 2109 1010 0
a range +55200 +55800 2145 1010 0
a range +55200 +55800 2178 1004 0
a range +55200 +55800 2179 1012 0
a range +55200 +55800 2180 1012 0
a range +55200 +55800 2181 1004 0
a range +55200 +55800 2183 1012 0
a range +55200 +55800 2186 1018 0
a range +55200 +55800 2187 1007 0
a range +55200 +55800 2188 1003 0
a range +55200 +55800 2189 1007 0
a range +55200 +55800 2190 1004 0
a range +55200 +55800 2191 1007 0
a range +55200 +55800 2193 1016 0
a range +55200 +55800 2194 1014 0
a range +55200 +55800 2195 1006 0
a range +55200 +55800 2196 1006 0
a range +55200 +55800 2197 1006 0
a range +55200 +55800 2198 1002 0
a range +55200 +55800 2199 1016 0
a range +55200 +55800 2200 1014 0
a range +55200 +55800 2201 1014 0
a range +55200 +55800 2202 1008 0
a range +55200 +55800 2203 1008 0
a range +55200 +55800 2204 1013 0
a range +55200 +55800 2205 1005 0
a range +55200 +55800 2206 1011 0
a range +55200 +55800 2207 1001 0
a range +55200 +55800 2208 1005 0
a range +55200 +55800 2209 1001 0
a range +55200 +55800 2210 1013 0
a range +55200 +55800 2211 1008 0
a range +55200 +55800 2212 1002 0
a range +55200 +55800 2213 1013 0
a range +55200 +55800 2214 1005 0
a range +55200 +55800 2215 1011 0
a range +55200 +55800 2216 1016 0
a range +55200 +55800 2218 1011 0
a range +55200 +55800 2219 1002 0
a range +55200 +55800 2220 1003 0
a range +55200 +55800 2221 1003 0
a range +55200 +55800 2225 1018 0
a range +55200 +55800 2226 1018 0
a range +55800 +56400 1001 9011 0
a range +55800 +56400 1001 9005 0
a range +55800 +56400 1001 9009 0
a range +55800 +56400 1009 9007 0
a range +55200 +56400 1009 9001 0
a range +55800 +56400 1009 9003 0
a range +55800 +56400 1012 9002 0
a range +55800 +56400 1012 9006 0
a range +55800 +56400 1012 9004 0
a range +55800 +56400 2009 1003 0
a range +55800 +56400 2015 1005 0
a range +55800 +56400 2038 1017 0
a range +55800 +56400 2064 1015 0
a range +55800 +56400 2079 1017 0
a range +55800 +56400 2082 1017 0
a range +55800 +56400 2087 1015 0
a range +55800 +56400 2088 1015 0
a range +55800 +56400 2101 1010 0
a range +55800 +56400 2109 1010 0
a range +55800 +56400 2145 1010 0
a range +55800 +56400 2178 1004 0
a range +55800 +56400 2184 1018 0
a range +55800 +56400 2185 1018 0
a range +55800 +56400 2186 1018 0
a range +55800 +56400 2187 1007 0
a range +55800 +56400 2188 1003 0
a range +55800 +56400 2189 1007 0
a range +55800 +56400 2190 1004 0
a range +55800 +56400 2191 1007 0
a range +55800 +56400 2192 1004 0
a range +55800 +56400 2195 1006 0
a range +55800 +56400 2196 1006 0
a range +55800 +56400 2197 1006 0
a range +55800 +56400 2198 1011 0
a range +55800 +56400 2199 1016 0
a range +55800 +56400 2200 1014 0
a range +55800 +56400 2201 1014 0
a range +55800 +56400 2202 1008 0
a range +55800 +56400 2203 1008 0
a range +55800 +56400 2204 1011 0
a range +55800 +56400 2205 1013 0
a range +55800 +56400 2206 1005 0
a range +55800 +56400 2207 1016 0
a range +55800 +56400 2208 1005 0
a range +55800 +56400 2209 1014 0
a range +55800 +56400 2210 1013 0
a range +55800 +56400 2211 1002 0
a range +55800 +56400 2212 1008 0
a range +55800 +56400 2213 1002 0
a range +55800 +56400 2214 1011 0
a range +55800 +56400 2215 1013 0
a range +55800 +56400 2218 1002 0
a range +55800 +56400 2220 1016 0
a range +55800 +56400 2221 1003 0
a range +56400 +57000 1014 9001 0
a range +56400 +57000 1014 9011 0
a range +56400 +57000 1014 9009 0
a range +56400 +57000 2004 1015 0
a range +56400 +57000 2009 1003 0
a range +56400 +57000 2015 1002 0
a range +56400 +57000 2023 1009 0
a range +56400 +57000 2024 1009 0
a range +56400 +57000 2030 1012 0
a range +56400 +57000 2038 1017 0
a range +56400 +57000 2059 1001 0
a range +56400 +57000 2079 1017 0
a range +56400 +57000 2082 1017 0
a range +56400 +57000 2103 1001 0
a range +56400 +57000 2133 1001 0
a range +56400 +57000 2148 1012 0
a range +56400 +57000 2158 1009 0
a range +56400 +57000 2177 1012 0
a range +56400 +57000 2178 1004 0
a range +56400 +57000 2181 1015 0
a range +56400 +57000 2182 1015 0
a range +56400 +57000 2183 1010 0
a range +56400 +57000 2184 1018 0
a range +56400 +57000 2185 1018 0
a range +56400 +57000 2186 1018 0
a range +56400 +57000 2187 1007 0
a range +56400 +57000 2188 1006 0
a range +56400 +57000 2189 1007 0
a range +56400 +57000 2190 1004 0
a range +56400 +57000 2191 1007 0
a range +56400 +57000 2192 1004 0
a range +56400 +57000 2193 1010 0
a range +56400 +57000 2194 1010 0
a range +56400 +57000 2195 1006 0
a range +56400 +57000 2196 1006 0
a range +56400 +57000 2198 1013 0
a range +56400 +57000 2199 1008 0
a range +56400 +57000 2200 1005 0
a range +56400 +57000 2201 1005 0
a range +56400 +57000 2202 1013 0
a range +56400 +57000 2203 1011 0
a range +56400 +57000 2204 1002 0
a range +56400 +57000 2205 1002 0
a range +56400 +57000 2206 1016 0
a range +56400 +57000 2207 1016 0
a range +56400 +57000 2209 1008 0
a range +56400 +57000 2210 1013 0
a range +56400 +57000 2211 1005 0
a range +56400 +57000 2212 1011 0
a range +56400 +57000 2213 1008 0
a range +56400 +57000 2214 1011 0
a range +56400 +57000 2216 1003 0
a range +56400 +57000 2221 1016 0
a range +56400 +57000 2223 1003 0
a range +57000 +57600 1014 9011 0
a range +57000 +57600 1014 9009 0
a range +57000 +57600 1014 9001 0
a range +57000 +57600 2004 1015 0
a range +57000 +57600 2008 1004 0
a range +57000 +57600 2016 1010 0
a range +57000 +57600 2023 1009 0
a range +57000 +57600 2024 1009 0
a range +57000 +57600 2030 1012 0
a range +57000 +57600 2038 1017 0
a range +57000 +57600 2059 1001 0
a range +57000 +57600 2079 1017 0
a range +57000 +57600 2082 1017 0
a range +57000 +57600 2103 1001 0
a range +57000 +57600 2133 1001 0
a range +57000 +57600 2148 1012 0
a range +57000 +57600 2158 1009 0
a range +57000 +57600 2174 1004 0
a range +57000 +57600 2175 1007 0
a range +57000 +57600 2176 1006 0
a range +57000 +57600 2177 1012 0
a range +57000 +57600 2179 1003 0
a range +57000 +57600 2180 1007 0
a range +57000 +57600 2181 1015 0
a range +57000 +57600 2182 1015 0
a range +57000 +57600 2183 1010 0
a range +57000 +57600 2184 1018 0
a range +57000 +57600 2185 1018 0
a range +57000 +57600 2191 1006 0
a range +57000 +57600 2192 1004 0
a range +57000 +57600 2193 1010 0
a range +57000 +57600 2194 1006 0
a range +57000 +57600 2195 1002 0
a range +57000 +57600 2196 1016 0
a range +57000 +57600 2197 1003 0
a range +57000 +57600 2198 1008 0
a range +57000 +57600 2199 1013 0
a range +57000 +57600 2200 1005 0
a range +57000 +57600 2201 1005 0
a range +57000 +57600 2202 1013 0
a range +57000 +57600 2203 1008 0
a range +57000 +57600 2204 1013 0
a range +57000 +57600 2205 1002 0
a range +57000 +57600 2206 1011 0
a range +57000 +57600 2207 1016 0
a range +57000 +57600 2208 1003 0
a range +57000 +57600 2209 1011 0
a range +57000 +57600 2210 1005 0
a range +57000 +57600 2212 1002 0
a range +57000 +57600 2213 1008 0
a range +57000 +57600 2214 1016 0
a range +57000 +57600 2215 1007 0
a range +57000 +57600 2219 1011 0
a range +57000 +57600 2220 1018 0
a range +57600 +58200 1006 9007 0
a range +57600 +58200 2004 1015 0
a range +57600 +58200 2008 1004 0
a range +57600 +58200 2009 1001 0
a range +57600 +58200 2016 1010 0
a range +57600 +58200 2017 1013 0
a range +57600 +58200 2023 1009 0
a range +57600 +58200 2024 1009 0
a range +57600 +58200 2030 1012 0
a range +57600 +58200 2059 1001 0
a range +57600 +58200 2102 1014 0
a range +57600 +58200 2103 1001 0
a range +57600 +58200 2148 1012 0
a range +57600 +58200 2158 1009 0
a range +57600 +58200 2162 1014 0
a range +57600 +58200 2172 1018 0
a range +57600 +58200 2174 1004 0
a range +57600 +58200 2175 1007 0
a range +57600 +58200 2177 1012 0
a range +57600 +58200 2178 1018 0
a range +57600 +58200 2179 1003 0
a range +57600 +58200 2180 1007 0
a range +57600 +58200 2181 1015 0
a range +57600 +58200 2182 1015 0
a range +57600 +58200 2183 1010 0
a range +57600 +58200 2188 1017 0
a range +57600 +58200 2189 1010 0
a range +57600 +58200 2190 1007 0
a range +57600 +58200 2193 1002 0
a range +57600 +58200 2194 1011 0
a range +57600 +58200 2195 1011 0
a range +57600 +58200 2196 1002 0
a range +57600 +58200 2197 1003 0
a range +57600 +58200 2198 1008 0
a range +57600 +58200 2199 1005 0
a range +57600 +58200 2200 1008 0
a range +57600 +58200 2201 1011 0
a range +57600 +58200 2202 1008 0
a range +57600 +58200 2203 1002 0
a range +57600 +58200 2204 1013 0
a range +57600 +58200 2205 1005 0
a range +57600 +58200 2206 1014 0
a range +57600 +58200 2208 1003 0
a range +57600 +58200 2209 1005 0
a range +57600 +58200 2210 1016 0
a range +57600 +58200 2211 1004 0
a range +57600 +58200 2213 1013 0
a range +57600 +58200 2214 1016 0
a range +57600 +58200 2216 1017 0
a range +57600 +58200 2218 1017 0
a range +57600 +58200 2219 1016 0
a range +57600 +58200 2220 1018 0
a range +58200 +58800 1001 9009 0
a range +58200 +58800 1001 9007 0
a range +58200 +58800 1006 9011 0
a range +57600 +58800 1006 9005 0
a range +57600 +58800 1006 9001 0
a range +58200 +58800 2008 1004 0
a range +58200 +58800 2009 1013 0
a range +58200 +58800 2011 1004 0
a range +58200 +58800 2016 1010 0
a range +58200 +58800 2102 1014 0
a range +58200 +58800 2162 1014 0
a range +58200 +58800 2171 1012 0
a range +58200 +58800 2172 1018 0
a range +58200 +58800 2173 1012 0
a range +58200 +58800 2174 1004 0
a range +58200 +58800 2175 1007 0
a range +58200 +58800 2176 1012 0
a range +58200 +58800 2178 1018 0
a range +58200 +58800 2180 1007 0
a range +58200 +58800 2184 1015 0
a range +58200 +58800 2185 1015 0
a range +58200 +58800 2186 1010 0
a range +58200 +58800 2187 1009 0
a range +58200 +58800 2188 1017 0
a range +58200 +58800 2189 1010 0
a range +58200 +58800 2190 1007 0
a range +58200 +58800 2191 1009 0
a range +58200 +58800 2192 1009 0
a range +58200 +58800 2193 1016 0
a range +58200 +58800 2194 1011 0
a range +58200 +58800 2195 1008 0
a range +58200 +58800 2196 1005 0
a range +58200 +58800 2197 1008 0
a range +58200 +58800 2198 1013 0
a range +58200 +58800 2199 1005 0
a range +58200 +58800 2200 1013 0
a range +58200 +58800 2201 1008 0
a range +58200 +58800 2202 1002 0
a range +58200 +58800 2203 1011 0
a range +58200 +58800 2204 1002 0
a range +58200 +58800 2205 1005 0
a range +58200 +58800 2206 1003 0
a range +58200 +58800 2207 1017 0
a range +58200 +58800 2208 1003 0
a range +58200 +58800 2209 1001 0
a range +58200 +58800 2210 1016 0
a range +58200 +58800 2211 1002 0
a range +58200 +58800 2212 1014 0
a range +58200 +58800 2213 1011 0
a range +58200 +58800 2214 1003 0
a range +58200 +58800 2215 1015 0
a range +58200 +58800 2218 1017 0
a range +58200 +58800 2219 1016 0
a range +58200 +58800 2220 1018 0
a range +58800 +59400 1006 9009 0
a range +58800 +59400 2003 1018 0
a range +58800 +59400 2010 1001 0
a range +58800 +59400 2011 1004 0
a range +58800 +59400 2013 1003 0
a range +58800 +59400 2033 1001 0
a range +58800 +59400 2055 1001 0
a range +58800 +59400 2102 1014 0
a range +58800 +59400 2162 1014 0
a range +58800 +59400 2169 1014 0
a range +58800 +59400 2170 1004 0
a range +58800 +59400 2171 1012 0
a range +58800 +59400 2173 1012 0
a range +58800 +59400 2176 1012 0
a range +58800 +59400 2177 1010 0
a range +58800 +59400 2178 1013 0
a range +58800 +59400 2179 1007 0
a range +58800 +59400 2180 1013 0
a range +58800 +59400 2181 1017 0
a range +58800 +59400 2182 1004 0
a range +58800 +59400 2183 1007 0
a range +58800 +59400 2184 1015 0
a range +58800 +59400 2185 1011 0
a range +58800 +59400 2186 1010 0
a range +58800 +59400 2187 1009 0
a range +58800 +59400 2188 1017 0
a range +58800 +59400 2189 1010 0
a range +58800 +59400 2190 1007 0
a range +58800 +59400 2191 1009 0
a range +58800 +59400 2192 1009 0
a range +58800 +59400 2193 1018 0
a range +58800 +59400 2194 1018 0
a range +58800 +59400 2195 1008 0
a range +58800 +59400 2196 1005 0
a range +58800 +59400 2197 1008 0
a range +58800 +59400 2198 1005 0
a range +58800 +59400 2199 1013 0
a range +58800 +59400 2200 1005 0
a range +58800 +59400 2201 1002 0
a range +58800 +59400 2202 1011 0
a range +58800 +59400 2203 1002 0
a range +58800 +59400 2204 1008 0
a range +58800 +59400 2205 1003 0
a range +58800 +59400 2206 1003 0
a range +58800 +59400 2207 1017 0
a range +58800 +59400 2209 1002 0
a range +58800 +59400 2213 1011 0
a range +58800 +59400 2214 1016 0
a range +58800 +59400 2215 1015 0
a range +58800 +59400 2216 1015 0
a range +58800 +59400 2218 1016 0
a range +58800 +59400 2219 1016 0
a range +58800 +60000 1006 9001 0
a range +58800 +60000 1006 9007 0
a range +59400 +60000 1006 9002 0
a range +59400 +60000 1011 9003 0
a range +59400 +60000 1011 9009 0
a range +59400 +60000 1011 9005 0
a range +59400 +60000 2004 1018 0
a range +59400 +60000 2005 1014 0
a range +59400 +60000 2010 1001 0
a range +59400 +60000 2014 1003 0
a range +59400 +60000 2033 1001 0
a range +59400 +60000 2055 1001 0
a range +59400 +60000 2169 1014 0
a range +59400 +60000 2174 1014 0
a range +59400 +60000 2175 1010 0
a range +59400 +60000 2177 1010 0
a range +59400 +60000 2181 1017 0
a range +59400 +60000 2182 1018 0
a range +59400 +60000 2183 1016 0
a range +59400 +60000 2184 1015 0
a range +59400 +60000 2185 1013 0
a range +59400 +60000 2187 1009 0
a range +59400 +60000 2188 1016 0
a range +59400 +60000 2189 1013 0
a range +59400 +60000 2190 1013 0
a range +59400 +60000 2191 1008 0
a range +59400 +60000 2192 1008 0
a range +59400 +60000 2193 1018 0
a range +59400 +60000 2194 1016 0
a range +59400 +60000 2195 1008 0
a range +59400 +60000 2196 1007 0
a range +59400 +60000 2197 1005 0
a range +59400 +60000 2198 1005 0
a range +59400 +60000 2199 1007 0
a range +59400 +60000 2200 1002 0
a range +59400 +60000 2201 1005 0
a range +59400 +60000 2202 1002 0
a range +59400 +60000 2203 1004 0
a range +59400 +60000 2204 1003 0
a range +59400 +60000 2205 1007 0
a range +59400 +60000 2206 1004 0
a range +59400 +60000 2207 1003 0
a range +59400 +60000 2208 1017 0
a range +59400 +60000 2209 1009 0
a range +59400 +60000 2210 1017 0
a range +59400 +60000 2212 1015 0
a range +59400 +60000 2213 1009 0
a range +59400 +60000 2214 1002 0
a range +59400 +60000 2215 1004 0
a range +59400 +60000 2216 1015 0
a range +60000 +60600 1009 9006 0
a range +60000 +60600 1009 9004 0
a range +60000 +60600 1009 9002 0
a range +60000 +60600 2005 1014 0
a range +60000 +60600 2008 1006 0
a range +60000 +60600 2010 1001 0
a range +60000 +60600 2015 1003 0
a range +60000 +60600 2033 1001 0
a range +60000 +60600 2052 1011 0
a range +60000 +60600 2055 1001 0
a range +60000 +60600 2077 1006 0
a range +60000 +60600 2098 1006 0
a range +60000 +60600 2119 1011 0
a range +60000 +60600 2169 1014 0
a range +59400 +60600 2171 1012 0
a range +59400 +60600 2173 1012 0
a range +60000 +60600 2174 1014 0
a range +60000 +60600 2175 1010 0
a range +59400 +60600 2176 1012 0
a range +60000 +60600 2177 1010 0
a range +60000 +60600 2181 1017 0
a range +60000 +60600 2184 1015 0
a range +60000 +60600 2185 1013 0
a range +59400 +60600 2186 1010 0
a range +60000 +60600 2187 1016 0
a range +60000 +60600 2188 1016 0
a range +60000 +60600 2189 1013 0
a range +60000 +60600 2190 1018 0
a range +60000 +60600 2191 1008 0
a range +60000 +60600 2192 1008 0
a range +60000 +60600 2193 1018 0
a range +60000 +60600 2194 1005 0
a range +60000 +60600 2195 1005 0
a range +60000 +60600 2196 1013 0
a range +60000 +60600 2197 1002 0
a range +60000 +60600 2198 1008 0
a range +60000 +60600 2199 1018 0
a range +60000 +60600 2200 1002 0
a range +60000 +60600 2201 1011 0
a range +60000 +60600 2202 1007 0
a range +60000 +60600 2203 1007 0
a range +60000 +60600 2204 1016 0
a range +60000 +60600 2205 1007 0
a range +60000 +60600 2206 1005 0
a range +60000 +60600 2207 1004 0
a range +60000 +60600 2208 1017 0
a range +60000 +60600 2209 1004 0
a range +60000 +60600 2210 1017 0
a range +60000 +60600 2211 1003 0
a range +60000 +60600 2212 1015 0
a range +60000 +60600 2213 1002 0
a range +60000 +60600 2214 1003 0
a range +60000 +60600 2215 1004 0
a range +60000 +60600 2216 1015 0
a range +60600 +61200 1003 9009 0
a range +60600 +61200 1003 9005 0
a range +60600 +61200 1003 9001 0
a range +60600 +61200 1017 9004 0
a range +60600 +61200 1017 9002 0
a range +60600 +61200 1017 9007 0
a range +60600 +61200 2003 1010 0
a range +60600 +61200 2005 1014 0
a range +60600 +61200 2006 1006 0
a range +60600 +61200 2007 1009 0
a range +60600 +61200 2009 1004 0
a range +60600 +61200 2051 1009 0
a range +60600 +61200 2052 1011 0
a range +60600 +61200 2077 1006 0
a range +60600 +61200 2098 1006 0
a range +60600 +61200 2119 1011 0
a range +60600 +61200 2156 1009 0
a range +60600 +61200 2170 1014 0
a range +60600 +61200 2172 1012 0
a range +60600 +61200 2174 1014 0
a range +60600 +61200 2178 1012 0
a range +60600 +61200 2179 1012 0
a range +60600 +61200 2180 1001 0
a range +60600 +61200 2182 1001 0
a range +60600 +61200 2183 1001 0
a range +60600 +61200 2186 1008 0
a range +60600 +61200 2187 1008 0
a range +60600 +61200 2188 1010 0
a range +60600 +61200 2189 1013 0
a range +60600 +61200 2190 1013 0
a range +60600 +61200 2191 1016 0
a range +60600 +61200 2192 1016 0
a range +60600 +61200 2193 1005 0
a range +60600 +61200 2194 1005 0
a range +60600 +61200 2195 1013 0
a range +60600 +61200 2196 1002 0
a range +60600 +61200 2197 1018 0
a range +60600 +61200 2198 1002 0
a range +60600 +61200 2199 1015 0
a range +60600 +61200 2200 1008 0
a range +60600 +61200 2201 1011 0
a range +60600 +61200 2202 1007 0
a range +60600 +61200 2203 1005 0
a range +60600 +61200 2204 1015 0
a range +60600 +61200 2205 1002 0
a range +60600 +61200 2206 1007 0
a range +60600 +61200 2207 1010 0
a range +60600 +61200 2208 1007 0
a range +60600 +61200 2209 1004 0
a range +60600 +61200 2210 1016 0
a range +60600 +61200 2212 1004 0
a range +60600 +61200 2213 1018 0
a range +60600 +61200 2214 1018 0
a range +60600 +61200 2218 1015 0
a range +61200 +61800 1011 9008 0
a range +61200 +61800 1011 9010 0
a range +61200 +61800 1011 9011 0
a range +61200 +61800 1014 9004 0
a range +61200 +61800 1014 9002 0
a range +61200 +61800 1014 9006 0
a range +61200 +61800 2006 1006 0
a range +61200 +61800 2007 1009 0
a range +61200 +61800 2012 1004 0
a range +61200 +61800 2050 1003 0
a range +61200 +61800 2051 1009 0
a range +61200 +61800 2069 1017 0
a range +61200 +61800 2077 1006 0
a range +61200 +61800 2094 1017 0
a range +61200 +61800 2098 1006 0
a range +61200 +61800 2138 1003 0
a range +61200 +61800 2139 1017 0
a range +61200 +61800 2156 1009 0
a range +61200 +61800 2172 1012 0
a range +61200 +61800 2176 1003 0
a range +61200 +61800 2178 1012 0
a range +61200 +61800 2179 1012 0
a range +61200 +61800 2180 1001 0
a range +61200 +61800 2182 1001 0
a range +61200 +61800 2183 1001 0
a range +61200 +61800 2186 1008 0
a range +61200 +61800 2187 1016 0
a range +61200 +61800 2188 1016 0
a range +61200 +61800 2189 1016 0
a range +61200 +61800 2190 1013 0
a range +61200 +61800 2191 1005 0
a range +61200 +61800 2192 1008 0
a range +61200 +61800 2193 1005 0
a range +61200 +61800 2194 1015 0
a range +61200 +61800 2195 1002 0
a range +61200 +61800 2196 1018 0
a range +61200 +61800 2197 1013 0
a range +61200 +61800 2198 1010 0
a range +61200 +61800 2199 1005 0
a range +61200 +61800 2200 1008 0
a range +61200 +61800 2201 1002 0
a range +61200 +61800 2202 1010 0
a range +61200 +61800 2203 1010 0
a range +61200 +61800 2204 1002 0
a range +61200 +61800 2205 1015 0
a range +61200 +61800 2206 1007 0
a range +61200 +61800 2207 1007 0
a range +61200 +61800 2208 1007 0
a range +61200 +61800 2210 1004 0
a range +61200 +61800 2211 1018 0
a range +61200 +61800 2212 1018 0
a range +61200 +61800 2213 1004 0
a range +61200 +61800 2216 1013 0
a range +61200 +61800 2218 1015 0
a range +61800 +62400 2005 1011 0
a range +61800 +62400 2006 1006 0
a range +61800 +62400 2007 1009 0
a range +61800 +62400 2013 1002 0
a range +61800 +62400 2014 1006 0
a range +61800 +62400 2036 1011 0
a range +61800 +62400 2049 1011 0
a range +61800 +62400 2050 1003 0
a range +61800 +62400 2051 1009 0
a range +61800 +62400 2069 1017 0
a range +61800 +62400 2093 1014 0
a range +61800 +62400 2094 1017 0
a range +61800 +62400 2137 1014 0
a range +61800 +62400 2138 1003 0
a range +61800 +62400 2139 1017 0
a range +61800 +62400 2156 1009 0
a range +61800 +62400 2172 1012 0
a range +61800 +62400 2176 1003 0
a range +61800 +62400 2177 1013 0
a range +61800 +62400 2178 1012 0
a range +61800 +62400 2179 1012 0
a range +61800 +62400 2180 1001 0
a range +61800 +62400 2181 1014 0
a range +61800 +62400 2182 1001 0
a range +61800 +62400 2183 1001 0
a range +61800 +62400 2184 1008 0
a range +61800 +62400 2185 1006 0
a range +61800 +62400 2186 1016 0
a range +61800 +62400 2187 1008 0
a range +61800 +62400 2188 1018 0
a range +61800 +62400 2189 1018 0
a range +61800 +62400 2190 1016 0
a range +61800 +62400 2191 1008 0
a range +61800 +62400 2192 1005 0
a range +61800 +62400 2193 1015 0
a range +61800 +62400 2194 1013 0
a range +61800 +62400 2195 1005 0
a range +61800 +62400 2196 1018 0
a range +61800 +62400 2197 1002 0
a range +61800 +62400 2198 1005 0
a range +61800 +62400 2199 1015 0
a range +61800 +62400 2200 1010 0
a range +61800 +62400 2201 1010 0
a range +61800 +62400 2202 1015 0
a range +61800 +62400 2203 1002 0
a range +61800 +62400 2204 1010 0
a range +61800 +62400 2205 1016 0
a range +61800 +62400 2206 1007 0
a range +61800 +62400 2207 1007 0
a range +61800 +62400 2208 1007 0
a range +61800 +62400 2210 1004 0
a range +61800 +62400 2212 1004 0
a range +61800 +62400 2213 1004 0
a range +61800 +62400 2216 1013 0
a range +62400 +63000 1006 9012 0
a range +62400 +63000 1006 9001 0
a range +62400 +63000 1006 9004 0
a range +62400 +63000 1008 9009 0
a range +62400 +63000 1008 9007 0
a range +62400 +63000 1008 9005 0
a range +62400 +63000 1012 9010 0
a range +62400 +63000 1012 9002 0
a range +62400 +63000 1012 9006 0
a range +62400 +63000 2004 1009 0
a range +62400 +63000 2005 1011 0
a range +62400 +63000 2013 1004 0
a range +62400 +63000 2036 1011 0
a range +62400 +63000 2049 1011 0
a range +62400 +63000 2050 1003 0
a range +62400 +63000 2069 1017 0
a range +62400 +63000 2093 1014 0
a range +62400 +63000 2094 1017 0
a range +62400 +63000 2137 1014 0
a range +62400 +63000 2138 1003 0
a range +62400 +63000 2171 1009 0
a range +62400 +63000 2173 1001 0
a range +62400 +63000 2174 1001 0
a range +62400 +63000 2175 1001 0
a range +62400 +63000 2176 1003 0
a range +62400 +63000 2181 1014 0
a range +62400 +63000 2184 1013 0
a range +62400 +63000 2185 1013 0
a range +62400 +63000 2186 1016 0
a range +62400 +63000 2187 1018 0
a range +62400 +63000 2188 1015 0
a range +62400 +63000 2189 1015 0
a range +62400 +63000 2190 1016 0
a range +62400 +63000 2191 1005 0
a range +62400 +63000 2192 1005 0
a range +62400 +63000 2193 1002 0
a range +62400 +63000 2194 1002 0
a range +62400 +63000 2195 1010 0
a range +62400 +63000 2196 1007 0
a range +62400 +63000 2197 1005 0
a range +62400 +63000 2198 1013 0
a range +62400 +63000 2199 1018 0
a range +62400 +63000 2200 1004 0
a range +62400 +63000 2201 1007 0
a range +62400 +63000 2202 1002 0
a range +62400 +63000 2203 1015 0
a range +62400 +63000 2204 1010 0
a range +62400 +63000 2205 1007 0
a range +62400 +63000 2206 1016 0
a range +62400 +63000 2207 1010 0
a range +62400 +63000 2208 1004 0
a range +62400 +63000 2209 1009 0
a range +62400 +63000 2213 1018 0
a range +62400 +63000 2215 1017 0
a range +63000 +63600 1008 9011 0
a range +63000 +63600 1008 9009 0
a range +63000 +63600 1008 9007 0
a range +63000 +63600 2004 1009 0
a range +63000 +63600 2005 1011 0
a range +63000 +63600 2009 1001 0
a range +63000 +63600 2016 1003 0
a range +63000 +63600 2036 1011 0
a range +63000 +63600 2062 1012 0
a range +63000 +63600 2100 1012 0
a range +63000 +63600 2134 1006 0
a range +63000 +63600 2135 1006 0
a range +63000 +63600 2136 1012 0
a range +63000 +63600 2157 1006 0
a range +63000 +63600 2171 1009 0
a range +63000 +63600 2176 1018 0
a range +63000 +63600 2177 1016 0
a range +63000 +63600 2178 1013 0
a range +63000 +63600 2179 1017 0
a range +63000 +63600 2180 1017 0
a range +63000 +63600 2181 1014 0
a range +63000 +63600 2182 1014 0
a range +63000 +63600 2183 1009 0
a range +63000 +63600 2184 1013 0
a range +63000 +63600 2185 1010 0
a range +63000 +63600 2186 1016 0
a range +63000 +63600 2187 1018 0
a range +63000 +63600 2188 1018 0
a range +63000 +63600 2189 1015 0
a range +63000 +63600 2190 1005 0
a range +63000 +63600 2191 1015 0
a range +63000 +63600 2192 1015 0
a range +63000 +63600 2193 1002 0
a range +63000 +63600 2194 1002 0
a range +63000 +63600 2195 1010 0
a range +63000 +63600 2196 1005 0
a range +63000 +63600 2197 1005 0
a range +63000 +63600 2198 1007 0
a range +63000 +63600 2199 1007 0
a range +63000 +63600 2200 1007 0
a range +63000 +63600 2201 1002 0
a range +63000 +63600 2202 1004 0
a range +63000 +63600 2203 1004 0
a range +63000 +63600 2204 1010 0
a range +63000 +63600 2205 1016 0
a range +63000 +63600 2206 1001 0
a range +63000 +63600 2207 1001 0
a range +63000 +63600 2208 1004 0
a range +63000 +63600 2210 1003 0
a range +63000 +63600 2211 1003 0
a range +63000 +63600 2212 1017 0
a range +63000 +63600 2215 1013 0
a range +63600 +64200 2010 1011 0
a range +63600 +64200 2012 1001 0
a range +63600 +64200 2016 1003 0
a range +63600 +64200 2036 1011 0
a range +63600 +64200 2062 1012 0
a range +63600 +64200 2082 1008 0
a range +63600 +64200 2098 1008 0
a range +63600 +64200 2100 1012 0
a range +63600 +64200 2126 1008 0
a range +63600 +64200 2134 1006 0
a range +63600 +64200 2135 1006 0
a range +63600 +64200 2136 1012 0
a range +63000 +64200 2137 1014 0
a range +63600 +64200 2157 1006 0
a range +63600 +64200 2171 1009 0
a range +63600 +64200 2177 1007 0
a range +63600 +64200 2178 1013 0
a range +63600 +64200 2179 1017 0
a range +63600 +64200 2180 1017 0
a range +63600 +64200 2181 1014 0
a range +63600 +64200 2182 1014 0
a range +63600 +64200 2183 1009 0
a range +63600 +64200 2184 1016 0
a range +63600 +64200 2185 1010 0
a range +63600 +64200 2186 1005 0
a range +63600 +64200 2187 1018 0
a range +63600 +64200 2188 1015 0
a range +63600 +64200 2189 1005 0
a range +63600 +64200 2190 1015 0
a range +63600 +64200 2191 1002 0
a range +63600 +64200 2192 1002 0
a range +63600 +64200 2193 1007 0
a range +63600 +64200 2194 1013 0
a range +63600 +64200 2195 1005 0
a range +63600 +64200 2196 1015 0
a range +63600 +64200 2197 1010 0
a range +63600 +64200 2198 1018 0
a range +63600 +64200 2199 1007 0
a range +63600 +64200 2200 1002 0
a range +63600 +64200 2201 1013 0
a range +63600 +64200 2202 1004 0
a range +63600 +64200 2203 1010 0
a range +63600 +64200 2204 1016 0
a range +63600 +64200 2205 1001 0
a range +63600 +64200 2206 1001 0
a range +63600 +64200 2207 1004 0
a range +63600 +64200 2208 1004 0
a range +63600 +64200 2209 1018 0
a range +63600 +64200 2210 1003 0
a range +63600 +64200 2211 1003 0
a range +63600 +64200 2212 1017 0
a range +63000 +64200 2214 1011 0
a range +63600 +64200 2217 1016 0
a range +63600 +64800 2004 1009 0
a range +64200 +64800 2010 1011 0
a range +64200 +64800 2016 1003 0
a range +64200 +64800 2019 1013 0
a range +64200 +64800 2036 1011 0
a range +64200 +64800 2062 1012 0
a range +64200 +64800 2082 1008 0
a range +64200 +64800 2098 1008 0
a range +64200 +64800 2100 1012 0
a range +64200 +64800 2126 1008 0
a range +64200 +64800 2134 1006 0
a range +64200 +64800 2135 1006 0
a range +64200 +64800 2136 1012 0
a range +64200 +64800 2137 1014 0
a range +64200 +64800 2157 1006 0
a range +64200 +64800 2171 1009 0
a range +64200 +64800 2177 1013 0
a range +64200 +64800 2178 1001 0
a range +64200 +64800 2179 1017 0
a range +64200 +64800 2180 1017 0
a range +64200 +64800 2181 1014 0
a range +64200 +64800 2182 1014 0
a range +64200 +64800 2183 1009 0
a range +64200 +64800 2184 1016 0
a range +64200 +64800 2185 1010 0
a range +64200 +64800 2186 1005 0
a range +64200 +64800 2187 1016 0
a range +64200 +64800 2188 1018 0
a range +64200 +64800 2189 1016 0
a range +64200 +64800 2190 1005 0
a range +64200 +64800 2191 1002 0
a range +64200 +64800 2192 1002 0
a range +64200 +64800 2193 1010 0
a range +64200 +64800 2194 1005 0
a range +64200 +64800 2195 1007 0
a range +64200 +64800 2196 1015 0
a range +64200 +64800 2197 1007 0
a range +64200 +64800 2198 1002 0
a range +64200 +64800 2199 1004 0
a range +64200 +64800 2200 1010 0
a range +64200 +64800 2201 1007 0
a range +64200 +64800 2202 1015 0
a range +64200 +64800 2203 1015 0
a range +64200 +64800 2204 1001 0
a range +64200 +64800 2205 1001 0
a range +64200 +64800 2206 1004 0
a range +64200 +64800 2207 1004 0
a range +64200 +64800 2208 1018 0
a range +64200 +64800 2209 1018 0
a range +64200 +64800 2210 1003 0
a range +64200 +64800 2211 1003 0
a range +64200 +64800 2212 1017 0
a range +64200 +64800 2213 1013 0
a range +64200 +64800 2214 1011 0
a range +64800 +65400 1013 9001 0
a range +64800 +65400 1013 9011 0
a range +64800 +65400 2010 1011 0
a range +64800 +65400 2017 1001 0
a range +64800 +65400 2082 1008 0
a range +64800 +65400 2098 1008 0
a range +64800 +65400 2126 1008 0
a range +64800 +65400 2156 1003 0
a range +64800 +65400 2158 1014 0
a range +64800 +65400 2159 1014 0
a range +64800 +65400 2160 1009 0
a range +64800 +65400 2161 1009 0
a range +64800 +65400 2162 1011 0
a range +64800 +65400 2163 1014 0
a range +64800 +65400 2164 1017 0
a range +64800 +65400 2165 1012 0
a range +64800 +65400 2166 1012 0
a range +64800 +65400 2167 1012 0
a range +64800 +65400 2168 1011 0
a range +64800 +65400 2169 1006 0
a range +64800 +65400 2170 1006 0
a range +64800 +65400 2172 1017 0
a range +64800 +65400 2173 1017 0
a range +64800 +65400 2174 1009 0
a range +64800 +65400 2175 1003 0
a range +64800 +65400 2176 1006 0
a range +64800 +65400 2185 1005 0
a range +64800 +65400 2186 1015 0
a range +64800 +65400 2187 1015 0
a range +64800 +65400 2188 1005 0
a range +64800 +65400 2189 1002 0
a range +64800 +65400 2190 1002 0
a range +64800 +65400 2191 1018 0
a range +64800 +65400 2192 1007 0
a range +64800 +65400 2193 1005 0
a range +64800 +65400 2194 1007 0
a range +64800 +65400 2195 1007 0
a range +64800 +65400 2196 1016 0
a range +64800 +65400 2197 1002 0
a range +64800 +65400 2198 1004 0
a range +64800 +65400 2199 1010 0
a range +64800 +65400 2200 1010 0
a range +64800 +65400 2201 1004 0
a range +64800 +65400 2202 1004 0
a range +64800 +65400 2203 1010 0
a range +64800 +65400 2204 1001 0
a range +64800 +65400 2205 1016 0
a range +64800 +65400 2206 1016 0
a range +64800 +65400 2207 1015 0
a range +64800 +65400 2208 1018 0
a range +64800 +65400 2209 1018 0
a range +64800 +65400 2210 1001 0
a range +64800 +65400 2215 1003 0
a range +65400 +66000 1005 9001 0
a range +65400 +66000 1005 9007 0
a range +65400 +66000 1005 9005 0
a range +65400 +66000 1013 9011 0
a range +64800 +66000 1013 9009 0
a range +65400 +66000 1013 9003 0
a range +65400 +66000 2017 1001 0
a range +65400 +66000 2018 1003 0
a range +65400 +66000 2156 1003 0
a range +65400 +66000 2158 1014 0
a range +65400 +66000 2159 1014 0
a range +65400 +66000 2160 1009 0
a range +65400 +66000 2161 1009 0
a range +65400 +66000 2162 1011 0
a range +65400 +66000 2163 1014 0
a range +65400 +66000 2164 1017 0
a range +65400 +66000 2165 1012 0
a range +65400 +66000 2166 1012 0
a range +65400 +66000 2167 1012 0
a range +65400 +66000 2168 1011 0
a range +65400 +66000 2169 1006 0
a range +65400 +66000 2172 1017 0
a range +65400 +66000 2173 1017 0
a range +65400 +66000 2174 1009 0
a range +65400 +66000 2175 1003 0
a range +65400 +66000 2176 1006 0
a range +65400 +66000 2178 1016 0
a range +65400 +66000 2179 1016 0
a range +65400 +66000 2180 1011 0
a range +65400 +66000 2181 1008 0
a range +65400 +66000 2182 1008 0
a range +65400 +66000 2183 1008 0
a range +65400 +66000 2184 1006 0
a range +65400 +66000 2185 1002 0
a range +65400 +66000 2186 1015 0
a range +65400 +66000 2187 1004 0
a range +65400 +66000 2188 1010 0
a range +65400 +66000 2189 1002 0
a range +65400 +66000 2190 1015 0
a range +65400 +66000 2191 1018 0
a range +65400 +66000 2192 1018 0
a range +65400 +66000 2193 1007 0
a range +65400 +66000 2194 1016 0
a range +65400 +66000 2195 1018 0
a range +65400 +66000 2196 1002 0
a range +65400 +66000 2197 1007 0
a range +65400 +66000 2198 1007 0
a range +65400 +66000 2199 1010 0
a range +65400 +66000 2200 1004 0
a range +65400 +66000 2201 1004 0
a range +65400 +66000 2202 1010 0
a range +65400 +66000 2203 1001 0
a range +65400 +66000 2206 1001 0
a range +65400 +66000 2207 1015 0
a range +66000 +66600 1003 9006 0
a range +66000 +66600 1003 9007 0
a range +66000 +66600 1003 9002 0
a range +66000 +66600 1005 9011 0
a range +66000 +66600 1005 9001 0
a range +66000 +66600 1005 9003 0
a range +66000 +66600 1016 9004 0
a range +66000 +66600 1016 9008 0
a range +66000 +66600 1016 9012 0
a range +66000 +66600 2007 1006 0
a range +66000 +66600 2017 1002 0
a range +66000 +66600 2041 1013 0
a range +66000 +66600 2085 1013 0
a range +66000 +66600 2129 1013 0
a range +66000 +66600 2158 1014 0
a range +66000 +66600 2159 1014 0
a range +66000 +66600 2160 1009 0
a range +66000 +66600 2161 1009 0
a range +66000 +66600 2163 1014 0
a range +66000 +66600 2164 1017 0
a range +66000 +66600 2165 1012 0
a range +66000 +66600 2166 1012 0
a range +66000 +66600 2167 1012 0
a range +66000 +66600 2168 1011 0
a range +66000 +66600 2172 1017 0
a range +66000 +66600 2173 1017 0
a range +66000 +66600 2174 1009 0
a range +66000 +66600 2177 1006 0
a range +66000 +66600 2180 1011 0
a range +66000 +66600 2181 1008 0
a range +66000 +66600 2182 1008 0
a range +66000 +66600 2183 1008 0
a range +66000 +66600 2184 1006 0
a range +66000 +66600 2186 1004 0
a range +66000 +66600 2187 1015 0
a range +66000 +66600 2188 1002 0
a range +66000 +66600 2189 1015 0
a range +66000 +66600 2190 1002 0
a range +66000 +66600 2191 1018 0
a range +66000 +66600 2192 1018 0
a range +66000 +66600 2193 1007 0
a range +66000 +66600 2194 1007 0
a range +66000 +66600 2195 1010 0
a range +66000 +66600 2196 1010 0
a range +66000 +66600 2197 1018 0
a range +66000 +66600 2198 1010 0
a range +66000 +66600 2199 1004 0
a range +66000 +66600 2200 1004 0
a range +66000 +66600 2201 1007 0
a range +66000 +66600 2202 1001 0
a range +66000 +66600 2203 1001 0
a range +66000 +66600 2205 1001 0
a range +66000 +66600 2207 1015 0
a range +66000 +66600 2209 1011 0
a range +66600 +67200 1016 9008 0
a range +66600 +67200 1016 9010 0
a range +66600 +67200 1016 9006 0
a range +66600 +67200 2004 1011 0
a range +66600 +67200 2007 1006 0
a range +66600 +67200 2017 1002 0
a range +66600 +67200 2034 1003 0
a range +66600 +67200 2035 1003 0
a range +66600 +67200 2038 1005 0
a range +66600 +67200 2041 1013 0
a range +66600 +67200 2070 1005 0
a range +66600 +67200 2085 1013 0
a range +66600 +67200 2129 1013 0
a range +66600 +67200 2134 1005 0
a range +66600 +67200 2150 1003 0
a range +66600 +67200 2156 1012 0
a range +66600 +67200 2169 1017 0
a range +66600 +67200 2170 1012 0
a range +66600 +67200 2171 1017 0
a range +66600 +67200 2174 1018 0
a range +66600 +67200 2175 1018 0
a range +66600 +67200 2176 1018 0
a range +66600 +67200 2177 1006 0
a range +66600 +67200 2178 1014 0
a range +66600 +67200 2179 1014 0
a range +66600 +67200 2180 1011 0
a range +66600 +67200 2181 1008 0
a range +66600 +67200 2182 1008 0
a range +66600 +67200 2183 1008 0
a range +66600 +67200 2184 1006 0
a range +66600 +67200 2185 1012 0
a range +66600 +67200 2186 1015 0
a range +66600 +67200 2187 1010 0
a range +66600 +67200 2188 1002 0
a range +66600 +67200 2189 1004 0
a range +66600 +67200 2190 1015 0
a range +66600 +67200 2191 1010 0
a range +66600 +67200 2192 1007 0
a range +66600 +67200 2193 1004 0
a range +66600 +67200 2194 1007 0
a range +66600 +67200 2195 1002 0
a range +66600 +67200 2196 1007 0
a range +66600 +67200 2197 1015 0
a range +66600 +67200 2198 1004 0
a range +66600 +67200 2199 1001 0
a range +66600 +67200 2200 1009 0
a range +66600 +67200 2201 1001 0
a range +66600 +67200 2202 1010 0
a range +66600 +67200 2203 1009 0
a range +66600 +67200 2204 1014 0
a range +66600 +67200 2205 1009 0
a range +66600 +67200 2206 1011 0
a range +66600 +67200 2207 1001 0
a range +66600 +67200 2208 1017 0
a range +67200 +67800 1010 9011 0
a range +67200 +67800 1010 9005 0
a range +67200 +67800 1010 9009 0
a range +67200 +67800 2002 1002 0
a range +67200 +67800 2004 1011 0
a range +67200 +67800 2005 1008 0
a range +67200 +67800 2007 1006 0
a range +67200 +67800 2016 1001 0
a range +67200 +67800 2034 1003 0
a range +67200 +67800 2035 1003 0
a range +67200 +67800 2038 1005 0
a range +67200 +67800 2041 1013 0
a range +67200 +67800 2066 1016 0
a range +67200 +67800 2070 1005 0
a range +67200 +67800 2085 1013 0
a range +67200 +67800 2110 1016 0
a range +67200 +67800 2129 1013 0
a range +67200 +67800 2134 1005 0
a range +67200 +67800 2150 1003 0
a range +67200 +67800 2154 1016 0
a range +67200 +67800 2156 1012 0
a range +67200 +67800 2165 1011 0
a range +67200 +67800 2166 1011 0
a range +67200 +67800 2167 1008 0
a range +67200 +67800 2168 1008 0
a range +67200 +67800 2170 1012 0
a range +67200 +67800 2172 1006 0
a range +67200 +67800 2173 1014 0
a range +67200 +67800 2177 1006 0
a range +67200 +67800 2178 1014 0
a range +67200 +67800 2179 1014 0
a range +67200 +67800 2185 1012 0
a range +67200 +67800 2187 1002 0
a range +67200 +67800 2188 1015 0
a range +67200 +67800 2189 1004 0
a range +67200 +67800 2190 1009 0
a range +67200 +67800 2191 1002 0
a range +67200 +67800 2192 1007 0
a range +67200 +67800 2193 1004 0
a range +67200 +67800 2194 1015 0
a range +67200 +67800 2195 1018 0
a range +67200 +67800 2196 1018 0
a range +67200 +67800 2197 1007 0
a range +67200 +67800 2198 1018 0
a range +67200 +67800 2199 1004 0
a range +67200 +67800 2201 1001 0
a range +67200 +67800 2202 1017 0
a range +67200 +67800 2203 1017 0
a range +67200 +67800 2204 1001 0
a range +67200 +67800 2205 1009 0
a range +67200 +67800 2206 1015 0
a range +67200 +67800 2207 1007 0
a range +67200 +67800 2209 1017 0
a range +67200 +67800 2213 1009 0
a range +67800 +68400 2004 1011 0
a range +67800 +68400 2005 1008 0
a range +67800 +68400 2006 1007 0
a range +67800 +68400 2007 1006 0
a range +67800 +68400 2016 1001 0
a range +67800 +68400 2034 1003 0
a range +67800 +68400 2035 1003 0
a range +67800 +68400 2038 1005 0
a range +67800 +68400 2041 1013 0
a range +67800 +68400 2044 1010 0
a range +67800 +68400 2066 1016 0
a range +67800 +68400 2070 1005 0
a range +67800 +68400 2073 1010 0
a range +67800 +68400 2085 1013 0
a range +67800 +68400 2088 1010 0
a range +67800 +68400 2110 1016 0
a range +67800 +68400 2129 1013 0
a range +67800 +68400 2134 1005 0
a range +67800 +68400 2150 1003 0
a range +67800 +68400 2154 1016 0
a range +67800 +68400 2165 1011 0
a range +67800 +68400 2166 1011 0
a range +67800 +68400 2167 1008 0
a range +67800 +68400 2168 1008 0
a range +67800 +68400 2170 1012 0
a range +67800 +68400 2172 1006 0
a range +67800 +68400 2177 1006 0
a range +67800 +68400 2181 1018 0
a range +67800 +68400 2182 1018 0
a range +67800 +68400 2183 1014 0
a range +67800 +68400 2184 1002 0
a range +67800 +68400 2185 1012 0
a range +67800 +68400 2186 1012 0
a range +67800 +68400 2187 1002 0
a range +67800 +68400 2188 1007 0
a range +67800 +68400 2189 1014 0
a range +67800 +68400 2190 1002 0
a range +67800 +68400 2191 1017 0
a range +67800 +68400 2192 1009 0
a range +67800 +68400 2193 1004 0
a range +67800 +68400 2194 1015 0
a range +67800 +68400 2195 1007 0
a range +67800 +68400 2196 1004 0
a range +67800 +68400 2197 1015 0
a range +67800 +68400 2198 1004 0
a range +67800 +68400 2199 1001 0
a range +67800 +68400 2201 1001 0
a range +67800 +68400 2202 1014 0
a range +67800 +68400 2203 1017 0
a range +67800 +68400 2205 1018 0
a range +67800 +68400 2206 1015 0
a range +67800 +68400 2207 1009 0
a range +67800 +68400 2208 1009 0
a range +67800 +68400 2209 1017 0
a range +68400 +69000 1002 9007 0
a range +68400 +69000 1005 9003 0
a range +68400 +69000 1005 9008 0
a range +68400 +69000 1005 9006 0
a range +68400 +69000 1008 9011 0
a range +68400 +69000 1008 9009 0
a range +68400 +69000 1011 9004 0
a range +68400 +69000 1011 9012 0
a range +68400 +69000 1011 9002 0
a range +68400 +69000 1016 9010 0
a range +68400 +69000 2003 1008 0
a range +68400 +69000 2017 1012 0
a range +68400 +69000 2044 1010 0
a range +68400 +69000 2073 1010 0
a range +68400 +69000 2088 1010 0
a range +68400 +69000 2170 1018 0
a range +68400 +69000 2171 1017 0
a range +68400 +69000 2172 1006 0
a range +68400 +69000 2173 1015 0
a range +68400 +69000 2174 1012 0
a range +68400 +69000 2175 1018 0
a range +68400 +69000 2176 1015 0
a range +68400 +69000 2177 1016 0
a range +68400 +69000 2178 1003 0
a range +68400 +69000 2179 1006 0
a range +68400 +69000 2180 1006 0
a range +68400 +69000 2181 1018 0
a range +68400 +69000 2182 1017 0
a range +68400 +69000 2183 1007 0
a range +68400 +69000 2184 1016 0
a range +68400 +69000 2185 1007 0
a range +68400 +69000 2186 1012 0
a range +68400 +69000 2187 1014 0
a range +68400 +69000 2188 1004 0
a range +68400 +69000 2189 1009 0
a range +68400 +69000 2190 1017 0
a range +68400 +69000 2191 1009 0
a range +68400 +69000 2192 1013 0
a range +68400 +69000 2193 1013 0
a range +68400 +69000 2194 1001 0
a range +68400 +69000 2195 1004 0
a range +68400 +69000 2196 1001 0
a range +68400 +69000 2197 1004 0
a range +68400 +69000 2198 1007 0
a range +68400 +69000 2199 1014 0
a range +68400 +69000 2200 1003 0
a range +68400 +69000 2202 1014 0
a range +68400 +69000 2203 1001 0
a range +68400 +69000 2204 1003 0
a range +68400 +69000 2205 1009 0
a range +68400 +69000 2206 1015 0
a range +68400 +69000 2214 1013 0
a range +68400 +69600 1002 9005 0
a range +68400 +69600 1002 9001 0
a range +69000 +69600 1002 9009 0
a range +69000 +69600 1010 9010 0
a range +69000 +69600 1010 9008 0
a range +69000 +69600 1010 9006 0
a range +69000 +69600 1013 9004 0
a range +69000 +69600 1013 9002 0
a range +69000 +69600 1013 9012 0
a range +69000 +69600 1018 9003 0
a range +69000 +69600 1018 9011 0
a range +69000 +69600 2003 1008 0
a range +69000 +69600 2006 1008 0
a range +69000 +69600 2008 1006 0
a range +69000 +69600 2012 1011 0
a range +69000 +69600 2015 1001 0
a range +69000 +69600 2017 1012 0
a range +69000 +69600 2026 1005 0
a range +69000 +69600 2034 1011 0
a range +69000 +69600 2062 1011 0
a range +69000 +69600 2102 1005 0
a range +69000 +69600 2105 1008 0
a range +69000 +69600 2106 1016 0
a range +69000 +69600 2168 1016 0
a range +69000 +69600 2174 1012 0
a range +69000 +69600 2177 1016 0
a range +69000 +69600 2178 1003 0
a range +69000 +69600 2179 1009 0
a range +69000 +69600 2180 1014 0
a range +69000 +69600 2181 1007 0
a range +69000 +69600 2182 1007 0
a range +69000 +69600 2183 1005 0
a range +69000 +69600 2184 1001 0
a range +69000 +69600 2185 1004 0
a range +69000 +69600 2186 1012 0
a range +69000 +69600 2187 1015 0
a range +69000 +69600 2188 1007 0
a range +69000 +69600 2189 1014 0
a range +69000 +69600 2190 1009 0
a range +69000 +69600 2191 1014 0
a range +69000 +69600 2192 1001 0
a range +69000 +69600 2193 1006 0
a range +69000 +69600 2194 1006 0
a range +69000 +69600 2195 1004 0
a range +69000 +69600 2196 1015 0
a range +69000 +69600 2197 1004 0
a range +69000 +69600 2198 1009 0
a range +69000 +69600 2199 1017 0
a range +69000 +69600 2200 1003 0
a range +69000 +69600 2202 1017 0
a range +69000 +69600 2203 1017 0
a range +69000 +69600 2204 1003 0
a range +69000 +69600 2205 1015 0
a range +69600 +70200 1002 9009 0
a range +69600 +70200 1002 9005 0
a range +69600 +70200 1002 9011 0
a range +69000 +70200 1018 9007 0
a range +69600 +70200 1018 9001 0
a range +69600 +70200 1018 9003 0
a range +69600 +70200 2004 1013 0
a range +69600 +70200 2006 1008 0
a range +69600 +70200 2007 1008 0
a range +69600 +70200 2012 1011 0
a range +69600 +70200 2016 1001 0
a range +69600 +70200 2026 1005 0
a range +69600 +70200 2034 1011 0
a range +69600 +70200 2048 1013 0
a range +69600 +70200 2061 1013 0
a range +69600 +70200 2062 1011 0
a range +69600 +70200 2092 1010 0
a range +69600 +70200 2102 1005 0
a range +69600 +70200 2106 1016 0
a range +69600 +70200 2127 1010 0
a range +69600 +70200 2168 1016 0
a range +69600 +70200 2171 1010 0
a range +69600 +70200 2172 1016 0
a range +69600 +70200 2173 1015 0
a range +69600 +70200 2174 1015 0
a range +69600 +70200 2175 1006 0
a range +69600 +70200 2176 1008 0
a range +69600 +70200 2177 1007 0
a range +69600 +70200 2178 1003 0
a range +69600 +70200 2179 1014 0
a range +69600 +70200 2180 1014 0
a range +69600 +70200 2181 1009 0
a range +69600 +70200 2182 1007 0
a range +69600 +70200 2183 1005 0
a range +69600 +70200 2184 1009 0
a range +69600 +70200 2185 1007 0
a range +69600 +70200 2186 1009 0
a range +69600 +70200 2187 1017 0
a range +69600 +70200 2188 1004 0
a range +69600 +70200 2189 1004 0
a range +69600 +70200 2190 1012 0
a range +69600 +70200 2191 1012 0
a range +69600 +70200 2192 1006 0
a range +69600 +70200 2193 1006 0
a range +69600 +70200 2194 1001 0
a range +69600 +70200 2195 1004 0
a range +69600 +70200 2196 1001 0
a range +69600 +70200 2198 1012 0
a range +69600 +70200 2199 1017 0
a range +69600 +70200 2200 1003 0
a range +69600 +70200 2201 1003 0
a range +69600 +70200 2202 1017 0
a range +69600 +70200 2204 1015 0
a range +69600 +70200 2205 1014 0
a range +70200 +70800 1002 9006 0
a range +70200 +70800 1002 9002 0
a range +70200 +70800 1002 9010 0
a range +70200 +70800 1007 9001 0
a range +70200 +70800 1007 9003 0
a range +70200 +70800 2004 1013 0
a range +70200 +70800 2006 1008 0
a range +70200 +70800 2007 1008 0
a range +70200 +70800 2008 1011 0
a range +70200 +70800 2014 1015 0
a range +70200 +70800 2026 1005 0
a range +70200 +70800 2034 1011 0
a range +70200 +70800 2048 1013 0
a range +70200 +70800 2060 1018 0
a range +70200 +70800 2061 1013 0
a range +70200 +70800 2062 1011 0
a range +70200 +70800 2092 1010 0
a range +70200 +70800 2102 1005 0
a range +70200 +70800 2104 1018 0
a range +70200 +70800 2106 1016 0
a range +70200 +70800 2115 1018 0
a range +70200 +70800 2127 1010 0
a range +70200 +70800 2168 1016 0
a range +70200 +70800 2171 1010 0
a range +70200 +70800 2172 1016 0
a range +70200 +70800 2176 1008 0
a range +70200 +70800 2178 1017 0
a range +70200 +70800 2179 1006 0
a range +70200 +70800 2180 1014 0
a range +70200 +70800 2181 1006 0
a range +70200 +70800 2182 1004 0
a range +70200 +70800 2183 1005 0
a range +70200 +70800 2184 1017 0
a range +70200 +70800 2185 1014 0
a range +70200 +70800 2186 1017 0
a range +70200 +70800 2187 1004 0
a range +70200 +70800 2188 1012 0
a range +70200 +70800 2189 1012 0
a range +70200 +70800 2190 1001 0
a range +70200 +70800 2191 1006 0
a range +70200 +70800 2192 1001 0
a range +70200 +70800 2193 1012 0
a range +70200 +70800 2194 1004 0
a range +70200 +70800 2195 1009 0
a range +70200 +70800 2196 1009 0
a range +70200 +70800 2197 1003 0
a range +70200 +70800 2198 1015 0
a range +70200 +70800 2199 1001 0
a range +70200 +70800 2200 1009 0
a range +70200 +70800 2201 1003 0
a range +70200 +70800 2202 1014 0
a range +70200 +70800 2203 1003 0
a range +70200 +70800 2205 1015 0
a range +70800 +71400 1007 9003 0
a range +70800 +71400 1007 9001 0
a range +70200 +71400 1007 9007 0
a range +70800 +71400 2004 1013 0
a range +70800 +71400 2007 1008 0
a range +70800 +71400 2008 1011 0
a range +70800 +71400 2010 1005 0
a range +70800 +71400 2014 1001 0
a range +70800 +71400 2023 1002 0
a range +70800 +71400 2040 1002 0
a range +70800 +71400 2048 1013 0
a range +70800 +71400 2060 1018 0
a range +70800 +71400 2061 1013 0
a range +70800 +71400 2092 1010 0
a range +70800 +71400 2104 1018 0
a range +70800 +71400 2127 1010 0
a range +70800 +71400 2166 1018 0
a range +70800 +71400 2167 1011 0
a range +70800 +71400 2168 1015 0
a range +70800 +71400 2169 1008 0
a range +70800 +71400 2170 1005 0
a range +70800 +71400 2171 1010 0
a range +70800 +71400 2172 1016 0
a range +70800 +71400 2173 1002 0
a range +70800 +71400 2174 1003 0
a range +70800 +71400 2175 1005 0
a range +70800 +71400 2176 1008 0
a range +70800 +71400 2177 1003 0
a range +70800 +71400 2178 1016 0
a range +70800 +71400 2179 1016 0
a range +70800 +71400 2180 1004 0
a range +70800 +71400 2181 1012 0
a range +70800 +71400 2182 1012 0
a range +70800 +71400 2183 1014 0
a range +70800 +71400 2184 1017 0
a range +70800 +71400 2185 1015 0
a range +70800 +71400 2186 1004 0
a range +70800 +71400 2187 1017 0
a range +70800 +71400 2188 1004 0
a range +70800 +71400 2189 1006 0
a range +70800 +71400 2190 1001 0
a range +70800 +71400 2191 1006 0
a range +70800 +71400 2192 1006 0
a range +70800 +71400 2193 1012 0
a range +70800 +71400 2194 1009 0
a range +70800 +71400 2195 1009 0
a range +70800 +71400 2196 1009 0
a range +70800 +71400 2197 1014 0
a range +70800 +71400 2198 1015 0
a range +70800 +71400 2199 1017 0
a range +70800 +71400 2201 1003 0
a range +70800 +71400 2202 1001 0
a range +70800 +71400 2204 1011 0
a range +70800 +71400 2205 1014 0
a range +71400 +72000 2003 1016 0
a range +71400 +72000 2004 1013 0
a range +71400 +72000 2007 1008 0
a range +71400 +72000 2008 1011 0
a range +71400 +72000 2010 1005 0
a range +71400 +72000 2013 1017 0
a range +71400 +72000 2023 1002 0
a range +71400 +72000 2040 1002 0
a range +71400 +72000 2048 1013 0
a range +71400 +72000 2051 1007 0
a range +71400 +72000 2060 1018 0
a range +71400 +72000 2089 1007 0
a range +71400 +72000 2092 1010 0
a range +71400 +72000 2127 1010 0
a range +71400 +72000 2154 1007 0
a range +71400 +72000 2166 1018 0
a range +71400 +72000 2167 1011 0
a range +71400 +72000 2168 1014 0
a range +71400 +72000 2169 1008 0
a range +71400 +72000 2170 1005 0
a range +71400 +72000 2171 1010 0
a range +71400 +72000 2172 1009 0
a range +71400 +72000 2173 1002 0
a range +71400 +72000 2174 1003 0
a range +71400 +72000 2175 1005 0
a range +71400 +72000 2176 1008 0
a range +71400 +72000 2177 1003 0
a range +71400 +72000 2178 1016 0
a range +71400 +72000 2179 1004 0
a range +71400 +72000 2180 1004 0
a range +71400 +72000 2181 1012 0
a range +71400 +72000 2182 1017 0
a range +71400 +72000 2183 1015 0
a range +71400 +72000 2184 1017 0
a range +71400 +72000 2185 1014 0
a range +71400 +72000 2186 1006 0
a range +71400 +72000 2187 1004 0
a range +71400 +72000 2188 1001 0
a range +71400 +72000 2189 1001 0
a range +71400 +72000 2190 1006 0
a range +71400 +72000 2191 1012 0
a range +71400 +72000 2192 1006 0
a range +71400 +72000 2193 1012 0
a range +71400 +72000 2194 1009 0
a range +71400 +72000 2195 1009 0
a range +71400 +72000 2196 1001 0
a range +71400 +72000 2197 1015 0
a range +71400 +72000 2198 1015 0
a range +71400 +72000 2199 1016 0
a range +71400 +72000 2201 1003 0
a range +71400 +72000 2204 1011 0
a range +71400 +72000 2205 1014 0
a range +71400 +72000 2214 1013 0
a range +72000 +72600 2004 1013 0
a range +72000 +72600 2006 1014 0
a range +72000 +72600 2007 1008 0
a range +72000 +72600 2010 1005 0
a range +72000 +72600 2013 1001 0
a range +72000 +72600 2023 1002 0
a range +72000 +72600 2040 1002 0
a range +72000 +72600 2048 1013 0
a range +72000 +72600 2051 1007 0
a range +72000 +72600 2060 1018 0
a range +72000 +72600 2089 1007 0
a range +72000 +72600 2092 1010 0
a range +71400 +72600 2104 1018 0
a range +72000 +72600 2127 1010 0
a range +72000 +72600 2154 1007 0
a range +72000 +72600 2164 1016 0
a range +72000 +72600 2165 1015 0
a range +72000 +72600 2166 1018 0
a range +72000 +72600 2167 1011 0
a range +72000 +72600 2168 1015 0
a range +72000 +72600 2169 1008 0
a range +72000 +72600 2170 1005 0
a range +72000 +72600 2171 1010 0
a range +72000 +72600 2172 1009 0
a range +72000 +72600 2173 1002 0
a range +72000 +72600 2174 1003 0
a range +72000 +72600 2175 1005 0
a range +72000 +72600 2176 1008 0
a range +72000 +72600 2177 1003 0
a range +72000 +72600 2178 1014 0
a range +72000 +72600 2179 1004 0
a range +72000 +72600 2180 1012 0
a range +72000 +72600 2181 1006 0
a range +72000 +72600 2182 1017 0
a range +72000 +72600 2183 1006 0
a range +72000 +72600 2184 1001 0
a range +72000 +72600 2185 1015 0
a range +72000 +72600 2186 1004 0
a range +72000 +72600 2187 1006 0
a range +72000 +72600 2188 1014 0
a range +72000 +72600 2189 1001 0
a range +72000 +72600 2190 1016 0
a range +72000 +72600 2191 1016 0
a range +72000 +72600 2192 1012 0
a range +72000 +72600 2193 1009 0
a range +72000 +72600 2194 1009 0
a range +72000 +72600 2195 1012 0
a range +72000 +72600 2196 1017 0
a range +72000 +72600 2197 1004 0
a range +72000 +72600 2198 1017 0
a range +72000 +72600 2200 1011 0
a range +72000 +72600 2204 1011 0
a range +72000 +72600 2207 1003 0
a range +72000 +72600 2214 1013 0
a range +72600 +73200 1017 9011 0
a range +72600 +73200 1017 9001 0
a range +72600 +73200 1017 9009 0
a range +72600 +73200 2005 1018 0
a range +72600 +73200 2014 1004 0
a range +72600 +73200 2020 1002 0
a range +72600 +73200 2051 1007 0
a range +72600 +73200 2089 1007 0
a range +72600 +73200 2148 1015 0
a range +72600 +73200 2149 1018 0
a range +72600 +73200 2150 1013 0
a range +72600 +73200 2151 1013 0
a range +72600 +73200 2152 1013 0
a range +72600 +73200 2153 1011 0
a range +72600 +73200 2155 1010 0
a range +72600 +73200 2156 1008 0
a range +72600 +73200 2157 1008 0
a range +72600 +73200 2158 1005 0
a range +72600 +73200 2159 1005 0
a range +72600 +73200 2160 1005 0
a range +72600 +73200 2161 1008 0
a range +72600 +73200 2162 1002 0
a range +72600 +73200 2163 1002 0
a range +72600 +73200 2175 1016 0
a range +72600 +73200 2176 1015 0
a range +72600 +73200 2177 1014 0
a range +72600 +73200 2178 1006 0
a range +72600 +73200 2179 1016 0
a range +72600 +73200 2180 1009 0
a range +72600 +73200 2181 1001 0
a range +72600 +73200 2182 1009 0
a range +72600 +73200 2183 1015 0
a range +72600 +73200 2184 1001 0
a range +72600 +73200 2185 1004 0
a range +72600 +73200 2186 1014 0
a range +72600 +73200 2187 1014 0
a range +72600 +73200 2188 1001 0
a range +72600 +73200 2189 1006 0
a range +72600 +73200 2190 1006 0
a range +72600 +73200 2191 1016 0
a range +72600 +73200 2192 1012 0
a range +72600 +73200 2193 1009 0
a range +72600 +73200 2194 1012 0
a range +72600 +73200 2195 1012 0
a range +72600 +73200 2196 1004 0
a range +72600 +73200 2198 1003 0
a range +72600 +73200 2199 1010 0
a range +72600 +73200 2200 1011 0
a range +72600 +73200 2201 1010 0
a range +72600 +73200 2203 1011 0
a range +72600 +73200 2205 1018 0
a range +72600 +73200 2206 1003 0
a range +72600 +73200 2207 1003 0
a range +73200 +73800 1008 9012 0
a range +73200 +73800 1008 9004 0
a range +73200 +73800 1008 9010 0
a range +73200 +73800 2005 1018 0
a range +73200 +73800 2014 1004 0
a range +73200 +73800 2020 1002 0
a range +73200 +73800 2021 1002 0
a range +73200 +73800 2051 1007 0
a range +73200 +73800 2065 1017 0
a range +73200 +73800 2089 1007 0
a range +73200 +73800 2100 1017 0
a range +73200 +73800 2104 1017 0
a range +73200 +73800 2149 1018 0
a range +73200 +73800 2150 1013 0
a range +73200 +73800 2151 1013 0
a range +73200 +73800 2152 1013 0
a range +73200 +73800 2153 1011 0
a range +72600 +73800 2154 1007 0
a range +73200 +73800 2155 1010 0
a range +73200 +73800 2158 1005 0
a range +73200 +73800 2159 1005 0
a range +73200 +73800 2163 1002 0
a range +73200 +73800 2171 1016 0
a range +73200 +73800 2172 1009 0
a range +73200 +73800 2173 1015 0
a range +73200 +73800 2174 1005 0
a range +73200 +73800 2175 1016 0
a range +73200 +73800 2176 1014 0
a range +73200 +73800 2177 1004 0
a range +73200 +73800 2178 1009 0
a range +73200 +73800 2179 1006 0
a range +73200 +73800 2180 1015 0
a range +73200 +73800 2181 1009 0
a range +73200 +73800 2182 1006 0
a range +73200 +73800 2183 1015 0
a range +73200 +73800 2184 1003 0
a range +73200 +73800 2185 1014 0
a range +73200 +73800 2186 1001 0
a range +73200 +73800 2187 1001 0
a range +73200 +73800 2188 1014 0
a range +73200 +73800 2189 1016 0
a range +73200 +73800 2190 1006 0
a range +73200 +73800 2191 1012 0
a range +73200 +73800 2192 1012 0
a range +73200 +73800 2193 1003 0
a range +73200 +73800 2194 1001 0
a range +73200 +73800 2195 1012 0
a range +73200 +73800 2196 1004 0
a range +73200 +73800 2198 1003 0
a range +73200 +73800 2199 1010 0
a range +73200 +73800 2200 1011 0
a range +73200 +73800 2201 1010 0
a range +73200 +73800 2203 1011 0
a range +73200 +73800 2205 1018 0
a range +73800 +74400 1004 9009 0
a range +73800 +74400 1004 9001 0
a range +73800 +74400 1004 9007 0
a range +73800 +74400 2005 1018 0
a range +73800 +74400 2011 1011 0
a range +73800 +74400 2014 1015 0
a range +73800 +74400 2020 1002 0
a range +73800 +74400 2021 1002 0
a range +73800 +74400 2065 1017 0
a range +73800 +74400 2100 1017 0
a range +73800 +74400 2104 1017 0
a range +73800 +74400 2140 1008 0
a range +73800 +74400 2141 1008 0
a range +73800 +74400 2149 1018 0
a range +73800 +74400 2150 1013 0
a range +73800 +74400 2151 1013 0
a range +73800 +74400 2152 1013 0
a range +73800 +74400 2153 1011 0
a range +73800 +74400 2155 1010 0
a range +73800 +74400 2158 1005 0
a range +73800 +74400 2162 1018 0
a range +73800 +74400 2163 1002 0
a range +73800 +74400 2164 1008 0
a range +73800 +74400 2165 1005 0
a range +73800 +74400 2166 1011 0
a range +73800 +74400 2167 1007 0
a range +73800 +74400 2168 1007 0
a range +73800 +74400 2169 1007 0
a range +73800 +74400 2170 1010 0
a range +73800 +74400 2172 1001 0
a range +73800 +74400 2173 1016 0
a range +73800 +74400 2174 1005 0
a range +73800 +74400 2175 1014 0
a range +73800 +74400 2176 1015 0
a range +73800 +74400 2177 1014 0
a range +73800 +74400 2178 1009 0
a range +73800 +74400 2179 1001 0
a range +73800 +74400 2180 1015 0
a range +73800 +74400 2181 1012 0
a range +73800 +74400 2182 1006 0
a range +73800 +74400 2183 1016 0
a range +73800 +74400 2184 1009 0
a range +73800 +74400 2185 1009 0
a range +73800 +74400 2186 1001 0
a range +73800 +74400 2187 1014 0
a range +73800 +74400 2188 1006 0
a range +73800 +74400 2189 1006 0
a range +73800 +74400 2190 1012 0
a range +73800 +74400 2193 1003 0
a range +73800 +74400 2194 1012 0
a range +73800 +74400 2196 1016 0
a range +73800 +74400 2197 1010 0
a range +73800 +74400 2198 1003 0
a range +73800 +74400 2205 1003 0
a range +74400 +75000 1004 9001 0
a range +74400 +75000 1004 9007 0
a range +74400 +75000 1004 9009 0
a range +74400 +75000 1015 9003 0
a range +74400 +75000 1015 9005 0
a range +74400 +75000 2011 1011 0
a range +74400 +75000 2014 1014 0
a range +74400 +75000 2019 1002 0
a range +74400 +75000 2021 1002 0
a range +74400 +75000 2065 1017 0
a range +74400 +75000 2100 1017 0
a range +74400 +75000 2104 1017 0
a range +74400 +75000 2140 1008 0
a range +74400 +75000 2141 1008 0
a range +74400 +75000 2156 1013 0
a range +74400 +75000 2157 1005 0
a range +74400 +75000 2159 1018 0
a range +74400 +75000 2160 1013 0
a range +74400 +75000 2161 1013 0
a range +74400 +75000 2162 1018 0
a range +74400 +75000 2164 1008 0
a range +74400 +75000 2165 1005 0
a range +74400 +75000 2167 1007 0
a range +74400 +75000 2168 1007 0
a range +74400 +75000 2169 1007 0
a range +74400 +75000 2170 1010 0
a range +74400 +75000 2171 1002 0
a range +74400 +75000 2174 1005 0
a range +74400 +75000 2175 1016 0
a range +74400 +75000 2176 1016 0
a range +74400 +75000 2177 1001 0
a range +74400 +75000 2178 1006 0
a range +74400 +75000 2179 1001 0
a range +74400 +75000 2180 1006 0
a range +74400 +75000 2181 1001 0
a range +74400 +75000 2182 1012 0
a range +74400 +75000 2183 1016 0
a range +74400 +75000 2184 1009 0
a range +74400 +75000 2185 1009 0
a range +74400 +75000 2186 1006 0
a range +74400 +75000 2187 1012 0
a range +74400 +75000 2188 1014 0
a range +74400 +75000 2189 1014 0
a range +74400 +75000 2190 1009 0
a range +74400 +75000 2191 1010 0
a range +74400 +75000 2192 1011 0
a range +74400 +75000 2193 1003 0
a range +74400 +75000 2194 1012 0
a range +74400 +75000 2195 1011 0
a range +74400 +75000 2197 1010 0
a range +74400 +75000 2203 1003 0
a range +74400 +75000 2204 1018 0
a range +74400 +75000 2205 1003 0
a range +75000 +75600 1005 9004 0
a range +75000 +75600 1005 9002 0
a range +75000 +75600 1005 9008 0
a range +75000 +75600 1015 9001 0
a range +75000 +75600 1015 9003 0
a range +74400 +75600 1015 9011 0
a range +75000 +75600 2007 1017 0
a range +75000 +75600 2014 1016 0
a range +75000 +75600 2018 1004 0
a range +75000 +75600 2019 1002 0
a range +75000 +75600 2022 1001 0
a range +75000 +75600 2056 1004 0
a range +75000 +75600 2140 1008 0
a range +75000 +75600 2141 1008 0
a range +75000 +75600 2144 1004 0
a range +75000 +75600 2156 1013 0
a range +75000 +75600 2160 1013 0
a range +75000 +75600 2161 1013 0
a range +75000 +75600 2164 1008 0
a range +75000 +75600 2165 1014 0
a range +75000 +75600 2166 1010 0
a range +75000 +75600 2167 1007 0
a range +75000 +75600 2168 1007 0
a range +75000 +75600 2169 1007 0
a range +75000 +75600 2170 1010 0
a range +75000 +75600 2171 1002 0
a range +75000 +75600 2172 1002 0
a range +75000 +75600 2173 1016 0
a range +75000 +75600 2174 1012 0
a range +75000 +75600 2175 1014 0
a range +75000 +75600 2176 1016 0
a range +75000 +75600 2177 1014 0
a range +75000 +75600 2178 1001 0
a range +75000 +75600 2179 1009 0
a range +75000 +75600 2180 1009 0
a range +75000 +75600 2181 1018 0
a range +75000 +75600 2182 1018 0
a range +75000 +75600 2183 1012 0
a range +75000 +75600 2184 1011 0
a range +75000 +75600 2185 1006 0
a range +75000 +75600 2186 1011 0
a range +75000 +75600 2187 1006 0
a range +75000 +75600 2188 1006 0
a range +75000 +75600 2189 1009 0
a range +75000 +75600 2190 1012 0
a range +75000 +75600 2191 1010 0
a range +75000 +75600 2192 1001 0
a range +75000 +75600 2194 1003 0
a range +75000 +75600 2195 1018 0
a range +75000 +75600 2196 1017 0
a range +75000 +75600 2197 1011 0
a range +75000 +75600 2198 1017 0
a range +75000 +75600 2202 1003 0
a range +75000 +75600 2203 1003 0
a range +75600 +76200 1007 9008 0
a range +75600 +76200 1007 9002 0
a range +75600 +76200 1007 9004 0
a range +75600 +76200 1012 9007 0
a range +75600 +76200 1012 9011 0
a range +75600 +76200 1012 9009 0
a range +75600 +76200 1013 9006 0
a range +75600 +76200 1013 9012 0
a range +75600 +76200 1013 9010 0
a range +75600 +76200 1017 9001 0
a range +75600 +76200 1017 9005 0
a range +75600 +76200 1017 9003 0
a range +75600 +76200 2005 1010 0
a range +75600 +76200 2013 1005 0
a range +75600 +76200 2014 1001 0
a range +75600 +76200 2019 1002 0
a range +75600 +76200 2063 1015 0
a range +75600 +76200 2107 1015 0
a range +75600 +76200 2115 1005 0
a range +75600 +76200 2116 1005 0
a range +75600 +76200 2151 1015 0
a range +75600 +76200 2158 1010 0
a range +75600 +76200 2159 1008 0
a range +75600 +76200 2162 1008 0
a range +75600 +76200 2163 1008 0
a range +75600 +76200 2166 1010 0
a range +75600 +76200 2168 1001 0
a range +75600 +76200 2169 1016 0
a range +75600 +76200 2170 1018 0
a range +75600 +76200 2171 1002 0
a range +75600 +76200 2172 1002 0
a range +75600 +76200 2173 1014 0
a range +75600 +76200 2174 1016 0
a range +75600 +76200 2175 1018 0
a range +75600 +76200 2176 1016 0
a range +75600 +76200 2177 1004 0
a range +75600 +76200 2178 1009 0
a range +75600 +76200 2179 1001 0
a range +75600 +76200 2180 1018 0
a range +75600 +76200 2181 1004 0
a range +75600 +76200 2182 1011 0
a range +75600 +76200 2183 1006 0
a range +75600 +76200 2184 1011 0
a range +75600 +76200 2185 1006 0
a range +75600 +76200 2186 1014 0
a range +75600 +76200 2187 1006 0
a range +75600 +76200 2188 1009 0
a range +75600 +76200 2189 1009 0
a range +75600 +76200 2190 1003 0
a range +75600 +76200 2191 1003 0
a range +75600 +76200 2192 1011 0
a range +75600 +76200 2194 1004 0
a range +75600 +76200 2195 1014 0
a range +75600 +76200 2202 1003 0
a range +76200 +76800 1001 9005 0
a range +76200 +76800 1001 9001 0
a range +76200 +76800 1001 9003 0
a range +76200 +76800 1002 9006 0
a range +76200 +76800 1004 9012 0
a range +76200 +76800 1004 9008 0
a range +76200 +76800 1004 9010 0
a range +76200 +76800 1010 9009 0
a range +76200 +76800 1010 9007 0
a range +76200 +76800 1010 9011 0
a range +76200 +76800 2013 1005 0
a range +76200 +76800 2018 1016 0
a range +76200 +76800 2037 1013 0
a range +76200 +76800 2055 1012 0
a range +76200 +76800 2063 1015 0
a range +76200 +76800 2070 1013 0
a range +76200 +76800 2072 1007 0
a range +76200 +76800 2081 1007 0
a range +76200 +76800 2097 1017 0
a range +76200 +76800 2101 1007 0
a range +76200 +76800 2107 1015 0
a range +76200 +76800 2109 1017 0
a range +76200 +76800 2115 1005 0
a range +76200 +76800 2116 1005 0
a range +76200 +76800 2119 1017 0
a range +76200 +76800 2120 1012 0
a range +76200 +76800 2121 1012 0
a range +76200 +76800 2151 1015 0
a range +76200 +76800 2159 1008 0
a range +76200 +76800 2160 1013 0
a range +76200 +76800 2162 1008 0
a range +76200 +76800 2163 1008 0
a range +76200 +76800 2171 1016 0
a range +76200 +76800 2174 1016 0
a range +76200 +76800 2175 1014 0
a range +76200 +76800 2176 1018 0
a range +76200 +76800 2177 1011 0
a range +76200 +76800 2178 1006 0
a range +76200 +76800 2179 1018 0
a range +76200 +76800 2180 1018 0
a range +76200 +76800 2181 1002 0
a range +76200 +76800 2182 1009 0
a range +76200 +76800 2183 1006 0
a range +76200 +76800 2184 1011 0
a range +76200 +76800 2185 1009 0
a range +76200 +76800 2186 1006 0
a range +76200 +76800 2188 1009 0
a range +76200 +76800 2189 1002 0
a range +76200 +76800 2191 1003 0
a range +76200 +76800 2192 1011 0
a range +76200 +76800 2194 1014 0
a range +76200 +76800 2195 1014 0
a range +76200 +76800 2199 1003 0
a range +76200 +76800 2202 1003 0
a range +76800 +77400 1001 9009 0
a range +76800 +77400 1001 9003 0
a range +76800 +77400 1001 9001 0
a range +76800 +77400 2005 1006 0
a range +76800 +77400 2013 1005 0
a range +76800 +77400 2022 1016 0
a range +76800 +77400 2024 1010 0
a range +76800 +77400 2037 1013 0
a range +76800 +77400 2046 1004 0
a range +76800 +77400 2055 1012 0
a range +76800 +77400 2063 1015 0
a range +76800 +77400 2070 1013 0
a range +76800 +77400 2072 1007 0
a range +76800 +77400 2081 1007 0
a range +76800 +77400 2090 1004 0
a range +76800 +77400 2097 1017 0
a range +76800 +77400 2101 1007 0
a range +76800 +77400 2107 1015 0
a range +76800 +77400 2110 1010 0
a range +76800 +77400 2115 1005 0
a range +76800 +77400 2119 1017 0
a range +76800 +77400 2120 1012 0
a range +76800 +77400 2121 1012 0
a range +76800 +77400 2151 1015 0
a range +76800 +77400 2157 1004 0
a range +76800 +77400 2159 1008 0
a range +76800 +77400 2162 1008 0
a range +76800 +77400 2163 1008 0
a range +76800 +77400 2165 1006 0
a range +76800 +77400 2170 1002 0
a range +76800 +77400 2171 1016 0
a range +76800 +77400 2172 1018 0
a range +76800 +77400 2173 1014 0
a range +76800 +77400 2174 1016 0
a range +76800 +77400 2176 1014 0
a range +76800 +77400 2177 1009 0
a range +76800 +77400 2179 1018 0
a range +76800 +77400 2180 1018 0
a range +76800 +77400 2181 1002 0
a range +76800 +77400 2182 1006 0
a range +76800 +77400 2183 1011 0
a range +76800 +77400 2185 1011 0
a range +76800 +77400 2186 1009 0
a range +76800 +77400 2187 1002 0
a range +76800 +77400 2188 1009 0
a range +76800 +77400 2191 1003 0
a range +76800 +77400 2192 1003 0
a range +76800 +77400 2193 1013 0
a range +76800 +77400 2194 1014 0
a range +76800 +77400 2195 1011 0
a range +76800 +77400 2197 1017 0
a range +76800 +77400 2198 1010 0
a range +76800 +77400 2199 1003 0
a range +77400 +78000 1012 9004 0
a range +77400 +78000 1012 9009 0
a range +77400 +78000 1012 9008 0
a range +77400 +78000 1015 9002 0
a range +77400 +78000 1015 9010 0
a range +77400 +78000 1015 9006 0
a range +77400 +78000 2005 1009 0
a range +77400 +78000 2013 1005 0
a range +77400 +78000 2014 1007 0
a range +77400 +78000 2024 1010 0
a range +77400 +78000 2037 1013 0
a range +77400 +78000 2046 1004 0
a range +77400 +78000 2070 1013 0
a range +77400 +78000 2081 1007 0
a range +77400 +78000 2096 1001 0
a range +77400 +78000 2097 1017 0
a range +77400 +78000 2101 1007 0
a range +77400 +78000 2110 1010 0
a range +77400 +78000 2115 1005 0
a range +76800 +78000 2116 1005 0
a range +77400 +78000 2119 1017 0
a range +77400 +78000 2122 1001 0
a range +77400 +78000 2140 1001 0
a range +77400 +78000 2157 1004 0
a range +77400 +78000 2159 1008 0
a range +77400 +78000 2162 1008 0
a range +77400 +78000 2163 1008 0
a range +77400 +78000 2164 1014 0
a range +77400 +78000 2165 1018 0
a range +77400 +78000 2166 1016 0
a range +77400 +78000 2167 1016 0
a range +77400 +78000 2168 1004 0
a range +77400 +78000 2169 1016 0
a range +77400 +78000 2170 1002 0
a range +77400 +78000 2171 1006 0
a range +77400 +78000 2172 1014 0
a range +77400 +78000 2175 1006 0
a range +77400 +78000 2177 1009 0
a range +77400 +78000 2178 1018 0
a range +77400 +78000 2179 1018 0
a range +77400 +78000 2180 1006 0
a range +77400 +78000 2181 1002 0
a range +77400 +78000 2182 1011 0
a range +77400 +78000 2183 1014 0
a range +77400 +78000 2185 1011 0
a range +77400 +78000 2186 1009 0
a range +77400 +78000 2187 1002 0
a range +77400 +78000 2190 1003 0
a range +77400 +78000 2192 1003 0
a range +77400 +78000 2193 1013 0
a range +77400 +78000 2194 1011 0
a range +77400 +78000 2197 1017 0
a range +77400 +78000 2198 1010 0
a range +77400 +78000 2199 1003 0
a range +78000 +78600 1009 9001 0
a range +78000 +78600 1009 9003 0
a range +78000 +78600 2003 1002 0
a range +78000 +78600 2008 1016 0
a range +78000 +78600 2014 1007 0
a range +78000 +78600 2024 1010 0
a range +78000 +78600 2032 1012 0
a range +78000 +78600 2046 1004 0
a range +78000 +78600 2077 1015 0
a range +78000 +78600 2096 1001 0
a range +78000 +78600 2098 1012 0
a range +78000 +78600 2099 1012 0
a range +78000 +78600 2100 1015 0
a range +78000 +78600 2110 1010 0
a range +78000 +78600 2112 1015 0
a range +78000 +78600 2122 1001 0
a range +78000 +78600 2140 1001 0
a range +78000 +78600 2153 1013 0
a range +78000 +78600 2154 1013 0
a range +78000 +78600 2155 1008 0
a range +78000 +78600 2156 1013 0
a range +78000 +78600 2158 1008 0
a range +78000 +78600 2160 1004 0
a range +78000 +78600 2161 1008 0
a range +78000 +78600 2163 1006 0
a range +78000 +78600 2166 1016 0
a range +78000 +78600 2167 1016 0
a range +78000 +78600 2168 1004 0
a range +78000 +78600 2169 1006 0
a range +78000 +78600 2170 1002 0
a range +78000 +78600 2171 1018 0
a range +78000 +78600 2172 1014 0
a range +78000 +78600 2173 1005 0
a range +78000 +78600 2174 1007 0
a range +78000 +78600 2176 1017 0
a range +78000 +78600 2177 1018 0
a range +78000 +78600 2179 1011 0
a range +78000 +78600 2181 1006 0
a range +78000 +78600 2183 1011 0
a range +78000 +78600 2184 1002 0
a range +78000 +78600 2186 1011 0
a range +78000 +78600 2187 1003 0
a range +78000 +78600 2188 1007 0
a range +78000 +78600 2189 1005 0
a range +78000 +78600 2190 1003 0
a range +78000 +78600 2191 1005 0
a range +78000 +78600 2192 1014 0
a range +78000 +78600 2193 1014 0
a range +78000 +78600 2194 1003 0
a range +78000 +78600 2195 1017 0
a range +78000 +78600 2196 1010 0
a range +78000 +78600 2197 1017 0
a range +78000 +78600 2198 1018 0
a range +78600 +79200 1009 9003 0
a range +78000 +79200 1009 9007 0
a range +78600 +79200 1009 9001 0
a range +78600 +79200 2004 1001 0
a range +78600 +79200 2008 1006 0
a range +78600 +79200 2014 1007 0
a range +78600 +79200 2016 1016 0
a range +78600 +79200 2096 1001 0
a range +78600 +79200 2098 1012 0
a range +78600 +79200 2099 1012 0
a range +78600 +79200 2100 1015 0
a range +78600 +79200 2122 1001 0
a range +78600 +79200 2153 1013 0
a range +78600 +79200 2154 1013 0
a range +78600 +79200 2155 1008 0
a range +78600 +79200 2158 1008 0
a range +78600 +79200 2159 1015 0
a range +78600 +79200 2160 1004 0
a range +78600 +79200 2161 1008 0
a range +78600 +79200 2162 1012 0
a range +78600 +79200 2163 1018 0
a range +78600 +79200 2164 1010 0
a range +78600 +79200 2165 1007 0
a range +78600 +79200 2166 1016 0
a range +78600 +79200 2167 1016 0
a range +78600 +79200 2168 1004 0
a range +78600 +79200 2169 1002 0
a range +78600 +79200 2170 1006 0
a range +78600 +79200 2171 1006 0
a range +78600 +79200 2172 1014 0
a range +78600 +79200 2173 1005 0
a range +78600 +79200 2174 1007 0
a range +78600 +79200 2175 1004 0
a range +78600 +79200 2176 1017 0
a range +78600 +79200 2177 1018 0
a range +78600 +79200 2178 1005 0
a range +78600 +79200 2179 1011 0
a range +78600 +79200 2180 1013 0
a range +78600 +79200 2181 1011 0
a range +78600 +79200 2182 1010 0
a range +78600 +79200 2183 1011 0
a range +78600 +79200 2184 1003 0
a range +78600 +79200 2185 1017 0
a range +78600 +79200 2186 1002 0
a range +78600 +79200 2187 1003 0
a range +78600 +79200 2188 1002 0
a range +78600 +79200 2189 1005 0
a range +78600 +79200 2192 1014 0
a range +78600 +79200 2193 1014 0
a range +78600 +79200 2194 1003 0
a range +78600 +79200 2195 1017 0
a range +78600 +79200 2196 1010 0
a range +78600 +79200 2197 1018 0
a range +78600 +79200 2199 1015 0
a range +79200 +79800 1016 9001 0
a range +79200 +79800 1016 9009 0
a range +79200 +79800 1016 9011 0
a range +79200 +79800 2016 1006 0
a range +79200 +79800 2017 1001 0
a range +79200 +79800 2063 1009 0
a range +79200 +79800 2064 1009 0
a range +79200 +79800 2065 1009 0
a range +79200 +79800 2098 1012 0
a range +79200 +79800 2099 1012 0
a range +79200 +79800 2100 1015 0
a range +79200 +79800 2146 1015 0
a range +79200 +79800 2147 1010 0
a range +79200 +79800 2148 1008 0
a range +79200 +79800 2149 1007 0
a range +79200 +79800 2150 1005 0
a range +79200 +79800 2151 1004 0
a range +79200 +79800 2152 1004 0
a range +79200 +79800 2153 1013 0
a range +79200 +79800 2154 1013 0
a range +79200 +79800 2155 1008 0
a range +79200 +79800 2156 1001 0
a range +79200 +79800 2157 1001 0
a range +79200 +79800 2158 1008 0
a range +79200 +79800 2159 1015 0
a range +79200 +79800 2160 1004 0
a range +79200 +79800 2162 1012 0
a range +79200 +79800 2165 1007 0
a range +79200 +79800 2167 1018 0
a range +79200 +79800 2168 1006 0
a range +79200 +79800 2170 1014 0
a range +79200 +79800 2171 1014 0
a range +79200 +79800 2172 1011 0
a range +79200 +79800 2173 1005 0
a range +79200 +79800 2174 1007 0
a range +79200 +79800 2175 1006 0
a range +79200 +79800 2176 1017 0
a range +79200 +79800 2177 1018 0
a range +79200 +79800 2178 1005 0
a range +79200 +79800 2179 1011 0
a range +79200 +79800 2180 1002 0
a range +79200 +79800 2181 1011 0
a range +79200 +79800 2182 1010 0
a range +79200 +79800 2183 1002 0
a range +79200 +79800 2184 1003 0
a range +79200 +79800 2185 1017 0
a range +79200 +79800 2186 1002 0
a range +79200 +79800 2189 1003 0
a range +79200 +79800 2190 1010 0
a range +79200 +79800 2191 1013 0
a range +79200 +79800 2192 1003 0
a range +79200 +79800 2193 1014 0
a range +79200 +79800 2195 1017 0
a range +79200 +79800 2199 1018 0
a range +79800 +80400 1001 9004 0
a range +79800 +80400 1001 9002 0
a range +79800 +80400 1001 9008 0
a range +79800 +80400 1016 9009 0
a range +79800 +80400 1016 9011 0
a range +79800 +80400 1016 9001 0
a range +79800 +80400 2014 1013 0
a range +79800 +80400 2016 1006 0
a range +79800 +80400 2063 1009 0
a range +79800 +80400 2064 1009 0
a range +79800 +80400 2065 1009 0
a range +79800 +80400 2146 1015 0
a range +79800 +80400 2147 1010 0
a range +79800 +80400 2149 1007 0
a range +79800 +80400 2150 1005 0
a range +79800 +80400 2151 1004 0
a range +79800 +80400 2158 1018 0
a range +79800 +80400 2159 1015 0
a range +79800 +80400 2160 1014 0
a range +79800 +80400 2161 1015 0
a range +79800 +80400 2163 1017 0
a range +79800 +80400 2164 1013 0
a range +79800 +80400 2166 1007 0
a range +79800 +80400 2167 1006 0
a range +79800 +80400 2168 1018 0
a range +79800 +80400 2169 1004 0
a range +79800 +80400 2170 1006 0
a range +79800 +80400 2171 1014 0
a range +79800 +80400 2172 1011 0
a range +79800 +80400 2173 1011 0
a range +79800 +80400 2174 1018 0
a range +79800 +80400 2175 1002 0
a range +79800 +80400 2176 1014 0
a range +79800 +80400 2177 1008 0
a range +79800 +80400 2178 1005 0
a range +79800 +80400 2179 1003 0
a range +79800 +80400 2180 1002 0
a range +79800 +80400 2181 1011 0
a range +79800 +80400 2182 1010 0
a range +79800 +80400 2183 1002 0
a range +79800 +80400 2184 1008 0
a range +79800 +80400 2185 1017 0
a range +79800 +80400 2186 1003 0
a range +79800 +80400 2187 1005 0
a range +79800 +80400 2188 1012 0
a range +79800 +80400 2189 1003 0
a range +79800 +80400 2190 1010 0
a range +79800 +80400 2191 1013 0
a range +79800 +80400 2194 1004 0
a range +79800 +80400 2196 1017 0
a range +79800 +80400 2197 1008 0
a range +79800 +80400 2198 1012 0
a range +80400 +81000 2014 1013 0
a range +80400 +81000 2015 1004 0
a range +80400 +81000 2016 1006 0
a range +80400 +81000 2025 1001 0
a range +80400 +81000 2047 1001 0
a range +80400 +81000 2048 1001 0
a range +80400 +81000 2063 1009 0
a range +80400 +81000 2064 1009 0
a range +80400 +81000 2065 1009 0
a range +80400 +81000 2118 1016 0
a range +80400 +81000 2139 1016 0
a range +80400 +81000 2140 1016 0
a range +80400 +81000 2146 1015 0
a range +80400 +81000 2147 1010 0
a range +80400 +81000 2149 1007 0
a range +80400 +81000 2150 1005 0
a range +80400 +81000 2157 1014 0
a range +80400 +81000 2158 1018 0
a range +80400 +81000 2159 1015 0
a range +80400 +81000 2160 1014 0
a range +80400 +81000 2161 1015 0
a range +79800 +81000 2162 1012 0
a range +80400 +81000 2163 1017 0
a range +80400 +81000 2164 1013 0
a range +79800 +81000 2165 1007 0
a range +80400 +81000 2166 1007 0
a range +80400 +81000 2167 1006 0
a range +80400 +81000 2168 1018 0
a range +80400 +81000 2169 1004 0
a range +80400 +81000 2170 1014 0
a range +80400 +81000 2171 1006 0
a range +80400 +81000 2172 1011 0
a range +80400 +81000 2173 1011 0
a range +80400 +81000 2174 1018 0
a range +80400 +81000 2175 1002 0
a range +80400 +81000 2176 1011 0
a range +80400 +81000 2177 1008 0
a range +80400 +81000 2178 1005 0
a range +80400 +81000 2179 1002 0
a range +80400 +81000 2180 1008 0
a range +80400 +81000 2181 1003 0
a range +80400 +81000 2182 1010 0
a range +80400 +81000 2183 1003 0
a range +80400 +81000 2184 1008 0
a range +80400 +81000 2185 1017 0
a range +80400 +81000 2186 1002 0
a range +80400 +81000 2187 1005 0
a range +80400 +81000 2188 1012 0
a range +80400 +81000 2189 1003 0
a range +80400 +81000 2190 1010 0
a range +80400 +81000 2191 1013 0
a range +80400 +81000 2194 1004 0
a range +80400 +81000 2196 1017 0
a range +80400 +81000 2198 1012 0
a range +81000 +81600 1006 9009 0
a range +81000 +81600 1006 9001 0
a range +81000 +81600 1006 9003 0
a range +81000 +81600 2009 1004 0
a range +81000 +81600 2014 1013 0
a range +81000 +81600 2015 1004 0
a range +81000 +81600 2016 1014 0
a range +81000 +81600 2025 1001 0
a range +81000 +81600 2047 1001 0
a range +81000 +81600 2048 1001 0
a range +81000 +81600 2118 1016 0
a range +81000 +81600 2135 1017 0
a range +81000 +81600 2136 1017 0
a range +81000 +81600 2137 1015 0
a range +81000 +81600 2138 1012 0
a range +81000 +81600 2139 1016 0
a range +81000 +81600 2140 1016 0
a range +81000 +81600 2141 1012 0
a range +81000 +81600 2142 1015 0
a range +81000 +81600 2143 1010 0
a range +81000 +81600 2144 1010 0
a range +81000 +81600 2145 1012 0
a range +81000 +81600 2148 1010 0
a range +81000 +81600 2151 1009 0
a range +81000 +81600 2152 1007 0
a range +81000 +81600 2153 1007 0
a range +81000 +81600 2154 1009 0
a range +81000 +81600 2155 1005 0
a range +81000 +81600 2156 1005 0
a range +81000 +81600 2161 1015 0
a range +81000 +81600 2162 1018 0
a range +81000 +81600 2163 1017 0
a range +81000 +81600 2164 1013 0
a range +81000 +81600 2165 1014 0
a range +81000 +81600 2166 1007 0
a range +81000 +81600 2167 1018 0
a range +81000 +81600 2169 1004 0
a range +81000 +81600 2170 1018 0
a range +81000 +81600 2171 1014 0
a range +81000 +81600 2174 1011 0
a range +81000 +81600 2175 1011 0
a range +81000 +81600 2177 1002 0
a range +81000 +81600 2178 1008 0
a range +81000 +81600 2179 1002 0
a range +81000 +81600 2180 1008 0
a range +81000 +81600 2181 1003 0
a range +81000 +81600 2182 1011 0
a range +81000 +81600 2183 1003 0
a range +81000 +81600 2184 1002 0
a range +81000 +81600 2185 1008 0
a range +81000 +81600 2186 1003 0
a range +81000 +81600 2187 1005 0
a range +81000 +81600 2192 1013 0
a range +81000 +81600 2193 1009 0
a range +81600 +82200 1006 9003 0
a range +81600 +82200 1006 9009 0
a range +81600 +82200 1006 9005 0
a range +81600 +82200 2008 1001 0
a range +81600 +82200 2015 1004 0
a range +81600 +82200 2016 1014 0
a range +81600 +82200 2048 1001 0
a range +81600 +82200 2118 1016 0
a range +81600 +82200 2135 1017 0
a range +81600 +82200 2136 1017 0
a range +81600 +82200 2137 1015 0
a range +81600 +82200 2138 1012 0
a range +81600 +82200 2139 1016 0
a range +81600 +82200 2140 1016 0
a range +81600 +82200 2141 1012 0
a range +81600 +82200 2142 1015 0
a range +81600 +82200 2143 1010 0
a range +81600 +82200 2144 1010 0
a range +81600 +82200 2145 1012 0
a range +81600 +82200 2152 1007 0
a range +81600 +82200 2153 1007 0
a range +81600 +82200 2154 1009 0
a range +81600 +82200 2155 1005 0
a range +81600 +82200 2156 1005 0
a range +81600 +82200 2158 1004 0
a range +81600 +82200 2159 1007 0
a range +81600 +82200 2160 1015 0
a range +81600 +82200 2161 1014 0
a range +81600 +82200 2164 1014 0
a range +81600 +82200 2165 1018 0
a range +81600 +82200 2166 1003 0
a range +81600 +82200 2167 1018 0
a range +81600 +82200 2168 1009 0
a range +81600 +82200 2169 1011 0
a range +81600 +82200 2170 1008 0
a range +81600 +82200 2171 1018 0
a range +81600 +82200 2172 1013 0
a range +81600 +82200 2173 1013 0
a range +81600 +82200 2174 1011 0
a range +81600 +82200 2175 1011 0
a range +81600 +82200 2176 1009 0
a range +81600 +82200 2177 1008 0
a range +81600 +82200 2178 1002 0
a range +81600 +82200 2180 1008 0
a range +81600 +82200 2185 1002 0
a range +81600 +82200 2186 1003 0
a range +81600 +82200 2187 1003 0
a range +81600 +82200 2188 1010 0
a range +81600 +82200 2190 1005 0
a range +81600 +82200 2194 1002 0
a range +81600 +82200 2198 1017 0
a range +82200 +82800 2002 1007 0
a range +82200 +82800 2008 1001 0
a range +81600 +82800 2009 1004 0
a range +82200 +82800 2015 1004 0
a range +82200 +82800 2016 1011 0
a range +82200 +82800 2039 1006 0
a range +81600 +82800 2047 1001 0
a range +82200 +82800 2048 1001 0
a range +82200 +82800 2118 1016 0
a range +82200 +82800 2125 1006 0
a range +82200 +82800 2135 1017 0
a range +82200 +82800 2137 1015 0
a range +82200 +82800 2138 1012 0
a range +82200 +82800 2139 1016 0
a range +82200 +82800 2140 1016 0
a range +82200 +82800 2141 1012 0
a range +82200 +82800 2142 1015 0
a range +82200 +82800 2143 1010 0
a range +82200 +82800 2144 1010 0
a range +82200 +82800 2145 1012 0
a range +82200 +82800 2147 1006 0
a range +82200 +82800 2154 1009 0
a range +82200 +82800 2156 1014 0
a range +82200 +82800 2157 1017 0
a range +82200 +82800 2158 1004 0
a range +82200 +82800 2159 1018 0
a range +82200 +82800 2160 1015 0
a range +82200 +82800 2161 1014 0
a range +82200 +82800 2163 1018 0
a range +82200 +82800 2164 1014 0
a range +82200 +82800 2165 1018 0
a range +82200 +82800 2166 1008 0
a range +82200 +82800 2167 1008 0
a range +82200 +82800 2168 1009 0
a range +82200 +82800 2169 1011 0
a range +82200 +82800 2170 1003 0
a range +82200 +82800 2171 1003 0
a range +82200 +82800 2172 1013 0
a range +82200 +82800 2173 1013 0
a range +82200 +82800 2174 1011 0
a range +82200 +82800 2175 1002 0
a range +82200 +82800 2176 1009 0
a range +82200 +82800 2177 1007 0
a range +82200 +82800 2178 1008 0
a range +82200 +82800 2179 1005 0
a range +82200 +82800 2180 1002 0
a range +82200 +82800 2181 1007 0
a range +82200 +82800 2182 1003 0
a range +82200 +82800 2183 1017 0
a range +82200 +82800 2184 1005 0
a range +82200 +82800 2185 1002 0
a range +82200 +82800 2186 1005 0
a range +82200 +82800 2188 1010 0
a range +81600 +82800 2192 1013 0
a range +82800 +83400 1009 9010 0
a range +82800 +83400 1009 9002 0
a range +82800 +83400 1009 9004 0
a range +82800 +83400 2006 1011 0
a range +82800 +83400 2008 1001 0
a range +82800 +83400 2014 1004 0
a range +82800 +83400 2016 1014 0
a range +82800 +83400 2039 1006 0
a range +82800 +83400 2047 1001 0
a range +82800 +83400 2048 1001 0
a range +82800 +83400 2118 1016 0
a range +82800 +83400 2125 1006 0
a range +82800 +83400 2137 1015 0
a range +82800 +83400 2138 1012 0
a range +82800 +83400 2139 1016 0
a range +82800 +83400 2140 1016 0
a range +82800 +83400 2141 1012 0
a range +82800 +83400 2142 1015 0
a range +82800 +83400 2145 1012 0
a range +82800 +83400 2147 1006 0
a range +82800 +83400 2156 1018 0
a range +82800 +83400 2157 1014 0
a range +82800 +83400 2158 1004 0
a range +82800 +83400 2159 1005 0
a range +82800 +83400 2160 1015 0
a range +82800 +83400 2161 1014 0
a range +82800 +83400 2162 1004 0
a range +82800 +83400 2163 1018 0
a range +82800 +83400 2164 1018 0
a range +82800 +83400 2165 1008 0
a range +82800 +83400 2166 1013 0
a range +82800 +83400 2167 1002 0
a range +82800 +83400 2168 1013 0
a range +82800 +83400 2169 1011 0
a range +82800 +83400 2170 1011 0
a range +82800 +83400 2171 1017 0
a range +82800 +83400 2172 1010 0
a range +82800 +83400 2173 1003 0
a range +82800 +83400 2174 1008 0
a range +82800 +83400 2175 1008 0
a range +82800 +83400 2176 1002 0
a range +82800 +83400 2177 1013 0
a range +82800 +83400 2178 1002 0
a range +82800 +83400 2179 1007 0
a range +82800 +83400 2180 1005 0
a range +82800 +83400 2181 1007 0
a range +82800 +83400 2182 1003 0
a range +82800 +83400 2183 1003 0
a range +82800 +83400 2184 1010 0
a range +82800 +83400 2185 1007 0
a range +82800 +83400 2187 1010 0
a range +82800 +83400 2188 1005 0
a range +82800 +83400 2192 1017 0
a range +82800 +83400 2194 1017 0
a range +83400 +84000 1004 9008 0
a range +83400 +84000 1004 9002 0
a range +83400 +84000 1004 9012 0
a range +83400 +84000 2008 1001 0
a range +83400 +84000 2016 1002 0
a range +83400 +84000 2041 1009 0
a range +83400 +84000 2047 1001 0
a range +83400 +84000 2048 1001 0
a range +83400 +84000 2086 1009 0
a range +83400 +84000 2118 1016 0
a range +83400 +84000 2135 1009 0
a range +83400 +84000 2137 1015 0
a range +83400 +84000 2138 1012 0
a range +83400 +84000 2139 1016 0
a range +83400 +84000 2140 1016 0
a range +83400 +84000 2141 1012 0
a range +83400 +84000 2142 1015 0
a range +83400 +84000 2145 1012 0
a range +83400 +84000 2155 1014 0
a range +83400 +84000 2156 1014 0
a range +83400 +84000 2157 1014 0
a range +83400 +84000 2159 1018 0
a range +83400 +84000 2160 1015 0
a range +83400 +84000 2161 1018 0
a range +83400 +84000 2162 1013 0
a range +83400 +84000 2163 1003 0
a range +83400 +84000 2164 1018 0
a range +83400 +84000 2165 1011 0
a range +83400 +84000 2166 1008 0
a range +83400 +84000 2167 1013 0
a range +83400 +84000 2168 1013 0
a range +83400 +84000 2169 1010 0
a range +83400 +84000 2170 1017 0
a range +83400 +84000 2171 1011 0
a range +83400 +84000 2172 1007 0
a range +83400 +84000 2173 1003 0
a range +83400 +84000 2174 1008 0
a range +83400 +84000 2175 1017 0
a range +83400 +84000 2176 1002 0
a range +83400 +84000 2177 1002 0
a range +83400 +84000 2178 1007 0
a range +83400 +84000 2179 1005 0
a range +83400 +84000 2180 1005 0
a range +83400 +84000 2181 1003 0
a range +83400 +84000 2182 1005 0
a range +83400 +84000 2183 1007 0
a range +83400 +84000 2184 1010 0
a range +83400 +84000 2186 1008 0
a range +83400 +84000 2187 1010 0
a range +83400 +84000 2188 1011 0
a range +83400 +84000 2192 1017 0
a range +84000 +84600 2006 1012 0
a range +84000 +84600 2008 1001 0
a range +84000 +84600 2018 1014 0
a range +83400 +84600 2039 1006 0
a range +84000 +84600 2041 1009 0
a range +84000 +84600 2047 1001 0
a range +84000 +84600 2048 1001 0
a range +84000 +84600 2086 1009 0
a range +84000 +84600 2089 1004 0
a range +84000 +84600 2090 1004 0
a range +84000 +84600 2091 1004 0
a range +84000 +84600 2118 1016 0
a range +83400 +84600 2125 1006 0
a range +84000 +84600 2135 1009 0
a range +84000 +84600 2137 1015 0
a range +84000 +84600 2139 1016 0
a range +84000 +84600 2140 1016 0
a range +84000 +84600 2142 1015 0
a range +83400 +84600 2147 1006 0
a range +84000 +84600 2156 1014 0
a range +84000 +84600 2157 1018 0
a range +84000 +84600 2158 1012 0
a range +84000 +84600 2159 1011 0
a range +84000 +84600 2160 1015 0
a range +84000 +84600 2161 1018 0
a range +84000 +84600 2162 1010 0
a range +84000 +84600 2163 1007 0
a range +84000 +84600 2164 1002 0
a range +84000 +84600 2165 1008 0
a range +84000 +84600 2166 1013 0
a range +84000 +84600 2167 1005 0
a range +84000 +84600 2168 1014 0
a range +84000 +84600 2169 1010 0
a range +84000 +84600 2170 1013 0
a range +84000 +84600 2171 1018 0
a range +84000 +84600 2172 1003 0
a range +84000 +84600 2173 1003 0
a range +84000 +84600 2174 1002 0
a range +84000 +84600 2175 1017 0
a range +84000 +84600 2176 1002 0
a range +84000 +84600 2177 1017 0
a range +84000 +84600 2178 1007 0
a range +84000 +84600 2179 1007 0
a range +84000 +84600 2180 1005 0
a range +84000 +84600 2181 1005 0
a range +84000 +84600 2182 1003 0
a range +84000 +84600 2183 1013 0
a range +84000 +84600 2184 1010 0
a range +84000 +84600 2185 1008 0
a range +84000 +84600 2186 1011 0
a range +84000 +84600 2187 1008 0
a range +84000 +84600 2188 1011 0
a range +84000 +84600 2189 1012 0
a range +84000 +84600 2192 1017 0
a range +84600 +85200 1003 9011 0
a range +84600 +85200 1003 9009 0
a range +84600 +85200 1003 9007 0
a range +84600 +85200 1011 9005 0
a range +84600 +85200 1011 9003 0
a range +84600 +85200 1011 9001 0
a range +84600 +85200 1012 9006 0
a range +84600 +85200 1012 9008 0
a range +84600 +85200 1012 9010 0
a range +84600 +85200 2003 1016 0
a range +84600 +85200 2019 1001 0
a range +84600 +85200 2086 1009 0
a range +84600 +85200 2089 1004 0
a range +84600 +85200 2090 1004 0
a range +84600 +85200 2091 1004 0
a range +84600 +85200 2135 1009 0
a range +84600 +85200 2147 1014 0
a range +84600 +85200 2148 1016 0
a range +84600 +85200 2149 1014 0
a range +84600 +85200 2150 1016 0
a range +84600 +85200 2151 1009 0
a range +84600 +85200 2152 1006 0
a range +84600 +85200 2153 1006 0
a range +84600 +85200 2154 1006 0
a range +84600 +85200 2155 1001 0
a range +84600 +85200 2158 1018 0
a range +84600 +85200 2160 1018 0
a range +84600 +85200 2161 1018 0
a range +84600 +85200 2162 1013 0
a range +84600 +85200 2163 1010 0
a range +84600 +85200 2164 1015 0
a range +84600 +85200 2165 1008 0
a range +84600 +85200 2166 1005 0
a range +84600 +85200 2167 1010 0
a range +84600 +85200 2168 1014 0
a range +84600 +85200 2169 1010 0
a range +84600 +85200 2170 1017 0
a range +84600 +85200 2171 1008 0
a range +84600 +85200 2172 1002 0
a range +84600 +85200 2173 1007 0
a range +84600 +85200 2174 1002 0
a range +84600 +85200 2175 1017 0
a range +84600 +85200 2176 1007 0
a range +84600 +85200 2177 1017 0
a range +84600 +85200 2178 1008 0
a range +84600 +85200 2179 1015 0
a range +84600 +85200 2180 1015 0
a range +84600 +85200 2182 1007 0
a range +84600 +85200 2183 1013 0
a range +84600 +85200 2184 1013 0
a range +84600 +85200 2185 1005 0
a range +84600 +85200 2188 1005 0
a range +84600 +85200 2190 1001 0
a range +84600 +85200 2192 1002 0
a range +85200 +85800 1003 9005 0
a range +85200 +85800 1003 9011 0
a range +85200 +85800 1003 9003 0
a range +85200 +85800 1013 9009 0
a range +85200 +85800 1013 9001 0
a range +85200 +85800 1013 9007 0
a range +85200 +85800 2003 1016 0
a range +85200 +85800 2007 1014 0
a range +85200 +85800 2019 1001 0
a range +85200 +85800 2020 1018 0
a range +85200 +85800 2052 1012 0
a range +85200 +85800 2089 1004 0
a range +85200 +85800 2091 1004 0
a range +85200 +85800 2110 1012 0
a range +85200 +85800 2131 1012 0
a range +85200 +85800 2148 1016 0
a range +85200 +85800 2149 1014 0
a range +85200 +85800 2150 1016 0
a range +85200 +85800 2151 1009 0
a range +85200 +85800 2152 1006 0
a range +85200 +85800 2153 1006 0
a range +85200 +85800 2154 1006 0
a range +85200 +85800 2155 1001 0
a range +85200 +85800 2156 1018 0
a range +85200 +85800 2157 1009 0
a range +85200 +85800 2158 1017 0
a range +85200 +85800 2159 1004 0
a range +85200 +85800 2160 1014 0
a range +85200 +85800 2161 1011 0
a range +85200 +85800 2162 1015 0
a range +85200 +85800 2163 1005 0
a range +85200 +85800 2164 1018 0
a range +85200 +85800 2165 1010 0
a range +85200 +85800 2166 1008 0
a range +85200 +85800 2167 1010 0
a range +85200 +85800 2168 1002 0
a range +85200 +85800 2169 1002 0
a range +85200 +85800 2170 1015 0
a range +85200 +85800 2171 1011 0
a range +85200 +85800 2172 1008 0
a range +85200 +85800 2173 1007 0
a range +85200 +85800 2174 1010 0
a range +85200 +85800 2175 1008 0
a range +85200 +85800 2176 1007 0
a range +85200 +85800 2177 1017 0
a range +85200 +85800 2178 1007 0
a range +85200 +85800 2179 1015 0
a range +85200 +85800 2181 1009 0
a range +85200 +85800 2183 1002 0
a range +85200 +85800 2184 1005 0
a range +85200 +85800 2185 1005 0
a range +85200 +85800 2187 1001 0
a range +85200 +85800 2188 1011 0
a range +85200 +85800 2189 1017 0
a range +85800 +86400 1006 9004 0
a range +85800 +86400 1006 9002 0
a range +85800 +86400 1006 9012 0
a range +85800 +86400 1008 9011 0
a range +85800 +86400 1008 9005 0
a range +85800 +86400 1008 9003 0
a range +85800 +86400 1011 9006 0
a range +85800 +86400 1011 9008 0
a range +85800 +86400 1011 9010 0
a range +85800 +86400 1016 9007 0
a range +85800 +86400 1016 9001 0
a range +85800 +86400 1016 9009 0
a range +85800 +86400 2012 1009 0
a range +85800 +86400 2013 1003 0
a range +85800 +86400 2014 1003 0
a range +85800 +86400 2018 1014 0
a range +85800 +86400 2019 1001 0
a range +85800 +86400 2030 1013 0
a range +85800 +86400 2031 1013 0
a range +85800 +86400 2052 1012 0
a range +85800 +86400 2069 1003 0
a range +85800 +86400 2110 1012 0
a range +85800 +86400 2131 1012 0
a range +85800 +86400 2135 1013 0
a range +85800 +86400 2146 1001 0
a range +85800 +86400 2147 1004 0
a range +85800 +86400 2154 1014 0
a range +85800 +86400 2155 1018 0
a range +85800 +86400 2157 1009 0
a range +85800 +86400 2159 1004 0
a range +85800 +86400 2160 1018 0
a range +85800 +86400 2162 1002 0
a range +85800 +86400 2163 1015 0
a range +85800 +86400 2164 1007 0
a range +85800 +86400 2165 1010 0
a range +85800 +86400 2166 1002 0
a range +85800 +86400 2167 1014 0
a range +85800 +86400 2168 1018 0
a range +85800 +86400 2169 1015 0
a range +85800 +86400 2170 1017 0
a range +85800 +86400 2171 1007 0
a range +85800 +86400 2172 1005 0
a range +85800 +86400 2173 1007 0
a range +85800 +86400 2174 1010 0
a range +85800 +86400 2176 1005 0
a range +85800 +86400 2177 1002 0
a range +85800 +86400 2178 1010 0
a range +85800 +86400 2179 1015 0
a range +85800 +86400 2180 1004 0
a range +85800 +86400 2182 1009 0
a range +85800 +86400 2183 1017 0
a range +85800 +86400 2184 1005 0
a range +85800 +86400 2187 1001 0
a range +85800 +86400 2189 1017 0
