a contact +0 +600 2001 9005 1000
a contact +0 +600 2002 9004 1000
a contact +0 +600 2003 9002 1000
a contact +0 +600 2017 9001 1000
a contact +0 +600 9001 2017 1000
a contact +0 +600 9002 2003 1000
a contact +0 +600 9004 2002 1000
a contact +0 +600 9005 2001 1000
a contact +600 +1200 2001 2002 1000
a contact +600 +1200 2002 2001 1000
a contact +600 +1200 2003 2023 1000
a contact +600 +1200 2004 9005 1000
a contact +600 +1200 2005 2024 1000
a contact +600 +1200 2006 2022 1000
a contact +600 +1200 2007 2021 1000
a contact +600 +1200 2008 2020 1000
a contact +600 +1200 2009 2019 1000
a contact +600 +1200 2010 9004 1000
a contact +600 +1200 2011 2018 1000
a contact +600 +1200 2012 2016 1000
a contact +600 +1200 2013 2014 1000
a contact +600 +1200 2014 2013 1000
a contact +600 +1200 2015 9001 1000
a contact +600 +1200 2016 2012 1000
a contact +600 +1200 2017 9002 1000
a contact +600 +1200 2018 2011 1000
a contact +600 +1200 2019 2009 1000
a contact +600 +1200 2020 2008 1000
a contact +600 +1200 2021 2007 1000
a contact +600 +1200 2022 2006 1000
a contact +600 +1200 2023 2003 1000
a contact +600 +1200 2024 2005 1000
a contact +600 +1200 9001 2015 1000
a contact +600 +1200 9002 2017 1000
a contact +600 +1200 9004 2010 1000
a contact +600 +1200 9005 2004 1000
a contact +1200 +1800 2001 2003 1000
a contact +1200 +1800 2002 2024 1000
a contact +1200 +1800 2003 2001 1000
a contact +1200 +1800 2004 9004 1000
a contact +1200 +1800 2005 2023 1000
a contact +1200 +1800 2006 2021 1000
a contact +1200 +1800 2007 2022 1000
a contact +1200 +1800 2008 2019 1000
a contact +1200 +1800 2009 2020 1000
a contact +1200 +1800 2010 9001 1000
a contact +1200 +1800 2011 2016 1000
a contact +1200 +1800 2012 2018 1000
a contact +1200 +1800 2013 2017 1000
a contact +1200 +1800 2014 9005 1000
a contact +1200 +1800 2015 9002 1000
a contact +1200 +1800 2016 2011 1000
a contact +1200 +1800 2017 2013 1000
a contact +1200 +1800 2018 2012 1000
a contact +1200 +1800 2019 2008 1000
a contact +1200 +1800 2020 2009 1000
a contact +1200 +1800 2021 2006 1000
a contact +1200 +1800 2022 2007 1000
a contact +1200 +1800 2023 2005 1000
a contact +1200 +1800 2024 2002 1000
a contact +1200 +1800 9001 2010 1000
a contact +1200 +1800 9002 2015 1000
a contact +1200 +1800 9004 2004 1000
a contact +1200 +1800 9005 2014 1000
a contact +1800 +2400 2001 2005 1000
a contact +1800 +2400 2002 2013 1000
a contact +1800 +2400 2003 2022 1000
a contact +1800 +2400 2004 9001 1000
a contact +1800 +2400 2005 2001 1000
a contact +1800 +2400 2006 2024 1000
a contact +1800 +2400 2007 2023 1000
a contact +1800 +2400 2008 2021 1000
a contact +1800 +2400 2009 2018 1000
a contact +1800 +2400 2010 9002 1000
a contact +1800 +2400 2011 2020 1000
a contact +1800 +2400 2012 2019 1000
a contact +1800 +2400 2013 2002 1000
a contact +1800 +2400 2014 2017 1000
a contact +1800 +2400 2015 9004 1000
a contact +1800 +2400 2016 9005 1000
a contact +1800 +2400 2017 2014 1000
a contact +1800 +2400 2018 2009 1000
a contact +1800 +2400 2019 2012 1000
a contact +1800 +2400 2020 2011 1000
a contact +1800 +2400 2021 2008 1000
a contact +1800 +2400 2022 2003 1000
a contact +1800 +2400 2023 2007 1000
a contact +1800 +2400 2024 2006 1000
a contact +1800 +2400 9001 2004 1000
a contact +1800 +2400 9002 2010 1000
a contact +1800 +2400 9004 2015 1000
a contact +1800 +2400 9005 2016 1000
a contact +2400 +3000 2001 2006 1000
a contact +2400 +3000 2002 2010 1000
a contact +2400 +3000 2003 2021 1000
a contact +2400 +3000 2004 9002 1000
a contact +2400 +3000 2005 2022 1000
a contact +2400 +3000 2006 2001 1000
a contact +2400 +3000 2007 2018 1000
a contact +2400 +3000 2008 2023 1000
a contact +2400 +3000 2009 2017 1000
a contact +2400 +3000 2010 2002 1000
a contact +2400 +3000 2011 2019 1000
a contact +2400 +3000 2012 2013 1000
a contact +2400 +3000 2013 2012 1000
a contact +2400 +3000 2014 2016 1000
a contact +2400 +3000 2015 9005 1000
a contact +2400 +3000 2016 2014 1000
a contact +2400 +3000 2017 2009 1000
a contact +2400 +3000 2018 2007 1000
a contact +2400 +3000 2019 2011 1000
a contact +2400 +3000 2020 9001 1000
a contact +2400 +3000 2021 2003 1000
a contact +2400 +3000 2022 2005 1000
a contact +2400 +3000 2023 2008 1000
a contact +2400 +3000 2024 9004 1000
a contact +2400 +3000 9001 2020 1000
a contact +2400 +3000 9002 2004 1000
a contact +2400 +3000 9004 2024 1000
a contact +2400 +3000 9005 2015 1000
a contact +3000 +3600 2001 2008 1000
a contact +3000 +3600 2002 2015 1000
a contact +3000 +3600 2003 2004 1000
a contact +3000 +3600 2004 2003 1000
a contact +3000 +3600 2005 2021 1000
a contact +3000 +3600 2006 2023 1000
a contact +3000 +3600 2007 9004 1000
a contact +3000 +3600 2008 2001 1000
a contact +3000 +3600 2009 2024 1000
a contact +3000 +3600 2010 9005 1000
a contact +3000 +3600 2011 2022 1000
a contact +3000 +3600 2012 2017 1000
a contact +3000 +3600 2013 2019 1000
a contact +3000 +3600 2014 2018 1000
a contact +3000 +3600 2015 2002 1000
a contact +3000 +3600 2016 9001 1000
a contact +3000 +3600 2017 2012 1000
a contact +3000 +3600 2018 2014 1000
a contact +3000 +3600 2019 2013 1000
a contact +3000 +3600 2020 9002 1000
a contact +3000 +3600 2021 2005 1000
a contact +3000 +3600 2022 2011 1000
a contact +3000 +3600 2023 2006 1000
a contact +3000 +3600 2024 2009 1000
a contact +3000 +3600 9001 2016 1000
a contact +3000 +3600 9002 2020 1000
a contact +3000 +3600 9004 2007 1000
a contact +3000 +3600 9005 2010 1000
a contact +3600 +4200 2001 2009 1000
a contact +3600 +4200 2002 9005 1000
a contact +3600 +4200 2003 2024 1000
a contact +3600 +4200 2004 2005 1000
a contact +3600 +4200 2005 2004 1000
a contact +3600 +4200 2006 2017 1000
a contact +3600 +4200 2007 9001 1000
a contact +3600 +4200 2008 2022 1000
a contact +3600 +4200 2009 2001 1000
a contact +3600 +4200 2010 2023 1000
a contact +3600 +4200 2011 2021 1000
a contact +3600 +4200 2012 2015 1000
a contact +3600 +4200 2013 2018 1000
a contact +3600 +4200 2014 2019 1000
a contact +3600 +4200 2015 2012 1000
a contact +3600 +4200 2016 9002 1000
a contact +3600 +4200 2017 2006 1000
a contact +3600 +4200 2018 2013 1000
a contact +3600 +4200 2019 2014 1000
a contact +3600 +4200 2020 9004 1000
a contact +3600 +4200 2021 2011 1000
a contact +3600 +4200 2022 2008 1000
a contact +3600 +4200 2023 2010 1000
a contact +3600 +4200 2024 2003 1000
a contact +3600 +4200 9001 2007 1000
a contact +3600 +4200 9002 2016 1000
a contact +3600 +4200 9004 2020 1000
a contact +3600 +4200 9005 2002 1000
a contact +4200 +4800 2001 2010 1000
a contact +4200 +4800 2002 2007 1000
a contact +4200 +4800 2003 2019 1000
a contact +4200 +4800 2004 2006 1000
a contact +4200 +4800 2005 2018 1000
a contact +4200 +4800 2006 2004 1000
a contact +4200 +4800 2007 2002 1000
a contact +4200 +4800 2008 2024 1000
a contact +4200 +4800 2009 2023 1000
a contact +4200 +4800 2010 2001 1000
a contact +4200 +4800 2011 2017 1000
a contact +4200 +4800 2012 9002 1000
a contact +4200 +4800 2013 2022 1000
a contact +4200 +4800 2014 9001 1000
a contact +4200 +4800 2015 2021 1000
a contact +4200 +4800 2016 9004 1000
a contact +4200 +4800 2017 2011 1000
a contact +4200 +4800 2018 2005 1000
a contact +4200 +4800 2019 2003 1000
a contact +4200 +4800 2020 9005 1000
a contact +4200 +4800 2021 2015 1000
a contact +4200 +4800 2022 2013 1000
a contact +4200 +4800 2023 2009 1000
a contact +4200 +4800 2024 2008 1000
a contact +4200 +4800 9001 2014 1000
a contact +4200 +4800 9002 2012 1000
a contact +4200 +4800 9004 2016 1000
a contact +4200 +4800 9005 2020 1000
a contact +4800 +5400 2001 2011 1000
a contact +4800 +5400 2002 2020 1000
a contact +4800 +5400 2003 2016 1000
a contact +4800 +5400 2004 2008 1000
a contact +4800 +5400 2005 2019 1000
a contact +4800 +5400 2006 2007 1000
a contact +4800 +5400 2007 2006 1000
a contact +4800 +5400 2008 2004 1000
a contact +4800 +5400 2009 2021 1000
a contact +4800 +5400 2010 2022 1000
a contact +4800 +5400 2011 2001 1000
a contact +4800 +5400 2012 9001 1000
a contact +4800 +5400 2013 2023 1000
a contact +4800 +5400 2014 9004 1000
a contact +4800 +5400 2015 2018 1000
a contact +4800 +5400 2016 2003 1000
a contact +4800 +5400 2017 9005 1000
a contact +4800 +5400 2018 2015 1000
a contact +4800 +5400 2019 2005 1000
a contact +4800 +5400 2020 2002 1000
a contact +4800 +5400 2021 2009 1000
a contact +4800 +5400 2022 2010 1000
a contact +4800 +5400 2023 2013 1000
a contact +4800 +5400 2024 9002 1000
a contact +4800 +5400 9001 2012 1000
a contact +4800 +5400 9002 2024 1000
a contact +4800 +5400 9004 2014 1000
a contact +4800 +5400 9005 2017 1000
a contact +5400 +6000 2001 2013 1000
a contact +5400 +6000 2002 2016 1000
a contact +5400 +6000 2003 2006 1000
a contact +5400 +6000 2004 2010 1000
a contact +5400 +6000 2005 2009 1000
a contact +5400 +6000 2006 2003 1000
a contact +5400 +6000 2007 2020 1000
a contact +5400 +6000 2008 9005 1000
a contact +5400 +6000 2009 2005 1000
a contact +5400 +6000 2010 2004 1000
a contact +5400 +6000 2011 2023 1000
a contact +5400 +6000 2012 9004 1000
a contact +5400 +6000 2013 2001 1000
a contact +5400 +6000 2014 9002 1000
a contact +5400 +6000 2015 2022 1000
a contact +5400 +6000 2016 2002 1000
a contact +5400 +6000 2017 2021 1000
a contact +5400 +6000 2018 2019 1000
a contact +5400 +6000 2019 2018 1000
a contact +5400 +6000 2020 2007 1000
a contact +5400 +6000 2021 2017 1000
a contact +5400 +6000 2022 2015 1000
a contact +5400 +6000 2023 2011 1000
a contact +5400 +6000 2024 9001 1000
a contact +5400 +6000 9001 2024 1000
a contact +5400 +6000 9002 2014 1000
a contact +5400 +6000 9004 2012 1000
a contact +5400 +6000 9005 2008 1000
a contact +6000 +6600 2001 2004 1000
a contact +6000 +6600 2002 9001 1000
a contact +6000 +6600 2003 2014 1000
a contact +6000 +6600 2004 2001 1000
a contact +6000 +6600 2005 2017 1000
a contact +6000 +6600 2006 2020 1000
a contact +6000 +6600 2007 9002 1000
a contact +6000 +6600 2008 2018 1000
a contact +6000 +6600 2009 2022 1000
a contact +6000 +6600 2010 2024 1000
a contact +6000 +6600 2011 9004 1000
a contact +6000 +6600 2012 9005 1000
a contact +6000 +6600 2013 2021 1000
a contact +6000 +6600 2014 2003 1000
a contact +6000 +6600 2015 2019 1000
a contact +6000 +6600 2016 2023 1000
a contact +6000 +6600 2017 2005 1000
a contact +6000 +6600 2018 2008 1000
a contact +6000 +6600 2019 2015 1000
a contact +6000 +6600 2020 2006 1000
a contact +6000 +6600 2021 2013 1000
a contact +6000 +6600 2022 2009 1000
a contact +6000 +6600 2023 2016 1000
a contact +6000 +6600 2024 2010 1000
a contact +6000 +6600 9001 2002 1000
a contact +6000 +6600 9002 2007 1000
a contact +6000 +6600 9004 2011 1000
a contact +6000 +6600 9005 2012 1000
a contact +6600 +7200 2001 2007 1000
a contact +6600 +7200 2002 9002 1000
a contact +6600 +7200 2003 9004 1000
a contact +6600 +7200 2004 2012 1000
a contact +6600 +7200 2005 9001 1000
a contact +6600 +7200 2006 2019 1000
a contact +6600 +7200 2007 2001 1000
a contact +6600 +7200 2008 2015 1000
a contact +6600 +7200 2009 2011 1000
a contact +6600 +7200 2010 2021 1000
a contact +6600 +7200 2011 2009 1000
a contact +6600 +7200 2012 2004 1000
a contact +6600 +7200 2013 2020 1000
a contact +6600 +7200 2014 2023 1000
a contact +6600 +7200 2015 2008 1000
a contact +6600 +7200 2016 2022 1000
a contact +6600 +7200 2017 2018 1000
a contact +6600 +7200 2018 2017 1000
a contact +6600 +7200 2019 2006 1000
a contact +6600 +7200 2020 2013 1000
a contact +6600 +7200 2021 2010 1000
a contact +6600 +7200 2022 2016 1000
a contact +6600 +7200 2023 2014 1000
a contact +6600 +7200 2024 9005 1000
a contact +6600 +7200 9001 2005 1000
a contact +6600 +7200 9002 2002 1000
a contact +6600 +7200 9004 2003 1000
a contact +6600 +7200 9005 2024 1000
a contact +7200 +7800 2001 2012 1000
a contact +7200 +7800 2002 2022 1000
a contact +7200 +7800 2003 9005 1000
a contact +7200 +7800 2004 2024 1000
a contact +7200 +7800 2005 2020 1000
a contact +7200 +7800 2006 2015 1000
a contact +7200 +7800 2007 2019 1000
a contact +7200 +7800 2008 2017 1000
a contact +7200 +7800 2009 2014 1000
a contact +7200 +7800 2010 2011 1000
a contact +7200 +7800 2011 2010 1000
a contact +7200 +7800 2012 2001 1000
a contact +7200 +7800 2013 9002 1000
a contact +7200 +7800 2014 2009 1000
a contact +7200 +7800 2015 2006 1000
a contact +7200 +7800 2016 2021 1000
a contact +7200 +7800 2017 2008 1000
a contact +7200 +7800 2018 9001 1000
a contact +7200 +7800 2019 2007 1000
a contact +7200 +7800 2020 2005 1000
a contact +7200 +7800 2021 2016 1000
a contact +7200 +7800 2022 2002 1000
a contact +7200 +7800 2023 9004 1000
a contact +7200 +7800 2024 2004 1000
a contact +7200 +7800 9001 2018 1000
a contact +7200 +7800 9002 2013 1000
a contact +7200 +7800 9004 2023 1000
a contact +7200 +7800 9005 2003 1000
a contact +7800 +8400 2001 2014 1000
a contact +7800 +8400 2002 2004 1000
a contact +7800 +8400 2003 2017 1000
a contact +7800 +8400 2004 2002 1000
a contact +7800 +8400 2005 9005 1000
a contact +7800 +8400 2006 2016 1000
a contact +7800 +8400 2007 2024 1000
a contact +7800 +8400 2008 2011 1000
a contact +7800 +8400 2009 2015 1000
a contact +7800 +8400 2010 2020 1000
a contact +7800 +8400 2011 2008 1000
a contact +7800 +8400 2012 2022 1000
a contact +7800 +8400 2013 9004 1000
a contact +7800 +8400 2014 2001 1000
a contact +7800 +8400 2015 2009 1000
a contact +7800 +8400 2016 2006 1000
a contact +7800 +8400 2017 2003 1000
a contact +7800 +8400 2018 9002 1000
a contact +7800 +8400 2019 2021 1000
a contact +7800 +8400 2020 2010 1000
a contact +7800 +8400 2021 2019 1000
a contact +7800 +8400 2022 2012 1000
a contact +7800 +8400 2023 9001 1000
a contact +7800 +8400 2024 2007 1000
a contact +7800 +8400 9001 2023 1000
a contact +7800 +8400 9002 2018 1000
a contact +7800 +8400 9004 2013 1000
a contact +7800 +8400 9005 2005 1000
a contact +8400 +9000 2001 2015 1000
a contact +8400 +9000 2002 2021 1000
a contact +8400 +9000 2003 2018 1000
a contact +8400 +9000 2004 2007 1000
a contact +8400 +9000 2005 2008 1000
a contact +8400 +9000 2006 2009 1000
a contact +8400 +9000 2007 2004 1000
a contact +8400 +9000 2008 2005 1000
a contact +8400 +9000 2009 2006 1000
a contact +8400 +9000 2010 2019 1000
a contact +8400 +9000 2011 9005 1000
a contact +8400 +9000 2012 2024 1000
a contact +8400 +9000 2013 9001 1000
a contact +8400 +9000 2014 2022 1000
a contact +8400 +9000 2015 2001 1000
a contact +8400 +9000 2016 2020 1000
a contact +8400 +9000 2017 9004 1000
a contact +8400 +9000 2018 2003 1000
a contact +8400 +9000 2019 2010 1000
a contact +8400 +9000 2020 2016 1000
a contact +8400 +9000 2021 2002 1000
a contact +8400 +9000 2022 2014 1000
a contact +8400 +9000 2023 9002 1000
a contact +8400 +9000 2024 2012 1000
a contact +8400 +9000 9001 2013 1000
a contact +8400 +9000 9002 2023 1000
a contact +8400 +9000 9004 2017 1000
a contact +8400 +9000 9005 2011 1000
a contact +9000 +9600 2001 2016 1000
a contact +9000 +9600 2002 2019 1000
a contact +9000 +9600 2003 2013 1000
a contact +9000 +9600 2004 2015 1000
a contact +9000 +9600 2005 2010 1000
a contact +9000 +9600 2006 9002 1000
a contact +9000 +9600 2007 2009 1000
a contact +9000 +9600 2008 9004 1000
a contact +9000 +9600 2009 2007 1000
a contact +9000 +9600 2010 2005 1000
a contact +9000 +9600 2011 9001 1000
a contact +9000 +9600 2012 2020 1000
a contact +9000 +9600 2013 2003 1000
a contact +9000 +9600 2014 2024 1000
a contact +9000 +9600 2015 2004 1000
a contact +9000 +9600 2016 2001 1000
a contact +9000 +9600 2017 2023 1000
a contact +9000 +9600 2018 2021 1000
a contact +9000 +9600 2019 2002 1000
a contact +9000 +9600 2020 2012 1000
a contact +9000 +9600 2021 2018 1000
a contact +9000 +9600 2022 9005 1000
a contact +9000 +9600 2023 2017 1000
a contact +9000 +9600 2024 2014 1000
a contact +9000 +9600 9001 2011 1000
a contact +9000 +9600 9002 2006 1000
a contact +9000 +9600 9004 2008 1000
a contact +9000 +9600 9005 2022 1000
a contact +9600 +10200 2001 2017 1000
a contact +9600 +10200 2002 2018 1000
a contact +9600 +10200 2003 9001 1000
a contact +9600 +10200 2004 2013 1000
a contact +9600 +10200 2005 2014 1000
a contact +9600 +10200 2006 2012 1000
a contact +9600 +10200 2007 2010 1000
a contact +9600 +10200 2008 2009 1000
a contact +9600 +10200 2009 2008 1000
a contact +9600 +10200 2010 2007 1000
a contact +9600 +10200 2011 9002 1000
a contact +9600 +10200 2012 2006 1000
a contact +9600 +10200 2013 2004 1000
a contact +9600 +10200 2014 2005 1000
a contact +9600 +10200 2015 2024 1000
a contact +9600 +10200 2016 2019 1000
a contact +9600 +10200 2017 2001 1000
a contact +9600 +10200 2018 2002 1000
a contact +9600 +10200 2019 2016 1000
a contact +9600 +10200 2020 2021 1000
a contact +9600 +10200 2021 2020 1000
a contact +9600 +10200 2022 9004 1000
a contact +9600 +10200 2023 9005 1000
a contact +9600 +10200 2024 2015 1000
a contact +9600 +10200 9001 2003 1000
a contact +9600 +10200 9002 2011 1000
a contact +9600 +10200 9004 2022 1000
a contact +9600 +10200 9005 2023 1000
a contact +10200 +10800 2001 2018 1000
a contact +10200 +10800 2002 2023 1000
a contact +10200 +10800 2003 2020 1000
a contact +10200 +10800 2004 2017 1000
a contact +10200 +10800 2005 2006 1000
a contact +10200 +10800 2006 2005 1000
a contact +10200 +10800 2007 2016 1000
a contact +10200 +10800 2008 9002 1000
a contact +10200 +10800 2009 2012 1000
a contact +10200 +10800 2010 2015 1000
a contact +10200 +10800 2011 2014 1000
a contact +10200 +10800 2012 2009 1000
a contact +10200 +10800 2013 2024 1000
a contact +10200 +10800 2014 2011 1000
a contact +10200 +10800 2015 2010 1000
a contact +10200 +10800 2016 2007 1000
a contact +10200 +10800 2017 2004 1000
a contact +10200 +10800 2018 2001 1000
a contact +10200 +10800 2019 9005 1000
a contact +10200 +10800 2020 2003 1000
a contact +10200 +10800 2021 9004 1000
a contact +10200 +10800 2022 9001 1000
a contact +10200 +10800 2023 2002 1000
a contact +10200 +10800 2024 2013 1000
a contact +10200 +10800 9001 2022 1000
a contact +10200 +10800 9002 2008 1000
a contact +10200 +10800 9004 2021 1000
a contact +10200 +10800 9005 2019 1000
a contact +10800 +11400 2001 2022 1000
a contact +10800 +11400 2002 2009 1000
a contact +10800 +11400 2003 2007 1000
a contact +10800 +11400 2004 2023 1000
a contact +10800 +11400 2005 2013 1000
a contact +10800 +11400 2006 9004 1000
a contact +10800 +11400 2007 2003 1000
a contact +10800 +11400 2008 9001 1000
a contact +10800 +11400 2009 2002 1000
a contact +10800 +11400 2010 2012 1000
a contact +10800 +11400 2011 2015 1000
a contact +10800 +11400 2012 2010 1000
a contact +10800 +11400 2013 2005 1000
a contact +10800 +11400 2014 2020 1000
a contact +10800 +11400 2015 2011 1000
a contact +10800 +11400 2016 2024 1000
a contact +10800 +11400 2017 2019 1000
a contact +10800 +11400 2018 9005 1000
a contact +10800 +11400 2019 2017 1000
a contact +10800 +11400 2020 2014 1000
a contact +10800 +11400 2021 9002 1000
a contact +10800 +11400 2022 2001 1000
a contact +10800 +11400 2023 2004 1000
a contact +10800 +11400 2024 2016 1000
a contact +10800 +11400 9001 2008 1000
a contact +10800 +11400 9002 2021 1000
a contact +10800 +11400 9004 2006 1000
a contact +10800 +11400 9005 2018 1000
a contact +11400 +12000 2001 2019 1000
a contact +11400 +12000 2002 2017 1000
a contact +11400 +12000 2003 2010 1000
a contact +11400 +12000 2004 2011 1000
a contact +11400 +12000 2005 9004 1000
a contact +11400 +12000 2006 9005 1000
a contact +11400 +12000 2007 2008 1000
a contact +11400 +12000 2008 2007 1000
a contact +11400 +12000 2009 2013 1000
a contact +11400 +12000 2010 2003 1000
a contact +11400 +12000 2011 2004 1000
a contact +11400 +12000 2012 2014 1000
a contact +11400 +12000 2013 2009 1000
a contact +11400 +12000 2014 2012 1000
a contact +11400 +12000 2015 2023 1000
a contact +11400 +12000 2016 2018 1000
a contact +11400 +12000 2017 2002 1000
a contact +11400 +12000 2018 2016 1000
a contact +11400 +12000 2019 2001 1000
a contact +11400 +12000 2020 2024 1000
a contact +11400 +12000 2021 9001 1000
a contact +11400 +12000 2022 9002 1000
a contact +11400 +12000 2023 2015 1000
a contact +11400 +12000 2024 2020 1000
a contact +11400 +12000 9001 2021 1000
a contact +11400 +12000 9002 2022 1000
a contact +11400 +12000 9004 2005 1000
a contact +11400 +12000 9005 2006 1000
a contact +12000 +12600 2001 9001 1000
a contact +12000 +12600 2002 2006 1000
a contact +12000 +12600 2003 2015 1000
a contact +12000 +12600 2004 2014 1000
a contact +12000 +12600 2005 9002 1000
a contact +12000 +12600 2006 2002 1000
a contact +12000 +12600 2007 2017 1000
a contact +12000 +12600 2008 2010 1000
a contact +12000 +12600 2009 2016 1000
a contact +12000 +12600 2010 2008 1000
a contact +12000 +12600 2011 2012 1000
a contact +12000 +12600 2012 2011 1000
a contact +12000 +12600 2013 9005 1000
a contact +12000 +12600 2014 2004 1000
a contact +12000 +12600 2015 2003 1000
a contact +12000 +12600 2016 2009 1000
a contact +12000 +12600 2017 2007 1000
a contact +12000 +12600 2018 2023 1000
a contact +12000 +12600 2019 9004 1000
a contact +12000 +12600 2020 2022 1000
a contact +12000 +12600 2021 2024 1000
a contact +12000 +12600 2022 2020 1000
a contact +12000 +12600 2023 2018 1000
a contact +12000 +12600 2024 2021 1000
a contact +12000 +12600 9001 2001 1000
a contact +12000 +12600 9002 2005 1000
a contact +12000 +12600 9004 2019 1000
a contact +12000 +12600 9005 2013 1000
a contact +12600 +13200 2001 2020 1000
a contact +12600 +13200 2002 2003 1000
a contact +12600 +13200 2003 2002 1000
a contact +12600 +13200 2004 2022 1000
a contact +12600 +13200 2005 2016 1000
a contact +12600 +13200 2006 9001 1000
a contact +12600 +13200 2007 2015 1000
a contact +12600 +13200 2008 2013 1000
a contact +12600 +13200 2009 9005 1000
a contact +12600 +13200 2010 2017 1000
a contact +12600 +13200 2011 2024 1000
a contact +12600 +13200 2012 2023 1000
a contact +12600 +13200 2013 2008 1000
a contact +12600 +13200 2014 2021 1000
a contact +12600 +13200 2015 2007 1000
a contact +12600 +13200 2016 2005 1000
a contact +12600 +13200 2017 2010 1000
a contact +12600 +13200 2018 9004 1000
a contact +12600 +13200 2019 9002 1000
a contact +12600 +13200 2020 2001 1000
a contact +12600 +13200 2021 2014 1000
a contact +12600 +13200 2022 2004 1000
a contact +12600 +13200 2023 2012 1000
a contact +12600 +13200 2024 2011 1000
a contact +12600 +13200 9001 2006 1000
a contact +12600 +13200 9002 2019 1000
a contact +12600 +13200 9004 2018 1000
a contact +12600 +13200 9005 2009 1000
a contact +13200 +13800 2001 9004 1000
a contact +13200 +13800 2002 2008 1000
a contact +13200 +13800 2003 2012 1000
a contact +13200 +13800 2004 2016 1000
a contact +13200 +13800 2005 2011 1000
a contact +13200 +13800 2006 2010 1000
a contact +13200 +13800 2007 2014 1000
a contact +13200 +13800 2008 2002 1000
a contact +13200 +13800 2009 9002 1000
a contact +13200 +13800 2010 2006 1000
a contact +13200 +13800 2011 2005 1000
a contact +13200 +13800 2012 2003 1000
a contact +13200 +13800 2013 2015 1000
a contact +13200 +13800 2014 2007 1000
a contact +13200 +13800 2015 2013 1000
a contact +13200 +13800 2016 2004 1000
a contact +13200 +13800 2017 2024 1000
a contact +13200 +13800 2018 2022 1000
a contact +13200 +13800 2019 9001 1000
a contact +13200 +13800 2020 2023 1000
a contact +13200 +13800 2021 9005 1000
a contact +13200 +13800 2022 2018 1000
a contact +13200 +13800 2023 2020 1000
a contact +13200 +13800 2024 2017 1000
a contact +13200 +13800 9001 2019 1000
a contact +13200 +13800 9002 2009 1000
a contact +13200 +13800 9004 2001 1000
a contact +13200 +13800 9005 2021 1000
a contact +13800 +14400 2001 9002 1000
a contact +13800 +14400 2002 9001 1000
a contact +13800 +14400 2003 2011 1000
a contact +13800 +14400 2004 2019 1000
a contact +13800 +14400 2005 2012 1000
a contact +13800 +14400 2006 2014 1000
a contact +13800 +14400 2007 9005 1000
a contact +13800 +14400 2008 2016 1000
a contact +13800 +14400 2009 9004 1000
a contact +13800 +14400 2010 2013 1000
a contact +13800 +14400 2011 2003 1000
a contact +13800 +14400 2012 2005 1000
a contact +13800 +14400 2013 2010 1000
a contact +13800 +14400 2014 2006 1000
a contact +13800 +14400 2015 2020 1000
a contact +13800 +14400 2016 2008 1000
a contact +13800 +14400 2017 2022 1000
a contact +13800 +14400 2018 2024 1000
a contact +13800 +14400 2019 2004 1000
a contact +13800 +14400 2020 2015 1000
a contact +13800 +14400 2021 2023 1000
a contact +13800 +14400 2022 2017 1000
a contact +13800 +14400 2023 2021 1000
a contact +13800 +14400 2024 2018 1000
a contact +13800 +14400 9001 2002 1000
a contact +13800 +14400 9002 2001 1000
a contact +13800 +14400 9004 2009 1000
a contact +13800 +14400 9005 2007 1000
a contact +14400 +15000 2001 2021 1000
a contact +14400 +15000 2002 9004 1000
a contact +14400 +15000 2003 2005 1000
a contact +14400 +15000 2004 2020 1000
a contact +14400 +15000 2005 2003 1000
a contact +14400 +15000 2006 2018 1000
a contact +14400 +15000 2007 2012 1000
a contact +14400 +15000 2008 2014 1000
a contact +14400 +15000 2009 9001 1000
a contact +14400 +15000 2010 2016 1000
a contact +14400 +15000 2011 2013 1000
a contact +14400 +15000 2012 2007 1000
a contact +14400 +15000 2013 2011 1000
a contact +14400 +15000 2014 2008 1000
a contact +14400 +15000 2015 2017 1000
a contact +14400 +15000 2016 2010 1000
a contact +14400 +15000 2017 2015 1000
a contact +14400 +15000 2018 2006 1000
a contact +14400 +15000 2019 2024 1000
a contact +14400 +15000 2020 2004 1000
a contact +14400 +15000 2021 2001 1000
a contact +14400 +15000 2022 2023 1000
a contact +14400 +15000 2023 2022 1000
a contact +14400 +15000 2024 2019 1000
a contact +14400 +15000 9001 2009 1000
a contact +14400 +15000 9002 9005 1000
a contact +14400 +15000 9004 2002 1000
a contact +14400 +15000 9005 9002 1000
a contact +15000 +15600 2001 2023 1000
a contact +15000 +15600 2002 9002 1000
a contact +15000 +15600 2003 2009 1000
a contact +15000 +15600 2004 2018 1000
a contact +15000 +15600 2005 2015 1000
a contact +15000 +15600 2006 2013 1000
a contact +15000 +15600 2007 9005 1000
a contact +15000 +15600 2008 9001 1000
a contact +15000 +15600 2009 2003 1000
a contact +15000 +15600 2010 2014 1000
a contact +15000 +15600 2011 9004 1000
a contact +15000 +15600 2012 2021 1000
a contact +15000 +15600 2013 2006 1000
a contact +15000 +15600 2014 2010 1000
a contact +15000 +15600 2015 2005 1000
a contact +15000 +15600 2016 2017 1000
a contact +15000 +15600 2017 2016 1000
a contact +15000 +15600 2018 2004 1000
a contact +15000 +15600 2019 2020 1000
a contact +15000 +15600 2020 2019 1000
a contact +15000 +15600 2021 2012 1000
a contact +15000 +15600 2022 2024 1000
a contact +15000 +15600 2023 2001 1000
a contact +15000 +15600 2024 2022 1000
a contact +15000 +15600 9001 2008 1000
a contact +15000 +15600 9002 2002 1000
a contact +15000 +15600 9004 2011 1000
a contact +15000 +15600 9005 2007 1000
a contact +15600 +16200 2001 2011 1000
a contact +15600 +16200 2002 2012 1000
a contact +15600 +16200 2003 2008 1000
a contact +15600 +16200 2004 2009 1000
a contact +15600 +16200 2005 9005 1000
a contact +15600 +16200 2006 2007 1000
a contact +15600 +16200 2007 2006 1000
a contact +15600 +16200 2008 2003 1000
a contact +15600 +16200 2009 2004 1000
a contact +15600 +16200 2010 2018 1000
a contact +15600 +16200 2011 2001 1000
a contact +15600 +16200 2012 2002 1000
a contact +15600 +16200 2013 2016 1000
a contact +15600 +16200 2014 2015 1000
a contact +15600 +16200 2015 2014 1000
a contact +15600 +16200 2016 2013 1000
a contact +15600 +16200 2017 2020 1000
a contact +15600 +16200 2018 2010 1000
a contact +15600 +16200 2019 2022 1000
a contact +15600 +16200 2020 2017 1000
a contact +15600 +16200 2021 9002 1000
a contact +15600 +16200 2022 2019 1000
a contact +15600 +16200 2023 2024 1000
a contact +15600 +16200 2024 2023 1000
a contact +15600 +16200 9002 2021 1000
a contact +15600 +16200 9005 2005 1000
a contact +16200 +16800 2001 2024 1000
a contact +16200 +16800 2002 2014 1000
a contact +16200 +16800 2003 2004 1000
a contact +16200 +16800 2004 2003 1000
a contact +16200 +16800 2005 2019 1000
a contact +16200 +16800 2006 2008 1000
a contact +16200 +16800 2007 2017 1000
a contact +16200 +16800 2008 2006 1000
a contact +16200 +16800 2009 2013 1000
a contact +16200 +16800 2010 2011 1000
a contact +16200 +16800 2011 2010 1000
a contact +16200 +16800 2012 9005 1000
a contact +16200 +16800 2013 2009 1000
a contact +16200 +16800 2014 2002 1000
a contact +16200 +16800 2015 2016 1000
a contact +16200 +16800 2016 2015 1000
a contact +16200 +16800 2017 2007 1000
a contact +16200 +16800 2018 2020 1000
a contact +16200 +16800 2019 2005 1000
a contact +16200 +16800 2020 2018 1000
a contact +16200 +16800 2021 2022 1000
a contact +16200 +16800 2022 2021 1000
a contact +16200 +16800 2023 9002 1000
a contact +16200 +16800 2024 2001 1000
a contact +16200 +16800 9002 2023 1000
a contact +16200 +16800 9005 2012 1000
a contact +16800 +17400 2001 2002 1000
a contact +16800 +17400 2002 2001 1000
a contact +16800 +17400 2003 2022 1000
a contact +16800 +17400 2004 2005 1000
a contact +16800 +17400 2005 2004 1000
a contact +16800 +17400 2006 2023 1000
a contact +16800 +17400 2007 2021 1000
a contact +16800 +17400 2008 2020 1000
a contact +16800 +17400 2009 2019 1000
a contact +16800 +17400 2010 2018 1000
a contact +16800 +17400 2011 2017 1000
a contact +16800 +17400 2012 2016 1000
a contact +16800 +17400 2013 2015 1000
a contact +16800 +17400 2014 9002 1000
a contact +16800 +17400 2015 2013 1000
a contact +16800 +17400 2016 2012 1000
a contact +16800 +17400 2017 2011 1000
a contact +16800 +17400 2018 2010 1000
a contact +16800 +17400 2019 2009 1000
a contact +16800 +17400 2020 2008 1000
a contact +16800 +17400 2021 2007 1000
a contact +16800 +17400 2022 2003 1000
a contact +16800 +17400 2023 2006 1000
a contact +16800 +17400 2024 9005 1000
a contact +16800 +17400 9002 2014 1000
a contact +16800 +17400 9005 2024 1000
a contact +17400 +18000 2001 2003 1000
a contact +17400 +18000 2002 2011 1000
a contact +17400 +18000 2003 2001 1000
a contact +17400 +18000 2004 2021 1000
a contact +17400 +18000 2005 2023 1000
a contact +17400 +18000 2006 2022 1000
a contact +17400 +18000 2007 2020 1000
a contact +17400 +18000 2008 2019 1000
a contact +17400 +18000 2009 2017 1000
a contact +17400 +18000 2010 2016 1000
a contact +17400 +18000 2011 2002 1000
a contact +17400 +18000 2012 2015 1000
a contact +17400 +18000 2013 2014 1000
a contact +17400 +18000 2014 2013 1000
a contact +17400 +18000 2015 2012 1000
a contact +17400 +18000 2016 2010 1000
a contact +17400 +18000 2017 2009 1000
a contact +17400 +18000 2018 9005 1000
a contact +17400 +18000 2019 2008 1000
a contact +17400 +18000 2020 2007 1000
a contact +17400 +18000 2021 2004 1000
a contact +17400 +18000 2022 2006 1000
a contact +17400 +18000 2023 2005 1000
a contact +17400 +18000 2024 9002 1000
a contact +17400 +18000 9002 2024 1000
a contact +17400 +18000 9005 2018 1000
a contact +18000 +18600 2001 2006 1000
a contact +18000 +18600 2002 2024 1000
a contact +18000 +18600 2003 2011 1000
a contact +18000 +18600 2004 2008 1000
a contact +18000 +18600 2005 2007 1000
a contact +18000 +18600 2006 2001 1000
a contact +18000 +18600 2007 2005 1000
a contact +18000 +18600 2008 2004 1000
a contact +18000 +18600 2009 2023 1000
a contact +18000 +18600 2010 2022 1000
a contact +18000 +18600 2011 2003 1000
a contact +18000 +18600 2012 2021 1000
a contact +18000 +18600 2013 9005 1000
a contact +18000 +18600 2014 2020 1000
a contact +18000 +18600 2015 2019 1000
a contact +18000 +18600 2016 2017 1000
a contact +18000 +18600 2017 2016 1000
a contact +18000 +18600 2018 9002 1000
a contact +18000 +18600 2019 2015 1000
a contact +18000 +18600 2020 2014 1000
a contact +18000 +18600 2021 2012 1000
a contact +18000 +18600 2022 2010 1000
a contact +18000 +18600 2023 2009 1000
a contact +18000 +18600 2024 2002 1000
a contact +18000 +18600 9002 2018 1000
a contact +18000 +18600 9005 2013 1000
a contact +18600 +19200 2001 2005 1000
a contact +18600 +19200 2002 2018 1000
a contact +18600 +19200 2003 2024 1000
a contact +18600 +19200 2004 2006 1000
a contact +18600 +19200 2005 2001 1000
a contact +18600 +19200 2006 2004 1000
a contact +18600 +19200 2007 2023 1000
a contact +18600 +19200 2008 2022 1000
a contact +18600 +19200 2009 2021 1000
a contact +18600 +19200 2010 2020 1000
a contact +18600 +19200 2011 9005 1000
a contact +18600 +19200 2012 2017 1000
a contact +18600 +19200 2013 9002 1000
a contact +18600 +19200 2014 2019 1000
a contact +18600 +19200 2015 2016 1000
a contact +18600 +19200 2016 2015 1000
a contact +18600 +19200 2017 2012 1000
a contact +18600 +19200 2018 2002 1000
a contact +18600 +19200 2019 2014 1000
a contact +18600 +19200 2020 2010 1000
a contact +18600 +19200 2021 2009 1000
a contact +18600 +19200 2022 2008 1000
a contact +18600 +19200 2023 2007 1000
a contact +18600 +19200 2024 2003 1000
a contact +18600 +19200 9002 2013 1000
a contact +18600 +19200 9005 2011 1000
a contact +19200 +19800 2001 2009 1000
a contact +19200 +19800 2002 2023 1000
a contact +19200 +19800 2003 2018 1000
a contact +19200 +19800 2004 9002 1000
a contact +19200 +19800 2005 2024 1000
a contact +19200 +19800 2006 2011 1000
a contact +19200 +19800 2007 2013 1000
a contact +19200 +19800 2008 9005 1000
a contact +19200 +19800 2009 2001 1000
a contact +19200 +19800 2010 2021 1000
a contact +19200 +19800 2011 2006 1000
a contact +19200 +19800 2012 2022 1000
a contact +19200 +19800 2013 2007 1000
a contact +19200 +19800 2014 2017 1000
a contact +19200 +19800 2015 2020 1000
a contact +19200 +19800 2016 2019 1000
a contact +19200 +19800 2017 2014 1000
a contact +19200 +19800 2018 2003 1000
a contact +19200 +19800 2019 2016 1000
a contact +19200 +19800 2020 2015 1000
a contact +19200 +19800 2021 2010 1000
a contact +19200 +19800 2022 2012 1000
a contact +19200 +19800 2023 2002 1000
a contact +19200 +19800 2024 2005 1000
a contact +19200 +19800 9002 2004 1000
a contact +19200 +19800 9005 2008 1000
a contact +19800 +20400 2001 2007 1000
a contact +19800 +20400 2002 2013 1000
a contact +19800 +20400 2003 2021 1000
a contact +19800 +20400 2004 9005 1000
a contact +19800 +20400 2005 2022 1000
a contact +19800 +20400 2006 2024 1000
a contact +19800 +20400 2007 2001 1000
a contact +19800 +20400 2008 2018 1000
a contact +19800 +20400 2009 2020 1000
a contact +19800 +20400 2010 2019 1000
a contact +19800 +20400 2011 9002 1000
a contact +19800 +20400 2012 2023 1000
a contact +19800 +20400 2013 2002 1000
a contact +19800 +20400 2014 2016 1000
a contact +19800 +20400 2015 2017 1000
a contact +19800 +20400 2016 2014 1000
a contact +19800 +20400 2017 2015 1000
a contact +19800 +20400 2018 2008 1000
a contact +19800 +20400 2019 2010 1000
a contact +19800 +20400 2020 2009 1000
a contact +19800 +20400 2021 2003 1000
a contact +19800 +20400 2022 2005 1000
a contact +19800 +20400 2023 2012 1000
a contact +19800 +20400 2024 2006 1000
a contact +19800 +20400 9002 2011 1000
a contact +19800 +20400 9005 2004 1000
a contact +20400 +21000 2001 2010 1000
a contact +20400 +21000 2002 2021 1000
a contact +20400 +21000 2003 2013 1000
a contact +20400 +21000 2004 2024 1000
a contact +20400 +21000 2005 2020 1000
a contact +20400 +21000 2006 2018 1000
a contact +20400 +21000 2007 2022 1000
a contact +20400 +21000 2008 9002 1000
a contact +20400 +21000 2009 2016 1000
a contact +20400 +21000 2010 2001 1000
a contact +20400 +21000 2011 2015 1000
a contact +20400 +21000 2012 2014 1000
a contact +20400 +21000 2013 2003 1000
a contact +20400 +21000 2014 2012 1000
a contact +20400 +21000 2015 2011 1000
a contact +20400 +21000 2016 2009 1000
a contact +20400 +21000 2017 9005 1000
a contact +20400 +21000 2018 2006 1000
a contact +20400 +21000 2019 2023 1000
a contact +20400 +21000 2020 2005 1000
a contact +20400 +21000 2021 2002 1000
a contact +20400 +21000 2022 2007 1000
a contact +20400 +21000 2023 2019 1000
a contact +20400 +21000 2024 2004 1000
a contact +20400 +21000 9002 2008 1000
a contact +20400 +21000 9005 2017 1000
a contact +21000 +21600 2001 2012 1000
a contact +21000 +21600 2002 2008 1000
a contact +21000 +21600 2003 2020 1000
a contact +21000 +21600 2004 2011 1000
a contact +21000 +21600 2005 2021 1000
a contact +21000 +21600 2006 2019 1000
a contact +21000 +21600 2007 2024 1000
a contact +21000 +21600 2008 2002 1000
a contact +21000 +21600 2009 2022 1000
a contact +21000 +21600 2010 2015 1000
a contact +21000 +21600 2011 2004 1000
a contact +21000 +21600 2012 2001 1000
a contact +21000 +21600 2013 2023 1000
a contact +21000 +21600 2014 2018 1000
a contact +21000 +21600 2015 2010 1000
a contact +21000 +21600 2016 9005 1000
a contact +21000 +21600 2017 9002 1000
a contact +21000 +21600 2018 2014 1000
a contact +21000 +21600 2019 2006 1000
a contact +21000 +21600 2020 2003 1000
a contact +21000 +21600 2021 2005 1000
a contact +21000 +21600 2022 2009 1000
a contact +21000 +21600 2023 2013 1000
a contact +21000 +21600 2024 2007 1000
a contact +21000 +21600 9002 2017 1000
a contact +21000 +21600 9005 2016 1000
a contact +21600 +22200 2001 2013 1000
a contact +21600 +22200 2002 2017 1000
a contact +21600 +22200 2003 2010 1000
a contact +21600 +22200 2004 2007 1000
a contact +21600 +22200 2005 2016 1000
a contact +21600 +22200 2006 2020 1000
a contact +21600 +22200 2007 2004 1000
a contact +21600 +22200 2008 2024 1000
a contact +21600 +22200 2009 2018 1000
a contact +21600 +22200 2010 2003 1000
a contact +21600 +22200 2011 2023 1000
a contact +21600 +22200 2012 2019 1000
a contact +21600 +22200 2013 2001 1000
a contact +21600 +22200 2014 2022 1000
a contact +21600 +22200 2015 9002 1000
a contact +21600 +22200 2016 2005 1000
a contact +21600 +22200 2017 2002 1000
a contact +21600 +22200 2018 2009 1000
a contact +21600 +22200 2019 2012 1000
a contact +21600 +22200 2020 2006 1000
a contact +21600 +22200 2021 9005 1000
a contact +21600 +22200 2022 2014 1000
a contact +21600 +22200 2023 2011 1000
a contact +21600 +22200 2024 2008 1000
a contact +21600 +22200 9002 2015 1000
a contact +21600 +22200 9005 2021 1000
a contact +22200 +22800 2001 2014 1000
a contact +22200 +22800 2002 2019 1000
a contact +22200 +22800 2003 2017 1000
a contact +22200 +22800 2004 2021 1000
a contact +22200 +22800 2005 2008 1000
a contact +22200 +22800 2006 2009 1000
a contact +22200 +22800 2007 2018 1000
a contact +22200 +22800 2008 2005 1000
a contact +22200 +22800 2009 2006 1000
a contact +22200 +22800 2010 9002 1000
a contact +22200 +22800 2011 2024 1000
a contact +22200 +22800 2012 2020 1000
a contact +22200 +22800 2013 2022 1000
a contact +22200 +22800 2014 2001 1000
a contact +22200 +22800 2015 9005 1000
a contact +22200 +22800 2016 2023 1000
a contact +22200 +22800 2017 2003 1000
a contact +22200 +22800 2018 2007 1000
a contact +22200 +22800 2019 2002 1000
a contact +22200 +22800 2020 2012 1000
a contact +22200 +22800 2021 2004 1000
a contact +22200 +22800 2022 2013 1000
a contact +22200 +22800 2023 2016 1000
a contact +22200 +22800 2024 2011 1000
a contact +22200 +22800 9002 2010 1000
a contact +22200 +22800 9005 2015 1000
a contact +22800 +23400 2001 2008 1000
a contact +22800 +23400 2002 2015 1000
a contact +22800 +23400 2003 2019 1000
a contact +22800 +23400 2004 2017 1000
a contact +22800 +23400 2005 2018 1000
a contact +22800 +23400 2006 2021 1000
a contact +22800 +23400 2007 2016 1000
a contact +22800 +23400 2008 2001 1000
a contact +22800 +23400 2009 2012 1000
a contact +22800 +23400 2010 9005 1000
a contact +22800 +23400 2011 2020 1000
a contact +22800 +23400 2012 2009 1000
a contact +22800 +23400 2013 2024 1000
a contact +22800 +23400 2014 2023 1000
a contact +22800 +23400 2015 2002 1000
a contact +22800 +23400 2016 2007 1000
a contact +22800 +23400 2017 2004 1000
a contact +22800 +23400 2018 2005 1000
a contact +22800 +23400 2019 2003 1000
a contact +22800 +23400 2020 2011 1000
a contact +22800 +23400 2021 2006 1000
a contact +22800 +23400 2022 9002 1000
a contact +22800 +23400 2023 2014 1000
a contact +22800 +23400 2024 2013 1000
a contact +22800 +23400 9002 2022 1000
a contact +22800 +23400 9005 2010 1000
a contact +23400 +24000 2001 2016 1000
a contact +23400 +24000 2002 2010 1000
a contact +23400 +24000 2003 9002 1000
a contact +23400 +24000 2004 2015 1000
a contact +23400 +24000 2005 2014 1000
a contact +23400 +24000 2006 2017 1000
a contact +23400 +24000 2007 2019 1000
a contact +23400 +24000 2008 2021 1000
a contact +23400 +24000 2009 9005 1000
a contact +23400 +24000 2010 2002 1000
a contact +23400 +24000 2011 2022 1000
a contact +23400 +24000 2012 2018 1000
a contact +23400 +24000 2013 2020 1000
a contact +23400 +24000 2014 2005 1000
a contact +23400 +24000 2015 2004 1000
a contact +23400 +24000 2016 2001 1000
a contact +23400 +24000 2017 2006 1000
a contact +23400 +24000 2018 2012 1000
a contact +23400 +24000 2019 2007 1000
a contact +23400 +24000 2020 2013 1000
a contact +23400 +24000 2021 2008 1000
a contact +23400 +24000 2022 2011 1000
a contact +23400 +24000 2023 2024 1000
a contact +23400 +24000 2024 2023 1000
a contact +23400 +24000 9002 2003 1000
a contact +23400 +24000 9005 2009 1000
a contact +24000 +24600 2001 2017 1000
a contact +24000 +24600 2002 2004 1000
a contact +24000 +24600 2003 2015 1000
a contact +24000 +24600 2004 2002 1000
a contact +24000 +24600 2005 9002 1000
a contact +24000 +24600 2006 2012 1000
a contact +24000 +24600 2007 2014 1000
a contact +24000 +24600 2008 2010 1000
a contact +24000 +24600 2009 2024 1000
a contact +24000 +24600 2010 2008 1000
a contact +24000 +24600 2011 2021 1000
a contact +24000 +24600 2012 2006 1000
a contact +24000 +24600 2013 2019 1000
a contact +24000 +24600 2014 2007 1000
a contact +24000 +24600 2015 2003 1000
a contact +24000 +24600 2016 2022 1000
a contact +24000 +24600 2017 2001 1000
a contact +24000 +24600 2018 2020 1000
a contact +24000 +24600 2019 2013 1000
a contact +24000 +24600 2020 2018 1000
a contact +24000 +24600 2021 2011 1000
a contact +24000 +24600 2022 2016 1000
a contact +24000 +24600 2023 9005 1000
a contact +24000 +24600 2024 2009 1000
a contact +24000 +24600 9002 2005 1000
a contact +24000 +24600 9005 2023 1000
a contact +24600 +25200 2001 2015 1000
a contact +24600 +25200 2002 2020 1000
a contact +24600 +25200 2003 2014 1000
a contact +24600 +25200 2004 2009 1000
a contact +24600 +25200 2005 2012 1000
a contact +24600 +25200 2006 9002 1000
a contact +24600 +25200 2007 2010 1000
a contact +24600 +25200 2008 2023 1000
a contact +24600 +25200 2009 2004 1000
a contact +24600 +25200 2010 2007 1000
a contact +24600 +25200 2011 2019 1000
a contact +24600 +25200 2012 2005 1000
a contact +24600 +25200 2013 2021 1000
a contact +24600 +25200 2014 2003 1000
a contact +24600 +25200 2015 2001 1000
a contact +24600 +25200 2016 2018 1000
a contact +24600 +25200 2017 2024 1000
a contact +24600 +25200 2018 2016 1000
a contact +24600 +25200 2019 2011 1000
a contact +24600 +25200 2020 2002 1000
a contact +24600 +25200 2021 2013 1000
a contact +24600 +25200 2022 9005 1000
a contact +24600 +25200 2023 2008 1000
a contact +24600 +25200 2024 2017 1000
a contact +24600 +25200 9002 2006 1000
a contact +24600 +25200 9005 2022 1000
a contact +25200 +25800 2001 2018 1000
a contact +25200 +25800 2002 2012 1000
a contact +25200 +25800 2003 2009 1000
a contact +25200 +25800 2004 2010 1000
a contact +25200 +25800 2005 2013 1000
a contact +25200 +25800 2006 2015 1000
a contact +25200 +25800 2007 9002 1000
a contact +25200 +25800 2008 2011 1000
a contact +25200 +25800 2009 2003 1000
a contact +25200 +25800 2010 2004 1000
a contact +25200 +25800 2011 2008 1000
a contact +25200 +25800 2012 2002 1000
a contact +25200 +25800 2013 2005 1000
a contact +25200 +25800 2014 9005 1000
a contact +25200 +25800 2015 2006 1000
a contact +25200 +25800 2016 2024 1000
a contact +25200 +25800 2017 2023 1000
a contact +25200 +25800 2018 2001 1000
a contact +25200 +25800 2019 2022 1000
a contact +25200 +25800 2020 2021 1000
a contact +25200 +25800 2021 2020 1000
a contact +25200 +25800 2022 2019 1000
a contact +25200 +25800 2023 2017 1000
a contact +25200 +25800 2024 2016 1000
a contact +25200 +25800 9002 2007 1000
a contact +25200 +25800 9005 2014 1000
a contact +25800 +26400 2001 2019 1000
a contact +25800 +26400 2002 2014 1000
a contact +25800 +26400 2003 2012 1000
a contact +25800 +26400 2004 2013 1000
a contact +25800 +26400 2005 2011 1000
a contact +25800 +26400 2006 2008 1000
a contact +25800 +26400 2007 2009 1000
a contact +25800 +26400 2008 2006 1000
a contact +25800 +26400 2009 2007 1000
a contact +25800 +26400 2010 2024 1000
a contact +25800 +26400 2011 2005 1000
a contact +25800 +26400 2012 2003 1000
a contact +25800 +26400 2013 2004 1000
a contact +25800 +26400 2014 2002 1000
a contact +25800 +26400 2015 2023 1000
a contact +25800 +26400 2016 9002 1000
a contact +25800 +26400 2017 2021 1000
a contact +25800 +26400 2018 2022 1000
a contact +25800 +26400 2019 2001 1000
a contact +25800 +26400 2020 9005 1000
a contact +25800 +26400 2021 2017 1000
a contact +25800 +26400 2022 2018 1000
a contact +25800 +26400 2023 2015 1000
a contact +25800 +26400 2024 2010 1000
a contact +25800 +26400 9002 2016 1000
a contact +25800 +26400 9005 2020 1000
a contact +26400 +27000 2001 2020 1000
a contact +26400 +27000 2002 2016 1000
a contact +26400 +27000 2003 2008 1000
a contact +26400 +27000 2004 2014 1000
a contact +26400 +27000 2005 2017 1000
a contact +26400 +27000 2006 9005 1000
a contact +26400 +27000 2007 2012 1000
a contact +26400 +27000 2008 2003 1000
a contact +26400 +27000 2009 2011 1000
a contact +26400 +27000 2010 2023 1000
a contact +26400 +27000 2011 2009 1000
a contact +26400 +27000 2012 2007 1000
a contact +26400 +27000 2013 2018 1000
a contact +26400 +27000 2014 2004 1000
a contact +26400 +27000 2015 2021 1000
a contact +26400 +27000 2016 2002 1000
a contact +26400 +27000 2017 2005 1000
a contact +26400 +27000 2018 2013 1000
a contact +26400 +27000 2019 9002 1000
a contact +26400 +27000 2020 2001 1000
a contact +26400 +27000 2021 2015 1000
a contact +26400 +27000 2022 2024 1000
a contact +26400 +27000 2023 2010 1000
a contact +26400 +27000 2024 2022 1000
a contact +26400 +27000 9002 2019 1000
a contact +26400 +27000 9005 2006 1000
a contact +27000 +27600 2001 2021 1000
a contact +27000 +27600 2002 2003 1000
a contact +27000 +27600 2003 2002 1000
a contact +27000 +27600 2004 2012 1000
a contact +27000 +27600 2005 2007 1000
a contact +27000 +27600 2006 2014 1000
a contact +27000 +27600 2007 2005 1000
a contact +27000 +27600 2008 2017 1000
a contact +27000 +27600 2009 9002 1000
a contact +27000 +27600 2010 2013 1000
a contact +27000 +27600 2011 2018 1000
a contact +27000 +27600 2012 2004 1000
a contact +27000 +27600 2013 2010 1000
a contact +27000 +27600 2014 2006 1000
a contact +27000 +27600 2015 2024 1000
a contact +27000 +27600 2016 2020 1000
a contact +27000 +27600 2017 2008 1000
a contact +27000 +27600 2018 2011 1000
a contact +27000 +27600 2019 9005 1000
a contact +27000 +27600 2020 2016 1000
a contact +27000 +27600 2021 2001 1000
a contact +27000 +27600 2022 2023 1000
a contact +27000 +27600 2023 2022 1000
a contact +27000 +27600 2024 2015 1000
a contact +27000 +27600 9002 2009 1000
a contact +27000 +27600 9005 2019 1000
a contact +27600 +28200 2001 2022 1000
a contact +27600 +28200 2002 2011 1000
a contact +27600 +28200 2003 9005 1000
a contact +27600 +28200 2004 2023 1000
a contact +27600 +28200 2005 2010 1000
a contact +27600 +28200 2006 2016 1000
a contact +27600 +28200 2007 2008 1000
a contact +27600 +28200 2008 2007 1000
a contact +27600 +28200 2009 2015 1000
a contact +27600 +28200 2010 2005 1000
a contact +27600 +28200 2011 2002 1000
a contact +27600 +28200 2012 2013 1000
a contact +27600 +28200 2013 2012 1000
a contact +27600 +28200 2014 2024 1000
a contact +27600 +28200 2015 2009 1000
a contact +27600 +28200 2016 2006 1000
a contact +27600 +28200 2017 2019 1000
a contact +27600 +28200 2018 2021 1000
a contact +27600 +28200 2019 2017 1000
a contact +27600 +28200 2020 9002 1000
a contact +27600 +28200 2021 2018 1000
a contact +27600 +28200 2022 2001 1000
a contact +27600 +28200 2023 2004 1000
a contact +27600 +28200 2024 2014 1000
a contact +27600 +28200 9002 2020 1000
a contact +27600 +28200 9005 2003 1000
a contact +28200 +28800 2001 9002 1000
a contact +28200 +28800 2002 9005 1000
a contact +28200 +28800 2003 2016 1000
a contact +28200 +28800 2004 2019 1000
a contact +28200 +28800 2005 2009 1000
a contact +28200 +28800 2006 2010 1000
a contact +28200 +28800 2007 2015 1000
a contact +28200 +28800 2008 2013 1000
a contact +28200 +28800 2009 2005 1000
a contact +28200 +28800 2010 2006 1000
a contact +28200 +28800 2011 2012 1000
a contact +28200 +28800 2012 2011 1000
a contact +28200 +28800 2013 2008 1000
a contact +28200 +28800 2014 2021 1000
a contact +28200 +28800 2015 2007 1000
a contact +28200 +28800 2016 2003 1000
a contact +28200 +28800 2017 2022 1000
a contact +28200 +28800 2018 2024 1000
a contact +28200 +28800 2019 2004 1000
a contact +28200 +28800 2020 2023 1000
a contact +28200 +28800 2021 2014 1000
a contact +28200 +28800 2022 2017 1000
a contact +28200 +28800 2023 2020 1000
a contact +28200 +28800 2024 2018 1000
a contact +28200 +28800 9002 2001 1000
a contact +28200 +28800 9005 2002 1000
a contact +28800 +29400 2001 9005 1000
a contact +28800 +29400 2002 2007 1000
a contact +28800 +29400 2003 2023 1000
a contact +28800 +29400 2004 2016 1000
a contact +28800 +29400 2005 2006 1000
a contact +28800 +29400 2006 2005 1000
a contact +28800 +29400 2007 2002 1000
a contact +28800 +29400 2008 2009 1000
a contact +28800 +29400 2009 2008 1000
a contact +28800 +29400 2010 2014 1000
a contact +28800 +29400 2011 2013 1000
a contact +28800 +29400 2012 9002 1000
a contact +28800 +29400 2013 2011 1000
a contact +28800 +29400 2014 2010 1000
a contact +28800 +29400 2015 2022 1000
a contact +28800 +29400 2016 2004 1000
a contact +28800 +29400 2017 2020 1000
a contact +28800 +29400 2018 2019 1000
a contact +28800 +29400 2019 2018 1000
a contact +28800 +29400 2020 2017 1000
a contact +28800 +29400 2021 2024 1000
a contact +28800 +29400 2022 2015 1000
a contact +28800 +29400 2023 2003 1000
a contact +28800 +29400 2024 2021 1000
a contact +28800 +29400 9002 2012 1000
a contact +28800 +29400 9005 2001 1000
a contact +29400 +30000 2001 2023 1000
a contact +29400 +30000 2002 2006 1000
a contact +29400 +30000 2003 2005 1000
a contact +29400 +30000 2004 2018 1000
a contact +29400 +30000 2005 2003 1000
a contact +29400 +30000 2006 2002 1000
a contact +29400 +30000 2007 9002 1000
a contact +29400 +30000 2008 2015 1000
a contact +29400 +30000 2009 9005 1000
a contact +29400 +30000 2010 2017 1000
a contact +29400 +30000 2011 2014 1000
a contact +29400 +30000 2012 2024 1000
a contact +29400 +30000 2013 2016 1000
a contact +29400 +30000 2014 2011 1000
a contact +29400 +30000 2015 2008 1000
a contact +29400 +30000 2016 2013 1000
a contact +29400 +30000 2017 2010 1000
a contact +29400 +30000 2018 2004 1000
a contact +29400 +30000 2019 2021 1000
a contact +29400 +30000 2020 2022 1000
a contact +29400 +30000 2021 2019 1000
a contact +29400 +30000 2022 2020 1000
a contact +29400 +30000 2023 2001 1000
a contact +29400 +30000 2024 2012 1000
a contact +29400 +30000 9002 2007 1000
a contact +600 +30000 9003 9006 1000
a contact +29400 +30000 9005 2009 1000
a contact +600 +30000 9006 9003 1000
a contact +30000 +30600 2001 2024 1000
a contact +30000 +30600 2002 2022 1000
a contact +30000 +30600 2003 2007 1000
a contact +30000 +30600 2004 2020 1000
a contact +30000 +30600 2005 2015 1000
a contact +30000 +30600 2006 2013 1000
a contact +30000 +30600 2007 2003 1000
a contact +30000 +30600 2008 2014 1000
a contact +30000 +30600 2009 9006 1000
a contact +30000 +30600 2011 2016 1000
a contact +30000 +30600 2013 2006 1000
a contact +30000 +30600 2014 2008 1000
a contact +30000 +30600 2015 2005 1000
a contact +30000 +30600 2016 2011 1000
a contact +30000 +30600 2017 2018 1000
a contact +30000 +30600 2018 2017 1000
a contact +30000 +30600 2019 9003 1000
a contact +30000 +30600 2020 2004 1000
a contact +30000 +30600 2021 2023 1000
a contact +30000 +30600 2022 2002 1000
a contact +30000 +30600 2023 2021 1000
a contact +30000 +30600 2024 2001 1000
a contact +30000 +30600 9002 9005 1000
a contact +30000 +30600 9003 2019 1000
a contact +30000 +30600 9005 9002 1000
a contact +30000 +30600 9006 2009 1000
a contact +30600 +31200 2001 2002 1000
a contact +30600 +31200 2002 2001 1000
a contact +30600 +31200 2003 9005 1000
a contact +30600 +31200 2004 2022 1000
a contact +30600 +31200 2005 2017 1000
a contact +30600 +31200 2006 2011 1000
a contact +30600 +31200 2007 2013 1000
a contact +30600 +31200 2008 9003 1000
a contact +30600 +31200 2009 2014 1000
a contact +30000 +31200 2010 2012 1000
a contact +30600 +31200 2011 2006 1000
a contact +30000 +31200 2012 2010 1000
a contact +30600 +31200 2013 2007 1000
a contact +30600 +31200 2014 2009 1000
a contact +30600 +31200 2015 2018 1000
a contact +30600 +31200 2016 2021 1000
a contact +30600 +31200 2017 2005 1000
a contact +30600 +31200 2018 2015 1000
a contact +30600 +31200 2019 2020 1000
a contact +30600 +31200 2020 2019 1000
a contact +30600 +31200 2021 2016 1000
a contact +30600 +31200 2022 2004 1000
a contact +30600 +31200 2023 9002 1000
a contact +30600 +31200 2024 9006 1000
a contact +30600 +31200 9002 2023 1000
a contact +30600 +31200 9003 2008 1000
a contact +30600 +31200 9005 2003 1000
a contact +30600 +31200 9006 2024 1000
a contact +31200 +31800 2001 2003 1000
a contact +31200 +31800 2002 2009 1000
a contact +31200 +31800 2003 2001 1000
a contact +31200 +31800 2004 9005 1000
a contact +31200 +31800 2005 2020 1000
a contact +31200 +31800 2006 2018 1000
a contact +31200 +31800 2007 2016 1000
a contact +31200 +31800 2008 9002 1000
a contact +31200 +31800 2009 2002 1000
a contact +31200 +31800 2010 9003 1000
a contact +31200 +31800 2011 2012 1000
a contact +31200 +31800 2012 2011 1000
a contact +31200 +31800 2014 2015 1000
a contact +31200 +31800 2015 2014 1000
a contact +31200 +31800 2016 2007 1000
a contact +31200 +31800 2018 2006 1000
a contact +31200 +31800 2019 2024 1000
a contact +31200 +31800 2020 2005 1000
a contact +31200 +31800 2021 2022 1000
a contact +31200 +31800 2022 2021 1000
a contact +31200 +31800 2023 9006 1000
a contact +31200 +31800 2024 2019 1000
a contact +31200 +31800 9002 2008 1000
a contact +31200 +31800 9003 2010 1000
a contact +31200 +31800 9005 2004 1000
a contact +31200 +31800 9006 2023 1000
a contact +31800 +32400 2001 2005 1000
a contact +31800 +32400 2002 2008 1000
a contact +31800 +32400 2003 2004 1000
a contact +31800 +32400 2004 2003 1000
a contact +31800 +32400 2005 2001 1000
a contact +31800 +32400 2006 2024 1000
a contact +31800 +32400 2007 2023 1000
a contact +31800 +32400 2008 2002 1000
a contact +31800 +32400 2009 2021 1000
a contact +31800 +32400 2010 9002 1000
a contact +31800 +32400 2011 2018 1000
a contact +31800 +32400 2012 2020 1000
a contact +31200 +32400 2013 2017 1000
a contact +31800 +32400 2014 2016 1000
a contact +31800 +32400 2015 9005 1000
a contact +31800 +32400 2016 2014 1000
a contact +31200 +32400 2017 2013 1000
a contact +31800 +32400 2018 2011 1000
a contact +31800 +32400 2019 9006 1000
a contact +31800 +32400 2020 2012 1000
a contact +31800 +32400 2021 2009 1000
a contact +31800 +32400 2022 9003 1000
a contact +31800 +32400 2023 2007 1000
a contact +31800 +32400 2024 2006 1000
a contact +31800 +32400 9002 2010 1000
a contact +31800 +32400 9003 2022 1000
a contact +31800 +32400 9005 2015 1000
a contact +31800 +32400 9006 2019 1000
a contact +32400 +33000 2001 2006 1000
a contact +32400 +33000 2002 2004 1000
a contact +32400 +33000 2003 2008 1000
a contact +32400 +33000 2004 2002 1000
a contact +32400 +33000 2005 2021 1000
a contact +32400 +33000 2006 2001 1000
a contact +32400 +33000 2007 2024 1000
a contact +32400 +33000 2008 2003 1000
a contact +32400 +33000 2009 2020 1000
a contact +32400 +33000 2010 9006 1000
a contact +32400 +33000 2011 2019 1000
a contact +32400 +33000 2012 2016 1000
a contact +32400 +33000 2013 2014 1000
a contact +32400 +33000 2014 2013 1000
a contact +32400 +33000 2015 9002 1000
a contact +32400 +33000 2016 2012 1000
a contact +32400 +33000 2017 9003 1000
a contact +32400 +33000 2018 2023 1000
a contact +32400 +33000 2019 2011 1000
a contact +32400 +33000 2020 2009 1000
a contact +32400 +33000 2021 2005 1000
a contact +32400 +33000 2022 9005 1000
a contact +32400 +33000 2023 2018 1000
a contact +32400 +33000 2024 2007 1000
a contact +32400 +33000 9002 2015 1000
a contact +32400 +33000 9003 2017 1000
a contact +32400 +33000 9005 2022 1000
a contact +32400 +33000 9006 2010 1000
a contact +33000 +33600 2001 2007 1000
a contact +33000 +33600 2002 2024 1000
a contact +33000 +33600 2003 2023 1000
a contact +33000 +33600 2004 2005 1000
a contact +33000 +33600 2005 2004 1000
a contact +33000 +33600 2006 2021 1000
a contact +33000 +33600 2007 2001 1000
a contact +33000 +33600 2008 2019 1000
a contact +33000 +33600 2009 2016 1000
a contact +33000 +33600 2010 9005 1000
a contact +33000 +33600 2011 2020 1000
a contact +33000 +33600 2012 2018 1000
a contact +33000 +33600 2013 2022 1000
a contact +33000 +33600 2014 9006 1000
a contact +33000 +33600 2015 9003 1000
a contact +33000 +33600 2016 2009 1000
a contact +33000 +33600 2017 9002 1000
a contact +33000 +33600 2018 2012 1000
a contact +33000 +33600 2019 2008 1000
a contact +33000 +33600 2020 2011 1000
a contact +33000 +33600 2021 2006 1000
a contact +33000 +33600 2022 2013 1000
a contact +33000 +33600 2023 2003 1000
a contact +33000 +33600 2024 2002 1000
a contact +33000 +33600 9002 2017 1000
a contact +33000 +33600 9003 2015 1000
a contact +33000 +33600 9005 2010 1000
a contact +33000 +33600 9006 2014 1000
a contact +33600 +34200 2001 2008 1000
a contact +33600 +34200 2002 2021 1000
a contact +33600 +34200 2003 2020 1000
a contact +33600 +34200 2004 9003 1000
a contact +33600 +34200 2005 2023 1000
a contact +33600 +34200 2006 2019 1000
a contact +33600 +34200 2007 2018 1000
a contact +33600 +34200 2008 2001 1000
a contact +33600 +34200 2009 2014 1000
a contact +33600 +34200 2010 2024 1000
a contact +33600 +34200 2011 2016 1000
a contact +33600 +34200 2012 2013 1000
a contact +33600 +34200 2013 2012 1000
a contact +33600 +34200 2014 2009 1000
a contact +33600 +34200 2015 9006 1000
a contact +33600 +34200 2016 2011 1000
a contact +33600 +34200 2017 9005 1000
a contact +33600 +34200 2018 2007 1000
a contact +33600 +34200 2019 2006 1000
a contact +33600 +34200 2020 2003 1000
a contact +33600 +34200 2021 2002 1000
a contact +33600 +34200 2022 9002 1000
a contact +33600 +34200 2023 2005 1000
a contact +33600 +34200 2024 2010 1000
a contact +33600 +34200 9002 2022 1000
a contact +33600 +34200 9003 2004 1000
a contact +33600 +34200 9005 2017 1000
a contact +33600 +34200 9006 2015 1000
a contact +34200 +34800 2001 2009 1000
a contact +34200 +34800 2002 2015 1000
a contact +34200 +34800 2003 2021 1000
a contact +34200 +34800 2004 9002 1000
a contact +34200 +34800 2005 2019 1000
a contact +34200 +34800 2006 2020 1000
a contact +34200 +34800 2007 2017 1000
a contact +34200 +34800 2008 2016 1000
a contact +34200 +34800 2009 2001 1000
a contact +34200 +34800 2010 2018 1000
a contact +34200 +34800 2011 2014 1000
a contact +34200 +34800 2012 2022 1000
a contact +34200 +34800 2013 9006 1000
a contact +34200 +34800 2014 2011 1000
a contact +34200 +34800 2015 2002 1000
a contact +34200 +34800 2016 2008 1000
a contact +34200 +34800 2017 2007 1000
a contact +34200 +34800 2018 2010 1000
a contact +34200 +34800 2019 2005 1000
a contact +34200 +34800 2020 2006 1000
a contact +34200 +34800 2021 2003 1000
a contact +34200 +34800 2022 2012 1000
a contact +34200 +34800 2023 9005 1000
a contact +34200 +34800 2024 9003 1000
a contact +34200 +34800 9002 2004 1000
a contact +34200 +34800 9003 2024 1000
a contact +34200 +34800 9005 2023 1000
a contact +34200 +34800 9006 2013 1000
a contact +34800 +35400 2001 2010 1000
a contact +34800 +35400 2002 9006 1000
a contact +34800 +35400 2003 2019 1000
a contact +34800 +35400 2004 2006 1000
a contact +34800 +35400 2005 2018 1000
a contact +34800 +35400 2006 2004 1000
a contact +34800 +35400 2007 2021 1000
a contact +34800 +35400 2008 2020 1000
a contact +34800 +35400 2009 2022 1000
a contact +34800 +35400 2010 2001 1000
a contact +34800 +35400 2011 2017 1000
a contact +34800 +35400 2012 2015 1000
a contact +34800 +35400 2013 2016 1000
a contact +34800 +35400 2014 9005 1000
a contact +34800 +35400 2015 2012 1000
a contact +34800 +35400 2016 2013 1000
a contact +34800 +35400 2017 2011 1000
a contact +34800 +35400 2018 2005 1000
a contact +34800 +35400 2019 2003 1000
a contact +34800 +35400 2020 2008 1000
a contact +34800 +35400 2021 2007 1000
a contact +34800 +35400 2022 2009 1000
a contact +34800 +35400 2023 9003 1000
a contact +34800 +35400 2024 9002 1000
a contact +34800 +35400 9002 2024 1000
a contact +34800 +35400 9003 2023 1000
a contact +34800 +35400 9005 2014 1000
a contact +34800 +35400 9006 2002 1000
a contact +35400 +36000 2001 2011 1000
a contact +35400 +36000 2002 2020 1000
a contact +35400 +36000 2003 2018 1000
a contact +35400 +36000 2004 2007 1000
a contact +35400 +36000 2005 2013 1000
a contact +35400 +36000 2006 2023 1000
a contact +35400 +36000 2007 2004 1000
a contact +35400 +36000 2008 2024 1000
a contact +35400 +36000 2009 2019 1000
a contact +35400 +36000 2010 2021 1000
a contact +35400 +36000 2011 2001 1000
a contact +35400 +36000 2012 9002 1000
a contact +35400 +36000 2013 2005 1000
a contact +35400 +36000 2014 9003 1000
a contact +35400 +36000 2015 2017 1000
a contact +35400 +36000 2016 9005 1000
a contact +35400 +36000 2017 2015 1000
a contact +35400 +36000 2018 2003 1000
a contact +35400 +36000 2019 2009 1000
a contact +35400 +36000 2020 2002 1000
a contact +35400 +36000 2021 2010 1000
a contact +35400 +36000 2022 9006 1000
a contact +35400 +36000 2023 2006 1000
a contact +35400 +36000 2024 2008 1000
a contact +35400 +36000 9002 2012 1000
a contact +35400 +36000 9003 2014 1000
a contact +35400 +36000 9005 2016 1000
a contact +35400 +36000 9006 2022 1000
a contact +36000 +36600 2001 2013 1000
a contact +36000 +36600 2002 2003 1000
a contact +36000 +36600 2003 2002 1000
a contact +36000 +36600 2004 2008 1000
a contact +36000 +36600 2005 2009 1000
a contact +36000 +36600 2006 2017 1000
a contact +36000 +36600 2007 2015 1000
a contact +36000 +36600 2008 2004 1000
a contact +36000 +36600 2009 2005 1000
a contact +36000 +36600 2010 2022 1000
a contact +36000 +36600 2011 2021 1000
a contact +36000 +36600 2012 9006 1000
a contact +36000 +36600 2013 2001 1000
a contact +36000 +36600 2014 9002 1000
a contact +36000 +36600 2015 2007 1000
a contact +36000 +36600 2016 9003 1000
a contact +36000 +36600 2017 2006 1000
a contact +36000 +36600 2018 2020 1000
a contact +36000 +36600 2019 2023 1000
a contact +36000 +36600 2020 2018 1000
a contact +36000 +36600 2021 2011 1000
a contact +36000 +36600 2022 2010 1000
a contact +36000 +36600 2023 2019 1000
a contact +36000 +36600 2024 9005 1000
a contact +36000 +36600 9002 2014 1000
a contact +36000 +36600 9003 2016 1000
a contact +36000 +36600 9005 2024 1000
a contact +36000 +36600 9006 2012 1000
a contact +36600 +37200 2001 2015 1000
a contact +36600 +37200 2002 2022 1000
a contact +36600 +37200 2003 2014 1000
a contact +36600 +37200 2004 2024 1000
a contact +36600 +37200 2005 2006 1000
a contact +36600 +37200 2006 2005 1000
a contact +36600 +37200 2007 2019 1000
a contact +36600 +37200 2008 2023 1000
a contact +36600 +37200 2009 2018 1000
a contact +36600 +37200 2010 2017 1000
a contact +36600 +37200 2011 9006 1000
a contact +36600 +37200 2012 9005 1000
a contact +36600 +37200 2013 2021 1000
a contact +36600 +37200 2014 2003 1000
a contact +36600 +37200 2015 2001 1000
a contact +36600 +37200 2016 9002 1000
a contact +36600 +37200 2017 2010 1000
a contact +36600 +37200 2018 2009 1000
a contact +36600 +37200 2019 2007 1000
a contact +36600 +37200 2020 9003 1000
a contact +36600 +37200 2021 2013 1000
a contact +36600 +37200 2022 2002 1000
a contact +36600 +37200 2023 2008 1000
a contact +36600 +37200 2024 2004 1000
a contact +36600 +37200 9002 2016 1000
a contact +36600 +37200 9003 2020 1000
a contact +36600 +37200 9005 2012 1000
a contact +36600 +37200 9006 2011 1000
a contact +37200 +37800 2001 2012 1000
a contact +37200 +37800 2002 2014 1000
a contact +37200 +37800 2003 2022 1000
a contact +37200 +37800 2004 2010 1000
a contact +37200 +37800 2005 2007 1000
a contact +37200 +37800 2006 2016 1000
a contact +37200 +37800 2007 2005 1000
a contact +37200 +37800 2008 2018 1000
a contact +37200 +37800 2009 9003 1000
a contact +37200 +37800 2010 2004 1000
a contact +37200 +37800 2011 2023 1000
a contact +37200 +37800 2012 2001 1000
a contact +37200 +37800 2013 2019 1000
a contact +37200 +37800 2014 2002 1000
a contact +37200 +37800 2015 2024 1000
a contact +37200 +37800 2016 2006 1000
a contact +37200 +37800 2017 9006 1000
a contact +37200 +37800 2018 2008 1000
a contact +37200 +37800 2019 2013 1000
a contact +37200 +37800 2020 9005 1000
a contact +37200 +37800 2021 9002 1000
a contact +37200 +37800 2022 2003 1000
a contact +37200 +37800 2023 2011 1000
a contact +37200 +37800 2024 2015 1000
a contact +37200 +37800 9002 2021 1000
a contact +37200 +37800 9003 2009 1000
a contact +37200 +37800 9005 2020 1000
a contact +37200 +37800 9006 2017 1000
a contact +37800 +38400 2001 2017 1000
a contact +37800 +38400 2002 2023 1000
a contact +37800 +38400 2003 2012 1000
a contact +37800 +38400 2004 2022 1000
a contact +37800 +38400 2005 2014 1000
a contact +37800 +38400 2006 2015 1000
a contact +37800 +38400 2007 2008 1000
a contact +37800 +38400 2008 2007 1000
a contact +37800 +38400 2009 2024 1000
a contact +37800 +38400 2010 2019 1000
a contact +37800 +38400 2011 9003 1000
a contact +37800 +38400 2012 2003 1000
a contact +37800 +38400 2013 2018 1000
a contact +37800 +38400 2014 2005 1000
a contact +37800 +38400 2015 2006 1000
a contact +37800 +38400 2016 9006 1000
a contact +37800 +38400 2017 2001 1000
a contact +37800 +38400 2018 2013 1000
a contact +37800 +38400 2019 2010 1000
a contact +37800 +38400 2020 9002 1000
a contact +37800 +38400 2021 9005 1000
a contact +37800 +38400 2022 2004 1000
a contact +37800 +38400 2023 2002 1000
a contact +37800 +38400 2024 2009 1000
a contact +37800 +38400 9002 2020 1000
a contact +37800 +38400 9003 2011 1000
a contact +37800 +38400 9005 2021 1000
a contact +37800 +38400 9006 2016 1000
a contact +38400 +39000 2001 2014 1000
a contact +38400 +39000 2002 2018 1000
a contact +38400 +39000 2003 2017 1000
a contact +38400 +39000 2004 2009 1000
a contact +38400 +39000 2005 2022 1000
a contact +38400 +39000 2006 2007 1000
a contact +38400 +39000 2007 2006 1000
a contact +38400 +39000 2008 2016 1000
a contact +38400 +39000 2009 2004 1000
a contact +38400 +39000 2010 2023 1000
a contact +38400 +39000 2011 9005 1000
a contact +38400 +39000 2012 2024 1000
a contact +38400 +39000 2013 2015 1000
a contact +38400 +39000 2014 2001 1000
a contact +38400 +39000 2015 2013 1000
a contact +38400 +39000 2016 2008 1000
a contact +38400 +39000 2017 2003 1000
a contact +38400 +39000 2018 2002 1000
a contact +38400 +39000 2019 9002 1000
a contact +38400 +39000 2020 9006 1000
a contact +38400 +39000 2021 9003 1000
a contact +38400 +39000 2022 2005 1000
a contact +38400 +39000 2023 2010 1000
a contact +38400 +39000 2024 2012 1000
a contact +38400 +39000 9002 2019 1000
a contact +38400 +39000 9003 2021 1000
a contact +38400 +39000 9005 2011 1000
a contact +38400 +39000 9006 2020 1000
a contact +39000 +39600 2001 2016 1000
a contact +39000 +39600 2002 2019 1000
a contact +39000 +39600 2003 2015 1000
a contact +39000 +39600 2004 2020 1000
a contact +39000 +39600 2005 2024 1000
a contact +39000 +39600 2006 2022 1000
a contact +39000 +39600 2007 2010 1000
a contact +39000 +39600 2008 9005 1000
a contact +39000 +39600 2009 2023 1000
a contact +39000 +39600 2010 2007 1000
a contact +39000 +39600 2011 9002 1000
a contact +39000 +39600 2012 2021 1000
a contact +39000 +39600 2013 9003 1000
a contact +39000 +39600 2014 2017 1000
a contact +39000 +39600 2015 2003 1000
a contact +39000 +39600 2016 2001 1000
a contact +39000 +39600 2017 2014 1000
a contact +39000 +39600 2018 9006 1000
a contact +39000 +39600 2019 2002 1000
a contact +39000 +39600 2020 2004 1000
a contact +39000 +39600 2021 2012 1000
a contact +39000 +39600 2022 2006 1000
a contact +39000 +39600 2023 2009 1000
a contact +39000 +39600 2024 2005 1000
a contact +39000 +39600 9002 2011 1000
a contact +39000 +39600 9003 2013 1000
a contact +39000 +39600 9005 2008 1000
a contact +39000 +39600 9006 2018 1000
a contact +39600 +40200 2001 2020 1000
a contact +39600 +40200 2002 2016 1000
a contact +39600 +40200 2003 2024 1000
a contact +39600 +40200 2004 2012 1000
a contact +39600 +40200 2005 2010 1000
a contact +39600 +40200 2006 2008 1000
a contact +39600 +40200 2007 9006 1000
a contact +39600 +40200 2008 2006 1000
a contact +39600 +40200 2009 2017 1000
a contact +39600 +40200 2010 2005 1000
a contact +39600 +40200 2011 2022 1000
a contact +39600 +40200 2012 2004 1000
a contact +39600 +40200 2013 9002 1000
a contact +39600 +40200 2014 2023 1000
a contact +39600 +40200 2015 2021 1000
a contact +39600 +40200 2016 2002 1000
a contact +39600 +40200 2017 2009 1000
a contact +39600 +40200 2018 9003 1000
a contact +39600 +40200 2019 9005 1000
a contact +39600 +40200 2020 2001 1000
a contact +39600 +40200 2021 2015 1000
a contact +39600 +40200 2022 2011 1000
a contact +39600 +40200 2023 2014 1000
a contact +39600 +40200 2024 2003 1000
a contact +39600 +40200 9002 2013 1000
a contact +39600 +40200 9003 2018 1000
a contact +39600 +40200 9005 2019 1000
a contact +39600 +40200 9006 2007 1000
a contact +40200 +40800 2001 2019 1000
a contact +40200 +40800 2002 2011 1000
a contact +40200 +40800 2003 2010 1000
a contact +40200 +40800 2004 2016 1000
a contact +40200 +40800 2005 2015 1000
a contact +40200 +40800 2006 2009 1000
a contact +40200 +40800 2007 9005 1000
a contact +40200 +40800 2008 9006 1000
a contact +40200 +40800 2009 2006 1000
a contact +40200 +40800 2010 2003 1000
a contact +40200 +40800 2011 2002 1000
a contact +40200 +40800 2012 9003 1000
a contact +40200 +40800 2013 2023 1000
a contact +40200 +40800 2014 2022 1000
a contact +40200 +40800 2015 2005 1000
a contact +40200 +40800 2016 2004 1000
a contact +40200 +40800 2017 2024 1000
a contact +40200 +40800 2018 9002 1000
a contact +40200 +40800 2019 2001 1000
a contact +40200 +40800 2020 2021 1000
a contact +40200 +40800 2021 2020 1000
a contact +40200 +40800 2022 2014 1000
a contact +40200 +40800 2023 2013 1000
a contact +40200 +40800 2024 2017 1000
a contact +40200 +40800 9002 2018 1000
a contact +40200 +40800 9003 2012 1000
a contact +40200 +40800 9005 2007 1000
a contact +40200 +40800 9006 2008 1000
a contact +40800 +41400 2001 9006 1000
a contact +40800 +41400 2002 2013 1000
a contact +40800 +41400 2003 9002 1000
a contact +40800 +41400 2004 2011 1000
a contact +40800 +41400 2005 2012 1000
a contact +40800 +41400 2006 2014 1000
a contact +40800 +41400 2007 9003 1000
a contact +40800 +41400 2008 2010 1000
a contact +40800 +41400 2009 2015 1000
a contact +40800 +41400 2010 2008 1000
a contact +40800 +41400 2011 2004 1000
a contact +40800 +41400 2012 2005 1000
a contact +40800 +41400 2013 2002 1000
a contact +40800 +41400 2014 2006 1000
a contact +40800 +41400 2015 2009 1000
a contact +40800 +41400 2016 2022 1000
a contact +40800 +41400 2017 2021 1000
a contact +40800 +41400 2018 9005 1000
a contact +40800 +41400 2019 2023 1000
a contact +40800 +41400 2020 2024 1000
a contact +40800 +41400 2021 2017 1000
a contact +40800 +41400 2022 2016 1000
a contact +40800 +41400 2023 2019 1000
a contact +40800 +41400 2024 2020 1000
a contact +40800 +41400 9002 2003 1000
a contact +40800 +41400 9003 2007 1000
a contact +40800 +41400 9005 2018 1000
a contact +40800 +41400 9006 2001 1000
a contact +41400 +42000 2001 2021 1000
a contact +41400 +42000 2002 2010 1000
a contact +41400 +42000 2003 9006 1000
a contact +41400 +42000 2004 2023 1000
a contact +41400 +42000 2005 9003 1000
a contact +41400 +42000 2006 2012 1000
a contact +41400 +42000 2007 2022 1000
a contact +41400 +42000 2008 2011 1000
a contact +41400 +42000 2009 9002 1000
a contact +41400 +42000 2010 2002 1000
a contact +41400 +42000 2011 2008 1000
a contact +41400 +42000 2012 2006 1000
a contact +41400 +42000 2013 9005 1000
a contact +41400 +42000 2014 2018 1000
a contact +41400 +42000 2015 2019 1000
a contact +41400 +42000 2016 2024 1000
a contact +41400 +42000 2017 2020 1000
a contact +41400 +42000 2018 2014 1000
a contact +41400 +42000 2019 2015 1000
a contact +41400 +42000 2020 2017 1000
a contact +41400 +42000 2021 2001 1000
a contact +41400 +42000 2022 2007 1000
a contact +41400 +42000 2023 2004 1000
a contact +41400 +42000 2024 2016 1000
a contact +41400 +42000 9002 2009 1000
a contact +41400 +42000 9003 2005 1000
a contact +41400 +42000 9005 2013 1000
a contact +41400 +42000 9006 2003 1000
a contact +42000 +42600 2001 2018 1000
a contact +42000 +42600 2002 9005 1000
a contact +42000 +42600 2003 9003 1000
a contact +42000 +42600 2004 9006 1000
a contact +42000 +42600 2005 9002 1000
a contact +42000 +42600 2006 2010 1000
a contact +42000 +42600 2007 2020 1000
a contact +42000 +42600 2008 2022 1000
a contact +42000 +42600 2009 2012 1000
a contact +42000 +42600 2010 2006 1000
a contact +42000 +42600 2011 2013 1000
a contact +42000 +42600 2012 2009 1000
a contact +42000 +42600 2013 2011 1000
a contact +42000 +42600 2014 2024 1000
a contact +42000 +42600 2015 2023 1000
a contact +42000 +42600 2016 2021 1000
a contact +42000 +42600 2017 2019 1000
a contact +42000 +42600 2018 2001 1000
a contact +42000 +42600 2019 2017 1000
a contact +42000 +42600 2020 2007 1000
a contact +42000 +42600 2021 2016 1000
a contact +42000 +42600 2022 2008 1000
a contact +42000 +42600 2023 2015 1000
a contact +42000 +42600 2024 2014 1000
a contact +42000 +42600 9002 2005 1000
a contact +42000 +42600 9003 2003 1000
a contact +42000 +42600 9005 2002 1000
a contact +42000 +42600 9006 2004 1000
a contact +42600 +43200 2001 9003 1000
a contact +42600 +43200 2002 2006 1000
a contact +42600 +43200 2003 2009 1000
a contact +42600 +43200 2004 2015 1000
a contact +42600 +43200 2005 2016 1000
a contact +42600 +43200 2006 2002 1000
a contact +42600 +43200 2007 2014 1000
a contact +42600 +43200 2008 2017 1000
a contact +42600 +43200 2009 2003 1000
a contact +42600 +43200 2010 2011 1000
a contact +42600 +43200 2011 2010 1000
a contact +42600 +43200 2012 2023 1000
a contact +42600 +43200 2013 2024 1000
a contact +42600 +43200 2014 2007 1000
a contact +42600 +43200 2015 2004 1000
a contact +42600 +43200 2016 2005 1000
a contact +42600 +43200 2017 2008 1000
a contact +42600 +43200 2018 2019 1000
a contact +42600 +43200 2019 2018 1000
a contact +42600 +43200 2020 2022 1000
a contact +42600 +43200 2021 9006 1000
a contact +42600 +43200 2022 2020 1000
a contact +42600 +43200 2023 2012 1000
a contact +42600 +43200 2024 2013 1000
a contact +42600 +43200 9003 2001 1000
a contact +42600 +43200 9006 2021 1000
a contact +43200 +43800 2001 2023 1000
a contact +43200 +43800 2002 2017 1000
a contact +43200 +43800 2003 2016 1000
a contact +43200 +43800 2004 2021 1000
a contact +43200 +43800 2005 9006 1000
a contact +43200 +43800 2006 9003 1000
a contact +43200 +43800 2008 2009 1000
a contact +43200 +43800 2009 2008 1000
a contact +43200 +43800 2010 2013 1000
a contact +43200 +43800 2012 2014 1000
a contact +43200 +43800 2013 2010 1000
a contact +43200 +43800 2014 2012 1000
a contact +43200 +43800 2015 2022 1000
a contact +43200 +43800 2016 2003 1000
a contact +43200 +43800 2017 2002 1000
a contact +43200 +43800 2018 2024 1000
a contact +43200 +43800 2019 2020 1000
a contact +43200 +43800 2020 2019 1000
a contact +43200 +43800 2021 2004 1000
a contact +43200 +43800 2022 2015 1000
a contact +43200 +43800 2023 2001 1000
a contact +43200 +43800 2024 2018 1000
a contact +43200 +43800 9003 2006 1000
a contact +43200 +43800 9006 2005 1000
a contact +43800 +44400 2002 9003 1000
a contact +43800 +44400 2003 2005 1000
a contact +43800 +44400 2005 2003 1000
a contact +43800 +44400 2006 9006 1000
a contact +43200 +44400 2007 2011 1000
a contact +43800 +44400 2008 2015 1000
a contact +43800 +44400 2009 2024 1000
a contact +43800 +44400 2010 2016 1000
a contact +43200 +44400 2011 2007 1000
a contact +43800 +44400 2012 2017 1000
a contact +43800 +44400 2013 2020 1000
a contact +43800 +44400 2014 2019 1000
a contact +43800 +44400 2015 2008 1000
a contact +43800 +44400 2016 2010 1000
a contact +43800 +44400 2017 2012 1000
a contact +43800 +44400 2018 2022 1000
a contact +43800 +44400 2019 2014 1000
a contact +43800 +44400 2020 2013 1000
a contact +43800 +44400 2021 2023 1000
a contact +43800 +44400 2022 2018 1000
a contact +43800 +44400 2023 2021 1000
a contact +43800 +44400 2024 2009 1000
a contact +43800 +44400 9003 2002 1000
a contact +43800 +44400 9006 2006 1000
a contact +43800 +45000 2001 2004 1000
a contact +44400 +45000 2002 2012 1000
a contact +44400 +45000 2003 9006 1000
a contact +43800 +45000 2004 2001 1000
a contact +44400 +45000 2005 9003 1000
a contact +44400 +45000 2006 2013 1000
a contact +44400 +45000 2007 2009 1000
a contact +44400 +45000 2008 2021 1000
a contact +44400 +45000 2009 2007 1000
a contact +44400 +45000 2010 2015 1000
a contact +44400 +45000 2011 2024 1000
a contact +44400 +45000 2012 2002 1000
a contact +44400 +45000 2013 2006 1000
a contact +44400 +45000 2014 2020 1000
a contact +44400 +45000 2015 2010 1000
a contact +44400 +45000 2016 2018 1000
a contact +44400 +45000 2017 2023 1000
a contact +44400 +45000 2018 2016 1000
a contact +44400 +45000 2019 2022 1000
a contact +44400 +45000 2020 2014 1000
a contact +44400 +45000 2021 2008 1000
a contact +44400 +45000 2022 2019 1000
a contact +44400 +45000 2023 2017 1000
a contact +44400 +45000 2024 2011 1000
a contact +44400 +45000 9003 2005 1000
a contact +44400 +45000 9006 2003 1000
a contact +45000 +45600 2001 2022 1000
a contact +45000 +45600 2002 2009 1000
a contact +45000 +45600 2003 2011 1000
a contact +45000 +45600 2004 2019 1000
a contact +45000 +45600 2005 9006 1000
a contact +45000 +45600 2006 9003 1000
a contact +45000 +45600 2007 2012 1000
a contact +45000 +45600 2008 2013 1000
a contact +45000 +45600 2009 2002 1000
a contact +45000 +45600 2010 2020 1000
a contact +45000 +45600 2011 2003 1000
a contact +45000 +45600 2012 2007 1000
a contact +45000 +45600 2013 2008 1000
a contact +45000 +45600 2014 2021 1000
a contact +45000 +45600 2015 2018 1000
a contact +45000 +45600 2016 2017 1000
a contact +45000 +45600 2017 2016 1000
a contact +45000 +45600 2018 2015 1000
a contact +45000 +45600 2019 2004 1000
a contact +45000 +45600 2020 2010 1000
a contact +45000 +45600 2021 2014 1000
a contact +45000 +45600 2022 2001 1000
a contact +45000 +45600 2023 2024 1000
a contact +45000 +45600 2024 2023 1000
a contact +45000 +45600 9003 2006 1000
a contact +45000 +45600 9006 2005 1000
a contact +45600 +46200 2001 2002 1000
a contact +45600 +46200 2002 2001 1000
a contact +45600 +46200 2003 2007 1000
a contact +45600 +46200 2004 2013 1000
a contact +45600 +46200 2005 2006 1000
a contact +45600 +46200 2006 2005 1000
a contact +45600 +46200 2007 2003 1000
a contact +45600 +46200 2008 2014 1000
a contact +45600 +46200 2009 2011 1000
a contact +45600 +46200 2010 9003 1000
a contact +45600 +46200 2011 2009 1000
a contact +45600 +46200 2012 9006 1000
a contact +45600 +46200 2013 2004 1000
a contact +45600 +46200 2014 2008 1000
a contact +45600 +46200 2015 2020 1000
a contact +45600 +46200 2016 2023 1000
a contact +45600 +46200 2017 2022 1000
a contact +45600 +46200 2018 2021 1000
a contact +45600 +46200 2019 2024 1000
a contact +45600 +46200 2020 2015 1000
a contact +45600 +46200 2021 2018 1000
a contact +45600 +46200 2022 2017 1000
a contact +45600 +46200 2023 2016 1000
a contact +45600 +46200 2024 2019 1000
a contact +45600 +46200 9003 2010 1000
a contact +45600 +46200 9006 2012 1000
a contact +46200 +46800 2001 2024 1000
a contact +46200 +46800 2003 2009 1000
a contact +46200 +46800 2004 2017 1000
a contact +46200 +46800 2006 2011 1000
a contact +46200 +46800 2007 2013 1000
a contact +46200 +46800 2008 9003 1000
a contact +46200 +46800 2009 2003 1000
a contact +46200 +46800 2010 9006 1000
a contact +46200 +46800 2011 2006 1000
a contact +46200 +46800 2012 2019 1000
a contact +46200 +46800 2013 2007 1000
a contact +46200 +46800 2014 2015 1000
a contact +46200 +46800 2015 2014 1000
a contact +46200 +46800 2016 2020 1000
a contact +46200 +46800 2017 2004 1000
a contact +46200 +46800 2018 2023 1000
a contact +46200 +46800 2019 2012 1000
a contact +46200 +46800 2020 2016 1000
a contact +46200 +46800 2021 2022 1000
a contact +46200 +46800 2022 2021 1000
a contact +46200 +46800 2023 2018 1000
a contact +46200 +46800 2024 2001 1000
a contact +46200 +46800 9003 2008 1000
a contact +46200 +46800 9006 2010 1000
a contact +46800 +47400 2001 2007 1000
a contact +46200 +47400 2002 2005 1000
a contact +46800 +47400 2003 2013 1000
a contact +46200 +47400 2005 2002 1000
a contact +46800 +47400 2006 2010 1000
a contact +46800 +47400 2007 2001 1000
a contact +46800 +47400 2009 9006 1000
a contact +46800 +47400 2010 2006 1000
a contact +46800 +47400 2011 9003 1000
a contact +46800 +47400 2013 2003 1000
a contact +46800 +47400 2015 2016 1000
a contact +46800 +47400 2016 2015 1000
a contact +46800 +47400 2017 2018 1000
a contact +46800 +47400 2018 2017 1000
a contact +46800 +47400 2019 2021 1000
a contact +46800 +47400 2020 2023 1000
a contact +46800 +47400 2021 2019 1000
a contact +46800 +47400 2022 2024 1000
a contact +46800 +47400 2023 2020 1000
a contact +46800 +47400 2024 2022 1000
a contact +46800 +47400 9003 2011 1000
a contact +46800 +47400 9006 2009 1000
a contact +47400 +48000 2001 2003 1000
a contact +47400 +48000 2002 2007 1000
a contact +47400 +48000 2003 2001 1000
a contact +46800 +48000 2004 2014 1000
a contact +47400 +48000 2005 2011 1000
a contact +47400 +48000 2006 2019 1000
a contact +47400 +48000 2007 2002 1000
a contact +47400 +48000 2009 2013 1000
a contact +47400 +48000 2010 2018 1000
a contact +47400 +48000 2011 2005 1000
a contact +47400 +48000 2013 2009 1000
a contact +46800 +48000 2014 2004 1000
a contact +47400 +48000 2015 2017 1000
a contact +47400 +48000 2016 9003 1000
a contact +47400 +48000 2017 2015 1000
a contact +47400 +48000 2018 2010 1000
a contact +47400 +48000 2019 2006 1000
a contact +47400 +48000 2020 9006 1000
a contact +47400 +48000 2021 2024 1000
a contact +47400 +48000 2022 2023 1000
a contact +47400 +48000 2023 2022 1000
a contact +47400 +48000 2024 2021 1000
a contact +47400 +48000 9003 2016 1000
a contact +47400 +48000 9006 2020 1000
a contact +48000 +48600 2001 2006 1000
a contact +48000 +48600 2002 2005 1000
a contact +48000 +48600 2003 2016 1000
a contact +48000 +48600 2004 2011 1000
a contact +48000 +48600 2005 2002 1000
a contact +48000 +48600 2006 2001 1000
a contact +48000 +48600 2007 2024 1000
a contact +46800 +48600 2008 2012 1000
a contact +48000 +48600 2009 2014 1000
a contact +48000 +48600 2010 2022 1000
a contact +48000 +48600 2011 2004 1000
a contact +46800 +48600 2012 2008 1000
a contact +48000 +48600 2013 2021 1000
a contact +48000 +48600 2014 2009 1000
a contact +48000 +48600 2015 2019 1000
a contact +48000 +48600 2016 2003 1000
a contact +48000 +48600 2017 2018 1000
a contact +48000 +48600 2018 2017 1000
a contact +48000 +48600 2019 2015 1000
a contact +48000 +48600 2020 9003 1000
a contact +48000 +48600 2021 2013 1000
a contact +48000 +48600 2022 2010 1000
a contact +48000 +48600 2023 9006 1000
a contact +48000 +48600 2024 2007 1000
a contact +48000 +48600 9003 2020 1000
a contact +48000 +48600 9006 2023 1000
a contact +48600 +49200 2001 2005 1000
a contact +48600 +49200 2002 2020 1000
a contact +48600 +49200 2003 2011 1000
a contact +48600 +49200 2004 2006 1000
a contact +48600 +49200 2005 2001 1000
a contact +48600 +49200 2006 2004 1000
a contact +48600 +49200 2007 2022 1000
a contact +48600 +49200 2008 2024 1000
a contact +48600 +49200 2009 2019 1000
a contact +48600 +49200 2010 2021 1000
a contact +48600 +49200 2011 2003 1000
a contact +48600 +49200 2012 2018 1000
a contact +48600 +49200 2013 2017 1000
a contact +48600 +49200 2014 2015 1000
a contact +48600 +49200 2015 2014 1000
a contact +48600 +49200 2016 9006 1000
a contact +48600 +49200 2017 2013 1000
a contact +48600 +49200 2018 2012 1000
a contact +48600 +49200 2019 2009 1000
a contact +48600 +49200 2020 2002 1000
a contact +48600 +49200 2021 2010 1000
a contact +48600 +49200 2022 2007 1000
a contact +48600 +49200 2023 9003 1000
a contact +48600 +49200 2024 2008 1000
a contact +48600 +49200 9003 2023 1000
a contact +48600 +49200 9006 2016 1000
a contact +49200 +49800 2001 2008 1000
a contact +49200 +49800 2002 9006 1000
a contact +49200 +49800 2004 2018 1000
a contact +49200 +49800 2005 2020 1000
a contact +49200 +49800 2007 2021 1000
a contact +49200 +49800 2008 2001 1000
a contact +49200 +49800 2009 2022 1000
a contact +49200 +49800 2010 2015 1000
a contact +49200 +49800 2011 2024 1000
a contact +49200 +49800 2012 2019 1000
a contact +49200 +49800 2013 9003 1000
a contact +49200 +49800 2014 2017 1000
a contact +49200 +49800 2015 2010 1000
a contact +49200 +49800 2016 2023 1000
a contact +49200 +49800 2017 2014 1000
a contact +49200 +49800 2018 2004 1000
a contact +49200 +49800 2019 2012 1000
a contact +49200 +49800 2020 2005 1000
a contact +49200 +49800 2021 2007 1000
a contact +49200 +49800 2022 2009 1000
a contact +49200 +49800 2023 2016 1000
a contact +49200 +49800 2024 2011 1000
a contact +49200 +49800 9003 2013 1000
a contact +49200 +49800 9006 2002 1000
a contact +49800 +50400 2001 2009 1000
a contact +49800 +50400 2002 2023 1000
a contact +49200 +50400 2003 2006 1000
a contact +49800 +50400 2004 9003 1000
a contact +49800 +50400 2005 2011 1000
a contact +49200 +50400 2006 2003 1000
a contact +49800 +50400 2007 2019 1000
a contact +49800 +50400 2008 2022 1000
a contact +49800 +50400 2009 2001 1000
a contact +49800 +50400 2010 2024 1000
a contact +49800 +50400 2011 2005 1000
a contact +49800 +50400 2012 2021 1000
a contact +49800 +50400 2013 9006 1000
a contact +49800 +50400 2014 2020 1000
a contact +49800 +50400 2015 2018 1000
a contact +49800 +50400 2016 2017 1000
a contact +49800 +50400 2017 2016 1000
a contact +49800 +50400 2018 2015 1000
a contact +49800 +50400 2019 2007 1000
a contact +49800 +50400 2020 2014 1000
a contact +49800 +50400 2021 2012 1000
a contact +49800 +50400 2022 2008 1000
a contact +49800 +50400 2023 2002 1000
a contact +49800 +50400 2024 2010 1000
a contact +49800 +50400 9003 2004 1000
a contact +49800 +50400 9006 2013 1000
a contact +50400 +51000 2001 2012 1000
a contact +50400 +51000 2002 2013 1000
a contact +50400 +51000 2003 2023 1000
a contact +50400 +51000 2004 2016 1000
a contact +50400 +51000 2005 2015 1000
a contact +50400 +51000 2006 2022 1000
a contact +50400 +51000 2007 2018 1000
a contact +50400 +51000 2008 2021 1000
a contact +50400 +51000 2011 2020 1000
a contact +50400 +51000 2012 2001 1000
a contact +50400 +51000 2013 2002 1000
a contact +50400 +51000 2014 2019 1000
a contact +50400 +51000 2015 2005 1000
a contact +50400 +51000 2016 2004 1000
a contact +50400 +51000 2017 9006 1000
a contact +50400 +51000 2018 2007 1000
a contact +50400 +51000 2019 2014 1000
a contact +50400 +51000 2020 2011 1000
a contact +50400 +51000 2021 2008 1000
a contact +50400 +51000 2022 2006 1000
a contact +50400 +51000 2023 2003 1000
a contact +50400 +51000 2024 9003 1000
a contact +50400 +51000 9003 2024 1000
a contact +50400 +51000 9006 2017 1000
a contact +51000 +51600 2001 2004 1000
a contact +51000 +51600 2002 2022 1000
a contact +51000 +51600 2003 2013 1000
a contact +51000 +51600 2004 2001 1000
a contact +51000 +51600 2005 2023 1000
a contact +51000 +51600 2006 2021 1000
a contact +51000 +51600 2007 2017 1000
a contact +51000 +51600 2008 2020 1000
a contact +51000 +51600 2011 2014 1000
a contact +51000 +51600 2012 2015 1000
a contact +51000 +51600 2013 2003 1000
a contact +51000 +51600 2014 2011 1000
a contact +51000 +51600 2015 2012 1000
a contact +51000 +51600 2016 2019 1000
a contact +51000 +51600 2017 2007 1000
a contact +51000 +51600 2018 9003 1000
a contact +51000 +51600 2019 2016 1000
a contact +51000 +51600 2020 2008 1000
a contact +51000 +51600 2021 2006 1000
a contact +51000 +51600 2022 2002 1000
a contact +51000 +51600 2023 2005 1000
a contact +51000 +51600 2024 9006 1000
a contact +51000 +51600 9003 2018 1000
a contact +51000 +51600 9006 2024 1000
a contact +51600 +52200 2001 2011 1000
a contact +51600 +52200 2002 2021 1000
a contact +51600 +52200 2003 2024 1000
a contact +51600 +52200 2004 2013 1000
a contact +51600 +52200 2005 2019 1000
a contact +51600 +52200 2006 2023 1000
a contact +51600 +52200 2007 2020 1000
a contact +51600 +52200 2008 2016 1000
a contact +50400 +52200 2009 2010 1000
a contact +50400 +52200 2010 2009 1000
a contact +51600 +52200 2011 2001 1000
a contact +51600 +52200 2012 2017 1000
a contact +51600 +52200 2013 2004 1000
a contact +51600 +52200 2014 2018 1000
a contact +51600 +52200 2015 9006 1000
a contact +51600 +52200 2016 2008 1000
a contact +51600 +52200 2017 2012 1000
a contact +51600 +52200 2018 2014 1000
a contact +51600 +52200 2019 2005 1000
a contact +51600 +52200 2020 2007 1000
a contact +51600 +52200 2021 2002 1000
a contact +51600 +52200 2022 9003 1000
a contact +51600 +52200 2023 2006 1000
a contact +51600 +52200 2024 2003 1000
a contact +15600 +52200 9001 9004 1000
a contact +51600 +52200 9003 2022 1000
a contact +15600 +52200 9004 9001 1000
a contact +51600 +52200 9006 2015 1000
a contact +52200 +52800 2001 2013 1000
a contact +52200 +52800 2002 9003 1000
a contact +52200 +52800 2003 2007 1000
a contact +52200 +52800 2004 2023 1000
a contact +52200 +52800 2005 2024 1000
a contact +52200 +52800 2006 2020 1000
a contact +52200 +52800 2007 2003 1000
a contact +52200 +52800 2008 2014 1000
a contact +52200 +52800 2009 2021 1000
a contact +52200 +52800 2010 9001 1000
a contact +52200 +52800 2011 2018 1000
a contact +52200 +52800 2012 2016 1000
a contact +52200 +52800 2013 2001 1000
a contact +52200 +52800 2014 2008 1000
a contact +52200 +52800 2015 9004 1000
a contact +52200 +52800 2016 2012 1000
a contact +52200 +52800 2017 2019 1000
a contact +52200 +52800 2018 2011 1000
a contact +52200 +52800 2019 2017 1000
a contact +52200 +52800 2020 2006 1000
a contact +52200 +52800 2021 2009 1000
a contact +52200 +52800 2022 9006 1000
a contact +52200 +52800 2023 2004 1000
a contact +52200 +52800 2024 2005 1000
a contact +52200 +52800 9001 2010 1000
a contact +52200 +52800 9003 2002 1000
a contact +52200 +52800 9004 2015 1000
a contact +52200 +52800 9006 2022 1000
a contact +52800 +53400 2001 2014 1000
a contact +52800 +53400 2002 2019 1000
a contact +52800 +53400 2003 9003 1000
a contact +52800 +53400 2004 2024 1000
a contact +52800 +53400 2005 2022 1000
a contact +52800 +53400 2006 2018 1000
a contact +52800 +53400 2007 2023 1000
a contact +52800 +53400 2008 2010 1000
a contact +52800 +53400 2009 2017 1000
a contact +52800 +53400 2010 2008 1000
a contact +52800 +53400 2011 2016 1000
a contact +52800 +53400 2012 9004 1000
a contact +52800 +53400 2013 2020 1000
a contact +52800 +53400 2014 2001 1000
a contact +52800 +53400 2015 9001 1000
a contact +52800 +53400 2016 2011 1000
a contact +52800 +53400 2017 2009 1000
a contact +52800 +53400 2018 2006 1000
a contact +52800 +53400 2019 2002 1000
a contact +52800 +53400 2020 2013 1000
a contact +52800 +53400 2021 9006 1000
a contact +52800 +53400 2022 2005 1000
a contact +52800 +53400 2023 2007 1000
a contact +52800 +53400 2024 2004 1000
a contact +52800 +53400 9001 2015 1000
a contact +52800 +53400 9003 2003 1000
a contact +52800 +53400 9004 2012 1000
a contact +52800 +53400 9006 2021 1000
a contact +53400 +54000 2001 2010 1000
a contact +53400 +54000 2002 2024 1000
a contact +53400 +54000 2003 2012 1000
a contact +53400 +54000 2004 2022 1000
a contact +53400 +54000 2005 2021 1000
a contact +53400 +54000 2006 2014 1000
a contact +53400 +54000 2007 2011 1000
a contact +53400 +54000 2008 2023 1000
a contact +53400 +54000 2009 2018 1000
a contact +53400 +54000 2010 2001 1000
a contact +53400 +54000 2011 2007 1000
a contact +53400 +54000 2012 2003 1000
a contact +53400 +54000 2013 9004 1000
a contact +53400 +54000 2014 2006 1000
a contact +53400 +54000 2015 9003 1000
a contact +53400 +54000 2016 2020 1000
a contact +53400 +54000 2017 9001 1000
a contact +53400 +54000 2018 2009 1000
a contact +53400 +54000 2019 9006 1000
a contact +53400 +54000 2020 2016 1000
a contact +53400 +54000 2021 2005 1000
a contact +53400 +54000 2022 2004 1000
a contact +53400 +54000 2023 2008 1000
a contact +53400 +54000 2024 2002 1000
a contact +53400 +54000 9001 2017 1000
a contact +53400 +54000 9003 2015 1000
a contact +53400 +54000 9004 2013 1000
a contact +53400 +54000 9006 2019 1000
a contact +54000 +54600 2001 2016 1000
a contact +54000 +54600 2002 2015 1000
a contact +54000 +54600 2003 9004 1000
a contact +54000 +54600 2004 9006 1000
a contact +54000 +54600 2005 2012 1000
a contact +54000 +54600 2006 2007 1000
a contact +54000 +54600 2007 2006 1000
a contact +54000 +54600 2008 2019 1000
a contact +54000 +54600 2009 2023 1000
a contact +54000 +54600 2010 2020 1000
a contact +54000 +54600 2011 2022 1000
a contact +54000 +54600 2012 2005 1000
a contact +54000 +54600 2013 2018 1000
a contact +54000 +54600 2014 2021 1000
a contact +54000 +54600 2015 2002 1000
a contact +54000 +54600 2016 2001 1000
a contact +54000 +54600 2017 9003 1000
a contact +54000 +54600 2018 2013 1000
a contact +54000 +54600 2019 2008 1000
a contact +54000 +54600 2020 2010 1000
a contact +54000 +54600 2021 2014 1000
a contact +54000 +54600 2022 2011 1000
a contact +54000 +54600 2023 2009 1000
a contact +54000 +54600 2024 9001 1000
a contact +54000 +54600 9001 2024 1000
a contact +54000 +54600 9003 2017 1000
a contact +54000 +54600 9004 2003 1000
a contact +54000 +54600 9006 2004 1000
a contact +54600 +55200 2001 2019 1000
a contact +54600 +55200 2002 2009 1000
a contact +54600 +55200 2003 2015 1000
a contact +54600 +55200 2004 2020 1000
a contact +54600 +55200 2005 2016 1000
a contact +54600 +55200 2006 2011 1000
a contact +54600 +55200 2007 2008 1000
a contact +54600 +55200 2008 2007 1000
a contact +54600 +55200 2009 2002 1000
a contact +54600 +55200 2010 2023 1000
a contact +54600 +55200 2011 2006 1000
a contact +54600 +55200 2012 9003 1000
a contact +54600 +55200 2013 2022 1000
a contact +54600 +55200 2014 2024 1000
a contact +54600 +55200 2015 2003 1000
a contact +54600 +55200 2016 2005 1000
a contact +54600 +55200 2017 9004 1000
a contact +54600 +55200 2018 9006 1000
a contact +54600 +55200 2019 2001 1000
a contact +54600 +55200 2020 2004 1000
a contact +54600 +55200 2021 9001 1000
a contact +54600 +55200 2022 2013 1000
a contact +54600 +55200 2023 2010 1000
a contact +54600 +55200 2024 2014 1000
a contact +54600 +55200 9001 2021 1000
a contact +54600 +55200 9003 2012 1000
a contact +54600 +55200 9004 2017 1000
a contact +54600 +55200 9006 2018 1000
a contact +55200 +55800 2001 2018 1000
a contact +55200 +55800 2002 2017 1000
a contact +55200 +55800 2003 2005 1000
a contact +55200 +55800 2004 2015 1000
a contact +55200 +55800 2005 2003 1000
a contact +55200 +55800 2006 2016 1000
a contact +55200 +55800 2007 2009 1000
a contact +55200 +55800 2008 2011 1000
a contact +55200 +55800 2009 2007 1000
a contact +55200 +55800 2010 9004 1000
a contact +55200 +55800 2011 2008 1000
a contact +55200 +55800 2012 2024 1000
a contact +55200 +55800 2013 2023 1000
a contact +55200 +55800 2014 9006 1000
a contact +55200 +55800 2015 2004 1000
a contact +55200 +55800 2016 2006 1000
a contact +55200 +55800 2017 2002 1000
a contact +55200 +55800 2018 2001 1000
a contact +55200 +55800 2019 2022 1000
a contact +55200 +55800 2020 9001 1000
a contact +55200 +55800 2021 9003 1000
a contact +55200 +55800 2022 2019 1000
a contact +55200 +55800 2023 2013 1000
a contact +55200 +55800 2024 2012 1000
a contact +55200 +55800 9001 2020 1000
a contact +55200 +55800 9003 2021 1000
a contact +55200 +55800 9004 2010 1000
a contact +55200 +55800 9006 2014 1000
a contact +55800 +56400 2001 2015 1000
a contact +55800 +56400 2002 2018 1000
a contact +55800 +56400 2003 2017 1000
a contact +55800 +56400 2004 2019 1000
a contact +55800 +56400 2005 2013 1000
a contact +55800 +56400 2006 2008 1000
a contact +55800 +56400 2007 2010 1000
a contact +55800 +56400 2008 2006 1000
a contact +55800 +56400 2009 9003 1000
a contact +55800 +56400 2010 2007 1000
a contact +55800 +56400 2011 9006 1000
a contact +55800 +56400 2012 9001 1000
a contact +55800 +56400 2013 2005 1000
a contact +55800 +56400 2014 2023 1000
a contact +55800 +56400 2015 2001 1000
a contact +55800 +56400 2016 2022 1000
a contact +55800 +56400 2017 2003 1000
a contact +55800 +56400 2018 2002 1000
a contact +55800 +56400 2019 2004 1000
a contact +55800 +56400 2020 2024 1000
a contact +55800 +56400 2021 9004 1000
a contact +55800 +56400 2022 2016 1000
a contact +55800 +56400 2023 2014 1000
a contact +55800 +56400 2024 2020 1000
a contact +55800 +56400 9001 2012 1000
a contact +55800 +56400 9003 2009 1000
a contact +55800 +56400 9004 2021 1000
a contact +55800 +56400 9006 2011 1000
a contact +56400 +57000 2001 2017 1000
a contact +56400 +57000 2002 2012 1000
a contact +56400 +57000 2003 2021 1000
a contact +56400 +57000 2004 2005 1000
a contact +56400 +57000 2005 2004 1000
a contact +56400 +57000 2006 2013 1000
a contact +56400 +57000 2007 2016 1000
a contact +56400 +57000 2008 9006 1000
a contact +56400 +57000 2009 9001 1000
a contact +56400 +57000 2010 2011 1000
a contact +56400 +57000 2011 2010 1000
a contact +56400 +57000 2012 2002 1000
a contact +56400 +57000 2013 2006 1000
a contact +56400 +57000 2014 9003 1000
a contact +56400 +57000 2015 2023 1000
a contact +56400 +57000 2016 2007 1000
a contact +56400 +57000 2017 2001 1000
a contact +56400 +57000 2018 2022 1000
a contact +56400 +57000 2019 2020 1000
a contact +56400 +57000 2020 2019 1000
a contact +56400 +57000 2021 2003 1000
a contact +56400 +57000 2022 2018 1000
a contact +56400 +57000 2023 2015 1000
a contact +56400 +57000 2024 9004 1000
a contact +56400 +57000 9001 2009 1000
a contact +56400 +57000 9003 2014 1000
a contact +56400 +57000 9004 2024 1000
a contact +56400 +57000 9006 2008 1000
a contact +57000 +57600 2001 9003 1000
a contact +57000 +57600 2002 2016 1000
a contact +57000 +57600 2003 2022 1000
a contact +57000 +57600 2004 2021 1000
a contact +57000 +57600 2005 2018 1000
a contact +57000 +57600 2006 2024 1000
a contact +57000 +57600 2007 9006 1000
a contact +57000 +57600 2008 2012 1000
a contact +57000 +57600 2009 2020 1000
a contact +57000 +57600 2010 2019 1000
a contact +57000 +57600 2011 9001 1000
a contact +57000 +57600 2012 2008 1000
a contact +57000 +57600 2013 2015 1000
a contact +57000 +57600 2014 9004 1000
a contact +57000 +57600 2015 2013 1000
a contact +57000 +57600 2016 2002 1000
a contact +57000 +57600 2017 2023 1000
a contact +57000 +57600 2018 2005 1000
a contact +57000 +57600 2019 2010 1000
a contact +57000 +57600 2020 2009 1000
a contact +57000 +57600 2021 2004 1000
a contact +57000 +57600 2022 2003 1000
a contact +57000 +57600 2023 2017 1000
a contact +57000 +57600 2024 2006 1000
a contact +57000 +57600 9001 2011 1000
a contact +57000 +57600 9003 2001 1000
a contact +57000 +57600 9004 2014 1000
a contact +57000 +57600 9006 2007 1000
a contact +57600 +58200 2001 2020 1000
a contact +57600 +58200 2002 2010 1000
a contact +57600 +58200 2003 2019 1000
a contact +57600 +58200 2004 2012 1000
a contact +57600 +58200 2005 2009 1000
a contact +57600 +58200 2006 9006 1000
a contact +57600 +58200 2007 9003 1000
a contact +57600 +58200 2008 2017 1000
a contact +57600 +58200 2009 2005 1000
a contact +57600 +58200 2010 2002 1000
a contact +57600 +58200 2011 2021 1000
a contact +57600 +58200 2012 2004 1000
a contact +57600 +58200 2013 2024 1000
a contact +57600 +58200 2014 9001 1000
a contact +57600 +58200 2015 2022 1000
a contact +57600 +58200 2016 9004 1000
a contact +57600 +58200 2017 2008 1000
a contact +57600 +58200 2018 2023 1000
a contact +57600 +58200 2019 2003 1000
a contact +57600 +58200 2020 2001 1000
a contact +57600 +58200 2021 2011 1000
a contact +57600 +58200 2022 2015 1000
a contact +57600 +58200 2023 2018 1000
a contact +57600 +58200 2024 2013 1000
a contact +57600 +58200 9001 2014 1000
a contact +57600 +58200 9003 2007 1000
a contact +57600 +58200 9004 2016 1000
a contact +57600 +58200 9006 2006 1000
a contact +58200 +58800 2001 9006 1000
a contact +58200 +58800 2002 2003 1000
a contact +58200 +58800 2003 2002 1000
a contact +58200 +58800 2004 2008 1000
a contact +58200 +58800 2005 2014 1000
a contact +58200 +58800 2006 2015 1000
a contact +58200 +58800 2007 2013 1000
a contact +58200 +58800 2008 2004 1000
a contact +58200 +58800 2009 9004 1000
a contact +58200 +58800 2010 2017 1000
a contact +58200 +58800 2011 2023 1000
a contact +58200 +58800 2012 2022 1000
a contact +58200 +58800 2013 2007 1000
a contact +58200 +58800 2014 2005 1000
a contact +58200 +58800 2015 2006 1000
a contact +58200 +58800 2016 9001 1000
a contact +58200 +58800 2017 2010 1000
a contact +58200 +58800 2018 2020 1000
a contact +58200 +58800 2019 9003 1000
a contact +58200 +58800 2020 2018 1000
a contact +58200 +58800 2021 2024 1000
a contact +58200 +58800 2022 2012 1000
a contact +58200 +58800 2023 2011 1000
a contact +58200 +58800 2024 2021 1000
a contact +58200 +58800 9001 2016 1000
a contact +58200 +58800 9003 2019 1000
a contact +58200 +58800 9004 2009 1000
a contact +58200 +58800 9006 2001 1000
a contact +58800 +59400 2001 2021 1000
a contact +58800 +59400 2002 2014 1000
a contact +58800 +59400 2003 9001 1000
a contact +58800 +59400 2004 9004 1000
a contact +58800 +59400 2005 2010 1000
a contact +58800 +59400 2006 9006 1000
a contact +58800 +59400 2007 2011 1000
a contact +58800 +59400 2008 2018 1000
a contact +58800 +59400 2009 2015 1000
a contact +58800 +59400 2010 2005 1000
a contact +58800 +59400 2011 2007 1000
a contact +58800 +59400 2012 2020 1000
a contact +58800 +59400 2013 2019 1000
a contact +58800 +59400 2014 2002 1000
a contact +58800 +59400 2015 2009 1000
a contact +58800 +59400 2016 9003 1000
a contact +58800 +59400 2017 2022 1000
a contact +58800 +59400 2018 2008 1000
a contact +58800 +59400 2019 2013 1000
a contact +58800 +59400 2020 2012 1000
a contact +58800 +59400 2021 2001 1000
a contact +58800 +59400 2022 2017 1000
a contact +58800 +59400 2023 2024 1000
a contact +58800 +59400 2024 2023 1000
a contact +58800 +59400 9001 2003 1000
a contact +58800 +59400 9003 2016 1000
a contact +58800 +59400 9004 2004 1000
a contact +58800 +59400 9006 2006 1000
a contact +59400 +60000 2001 2022 1000
a contact +59400 +60000 2002 2011 1000
a contact +59400 +60000 2003 2020 1000
a contact +59400 +60000 2004 9001 1000
a contact +59400 +60000 2005 2007 1000
a contact +59400 +60000 2006 2017 1000
a contact +59400 +60000 2007 2005 1000
a contact +59400 +60000 2008 2013 1000
a contact +59400 +60000 2009 2016 1000
a contact +59400 +60000 2010 9006 1000
a contact +59400 +60000 2011 2002 1000
a contact +59400 +60000 2012 2014 1000
a contact +59400 +60000 2013 2008 1000
a contact +59400 +60000 2014 2012 1000
a contact +59400 +60000 2015 2021 1000
a contact +59400 +60000 2016 2009 1000
a contact +59400 +60000 2017 2006 1000
a contact +59400 +60000 2018 2019 1000
a contact +59400 +60000 2019 2018 1000
a contact +59400 +60000 2020 2003 1000
a contact +59400 +60000 2021 2015 1000
a contact +59400 +60000 2022 2001 1000
a contact +59400 +60000 2023 9004 1000
a contact +59400 +60000 2024 9003 1000
a contact +59400 +60000 9001 2004 1000
a contact +59400 +60000 9003 2024 1000
a contact +59400 +60000 9004 2023 1000
a contact +59400 +60000 9006 2010 1000
a contact +60000 +60600 2001 2023 1000
a contact +60000 +60600 2002 2008 1000
a contact +60000 +60600 2003 2018 1000
a contact +60000 +60600 2004 2017 1000
a contact +60000 +60600 2005 9004 1000
a contact +60000 +60600 2006 2012 1000
a contact +60000 +60600 2007 9006 1000
a contact +60000 +60600 2008 2002 1000
a contact +60000 +60600 2009 2010 1000
a contact +60000 +60600 2010 2009 1000
a contact +60000 +60600 2011 9003 1000
a contact +60000 +60600 2012 2006 1000
a contact +60000 +60600 2013 2014 1000
a contact +60000 +60600 2014 2013 1000
a contact +60000 +60600 2015 2020 1000
a contact +60000 +60600 2016 2021 1000
a contact +60000 +60600 2017 2004 1000
a contact +60000 +60600 2018 2003 1000
a contact +60000 +60600 2019 2024 1000
a contact +60000 +60600 2020 2015 1000
a contact +60000 +60600 2021 2016 1000
a contact +60000 +60600 2022 9001 1000
a contact +60000 +60600 2023 2001 1000
a contact +60000 +60600 2024 2019 1000
a contact +60000 +60600 9001 2022 1000
a contact +60000 +60600 9003 2011 1000
a contact +60000 +60600 9004 2005 1000
a contact +60000 +60600 9006 2007 1000
a contact +60600 +61200 2001 9004 1000
a contact +60600 +61200 2002 2004 1000
a contact +60600 +61200 2003 2006 1000
a contact +60600 +61200 2004 2002 1000
a contact +60600 +61200 2005 9006 1000
a contact +60600 +61200 2006 2003 1000
a contact +60600 +61200 2007 2012 1000
a contact +60600 +61200 2008 2009 1000
a contact +60600 +61200 2009 2008 1000
a contact +60600 +61200 2010 9003 1000
a contact +60600 +61200 2011 2019 1000
a contact +60600 +61200 2012 2007 1000
a contact +60600 +61200 2013 9001 1000
a contact +60600 +61200 2014 2022 1000
a contact +60600 +61200 2015 2024 1000
a contact +60600 +61200 2016 2018 1000
a contact +60600 +61200 2017 2021 1000
a contact +60600 +61200 2018 2016 1000
a contact +60600 +61200 2019 2011 1000
a contact +60600 +61200 2020 2023 1000
a contact +60600 +61200 2021 2017 1000
a contact +60600 +61200 2022 2014 1000
a contact +60600 +61200 2023 2020 1000
a contact +60600 +61200 2024 2015 1000
a contact +60600 +61200 9001 2013 1000
a contact +60600 +61200 9003 2010 1000
a contact +60600 +61200 9004 2001 1000
a contact +60600 +61200 9006 2005 1000
a contact +61200 +61800 2001 9006 1000
a contact +61200 +61800 2002 2006 1000
a contact +61200 +61800 2003 9003 1000
a contact +61200 +61800 2004 2009 1000
a contact +61200 +61800 2005 9001 1000
a contact +61200 +61800 2006 2002 1000
a contact +61200 +61800 2007 9004 1000
a contact +61200 +61800 2008 2015 1000
a contact +61200 +61800 2009 2004 1000
a contact +61200 +61800 2010 2013 1000
a contact +61200 +61800 2011 2017 1000
a contact +61200 +61800 2012 2023 1000
a contact +61200 +61800 2013 2010 1000
a contact +61200 +61800 2014 2016 1000
a contact +61200 +61800 2015 2008 1000
a contact +61200 +61800 2016 2014 1000
a contact +61200 +61800 2017 2011 1000
a contact +61200 +61800 2018 2024 1000
a contact +61200 +61800 2019 2021 1000
a contact +61200 +61800 2020 2022 1000
a contact +61200 +61800 2021 2019 1000
a contact +61200 +61800 2022 2020 1000
a contact +61200 +61800 2023 2012 1000
a contact +61200 +61800 2024 2018 1000
a contact +61200 +61800 9001 2005 1000
a contact +61200 +61800 9003 2003 1000
a contact +61200 +61800 9004 2007 1000
a contact +61200 +61800 9006 2001 1000
a contact +61800 +62400 2001 2006 1000
a contact +61800 +62400 2002 2005 1000
a contact +61800 +62400 2003 2010 1000
a contact +61800 +62400 2004 2018 1000
a contact +61800 +62400 2005 2002 1000
a contact +61800 +62400 2006 2001 1000
a contact +61800 +62400 2007 2015 1000
a contact +61800 +62400 2008 9004 1000
a contact +61800 +62400 2009 2013 1000
a contact +61800 +62400 2010 2003 1000
a contact +61800 +62400 2011 2012 1000
a contact +61800 +62400 2012 2011 1000
a contact +61800 +62400 2013 2009 1000
a contact +61800 +62400 2014 9003 1000
a contact +61800 +62400 2015 2007 1000
a contact +61800 +62400 2016 2024 1000
a contact +61800 +62400 2017 9006 1000
a contact +61800 +62400 2018 2004 1000
a contact +61800 +62400 2019 9001 1000
a contact +61800 +62400 2020 2021 1000
a contact +61800 +62400 2021 2020 1000
a contact +61800 +62400 2022 2023 1000
a contact +61800 +62400 2023 2022 1000
a contact +61800 +62400 2024 2016 1000
a contact +61800 +62400 9001 2019 1000
a contact +61800 +62400 9003 2014 1000
a contact +61800 +62400 9004 2008 1000
a contact +61800 +62400 9006 2017 1000
a contact +62400 +63000 2001 2002 1000
a contact +62400 +63000 2002 2001 1000
a contact +62400 +63000 2003 2012 1000
a contact +62400 +63000 2004 2010 1000
a contact +62400 +63000 2005 2017 1000
a contact +62400 +63000 2006 2008 1000
a contact +62400 +63000 2007 2014 1000
a contact +62400 +63000 2008 2006 1000
a contact +62400 +63000 2009 2011 1000
a contact +62400 +63000 2010 2004 1000
a contact +62400 +63000 2011 2009 1000
a contact +62400 +63000 2012 2003 1000
a contact +62400 +63000 2013 2016 1000
a contact +62400 +63000 2014 2007 1000
a contact +62400 +63000 2015 9003 1000
a contact +62400 +63000 2016 2013 1000
a contact +62400 +63000 2017 2005 1000
a contact +62400 +63000 2018 9001 1000
a contact +62400 +63000 2019 9004 1000
a contact +62400 +63000 2020 2024 1000
a contact +62400 +63000 2021 2023 1000
a contact +62400 +63000 2022 9006 1000
a contact +62400 +63000 2023 2021 1000
a contact +62400 +63000 2024 2020 1000
a contact +62400 +63000 9001 2018 1000
a contact +62400 +63000 9003 2015 1000
a contact +62400 +63000 9004 2019 1000
a contact +62400 +63000 9006 2022 1000
a contact +63000 +63600 2001 2004 1000
a contact +63000 +63600 2002 2007 1000
a contact +63000 +63600 2003 2014 1000
a contact +63000 +63600 2004 2001 1000
a contact +63000 +63600 2005 9003 1000
a contact +63000 +63600 2006 9004 1000
a contact +63000 +63600 2007 2002 1000
a contact +63000 +63600 2008 2018 1000
a contact +63000 +63600 2009 2012 1000
a contact +63000 +63600 2010 2016 1000
a contact +63000 +63600 2012 2009 1000
a contact +63000 +63600 2014 2003 1000
a contact +63000 +63600 2015 9006 1000
a contact +63000 +63600 2016 2010 1000
a contact +63000 +63600 2017 2024 1000
a contact +63000 +63600 2018 2008 1000
a contact +63000 +63600 2019 2020 1000
a contact +63000 +63600 2020 2019 1000
a contact +63000 +63600 2021 2022 1000
a contact +63000 +63600 2022 2021 1000
a contact +63000 +63600 2023 9001 1000
a contact +63000 +63600 2024 2017 1000
a contact +63000 +63600 9001 2023 1000
a contact +63000 +63600 9003 2005 1000
a contact +63000 +63600 9004 2006 1000
a contact +63000 +63600 9006 2015 1000
a contact +63600 +64200 2001 2003 1000
a contact +63600 +64200 2002 2015 1000
a contact +63600 +64200 2003 2001 1000
a contact +63600 +64200 2004 2005 1000
a contact +63600 +64200 2005 2004 1000
a contact +63600 +64200 2006 2017 1000
a contact +63600 +64200 2007 9001 1000
a contact +63600 +64200 2008 2016 1000
a contact +63600 +64200 2009 2014 1000
a contact +63600 +64200 2010 2012 1000
a contact +63000 +64200 2011 2013 1000
a contact +63600 +64200 2012 2010 1000
a contact +63000 +64200 2013 2011 1000
a contact +63600 +64200 2014 2009 1000
a contact +63600 +64200 2015 2002 1000
a contact +63600 +64200 2016 2008 1000
a contact +63600 +64200 2017 2006 1000
a contact +63600 +64200 2018 2021 1000
a contact +63600 +64200 2019 9006 1000
a contact +63600 +64200 2020 9004 1000
a contact +63600 +64200 2021 2018 1000
a contact +63600 +64200 2022 2024 1000
a contact +63600 +64200 2023 9003 1000
a contact +63600 +64200 2024 2022 1000
a contact +63600 +64200 9001 2007 1000
a contact +63600 +64200 9003 2023 1000
a contact +63600 +64200 9004 2020 1000
a contact +63600 +64200 9006 2019 1000
a contact +64200 +64800 2001 2007 1000
a contact +64200 +64800 2002 2017 1000
a contact +64200 +64800 2003 2004 1000
a contact +64200 +64800 2004 2003 1000
a contact +64200 +64800 2005 2015 1000
a contact +64200 +64800 2006 9001 1000
a contact +64200 +64800 2007 2001 1000
a contact +64200 +64800 2008 2009 1000
a contact +64200 +64800 2009 2008 1000
a contact +64200 +64800 2010 2023 1000
a contact +64200 +64800 2011 2022 1000
a contact +64200 +64800 2012 2021 1000
a contact +64200 +64800 2013 2020 1000
a contact +64200 +64800 2014 2016 1000
a contact +64200 +64800 2015 2005 1000
a contact +64200 +64800 2016 2014 1000
a contact +64200 +64800 2017 2002 1000
a contact +64200 +64800 2018 9004 1000
a contact +64200 +64800 2019 9003 1000
a contact +64200 +64800 2020 2013 1000
a contact +64200 +64800 2021 2012 1000
a contact +64200 +64800 2022 2011 1000
a contact +64200 +64800 2023 2010 1000
a contact +64200 +64800 2024 9006 1000
a contact +64200 +64800 9001 2006 1000
a contact +64200 +64800 9003 2019 1000
a contact +64200 +64800 9004 2018 1000
a contact +64200 +64800 9006 2024 1000
a contact +64800 +65400 2001 9001 1000
a contact +64800 +65400 2002 2003 1000
a contact +64800 +65400 2003 2002 1000
a contact +64800 +65400 2004 2024 1000
a contact +64800 +65400 2005 2019 1000
a contact +64800 +65400 2006 2023 1000
a contact +64800 +65400 2007 2015 1000
a contact +64800 +65400 2008 2021 1000
a contact +64800 +65400 2009 2010 1000
a contact +64800 +65400 2010 2009 1000
a contact +64800 +65400 2011 2020 1000
a contact +64800 +65400 2012 2014 1000
a contact +64800 +65400 2013 2018 1000
a contact +64800 +65400 2014 2012 1000
a contact +64800 +65400 2015 2007 1000
a contact +64800 +65400 2016 9006 1000
a contact +64800 +65400 2017 9003 1000
a contact +64800 +65400 2018 2013 1000
a contact +64800 +65400 2019 2005 1000
a contact +64800 +65400 2020 2011 1000
a contact +64800 +65400 2021 2008 1000
a contact +64800 +65400 2022 9004 1000
a contact +64800 +65400 2023 2006 1000
a contact +64800 +65400 2024 2004 1000
a contact +64800 +65400 9001 2001 1000
a contact +64800 +65400 9003 2017 1000
a contact +64800 +65400 9004 2022 1000
a contact +64800 +65400 9006 2016 1000
a contact +65400 +66000 2001 2010 1000
a contact +65400 +66000 2002 2005 1000
a contact +65400 +66000 2003 2008 1000
a contact +65400 +66000 2004 2015 1000
a contact +65400 +66000 2005 2002 1000
a contact +65400 +66000 2006 2022 1000
a contact +65400 +66000 2007 2021 1000
a contact +65400 +66000 2008 2003 1000
a contact +65400 +66000 2009 9006 1000
a contact +65400 +66000 2010 2001 1000
a contact +65400 +66000 2011 2018 1000
a contact +65400 +66000 2012 9003 1000
a contact +65400 +66000 2013 2016 1000
a contact +65400 +66000 2014 2020 1000
a contact +65400 +66000 2015 2004 1000
a contact +65400 +66000 2016 2013 1000
a contact +65400 +66000 2017 9004 1000
a contact +65400 +66000 2018 2011 1000
a contact +65400 +66000 2019 2023 1000
a contact +65400 +66000 2020 2014 1000
a contact +65400 +66000 2021 2007 1000
a contact +65400 +66000 2022 2006 1000
a contact +65400 +66000 2023 2019 1000
a contact +65400 +66000 2024 9001 1000
a contact +65400 +66000 9001 2024 1000
a contact +65400 +66000 9003 2012 1000
a contact +65400 +66000 9004 2017 1000
a contact +65400 +66000 9006 2009 1000
a contact +66000 +66600 2001 2008 1000
a contact +66000 +66600 2002 2023 1000
a contact +66000 +66600 2003 2015 1000
a contact +66000 +66600 2004 2022 1000
a contact +66000 +66600 2005 2006 1000
a contact +66000 +66600 2006 2005 1000
a contact +66000 +66600 2007 2020 1000
a contact +66000 +66600 2008 2001 1000
a contact +66000 +66600 2009 9003 1000
a contact +66000 +66600 2010 2021 1000
a contact +66000 +66600 2011 2019 1000
a contact +66000 +66600 2012 9006 1000
a contact +66000 +66600 2013 2024 1000
a contact +66000 +66600 2014 2018 1000
a contact +66000 +66600 2015 2003 1000
a contact +66000 +66600 2016 9004 1000
a contact +66000 +66600 2017 9001 1000
a contact +66000 +66600 2018 2014 1000
a contact +66000 +66600 2019 2011 1000
a contact +66000 +66600 2020 2007 1000
a contact +66000 +66600 2021 2010 1000
a contact +66000 +66600 2022 2004 1000
a contact +66000 +66600 2023 2002 1000
a contact +66000 +66600 2024 2013 1000
a contact +66000 +66600 9001 2017 1000
a contact +66000 +66600 9003 2009 1000
a contact +66000 +66600 9004 2016 1000
a contact +66000 +66600 9006 2012 1000
a contact +66600 +67200 2001 2011 1000
a contact +66600 +67200 2002 9003 1000
a contact +66600 +67200 2003 2017 1000
a contact +66600 +67200 2004 2009 1000
a contact +66600 +67200 2005 2007 1000
a contact +66600 +67200 2006 2020 1000
a contact +66600 +67200 2007 2005 1000
a contact +66600 +67200 2008 2022 1000
a contact +66600 +67200 2009 2004 1000
a contact +66600 +67200 2010 2019 1000
a contact +66600 +67200 2011 2001 1000
a contact +66600 +67200 2012 9001 1000
a contact +66600 +67200 2013 2021 1000
a contact +66600 +67200 2014 2023 1000
a contact +66600 +67200 2015 2016 1000
a contact +66600 +67200 2016 2015 1000
a contact +66600 +67200 2017 2003 1000
a contact +66600 +67200 2018 9006 1000
a contact +66600 +67200 2019 2010 1000
a contact +66600 +67200 2020 2006 1000
a contact +66600 +67200 2021 2013 1000
a contact +66600 +67200 2022 2008 1000
a contact +66600 +67200 2023 2014 1000
a contact +66600 +67200 2024 9004 1000
a contact +66600 +67200 9001 2012 1000
a contact +66600 +67200 9003 2002 1000
a contact +66600 +67200 9004 2024 1000
a contact +66600 +67200 9006 2018 1000
a contact +67200 +67800 2001 2024 1000
a contact +67200 +67800 2002 2004 1000
a contact +67200 +67800 2003 2005 1000
a contact +67200 +67800 2004 2002 1000
a contact +67200 +67800 2005 2003 1000
a contact +67200 +67800 2006 2018 1000
a contact +67200 +67800 2007 2023 1000
a contact +67200 +67800 2008 2020 1000
a contact +67200 +67800 2009 9001 1000
a contact +67200 +67800 2010 2017 1000
a contact +67200 +67800 2011 2014 1000
a contact +67200 +67800 2012 9004 1000
a contact +67200 +67800 2013 9006 1000
a contact +67200 +67800 2014 2011 1000
a contact +67200 +67800 2015 2021 1000
a contact +67200 +67800 2016 2019 1000
a contact +67200 +67800 2017 2010 1000
a contact +67200 +67800 2018 2006 1000
a contact +67200 +67800 2019 2016 1000
a contact +67200 +67800 2020 2008 1000
a contact +67200 +67800 2021 2015 1000
a contact +67200 +67800 2022 9003 1000
a contact +67200 +67800 2023 2007 1000
a contact +67200 +67800 2024 2001 1000
a contact +67200 +67800 9001 2009 1000
a contact +67200 +67800 9003 2022 1000
a contact +67200 +67800 9004 2012 1000
a contact +67200 +67800 9006 2013 1000
a contact +67800 +68400 2001 2012 1000
a contact +67800 +68400 2002 9006 1000
a contact +67800 +68400 2003 2024 1000
a contact +67800 +68400 2004 2023 1000
a contact +67800 +68400 2005 2010 1000
a contact +67800 +68400 2006 2019 1000
a contact +67800 +68400 2007 2022 1000
a contact +67800 +68400 2008 2017 1000
a contact +67800 +68400 2009 2011 1000
a contact +67800 +68400 2010 2005 1000
a contact +67800 +68400 2011 2009 1000
a contact +67800 +68400 2012 2001 1000
a contact +67800 +68400 2013 9004 1000
a contact +67800 +68400 2014 9001 1000
a contact +67800 +68400 2015 2020 1000
a contact +67800 +68400 2016 2018 1000
a contact +67800 +68400 2017 2008 1000
a contact +67800 +68400 2018 2016 1000
a contact +67800 +68400 2019 2006 1000
a contact +67800 +68400 2020 2015 1000
a contact +67800 +68400 2021 9003 1000
a contact +67800 +68400 2022 2007 1000
a contact +67800 +68400 2023 2004 1000
a contact +67800 +68400 2024 2003 1000
a contact +67800 +68400 9001 2014 1000
a contact +67800 +68400 9003 2021 1000
a contact +67800 +68400 9004 2013 1000
a contact +67800 +68400 9006 2002 1000
a contact +68400 +69000 2001 2009 1000
a contact +68400 +69000 2002 9001 1000
a contact +68400 +69000 2003 9006 1000
a contact +68400 +69000 2004 2021 1000
a contact +68400 +69000 2005 2011 1000
a contact +68400 +69000 2006 2013 1000
a contact +68400 +69000 2007 2019 1000
a contact +68400 +69000 2008 2024 1000
a contact +68400 +69000 2009 2001 1000
a contact +68400 +69000 2010 2022 1000
a contact +68400 +69000 2011 2005 1000
a contact +68400 +69000 2012 2023 1000
a contact +68400 +69000 2013 2006 1000
a contact +68400 +69000 2014 9004 1000
a contact +68400 +69000 2015 2018 1000
a contact +68400 +69000 2016 2017 1000
a contact +68400 +69000 2017 2016 1000
a contact +68400 +69000 2018 2015 1000
a contact +68400 +69000 2019 2007 1000
a contact +68400 +69000 2020 9003 1000
a contact +68400 +69000 2021 2004 1000
a contact +68400 +69000 2022 2010 1000
a contact +68400 +69000 2023 2012 1000
a contact +68400 +69000 2024 2008 1000
a contact +68400 +69000 9001 2002 1000
a contact +68400 +69000 9003 2020 1000
a contact +68400 +69000 9004 2014 1000
a contact +68400 +69000 9006 2003 1000
a contact +69000 +69600 2001 2013 1000
a contact +69000 +69600 2002 2016 1000
a contact +69000 +69600 2003 2022 1000
a contact +69000 +69600 2004 9003 1000
a contact +69000 +69600 2005 2009 1000
a contact +69000 +69600 2006 2024 1000
a contact +69000 +69600 2007 2018 1000
a contact +69000 +69600 2008 2019 1000
a contact +69000 +69600 2009 2005 1000
a contact +69000 +69600 2010 2020 1000
a contact +69000 +69600 2011 9001 1000
a contact +69000 +69600 2012 2015 1000
a contact +69000 +69600 2013 2001 1000
a contact +69000 +69600 2014 9006 1000
a contact +69000 +69600 2015 2012 1000
a contact +69000 +69600 2016 2002 1000
a contact +69000 +69600 2017 2021 1000
a contact +69000 +69600 2018 2007 1000
a contact +69000 +69600 2019 2008 1000
a contact +69000 +69600 2020 2010 1000
a contact +69000 +69600 2021 2017 1000
a contact +69000 +69600 2022 2003 1000
a contact +69000 +69600 2023 9004 1000
a contact +69000 +69600 2024 2006 1000
a contact +69000 +69600 9001 2011 1000
a contact +69000 +69600 9003 2004 1000
a contact +69000 +69600 9004 2023 1000
a contact +69000 +69600 9006 2014 1000
a contact +69600 +70200 2001 2015 1000
a contact +69600 +70200 2002 2014 1000
a contact +69600 +70200 2003 2023 1000
a contact +69600 +70200 2004 2019 1000
a contact +69600 +70200 2005 9004 1000
a contact +69600 +70200 2006 2021 1000
a contact +69600 +70200 2007 2009 1000
a contact +69600 +70200 2008 2010 1000
a contact +69600 +70200 2009 2007 1000
a contact +69600 +70200 2010 2008 1000
a contact +69600 +70200 2011 9006 1000
a contact +69600 +70200 2012 2020 1000
a contact +69600 +70200 2013 2022 1000
a contact +69600 +70200 2014 2002 1000
a contact +69600 +70200 2015 2001 1000
a contact +69600 +70200 2016 9001 1000
a contact +69600 +70200 2017 2024 1000
a contact +69600 +70200 2018 9003 1000
a contact +69600 +70200 2019 2004 1000
a contact +69600 +70200 2020 2012 1000
a contact +69600 +70200 2021 2006 1000
a contact +69600 +70200 2022 2013 1000
a contact +69600 +70200 2023 2003 1000
a contact +69600 +70200 2024 2017 1000
a contact +69600 +70200 9001 2016 1000
a contact +69600 +70200 9003 2018 1000
a contact +69600 +70200 9004 2005 1000
a contact +69600 +70200 9006 2011 1000
a contact +70200 +70800 2001 2014 1000
a contact +70200 +70800 2002 2024 1000
a contact +70200 +70800 2003 2020 1000
a contact +70200 +70800 2004 9006 1000
a contact +70200 +70800 2005 9001 1000
a contact +70200 +70800 2006 2012 1000
a contact +70200 +70800 2007 2008 1000
a contact +70200 +70800 2008 2007 1000
a contact +70200 +70800 2009 2023 1000
a contact +70200 +70800 2010 2018 1000
a contact +70200 +70800 2011 9004 1000
a contact +70200 +70800 2012 2006 1000
a contact +70200 +70800 2013 9003 1000
a contact +70200 +70800 2014 2001 1000
a contact +70200 +70800 2015 2022 1000
a contact +70200 +70800 2016 2021 1000
a contact +70200 +70800 2017 2019 1000
a contact +70200 +70800 2018 2010 1000
a contact +70200 +70800 2019 2017 1000
a contact +70200 +70800 2020 2003 1000
a contact +70200 +70800 2021 2016 1000
a contact +70200 +70800 2022 2015 1000
a contact +70200 +70800 2023 2009 1000
a contact +70200 +70800 2024 2002 1000
a contact +70200 +70800 9001 2005 1000
a contact +70200 +70800 9003 2013 1000
a contact +70200 +70800 9004 2011 1000
a contact +70200 +70800 9006 2004 1000
a contact +70800 +71400 2001 2016 1000
a contact +70800 +71400 2002 2021 1000
a contact +70800 +71400 2003 2019 1000
a contact +70800 +71400 2004 2020 1000
a contact +70800 +71400 2005 2012 1000
a contact +70800 +71400 2006 2015 1000
a contact +70800 +71400 2007 2013 1000
a contact +70800 +71400 2008 9003 1000
a contact +70800 +71400 2009 9004 1000
a contact +70800 +71400 2010 2011 1000
a contact +70800 +71400 2011 2010 1000
a contact +70800 +71400 2012 2005 1000
a contact +70800 +71400 2013 2007 1000
a contact +70800 +71400 2014 2024 1000
a contact +70800 +71400 2015 2006 1000
a contact +70800 +71400 2016 2001 1000
a contact +70800 +71400 2017 2018 1000
a contact +70800 +71400 2018 2017 1000
a contact +70800 +71400 2019 2003 1000
a contact +70800 +71400 2020 2004 1000
a contact +70800 +71400 2021 2002 1000
a contact +70800 +71400 2022 9001 1000
a contact +70800 +71400 2023 9006 1000
a contact +70800 +71400 2024 2014 1000
a contact +70800 +71400 9001 2022 1000
a contact +70800 +71400 9003 2008 1000
a contact +70800 +71400 9004 2009 1000
a contact +70800 +71400 9006 2023 1000
a contact +71400 +72000 2001 2019 1000
a contact +71400 +72000 2002 2013 1000
a contact +71400 +72000 2003 2006 1000
a contact +71400 +72000 2004 2014 1000
a contact +71400 +72000 2005 2016 1000
a contact +71400 +72000 2006 2003 1000
a contact +71400 +72000 2007 9003 1000
a contact +71400 +72000 2008 9006 1000
a contact +71400 +72000 2009 2024 1000
a contact +71400 +72000 2010 2012 1000
a contact +71400 +72000 2011 2021 1000
a contact +71400 +72000 2012 2010 1000
a contact +71400 +72000 2013 2002 1000
a contact +71400 +72000 2014 2004 1000
a contact +71400 +72000 2015 2023 1000
a contact +71400 +72000 2016 2005 1000
a contact +71400 +72000 2017 2020 1000
a contact +71400 +72000 2018 9001 1000
a contact +71400 +72000 2019 2001 1000
a contact +71400 +72000 2020 2017 1000
a contact +71400 +72000 2021 2011 1000
a contact +71400 +72000 2022 9004 1000
a contact +71400 +72000 2023 2015 1000
a contact +71400 +72000 2024 2009 1000
a contact +71400 +72000 9001 2018 1000
a contact +71400 +72000 9003 2007 1000
a contact +71400 +72000 9004 2022 1000
a contact +71400 +72000 9006 2008 1000
a contact +72000 +72600 2001 2017 1000
a contact +72000 +72600 2002 2022 1000
a contact +72000 +72600 2003 2010 1000
a contact +72000 +72600 2004 2016 1000
a contact +72000 +72600 2005 2023 1000
a contact +72000 +72600 2006 9003 1000
a contact +72000 +72600 2007 2011 1000
a contact +72000 +72600 2008 2014 1000
a contact +72000 +72600 2009 2021 1000
a contact +72000 +72600 2010 2003 1000
a contact +72000 +72600 2011 2007 1000
a contact +72000 +72600 2012 2024 1000
a contact +72000 +72600 2013 9001 1000
a contact +72000 +72600 2014 2008 1000
a contact +72000 +72600 2015 2019 1000
a contact +72000 +72600 2016 2004 1000
a contact +72000 +72600 2017 2001 1000
a contact +72000 +72600 2018 9004 1000
a contact +72000 +72600 2019 2015 1000
a contact +72000 +72600 2020 9006 1000
a contact +72000 +72600 2021 2009 1000
a contact +72000 +72600 2022 2002 1000
a contact +72000 +72600 2023 2005 1000
a contact +72000 +72600 2024 2012 1000
a contact +72000 +72600 9001 2013 1000
a contact +72000 +72600 9003 2006 1000
a contact +72000 +72600 9004 2018 1000
a contact +72000 +72600 9006 2020 1000
a contact +72600 +73200 2001 9003 1000
a contact +72600 +73200 2002 2007 1000
a contact +72600 +73200 2003 2018 1000
a contact +72600 +73200 2004 2013 1000
a contact +72600 +73200 2005 2022 1000
a contact +72600 +73200 2006 2016 1000
a contact +72600 +73200 2007 2002 1000
a contact +72600 +73200 2008 2023 1000
a contact +72600 +73200 2009 2020 1000
a contact +72600 +73200 2010 9004 1000
a contact +72600 +73200 2011 2024 1000
a contact +72600 +73200 2012 2017 1000
a contact +72600 +73200 2013 2004 1000
a contact +72600 +73200 2014 2015 1000
a contact +72600 +73200 2015 2014 1000
a contact +72600 +73200 2016 2006 1000
a contact +72600 +73200 2017 2012 1000
a contact +72600 +73200 2018 2003 1000
a contact +72600 +73200 2019 9001 1000
a contact +72600 +73200 2020 2009 1000
a contact +72600 +73200 2021 9006 1000
a contact +72600 +73200 2022 2005 1000
a contact +72600 +73200 2023 2008 1000
a contact +72600 +73200 2024 2011 1000
a contact +72600 +73200 9001 2019 1000
a contact +72600 +73200 9003 2001 1000
a contact +72600 +73200 9004 2010 1000
a contact +72600 +73200 9006 2021 1000
a contact +73200 +73800 2001 2020 1000
a contact +73200 +73800 2002 2009 1000
a contact +73200 +73800 2003 2007 1000
a contact +73200 +73800 2004 2006 1000
a contact +73200 +73800 2005 2017 1000
a contact +73200 +73800 2006 2004 1000
a contact +73200 +73800 2007 2003 1000
a contact +73200 +73800 2008 2015 1000
a contact +73200 +73800 2009 2002 1000
a contact +73200 +73800 2010 9001 1000
a contact +73200 +73800 2011 2023 1000
a contact +73200 +73800 2012 2013 1000
a contact +73200 +73800 2013 2012 1000
a contact +73200 +73800 2014 2021 1000
a contact +73200 +73800 2015 2008 1000
a contact +73200 +73800 2016 2024 1000
a contact +73200 +73800 2017 2005 1000
a contact +73200 +73800 2018 9003 1000
a contact +73200 +73800 2019 9004 1000
a contact +73200 +73800 2020 2001 1000
a contact +73200 +73800 2021 2014 1000
a contact +73200 +73800 2022 9006 1000
a contact +73200 +73800 2023 2011 1000
a contact +73200 +73800 2024 2016 1000
a contact +73200 +73800 9001 2010 1000
a contact +73200 +73800 9003 2018 1000
a contact +73200 +73800 9004 2019 1000
a contact +73200 +73800 9006 2022 1000
a contact +73800 +74400 2001 2021 1000
a contact +73800 +74400 2002 2018 1000
a contact +73800 +74400 2003 2014 1000
a contact +73800 +74400 2004 2010 1000
a contact +73800 +74400 2005 2013 1000
a contact +73800 +74400 2006 2011 1000
a contact +73800 +74400 2007 2024 1000
a contact +73800 +74400 2008 2012 1000
a contact +73800 +74400 2009 2017 1000
a contact +73800 +74400 2010 2004 1000
a contact +73800 +74400 2011 2006 1000
a contact +73800 +74400 2012 2008 1000
a contact +73800 +74400 2013 2005 1000
a contact +73800 +74400 2014 2003 1000
a contact +73800 +74400 2015 9004 1000
a contact +73800 +74400 2016 2020 1000
a contact +73800 +74400 2017 2009 1000
a contact +73800 +74400 2018 2002 1000
a contact +73800 +74400 2019 9006 1000
a contact +73800 +74400 2020 2016 1000
a contact +73800 +74400 2021 2001 1000
a contact +73800 +74400 2022 9003 1000
a contact +73800 +74400 2023 9001 1000
a contact +73800 +74400 2024 2007 1000
a contact +73800 +74400 9001 2023 1000
a contact +73800 +74400 9003 2022 1000
a contact +73800 +74400 9004 2015 1000
a contact +73800 +74400 9006 2019 1000
a contact +74400 +75000 2001 2023 1000
a contact +74400 +75000 2002 2020 1000
a contact +74400 +75000 2003 2016 1000
a contact +74400 +75000 2004 2012 1000
a contact +74400 +75000 2005 2014 1000
a contact +74400 +75000 2006 2010 1000
a contact +74400 +75000 2007 2017 1000
a contact +74400 +75000 2008 2013 1000
a contact +74400 +75000 2009 2022 1000
a contact +74400 +75000 2010 2006 1000
a contact +74400 +75000 2011 9006 1000
a contact +74400 +75000 2012 2004 1000
a contact +74400 +75000 2013 2008 1000
a contact +74400 +75000 2014 2005 1000
a contact +74400 +75000 2015 9001 1000
a contact +74400 +75000 2016 2003 1000
a contact +74400 +75000 2017 2007 1000
a contact +74400 +75000 2018 2024 1000
a contact +74400 +75000 2019 9003 1000
a contact +74400 +75000 2020 2002 1000
a contact +74400 +75000 2021 9004 1000
a contact +74400 +75000 2022 2009 1000
a contact +74400 +75000 2023 2001 1000
a contact +74400 +75000 2024 2018 1000
a contact +74400 +75000 9001 2015 1000
a contact +74400 +75000 9003 2019 1000
a contact +74400 +75000 9004 2021 1000
a contact +74400 +75000 9006 2011 1000
a contact +75000 +75600 2001 2018 1000
a contact +75000 +75600 2002 2019 1000
a contact +75000 +75600 2003 9004 1000
a contact +75000 +75600 2004 2008 1000
a contact +75000 +75600 2005 2020 1000
a contact +75000 +75600 2006 2007 1000
a contact +75000 +75600 2007 2006 1000
a contact +75000 +75600 2008 2004 1000
a contact +75000 +75600 2009 2013 1000
a contact +75000 +75600 2010 2024 1000
a contact +75000 +75600 2011 2017 1000
a contact +75000 +75600 2012 9003 1000
a contact +75000 +75600 2013 2009 1000
a contact +75000 +75600 2014 2022 1000
a contact +75000 +75600 2015 9006 1000
a contact +75000 +75600 2016 2023 1000
a contact +75000 +75600 2017 2011 1000
a contact +75000 +75600 2018 2001 1000
a contact +75000 +75600 2019 2002 1000
a contact +75000 +75600 2020 2005 1000
a contact +75000 +75600 2021 9001 1000
a contact +75000 +75600 2022 2014 1000
a contact +75000 +75600 2023 2016 1000
a contact +75000 +75600 2024 2010 1000
a contact +75000 +75600 9001 2021 1000
a contact +75000 +75600 9003 2012 1000
a contact +75000 +75600 9004 2003 1000
a contact +75000 +75600 9006 2015 1000
a contact +75600 +76200 2001 2024 1000
a contact +75600 +76200 2002 2010 1000
a contact +75600 +76200 2003 9001 1000
a contact +75600 +76200 2004 2017 1000
a contact +75600 +76200 2005 2018 1000
a contact +75600 +76200 2006 2014 1000
a contact +75600 +76200 2007 2016 1000
a contact +75600 +76200 2008 2011 1000
a contact +75600 +76200 2009 2019 1000
a contact +75600 +76200 2010 2002 1000
a contact +75600 +76200 2011 2008 1000
a contact +75600 +76200 2012 2022 1000
a contact +75600 +76200 2013 2023 1000
a contact +75600 +76200 2014 2006 1000
a contact +75600 +76200 2015 9003 1000
a contact +75600 +76200 2016 2007 1000
a contact +75600 +76200 2017 2004 1000
a contact +75600 +76200 2018 2005 1000
a contact +75600 +76200 2019 2009 1000
a contact +75600 +76200 2020 9004 1000
a contact +75600 +76200 2021 9006 1000
a contact +75600 +76200 2022 2012 1000
a contact +75600 +76200 2023 2013 1000
a contact +75600 +76200 2024 2001 1000
a contact +75600 +76200 9001 2003 1000
a contact +75600 +76200 9003 2015 1000
a contact +75600 +76200 9004 2020 1000
a contact +75600 +76200 9006 2021 1000
a contact +76200 +76800 2001 9003 1000
a contact +76200 +76800 2002 2012 1000
a contact +76200 +76800 2003 2011 1000
a contact +76200 +76800 2004 9004 1000
a contact +76200 +76800 2005 2021 1000
a contact +76200 +76800 2006 9006 1000
a contact +76200 +76800 2007 2014 1000
a contact +76200 +76800 2008 9001 1000
a contact +76200 +76800 2009 2015 1000
a contact +76200 +76800 2010 2016 1000
a contact +76200 +76800 2011 2003 1000
a contact +76200 +76800 2012 2002 1000
a contact +76200 +76800 2013 2019 1000
a contact +76200 +76800 2014 2007 1000
a contact +76200 +76800 2015 2009 1000
a contact +76200 +76800 2016 2010 1000
a contact +76200 +76800 2017 2023 1000
a contact +76200 +76800 2018 2022 1000
a contact +76200 +76800 2019 2013 1000
a contact +76200 +76800 2020 2024 1000
a contact +76200 +76800 2021 2005 1000
a contact +76200 +76800 2022 2018 1000
a contact +76200 +76800 2023 2017 1000
a contact +76200 +76800 2024 2020 1000
a contact +76200 +76800 9001 2008 1000
a contact +76200 +76800 9003 2001 1000
a contact +76200 +76800 9004 2004 1000
a contact +76200 +76800 9006 2006 1000
a contact +76800 +77400 2001 9006 1000
a contact +76800 +77400 2002 9004 1000
a contact +76800 +77400 2003 2008 1000
a contact +76800 +77400 2004 9001 1000
a contact +76800 +77400 2005 2024 1000
a contact +76800 +77400 2006 9003 1000
a contact +76800 +77400 2007 2012 1000
a contact +76800 +77400 2008 2003 1000
a contact +76800 +77400 2009 2018 1000
a contact +76800 +77400 2011 2016 1000
a contact +76800 +77400 2012 2007 1000
a contact +76800 +77400 2013 2015 1000
a contact +76800 +77400 2015 2013 1000
a contact +76800 +77400 2016 2011 1000
a contact +76800 +77400 2017 2022 1000
a contact +76800 +77400 2018 2009 1000
a contact +76800 +77400 2019 2021 1000
a contact +76800 +77400 2020 2023 1000
a contact +76800 +77400 2021 2019 1000
a contact +76800 +77400 2022 2017 1000
a contact +76800 +77400 2023 2020 1000
a contact +76800 +77400 2024 2005 1000
a contact +76800 +77400 9001 2004 1000
a contact +76800 +77400 9003 2006 1000
a contact +76800 +77400 9004 2002 1000
a contact +76800 +77400 9006 2001 1000
a contact +77400 +78000 2001 9004 1000
a contact +77400 +78000 2002 2008 1000
a contact +77400 +78000 2003 2013 1000
a contact +77400 +78000 2004 2011 1000
a contact +77400 +78000 2005 9006 1000
a contact +77400 +78000 2006 9001 1000
a contact +77400 +78000 2007 9003 1000
a contact +77400 +78000 2008 2002 1000
a contact +77400 +78000 2009 2012 1000
a contact +76800 +78000 2010 2014 1000
a contact +77400 +78000 2011 2004 1000
a contact +77400 +78000 2012 2009 1000
a contact +77400 +78000 2013 2003 1000
a contact +76800 +78000 2014 2010 1000
a contact +77400 +78000 2015 2017 1000
a contact +77400 +78000 2016 2022 1000
a contact +77400 +78000 2017 2015 1000
a contact +77400 +78000 2018 2023 1000
a contact +77400 +78000 2019 2024 1000
a contact +77400 +78000 2020 2021 1000
a contact +77400 +78000 2021 2020 1000
a contact +77400 +78000 2022 2016 1000
a contact +77400 +78000 2023 2018 1000
a contact +77400 +78000 2024 2019 1000
a contact +77400 +78000 9001 2006 1000
a contact +77400 +78000 9003 2007 1000
a contact +77400 +78000 9004 2001 1000
a contact +77400 +78000 9006 2005 1000
a contact +78000 +78600 2001 2002 1000
a contact +78000 +78600 2002 2001 1000
a contact +78000 +78600 2003 2021 1000
a contact +78000 +78600 2004 2018 1000
a contact +78000 +78600 2005 9003 1000
a contact +78000 +78600 2006 9004 1000
a contact +78000 +78600 2007 9001 1000
a contact +78000 +78600 2008 2009 1000
a contact +78000 +78600 2009 2008 1000
a contact +78000 +78600 2010 2013 1000
a contact +78000 +78600 2011 2012 1000
a contact +78000 +78600 2012 2011 1000
a contact +78000 +78600 2013 2010 1000
a contact +78000 +78600 2014 2017 1000
a contact +78000 +78600 2015 2024 1000
a contact +78000 +78600 2016 9006 1000
a contact +78000 +78600 2017 2014 1000
a contact +78000 +78600 2018 2004 1000
a contact +78000 +78600 2019 2023 1000
a contact +78000 +78600 2020 2022 1000
a contact +78000 +78600 2021 2003 1000
a contact +78000 +78600 2022 2020 1000
a contact +78000 +78600 2023 2019 1000
a contact +78000 +78600 2024 2015 1000
a contact +78000 +78600 9001 2007 1000
a contact +42600 +78600 9002 9005 1000
a contact +78000 +78600 9003 2005 1000
a contact +78000 +78600 9004 2006 1000
a contact +42600 +78600 9005 9002 1000
a contact +78000 +78600 9006 2016 1000
a contact +78600 +79200 2001 2022 1000
a contact +78600 +79200 2002 9002 1000
a contact +78600 +79200 2003 2011 1000
a contact +78600 +79200 2004 2017 1000
a contact +78600 +79200 2005 2008 1000
a contact +78600 +79200 2006 9005 1000
a contact +78600 +79200 2007 9004 1000
a contact +78600 +79200 2008 2005 1000
a contact +78600 +79200 2009 2016 1000
a contact +78600 +79200 2010 2015 1000
a contact +78600 +79200 2011 2003 1000
a contact +78600 +79200 2012 2019 1000
a contact +78600 +79200 2013 2014 1000
a contact +78600 +79200 2014 2013 1000
a contact +78600 +79200 2015 2010 1000
a contact +78600 +79200 2016 2009 1000
a contact +78600 +79200 2017 2004 1000
a contact +78600 +79200 2018 2021 1000
a contact +78600 +79200 2019 2012 1000
a contact +78600 +79200 2020 9001 1000
a contact +78600 +79200 2021 2018 1000
a contact +78600 +79200 2022 2001 1000
a contact +78600 +79200 2023 2024 1000
a contact +78600 +79200 2024 2023 1000
a contact +78600 +79200 9001 2020 1000
a contact +78600 +79200 9002 2002 1000
a contact +78600 +79200 9004 2007 1000
a contact +78600 +79200 9005 2006 1000
a contact +79200 +79800 2001 9001 1000
a contact +79200 +79800 2002 2011 1000
a contact +79200 +79800 2003 2013 1000
a contact +79200 +79800 2004 2015 1000
a contact +79200 +79800 2005 9005 1000
a contact +79200 +79800 2006 9002 1000
a contact +79200 +79800 2007 2010 1000
a contact +79200 +79800 2008 9004 1000
a contact +79200 +79800 2009 2017 1000
a contact +79200 +79800 2010 2007 1000
a contact +79200 +79800 2011 2002 1000
a contact +79200 +79800 2012 2016 1000
a contact +79200 +79800 2013 2003 1000
a contact +79200 +79800 2014 2019 1000
a contact +79200 +79800 2015 2004 1000
a contact +79200 +79800 2016 2012 1000
a contact +79200 +79800 2017 2009 1000
a contact +79200 +79800 2018 2020 1000
a contact +79200 +79800 2019 2014 1000
a contact +79200 +79800 2020 2018 1000
a contact +79200 +79800 2021 2024 1000
a contact +79200 +79800 2022 2023 1000
a contact +79200 +79800 2023 2022 1000
a contact +79200 +79800 2024 2021 1000
a contact +79200 +79800 9001 2001 1000
a contact +79200 +79800 9002 2006 1000
a contact +79200 +79800 9004 2008 1000
a contact +79200 +79800 9005 2005 1000
a contact +79800 +80400 2001 9002 1000
a contact +79800 +80400 2002 2003 1000
a contact +79800 +80400 2003 2002 1000
a contact +79800 +80400 2004 9005 1000
a contact +79800 +80400 2005 2008 1000
a contact +79800 +80400 2006 2017 1000
a contact +79800 +80400 2007 2015 1000
a contact +79800 +80400 2008 2005 1000
a contact +79800 +80400 2009 2012 1000
a contact +79800 +80400 2010 2014 1000
a contact +79800 +80400 2011 9004 1000
a contact +79800 +80400 2012 2009 1000
a contact +79800 +80400 2013 2016 1000
a contact +79800 +80400 2014 2010 1000
a contact +79800 +80400 2015 2007 1000
a contact +79800 +80400 2016 2013 1000
a contact +79800 +80400 2017 2006 1000
a contact +79800 +80400 2018 2019 1000
a contact +79800 +80400 2019 2018 1000
a contact +79800 +80400 2020 9001 1000
a contact +79800 +80400 2021 2023 1000
a contact +79800 +80400 2022 2024 1000
a contact +79800 +80400 2023 2021 1000
a contact +79800 +80400 2024 2022 1000
a contact +79800 +80400 9001 2020 1000
a contact +79800 +80400 9002 2001 1000
a contact +79800 +80400 9004 2011 1000
a contact +79800 +80400 9005 2004 1000
a contact +80400 +81000 2001 9005 1000
a contact +80400 +81000 2002 2004 1000
a contact +80400 +81000 2003 2023 1000
a contact +80400 +81000 2004 2002 1000
a contact +80400 +81000 2005 9004 1000
a contact +80400 +81000 2007 2021 1000
a contact +80400 +81000 2008 2020 1000
a contact +80400 +81000 2010 2013 1000
a contact +80400 +81000 2012 2018 1000
a contact +80400 +81000 2013 2010 1000
a contact +80400 +81000 2014 2017 1000
a contact +80400 +81000 2016 9002 1000
a contact +80400 +81000 2017 2014 1000
a contact +80400 +81000 2018 2012 1000
a contact +80400 +81000 2019 2022 1000
a contact +80400 +81000 2020 2008 1000
a contact +80400 +81000 2021 2007 1000
a contact +80400 +81000 2022 2019 1000
a contact +80400 +81000 2023 2003 1000
a contact +80400 +81000 2024 9001 1000
a contact +80400 +81000 9001 2024 1000
a contact +80400 +81000 9002 2016 1000
a contact +80400 +81000 9004 2005 1000
a contact +80400 +81000 9005 2001 1000
a contact +81000 +81600 2001 2003 1000
a contact +81000 +81600 2002 2024 1000
a contact +81000 +81600 2003 2001 1000
a contact +81000 +81600 2004 2014 1000
a contact +81000 +81600 2005 9001 1000
a contact +80400 +81600 2006 2009 1000
a contact +81000 +81600 2007 9005 1000
a contact +81000 +81600 2008 2023 1000
a contact +80400 +81600 2009 2006 1000
a contact +81000 +81600 2010 2018 1000
a contact +80400 +81600 2011 2015 1000
a contact +81000 +81600 2012 2017 1000
a contact +81000 +81600 2013 9004 1000
a contact +81000 +81600 2014 2004 1000
a contact +80400 +81600 2015 2011 1000
a contact +81000 +81600 2016 2019 1000
a contact +81000 +81600 2017 2012 1000
a contact +81000 +81600 2018 2010 1000
a contact +81000 +81600 2019 2016 1000
a contact +81000 +81600 2020 9002 1000
a contact +81000 +81600 2021 2022 1000
a contact +81000 +81600 2022 2021 1000
a contact +81000 +81600 2023 2008 1000
a contact +81000 +81600 2024 2002 1000
a contact +81000 +81600 9001 2005 1000
a contact +81000 +81600 9002 2020 1000
a contact +81000 +81600 9004 2013 1000
a contact +81000 +81600 9005 2007 1000
a contact +81600 +82200 2001 2004 1000
a contact +81600 +82200 2002 2007 1000
a contact +81600 +82200 2003 2009 1000
a contact +81600 +82200 2004 2001 1000
a contact +81600 +82200 2005 2006 1000
a contact +81600 +82200 2006 2005 1000
a contact +81600 +82200 2007 2002 1000
a contact +81600 +82200 2008 2024 1000
a contact +81600 +82200 2009 2003 1000
a contact +81600 +82200 2010 9005 1000
a contact +81600 +82200 2011 2022 1000
a contact +81600 +82200 2012 2021 1000
a contact +81600 +82200 2013 9002 1000
a contact +81600 +82200 2014 2019 1000
a contact +81600 +82200 2015 2016 1000
a contact +81600 +82200 2016 2015 1000
a contact +81600 +82200 2017 2018 1000
a contact +81600 +82200 2018 2017 1000
a contact +81600 +82200 2019 2014 1000
a contact +81600 +82200 2020 9004 1000
a contact +81600 +82200 2021 2012 1000
a contact +81600 +82200 2022 2011 1000
a contact +81600 +82200 2023 9001 1000
a contact +81600 +82200 2024 2008 1000
a contact +81600 +82200 9001 2023 1000
a contact +81600 +82200 9002 2013 1000
a contact +81600 +82200 9004 2020 1000
a contact +81600 +82200 9005 2010 1000
a contact +82200 +82800 2001 2006 1000
a contact +82200 +82800 2002 2010 1000
a contact +82200 +82800 2003 2007 1000
a contact +82200 +82800 2004 2005 1000
a contact +82200 +82800 2005 2004 1000
a contact +82200 +82800 2006 2001 1000
a contact +82200 +82800 2007 2003 1000
a contact +82200 +82800 2008 2022 1000
a contact +82200 +82800 2009 2024 1000
a contact +82200 +82800 2010 2002 1000
a contact +82200 +82800 2011 2015 1000
a contact +82200 +82800 2012 2019 1000
a contact +82200 +82800 2013 9001 1000
a contact +82200 +82800 2014 2021 1000
a contact +82200 +82800 2015 2011 1000
a contact +82200 +82800 2016 2017 1000
a contact +82200 +82800 2017 2016 1000
a contact +82200 +82800 2018 9004 1000
a contact +82200 +82800 2019 2012 1000
a contact +82200 +82800 2020 9005 1000
a contact +82200 +82800 2021 2014 1000
a contact +82200 +82800 2022 2008 1000
a contact +82200 +82800 2023 9002 1000
a contact +82200 +82800 2024 2009 1000
a contact +82200 +82800 9001 2013 1000
a contact +82200 +82800 9002 2023 1000
a contact +82200 +82800 9004 2018 1000
a contact +82200 +82800 9005 2020 1000
a contact +82800 +83400 2001 2008 1000
a contact +82800 +83400 2002 2020 1000
a contact +82800 +83400 2003 2024 1000
a contact +82800 +83400 2004 2022 1000
a contact +82800 +83400 2005 2007 1000
a contact +82800 +83400 2006 2021 1000
a contact +82800 +83400 2007 2005 1000
a contact +82800 +83400 2008 2001 1000
a contact +82800 +83400 2009 2016 1000
a contact +82800 +83400 2010 9002 1000
a contact +82800 +83400 2011 2019 1000
a contact +82800 +83400 2012 2014 1000
a contact +82800 +83400 2013 9005 1000
a contact +82800 +83400 2014 2012 1000
a contact +82800 +83400 2015 2017 1000
a contact +82800 +83400 2016 2009 1000
a contact +82800 +83400 2017 2015 1000
a contact +82800 +83400 2018 9001 1000
a contact +82800 +83400 2019 2011 1000
a contact +82800 +83400 2020 2002 1000
a contact +82800 +83400 2021 2006 1000
a contact +82800 +83400 2022 2004 1000
a contact +82800 +83400 2023 9004 1000
a contact +82800 +83400 2024 2003 1000
a contact +82800 +83400 9001 2018 1000
a contact +82800 +83400 9002 2010 1000
a contact +82800 +83400 9004 2023 1000
a contact +82800 +83400 9005 2013 1000
a contact +83400 +84000 2001 2009 1000
a contact +83400 +84000 2002 2013 1000
a contact +83400 +84000 2003 2020 1000
a contact +83400 +84000 2004 2024 1000
a contact +83400 +84000 2005 2011 1000
a contact +83400 +84000 2006 2022 1000
a contact +83400 +84000 2007 9004 1000
a contact +83400 +84000 2008 2021 1000
a contact +83400 +84000 2009 2001 1000
a contact +83400 +84000 2010 9001 1000
a contact +83400 +84000 2011 2005 1000
a contact +83400 +84000 2012 2023 1000
a contact +83400 +84000 2013 2002 1000
a contact +83400 +84000 2014 2016 1000
a contact +83400 +84000 2015 2019 1000
a contact +83400 +84000 2016 2014 1000
a contact +83400 +84000 2017 9005 1000
a contact +83400 +84000 2018 9002 1000
a contact +83400 +84000 2019 2015 1000
a contact +83400 +84000 2020 2003 1000
a contact +83400 +84000 2021 2008 1000
a contact +83400 +84000 2022 2006 1000
a contact +83400 +84000 2023 2012 1000
a contact +83400 +84000 2024 2004 1000
a contact +83400 +84000 9001 2010 1000
a contact +83400 +84000 9002 2018 1000
a contact +83400 +84000 9004 2007 1000
a contact +83400 +84000 9005 2017 1000
a contact +84000 +84600 2001 2011 1000
a contact +84000 +84600 2002 2018 1000
a contact +84000 +84600 2003 2021 1000
a contact +84000 +84600 2005 9002 1000
a contact +84000 +84600 2006 2024 1000
a contact +84000 +84600 2008 2019 1000
a contact +84000 +84600 2009 2020 1000
a contact +84000 +84600 2010 2012 1000
a contact +84000 +84600 2011 2001 1000
a contact +84000 +84600 2012 2010 1000
a contact +84000 +84600 2013 2014 1000
a contact +84000 +84600 2014 2013 1000
a contact +84000 +84600 2015 2016 1000
a contact +84000 +84600 2016 2015 1000
a contact +84000 +84600 2017 9004 1000
a contact +84000 +84600 2018 2002 1000
a contact +84000 +84600 2019 2008 1000
a contact +84000 +84600 2020 2009 1000
a contact +84000 +84600 2021 2003 1000
a contact +84000 +84600 2022 9001 1000
a contact +84000 +84600 2023 9005 1000
a contact +84000 +84600 2024 2006 1000
a contact +84000 +84600 9001 2022 1000
a contact +84000 +84600 9002 2005 1000
a contact +84000 +84600 9004 2017 1000
a contact +84000 +84600 9005 2023 1000
a contact +84600 +85200 2001 2010 1000
a contact +84600 +85200 2002 9002 1000
a contact +84600 +85200 2003 2022 1000
a contact +84000 +85200 2004 2007 1000
a contact +84600 +85200 2005 2023 1000
a contact +84600 +85200 2006 2019 1000
a contact +84000 +85200 2007 2004 1000
a contact +84600 +85200 2008 2017 1000
a contact +84600 +85200 2009 2021 1000
a contact +84600 +85200 2010 2001 1000
a contact +84600 +85200 2011 2016 1000
a contact +84600 +85200 2012 2013 1000
a contact +84600 +85200 2013 2012 1000
a contact +84600 +85200 2014 2020 1000
a contact +84600 +85200 2015 9001 1000
a contact +84600 +85200 2016 2011 1000
a contact +84600 +85200 2017 2008 1000
a contact +84600 +85200 2018 9005 1000
a contact +84600 +85200 2019 2006 1000
a contact +84600 +85200 2020 2014 1000
a contact +84600 +85200 2021 2009 1000
a contact +84600 +85200 2022 2003 1000
a contact +84600 +85200 2023 2005 1000
a contact +84600 +85200 2024 9004 1000
a contact +84600 +85200 9001 2015 1000
a contact +84600 +85200 9002 2002 1000
a contact +84600 +85200 9004 2024 1000
a contact +84600 +85200 9005 2018 1000
a contact +85200 +85800 2001 2007 1000
a contact +85200 +85800 2002 9001 1000
a contact +85200 +85800 2003 2019 1000
a contact +85200 +85800 2004 2023 1000
a contact +85200 +85800 2005 9005 1000
a contact +85200 +85800 2006 2016 1000
a contact +85200 +85800 2007 2001 1000
a contact +85200 +85800 2008 2014 1000
a contact +85200 +85800 2009 2022 1000
a contact +85200 +85800 2010 2020 1000
a contact +85200 +85800 2011 2021 1000
a contact +85200 +85800 2012 2018 1000
a contact +85200 +85800 2013 2024 1000
a contact +85200 +85800 2014 2008 1000
a contact +85200 +85800 2015 9004 1000
a contact +85200 +85800 2016 2006 1000
a contact +85200 +85800 2017 9002 1000
a contact +85200 +85800 2018 2012 1000
a contact +85200 +85800 2019 2003 1000
a contact +85200 +85800 2020 2010 1000
a contact +85200 +85800 2021 2011 1000
a contact +85200 +85800 2022 2009 1000
a contact +85200 +85800 2023 2004 1000
a contact +85200 +85800 2024 2013 1000
a contact +85200 +85800 9001 2002 1000
a contact +85200 +85800 9002 2017 1000
a contact +85200 +85800 9004 2015 1000
a contact +85200 +85800 9005 2005 1000
a contact +85800 +86400 2001 2013 1000
a contact +85800 +86400 2002 9005 1000
a contact +85800 +86400 2003 2005 1000
a contact +85800 +86400 2004 2021 1000
a contact +85800 +86400 2005 2003 1000
a contact +85800 +86400 2006 2023 1000
a contact +85800 +86400 2007 2022 1000
a contact +85800 +86400 2008 2015 1000
a contact +85800 +86400 2009 2019 1000
a contact +85800 +86400 2010 9004 1000
a contact +85800 +86400 2011 2014 1000
a contact +85800 +86400 2012 9001 1000
a contact +85800 +86400 2013 2001 1000
a contact +85800 +86400 2014 2011 1000
a contact +85800 +86400 2015 2008 1000
a contact +85800 +86400 2016 2018 1000
a contact +85800 +86400 2017 2020 1000
a contact +85800 +86400 2018 2016 1000
a contact +85800 +86400 2019 2009 1000
a contact +85800 +86400 2020 2017 1000
a contact +85800 +86400 2021 2004 1000
a contact +85800 +86400 2022 2007 1000
a contact +85800 +86400 2023 2006 1000
a contact +85800 +86400 2024 9002 1000
a contact +85800 +86400 9001 2012 1000
a contact +85800 +86400 9002 2024 1000
a contact +78600 +86400 9003 9006 1000
a contact +85800 +86400 9004 2010 1000
a contact +85800 +86400 9005 2002 1000
a contact +78600 +86400 9006 9003 1000

a range +0 +600 2001 9005 1103.3976
a range +0 +600 2002 9004 1102.3461
a range +0 +600 2003 9002 1103.3803
a range +0 +600 2017 9001 1101.8734
a range +0 +600 9001 2017 1101.8734
a range +0 +600 9002 2003 1103.3803
a range +0 +600 9004 2002 1102.3461
a range +0 +600 9005 2001 1103.3976
a range +600 +1200 2001 2002 0.04
a range +600 +1200 2002 2001 0.04
a range +600 +1200 2003 2023 0.0538
a range +600 +1200 2004 9005 1102.3249
a range +600 +1200 2005 2024 0.0558
a range +600 +1200 2006 2022 0.0561
a range +600 +1200 2007 2021 0.0581
a range +600 +1200 2008 2020 0.0579
a range +600 +1200 2009 2019 0.0578
a range +600 +1200 2010 9004 1102.3542
a range +600 +1200 2011 2018 0.0559
a range +600 +1200 2012 2016 0.0558
a range +600 +1200 2013 2014 0.0514
a range +600 +1200 2014 2013 0.0514
a range +600 +1200 2015 9001 1102.3367
a range +600 +1200 2016 2012 0.0558
a range +600 +1200 2017 9002 1101.8766
a range +600 +1200 2018 2011 0.0559
a range +600 +1200 2019 2009 0.0578
a range +600 +1200 2020 2008 0.0579
a range +600 +1200 2021 2007 0.0581
a range +600 +1200 2022 2006 0.0561
a range +600 +1200 2023 2003 0.0538
a range +600 +1200 2024 2005 0.0558
a range +600 +1200 9001 2015 1102.3367
a range +600 +1200 9002 2017 1101.8766
a range +600 +1200 9004 2010 1102.3542
a range +600 +1200 9005 2004 1102.3249
a range +1200 +1800 2001 2003 0.0406
a range +1200 +1800 2002 2024 0.0545
a range +1200 +1800 2003 2001 0.0406
a range +1200 +1800 2004 9004 1102.3446
a range +1200 +1800 2005 2023 0.0555
a range +1200 +1800 2006 2021 0.055
a range +1200 +1800 2007 2022 0.0578
a range +1200 +1800 2008 2019 0.058
a range +1200 +1800 2009 2020 0.0576
a range +1200 +1800 2010 9001 1102.3542
a range +1200 +1800 2011 2016 0.0569
a range +1200 +1800 2012 2018 0.0562
a range +1200 +1800 2013 2017 0.0578
a range +1200 +1800 2014 9005 1103.3991
a range +1200 +1800 2015 9002 1103.3766
a range +1200 +1800 2016 2011 0.0569
a range +1200 +1800 2017 2013 0.0578
a range +1200 +1800 2018 2012 0.0562
a range +1200 +1800 2019 2008 0.058
a range +1200 +1800 2020 2009 0.0576
a range +1200 +1800 2021 2006 0.055
a range +1200 +1800 2022 2007 0.0578
a range +1200 +1800 2023 2005 0.0555
a range +1200 +1800 2024 2002 0.0545
a range +1200 +1800 9001 2010 1102.3542
a range +1200 +1800 9002 2015 1103.3766
a range +1200 +1800 9004 2004 1102.3446
a range +1200 +1800 9005 2014 1103.3991
a range +1800 +2400 2001 2005 0.0427
a range +1800 +2400 2002 2013 0.0481
a range +1800 +2400 2003 2022 0.054
a range +1800 +2400 2004 9001 1102.3446
a range +1800 +2400 2005 2001 0.0427
a range +1800 +2400 2006 2024 0.0553
a range +1800 +2400 2007 2023 0.0577
a range +1800 +2400 2008 2021 0.0581
a range +1800 +2400 2009 2018 0.0538
a range +1800 +2400 2010 9002 1103.3966
a range +1800 +2400 2011 2020 0.0577
a range +1800 +2400 2012 2019 0.0578
a range +1800 +2400 2013 2002 0.0481
a range +1800 +2400 2014 2017 0.0577
a range +1800 +2400 2015 9004 1102.3367
a range +1800 +2400 2016 9005 1102.2169
a range +1800 +2400 2017 2014 0.0577
a range +1800 +2400 2018 2009 0.0538
a range +1800 +2400 2019 2012 0.0578
a range +1800 +2400 2020 2011 0.0577
a range +1800 +2400 2021 2008 0.0581
a range +1800 +2400 2022 2003 0.054
a range +1800 +2400 2023 2007 0.0577
a range +1800 +2400 2024 2006 0.0553
a range +1800 +2400 9001 2004 1102.3446
a range +1800 +2400 9002 2010 1103.3966
a range +1800 +2400 9004 2015 1102.3367
a range +1800 +2400 9005 2016 1102.2169
a range +2400 +3000 2001 2006 0.0249
a range +2400 +3000 2002 2010 0.0483
a range +2400 +3000 2003 2021 0.0522
a range +2400 +3000 2004 9002 1102.3249
a range +2400 +3000 2005 2022 0.057
a range +2400 +3000 2006 2001 0.0249
a range +2400 +3000 2007 2018 0.0554
a range +2400 +3000 2008 2023 0.0576
a range +2400 +3000 2009 2017 0.0553
a range +2400 +3000 2010 2002 0.0483
a range +2400 +3000 2011 2019 0.0576
a range +2400 +3000 2012 2013 0.0539
a range +2400 +3000 2013 2012 0.0539
a range +2400 +3000 2014 2016 0.027
a range +2400 +3000 2015 9005 1103.3766
a range +2400 +3000 2016 2014 0.027
a range +2400 +3000 2017 2009 0.0553
a range +2400 +3000 2018 2007 0.0554
a range +2400 +3000 2019 2011 0.0576
a range +2400 +3000 2020 9001 1102.3701
a range +2400 +3000 2021 2003 0.0522
a range +2400 +3000 2022 2005 0.057
a range +2400 +3000 2023 2008 0.0576
a range +2400 +3000 2024 9004 1102.3393
a range +2400 +3000 9001 2020 1102.3701
a range +2400 +3000 9002 2004 1102.3249
a range +2400 +3000 9004 2024 1102.3393
a range +2400 +3000 9005 2015 1103.3766
a range +3000 +3600 2001 2008 0.0461
a range +3000 +3600 2002 2015 0.0484
a range +3000 +3600 2003 2004 0.0426
a range +3000 +3600 2004 2003 0.0426
a range +3000 +3600 2005 2021 0.0554
a range +3000 +3600 2006 2023 0.057
a range +3000 +3600 2007 9004 1102.3393
a range +3000 +3600 2008 2001 0.0461
a range +3000 +3600 2009 2024 0.0581
a range +3000 +3600 2010 9005 1103.3966
a range +3000 +3600 2011 2022 0.0599
a range +3000 +3600 2012 2017 0.0566
a range +3000 +3600 2013 2019 0.041
a range +3000 +3600 2014 2018 0.0573
a range +3000 +3600 2015 2002 0.0484
a range +3000 +3600 2016 9001 1102.2317
a range +3000 +3600 2017 2012 0.0566
a range +3000 +3600 2018 2014 0.0573
a range +3000 +3600 2019 2013 0.041
a range +3000 +3600 2020 9002 1103.4179
a range +3000 +3600 2021 2005 0.0554
a range +3000 +3600 2022 2011 0.0599
a range +3000 +3600 2023 2006 0.057
a range +3000 +3600 2024 2009 0.0581
a range +3000 +3600 9001 2016 1102.2317
a range +3000 +3600 9002 2020 1103.4179
a range +3000 +3600 9004 2007 1102.3393
a range +3000 +3600 9005 2010 1103.3966
a range +3600 +4200 2001 2009 0.0447
a range +3600 +4200 2002 9005 1103.386
a range +3600 +4200 2003 2024 0.0539
a range +3600 +4200 2004 2005 0.0433
a range +3600 +4200 2005 2004 0.0433
a range +3600 +4200 2006 2017 0.053
a range +3600 +4200 2007 9001 1102.3393
a range +3600 +4200 2008 2022 0.0585
a range +3600 +4200 2009 2001 0.0447
a range +3600 +4200 2010 2023 0.0604
a range +3600 +4200 2011 2021 0.0579
a range +3600 +4200 2012 2015 0.0232
a range +3600 +4200 2013 2018 0.0323
a range +3600 +4200 2014 2019 0.0598
a range +3600 +4200 2015 2012 0.0232
a range +3600 +4200 2016 9002 1102.2169
a range +3600 +4200 2017 2006 0.053
a range +3600 +4200 2018 2013 0.0323
a range +3600 +4200 2019 2014 0.0598
a range +3600 +4200 2020 9004 1102.3701
a range +3600 +4200 2021 2011 0.0579
a range +3600 +4200 2022 2008 0.0585
a range +3600 +4200 2023 2010 0.0604
a range +3600 +4200 2024 2003 0.0539
a range +3600 +4200 9001 2007 1102.3393
a range +3600 +4200 9002 2016 1102.2169
a range +3600 +4200 9004 2020 1102.3701
a range +3600 +4200 9005 2002 1103.386
a range +4200 +4800 2001 2010 0.0482
a range +4200 +4800 2002 2007 0.045
a range +4200 +4800 2003 2019 0.0534
a range +4200 +4800 2004 2006 0.0424
a range +4200 +4800 2005 2018 0.0524
a range +4200 +4800 2006 2004 0.0424
a range +4200 +4800 2007 2002 0.045
a range +4200 +4800 2008 2024 0.0572
a range +4200 +4800 2009 2023 0.0574
a range +4200 +4800 2010 2001 0.0482
a range +4200 +4800 2011 2017 0.056
a range +4200 +4800 2012 9002 1103.3865
a range +4200 +4800 2013 2022 0.0626
a range +4200 +4800 2014 9001 1102.3585
a range +4200 +4800 2015 2021 0.0578
a range +4200 +4800 2016 9004 1102.2317
a range +4200 +4800 2017 2011 0.056
a range +4200 +4800 2018 2005 0.0524
a range +4200 +4800 2019 2003 0.0534
a range +4200 +4800 2020 9005 1103.4179
a range +4200 +4800 2021 2015 0.0578
a range +4200 +4800 2022 2013 0.0626
a range +4200 +4800 2023 2009 0.0574
a range +4200 +4800 2024 2008 0.0572
a range +4200 +4800 9001 2014 1102.3585
a range +4200 +4800 9002 2012 1103.3865
a range +4200 +4800 9004 2016 1102.2317
a range +4200 +4800 9005 2020 1103.4179
a range +4800 +5400 2001 2011 0.0475
a range +4800 +5400 2002 2020 0.052
a range +4800 +5400 2003 2016 0.0512
a range +4800 +5400 2004 2008 0.0416
a range +4800 +5400 2005 2019 0.0538
a range +4800 +5400 2006 2007 0.0404
a range +4800 +5400 2007 2006 0.0404
a range +4800 +5400 2008 2004 0.0416
a range +4800 +5400 2009 2021 0.0577
a range +4800 +5400 2010 2022 0.0612
a range +4800 +5400 2011 2001 0.0475
a range +4800 +5400 2012 9001 1102.3378
a range +4800 +5400 2013 2023 0.0609
a range +4800 +5400 2014 9004 1102.3585
a range +4800 +5400 2015 2018 0.0574
a range +4800 +5400 2016 2003 0.0512
a range +4800 +5400 2017 9005 1102.9407
a range +4800 +5400 2018 2015 0.0574
a range +4800 +5400 2019 2005 0.0538
a range +4800 +5400 2020 2002 0.052
a range +4800 +5400 2021 2009 0.0577
a range +4800 +5400 2022 2010 0.0612
a range +4800 +5400 2023 2013 0.0609
a range +4800 +5400 2024 9002 1103.3762
a range +4800 +5400 9001 2012 1102.3378
a range +4800 +5400 9002 2024 1103.3762
a range +4800 +5400 9004 2014 1102.3585
a range +4800 +5400 9005 2017 1102.9407
a range +5400 +6000 2001 2013 0.0491
a range +5400 +6000 2002 2016 0.0504
a range +5400 +6000 2003 2006 0.0433
a range +5400 +6000 2004 2010 0.0496
a range +5400 +6000 2005 2009 0.0379
a range +5400 +6000 2006 2003 0.0433
a range +5400 +6000 2007 2020 0.0579
a range +5400 +6000 2008 9005 1103.3824
a range +5400 +6000 2009 2005 0.0379
a range +5400 +6000 2010 2004 0.0496
a range +5400 +6000 2011 2023 0.0591
a range +5400 +6000 2012 9004 1102.3378
a range +5400 +6000 2013 2001 0.0491
a range +5400 +6000 2014 9002 1103.3991
a range +5400 +6000 2015 2022 0.0623
a range +5400 +6000 2016 2002 0.0504
a range +5400 +6000 2017 2021 0.0382
a range +5400 +6000 2018 2019 0.0349
a range +5400 +6000 2019 2018 0.0349
a range +5400 +6000 2020 2007 0.0579
a range +5400 +6000 2021 2017 0.0382
a range +5400 +6000 2022 2015 0.0623
a range +5400 +6000 2023 2011 0.0591
a range +5400 +6000 2024 9001 1102.3393
a range +5400 +6000 9001 2024 1102.3393
a range +5400 +6000 9002 2014 1103.3991
a range +5400 +6000 9004 2012 1102.3378
a range +5400 +6000 9005 2008 1103.3824
a range +6000 +6600 2001 2004 0.0429
a range +6000 +6600 2002 9001 1102.3461
a range +6000 +6600 2003 2014 0.0484
a range +6000 +6600 2004 2001 0.0429
a range +6000 +6600 2005 2017 0.0542
a range +6000 +6600 2006 2020 0.0536
a range +6000 +6600 2007 9002 1103.4109
a range +6000 +6600 2008 2018 0.0555
a range +6000 +6600 2009 2022 0.0581
a range +6000 +6600 2010 2024 0.0603
a range +6000 +6600 2011 9004 1102.3458
a range +6000 +6600 2012 9005 1103.3865
a range +6000 +6600 2013 2021 0.0595
a range +6000 +6600 2014 2003 0.0484
a range +6000 +6600 2015 2019 0.0603
a range +6000 +6600 2016 2023 0.0503
a range +6000 +6600 2017 2005 0.0542
a range +6000 +6600 2018 2008 0.0555
a range +6000 +6600 2019 2015 0.0603
a range +6000 +6600 2020 2006 0.0536
a range +6000 +6600 2021 2013 0.0595
a range +6000 +6600 2022 2009 0.0581
a range +6000 +6600 2023 2016 0.0503
a range +6000 +6600 2024 2010 0.0603
a range +6000 +6600 9001 2002 1102.3461
a range +6000 +6600 9002 2007 1103.4109
a range +6000 +6600 9004 2011 1102.3458
a range +6000 +6600 9005 2012 1103.3865
a range +6600 +7200 2001 2007 0.0449
a range +6600 +7200 2002 9002 1103.386
a range +6600 +7200 2003 9004 1102.3545
a range +6600 +7200 2004 2012 0.0487
a range +6600 +7200 2005 9001 1102.0811
a range +6600 +7200 2006 2019 0.0548
a range +6600 +7200 2007 2001 0.0449
a range +6600 +7200 2008 2015 0.0518
a range +6600 +7200 2009 2011 0.0505
a range +6600 +7200 2010 2021 0.0579
a range +6600 +7200 2011 2009 0.0505
a range +6600 +7200 2012 2004 0.0487
a range +6600 +7200 2013 2020 0.0596
a range +6600 +7200 2014 2023 0.0619
a range +6600 +7200 2015 2008 0.0518
a range +6600 +7200 2016 2022 0.0632
a range +6600 +7200 2017 2018 0.0547
a range +6600 +7200 2018 2017 0.0547
a range +6600 +7200 2019 2006 0.0548
a range +6600 +7200 2020 2013 0.0596
a range +6600 +7200 2021 2010 0.0579
a range +6600 +7200 2022 2016 0.0632
a range +6600 +7200 2023 2014 0.0619
a range +6600 +7200 2024 9005 1103.3762
a range +6600 +7200 9001 2005 1102.0811
a range +6600 +7200 9002 2002 1103.386
a range +6600 +7200 9004 2003 1102.3545
a range +6600 +7200 9005 2024 1103.3762
a range +7200 +7800 2001 2012 0.0482
a range +7200 +7800 2002 2022 0.0543
a range +7200 +7800 2003 9005 1103.3803
a range +7200 +7800 2004 2024 0.0553
a range +7200 +7800 2005 2020 0.0542
a range +7200 +7800 2006 2015 0.0522
a range +7200 +7800 2007 2019 0.058
a range +7200 +7800 2008 2017 0.0538
a range +7200 +7800 2009 2014 0.0518
a range +7200 +7800 2010 2011 0.0483
a range +7200 +7800 2011 2010 0.0483
a range +7200 +7800 2012 2001 0.0482
a range +7200 +7800 2013 9002 1103.3884
a range +7200 +7800 2014 2009 0.0518
a range +7200 +7800 2015 2006 0.0522
a range +7200 +7800 2016 2021 0.0271
a range +7200 +7800 2017 2008 0.0538
a range +7200 +7800 2018 9001 1102.3503
a range +7200 +7800 2019 2007 0.058
a range +7200 +7800 2020 2005 0.0542
a range +7200 +7800 2021 2016 0.0271
a range +7200 +7800 2022 2002 0.0543
a range +7200 +7800 2023 9004 1102.3413
a range +7200 +7800 2024 2004 0.0553
a range +7200 +7800 9001 2018 1102.3503
a range +7200 +7800 9002 2013 1103.3884
a range +7200 +7800 9004 2023 1102.3413
a range +7200 +7800 9005 2003 1103.3803
a range +7800 +8400 2001 2014 0.0499
a range +7800 +8400 2002 2004 0.0238
a range +7800 +8400 2003 2017 0.0512
a range +7800 +8400 2004 2002 0.0238
a range +7800 +8400 2005 9005 1102.0732
a range +7800 +8400 2006 2016 0.0546
a range +7800 +8400 2007 2024 0.0572
a range +7800 +8400 2008 2011 0.0135
a range +7800 +8400 2009 2015 0.0525
a range +7800 +8400 2010 2020 0.0581
a range +7800 +8400 2011 2008 0.0135
a range +7800 +8400 2012 2022 0.0595
a range +7800 +8400 2013 9004 1102.3427
a range +7800 +8400 2014 2001 0.0499
a range +7800 +8400 2015 2009 0.0525
a range +7800 +8400 2016 2006 0.0546
a range +7800 +8400 2017 2003 0.0512
a range +7800 +8400 2018 9002 1102.5872
a range +7800 +8400 2019 2021 0.0575
a range +7800 +8400 2020 2010 0.0581
a range +7800 +8400 2021 2019 0.0575
a range +7800 +8400 2022 2012 0.0595
a range +7800 +8400 2023 9001 1102.3413
a range +7800 +8400 2024 2007 0.0572
a range +7800 +8400 9001 2023 1102.3413
a range +7800 +8400 9002 2018 1102.5872
a range +7800 +8400 9004 2013 1102.3427
a range +7800 +8400 9005 2005 1102.0732
a range +8400 +9000 2001 2015 0.0492
a range +8400 +9000 2002 2021 0.053
a range +8400 +9000 2003 2018 0.0518
a range +8400 +9000 2004 2007 0.0465
a range +8400 +9000 2005 2008 0.0467
a range +8400 +9000 2006 2009 0.0464
a range +8400 +9000 2007 2004 0.0465
a range +8400 +9000 2008 2005 0.0467
a range +8400 +9000 2009 2006 0.0464
a range +8400 +9000 2010 2019 0.0587
a range +8400 +9000 2011 9005 1103.3806
a range +8400 +9000 2012 2024 0.0609
a range +8400 +9000 2013 9001 1102.3427
a range +8400 +9000 2014 2022 0.0609
a range +8400 +9000 2015 2001 0.0492
a range +8400 +9000 2016 2020 0.0421
a range +8400 +9000 2017 9004 1102.3179
a range +8400 +9000 2018 2003 0.0518
a range +8400 +9000 2019 2010 0.0587
a range +8400 +9000 2020 2016 0.0421
a range +8400 +9000 2021 2002 0.053
a range +8400 +9000 2022 2014 0.0609
a range +8400 +9000 2023 9002 1103.3953
a range +8400 +9000 2024 2012 0.0609
a range +8400 +9000 9001 2013 1102.3427
a range +8400 +9000 9002 2023 1103.3953
a range +8400 +9000 9004 2017 1102.3179
a range +8400 +9000 9005 2011 1103.3806
a range +9000 +9600 2001 2016 0.0508
a range +9000 +9600 2002 2019 0.0525
a range +9000 +9600 2003 2013 0.0494
a range +9000 +9600 2004 2015 0.0509
a range +9000 +9600 2005 2010 0.0498
a range +9000 +9600 2006 9002 1102.5806
a range +9000 +9600 2007 2009 0.0466
a range +9000 +9600 2008 9004 1102.369
a range +9000 +9600 2009 2007 0.0466
a range +9000 +9600 2010 2005 0.0498
a range +9000 +9600 2011 9001 1102.3458
a range +9000 +9600 2012 2020 0.0576
a range +9000 +9600 2013 2003 0.0494
a range +9000 +9600 2014 2024 0.0614
a range +9000 +9600 2015 2004 0.0509
a range +9000 +9600 2016 2001 0.0508
a range +9000 +9600 2017 2023 0.0631
a range +9000 +9600 2018 2021 0.0613
a range +9000 +9600 2019 2002 0.0525
a range +9000 +9600 2020 2012 0.0576
a range +9000 +9600 2021 2018 0.0613
a range +9000 +9600 2022 9005 1103.3922
a range +9000 +9600 2023 2017 0.0631
a range +9000 +9600 2024 2014 0.0614
a range +9000 +9600 9001 2011 1102.3458
a range +9000 +9600 9002 2006 1102.5806
a range +9000 +9600 9004 2008 1102.369
a range +9000 +9600 9005 2022 1103.3922
a range +9600 +10200 2001 2017 0.0521
a range +9600 +10200 2002 2018 0.052
a range +9600 +10200 2003 9001 1102.3545
a range +9600 +10200 2004 2013 0.0512
a range +9600 +10200 2005 2014 0.052
a range +9600 +10200 2006 2012 0.0491
a range +9600 +10200 2007 2010 0.0228
a range +9600 +10200 2008 2009 0.0456
a range +9600 +10200 2009 2008 0.0456
a range +9600 +10200 2010 2007 0.0228
a range +9600 +10200 2011 9002 1103.3806
a range +9600 +10200 2012 2006 0.0491
a range +9600 +10200 2013 2004 0.0512
a range +9600 +10200 2014 2005 0.052
a range +9600 +10200 2015 2024 0.0619
a range +9600 +10200 2016 2019 0.061
a range +9600 +10200 2017 2001 0.0521
a range +9600 +10200 2018 2002 0.052
a range +9600 +10200 2019 2016 0.061
a range +9600 +10200 2020 2021 0.0581
a range +9600 +10200 2021 2020 0.0581
a range +9600 +10200 2022 9004 1102.3574
a range +9600 +10200 2023 9005 1103.3953
a range +9600 +10200 2024 2015 0.0619
a range +9600 +10200 9001 2003 1102.3545
a range +9600 +10200 9002 2011 1103.3806
a range +9600 +10200 9004 2022 1102.3574
a range +9600 +10200 9005 2023 1103.3953
a range +10200 +10800 2001 2018 0.0499
a range +10200 +10800 2002 2023 0.0544
a range +10200 +10800 2003 2020 0.0534
a range +10200 +10800 2004 2017 0.053
a range +10200 +10800 2005 2006 0.0439
a range +10200 +10800 2006 2005 0.0439
a range +10200 +10800 2007 2016 0.0537
a range +10200 +10800 2008 9002 1103.3824
a range +10200 +10800 2009 2012 0.0211
a range +10200 +10800 2010 2015 0.039
a range +10200 +10800 2011 2014 0.0143
a range +10200 +10800 2012 2009 0.0211
a range +10200 +10800 2013 2024 0.0612
a range +10200 +10800 2014 2011 0.0143
a range +10200 +10800 2015 2010 0.039
a range +10200 +10800 2016 2007 0.0537
a range +10200 +10800 2017 2004 0.053
a range +10200 +10800 2018 2001 0.0499
a range +10200 +10800 2019 9005 1103.372
a range +10200 +10800 2020 2003 0.0534
a range +10200 +10800 2021 9004 1102.3182
a range +10200 +10800 2022 9001 1102.3574
a range +10200 +10800 2023 2002 0.0544
a range +10200 +10800 2024 2013 0.0612
a range +10200 +10800 9001 2022 1102.3574
a range +10200 +10800 9002 2008 1103.3824
a range +10200 +10800 9004 2021 1102.3182
a range +10200 +10800 9005 2019 1103.372
a range +10800 +11400 2001 2022 0.0536
a range +10800 +11400 2002 2009 0.0465
a range +10800 +11400 2003 2007 0.0466
a range +10800 +11400 2004 2023 0.0571
a range +10800 +11400 2005 2013 0.05
a range +10800 +11400 2006 9004 1102.3339
a range +10800 +11400 2007 2003 0.0466
a range +10800 +11400 2008 9001 1102.369
a range +10800 +11400 2009 2002 0.0465
a range +10800 +11400 2010 2012 0.0494
a range +10800 +11400 2011 2015 0.0537
a range +10800 +11400 2012 2010 0.0494
a range +10800 +11400 2013 2005 0.05
a range +10800 +11400 2014 2020 0.052
a range +10800 +11400 2015 2011 0.0537
a range +10800 +11400 2016 2024 0.0632
a range +10800 +11400 2017 2019 0.0351
a range +10800 +11400 2018 9005 1102.5872
a range +10800 +11400 2019 2017 0.0351
a range +10800 +11400 2020 2014 0.052
a range +10800 +11400 2021 9002 1103.3736
a range +10800 +11400 2022 2001 0.0536
a range +10800 +11400 2023 2004 0.0571
a range +10800 +11400 2024 2016 0.0632
a range +10800 +11400 9001 2008 1102.369
a range +10800 +11400 9002 2021 1103.3736
a range +10800 +11400 9004 2006 1102.3339
a range +10800 +11400 9005 2018 1102.5872
a range +11400 +12000 2001 2019 0.0532
a range +11400 +12000 2002 2017 0.0501
a range +11400 +12000 2003 2010 0.048
a range +11400 +12000 2004 2011 0.0466
a range +11400 +12000 2005 9004 1102.3353
a range +11400 +12000 2006 9005 1102.5806
a range +11400 +12000 2007 2008 0.0461
a range +11400 +12000 2008 2007 0.0461
a range +11400 +12000 2009 2013 0.0521
a range +11400 +12000 2010 2003 0.048
a range +11400 +12000 2011 2004 0.0466
a range +11400 +12000 2012 2014 0.043
a range +11400 +12000 2013 2009 0.0521
a range +11400 +12000 2014 2012 0.043
a range +11400 +12000 2015 2023 0.0615
a range +11400 +12000 2016 2018 0.0546
a range +11400 +12000 2017 2002 0.0501
a range +11400 +12000 2018 2016 0.0546
a range +11400 +12000 2019 2001 0.0532
a range +11400 +12000 2020 2024 0.0647
a range +11400 +12000 2021 9001 1102.3182
a range +11400 +12000 2022 9002 1103.3922
a range +11400 +12000 2023 2015 0.0615
a range +11400 +12000 2024 2020 0.0647
a range +11400 +12000 9001 2021 1102.3182
a range +11400 +12000 9002 2022 1103.3922
a range +11400 +12000 9004 2005 1102.3353
a range +11400 +12000 9005 2006 1102.5806
a range +12000 +12600 2001 9001 1102.3367
a range +12000 +12600 2002 2006 0.0426
a range +12000 +12600 2003 2015 0.0496
a range +12000 +12600 2004 2014 0.051
a range +12000 +12600 2005 9002 1102.8393
a range +12000 +12600 2006 2002 0.0426
a range +12000 +12600 2007 2017 0.0551
a range +12000 +12600 2008 2010 0.0501
a range +12000 +12600 2009 2016 0.0551
a range +12000 +12600 2010 2008 0.0501
a range +12000 +12600 2011 2012 0.0493
a range +12000 +12600 2012 2011 0.0493
a range +12000 +12600 2013 9005 1103.3884
a range +12000 +12600 2014 2004 0.051
a range +12000 +12600 2015 2003 0.0496
a range +12000 +12600 2016 2009 0.0551
a range +12000 +12600 2017 2007 0.0551
a range +12000 +12600 2018 2023 0.0633
a range +12000 +12600 2019 9004 1102.3494
a range +12000 +12600 2020 2022 0.0512
a range +12000 +12600 2021 2024 0.01
a range +12000 +12600 2022 2020 0.0512
a range +12000 +12600 2023 2018 0.0633
a range +12000 +12600 2024 2021 0.01
a range +12000 +12600 9001 2001 1102.3367
a range +12000 +12600 9002 2005 1102.8393
a range +12000 +12600 9004 2019 1102.3494
a range +12000 +12600 9005 2013 1103.3884
a range +12600 +13200 2001 2020 0.0531
a range +12600 +13200 2002 2003 0.0403
a range +12600 +13200 2003 2002 0.0403
a range +12600 +13200 2004 2022 0.0564
a range +12600 +13200 2005 2016 0.0528
a range +12600 +13200 2006 9001 1102.3339
a range +12600 +13200 2007 2015 0.0369
a range +12600 +13200 2008 2013 0.0429
a range +12600 +13200 2009 9005 1103.3698
a range +12600 +13200 2010 2017 0.0557
a range +12600 +13200 2011 2024 0.0592
a range +12600 +13200 2012 2023 0.0613
a range +12600 +13200 2013 2008 0.0429
a range +12600 +13200 2014 2021 0.0592
a range +12600 +13200 2015 2007 0.0369
a range +12600 +13200 2016 2005 0.0528
a range +12600 +13200 2017 2010 0.0557
a range +12600 +13200 2018 9004 1102.3503
a range +12600 +13200 2019 9002 1103.372
a range +12600 +13200 2020 2001 0.0531
a range +12600 +13200 2021 2014 0.0592
a range +12600 +13200 2022 2004 0.0564
a range +12600 +13200 2023 2012 0.0613
a range +12600 +13200 2024 2011 0.0592
a range +12600 +13200 9001 2006 1102.3339
a range +12600 +13200 9002 2019 1103.372
a range +12600 +13200 9004 2018 1102.3503
a range +12600 +13200 9005 2009 1103.3698
a range +13200 +13800 2001 9004 1102.3367
a range +13200 +13800 2002 2008 0.0457
a range +13200 +13800 2003 2012 0.047
a range +13200 +13800 2004 2016 0.0544
a range +13200 +13800 2005 2011 0.0484
a range +13200 +13800 2006 2010 0.0484
a range +13200 +13800 2007 2014 0.053
a range +13200 +13800 2008 2002 0.0457
a range +13200 +13800 2009 9002 1103.3698
a range +13200 +13800 2010 2006 0.0484
a range +13200 +13800 2011 2005 0.0484
a range +13200 +13800 2012 2003 0.047
a range +13200 +13800 2013 2015 0.0524
a range +13200 +13800 2014 2007 0.053
a range +13200 +13800 2015 2013 0.0524
a range +13200 +13800 2016 2004 0.0544
a range +13200 +13800 2017 2024 0.0417
a range +13200 +13800 2018 2022 0.025
a range +13200 +13800 2019 9001 1102.3494
a range +13200 +13800 2020 2023 0.0255
a range +13200 +13800 2021 9005 1103.3736
a range +13200 +13800 2022 2018 0.025
a range +13200 +13800 2023 2020 0.0255
a range +13200 +13800 2024 2017 0.0417
a range +13200 +13800 9001 2019 1102.3494
a range +13200 +13800 9002 2009 1103.3698
a range +13200 +13800 9004 2001 1102.3367
a range +13200 +13800 9005 2021 1103.3736
a range +13800 +14400 2001 9002 1103.3976
a range +13800 +14400 2002 9001 1102.3461
a range +13800 +14400 2003 2011 0.0468
a range +13800 +14400 2004 2019 0.0537
a range +13800 +14400 2005 2012 0.049
a range +13800 +14400 2006 2014 0.0504
a range +13800 +14400 2007 9005 1103.4109
a range +13800 +14400 2008 2016 0.0551
a range +13800 +14400 2009 9004 1102.3298
a range +13800 +14400 2010 2013 0.0244
a range +13800 +14400 2011 2003 0.0468
a range +13800 +14400 2012 2005 0.049
a range +13800 +14400 2013 2010 0.0244
a range +13800 +14400 2014 2006 0.0504
a range +13800 +14400 2015 2020 0.0598
a range +13800 +14400 2016 2008 0.0551
a range +13800 +14400 2017 2022 0.0641
a range +13800 +14400 2018 2024 0.0634
a range +13800 +14400 2019 2004 0.0537
a range +13800 +14400 2020 2015 0.0598
a range +13800 +14400 2021 2023 0.0551
a range +13800 +14400 2022 2017 0.0641
a range +13800 +14400 2023 2021 0.0551
a range +13800 +14400 2024 2018 0.0634
a range +13800 +14400 9001 2002 1102.3461
a range +13800 +14400 9002 2001 1103.3976
a range +13800 +14400 9004 2009 1102.3298
a range +13800 +14400 9005 2007 1103.4109
a range +14400 +15000 2001 2021 0.0518
a range +14400 +15000 2002 9004 1102.3461
a range +14400 +15000 2003 2005 0.029
a range +14400 +15000 2004 2020 0.0554
a range +14400 +15000 2005 2003 0.029
a range +14400 +15000 2006 2018 0.0534
a range +14400 +15000 2007 2012 0.05
a range +14400 +15000 2008 2014 0.0534
a range +14400 +15000 2009 9001 1102.3298
a range +14400 +15000 2010 2016 0.0555
a range +14400 +15000 2011 2013 0.0417
a range +14400 +15000 2012 2007 0.05
a range +14400 +15000 2013 2011 0.0417
a range +14400 +15000 2014 2008 0.0534
a range +14400 +15000 2015 2017 0.0343
a range +14400 +15000 2016 2010 0.0555
a range +14400 +15000 2017 2015 0.0343
a range +14400 +15000 2018 2006 0.0534
a range +14400 +15000 2019 2024 0.056
a range +14400 +15000 2020 2004 0.0554
a range +14400 +15000 2021 2001 0.0518
a range +14400 +15000 2022 2023 0.0605
a range +14400 +15000 2023 2022 0.0605
a range +14400 +15000 2024 2019 0.056
a range +14400 +15000 9001 2009 1102.3298
a range +14400 +15000 9002 9005 0.0
a range +14400 +15000 9004 2002 1102.3461
a range +14400 +15000 9005 9002 0.0
a range +15000 +15600 2001 2023 0.0541
a range +15000 +15600 2002 9002 1103.386
a range +15000 +15600 2003 2009 0.0446
a range +15000 +15600 2004 2018 0.0534
a range +15000 +15600 2005 2015 0.0505
a range +15000 +15600 2006 2013 0.0521
a range +15000 +15600 2007 9005 1103.4109
a range +15000 +15600 2008 9001 1102.369
a range +15000 +15600 2009 2003 0.0446
a range +15000 +15600 2010 2014 0.0537
a range +15000 +15600 2011 9004 1102.3458
a range +15000 +15600 2012 2021 0.0583
a range +15000 +15600 2013 2006 0.0521
a range +15000 +15600 2014 2010 0.0537
a range +15000 +15600 2015 2005 0.0505
a range +15000 +15600 2016 2017 0.055
a range +15000 +15600 2017 2016 0.055
a range +15000 +15600 2018 2004 0.0534
a range +15000 +15600 2019 2020 0.0574
a range +15000 +15600 2020 2019 0.0574
a range +15000 +15600 2021 2012 0.0583
a range +15000 +15600 2022 2024 0.0595
a range +15000 +15600 2023 2001 0.0541
a range +15000 +15600 2024 2022 0.0595
a range +15000 +15600 9001 2008 1102.369
a range +15000 +15600 9002 2002 1103.386
a range +15000 +15600 9004 2011 1102.3458
a range +15000 +15600 9005 2007 1103.4109
a range +15600 +16200 2001 2011 0.0474
a range +15600 +16200 2002 2012 0.0487
a range +15600 +16200 2003 2008 0.0458
a range +15600 +16200 2004 2009 0.0464
a range +15600 +16200 2005 9005 1102.8393
a range +15600 +16200 2006 2007 0.0404
a range +15600 +16200 2007 2006 0.0404
a range +15600 +16200 2008 2003 0.0458
a range +15600 +16200 2009 2004 0.0464
a range +15600 +16200 2010 2018 0.0263
a range +15600 +16200 2011 2001 0.0474
a range +15600 +16200 2012 2002 0.0487
a range +15600 +16200 2013 2016 0.0576
a range +15600 +16200 2014 2015 0.0518
a range +15600 +16200 2015 2014 0.0518
a range +15600 +16200 2016 2013 0.0576
a range +15600 +16200 2017 2020 0.0609
a range +15600 +16200 2018 2010 0.0263
a range +15600 +16200 2019 2022 0.0206
a range +15600 +16200 2020 2017 0.0609
a range +15600 +16200 2021 9002 1103.3736
a range +15600 +16200 2022 2019 0.0206
a range +15600 +16200 2023 2024 0.0616
a range +15600 +16200 2024 2023 0.0616
a range +15600 +16200 9002 2021 1103.3736
a range +15600 +16200 9005 2005 1102.8393
a range +16200 +16800 2001 2024 0.0535
a range +16200 +16800 2002 2014 0.0507
a range +16200 +16800 2003 2004 0.0426
a range +16200 +16800 2004 2003 0.0426
a range +16200 +16800 2005 2019 0.0543
a range +16200 +16800 2006 2008 0.0467
a range +16200 +16800 2007 2017 0.0551
a range +16200 +16800 2008 2006 0.0467
a range +16200 +16800 2009 2013 0.0521
a range +16200 +16800 2010 2011 0.0483
a range +16200 +16800 2011 2010 0.0483
a range +16200 +16800 2012 9005 1103.3865
a range +16200 +16800 2013 2009 0.0521
a range +16200 +16800 2014 2002 0.0507
a range +16200 +16800 2015 2016 0.0573
a range +16200 +16800 2016 2015 0.0573
a range +16200 +16800 2017 2007 0.0551
a range +16200 +16800 2018 2020 0.0303
a range +16200 +16800 2019 2005 0.0543
a range +16200 +16800 2020 2018 0.0303
a range +16200 +16800 2021 2022 0.0647
a range +16200 +16800 2022 2021 0.0647
a range +16200 +16800 2023 9002 1103.3953
a range +16200 +16800 2024 2001 0.0535
a range +16200 +16800 9002 2023 1103.3953
a range +16200 +16800 9005 2012 1103.3865
a range +16800 +17400 2001 2002 0.04
a range +16800 +17400 2002 2001 0.04
a range +16800 +17400 2003 2022 0.0545
a range +16800 +17400 2004 2005 0.0433
a range +16800 +17400 2005 2004 0.0433
a range +16800 +17400 2006 2023 0.057
a range +16800 +17400 2007 2021 0.0581
a range +16800 +17400 2008 2020 0.0578
a range +16800 +17400 2009 2019 0.0577
a range +16800 +17400 2010 2018 0.0263
a range +16800 +17400 2011 2017 0.056
a range +16800 +17400 2012 2016 0.0558
a range +16800 +17400 2013 2015 0.0524
a range +16800 +17400 2014 9002 1103.3991
a range +16800 +17400 2015 2013 0.0524
a range +16800 +17400 2016 2012 0.0558
a range +16800 +17400 2017 2011 0.056
a range +16800 +17400 2018 2010 0.0263
a range +16800 +17400 2019 2009 0.0577
a range +16800 +17400 2020 2008 0.0578
a range +16800 +17400 2021 2007 0.0581
a range +16800 +17400 2022 2003 0.0545
a range +16800 +17400 2023 2006 0.057
a range +16800 +17400 2024 9005 1103.3762
a range +16800 +17400 9002 2014 1103.3991
a range +16800 +17400 9005 2024 1103.3762
a range +17400 +18000 2001 2003 0.0406
a range +17400 +18000 2002 2011 0.0485
a range +17400 +18000 2003 2001 0.0406
a range +17400 +18000 2004 2021 0.0558
a range +17400 +18000 2005 2023 0.0562
a range +17400 +18000 2006 2022 0.0561
a range +17400 +18000 2007 2020 0.0578
a range +17400 +18000 2008 2019 0.058
a range +17400 +18000 2009 2017 0.0556
a range +17400 +18000 2010 2016 0.0555
a range +17400 +18000 2011 2002 0.0485
a range +17400 +18000 2012 2015 0.0232
a range +17400 +18000 2013 2014 0.0514
a range +17400 +18000 2014 2013 0.0514
a range +17400 +18000 2015 2012 0.0232
a range +17400 +18000 2016 2010 0.0555
a range +17400 +18000 2017 2009 0.0556
a range +17400 +18000 2018 9005 1102.5872
a range +17400 +18000 2019 2008 0.058
a range +17400 +18000 2020 2007 0.0578
a range +17400 +18000 2021 2004 0.0558
a range +17400 +18000 2022 2006 0.0561
a range +17400 +18000 2023 2005 0.0562
a range +17400 +18000 2024 9002 1103.3762
a range +17400 +18000 9002 2024 1103.3762
a range +17400 +18000 9005 2018 1102.5872
a range +18000 +18600 2001 2006 0.0249
a range +18000 +18600 2002 2024 0.0542
a range +18000 +18600 2003 2011 0.0468
a range +18000 +18600 2004 2008 0.0416
a range +18000 +18600 2005 2007 0.0204
a range +18000 +18600 2006 2001 0.0249
a range +18000 +18600 2007 2005 0.0204
a range +18000 +18600 2008 2004 0.0416
a range +18000 +18600 2009 2023 0.0578
a range +18000 +18600 2010 2022 0.0615
a range +18000 +18600 2011 2003 0.0468
a range +18000 +18600 2012 2021 0.0583
a range +18000 +18600 2013 9005 1103.3884
a range +18000 +18600 2014 2020 0.052
a range +18000 +18600 2015 2019 0.0336
a range +18000 +18600 2016 2017 0.055
a range +18000 +18600 2017 2016 0.055
a range +18000 +18600 2018 9002 1102.5872
a range +18000 +18600 2019 2015 0.0336
a range +18000 +18600 2020 2014 0.052
a range +18000 +18600 2021 2012 0.0583
a range +18000 +18600 2022 2010 0.0615
a range +18000 +18600 2023 2009 0.0578
a range +18000 +18600 2024 2002 0.0542
a range +18000 +18600 9002 2018 1102.5872
a range +18000 +18600 9005 2013 1103.3884
a range +18600 +19200 2001 2005 0.0427
a range +18600 +19200 2002 2018 0.0499
a range +18600 +19200 2003 2024 0.0539
a range +18600 +19200 2004 2006 0.0424
a range +18600 +19200 2005 2001 0.0427
a range +18600 +19200 2006 2004 0.0424
a range +18600 +19200 2007 2023 0.0576
a range +18600 +19200 2008 2022 0.0576
a range +18600 +19200 2009 2021 0.0577
a range +18600 +19200 2010 2020 0.0579
a range +18600 +19200 2011 9005 1103.3806
a range +18600 +19200 2012 2017 0.0563
a range +18600 +19200 2013 9002 1103.3884
a range +18600 +19200 2014 2019 0.0598
a range +18600 +19200 2015 2016 0.0573
a range +18600 +19200 2016 2015 0.0573
a range +18600 +19200 2017 2012 0.0563
a range +18600 +19200 2018 2002 0.0499
a range +18600 +19200 2019 2014 0.0598
a range +18600 +19200 2020 2010 0.0579
a range +18600 +19200 2021 2009 0.0577
a range +18600 +19200 2022 2008 0.0576
a range +18600 +19200 2023 2007 0.0576
a range +18600 +19200 2024 2003 0.0539
a range +18600 +19200 9002 2013 1103.3884
a range +18600 +19200 9005 2011 1103.3806
a range +19200 +19800 2001 2009 0.0447
a range +19200 +19800 2002 2023 0.0544
a range +19200 +19800 2003 2018 0.0507
a range +19200 +19800 2004 9002 1103.1008
a range +19200 +19800 2005 2024 0.0558
a range +19200 +19800 2006 2011 0.0482
a range +19200 +19800 2007 2013 0.0532
a range +19200 +19800 2008 9005 1103.3824
a range +19200 +19800 2009 2001 0.0447
a range +19200 +19800 2010 2021 0.0579
a range +19200 +19800 2011 2006 0.0482
a range +19200 +19800 2012 2022 0.0598
a range +19200 +19800 2013 2007 0.0532
a range +19200 +19800 2014 2017 0.0574
a range +19200 +19800 2015 2020 0.0598
a range +19200 +19800 2016 2019 0.061
a range +19200 +19800 2017 2014 0.0574
a range +19200 +19800 2018 2003 0.0507
a range +19200 +19800 2019 2016 0.061
a range +19200 +19800 2020 2015 0.0598
a range +19200 +19800 2021 2010 0.0579
a range +19200 +19800 2022 2012 0.0598
a range +19200 +19800 2023 2002 0.0544
a range +19200 +19800 2024 2005 0.0558
a range +19200 +19800 9002 2004 1103.1008
a range +19200 +19800 9005 2008 1103.3824
a range +19800 +20400 2001 2007 0.0451
a range +19800 +20400 2002 2013 0.0481
a range +19800 +20400 2003 2021 0.0522
a range +19800 +20400 2004 9005 1103.1008
a range +19800 +20400 2005 2022 0.057
a range +19800 +20400 2006 2024 0.0555
a range +19800 +20400 2007 2001 0.0451
a range +19800 +20400 2008 2018 0.0547
a range +19800 +20400 2009 2020 0.0575
a range +19800 +20400 2010 2019 0.059
a range +19800 +20400 2011 9002 1103.3806
a range +19800 +20400 2012 2023 0.0613
a range +19800 +20400 2013 2002 0.0481
a range +19800 +20400 2014 2016 0.027
a range +19800 +20400 2015 2017 0.0343
a range +19800 +20400 2016 2014 0.027
a range +19800 +20400 2017 2015 0.0343
a range +19800 +20400 2018 2008 0.0547
a range +19800 +20400 2019 2010 0.059
a range +19800 +20400 2020 2009 0.0575
a range +19800 +20400 2021 2003 0.0522
a range +19800 +20400 2022 2005 0.057
a range +19800 +20400 2023 2012 0.0613
a range +19800 +20400 2024 2006 0.0555
a range +19800 +20400 9002 2011 1103.3806
a range +19800 +20400 9005 2004 1103.1008
a range +20400 +21000 2001 2010 0.0485
a range +20400 +21000 2002 2021 0.053
a range +20400 +21000 2003 2013 0.051
a range +20400 +21000 2004 2024 0.0553
a range +20400 +21000 2005 2020 0.0537
a range +20400 +21000 2006 2018 0.0527
a range +20400 +21000 2007 2022 0.0587
a range +20400 +21000 2008 9002 1103.3824
a range +20400 +21000 2009 2016 0.0543
a range +20400 +21000 2010 2001 0.0485
a range +20400 +21000 2011 2015 0.0537
a range +20400 +21000 2012 2014 0.043
a range +20400 +21000 2013 2003 0.051
a range +20400 +21000 2014 2012 0.043
a range +20400 +21000 2015 2011 0.0537
a range +20400 +21000 2016 2009 0.0543
a range +20400 +21000 2017 9005 1102.9407
a range +20400 +21000 2018 2006 0.0527
a range +20400 +21000 2019 2023 0.0649
a range +20400 +21000 2020 2005 0.0537
a range +20400 +21000 2021 2002 0.053
a range +20400 +21000 2022 2007 0.0587
a range +20400 +21000 2023 2019 0.0649
a range +20400 +21000 2024 2004 0.0553
a range +20400 +21000 9002 2008 1103.3824
a range +20400 +21000 9005 2017 1102.9407
a range +21000 +21600 2001 2012 0.0473
a range +21000 +21600 2002 2008 0.0457
a range +21000 +21600 2003 2020 0.0518
a range +21000 +21600 2004 2011 0.0466
a range +21000 +21600 2005 2021 0.0537
a range +21000 +21600 2006 2019 0.0545
a range +21000 +21600 2007 2024 0.0579
a range +21000 +21600 2008 2002 0.0457
a range +21000 +21600 2009 2022 0.0581
a range +21000 +21600 2010 2015 0.039
a range +21000 +21600 2011 2004 0.0466
a range +21000 +21600 2012 2001 0.0473
a range +21000 +21600 2013 2023 0.0615
a range +21000 +21600 2014 2018 0.0573
a range +21000 +21600 2015 2010 0.039
a range +21000 +21600 2016 9005 1103.3222
a range +21000 +21600 2017 9002 1102.9407
a range +21000 +21600 2018 2014 0.0573
a range +21000 +21600 2019 2006 0.0545
a range +21000 +21600 2020 2003 0.0518
a range +21000 +21600 2021 2005 0.0537
a range +21000 +21600 2022 2009 0.0581
a range +21000 +21600 2023 2013 0.0615
a range +21000 +21600 2024 2007 0.0579
a range +21000 +21600 9002 2017 1102.9407
a range +21000 +21600 9005 2016 1103.3222
a range +21600 +22200 2001 2013 0.0489
a range +21600 +22200 2002 2017 0.0506
a range +21600 +22200 2003 2010 0.048
a range +21600 +22200 2004 2007 0.0465
a range +21600 +22200 2005 2016 0.052
a range +21600 +22200 2006 2020 0.0545
a range +21600 +22200 2007 2004 0.0465
a range +21600 +22200 2008 2024 0.0575
a range +21600 +22200 2009 2018 0.0538
a range +21600 +22200 2010 2003 0.048
a range +21600 +22200 2011 2023 0.0595
a range +21600 +22200 2012 2019 0.0592
a range +21600 +22200 2013 2001 0.0489
a range +21600 +22200 2014 2022 0.0609
a range +21600 +22200 2015 9002 1103.3766
a range +21600 +22200 2016 2005 0.052
a range +21600 +22200 2017 2002 0.0506
a range +21600 +22200 2018 2009 0.0538
a range +21600 +22200 2019 2012 0.0592
a range +21600 +22200 2020 2006 0.0545
a range +21600 +22200 2021 9005 1103.3736
a range +21600 +22200 2022 2014 0.0609
a range +21600 +22200 2023 2011 0.0595
a range +21600 +22200 2024 2008 0.0575
a range +21600 +22200 9002 2015 1103.3766
a range +21600 +22200 9005 2021 1103.3736
a range +22200 +22800 2001 2014 0.0513
a range +22200 +22800 2002 2019 0.0517
a range +22200 +22800 2003 2017 0.0513
a range +22200 +22800 2004 2021 0.0558
a range +22200 +22800 2005 2008 0.0467
a range +22200 +22800 2006 2009 0.0464
a range +22200 +22800 2007 2018 0.0539
a range +22200 +22800 2008 2005 0.0467
a range +22200 +22800 2009 2006 0.0464
a range +22200 +22800 2010 9002 1103.3966
a range +22200 +22800 2011 2024 0.0592
a range +22200 +22800 2012 2020 0.0576
a range +22200 +22800 2013 2022 0.0618
a range +22200 +22800 2014 2001 0.0513
a range +22200 +22800 2015 9005 1103.3766
a range +22200 +22800 2016 2023 0.0503
a range +22200 +22800 2017 2003 0.0513
a range +22200 +22800 2018 2007 0.0539
a range +22200 +22800 2019 2002 0.0517
a range +22200 +22800 2020 2012 0.0576
a range +22200 +22800 2021 2004 0.0558
a range +22200 +22800 2022 2013 0.0618
a range +22200 +22800 2023 2016 0.0503
a range +22200 +22800 2024 2011 0.0592
a range +22200 +22800 9002 2010 1103.3966
a range +22200 +22800 9005 2015 1103.3766
a range +22800 +23400 2001 2008 0.0468
a range +22800 +23400 2002 2015 0.0484
a range +22800 +23400 2003 2019 0.0534
a range +22800 +23400 2004 2017 0.0521
a range +22800 +23400 2005 2018 0.0539
a range +22800 +23400 2006 2021 0.0537
a range +22800 +23400 2007 2016 0.0539
a range +22800 +23400 2008 2001 0.0468
a range +22800 +23400 2009 2012 0.0211
a range +22800 +23400 2010 9005 1103.3966
a range +22800 +23400 2011 2020 0.0573
a range +22800 +23400 2012 2009 0.0211
a range +22800 +23400 2013 2024 0.0612
a range +22800 +23400 2014 2023 0.0613
a range +22800 +23400 2015 2002 0.0484
a range +22800 +23400 2016 2007 0.0539
a range +22800 +23400 2017 2004 0.0521
a range +22800 +23400 2018 2005 0.0539
a range +22800 +23400 2019 2003 0.0534
a range +22800 +23400 2020 2011 0.0573
a range +22800 +23400 2021 2006 0.0537
a range +22800 +23400 2022 9002 1103.3922
a range +22800 +23400 2023 2014 0.0613
a range +22800 +23400 2024 2013 0.0612
a range +22800 +23400 9002 2022 1103.3922
a range +22800 +23400 9005 2010 1103.3966
a range +23400 +24000 2001 2016 0.0501
a range +23400 +24000 2002 2010 0.0476
a range +23400 +24000 2003 9002 1103.3803
a range +23400 +24000 2004 2015 0.0519
a range +23400 +24000 2005 2014 0.0508
a range +23400 +24000 2006 2017 0.0545
a range +23400 +24000 2007 2019 0.0579
a range +23400 +24000 2008 2021 0.058
a range +23400 +24000 2009 9005 1103.3698
a range +23400 +24000 2010 2002 0.0476
a range +23400 +24000 2011 2022 0.0607
a range +23400 +24000 2012 2018 0.0562
a range +23400 +24000 2013 2020 0.0426
a range +23400 +24000 2014 2005 0.0508
a range +23400 +24000 2015 2004 0.0519
a range +23400 +24000 2016 2001 0.0501
a range +23400 +24000 2017 2006 0.0545
a range +23400 +24000 2018 2012 0.0562
a range +23400 +24000 2019 2007 0.0579
a range +23400 +24000 2020 2013 0.0426
a range +23400 +24000 2021 2008 0.058
a range +23400 +24000 2022 2011 0.0607
a range +23400 +24000 2023 2024 0.0616
a range +23400 +24000 2024 2023 0.0616
a range +23400 +24000 9002 2003 1103.3803
a range +23400 +24000 9005 2009 1103.3698
a range +24000 +24600 2001 2017 0.0503
a range +24000 +24600 2002 2004 0.0238
a range +24000 +24600 2003 2015 0.0511
a range +24000 +24600 2004 2002 0.0238
a range +24000 +24600 2005 9002 1102.8393
a range +24000 +24600 2006 2012 0.0491
a range +24000 +24600 2007 2014 0.053
a range +24000 +24600 2008 2010 0.0501
a range +24000 +24600 2009 2024 0.0577
a range +24000 +24600 2010 2008 0.0501
a range +24000 +24600 2011 2021 0.0594
a range +24000 +24600 2012 2006 0.0491
a range +24000 +24600 2013 2019 0.041
a range +24000 +24600 2014 2007 0.053
a range +24000 +24600 2015 2003 0.0511
a range +24000 +24600 2016 2022 0.0632
a range +24000 +24600 2017 2001 0.0503
a range +24000 +24600 2018 2020 0.0303
a range +24000 +24600 2019 2013 0.041
a range +24000 +24600 2020 2018 0.0303
a range +24000 +24600 2021 2011 0.0594
a range +24000 +24600 2022 2016 0.0632
a range +24000 +24600 2023 9005 1103.3953
a range +24000 +24600 2024 2009 0.0577
a range +24000 +24600 9002 2005 1102.8393
a range +24000 +24600 9005 2023 1103.3953
a range +24600 +25200 2001 2015 0.0492
a range +24600 +25200 2002 2020 0.0533
a range +24600 +25200 2003 2014 0.0484
a range +24600 +25200 2004 2009 0.0161
a range +24600 +25200 2005 2012 0.049
a range +24600 +25200 2006 9002 1103.3387
a range +24600 +25200 2007 2010 0.0228
a range +24600 +25200 2008 2023 0.0582
a range +24600 +25200 2009 2004 0.0161
a range +24600 +25200 2010 2007 0.0228
a range +24600 +25200 2011 2019 0.0573
a range +24600 +25200 2012 2005 0.049
a range +24600 +25200 2013 2021 0.0595
a range +24600 +25200 2014 2003 0.0484
a range +24600 +25200 2015 2001 0.0492
a range +24600 +25200 2016 2018 0.0546
a range +24600 +25200 2017 2024 0.0417
a range +24600 +25200 2018 2016 0.0546
a range +24600 +25200 2019 2011 0.0573
a range +24600 +25200 2020 2002 0.0533
a range +24600 +25200 2021 2013 0.0595
a range +24600 +25200 2022 9005 1103.3922
a range +24600 +25200 2023 2008 0.0582
a range +24600 +25200 2024 2017 0.0417
a range +24600 +25200 9002 2006 1103.3387
a range +24600 +25200 9005 2022 1103.3922
a range +25200 +25800 2001 2018 0.0518
a range +25200 +25800 2002 2012 0.0481
a range +25200 +25800 2003 2009 0.0446
a range +25200 +25800 2004 2010 0.0496
a range +25200 +25800 2005 2013 0.0503
a range +25200 +25800 2006 2015 0.0504
a range +25200 +25800 2007 9002 1103.4109
a range +25200 +25800 2008 2011 0.0135
a range +25200 +25800 2009 2003 0.0446
a range +25200 +25800 2010 2004 0.0496
a range +25200 +25800 2011 2008 0.0135
a range +25200 +25800 2012 2002 0.0481
a range +25200 +25800 2013 2005 0.0503
a range +25200 +25800 2014 9005 1103.3991
a range +25200 +25800 2015 2006 0.0504
a range +25200 +25800 2016 2024 0.0628
a range +25200 +25800 2017 2023 0.0631
a range +25200 +25800 2018 2001 0.0518
a range +25200 +25800 2019 2022 0.0206
a range +25200 +25800 2020 2021 0.0581
a range +25200 +25800 2021 2020 0.0581
a range +25200 +25800 2022 2019 0.0206
a range +25200 +25800 2023 2017 0.0631
a range +25200 +25800 2024 2016 0.0628
a range +25200 +25800 9002 2007 1103.4109
a range +25200 +25800 9005 2014 1103.3991
a range +25800 +26400 2001 2019 0.0532
a range +25800 +26400 2002 2014 0.049
a range +25800 +26400 2003 2012 0.0463
a range +25800 +26400 2004 2013 0.0507
a range +25800 +26400 2005 2011 0.0484
a range +25800 +26400 2006 2008 0.008
a range +25800 +26400 2007 2009 0.0466
a range +25800 +26400 2008 2006 0.008
a range +25800 +26400 2009 2007 0.0466
a range +25800 +26400 2010 2024 0.0607
a range +25800 +26400 2011 2005 0.0484
a range +25800 +26400 2012 2003 0.0463
a range +25800 +26400 2013 2004 0.0507
a range +25800 +26400 2014 2002 0.049
a range +25800 +26400 2015 2023 0.0615
a range +25800 +26400 2016 9002 1103.3222
a range +25800 +26400 2017 2021 0.0382
a range +25800 +26400 2018 2022 0.025
a range +25800 +26400 2019 2001 0.0532
a range +25800 +26400 2020 9005 1103.4179
a range +25800 +26400 2021 2017 0.0382
a range +25800 +26400 2022 2018 0.025
a range +25800 +26400 2023 2015 0.0615
a range +25800 +26400 2024 2010 0.0607
a range +25800 +26400 9002 2016 1103.3222
a range +25800 +26400 9005 2020 1103.4179
a range +26400 +27000 2001 2020 0.0531
a range +26400 +27000 2002 2016 0.0514
a range +26400 +27000 2003 2008 0.0458
a range +26400 +27000 2004 2014 0.052
a range +26400 +27000 2005 2017 0.0527
a range +26400 +27000 2006 9005 1103.3387
a range +26400 +27000 2007 2012 0.05
a range +26400 +27000 2008 2003 0.0458
a range +26400 +27000 2009 2011 0.0505
a range +26400 +27000 2010 2023 0.061
a range +26400 +27000 2011 2009 0.0505
a range +26400 +27000 2012 2007 0.05
a range +26400 +27000 2013 2018 0.0323
a range +26400 +27000 2014 2004 0.052
a range +26400 +27000 2015 2021 0.0578
a range +26400 +27000 2016 2002 0.0514
a range +26400 +27000 2017 2005 0.0527
a range +26400 +27000 2018 2013 0.0323
a range +26400 +27000 2019 9002 1103.372
a range +26400 +27000 2020 2001 0.0531
a range +26400 +27000 2021 2015 0.0578
a range +26400 +27000 2022 2024 0.0595
a range +26400 +27000 2023 2010 0.061
a range +26400 +27000 2024 2022 0.0595
a range +26400 +27000 9002 2019 1103.372
a range +26400 +27000 9005 2006 1103.3387
a range +27000 +27600 2001 2021 0.0539
a range +27000 +27600 2002 2003 0.0403
a range +27000 +27600 2003 2002 0.0403
a range +27000 +27600 2004 2012 0.0501
a range +27000 +27600 2005 2007 0.0204
a range +27000 +27600 2006 2014 0.0508
a range +27000 +27600 2007 2005 0.0204
a range +27000 +27600 2008 2017 0.0547
a range +27000 +27600 2009 9002 1103.3698
a range +27000 +27600 2010 2013 0.0244
a range +27000 +27600 2011 2018 0.0559
a range +27000 +27600 2012 2004 0.0501
a range +27000 +27600 2013 2010 0.0244
a range +27000 +27600 2014 2006 0.0508
a range +27000 +27600 2015 2024 0.0611
a range +27000 +27600 2016 2020 0.0421
a range +27000 +27600 2017 2008 0.0547
a range +27000 +27600 2018 2011 0.0559
a range +27000 +27600 2019 9005 1103.372
a range +27000 +27600 2020 2016 0.0421
a range +27000 +27600 2021 2001 0.0539
a range +27000 +27600 2022 2023 0.0605
a range +27000 +27600 2023 2022 0.0605
a range +27000 +27600 2024 2015 0.0611
a range +27000 +27600 9002 2009 1103.3698
a range +27000 +27600 9005 2019 1103.372
a range +27600 +28200 2001 2022 0.0536
a range +27600 +28200 2002 2011 0.0471
a range +27600 +28200 2003 9005 1103.3803
a range +27600 +28200 2004 2023 0.0571
a range +27600 +28200 2005 2010 0.0501
a range +27600 +28200 2006 2016 0.0531
a range +27600 +28200 2007 2008 0.0461
a range +27600 +28200 2008 2007 0.0461
a range +27600 +28200 2009 2015 0.0531
a range +27600 +28200 2010 2005 0.0501
a range +27600 +28200 2011 2002 0.0471
a range +27600 +28200 2012 2013 0.0539
a range +27600 +28200 2013 2012 0.0539
a range +27600 +28200 2014 2024 0.0618
a range +27600 +28200 2015 2009 0.0531
a range +27600 +28200 2016 2006 0.0531
a range +27600 +28200 2017 2019 0.0351
a range +27600 +28200 2018 2021 0.0613
a range +27600 +28200 2019 2017 0.0351
a range +27600 +28200 2020 9002 1103.4179
a range +27600 +28200 2021 2018 0.0613
a range +27600 +28200 2022 2001 0.0536
a range +27600 +28200 2023 2004 0.0571
a range +27600 +28200 2024 2014 0.0618
a range +27600 +28200 9002 2020 1103.4179
a range +27600 +28200 9005 2003 1103.3803
a range +28200 +28800 2001 9002 1103.3976
a range +28200 +28800 2002 9005 1103.386
a range +28200 +28800 2003 2016 0.051
a range +28200 +28800 2004 2019 0.0544
a range +28200 +28800 2005 2009 0.0379
a range +28200 +28800 2006 2010 0.0484
a range +28200 +28800 2007 2015 0.0369
a range +28200 +28800 2008 2013 0.0429
a range +28200 +28800 2009 2005 0.0379
a range +28200 +28800 2010 2006 0.0484
a range +28200 +28800 2011 2012 0.0493
a range +28200 +28800 2012 2011 0.0493
a range +28200 +28800 2013 2008 0.0429
a range +28200 +28800 2014 2021 0.0099
a range +28200 +28800 2015 2007 0.0369
a range +28200 +28800 2016 2003 0.051
a range +28200 +28800 2017 2022 0.0627
a range +28200 +28800 2018 2024 0.0634
a range +28200 +28800 2019 2004 0.0544
a range +28200 +28800 2020 2023 0.0255
a range +28200 +28800 2021 2014 0.0099
a range +28200 +28800 2022 2017 0.0627
a range +28200 +28800 2023 2020 0.0255
a range +28200 +28800 2024 2018 0.0634
a range +28200 +28800 9002 2001 1103.3976
a range +28200 +28800 9005 2002 1103.386
a range +28800 +29400 2001 9005 1103.3976
a range +28800 +29400 2002 2007 0.045
a range +28800 +29400 2003 2023 0.0542
a range +28800 +29400 2004 2016 0.0538
a range +28800 +29400 2005 2006 0.0439
a range +28800 +29400 2006 2005 0.0439
a range +28800 +29400 2007 2002 0.045
a range +28800 +29400 2008 2009 0.0456
a range +28800 +29400 2009 2008 0.0456
a range +28800 +29400 2010 2014 0.0538
a range +28800 +29400 2011 2013 0.0417
a range +28800 +29400 2012 9002 1103.3865
a range +28800 +29400 2013 2011 0.0417
a range +28800 +29400 2014 2010 0.0538
a range +28800 +29400 2015 2022 0.0609
a range +28800 +29400 2016 2004 0.0538
a range +28800 +29400 2017 2020 0.0609
a range +28800 +29400 2018 2019 0.0349
a range +28800 +29400 2019 2018 0.0349
a range +28800 +29400 2020 2017 0.0609
a range +28800 +29400 2021 2024 0.01
a range +28800 +29400 2022 2015 0.0609
a range +28800 +29400 2023 2003 0.0542
a range +28800 +29400 2024 2021 0.01
a range +28800 +29400 9002 2012 1103.3865
a range +28800 +29400 9005 2001 1103.3976
a range +29400 +30000 2001 2023 0.0541
a range +29400 +30000 2002 2006 0.0426
a range +29400 +30000 2003 2005 0.029
a range +29400 +30000 2004 2018 0.0527
a range +29400 +30000 2005 2003 0.029
a range +29400 +30000 2006 2002 0.0426
a range +29400 +30000 2007 9002 1103.4109
a range +29400 +30000 2008 2015 0.0518
a range +29400 +30000 2009 9005 1103.3698
a range +29400 +30000 2010 2017 0.0557
a range +29400 +30000 2011 2014 0.0143
a range +29400 +30000 2012 2024 0.0612
a range +29400 +30000 2013 2016 0.0372
a range +29400 +30000 2014 2011 0.0143
a range +29400 +30000 2015 2008 0.0518
a range +29400 +30000 2016 2013 0.0372
a range +29400 +30000 2017 2010 0.0557
a range +29400 +30000 2018 2004 0.0527
a range +29400 +30000 2019 2021 0.0575
a range +29400 +30000 2020 2022 0.0512
a range +29400 +30000 2021 2019 0.0575
a range +29400 +30000 2022 2020 0.0512
a range +29400 +30000 2023 2001 0.0541
a range +29400 +30000 2024 2012 0.0612
a range +29400 +30000 9002 2007 1103.4109
a range +600 +30000 9003 9006 0.0
a range +29400 +30000 9005 2009 1103.3698
a range +600 +30000 9006 9003 0.0
a range +30000 +30600 2001 2024 0.0534
a range +30000 +30600 2002 2022 0.0547
a range +30000 +30600 2003 2007 0.0461
a range +30000 +30600 2004 2020 0.0539
a range +30000 +30600 2005 2015 0.0511
a range +30000 +30600 2006 2013 0.0508
a range +30000 +30600 2007 2003 0.0461
a range +30000 +30600 2008 2014 0.0533
a range +30000 +30600 2009 9006 1104.7706
a range +30000 +30600 2011 2016 0.0211
a range +30000 +30600 2013 2006 0.0508
a range +30000 +30600 2014 2008 0.0533
a range +30000 +30600 2015 2005 0.0511
a range +30000 +30600 2016 2011 0.0211
a range +30000 +30600 2017 2018 0.0547
a range +30000 +30600 2018 2017 0.0547
a range +30000 +30600 2019 9003 1104.7926
a range +30000 +30600 2020 2004 0.0539
a range +30000 +30600 2021 2023 0.0551
a range +30000 +30600 2022 2002 0.0547
a range +30000 +30600 2023 2021 0.0551
a range +30000 +30600 2024 2001 0.0534
a range +30000 +30600 9002 9005 0.0
a range +30000 +30600 9003 2019 1104.7926
a range +30000 +30600 9005 9002 0.0
a range +30000 +30600 9006 2009 1104.7706
a range +30600 +31200 2001 2002 0.04
a range +30600 +31200 2002 2001 0.04
a range +30600 +31200 2003 9005 1103.3803
a range +30600 +31200 2004 2022 0.0564
a range +30600 +31200 2005 2017 0.0527
a range +30600 +31200 2006 2011 0.0491
a range +30600 +31200 2007 2013 0.0531
a range +30600 +31200 2008 9003 1104.7978
a range +30600 +31200 2009 2014 0.0518
a range +30000 +31200 2010 2012 0.0494
a range +30600 +31200 2011 2006 0.0491
a range +30000 +31200 2012 2010 0.0494
a range +30600 +31200 2013 2007 0.0531
a range +30600 +31200 2014 2009 0.0518
a range +30600 +31200 2015 2018 0.0312
a range +30600 +31200 2016 2021 0.0271
a range +30600 +31200 2017 2005 0.0527
a range +30600 +31200 2018 2015 0.0312
a range +30600 +31200 2019 2020 0.0574
a range +30600 +31200 2020 2019 0.0574
a range +30600 +31200 2021 2016 0.0271
a range +30600 +31200 2022 2004 0.0564
a range +30600 +31200 2023 9002 1103.3953
a range +30600 +31200 2024 9006 1104.7648
a range +30600 +31200 9002 2023 1103.3953
a range +30600 +31200 9003 2008 1104.7978
a range +30600 +31200 9005 2003 1103.3803
a range +30600 +31200 9006 2024 1104.7648
a range +31200 +31800 2001 2003 0.0406
a range +31200 +31800 2002 2009 0.045
a range +31200 +31800 2003 2001 0.0406
a range +31200 +31800 2004 9005 1103.1008
a range +31200 +31800 2005 2020 0.0544
a range +31200 +31800 2006 2018 0.0519
a range +31200 +31800 2007 2016 0.0551
a range +31200 +31800 2008 9002 1103.3824
a range +31200 +31800 2009 2002 0.045
a range +31200 +31800 2010 9003 1104.7665
a range +31200 +31800 2011 2012 0.0493
a range +31200 +31800 2012 2011 0.0493
a range +31200 +31800 2014 2015 0.0518
a range +31200 +31800 2015 2014 0.0518
a range +31200 +31800 2016 2007 0.0551
a range +31200 +31800 2018 2006 0.0519
a range +31200 +31800 2019 2024 0.056
a range +31200 +31800 2020 2005 0.0544
a range +31200 +31800 2021 2022 0.0646
a range +31200 +31800 2022 2021 0.0646
a range +31200 +31800 2023 9006 1104.7751
a range +31200 +31800 2024 2019 0.056
a range +31200 +31800 9002 2008 1103.3824
a range +31200 +31800 9003 2010 1104.7665
a range +31200 +31800 9005 2004 1103.1008
a range +31200 +31800 9006 2023 1104.7751
a range +31800 +32400 2001 2005 0.0427
a range +31800 +32400 2002 2008 0.0457
a range +31800 +32400 2003 2004 0.0426
a range +31800 +32400 2004 2003 0.0426
a range +31800 +32400 2005 2001 0.0427
a range +31800 +32400 2006 2024 0.0555
a range +31800 +32400 2007 2023 0.0576
a range +31800 +32400 2008 2002 0.0457
a range +31800 +32400 2009 2021 0.0576
a range +31800 +32400 2010 9002 1103.3966
a range +31800 +32400 2011 2018 0.0559
a range +31800 +32400 2012 2020 0.0576
a range +31200 +32400 2013 2017 0.0578
a range +31800 +32400 2014 2016 0.027
a range +31800 +32400 2015 9005 1103.3766
a range +31800 +32400 2016 2014 0.027
a range +31200 +32400 2017 2013 0.0578
a range +31800 +32400 2018 2011 0.0559
a range +31800 +32400 2019 9006 1104.7926
a range +31800 +32400 2020 2012 0.0576
a range +31800 +32400 2021 2009 0.0576
a range +31800 +32400 2022 9003 1104.7851
a range +31800 +32400 2023 2007 0.0576
a range +31800 +32400 2024 2006 0.0555
a range +31800 +32400 9002 2010 1103.3966
a range +31800 +32400 9003 2022 1104.7851
a range +31800 +32400 9005 2015 1103.3766
a range +31800 +32400 9006 2019 1104.7926
a range +32400 +33000 2001 2006 0.0249
a range +32400 +33000 2002 2004 0.0238
a range +32400 +33000 2003 2008 0.0458
a range +32400 +33000 2004 2002 0.0238
a range +32400 +33000 2005 2021 0.054
a range +32400 +33000 2006 2001 0.0249
a range +32400 +33000 2007 2024 0.0576
a range +32400 +33000 2008 2003 0.0458
a range +32400 +33000 2009 2020 0.0574
a range +32400 +33000 2010 9006 1104.7665
a range +32400 +33000 2011 2019 0.0573
a range +32400 +33000 2012 2016 0.0558
a range +32400 +33000 2013 2014 0.0514
a range +32400 +33000 2014 2013 0.0514
a range +32400 +33000 2015 9002 1103.3766
a range +32400 +33000 2016 2012 0.0558
a range +32400 +33000 2017 9003 1104.0213
a range +32400 +33000 2018 2023 0.0628
a range +32400 +33000 2019 2011 0.0573
a range +32400 +33000 2020 2009 0.0574
a range +32400 +33000 2021 2005 0.054
a range +32400 +33000 2022 9005 1103.3922
a range +32400 +33000 2023 2018 0.0628
a range +32400 +33000 2024 2007 0.0576
a range +32400 +33000 9002 2015 1103.3766
a range +32400 +33000 9003 2017 1104.0213
a range +32400 +33000 9005 2022 1103.3922
a range +32400 +33000 9006 2010 1104.7665
a range +33000 +33600 2001 2007 0.0451
a range +33000 +33600 2002 2024 0.0542
a range +33000 +33600 2003 2023 0.0542
a range +33000 +33600 2004 2005 0.0433
a range +33000 +33600 2005 2004 0.0433
a range +33000 +33600 2006 2021 0.0548
a range +33000 +33600 2007 2001 0.0451
a range +33000 +33600 2008 2019 0.0579
a range +33000 +33600 2009 2016 0.0537
a range +33000 +33600 2010 9005 1103.3966
a range +33000 +33600 2011 2020 0.0577
a range +33000 +33600 2012 2018 0.0563
a range +33000 +33600 2013 2022 0.0618
a range +33000 +33600 2014 9006 1104.7621
a range +33000 +33600 2015 9003 1104.7796
a range +33000 +33600 2016 2009 0.0537
a range +33000 +33600 2017 9002 1103.3632
a range +33000 +33600 2018 2012 0.0563
a range +33000 +33600 2019 2008 0.0579
a range +33000 +33600 2020 2011 0.0577
a range +33000 +33600 2021 2006 0.0548
a range +33000 +33600 2022 2013 0.0618
a range +33000 +33600 2023 2003 0.0542
a range +33000 +33600 2024 2002 0.0542
a range +33000 +33600 9002 2017 1103.3632
a range +33000 +33600 9003 2015 1104.7796
a range +33000 +33600 9005 2010 1103.3966
a range +33000 +33600 9006 2014 1104.7621
a range +33600 +34200 2001 2008 0.0462
a range +33600 +34200 2002 2021 0.053
a range +33600 +34200 2003 2020 0.0518
a range +33600 +34200 2004 9003 1103.103
a range +33600 +34200 2005 2023 0.0562
a range +33600 +34200 2006 2019 0.0538
a range +33600 +34200 2007 2018 0.0549
a range +33600 +34200 2008 2001 0.0462
a range +33600 +34200 2009 2014 0.0518
a range +33600 +34200 2010 2024 0.061
a range +33600 +34200 2011 2016 0.0211
a range +33600 +34200 2012 2013 0.0541
a range +33600 +34200 2013 2012 0.0541
a range +33600 +34200 2014 2009 0.0518
a range +33600 +34200 2015 9006 1104.7796
a range +33600 +34200 2016 2011 0.0211
a range +33600 +34200 2017 9005 1103.3632
a range +33600 +34200 2018 2007 0.0549
a range +33600 +34200 2019 2006 0.0538
a range +33600 +34200 2020 2003 0.0518
a range +33600 +34200 2021 2002 0.053
a range +33600 +34200 2022 9002 1103.3922
a range +33600 +34200 2023 2005 0.0562
a range +33600 +34200 2024 2010 0.061
a range +33600 +34200 9002 2022 1103.3922
a range +33600 +34200 9003 2004 1103.103
a range +33600 +34200 9005 2017 1103.3632
a range +33600 +34200 9006 2015 1104.7796
a range +34200 +34800 2001 2009 0.0447
a range +34200 +34800 2002 2015 0.0501
a range +34200 +34800 2003 2021 0.0521
a range +34200 +34800 2004 9002 1103.1008
a range +34200 +34800 2005 2019 0.0558
a range +34200 +34800 2006 2020 0.0546
a range +34200 +34800 2007 2017 0.0538
a range +34200 +34800 2008 2016 0.0548
a range +34200 +34800 2009 2001 0.0447
a range +34200 +34800 2010 2018 0.0263
a range +34200 +34800 2011 2014 0.0143
a range +34200 +34800 2012 2022 0.0601
a range +34200 +34800 2013 9006 1104.7824
a range +34200 +34800 2014 2011 0.0143
a range +34200 +34800 2015 2002 0.0501
a range +34200 +34800 2016 2008 0.0548
a range +34200 +34800 2017 2007 0.0538
a range +34200 +34800 2018 2010 0.0263
a range +34200 +34800 2019 2005 0.0558
a range +34200 +34800 2020 2006 0.0546
a range +34200 +34800 2021 2003 0.0521
a range +34200 +34800 2022 2012 0.0601
a range +34200 +34800 2023 9005 1103.3953
a range +34200 +34800 2024 9003 1104.7648
a range +34200 +34800 9002 2004 1103.1008
a range +34200 +34800 9003 2024 1104.7648
a range +34200 +34800 9005 2023 1103.3953
a range +34200 +34800 9006 2013 1104.7824
a range +34800 +35400 2001 2010 0.0477
a range +34800 +35400 2002 9006 1104.7709
a range +34800 +35400 2003 2019 0.0534
a range +34800 +35400 2004 2006 0.0424
a range +34800 +35400 2005 2018 0.0532
a range +34800 +35400 2006 2004 0.0424
a range +34800 +35400 2007 2021 0.0579
a range +34800 +35400 2008 2020 0.0577
a range +34800 +35400 2009 2022 0.058
a range +34800 +35400 2010 2001 0.0477
a range +34800 +35400 2011 2017 0.0558
a range +34800 +35400 2012 2015 0.0232
a range +34800 +35400 2013 2016 0.0372
a range +34800 +35400 2014 9005 1103.3991
a range +34800 +35400 2015 2012 0.0232
a range +34800 +35400 2016 2013 0.0372
a range +34800 +35400 2017 2011 0.0558
a range +34800 +35400 2018 2005 0.0532
a range +34800 +35400 2019 2003 0.0534
a range +34800 +35400 2020 2008 0.0577
a range +34800 +35400 2021 2007 0.0579
a range +34800 +35400 2022 2009 0.058
a range +34800 +35400 2023 9003 1104.7751
a range +34800 +35400 2024 9002 1103.3762
a range +34800 +35400 9002 2024 1103.3762
a range +34800 +35400 9003 2023 1104.7751
a range +34800 +35400 9005 2014 1103.3991
a range +34800 +35400 9006 2002 1104.7709
a range +35400 +36000 2001 2011 0.0478
a range +35400 +36000 2002 2020 0.0528
a range +35400 +36000 2003 2018 0.0512
a range +35400 +36000 2004 2007 0.0464
a range +35400 +36000 2005 2013 0.0503
a range +35400 +36000 2006 2023 0.057
a range +35400 +36000 2007 2004 0.0464
a range +35400 +36000 2008 2024 0.0583
a range +35400 +36000 2009 2019 0.0575
a range +35400 +36000 2010 2021 0.0579
a range +35400 +36000 2011 2001 0.0478
a range +35400 +36000 2012 9002 1103.3865
a range +35400 +36000 2013 2005 0.0503
a range +35400 +36000 2014 9003 1104.7621
a range +35400 +36000 2015 2017 0.0343
a range +35400 +36000 2016 9005 1103.3222
a range +35400 +36000 2017 2015 0.0343
a range +35400 +36000 2018 2003 0.0512
a range +35400 +36000 2019 2009 0.0575
a range +35400 +36000 2020 2002 0.0528
a range +35400 +36000 2021 2010 0.0579
a range +35400 +36000 2022 9006 1104.7851
a range +35400 +36000 2023 2006 0.057
a range +35400 +36000 2024 2008 0.0583
a range +35400 +36000 9002 2012 1103.3865
a range +35400 +36000 9003 2014 1104.7621
a range +35400 +36000 9005 2016 1103.3222
a range +35400 +36000 9006 2022 1104.7851
a range +36000 +36600 2001 2013 0.0506
a range +36000 +36600 2002 2003 0.0403
a range +36000 +36600 2003 2002 0.0403
a range +36000 +36600 2004 2008 0.0416
a range +36000 +36600 2005 2009 0.0379
a range +36000 +36600 2006 2017 0.0538
a range +36000 +36600 2007 2015 0.0369
a range +36000 +36600 2008 2004 0.0416
a range +36000 +36600 2009 2005 0.0379
a range +36000 +36600 2010 2022 0.0594
a range +36000 +36600 2011 2021 0.0577
a range +36000 +36600 2012 9006 1104.7752
a range +36000 +36600 2013 2001 0.0506
a range +36000 +36600 2014 9002 1103.3991
a range +36000 +36600 2015 2007 0.0369
a range +36000 +36600 2016 9003 1103.3115
a range +36000 +36600 2017 2006 0.0538
a range +36000 +36600 2018 2020 0.0303
a range +36000 +36600 2019 2023 0.0645
a range +36000 +36600 2020 2018 0.0303
a range +36000 +36600 2021 2011 0.0577
a range +36000 +36600 2022 2010 0.0594
a range +36000 +36600 2023 2019 0.0645
a range +36000 +36600 2024 9005 1103.3762
a range +36000 +36600 9002 2014 1103.3991
a range +36000 +36600 9003 2016 1103.3115
a range +36000 +36600 9005 2024 1103.3762
a range +36000 +36600 9006 2012 1104.7752
a range +36600 +37200 2001 2015 0.0508
a range +36600 +37200 2002 2022 0.0547
a range +36600 +37200 2003 2014 0.0502
a range +36600 +37200 2004 2024 0.0553
a range +36600 +37200 2005 2006 0.0439
a range +36600 +37200 2006 2005 0.0439
a range +36600 +37200 2007 2019 0.0579
a range +36600 +37200 2008 2023 0.0572
a range +36600 +37200 2009 2018 0.0548
a range +36600 +37200 2010 2017 0.0557
a range +36600 +37200 2011 9006 1104.7829
a range +36600 +37200 2012 9005 1103.3865
a range +36600 +37200 2013 2021 0.0599
a range +36600 +37200 2014 2003 0.0502
a range +36600 +37200 2015 2001 0.0508
a range +36600 +37200 2016 9002 1103.3222
a range +36600 +37200 2017 2010 0.0557
a range +36600 +37200 2018 2009 0.0548
a range +36600 +37200 2019 2007 0.0579
a range +36600 +37200 2020 9003 1104.7875
a range +36600 +37200 2021 2013 0.0599
a range +36600 +37200 2022 2002 0.0547
a range +36600 +37200 2023 2008 0.0572
a range +36600 +37200 2024 2004 0.0553
a range +36600 +37200 9002 2016 1103.3222
a range +36600 +37200 9003 2020 1104.7875
a range +36600 +37200 9005 2012 1103.3865
a range +36600 +37200 9006 2011 1104.7829
a range +37200 +37800 2001 2012 0.0481
a range +37200 +37800 2002 2014 0.0506
a range +37200 +37800 2003 2022 0.0545
a range +37200 +37800 2004 2010 0.0496
a range +37200 +37800 2005 2007 0.0204
a range +37200 +37800 2006 2016 0.0523
a range +37200 +37800 2007 2005 0.0204
a range +37200 +37800 2008 2018 0.0536
a range +37200 +37800 2009 9003 1104.7706
a range +37200 +37800 2010 2004 0.0496
a range +37200 +37800 2011 2023 0.06
a range +37200 +37800 2012 2001 0.0481
a range +37200 +37800 2013 2019 0.041
a range +37200 +37800 2014 2002 0.0506
a range +37200 +37800 2015 2024 0.0611
a range +37200 +37800 2016 2006 0.0523
a range +37200 +37800 2017 9006 1104.0213
a range +37200 +37800 2018 2008 0.0536
a range +37200 +37800 2019 2013 0.041
a range +37200 +37800 2020 9005 1103.4179
a range +37200 +37800 2021 9002 1103.3736
a range +37200 +37800 2022 2003 0.0545
a range +37200 +37800 2023 2011 0.06
a range +37200 +37800 2024 2015 0.0611
a range +37200 +37800 9002 2021 1103.3736
a range +37200 +37800 9003 2009 1104.7706
a range +37200 +37800 9005 2020 1103.4179
a range +37200 +37800 9006 2017 1104.0213
a range +37800 +38400 2001 2017 0.0502
a range +37800 +38400 2002 2023 0.0538
a range +37800 +38400 2003 2012 0.0474
a range +37800 +38400 2004 2022 0.0564
a range +37800 +38400 2005 2014 0.0506
a range +37800 +38400 2006 2015 0.0508
a range +37800 +38400 2007 2008 0.0461
a range +37800 +38400 2008 2007 0.0461
a range +37800 +38400 2009 2024 0.058
a range +37800 +38400 2010 2019 0.058
a range +37800 +38400 2011 9003 1104.7829
a range +37800 +38400 2012 2003 0.0474
a range +37800 +38400 2013 2018 0.0323
a range +37800 +38400 2014 2005 0.0506
a range +37800 +38400 2015 2006 0.0508
a range +37800 +38400 2016 9006 1103.3115
a range +37800 +38400 2017 2001 0.0502
a range +37800 +38400 2018 2013 0.0323
a range +37800 +38400 2019 2010 0.058
a range +37800 +38400 2020 9002 1103.4179
a range +37800 +38400 2021 9005 1103.3736
a range +37800 +38400 2022 2004 0.0564
a range +37800 +38400 2023 2002 0.0538
a range +37800 +38400 2024 2009 0.058
a range +37800 +38400 9002 2020 1103.4179
a range +37800 +38400 9003 2011 1104.7829
a range +37800 +38400 9005 2021 1103.3736
a range +37800 +38400 9006 2016 1103.3115
a range +38400 +39000 2001 2014 0.0512
a range +38400 +39000 2002 2018 0.0508
a range +38400 +39000 2003 2017 0.0504
a range +38400 +39000 2004 2009 0.0161
a range +38400 +39000 2005 2022 0.057
a range +38400 +39000 2006 2007 0.0404
a range +38400 +39000 2007 2006 0.0404
a range +38400 +39000 2008 2016 0.0548
a range +38400 +39000 2009 2004 0.0161
a range +38400 +39000 2010 2023 0.0613
a range +38400 +39000 2011 9005 1103.3806
a range +38400 +39000 2012 2024 0.059
a range +38400 +39000 2013 2015 0.0524
a range +38400 +39000 2014 2001 0.0512
a range +38400 +39000 2015 2013 0.0524
a range +38400 +39000 2016 2008 0.0548
a range +38400 +39000 2017 2003 0.0504
a range +38400 +39000 2018 2002 0.0508
a range +38400 +39000 2019 9002 1103.372
a range +38400 +39000 2020 9006 1104.7875
a range +38400 +39000 2021 9003 1104.7449
a range +38400 +39000 2022 2005 0.057
a range +38400 +39000 2023 2010 0.0613
a range +38400 +39000 2024 2012 0.059
a range +38400 +39000 9002 2019 1103.372
a range +38400 +39000 9003 2021 1104.7449
a range +38400 +39000 9005 2011 1103.3806
a range +38400 +39000 9006 2020 1104.7875
a range +39000 +39600 2001 2016 0.0514
a range +39000 +39600 2002 2019 0.0517
a range +39000 +39600 2003 2015 0.0511
a range +39000 +39600 2004 2020 0.0539
a range +39000 +39600 2005 2024 0.0558
a range +39000 +39600 2006 2022 0.0565
a range +39000 +39600 2007 2010 0.0228
a range +39000 +39600 2008 9005 1103.3824
a range +39000 +39600 2009 2023 0.058
a range +39000 +39600 2010 2007 0.0228
a range +39000 +39600 2011 9002 1103.3806
a range +39000 +39600 2012 2021 0.0574
a range +39000 +39600 2013 9003 1104.7824
a range +39000 +39600 2014 2017 0.0354
a range +39000 +39600 2015 2003 0.0511
a range +39000 +39600 2016 2001 0.0514
a range +39000 +39600 2017 2014 0.0354
a range +39000 +39600 2018 9006 1103.6743
a range +39000 +39600 2019 2002 0.0517
a range +39000 +39600 2020 2004 0.0539
a range +39000 +39600 2021 2012 0.0574
a range +39000 +39600 2022 2006 0.0565
a range +39000 +39600 2023 2009 0.058
a range +39000 +39600 2024 2005 0.0558
a range +39000 +39600 9002 2011 1103.3806
a range +39000 +39600 9003 2013 1104.7824
a range +39000 +39600 9005 2008 1103.3824
a range +39000 +39600 9006 2018 1103.6743
a range +39600 +40200 2001 2020 0.0531
a range +39600 +40200 2002 2016 0.0512
a range +39600 +40200 2003 2024 0.0535
a range +39600 +40200 2004 2012 0.0484
a range +39600 +40200 2005 2010 0.0491
a range +39600 +40200 2006 2008 0.008
a range +39600 +40200 2007 9006 1104.7571
a range +39600 +40200 2008 2006 0.008
a range +39600 +40200 2009 2017 0.0546
a range +39600 +40200 2010 2005 0.0491
a range +39600 +40200 2011 2022 0.061
a range +39600 +40200 2012 2004 0.0484
a range +39600 +40200 2013 9002 1103.3884
a range +39600 +40200 2014 2023 0.061
a range +39600 +40200 2015 2021 0.0578
a range +39600 +40200 2016 2002 0.0512
a range +39600 +40200 2017 2009 0.0546
a range +39600 +40200 2018 9003 1103.6743
a range +39600 +40200 2019 9005 1103.372
a range +39600 +40200 2020 2001 0.0531
a range +39600 +40200 2021 2015 0.0578
a range +39600 +40200 2022 2011 0.061
a range +39600 +40200 2023 2014 0.061
a range +39600 +40200 2024 2003 0.0535
a range +39600 +40200 9002 2013 1103.3884
a range +39600 +40200 9003 2018 1103.6743
a range +39600 +40200 9005 2019 1103.372
a range +39600 +40200 9006 2007 1104.7571
a range +40200 +40800 2001 2019 0.0517
a range +40200 +40800 2002 2011 0.0475
a range +40200 +40800 2003 2010 0.047
a range +40200 +40800 2004 2016 0.0531
a range +40200 +40800 2005 2015 0.0504
a range +40200 +40800 2006 2009 0.0467
a range +40200 +40800 2007 9005 1103.4109
a range +40200 +40800 2008 9006 1104.7978
a range +40200 +40800 2009 2006 0.0467
a range +40200 +40800 2010 2003 0.047
a range +40200 +40800 2011 2002 0.0475
a range +40200 +40800 2012 9003 1104.7752
a range +40200 +40800 2013 2023 0.0628
a range +40200 +40800 2014 2022 0.0614
a range +40200 +40800 2015 2005 0.0504
a range +40200 +40800 2016 2004 0.0531
a range +40200 +40800 2017 2024 0.0417
a range +40200 +40800 2018 9002 1103.3856
a range +40200 +40800 2019 2001 0.0517
a range +40200 +40800 2020 2021 0.0581
a range +40200 +40800 2021 2020 0.0581
a range +40200 +40800 2022 2014 0.0614
a range +40200 +40800 2023 2013 0.0628
a range +40200 +40800 2024 2017 0.0417
a range +40200 +40800 9002 2018 1103.3856
a range +40200 +40800 9003 2012 1104.7752
a range +40200 +40800 9005 2007 1103.4109
a range +40200 +40800 9006 2008 1104.7978
a range +40800 +41400 2001 9006 1104.7848
a range +40800 +41400 2002 2013 0.0514
a range +40800 +41400 2003 9002 1103.3803
a range +40800 +41400 2004 2011 0.0466
a range +40800 +41400 2005 2012 0.049
a range +40800 +41400 2006 2014 0.0503
a range +40800 +41400 2007 9003 1104.7571
a range +40800 +41400 2008 2010 0.0501
a range +40800 +41400 2009 2015 0.0272
a range +40800 +41400 2010 2008 0.0501
a range +40800 +41400 2011 2004 0.0466
a range +40800 +41400 2012 2005 0.049
a range +40800 +41400 2013 2002 0.0514
a range +40800 +41400 2014 2006 0.0503
a range +40800 +41400 2015 2009 0.0272
a range +40800 +41400 2016 2022 0.0632
a range +40800 +41400 2017 2021 0.0382
a range +40800 +41400 2018 9005 1103.3856
a range +40800 +41400 2019 2023 0.0645
a range +40800 +41400 2020 2024 0.0648
a range +40800 +41400 2021 2017 0.0382
a range +40800 +41400 2022 2016 0.0632
a range +40800 +41400 2023 2019 0.0645
a range +40800 +41400 2024 2020 0.0648
a range +40800 +41400 9002 2003 1103.3803
a range +40800 +41400 9003 2007 1104.7571
a range +40800 +41400 9005 2018 1103.3856
a range +40800 +41400 9006 2001 1104.7848
a range +41400 +42000 2001 2021 0.0539
a range +41400 +42000 2002 2010 0.0469
a range +41400 +42000 2003 9006 1104.7688
a range +41400 +42000 2004 2023 0.0556
a range +41400 +42000 2005 9003 1103.5992
a range +41400 +42000 2006 2012 0.0491
a range +41400 +42000 2007 2022 0.0576
a range +41400 +42000 2008 2011 0.0135
a range +41400 +42000 2009 9002 1103.3698
a range +41400 +42000 2010 2002 0.0469
a range +41400 +42000 2011 2008 0.0135
a range +41400 +42000 2012 2006 0.0491
a range +41400 +42000 2013 9005 1103.3884
a range +41400 +42000 2014 2018 0.0573
a range +41400 +42000 2015 2019 0.0336
a range +41400 +42000 2016 2024 0.0632
a range +41400 +42000 2017 2020 0.0613
a range +41400 +42000 2018 2014 0.0573
a range +41400 +42000 2019 2015 0.0336
a range +41400 +42000 2020 2017 0.0613
a range +41400 +42000 2021 2001 0.0539
a range +41400 +42000 2022 2007 0.0576
a range +41400 +42000 2023 2004 0.0556
a range +41400 +42000 2024 2016 0.0632
a range +41400 +42000 9002 2009 1103.3698
a range +41400 +42000 9003 2005 1103.5992
a range +41400 +42000 9005 2013 1103.3884
a range +41400 +42000 9006 2003 1104.7688
a range +42000 +42600 2001 2018 0.0508
a range +42000 +42600 2002 9005 1103.386
a range +42000 +42600 2003 9003 1104.7688
a range +42000 +42600 2004 9006 1103.852
a range +42000 +42600 2005 9002 1103.3804
a range +42000 +42600 2006 2010 0.0484
a range +42000 +42600 2007 2020 0.0577
a range +42000 +42600 2008 2022 0.0575
a range +42000 +42600 2009 2012 0.0211
a range +42000 +42600 2010 2006 0.0484
a range +42000 +42600 2011 2013 0.0417
a range +42000 +42600 2012 2009 0.0211
a range +42000 +42600 2013 2011 0.0417
a range +42000 +42600 2014 2024 0.0608
a range +42000 +42600 2015 2023 0.0618
a range +42000 +42600 2016 2021 0.0271
a range +42000 +42600 2017 2019 0.0351
a range +42000 +42600 2018 2001 0.0508
a range +42000 +42600 2019 2017 0.0351
a range +42000 +42600 2020 2007 0.0577
a range +42000 +42600 2021 2016 0.0271
a range +42000 +42600 2022 2008 0.0575
a range +42000 +42600 2023 2015 0.0618
a range +42000 +42600 2024 2014 0.0608
a range +42000 +42600 9002 2005 1103.3804
a range +42000 +42600 9003 2003 1104.7688
a range +42000 +42600 9005 2002 1103.386
a range +42000 +42600 9006 2004 1103.852
a range +42600 +43200 2001 9003 1104.7848
a range +42600 +43200 2002 2006 0.0426
a range +42600 +43200 2003 2009 0.0446
a range +42600 +43200 2004 2015 0.0522
a range +42600 +43200 2005 2016 0.0537
a range +42600 +43200 2006 2002 0.0426
a range +42600 +43200 2007 2014 0.053
a range +42600 +43200 2008 2017 0.0545
a range +42600 +43200 2009 2003 0.0446
a range +42600 +43200 2010 2011 0.0483
a range +42600 +43200 2011 2010 0.0483
a range +42600 +43200 2012 2023 0.0595
a range +42600 +43200 2013 2024 0.061
a range +42600 +43200 2014 2007 0.053
a range +42600 +43200 2015 2004 0.0522
a range +42600 +43200 2016 2005 0.0537
a range +42600 +43200 2017 2008 0.0545
a range +42600 +43200 2018 2019 0.0349
a range +42600 +43200 2019 2018 0.0349
a range +42600 +43200 2020 2022 0.0512
a range +42600 +43200 2021 9006 1104.7449
a range +42600 +43200 2022 2020 0.0512
a range +42600 +43200 2023 2012 0.0595
a range +42600 +43200 2024 2013 0.061
a range +42600 +43200 9003 2001 1104.7848
a range +42600 +43200 9006 2021 1104.7449
a range +43200 +43800 2001 2023 0.0541
a range +43200 +43800 2002 2017 0.051
a range +43200 +43800 2003 2016 0.0517
a range +43200 +43800 2004 2021 0.0537
a range +43200 +43800 2005 9006 1103.5992
a range +43200 +43800 2006 9003 1104.0847
a range +43200 +43800 2008 2009 0.0456
a range +43200 +43800 2009 2008 0.0456
a range +43200 +43800 2010 2013 0.0244
a range +43200 +43800 2012 2014 0.043
a range +43200 +43800 2013 2010 0.0244
a range +43200 +43800 2014 2012 0.043
a range +43200 +43800 2015 2022 0.0617
a range +43200 +43800 2016 2003 0.0517
a range +43200 +43800 2017 2002 0.051
a range +43200 +43800 2018 2024 0.0634
a range +43200 +43800 2019 2020 0.0574
a range +43200 +43800 2020 2019 0.0574
a range +43200 +43800 2021 2004 0.0537
a range +43200 +43800 2022 2015 0.0617
a range +43200 +43800 2023 2001 0.0541
a range +43200 +43800 2024 2018 0.0634
a range +43200 +43800 9003 2006 1104.0847
a range +43200 +43800 9006 2005 1103.5992
a range +43800 +44400 2002 9003 1104.7709
a range +43800 +44400 2003 2005 0.029
a range +43800 +44400 2005 2003 0.029
a range +43800 +44400 2006 9006 1104.0847
a range +43200 +44400 2007 2011 0.0501
a range +43800 +44400 2008 2015 0.053
a range +43800 +44400 2009 2024 0.058
a range +43800 +44400 2010 2016 0.0566
a range +43200 +44400 2011 2007 0.0501
a range +43800 +44400 2012 2017 0.0432
a range +43800 +44400 2013 2020 0.0426
a range +43800 +44400 2014 2019 0.0606
a range +43800 +44400 2015 2008 0.053
a range +43800 +44400 2016 2010 0.0566
a range +43800 +44400 2017 2012 0.0432
a range +43800 +44400 2018 2022 0.025
a range +43800 +44400 2019 2014 0.0606
a range +43800 +44400 2020 2013 0.0426
a range +43800 +44400 2021 2023 0.0551
a range +43800 +44400 2022 2018 0.025
a range +43800 +44400 2023 2021 0.0551
a range +43800 +44400 2024 2009 0.058
a range +43800 +44400 9003 2002 1104.7709
a range +43800 +44400 9006 2006 1104.0847
a range +43800 +45000 2001 2004 0.0428
a range +44400 +45000 2002 2012 0.048
a range +44400 +45000 2003 9006 1104.7688
a range +43800 +45000 2004 2001 0.0428
a range +44400 +45000 2005 9003 1103.5992
a range +44400 +45000 2006 2013 0.0516
a range +44400 +45000 2007 2009 0.0466
a range +44400 +45000 2008 2021 0.0578
a range +44400 +45000 2009 2007 0.0466
a range +44400 +45000 2010 2015 0.039
a range +44400 +45000 2011 2024 0.0599
a range +44400 +45000 2012 2002 0.048
a range +44400 +45000 2013 2006 0.0516
a range +44400 +45000 2014 2020 0.052
a range +44400 +45000 2015 2010 0.039
a range +44400 +45000 2016 2018 0.0546
a range +44400 +45000 2017 2023 0.0631
a range +44400 +45000 2018 2016 0.0546
a range +44400 +45000 2019 2022 0.0206
a range +44400 +45000 2020 2014 0.052
a range +44400 +45000 2021 2008 0.0578
a range +44400 +45000 2022 2019 0.0206
a range +44400 +45000 2023 2017 0.0631
a range +44400 +45000 2024 2011 0.0599
a range +44400 +45000 9003 2005 1103.5992
a range +44400 +45000 9006 2003 1104.7688
a range +45000 +45600 2001 2022 0.0542
a range +45000 +45600 2002 2009 0.0168
a range +45000 +45600 2003 2011 0.0483
a range +45000 +45600 2004 2019 0.0559
a range +45000 +45600 2005 9006 1103.5992
a range +45000 +45600 2006 9003 1104.0847
a range +45000 +45600 2007 2012 0.05
a range +45000 +45600 2008 2013 0.0429
a range +45000 +45600 2009 2002 0.0168
a range +45000 +45600 2010 2020 0.0584
a range +45000 +45600 2011 2003 0.0483
a range +45000 +45600 2012 2007 0.05
a range +45000 +45600 2013 2008 0.0429
a range +45000 +45600 2014 2021 0.0099
a range +45000 +45600 2015 2018 0.0312
a range +45000 +45600 2016 2017 0.055
a range +45000 +45600 2017 2016 0.055
a range +45000 +45600 2018 2015 0.0312
a range +45000 +45600 2019 2004 0.0559
a range +45000 +45600 2020 2010 0.0584
a range +45000 +45600 2021 2014 0.0099
a range +45000 +45600 2022 2001 0.0542
a range +45000 +45600 2023 2024 0.0616
a range +45000 +45600 2024 2023 0.0616
a range +45000 +45600 9003 2006 1104.0847
a range +45000 +45600 9006 2005 1103.5992
a range +45600 +46200 2001 2002 0.04
a range +45600 +46200 2002 2001 0.04
a range +45600 +46200 2003 2007 0.045
a range +45600 +46200 2004 2013 0.0508
a range +45600 +46200 2005 2006 0.0439
a range +45600 +46200 2006 2005 0.0439
a range +45600 +46200 2007 2003 0.045
a range +45600 +46200 2008 2014 0.0132
a range +45600 +46200 2009 2011 0.0505
a range +45600 +46200 2010 9003 1104.7665
a range +45600 +46200 2011 2009 0.0505
a range +45600 +46200 2012 9006 1104.7752
a range +45600 +46200 2013 2004 0.0508
a range +45600 +46200 2014 2008 0.0132
a range +45600 +46200 2015 2020 0.0596
a range +45600 +46200 2016 2023 0.0503
a range +45600 +46200 2017 2022 0.0511
a range +45600 +46200 2018 2021 0.0608
a range +45600 +46200 2019 2024 0.056
a range +45600 +46200 2020 2015 0.0596
a range +45600 +46200 2021 2018 0.0608
a range +45600 +46200 2022 2017 0.0511
a range +45600 +46200 2023 2016 0.0503
a range +45600 +46200 2024 2019 0.056
a range +45600 +46200 9003 2010 1104.7665
a range +45600 +46200 9006 2012 1104.7752
a range +46200 +46800 2001 2024 0.0534
a range +46200 +46800 2003 2009 0.0446
a range +46200 +46800 2004 2017 0.0537
a range +46200 +46800 2006 2011 0.006
a range +46200 +46800 2007 2013 0.0394
a range +46200 +46800 2008 9003 1104.7978
a range +46200 +46800 2009 2003 0.0446
a range +46200 +46800 2010 9006 1104.7665
a range +46200 +46800 2011 2006 0.006
a range +46200 +46800 2012 2019 0.0582
a range +46200 +46800 2013 2007 0.0394
a range +46200 +46800 2014 2015 0.0518
a range +46200 +46800 2015 2014 0.0518
a range +46200 +46800 2016 2020 0.0421
a range +46200 +46800 2017 2004 0.0537
a range +46200 +46800 2018 2023 0.0424
a range +46200 +46800 2019 2012 0.0582
a range +46200 +46800 2020 2016 0.0421
a range +46200 +46800 2021 2022 0.0648
a range +46200 +46800 2022 2021 0.0648
a range +46200 +46800 2023 2018 0.0424
a range +46200 +46800 2024 2001 0.0534
a range +46200 +46800 9003 2008 1104.7978
a range +46200 +46800 9006 2010 1104.7665
a range +46800 +47400 2001 2007 0.0451
a range +46200 +47400 2002 2005 0.0432
a range +46800 +47400 2003 2013 0.0493
a range +46200 +47400 2005 2002 0.0432
a range +46800 +47400 2006 2010 0.0484
a range +46800 +47400 2007 2001 0.0451
a range +46800 +47400 2009 9006 1104.7706
a range +46800 +47400 2010 2006 0.0484
a range +46800 +47400 2011 9003 1104.7829
a range +46800 +47400 2013 2003 0.0493
a range +46800 +47400 2015 2016 0.0573
a range +46800 +47400 2016 2015 0.0573
a range +46800 +47400 2017 2018 0.0547
a range +46800 +47400 2018 2017 0.0547
a range +46800 +47400 2019 2021 0.0575
a range +46800 +47400 2020 2023 0.0255
a range +46800 +47400 2021 2019 0.0575
a range +46800 +47400 2022 2024 0.0595
a range +46800 +47400 2023 2020 0.0255
a range +46800 +47400 2024 2022 0.0595
a range +46800 +47400 9003 2011 1104.7829
a range +46800 +47400 9006 2009 1104.7706
a range +47400 +48000 2001 2003 0.0406
a range +47400 +48000 2002 2007 0.0464
a range +47400 +48000 2003 2001 0.0406
a range +46800 +48000 2004 2014 0.0505
a range +47400 +48000 2005 2011 0.0489
a range +47400 +48000 2006 2019 0.0537
a range +47400 +48000 2007 2002 0.0464
a range +47400 +48000 2009 2013 0.0524
a range +47400 +48000 2010 2018 0.0263
a range +47400 +48000 2011 2005 0.0489
a range +47400 +48000 2013 2009 0.0524
a range +46800 +48000 2014 2004 0.0505
a range +47400 +48000 2015 2017 0.0343
a range +47400 +48000 2016 9003 1104.3991
a range +47400 +48000 2017 2015 0.0343
a range +47400 +48000 2018 2010 0.0263
a range +47400 +48000 2019 2006 0.0537
a range +47400 +48000 2020 9006 1104.7875
a range +47400 +48000 2021 2024 0.01
a range +47400 +48000 2022 2023 0.0605
a range +47400 +48000 2023 2022 0.0605
a range +47400 +48000 2024 2021 0.01
a range +47400 +48000 9003 2016 1104.3991
a range +47400 +48000 9006 2020 1104.7875
a range +48000 +48600 2001 2006 0.0249
a range +48000 +48600 2002 2005 0.0432
a range +48000 +48600 2003 2016 0.0517
a range +48000 +48600 2004 2011 0.0466
a range +48000 +48600 2005 2002 0.0432
a range +48000 +48600 2006 2001 0.0249
a range +48000 +48600 2007 2024 0.0576
a range +46800 +48600 2008 2012 0.0506
a range +48000 +48600 2009 2014 0.0518
a range +48000 +48600 2010 2022 0.0599
a range +48000 +48600 2011 2004 0.0466
a range +46800 +48600 2012 2008 0.0506
a range +48000 +48600 2013 2021 0.0607
a range +48000 +48600 2014 2009 0.0518
a range +48000 +48600 2015 2019 0.0336
a range +48000 +48600 2016 2003 0.0517
a range +48000 +48600 2017 2018 0.0547
a range +48000 +48600 2018 2017 0.0547
a range +48000 +48600 2019 2015 0.0336
a range +48000 +48600 2020 9003 1104.7875
a range +48000 +48600 2021 2013 0.0607
a range +48000 +48600 2022 2010 0.0599
a range +48000 +48600 2023 9006 1104.7751
a range +48000 +48600 2024 2007 0.0576
a range +48000 +48600 9003 2020 1104.7875
a range +48000 +48600 9006 2023 1104.7751
a range +48600 +49200 2001 2005 0.0427
a range +48600 +49200 2002 2020 0.0528
a range +48600 +49200 2003 2011 0.0483
a range +48600 +49200 2004 2006 0.0424
a range +48600 +49200 2005 2001 0.0427
a range +48600 +49200 2006 2004 0.0424
a range +48600 +49200 2007 2022 0.0576
a range +48600 +49200 2008 2024 0.0585
a range +48600 +49200 2009 2019 0.0574
a range +48600 +49200 2010 2021 0.0578
a range +48600 +49200 2011 2003 0.0483
a range +48600 +49200 2012 2018 0.056
a range +48600 +49200 2013 2017 0.0578
a range +48600 +49200 2014 2015 0.0518
a range +48600 +49200 2015 2014 0.0518
a range +48600 +49200 2016 9006 1104.3991
a range +48600 +49200 2017 2013 0.0578
a range +48600 +49200 2018 2012 0.056
a range +48600 +49200 2019 2009 0.0574
a range +48600 +49200 2020 2002 0.0528
a range +48600 +49200 2021 2010 0.0578
a range +48600 +49200 2022 2007 0.0576
a range +48600 +49200 2023 9003 1104.7751
a range +48600 +49200 2024 2008 0.0585
a range +48600 +49200 9003 2023 1104.7751
a range +48600 +49200 9006 2016 1104.3991
a range +49200 +49800 2001 2008 0.0285
a range +49200 +49800 2002 9006 1104.7709
a range +49200 +49800 2004 2018 0.0541
a range +49200 +49800 2005 2020 0.0552
a range +49200 +49800 2007 2021 0.0578
a range +49200 +49800 2008 2001 0.0285
a range +49200 +49800 2009 2022 0.0593
a range +49200 +49800 2010 2015 0.039
a range +49200 +49800 2011 2024 0.0599
a range +49200 +49800 2012 2019 0.0582
a range +49200 +49800 2013 9003 1104.7824
a range +49200 +49800 2014 2017 0.0354
a range +49200 +49800 2015 2010 0.039
a range +49200 +49800 2016 2023 0.0503
a range +49200 +49800 2017 2014 0.0354
a range +49200 +49800 2018 2004 0.0541
a range +49200 +49800 2019 2012 0.0582
a range +49200 +49800 2020 2005 0.0552
a range +49200 +49800 2021 2007 0.0578
a range +49200 +49800 2022 2009 0.0593
a range +49200 +49800 2023 2016 0.0503
a range +49200 +49800 2024 2011 0.0599
a range +49200 +49800 9003 2013 1104.7824
a range +49200 +49800 9006 2002 1104.7709
a range +49800 +50400 2001 2009 0.0459
a range +49800 +50400 2002 2023 0.0538
a range +49200 +50400 2003 2006 0.0428
a range +49800 +50400 2004 9003 1103.852
a range +49800 +50400 2005 2011 0.0489
a range +49200 +50400 2006 2003 0.0428
a range +49800 +50400 2007 2019 0.0578
a range +49800 +50400 2008 2022 0.0578
a range +49800 +50400 2009 2001 0.0459
a range +49800 +50400 2010 2024 0.0613
a range +49800 +50400 2011 2005 0.0489
a range +49800 +50400 2012 2021 0.0574
a range +49800 +50400 2013 9006 1104.7824
a range +49800 +50400 2014 2020 0.052
a range +49800 +50400 2015 2018 0.0312
a range +49800 +50400 2016 2017 0.055
a range +49800 +50400 2017 2016 0.055
a range +49800 +50400 2018 2015 0.0312
a range +49800 +50400 2019 2007 0.0578
a range +49800 +50400 2020 2014 0.052
a range +49800 +50400 2021 2012 0.0574
a range +49800 +50400 2022 2008 0.0578
a range +49800 +50400 2023 2002 0.0538
a range +49800 +50400 2024 2010 0.0613
a range +49800 +50400 9003 2004 1103.852
a range +49800 +50400 9006 2013 1104.7824
a range +50400 +51000 2001 2012 0.0471
a range +50400 +51000 2002 2013 0.0499
a range +50400 +51000 2003 2023 0.0542
a range +50400 +51000 2004 2016 0.0523
a range +50400 +51000 2005 2015 0.0509
a range +50400 +51000 2006 2022 0.0565
a range +50400 +51000 2007 2018 0.0545
a range +50400 +51000 2008 2021 0.0578
a range +50400 +51000 2011 2020 0.0573
a range +50400 +51000 2012 2001 0.0471
a range +50400 +51000 2013 2002 0.0499
a range +50400 +51000 2014 2019 0.0591
a range +50400 +51000 2015 2005 0.0509
a range +50400 +51000 2016 2004 0.0523
a range +50400 +51000 2017 9006 1104.0213
a range +50400 +51000 2018 2007 0.0545
a range +50400 +51000 2019 2014 0.0591
a range +50400 +51000 2020 2011 0.0573
a range +50400 +51000 2021 2008 0.0578
a range +50400 +51000 2022 2006 0.0565
a range +50400 +51000 2023 2003 0.0542
a range +50400 +51000 2024 9003 1104.7648
a range +50400 +51000 9003 2024 1104.7648
a range +50400 +51000 9006 2017 1104.0213
a range +51000 +51600 2001 2004 0.0282
a range +51000 +51600 2002 2022 0.0547
a range +51000 +51600 2003 2013 0.0493
a range +51000 +51600 2004 2001 0.0282
a range +51000 +51600 2005 2023 0.0562
a range +51000 +51600 2006 2021 0.0546
a range +51000 +51600 2007 2017 0.0537
a range +51000 +51600 2008 2020 0.0577
a range +51000 +51600 2011 2014 0.0143
a range +51000 +51600 2012 2015 0.0232
a range +51000 +51600 2013 2003 0.0493
a range +51000 +51600 2014 2011 0.0143
a range +51000 +51600 2015 2012 0.0232
a range +51000 +51600 2016 2019 0.0612
a range +51000 +51600 2017 2007 0.0537
a range +51000 +51600 2018 9003 1104.7567
a range +51000 +51600 2019 2016 0.0612
a range +51000 +51600 2020 2008 0.0577
a range +51000 +51600 2021 2006 0.0546
a range +51000 +51600 2022 2002 0.0547
a range +51000 +51600 2023 2005 0.0562
a range +51000 +51600 2024 9006 1104.7648
a range +51000 +51600 9003 2018 1104.7567
a range +51000 +51600 9006 2024 1104.7648
a range +51600 +52200 2001 2011 0.0483
a range +51600 +52200 2002 2021 0.0528
a range +51600 +52200 2003 2024 0.0535
a range +51600 +52200 2004 2013 0.0515
a range +51600 +52200 2005 2019 0.0548
a range +51600 +52200 2006 2023 0.0485
a range +51600 +52200 2007 2020 0.0576
a range +51600 +52200 2008 2016 0.0542
a range +50400 +52200 2009 2010 0.0502
a range +50400 +52200 2010 2009 0.0502
a range +51600 +52200 2011 2001 0.0483
a range +51600 +52200 2012 2017 0.0432
a range +51600 +52200 2013 2004 0.0515
a range +51600 +52200 2014 2018 0.0573
a range +51600 +52200 2015 9006 1104.7796
a range +51600 +52200 2016 2008 0.0542
a range +51600 +52200 2017 2012 0.0432
a range +51600 +52200 2018 2014 0.0573
a range +51600 +52200 2019 2005 0.0548
a range +51600 +52200 2020 2007 0.0576
a range +51600 +52200 2021 2002 0.0528
a range +51600 +52200 2022 9003 1104.7851
a range +51600 +52200 2023 2006 0.0485
a range +51600 +52200 2024 2003 0.0535
a range +15600 +52200 9001 9004 0.0
a range +51600 +52200 9003 2022 1104.7851
a range +15600 +52200 9004 9001 0.0
a range +51600 +52200 9006 2015 1104.7796
a range +52200 +52800 2001 2013 0.0506
a range +52200 +52800 2002 9003 1104.7709
a range +52200 +52800 2003 2007 0.0363
a range +52200 +52800 2004 2023 0.0556
a range +52200 +52800 2005 2024 0.0558
a range +52200 +52800 2006 2020 0.0542
a range +52200 +52800 2007 2003 0.0363
a range +52200 +52800 2008 2014 0.0132
a range +52200 +52800 2009 2021 0.0575
a range +52200 +52800 2010 9001 1105.0658
a range +52200 +52800 2011 2018 0.0559
a range +52200 +52800 2012 2016 0.0558
a range +52200 +52800 2013 2001 0.0506
a range +52200 +52800 2014 2008 0.0132
a range +52200 +52800 2015 9004 1105.0674
a range +52200 +52800 2016 2012 0.0558
a range +52200 +52800 2017 2019 0.0351
a range +52200 +52800 2018 2011 0.0559
a range +52200 +52800 2019 2017 0.0351
a range +52200 +52800 2020 2006 0.0542
a range +52200 +52800 2021 2009 0.0575
a range +52200 +52800 2022 9006 1104.7851
a range +52200 +52800 2023 2004 0.0556
a range +52200 +52800 2024 2005 0.0558
a range +52200 +52800 9001 2010 1105.0658
a range +52200 +52800 9003 2002 1104.7709
a range +52200 +52800 9004 2015 1105.0674
a range +52200 +52800 9006 2022 1104.7851
a range +52800 +53400 2001 2014 0.0498
a range +52800 +53400 2002 2019 0.0537
a range +52800 +53400 2003 9003 1104.7688
a range +52800 +53400 2004 2024 0.0537
a range +52800 +53400 2005 2022 0.0554
a range +52800 +53400 2006 2018 0.0536
a range +52800 +53400 2007 2023 0.0584
a range +52800 +53400 2008 2010 0.0501
a range +52800 +53400 2009 2017 0.0539
a range +52800 +53400 2010 2008 0.0501
a range +52800 +53400 2011 2016 0.0211
a range +52800 +53400 2012 9004 1105.049
a range +52800 +53400 2013 2020 0.0426
a range +52800 +53400 2014 2001 0.0498
a range +52800 +53400 2015 9001 1105.0674
a range +52800 +53400 2016 2011 0.0211
a range +52800 +53400 2017 2009 0.0539
a range +52800 +53400 2018 2006 0.0536
a range +52800 +53400 2019 2002 0.0537
a range +52800 +53400 2020 2013 0.0426
a range +52800 +53400 2021 9006 1104.7449
a range +52800 +53400 2022 2005 0.0554
a range +52800 +53400 2023 2007 0.0584
a range +52800 +53400 2024 2004 0.0537
a range +52800 +53400 9001 2015 1105.0674
a range +52800 +53400 9003 2003 1104.7688
a range +52800 +53400 9004 2012 1105.049
a range +52800 +53400 9006 2021 1104.7449
a range +53400 +54000 2001 2010 0.0467
a range +53400 +54000 2002 2024 0.0547
a range +53400 +54000 2003 2012 0.0473
a range +53400 +54000 2004 2022 0.0564
a range +53400 +54000 2005 2021 0.0546
a range +53400 +54000 2006 2014 0.0515
a range +53400 +54000 2007 2011 0.0397
a range +53400 +54000 2008 2023 0.0575
a range +53400 +54000 2009 2018 0.0549
a range +53400 +54000 2010 2001 0.0467
a range +53400 +54000 2011 2007 0.0397
a range +53400 +54000 2012 2003 0.0473
a range +53400 +54000 2013 9004 1105.0453
a range +53400 +54000 2014 2006 0.0515
a range +53400 +54000 2015 9003 1104.7796
a range +53400 +54000 2016 2020 0.0421
a range +53400 +54000 2017 9001 1104.0326
a range +53400 +54000 2018 2009 0.0549
a range +53400 +54000 2019 9006 1104.7926
a range +53400 +54000 2020 2016 0.0421
a range +53400 +54000 2021 2005 0.0546
a range +53400 +54000 2022 2004 0.0564
a range +53400 +54000 2023 2008 0.0575
a range +53400 +54000 2024 2002 0.0547
a range +53400 +54000 9001 2017 1104.0326
a range +53400 +54000 9003 2015 1104.7796
a range +53400 +54000 9004 2013 1105.0453
a range +53400 +54000 9006 2019 1104.7926
a range +54000 +54600 2001 2016 0.0515
a range +54000 +54600 2002 2015 0.05
a range +54000 +54600 2003 9004 1105.0661
a range +54000 +54600 2004 9006 1103.852
a range +54000 +54600 2005 2012 0.049
a range +54000 +54600 2006 2007 0.0404
a range +54000 +54600 2007 2006 0.0404
a range +54000 +54600 2008 2019 0.0577
a range +54000 +54600 2009 2023 0.0577
a range +54000 +54600 2010 2020 0.0588
a range +54000 +54600 2011 2022 0.0612
a range +54000 +54600 2012 2005 0.049
a range +54000 +54600 2013 2018 0.0323
a range +54000 +54600 2014 2021 0.0099
a range +54000 +54600 2015 2002 0.05
a range +54000 +54600 2016 2001 0.0515
a range +54000 +54600 2017 9003 1104.0213
a range +54000 +54600 2018 2013 0.0323
a range +54000 +54600 2019 2008 0.0577
a range +54000 +54600 2020 2010 0.0588
a range +54000 +54600 2021 2014 0.0099
a range +54000 +54600 2022 2011 0.0612
a range +54000 +54600 2023 2009 0.0577
a range +54000 +54600 2024 9001 1105.0633
a range +54000 +54600 9001 2024 1105.0633
a range +54000 +54600 9003 2017 1104.0213
a range +54000 +54600 9004 2003 1105.0661
a range +54000 +54600 9006 2004 1103.852
a range +54600 +55200 2001 2019 0.0517
a range +54600 +55200 2002 2009 0.0168
a range +54600 +55200 2003 2015 0.0496
a range +54600 +55200 2004 2020 0.0545
a range +54600 +55200 2005 2016 0.0529
a range +54600 +55200 2006 2011 0.006
a range +54600 +55200 2007 2008 0.0461
a range +54600 +55200 2008 2007 0.0461
a range +54600 +55200 2009 2002 0.0168
a range +54600 +55200 2010 2023 0.059
a range +54600 +55200 2011 2006 0.006
a range +54600 +55200 2012 9003 1104.7752
a range +54600 +55200 2013 2022 0.0618
a range +54600 +55200 2014 2024 0.061
a range +54600 +55200 2015 2003 0.0496
a range +54600 +55200 2016 2005 0.0529
a range +54600 +55200 2017 9004 1104.0326
a range +54600 +55200 2018 9006 1104.7567
a range +54600 +55200 2019 2001 0.0517
a range +54600 +55200 2020 2004 0.0545
a range +54600 +55200 2021 9001 1105.0625
a range +54600 +55200 2022 2013 0.0618
a range +54600 +55200 2023 2010 0.059
a range +54600 +55200 2024 2014 0.061
a range +54600 +55200 9001 2021 1105.0625
a range +54600 +55200 9003 2012 1104.7752
a range +54600 +55200 9004 2017 1104.0326
a range +54600 +55200 9006 2018 1104.7567
a range +55200 +55800 2001 2018 0.0504
a range +55200 +55800 2002 2017 0.0505
a range +55200 +55800 2003 2005 0.029
a range +55200 +55800 2004 2015 0.05
a range +55200 +55800 2005 2003 0.029
a range +55200 +55800 2006 2016 0.0546
a range +55200 +55800 2007 2009 0.0466
a range +55200 +55800 2008 2011 0.0135
a range +55200 +55800 2009 2007 0.0466
a range +55200 +55800 2010 9004 1105.0658
a range +55200 +55800 2011 2008 0.0135
a range +55200 +55800 2012 2024 0.0595
a range +55200 +55800 2013 2023 0.0612
a range +55200 +55800 2014 9006 1104.7621
a range +55200 +55800 2015 2004 0.05
a range +55200 +55800 2016 2006 0.0546
a range +55200 +55800 2017 2002 0.0505
a range +55200 +55800 2018 2001 0.0504
a range +55200 +55800 2019 2022 0.0206
a range +55200 +55800 2020 9001 1105.0297
a range +55200 +55800 2021 9003 1104.7449
a range +55200 +55800 2022 2019 0.0206
a range +55200 +55800 2023 2013 0.0612
a range +55200 +55800 2024 2012 0.0595
a range +55200 +55800 9001 2020 1105.0297
a range +55200 +55800 9003 2021 1104.7449
a range +55200 +55800 9004 2010 1105.0658
a range +55200 +55800 9006 2014 1104.7621
a range +55800 +56400 2001 2015 0.0507
a range +55800 +56400 2002 2018 0.0506
a range +55800 +56400 2003 2017 0.051
a range +55800 +56400 2004 2019 0.055
a range +55800 +56400 2005 2013 0.0521
a range +55800 +56400 2006 2008 0.008
a range +55800 +56400 2007 2010 0.0228
a range +55800 +56400 2008 2006 0.008
a range +55800 +56400 2009 9003 1104.7706
a range +55800 +56400 2010 2007 0.0228
a range +55800 +56400 2011 9006 1104.7829
a range +55800 +56400 2012 9001 1105.049
a range +55800 +56400 2013 2005 0.0521
a range +55800 +56400 2014 2023 0.061
a range +55800 +56400 2015 2001 0.0507
a range +55800 +56400 2016 2022 0.0632
a range +55800 +56400 2017 2003 0.051
a range +55800 +56400 2018 2002 0.0506
a range +55800 +56400 2019 2004 0.055
a range +55800 +56400 2020 2024 0.0648
a range +55800 +56400 2021 9004 1105.0625
a range +55800 +56400 2022 2016 0.0632
a range +55800 +56400 2023 2014 0.061
a range +55800 +56400 2024 2020 0.0648
a range +55800 +56400 9001 2012 1105.049
a range +55800 +56400 9003 2009 1104.7706
a range +55800 +56400 9004 2021 1105.0625
a range +55800 +56400 9006 2011 1104.7829
a range +56400 +57000 2001 2017 0.051
a range +56400 +57000 2002 2012 0.0465
a range +56400 +57000 2003 2021 0.0521
a range +56400 +57000 2004 2005 0.0433
a range +56400 +57000 2005 2004 0.0433
a range +56400 +57000 2006 2013 0.0507
a range +56400 +57000 2007 2016 0.0558
a range +56400 +57000 2008 9006 1104.7978
a range +56400 +57000 2009 9001 1105.0421
a range +56400 +57000 2010 2011 0.0483
a range +56400 +57000 2011 2010 0.0483
a range +56400 +57000 2012 2002 0.0465
a range +56400 +57000 2013 2006 0.0507
a range +56400 +57000 2014 9003 1104.7621
a range +56400 +57000 2015 2023 0.0608
a range +56400 +57000 2016 2007 0.0558
a range +56400 +57000 2017 2001 0.051
a range +56400 +57000 2018 2022 0.025
a range +56400 +57000 2019 2020 0.0574
a range +56400 +57000 2020 2019 0.0574
a range +56400 +57000 2021 2003 0.0521
a range +56400 +57000 2022 2018 0.025
a range +56400 +57000 2023 2015 0.0608
a range +56400 +57000 2024 9004 1105.0633
a range +56400 +57000 9001 2009 1105.0421
a range +56400 +57000 9003 2014 1104.7621
a range +56400 +57000 9004 2024 1105.0633
a range +56400 +57000 9006 2008 1104.7978
a range +57000 +57600 2001 9003 1104.7848
a range +57000 +57600 2002 2016 0.0511
a range +57000 +57600 2003 2022 0.0542
a range +57000 +57600 2004 2021 0.0539
a range +57000 +57600 2005 2018 0.0546
a range +57000 +57600 2006 2024 0.0568
a range +57000 +57600 2007 9006 1104.7571
a range +57000 +57600 2008 2012 0.0408
a range +57000 +57600 2009 2020 0.0572
a range +57000 +57600 2010 2019 0.0577
a range +57000 +57600 2011 9001 1105.0584
a range +57000 +57600 2012 2008 0.0408
a range +57000 +57600 2013 2015 0.0524
a range +57000 +57600 2014 9004 1105.06
a range +57000 +57600 2015 2013 0.0524
a range +57000 +57600 2016 2002 0.0511
a range +57000 +57600 2017 2023 0.0631
a range +57000 +57600 2018 2005 0.0546
a range +57000 +57600 2019 2010 0.0577
a range +57000 +57600 2020 2009 0.0572
a range +57000 +57600 2021 2004 0.0539
a range +57000 +57600 2022 2003 0.0542
a range +57000 +57600 2023 2017 0.0631
a range +57000 +57600 2024 2006 0.0568
a range +57000 +57600 9001 2011 1105.0584
a range +57000 +57600 9003 2001 1104.7848
a range +57000 +57600 9004 2014 1105.06
a range +57000 +57600 9006 2007 1104.7571
a range +57600 +58200 2001 2020 0.0538
a range +57600 +58200 2002 2010 0.0486
a range +57600 +58200 2003 2019 0.0524
a range +57600 +58200 2004 2012 0.0336
a range +57600 +58200 2005 2009 0.0379
a range +57600 +58200 2006 9006 1104.0847
a range +57600 +58200 2007 9003 1104.7571
a range +57600 +58200 2008 2017 0.0562
a range +57600 +58200 2009 2005 0.0379
a range +57600 +58200 2010 2002 0.0486
a range +57600 +58200 2011 2021 0.0576
a range +57600 +58200 2012 2004 0.0336
a range +57600 +58200 2013 2024 0.0619
a range +57600 +58200 2014 9001 1105.06
a range +57600 +58200 2015 2022 0.0611
a range +57600 +58200 2016 9004 1104.3927
a range +57600 +58200 2017 2008 0.0562
a range +57600 +58200 2018 2023 0.0424
a range +57600 +58200 2019 2003 0.0524
a range +57600 +58200 2020 2001 0.0538
a range +57600 +58200 2021 2011 0.0576
a range +57600 +58200 2022 2015 0.0611
a range +57600 +58200 2023 2018 0.0424
a range +57600 +58200 2024 2013 0.0619
a range +57600 +58200 9001 2014 1105.06
a range +57600 +58200 9003 2007 1104.7571
a range +57600 +58200 9004 2016 1104.3927
a range +57600 +58200 9006 2006 1104.0847
a range +58200 +58800 2001 9006 1104.7848
a range +58200 +58800 2002 2003 0.0403
a range +58200 +58800 2003 2002 0.0403
a range +58200 +58800 2004 2008 0.0416
a range +58200 +58800 2005 2014 0.0516
a range +58200 +58800 2006 2015 0.0522
a range +58200 +58800 2007 2013 0.0394
a range +58200 +58800 2008 2004 0.0416
a range +58200 +58800 2009 9004 1105.0421
a range +58200 +58800 2010 2017 0.0557
a range +58200 +58800 2011 2023 0.0607
a range +58200 +58800 2012 2022 0.0609
a range +58200 +58800 2013 2007 0.0394
a range +58200 +58800 2014 2005 0.0516
a range +58200 +58800 2015 2006 0.0522
a range +58200 +58800 2016 9001 1104.3927
a range +58200 +58800 2017 2010 0.0557
a range +58200 +58800 2018 2020 0.0303
a range +58200 +58800 2019 9003 1104.7926
a range +58200 +58800 2020 2018 0.0303
a range +58200 +58800 2021 2024 0.01
a range +58200 +58800 2022 2012 0.0609
a range +58200 +58800 2023 2011 0.0607
a range +58200 +58800 2024 2021 0.01
a range +58200 +58800 9001 2016 1104.3927
a range +58200 +58800 9003 2019 1104.7926
a range +58200 +58800 9004 2009 1105.0421
a range +58200 +58800 9006 2001 1104.7848
a range +58800 +59400 2001 2021 0.0347
a range +58800 +59400 2002 2014 0.0507
a range +58800 +59400 2003 9001 1105.0661
a range +58800 +59400 2004 9004 1104.5908
a range +58800 +59400 2005 2010 0.0323
a range +58800 +59400 2006 9006 1104.0847
a range +58800 +59400 2007 2011 0.0397
a range +58800 +59400 2008 2018 0.0545
a range +58800 +59400 2009 2015 0.0272
a range +58800 +59400 2010 2005 0.0323
a range +58800 +59400 2011 2007 0.0397
a range +58800 +59400 2012 2020 0.0588
a range +58800 +59400 2013 2019 0.041
a range +58800 +59400 2014 2002 0.0507
a range +58800 +59400 2015 2009 0.0272
a range +58800 +59400 2016 9003 1104.3991
a range +58800 +59400 2017 2022 0.0511
a range +58800 +59400 2018 2008 0.0545
a range +58800 +59400 2019 2013 0.041
a range +58800 +59400 2020 2012 0.0588
a range +58800 +59400 2021 2001 0.0347
a range +58800 +59400 2022 2017 0.0511
a range +58800 +59400 2023 2024 0.0616
a range +58800 +59400 2024 2023 0.0616
a range +58800 +59400 9001 2003 1105.0661
a range +58800 +59400 9003 2016 1104.3991
a range +58800 +59400 9004 2004 1104.5908
a range +58800 +59400 9006 2006 1104.0847
a range +59400 +60000 2001 2022 0.0542
a range +59400 +60000 2002 2011 0.0478
a range +59400 +60000 2003 2020 0.0528
a range +59400 +60000 2004 9001 1104.5908
a range +59400 +60000 2005 2007 0.0204
a range +59400 +60000 2006 2017 0.0522
a range +59400 +60000 2007 2005 0.0204
a range +59400 +60000 2008 2013 0.0429
a range +59400 +60000 2009 2016 0.0551
a range +59400 +60000 2010 9006 1104.7665
a range +59400 +60000 2011 2002 0.0478
a range +59400 +60000 2012 2014 0.043
a range +59400 +60000 2013 2008 0.0429
a range +59400 +60000 2014 2012 0.043
a range +59400 +60000 2015 2021 0.0578
a range +59400 +60000 2016 2009 0.0551
a range +59400 +60000 2017 2006 0.0522
a range +59400 +60000 2018 2019 0.0349
a range +59400 +60000 2019 2018 0.0349
a range +59400 +60000 2020 2003 0.0528
a range +59400 +60000 2021 2015 0.0578
a range +59400 +60000 2022 2001 0.0542
a range +59400 +60000 2023 9004 1105.0457
a range +59400 +60000 2024 9003 1104.7648
a range +59400 +60000 9001 2004 1104.5908
a range +59400 +60000 9003 2024 1104.7648
a range +59400 +60000 9004 2023 1105.0457
a range +59400 +60000 9006 2010 1104.7665
a range +60000 +60600 2001 2023 0.0543
a range +60000 +60600 2002 2008 0.0457
a range +60000 +60600 2003 2018 0.0509
a range +60000 +60600 2004 2017 0.053
a range +60000 +60600 2005 9004 1104.3401
a range +60000 +60600 2006 2012 0.0492
a range +60000 +60600 2007 9006 1104.7571
a range +60000 +60600 2008 2002 0.0457
a range +60000 +60600 2009 2010 0.0374
a range +60000 +60600 2010 2009 0.0374
a range +60000 +60600 2011 9003 1104.7829
a range +60000 +60600 2012 2006 0.0492
a range +60000 +60600 2013 2014 0.0514
a range +60000 +60600 2014 2013 0.0514
a range +60000 +60600 2015 2020 0.0592
a range +60000 +60600 2016 2021 0.0271
a range +60000 +60600 2017 2004 0.053
a range +60000 +60600 2018 2003 0.0509
a range +60000 +60600 2019 2024 0.056
a range +60000 +60600 2020 2015 0.0592
a range +60000 +60600 2021 2016 0.0271
a range +60000 +60600 2022 9001 1105.0644
a range +60000 +60600 2023 2001 0.0543
a range +60000 +60600 2024 2019 0.056
a range +60000 +60600 9001 2022 1105.0644
a range +60000 +60600 9003 2011 1104.7829
a range +60000 +60600 9004 2005 1104.3401
a range +60000 +60600 9006 2007 1104.7571
a range +60600 +61200 2001 9004 1105.0487
a range +60600 +61200 2002 2004 0.0238
a range +60600 +61200 2003 2006 0.0241
a range +60600 +61200 2004 2002 0.0238
a range +60600 +61200 2005 9006 1104.3443
a range +60600 +61200 2006 2003 0.0241
a range +60600 +61200 2007 2012 0.05
a range +60600 +61200 2008 2009 0.0456
a range +60600 +61200 2009 2008 0.0456
a range +60600 +61200 2010 9003 1104.7665
a range +60600 +61200 2011 2019 0.0591
a range +60600 +61200 2012 2007 0.05
a range +60600 +61200 2013 9001 1105.0453
a range +60600 +61200 2014 2022 0.0612
a range +60600 +61200 2015 2024 0.0611
a range +60600 +61200 2016 2018 0.0546
a range +60600 +61200 2017 2021 0.0382
a range +60600 +61200 2018 2016 0.0546
a range +60600 +61200 2019 2011 0.0591
a range +60600 +61200 2020 2023 0.0255
a range +60600 +61200 2021 2017 0.0382
a range +60600 +61200 2022 2014 0.0612
a range +60600 +61200 2023 2020 0.0255
a range +60600 +61200 2024 2015 0.0611
a range +60600 +61200 9001 2013 1105.0453
a range +60600 +61200 9003 2010 1104.7665
a range +60600 +61200 9004 2001 1105.0487
a range +60600 +61200 9006 2005 1104.3443
a range +61200 +61800 2001 9006 1104.7848
a range +61200 +61800 2002 2006 0.0428
a range +61200 +61800 2003 9003 1104.7688
a range +61200 +61800 2004 2009 0.0161
a range +61200 +61800 2005 9001 1104.3401
a range +61200 +61800 2006 2002 0.0428
a range +61200 +61800 2007 9004 1105.0814
a range +61200 +61800 2008 2015 0.0534
a range +61200 +61800 2009 2004 0.0161
a range +61200 +61800 2010 2013 0.0244
a range +61200 +61800 2011 2017 0.0564
a range +61200 +61800 2012 2023 0.0598
a range +61200 +61800 2013 2010 0.0244
a range +61200 +61800 2014 2016 0.027
a range +61200 +61800 2015 2008 0.0534
a range +61200 +61800 2016 2014 0.027
a range +61200 +61800 2017 2011 0.0564
a range +61200 +61800 2018 2024 0.0634
a range +61200 +61800 2019 2021 0.0575
a range +61200 +61800 2020 2022 0.0512
a range +61200 +61800 2021 2019 0.0575
a range +61200 +61800 2022 2020 0.0512
a range +61200 +61800 2023 2012 0.0598
a range +61200 +61800 2024 2018 0.0634
a range +61200 +61800 9001 2005 1104.3401
a range +61200 +61800 9003 2003 1104.7688
a range +61200 +61800 9004 2007 1105.0814
a range +61200 +61800 9006 2001 1104.7848
a range +61800 +62400 2001 2006 0.0249
a range +61800 +62400 2002 2005 0.0248
a range +61800 +62400 2003 2010 0.047
a range +61800 +62400 2004 2018 0.0534
a range +61800 +62400 2005 2002 0.0248
a range +61800 +62400 2006 2001 0.0249
a range +61800 +62400 2007 2015 0.0369
a range +61800 +62400 2008 9004 1105.0486
a range +61800 +62400 2009 2013 0.0523
a range +61800 +62400 2010 2003 0.047
a range +61800 +62400 2011 2012 0.0493
a range +61800 +62400 2012 2011 0.0493
a range +61800 +62400 2013 2009 0.0523
a range +61800 +62400 2014 9003 1104.7621
a range +61800 +62400 2015 2007 0.0369
a range +61800 +62400 2016 2024 0.0276
a range +61800 +62400 2017 9006 1104.7639
a range +61800 +62400 2018 2004 0.0534
a range +61800 +62400 2019 9001 1105.081
a range +61800 +62400 2020 2021 0.0581
a range +61800 +62400 2021 2020 0.0581
a range +61800 +62400 2022 2023 0.0605
a range +61800 +62400 2023 2022 0.0605
a range +61800 +62400 2024 2016 0.0276
a range +61800 +62400 9001 2019 1105.081
a range +61800 +62400 9003 2014 1104.7621
a range +61800 +62400 9004 2008 1105.0486
a range +61800 +62400 9006 2017 1104.7639
a range +62400 +63000 2001 2002 0.04
a range +62400 +63000 2002 2001 0.04
a range +62400 +63000 2003 2012 0.0469
a range +62400 +63000 2004 2010 0.0489
a range +62400 +63000 2005 2017 0.0536
a range +62400 +63000 2006 2008 0.008
a range +62400 +63000 2007 2014 0.0532
a range +62400 +63000 2008 2006 0.008
a range +62400 +63000 2009 2011 0.0505
a range +62400 +63000 2010 2004 0.0489
a range +62400 +63000 2011 2009 0.0505
a range +62400 +63000 2012 2003 0.0469
a range +62400 +63000 2013 2016 0.0372
a range +62400 +63000 2014 2007 0.0532
a range +62400 +63000 2015 9003 1104.7796
a range +62400 +63000 2016 2013 0.0372
a range +62400 +63000 2017 2005 0.0536
a range +62400 +63000 2018 9001 1104.7362
a range +62400 +63000 2019 9004 1105.081
a range +62400 +63000 2020 2024 0.0648
a range +62400 +63000 2021 2023 0.0551
a range +62400 +63000 2022 9006 1104.7851
a range +62400 +63000 2023 2021 0.0551
a range +62400 +63000 2024 2020 0.0648
a range +62400 +63000 9001 2018 1104.7362
a range +62400 +63000 9003 2015 1104.7796
a range +62400 +63000 9004 2019 1105.081
a range +62400 +63000 9006 2022 1104.7851
a range +63000 +63600 2001 2004 0.0282
a range +63000 +63600 2002 2007 0.0459
a range +63000 +63600 2003 2014 0.0483
a range +63000 +63600 2004 2001 0.0282
a range +63000 +63600 2005 9003 1104.3443
a range +63000 +63600 2006 9004 1104.8458
a range +63000 +63600 2007 2002 0.0459
a range +63000 +63600 2008 2018 0.0558
a range +63000 +63600 2009 2012 0.0211
a range +63000 +63600 2010 2016 0.0555
a range +63000 +63600 2012 2009 0.0211
a range +63000 +63600 2014 2003 0.0483
a range +63000 +63600 2015 9006 1104.7796
a range +63000 +63600 2016 2010 0.0555
a range +63000 +63600 2017 2024 0.0417
a range +63000 +63600 2018 2008 0.0558
a range +63000 +63600 2019 2020 0.0574
a range +63000 +63600 2020 2019 0.0574
a range +63000 +63600 2021 2022 0.0646
a range +63000 +63600 2022 2021 0.0646
a range +63000 +63600 2023 9001 1105.0457
a range +63000 +63600 2024 2017 0.0417
a range +63000 +63600 9001 2023 1105.0457
a range +63000 +63600 9003 2005 1104.3443
a range +63000 +63600 9004 2006 1104.8458
a range +63000 +63600 9006 2015 1104.7796
a range +63600 +64200 2001 2003 0.0406
a range +63600 +64200 2002 2015 0.0483
a range +63600 +64200 2003 2001 0.0406
a range +63600 +64200 2004 2005 0.0433
a range +63600 +64200 2005 2004 0.0433
a range +63600 +64200 2006 2017 0.0522
a range +63600 +64200 2007 9001 1105.0814
a range +63600 +64200 2008 2016 0.0537
a range +63600 +64200 2009 2014 0.0518
a range +63600 +64200 2010 2012 0.0494
a range +63000 +64200 2011 2013 0.0417
a range +63600 +64200 2012 2010 0.0494
a range +63000 +64200 2013 2011 0.0417
a range +63600 +64200 2014 2009 0.0518
a range +63600 +64200 2015 2002 0.0483
a range +63600 +64200 2016 2008 0.0537
a range +63600 +64200 2017 2006 0.0522
a range +63600 +64200 2018 2021 0.0611
a range +63600 +64200 2019 9006 1104.7926
a range +63600 +64200 2020 9004 1105.0297
a range +63600 +64200 2021 2018 0.0611
a range +63600 +64200 2022 2024 0.0595
a range +63600 +64200 2023 9003 1104.7751
a range +63600 +64200 2024 2022 0.0595
a range +63600 +64200 9001 2007 1105.0814
a range +63600 +64200 9003 2023 1104.7751
a range +63600 +64200 9004 2020 1105.0297
a range +63600 +64200 9006 2019 1104.7926
a range +64200 +64800 2001 2007 0.0451
a range +64200 +64800 2002 2017 0.0507
a range +64200 +64800 2003 2004 0.043
a range +64200 +64800 2004 2003 0.043
a range +64200 +64800 2005 2015 0.0501
a range +64200 +64800 2006 9001 1104.8458
a range +64200 +64800 2007 2001 0.0451
a range +64200 +64800 2008 2009 0.0456
a range +64200 +64800 2009 2008 0.0456
a range +64200 +64800 2010 2023 0.0595
a range +64200 +64800 2011 2022 0.0615
a range +64200 +64800 2012 2021 0.0574
a range +64200 +64800 2013 2020 0.0426
a range +64200 +64800 2014 2016 0.027
a range +64200 +64800 2015 2005 0.0501
a range +64200 +64800 2016 2014 0.027
a range +64200 +64800 2017 2002 0.0507
a range +64200 +64800 2018 9004 1104.7362
a range +64200 +64800 2019 9003 1104.7926
a range +64200 +64800 2020 2013 0.0426
a range +64200 +64800 2021 2012 0.0574
a range +64200 +64800 2022 2011 0.0615
a range +64200 +64800 2023 2010 0.0595
a range +64200 +64800 2024 9006 1104.7648
a range +64200 +64800 9001 2006 1104.8458
a range +64200 +64800 9003 2019 1104.7926
a range +64200 +64800 9004 2018 1104.7362
a range +64200 +64800 9006 2024 1104.7648
a range +64800 +65400 2001 9001 1105.0487
a range +64800 +65400 2002 2003 0.0403
a range +64800 +65400 2003 2002 0.0403
a range +64800 +65400 2004 2024 0.0537
a range +64800 +65400 2005 2019 0.0537
a range +64800 +65400 2006 2023 0.0485
a range +64800 +65400 2007 2015 0.0369
a range +64800 +65400 2008 2021 0.0578
a range +64800 +65400 2009 2010 0.0374
a range +64800 +65400 2010 2009 0.0374
a range +64800 +65400 2011 2020 0.0573
a range +64800 +65400 2012 2014 0.043
a range +64800 +65400 2013 2018 0.0323
a range +64800 +65400 2014 2012 0.043
a range +64800 +65400 2015 2007 0.0369
a range +64800 +65400 2016 9006 1104.3991
a range +64800 +65400 2017 9003 1104.7639
a range +64800 +65400 2018 2013 0.0323
a range +64800 +65400 2019 2005 0.0537
a range +64800 +65400 2020 2011 0.0573
a range +64800 +65400 2021 2008 0.0578
a range +64800 +65400 2022 9004 1105.0644
a range +64800 +65400 2023 2006 0.0485
a range +64800 +65400 2024 2004 0.0537
a range +64800 +65400 9001 2001 1105.0487
a range +64800 +65400 9003 2017 1104.7639
a range +64800 +65400 9004 2022 1105.0644
a range +64800 +65400 9006 2016 1104.3991
a range +65400 +66000 2001 2010 0.0488
a range +65400 +66000 2002 2005 0.0248
a range +65400 +66000 2003 2008 0.046
a range +65400 +66000 2004 2015 0.0518
a range +65400 +66000 2005 2002 0.0248
a range +65400 +66000 2006 2022 0.0565
a range +65400 +66000 2007 2021 0.0577
a range +65400 +66000 2008 2003 0.046
a range +65400 +66000 2009 9006 1104.7706
a range +65400 +66000 2010 2001 0.0488
a range +65400 +66000 2011 2018 0.0559
a range +65400 +66000 2012 9003 1104.7752
a range +65400 +66000 2013 2016 0.0372
a range +65400 +66000 2014 2020 0.052
a range +65400 +66000 2015 2004 0.0518
a range +65400 +66000 2016 2013 0.0372
a range +65400 +66000 2017 9004 1105.0868
a range +65400 +66000 2018 2011 0.0559
a range +65400 +66000 2019 2023 0.0645
a range +65400 +66000 2020 2014 0.052
a range +65400 +66000 2021 2007 0.0577
a range +65400 +66000 2022 2006 0.0565
a range +65400 +66000 2023 2019 0.0645
a range +65400 +66000 2024 9001 1105.0633
a range +65400 +66000 9001 2024 1105.0633
a range +65400 +66000 9003 2012 1104.7752
a range +65400 +66000 9004 2017 1105.0868
a range +65400 +66000 9006 2009 1104.7706
a range +66000 +66600 2001 2008 0.0285
a range +66000 +66600 2002 2023 0.0538
a range +66000 +66600 2003 2015 0.0511
a range +66000 +66600 2004 2022 0.0555
a range +66000 +66600 2005 2006 0.0439
a range +66000 +66600 2006 2005 0.0439
a range +66000 +66600 2007 2020 0.0576
a range +66000 +66600 2008 2001 0.0285
a range +66000 +66600 2009 9003 1104.7706
a range +66000 +66600 2010 2021 0.0587
a range +66000 +66600 2011 2019 0.0574
a range +66000 +66600 2012 9006 1104.7752
a range +66000 +66600 2013 2024 0.0619
a range +66000 +66600 2014 2018 0.0574
a range +66000 +66600 2015 2003 0.0511
a range +66000 +66600 2016 9004 1104.3927
a range +66000 +66600 2017 9001 1105.0868
a range +66000 +66600 2018 2014 0.0574
a range +66000 +66600 2019 2011 0.0574
a range +66000 +66600 2020 2007 0.0576
a range +66000 +66600 2021 2010 0.0587
a range +66000 +66600 2022 2004 0.0555
a range +66000 +66600 2023 2002 0.0538
a range +66000 +66600 2024 2013 0.0619
a range +66000 +66600 9001 2017 1105.0868
a range +66000 +66600 9003 2009 1104.7706
a range +66000 +66600 9004 2016 1104.3927
a range +66000 +66600 9006 2012 1104.7752
a range +66600 +67200 2001 2011 0.0471
a range +66600 +67200 2002 9003 1104.7709
a range +66600 +67200 2003 2017 0.0521
a range +66600 +67200 2004 2009 0.0161
a range +66600 +67200 2005 2007 0.0204
a range +66600 +67200 2006 2020 0.0537
a range +66600 +67200 2007 2005 0.0204
a range +66600 +67200 2008 2022 0.0576
a range +66600 +67200 2009 2004 0.0161
a range +66600 +67200 2010 2019 0.0577
a range +66600 +67200 2011 2001 0.0471
a range +66600 +67200 2012 9001 1105.049
a range +66600 +67200 2013 2021 0.0595
a range +66600 +67200 2014 2023 0.061
a range +66600 +67200 2015 2016 0.0575
a range +66600 +67200 2016 2015 0.0575
a range +66600 +67200 2017 2003 0.0521
a range +66600 +67200 2018 9006 1104.7567
a range +66600 +67200 2019 2010 0.0577
a range +66600 +67200 2020 2006 0.0537
a range +66600 +67200 2021 2013 0.0595
a range +66600 +67200 2022 2008 0.0576
a range +66600 +67200 2023 2014 0.061
a range +66600 +67200 2024 9004 1105.0633
a range +66600 +67200 9001 2012 1105.049
a range +66600 +67200 9003 2002 1104.7709
a range +66600 +67200 9004 2024 1105.0633
a range +66600 +67200 9006 2018 1104.7567
a range +67200 +67800 2001 2024 0.0306
a range +67200 +67800 2002 2004 0.0238
a range +67200 +67800 2003 2005 0.029
a range +67200 +67800 2004 2002 0.0238
a range +67200 +67800 2005 2003 0.029
a range +67200 +67800 2006 2018 0.0528
a range +67200 +67800 2007 2023 0.0575
a range +67200 +67800 2008 2020 0.0576
a range +67200 +67800 2009 9001 1105.0421
a range +67200 +67800 2010 2017 0.0557
a range +67200 +67800 2011 2014 0.0143
a range +67200 +67800 2012 9004 1105.049
a range +67200 +67800 2013 9006 1104.7824
a range +67200 +67800 2014 2011 0.0143
a range +67200 +67800 2015 2021 0.0578
a range +67200 +67800 2016 2019 0.0612
a range +67200 +67800 2017 2010 0.0557
a range +67200 +67800 2018 2006 0.0528
a range +67200 +67800 2019 2016 0.0612
a range +67200 +67800 2020 2008 0.0576
a range +67200 +67800 2021 2015 0.0578
a range +67200 +67800 2022 9003 1104.7851
a range +67200 +67800 2023 2007 0.0575
a range +67200 +67800 2024 2001 0.0306
a range +67200 +67800 9001 2009 1105.0421
a range +67200 +67800 9003 2022 1104.7851
a range +67200 +67800 9004 2012 1105.049
a range +67200 +67800 9006 2013 1104.7824
a range +67800 +68400 2001 2012 0.0469
a range +67800 +68400 2002 9006 1104.7709
a range +67800 +68400 2003 2024 0.0535
a range +67800 +68400 2004 2023 0.0556
a range +67800 +68400 2005 2010 0.0323
a range +67800 +68400 2006 2019 0.0543
a range +67800 +68400 2007 2022 0.0572
a range +67800 +68400 2008 2017 0.0542
a range +67800 +68400 2009 2011 0.0505
a range +67800 +68400 2010 2005 0.0323
a range +67800 +68400 2011 2009 0.0505
a range +67800 +68400 2012 2001 0.0469
a range +67800 +68400 2013 9004 1105.0453
a range +67800 +68400 2014 9001 1105.06
a range +67800 +68400 2015 2020 0.0597
a range +67800 +68400 2016 2018 0.0546
a range +67800 +68400 2017 2008 0.0542
a range +67800 +68400 2018 2016 0.0546
a range +67800 +68400 2019 2006 0.0543
a range +67800 +68400 2020 2015 0.0597
a range +67800 +68400 2021 9003 1104.7449
a range +67800 +68400 2022 2007 0.0572
a range +67800 +68400 2023 2004 0.0556
a range +67800 +68400 2024 2003 0.0535
a range +67800 +68400 9001 2014 1105.06
a range +67800 +68400 9003 2021 1104.7449
a range +67800 +68400 9004 2013 1105.0453
a range +67800 +68400 9006 2002 1104.7709
a range +68400 +69000 2001 2009 0.0453
a range +68400 +69000 2002 9001 1105.0579
a range +68400 +69000 2003 9006 1104.7688
a range +68400 +69000 2004 2021 0.0547
a range +68400 +69000 2005 2011 0.0501
a range +68400 +69000 2006 2013 0.0505
a range +68400 +69000 2007 2019 0.0577
a range +68400 +69000 2008 2024 0.0214
a range +68400 +69000 2009 2001 0.0453
a range +68400 +69000 2010 2022 0.0606
a range +68400 +69000 2011 2005 0.0501
a range +68400 +69000 2012 2023 0.0602
a range +68400 +69000 2013 2006 0.0505
a range +68400 +69000 2014 9004 1105.06
a range +68400 +69000 2015 2018 0.0312
a range +68400 +69000 2016 2017 0.055
a range +68400 +69000 2017 2016 0.055
a range +68400 +69000 2018 2015 0.0312
a range +68400 +69000 2019 2007 0.0577
a range +68400 +69000 2020 9003 1104.7875
a range +68400 +69000 2021 2004 0.0547
a range +68400 +69000 2022 2010 0.0606
a range +68400 +69000 2023 2012 0.0602
a range +68400 +69000 2024 2008 0.0214
a range +68400 +69000 9001 2002 1105.0579
a range +68400 +69000 9003 2020 1104.7875
a range +68400 +69000 9004 2014 1105.06
a range +68400 +69000 9006 2003 1104.7688
a range +69000 +69600 2001 2013 0.0489
a range +69000 +69600 2002 2016 0.0504
a range +69000 +69600 2003 2022 0.0542
a range +69000 +69600 2004 9003 1104.6064
a range +69000 +69600 2005 2009 0.0379
a range +69000 +69600 2006 2024 0.0144
a range +69000 +69600 2007 2018 0.0538
a range +69000 +69600 2008 2019 0.0576
a range +69000 +69600 2009 2005 0.0379
a range +69000 +69600 2010 2020 0.058
a range +69000 +69600 2011 9001 1105.0584
a range +69000 +69600 2012 2015 0.0232
a range +69000 +69600 2013 2001 0.0489
a range +69000 +69600 2014 9006 1104.7621
a range +69000 +69600 2015 2012 0.0232
a range +69000 +69600 2016 2002 0.0504
a range +69000 +69600 2017 2021 0.0382
a range +69000 +69600 2018 2007 0.0538
a range +69000 +69600 2019 2008 0.0576
a range +69000 +69600 2020 2010 0.058
a range +69000 +69600 2021 2017 0.0382
a range +69000 +69600 2022 2003 0.0542
a range +69000 +69600 2023 9004 1105.0457
a range +69000 +69600 2024 2006 0.0144
a range +69000 +69600 9001 2011 1105.0584
a range +69000 +69600 9003 2004 1104.6064
a range +69000 +69600 9004 2023 1105.0457
a range +69000 +69600 9006 2014 1104.7621
a range +69600 +70200 2001 2015 0.0491
a range +69600 +70200 2002 2014 0.0489
a range +69600 +70200 2003 2023 0.0347
a range +69600 +70200 2004 2019 0.055
a range +69600 +70200 2005 9004 1105.0788
a range +69600 +70200 2006 2021 0.054
a range +69600 +70200 2007 2009 0.0466
a range +69600 +70200 2008 2010 0.0501
a range +69600 +70200 2009 2007 0.0466
a range +69600 +70200 2010 2008 0.0501
a range +69600 +70200 2011 9006 1104.7829
a range +69600 +70200 2012 2020 0.059
a range +69600 +70200 2013 2022 0.0618
a range +69600 +70200 2014 2002 0.0489
a range +69600 +70200 2015 2001 0.0491
a range +69600 +70200 2016 9001 1105.0376
a range +69600 +70200 2017 2024 0.0417
a range +69600 +70200 2018 9003 1104.7567
a range +69600 +70200 2019 2004 0.055
a range +69600 +70200 2020 2012 0.059
a range +69600 +70200 2021 2006 0.054
a range +69600 +70200 2022 2013 0.0618
a range +69600 +70200 2023 2003 0.0347
a range +69600 +70200 2024 2017 0.0417
a range +69600 +70200 9001 2016 1105.0376
a range +69600 +70200 9003 2018 1104.7567
a range +69600 +70200 9004 2005 1105.0788
a range +69600 +70200 9006 2011 1104.7829
a range +70200 +70800 2001 2014 0.0498
a range +70200 +70800 2002 2024 0.0547
a range +70200 +70800 2003 2020 0.046
a range +70200 +70800 2004 9006 1104.6064
a range +70200 +70800 2005 9001 1105.0788
a range +70200 +70800 2006 2012 0.0496
a range +70200 +70800 2007 2008 0.0461
a range +70200 +70800 2008 2007 0.0461
a range +70200 +70800 2009 2023 0.059
a range +70200 +70800 2010 2018 0.0263
a range +70200 +70800 2011 9004 1105.0584
a range +70200 +70800 2012 2006 0.0496
a range +70200 +70800 2013 9003 1104.7824
a range +70200 +70800 2014 2001 0.0498
a range +70200 +70800 2015 2022 0.042
a range +70200 +70800 2016 2021 0.0271
a range +70200 +70800 2017 2019 0.0351
a range +70200 +70800 2018 2010 0.0263
a range +70200 +70800 2019 2017 0.0351
a range +70200 +70800 2020 2003 0.046
a range +70200 +70800 2021 2016 0.0271
a range +70200 +70800 2022 2015 0.042
a range +70200 +70800 2023 2009 0.059
a range +70200 +70800 2024 2002 0.0547
a range +70200 +70800 9001 2005 1105.0788
a range +70200 +70800 9003 2013 1104.7824
a range +70200 +70800 9004 2011 1105.0584
a range +70200 +70800 9006 2004 1104.6064
a range +70800 +71400 2001 2016 0.0506
a range +70800 +71400 2002 2021 0.0528
a range +70800 +71400 2003 2019 0.0524
a range +70800 +71400 2004 2020 0.0545
a range +70800 +71400 2005 2012 0.049
a range +70800 +71400 2006 2015 0.0517
a range +70800 +71400 2007 2013 0.0394
a range +70800 +71400 2008 9003 1104.7978
a range +70800 +71400 2009 9004 1105.0421
a range +70800 +71400 2010 2011 0.0483
a range +70800 +71400 2011 2010 0.0483
a range +70800 +71400 2012 2005 0.049
a range +70800 +71400 2013 2007 0.0394
a range +70800 +71400 2014 2024 0.0193
a range +70800 +71400 2015 2006 0.0517
a range +70800 +71400 2016 2001 0.0506
a range +70800 +71400 2017 2018 0.0547
a range +70800 +71400 2018 2017 0.0547
a range +70800 +71400 2019 2003 0.0524
a range +70800 +71400 2020 2004 0.0545
a range +70800 +71400 2021 2002 0.0528
a range +70800 +71400 2022 9001 1105.0644
a range +70800 +71400 2023 9006 1104.7751
a range +70800 +71400 2024 2014 0.0193
a range +70800 +71400 9001 2022 1105.0644
a range +70800 +71400 9003 2008 1104.7978
a range +70800 +71400 9004 2009 1105.0421
a range +70800 +71400 9006 2023 1104.7751
a range +71400 +72000 2001 2019 0.052
a range +71400 +72000 2002 2013 0.0498
a range +71400 +72000 2003 2006 0.0241
a range +71400 +72000 2004 2014 0.0501
a range +71400 +72000 2005 2016 0.0521
a range +71400 +72000 2006 2003 0.0241
a range +71400 +72000 2007 9003 1104.7571
a range +71400 +72000 2008 9006 1104.7978
a range +71400 +72000 2009 2024 0.058
a range +71400 +72000 2010 2012 0.0494
a range +71400 +72000 2011 2021 0.0579
a range +71400 +72000 2012 2010 0.0494
a range +71400 +72000 2013 2002 0.0498
a range +71400 +72000 2014 2004 0.0501
a range +71400 +72000 2015 2023 0.0609
a range +71400 +72000 2016 2005 0.0521
a range +71400 +72000 2017 2020 0.0612
a range +71400 +72000 2018 9001 1104.7362
a range +71400 +72000 2019 2001 0.052
a range +71400 +72000 2020 2017 0.0612
a range +71400 +72000 2021 2011 0.0579
a range +71400 +72000 2022 9004 1105.0644
a range +71400 +72000 2023 2015 0.0609
a range +71400 +72000 2024 2009 0.058
a range +71400 +72000 9001 2018 1104.7362
a range +71400 +72000 9003 2007 1104.7571
a range +71400 +72000 9004 2022 1105.0644
a range +71400 +72000 9006 2008 1104.7978
a range +72000 +72600 2001 2017 0.0508
a range +72000 +72600 2002 2022 0.028
a range +72000 +72600 2003 2010 0.0466
a range +72000 +72600 2004 2016 0.0539
a range +72000 +72600 2005 2023 0.0406
a range +72000 +72600 2006 9003 1104.7914
a range +72000 +72600 2007 2011 0.0397
a range +72000 +72600 2008 2014 0.0132
a range +72000 +72600 2009 2021 0.0574
a range +72000 +72600 2010 2003 0.0466
a range +72000 +72600 2011 2007 0.0397
a range +72000 +72600 2012 2024 0.0599
a range +72000 +72600 2013 9001 1105.0453
a range +72000 +72600 2014 2008 0.0132
a range +72000 +72600 2015 2019 0.0336
a range +72000 +72600 2016 2004 0.0539
a range +72000 +72600 2017 2001 0.0508
a range +72000 +72600 2018 9004 1104.7362
a range +72000 +72600 2019 2015 0.0336
a range +72000 +72600 2020 9006 1104.7875
a range +72000 +72600 2021 2009 0.0574
a range +72000 +72600 2022 2002 0.028
a range +72000 +72600 2023 2005 0.0406
a range +72000 +72600 2024 2012 0.0599
a range +72000 +72600 9001 2013 1105.0453
a range +72000 +72600 9003 2006 1104.7914
a range +72000 +72600 9004 2018 1104.7362
a range +72000 +72600 9006 2020 1104.7875
a range +72600 +73200 2001 9003 1104.7848
a range +72600 +73200 2002 2007 0.045
a range +72600 +73200 2003 2018 0.0513
a range +72600 +73200 2004 2013 0.0509
a range +72600 +73200 2005 2022 0.0377
a range +72600 +73200 2006 2016 0.0533
a range +72600 +73200 2007 2002 0.045
a range +72600 +73200 2008 2023 0.0576
a range +72600 +73200 2009 2020 0.0571
a range +72600 +73200 2010 9004 1105.0658
a range +72600 +73200 2011 2024 0.0606
a range +72600 +73200 2012 2017 0.0432
a range +72600 +73200 2013 2004 0.0509
a range +72600 +73200 2014 2015 0.0518
a range +72600 +73200 2015 2014 0.0518
a range +72600 +73200 2016 2006 0.0533
a range +72600 +73200 2017 2012 0.0432
a range +72600 +73200 2018 2003 0.0513
a range +72600 +73200 2019 9001 1105.081
a range +72600 +73200 2020 2009 0.0571
a range +72600 +73200 2021 9006 1104.7449
a range +72600 +73200 2022 2005 0.0377
a range +72600 +73200 2023 2008 0.0576
a range +72600 +73200 2024 2011 0.0606
a range +72600 +73200 9001 2019 1105.081
a range +72600 +73200 9003 2001 1104.7848
a range +72600 +73200 9004 2010 1105.0658
a range +72600 +73200 9006 2021 1104.7449
a range +73200 +73800 2001 2020 0.0538
a range +73200 +73800 2002 2009 0.0168
a range +73200 +73800 2003 2007 0.0363
a range +73200 +73800 2004 2006 0.0424
a range +73200 +73800 2005 2017 0.0528
a range +73200 +73800 2006 2004 0.0424
a range +73200 +73800 2007 2003 0.0363
a range +73200 +73800 2008 2015 0.0535
a range +73200 +73800 2009 2002 0.0168
a range +73200 +73800 2010 9001 1105.0658
a range +73200 +73800 2011 2023 0.061
a range +73200 +73800 2012 2013 0.0538
a range +73200 +73800 2013 2012 0.0538
a range +73200 +73800 2014 2021 0.0099
a range +73200 +73800 2015 2008 0.0535
a range +73200 +73800 2016 2024 0.0276
a range +73200 +73800 2017 2005 0.0528
a range +73200 +73800 2018 9003 1104.7567
a range +73200 +73800 2019 9004 1105.081
a range +73200 +73800 2020 2001 0.0538
a range +73200 +73800 2021 2014 0.0099
a range +73200 +73800 2022 9006 1104.7851
a range +73200 +73800 2023 2011 0.061
a range +73200 +73800 2024 2016 0.0276
a range +73200 +73800 9001 2010 1105.0658
a range +73200 +73800 9003 2018 1104.7567
a range +73200 +73800 9004 2019 1105.081
a range +73200 +73800 9006 2022 1104.7851
a range +73800 +74400 2001 2021 0.0347
a range +73800 +74400 2002 2018 0.0512
a range +73800 +74400 2003 2014 0.0501
a range +73800 +74400 2004 2010 0.049
a range +73800 +74400 2005 2013 0.0511
a range +73800 +74400 2006 2011 0.006
a range +73800 +74400 2007 2024 0.0587
a range +73800 +74400 2008 2012 0.0408
a range +73800 +74400 2009 2017 0.0538
a range +73800 +74400 2010 2004 0.049
a range +73800 +74400 2011 2006 0.006
a range +73800 +74400 2012 2008 0.0408
a range +73800 +74400 2013 2005 0.0511
a range +73800 +74400 2014 2003 0.0501
a range +73800 +74400 2015 9004 1105.0674
a range +73800 +74400 2016 2020 0.0421
a range +73800 +74400 2017 2009 0.0538
a range +73800 +74400 2018 2002 0.0512
a range +73800 +74400 2019 9006 1104.7926
a range +73800 +74400 2020 2016 0.0421
a range +73800 +74400 2021 2001 0.0347
a range +73800 +74400 2022 9003 1104.7851
a range +73800 +74400 2023 9001 1105.0457
a range +73800 +74400 2024 2007 0.0587
a range +73800 +74400 9001 2023 1105.0457
a range +73800 +74400 9003 2022 1104.7851
a range +73800 +74400 9004 2015 1105.0674
a range +73800 +74400 9006 2019 1104.7926
a range +74400 +75000 2001 2023 0.0543
a range +74400 +75000 2002 2020 0.0525
a range +74400 +75000 2003 2016 0.0506
a range +74400 +75000 2004 2012 0.0336
a range +74400 +75000 2005 2014 0.0528
a range +74400 +75000 2006 2010 0.0484
a range +74400 +75000 2007 2017 0.0556
a range +74400 +75000 2008 2013 0.0429
a range +74400 +75000 2009 2022 0.0392
a range +74400 +75000 2010 2006 0.0484
a range +74400 +75000 2011 9006 1104.7829
a range +74400 +75000 2012 2004 0.0336
a range +74400 +75000 2013 2008 0.0429
a range +74400 +75000 2014 2005 0.0528
a range +74400 +75000 2015 9001 1105.0674
a range +74400 +75000 2016 2003 0.0506
a range +74400 +75000 2017 2007 0.0556
a range +74400 +75000 2018 2024 0.0636
a range +74400 +75000 2019 9003 1104.7926
a range +74400 +75000 2020 2002 0.0525
a range +74400 +75000 2021 9004 1105.0625
a range +74400 +75000 2022 2009 0.0392
a range +74400 +75000 2023 2001 0.0543
a range +74400 +75000 2024 2018 0.0636
a range +74400 +75000 9001 2015 1105.0674
a range +74400 +75000 9003 2019 1104.7926
a range +74400 +75000 9004 2021 1105.0625
a range +74400 +75000 9006 2011 1104.7829
a range +75000 +75600 2001 2018 0.0503
a range +75000 +75600 2002 2019 0.0283
a range +75000 +75600 2003 9004 1105.0661
a range +75000 +75600 2004 2008 0.0416
a range +75000 +75600 2005 2020 0.0544
a range +75000 +75600 2006 2007 0.0404
a range +75000 +75600 2007 2006 0.0404
a range +75000 +75600 2008 2004 0.0416
a range +75000 +75600 2009 2013 0.0521
a range +75000 +75600 2010 2024 0.0594
a range +75000 +75600 2011 2017 0.0558
a range +75000 +75600 2012 9003 1104.7752
a range +75000 +75600 2013 2009 0.0521
a range +75000 +75600 2014 2022 0.0625
a range +75000 +75600 2015 9006 1104.7796
a range +75000 +75600 2016 2023 0.0503
a range +75000 +75600 2017 2011 0.0558
a range +75000 +75600 2018 2001 0.0503
a range +75000 +75600 2019 2002 0.0283
a range +75000 +75600 2020 2005 0.0544
a range +75000 +75600 2021 9001 1105.0625
a range +75000 +75600 2022 2014 0.0625
a range +75000 +75600 2023 2016 0.0503
a range +75000 +75600 2024 2010 0.0594
a range +75000 +75600 9001 2021 1105.0625
a range +75000 +75600 9003 2012 1104.7752
a range +75000 +75600 9004 2003 1105.0661
a range +75000 +75600 9006 2015 1104.7796
a range +75600 +76200 2001 2024 0.0306
a range +75600 +76200 2002 2010 0.0475
a range +75600 +76200 2003 9001 1105.0661
a range +75600 +76200 2004 2017 0.0545
a range +75600 +76200 2005 2018 0.0541
a range +75600 +76200 2006 2014 0.0502
a range +75600 +76200 2007 2016 0.0538
a range +75600 +76200 2008 2011 0.0135
a range +75600 +76200 2009 2019 0.0573
a range +75600 +76200 2010 2002 0.0475
a range +75600 +76200 2011 2008 0.0135
a range +75600 +76200 2012 2022 0.0612
a range +75600 +76200 2013 2023 0.0584
a range +75600 +76200 2014 2006 0.0502
a range +75600 +76200 2015 9003 1104.7796
a range +75600 +76200 2016 2007 0.0538
a range +75600 +76200 2017 2004 0.0545
a range +75600 +76200 2018 2005 0.0541
a range +75600 +76200 2019 2009 0.0573
a range +75600 +76200 2020 9004 1105.0297
a range +75600 +76200 2021 9006 1104.7449
a range +75600 +76200 2022 2012 0.0612
a range +75600 +76200 2023 2013 0.0584
a range +75600 +76200 2024 2001 0.0306
a range +75600 +76200 9001 2003 1105.0661
a range +75600 +76200 9003 2015 1104.7796
a range +75600 +76200 9004 2020 1105.0297
a range +75600 +76200 9006 2021 1104.7449
a range +76200 +76800 2001 9003 1104.7848
a range +76200 +76800 2002 2012 0.0465
a range +76200 +76800 2003 2011 0.0474
a range +76200 +76800 2004 9004 1105.0381
a range +76200 +76800 2005 2021 0.0551
a range +76200 +76800 2006 9006 1104.7914
a range +76200 +76800 2007 2014 0.0532
a range +76200 +76800 2008 9001 1105.0486
a range +76200 +76800 2009 2015 0.0272
a range +76200 +76800 2010 2016 0.0523
a range +76200 +76800 2011 2003 0.0474
a range +76200 +76800 2012 2002 0.0465
a range +76200 +76800 2013 2019 0.041
a range +76200 +76800 2014 2007 0.0532
a range +76200 +76800 2015 2009 0.0272
a range +76200 +76800 2016 2010 0.0523
a range +76200 +76800 2017 2023 0.0636
a range +76200 +76800 2018 2022 0.025
a range +76200 +76800 2019 2013 0.041
a range +76200 +76800 2020 2024 0.0644
a range +76200 +76800 2021 2005 0.0551
a range +76200 +76800 2022 2018 0.025
a range +76200 +76800 2023 2017 0.0636
a range +76200 +76800 2024 2020 0.0644
a range +76200 +76800 9001 2008 1105.0486
a range +76200 +76800 9003 2001 1104.7848
a range +76200 +76800 9004 2004 1105.0381
a range +76200 +76800 9006 2006 1104.7914
a range +76800 +77400 2001 9006 1104.7848
a range +76800 +77400 2002 9004 1105.0579
a range +76800 +77400 2003 2008 0.0242
a range +76800 +77400 2004 9001 1105.0381
a range +76800 +77400 2005 2024 0.0562
a range +76800 +77400 2006 9003 1104.7914
a range +76800 +77400 2007 2012 0.05
a range +76800 +77400 2008 2003 0.0242
a range +76800 +77400 2009 2018 0.0538
a range +76800 +77400 2011 2016 0.0211
a range +76800 +77400 2012 2007 0.05
a range +76800 +77400 2013 2015 0.0524
a range +76800 +77400 2015 2013 0.0524
a range +76800 +77400 2016 2011 0.0211
a range +76800 +77400 2017 2022 0.0511
a range +76800 +77400 2018 2009 0.0538
a range +76800 +77400 2019 2021 0.0575
a range +76800 +77400 2020 2023 0.0255
a range +76800 +77400 2021 2019 0.0575
a range +76800 +77400 2022 2017 0.0511
a range +76800 +77400 2023 2020 0.0255
a range +76800 +77400 2024 2005 0.0562
a range +76800 +77400 9001 2004 1105.0381
a range +76800 +77400 9003 2006 1104.7914
a range +76800 +77400 9004 2002 1105.0579
a range +76800 +77400 9006 2001 1104.7848
a range +77400 +78000 2001 9004 1105.0487
a range +77400 +78000 2002 2008 0.0461
a range +77400 +78000 2003 2013 0.0509
a range +77400 +78000 2004 2011 0.0466
a range +77400 +78000 2005 9006 1104.7518
a range +77400 +78000 2006 9001 1104.8458
a range +77400 +78000 2007 9003 1104.7571
a range +77400 +78000 2008 2002 0.0461
a range +77400 +78000 2009 2012 0.0211
a range +76800 +78000 2010 2014 0.0542
a range +77400 +78000 2011 2004 0.0466
a range +77400 +78000 2012 2009 0.0211
a range +77400 +78000 2013 2003 0.0509
a range +76800 +78000 2014 2010 0.0542
a range +77400 +78000 2015 2017 0.0343
a range +77400 +78000 2016 2022 0.0584
a range +77400 +78000 2017 2015 0.0343
a range +77400 +78000 2018 2023 0.0424
a range +77400 +78000 2019 2024 0.056
a range +77400 +78000 2020 2021 0.0581
a range +77400 +78000 2021 2020 0.0581
a range +77400 +78000 2022 2016 0.0584
a range +77400 +78000 2023 2018 0.0424
a range +77400 +78000 2024 2019 0.056
a range +77400 +78000 9001 2006 1104.8458
a range +77400 +78000 9003 2007 1104.7571
a range +77400 +78000 9004 2001 1105.0487
a range +77400 +78000 9006 2005 1104.7518
a range +78000 +78600 2001 2002 0.04
a range +78000 +78600 2002 2001 0.04
a range +78000 +78600 2003 2021 0.0248
a range +78000 +78600 2004 2018 0.0527
a range +78000 +78600 2005 9003 1104.7518
a range +78000 +78600 2006 9004 1104.8458
a range +78000 +78600 2007 9001 1105.0814
a range +78000 +78600 2008 2009 0.0456
a range +78000 +78600 2009 2008 0.0456
a range +78000 +78600 2010 2013 0.0244
a range +78000 +78600 2011 2012 0.0493
a range +78000 +78600 2012 2011 0.0493
a range +78000 +78600 2013 2010 0.0244
a range +78000 +78600 2014 2017 0.0354
a range +78000 +78600 2015 2024 0.0617
a range +78000 +78600 2016 9006 1104.7567
a range +78000 +78600 2017 2014 0.0354
a range +78000 +78600 2018 2004 0.0527
a range +78000 +78600 2019 2023 0.0576
a range +78000 +78600 2020 2022 0.0512
a range +78000 +78600 2021 2003 0.0248
a range +78000 +78600 2022 2020 0.0512
a range +78000 +78600 2023 2019 0.0576
a range +78000 +78600 2024 2015 0.0617
a range +78000 +78600 9001 2007 1105.0814
a range +42600 +78600 9002 9005 0.0
a range +78000 +78600 9003 2005 1104.7518
a range +78000 +78600 9004 2006 1104.8458
a range +42600 +78600 9005 9002 0.0
a range +78000 +78600 9006 2016 1104.7567
a range +78600 +79200 2001 2022 0.0367
a range +78600 +79200 2002 9002 1105.0651
a range +78600 +79200 2003 2011 0.0474
a range +78600 +79200 2004 2017 0.0545
a range +78600 +79200 2005 2008 0.0468
a range +78600 +79200 2006 9005 1104.8641
a range +78600 +79200 2007 9004 1105.0814
a range +78600 +79200 2008 2005 0.0468
a range +78600 +79200 2009 2016 0.0462
a range +78600 +79200 2010 2015 0.039
a range +78600 +79200 2011 2003 0.0474
a range +78600 +79200 2012 2019 0.0573
a range +78600 +79200 2013 2014 0.0514
a range +78600 +79200 2014 2013 0.0514
a range +78600 +79200 2015 2010 0.039
a range +78600 +79200 2016 2009 0.0462
a range +78600 +79200 2017 2004 0.0545
a range +78600 +79200 2018 2021 0.0612
a range +78600 +79200 2019 2012 0.0573
a range +78600 +79200 2020 9001 1105.0297
a range +78600 +79200 2021 2018 0.0612
a range +78600 +79200 2022 2001 0.0367
a range +78600 +79200 2023 2024 0.0616
a range +78600 +79200 2024 2023 0.0616
a range +78600 +79200 9001 2020 1105.0297
a range +78600 +79200 9002 2002 1105.0651
a range +78600 +79200 9004 2007 1105.0814
a range +78600 +79200 9005 2006 1104.8641
a range +79200 +79800 2001 9001 1105.0487
a range +79200 +79800 2002 2011 0.0482
a range +79200 +79800 2003 2013 0.0509
a range +79200 +79800 2004 2015 0.0507
a range +79200 +79800 2005 9005 1105.086
a range +79200 +79800 2006 9002 1104.8641
a range +79200 +79800 2007 2010 0.0228
a range +79200 +79800 2008 9004 1105.0486
a range +79200 +79800 2009 2017 0.0538
a range +79200 +79800 2010 2007 0.0228
a range +79200 +79800 2011 2002 0.0482
a range +79200 +79800 2012 2016 0.0469
a range +79200 +79800 2013 2003 0.0509
a range +79200 +79800 2014 2019 0.057
a range +79200 +79800 2015 2004 0.0507
a range +79200 +79800 2016 2012 0.0469
a range +79200 +79800 2017 2009 0.0538
a range +79200 +79800 2018 2020 0.0303
a range +79200 +79800 2019 2014 0.057
a range +79200 +79800 2020 2018 0.0303
a range +79200 +79800 2021 2024 0.01
a range +79200 +79800 2022 2023 0.0605
a range +79200 +79800 2023 2022 0.0605
a range +79200 +79800 2024 2021 0.01
a range +79200 +79800 9001 2001 1105.0487
a range +79200 +79800 9002 2006 1104.8641
a range +79200 +79800 9004 2008 1105.0486
a range +79200 +79800 9005 2005 1105.086
a range +79800 +80400 2001 9002 1105.0559
a range +79800 +80400 2002 2003 0.0403
a range +79800 +80400 2003 2002 0.0403
a range +79800 +80400 2004 9005 1105.0454
a range +79800 +80400 2005 2008 0.0468
a range +79800 +80400 2006 2017 0.0398
a range +79800 +80400 2007 2015 0.0369
a range +79800 +80400 2008 2005 0.0468
a range +79800 +80400 2009 2012 0.0211
a range +79800 +80400 2010 2014 0.0542
a range +79800 +80400 2011 9004 1105.0584
a range +79800 +80400 2012 2009 0.0211
a range +79800 +80400 2013 2016 0.0372
a range +79800 +80400 2014 2010 0.0542
a range +79800 +80400 2015 2007 0.0369
a range +79800 +80400 2016 2013 0.0372
a range +79800 +80400 2017 2006 0.0398
a range +79800 +80400 2018 2019 0.0349
a range +79800 +80400 2019 2018 0.0349
a range +79800 +80400 2020 9001 1105.0297
a range +79800 +80400 2021 2023 0.0551
a range +79800 +80400 2022 2024 0.0595
a range +79800 +80400 2023 2021 0.0551
a range +79800 +80400 2024 2022 0.0595
a range +79800 +80400 9001 2020 1105.0297
a range +79800 +80400 9002 2001 1105.0559
a range +79800 +80400 9004 2011 1105.0584
a range +79800 +80400 9005 2004 1105.0454
a range +80400 +81000 2001 9005 1105.0559
a range +80400 +81000 2002 2004 0.0238
a range +80400 +81000 2003 2023 0.0347
a range +80400 +81000 2004 2002 0.0238
a range +80400 +81000 2005 9004 1105.0788
a range +80400 +81000 2007 2021 0.0577
a range +80400 +81000 2008 2020 0.0575
a range +80400 +81000 2010 2013 0.0244
a range +80400 +81000 2012 2018 0.0365
a range +80400 +81000 2013 2010 0.0244
a range +80400 +81000 2014 2017 0.0354
a range +80400 +81000 2016 9002 1105.0449
a range +80400 +81000 2017 2014 0.0354
a range +80400 +81000 2018 2012 0.0365
a range +80400 +81000 2019 2022 0.0206
a range +80400 +81000 2020 2008 0.0575
a range +80400 +81000 2021 2007 0.0577
a range +80400 +81000 2022 2019 0.0206
a range +80400 +81000 2023 2003 0.0347
a range +80400 +81000 2024 9001 1105.0633
a range +80400 +81000 9001 2024 1105.0633
a range +80400 +81000 9002 2016 1105.0449
a range +80400 +81000 9004 2005 1105.0788
a range +80400 +81000 9005 2001 1105.0559
a range +81000 +81600 2001 2003 0.0406
a range +81000 +81600 2002 2024 0.0547
a range +81000 +81600 2003 2001 0.0406
a range +81000 +81600 2004 2014 0.0504
a range +81000 +81600 2005 9001 1105.0788
a range +80400 +81600 2006 2009 0.0466
a range +81000 +81600 2007 9005 1105.0887
a range +81000 +81600 2008 2023 0.0576
a range +80400 +81600 2009 2006 0.0466
a range +81000 +81600 2010 2018 0.0263
a range +80400 +81600 2011 2015 0.0539
a range +81000 +81600 2012 2017 0.0432
a range +81000 +81600 2013 9004 1105.0453
a range +81000 +81600 2014 2004 0.0504
a range +80400 +81600 2015 2011 0.0539
a range +81000 +81600 2016 2019 0.061
a range +81000 +81600 2017 2012 0.0432
a range +81000 +81600 2018 2010 0.0263
a range +81000 +81600 2019 2016 0.061
a range +81000 +81600 2020 9002 1105.0369
a range +81000 +81600 2021 2022 0.0625
a range +81000 +81600 2022 2021 0.0625
a range +81000 +81600 2023 2008 0.0576
a range +81000 +81600 2024 2002 0.0547
a range +81000 +81600 9001 2005 1105.0788
a range +81000 +81600 9002 2020 1105.0369
a range +81000 +81600 9004 2013 1105.0453
a range +81000 +81600 9005 2007 1105.0887
a range +81600 +82200 2001 2004 0.0282
a range +81600 +82200 2002 2007 0.0336
a range +81600 +82200 2003 2009 0.0427
a range +81600 +82200 2004 2001 0.0282
a range +81600 +82200 2005 2006 0.0439
a range +81600 +82200 2006 2005 0.0439
a range +81600 +82200 2007 2002 0.0336
a range +81600 +82200 2008 2024 0.0214
a range +81600 +82200 2009 2003 0.0427
a range +81600 +82200 2010 9005 1105.073
a range +81600 +82200 2011 2022 0.0559
a range +81600 +82200 2012 2021 0.0512
a range +81600 +82200 2013 9002 1105.0526
a range +81600 +82200 2014 2019 0.057
a range +81600 +82200 2015 2016 0.0575
a range +81600 +82200 2016 2015 0.0575
a range +81600 +82200 2017 2018 0.0547
a range +81600 +82200 2018 2017 0.0547
a range +81600 +82200 2019 2014 0.057
a range +81600 +82200 2020 9004 1105.0297
a range +81600 +82200 2021 2012 0.0512
a range +81600 +82200 2022 2011 0.0559
a range +81600 +82200 2023 9001 1105.0457
a range +81600 +82200 2024 2008 0.0214
a range +81600 +82200 9001 2023 1105.0457
a range +81600 +82200 9002 2013 1105.0526
a range +81600 +82200 9004 2020 1105.0297
a range +81600 +82200 9005 2010 1105.073
a range +82200 +82800 2001 2006 0.0249
a range +82200 +82800 2002 2010 0.026
a range +82200 +82800 2003 2007 0.0363
a range +82200 +82800 2004 2005 0.0433
a range +82200 +82800 2005 2004 0.0433
a range +82200 +82800 2006 2001 0.0249
a range +82200 +82800 2007 2003 0.0363
a range +82200 +82800 2008 2022 0.0586
a range +82200 +82800 2009 2024 0.0579
a range +82200 +82800 2010 2002 0.026
a range +82200 +82800 2011 2015 0.0539
a range +82200 +82800 2012 2019 0.0573
a range +82200 +82800 2013 9001 1105.0453
a range +82200 +82800 2014 2021 0.0099
a range +82200 +82800 2015 2011 0.0539
a range +82200 +82800 2016 2017 0.055
a range +82200 +82800 2017 2016 0.055
a range +82200 +82800 2018 9004 1105.0482
a range +82200 +82800 2019 2012 0.0573
a range +82200 +82800 2020 9005 1105.0369
a range +82200 +82800 2021 2014 0.0099
a range +82200 +82800 2022 2008 0.0586
a range +82200 +82800 2023 9002 1105.0529
a range +82200 +82800 2024 2009 0.0579
a range +82200 +82800 9001 2013 1105.0453
a range +82200 +82800 9002 2023 1105.0529
a range +82200 +82800 9004 2018 1105.0482
a range +82200 +82800 9005 2020 1105.0369
a range +82800 +83400 2001 2008 0.0285
a range +82800 +83400 2002 2020 0.031
a range +82800 +83400 2003 2024 0.0322
a range +82800 +83400 2004 2022 0.0332
a range +82800 +83400 2005 2007 0.0204
a range +82800 +83400 2006 2021 0.0118
a range +82800 +83400 2007 2005 0.0204
a range +82800 +83400 2008 2001 0.0285
a range +82800 +83400 2009 2016 0.0462
a range +82800 +83400 2010 9002 1105.073
a range +82800 +83400 2011 2019 0.0533
a range +82800 +83400 2012 2014 0.043
a range +82800 +83400 2013 9005 1105.0526
a range +82800 +83400 2014 2012 0.043
a range +82800 +83400 2015 2017 0.0343
a range +82800 +83400 2016 2009 0.0462
a range +82800 +83400 2017 2015 0.0343
a range +82800 +83400 2018 9001 1105.0482
a range +82800 +83400 2019 2011 0.0533
a range +82800 +83400 2020 2002 0.031
a range +82800 +83400 2021 2006 0.0118
a range +82800 +83400 2022 2004 0.0332
a range +82800 +83400 2023 9004 1105.0457
a range +82800 +83400 2024 2003 0.0322
a range +82800 +83400 9001 2018 1105.0482
a range +82800 +83400 9002 2010 1105.073
a range +82800 +83400 9004 2023 1105.0457
a range +82800 +83400 9005 2013 1105.0526
a range +83400 +84000 2001 2009 0.0403
a range +83400 +84000 2002 2013 0.037
a range +83400 +84000 2003 2020 0.046
a range +83400 +84000 2004 2024 0.0537
a range +83400 +84000 2005 2011 0.0486
a range +83400 +84000 2006 2022 0.0548
a range +83400 +84000 2007 9004 1105.0814
a range +83400 +84000 2008 2021 0.0164
a range +83400 +84000 2009 2001 0.0403
a range +83400 +84000 2010 9001 1105.0658
a range +83400 +84000 2011 2005 0.0486
a range +83400 +84000 2012 2023 0.0072
a range +83400 +84000 2013 2002 0.037
a range +83400 +84000 2014 2016 0.027
a range +83400 +84000 2015 2019 0.0336
a range +83400 +84000 2016 2014 0.027
a range +83400 +84000 2017 9005 1105.094
a range +83400 +84000 2018 9002 1105.0555
a range +83400 +84000 2019 2015 0.0336
a range +83400 +84000 2020 2003 0.046
a range +83400 +84000 2021 2008 0.0164
a range +83400 +84000 2022 2006 0.0548
a range +83400 +84000 2023 2012 0.0072
a range +83400 +84000 2024 2004 0.0537
a range +83400 +84000 9001 2010 1105.0658
a range +83400 +84000 9002 2018 1105.0555
a range +83400 +84000 9004 2007 1105.0814
a range +83400 +84000 9005 2017 1105.094
a range +84000 +84600 2001 2011 0.0261
a range +84000 +84600 2002 2018 0.0147
a range +84000 +84600 2003 2021 0.0248
a range +84000 +84600 2005 9002 1105.086
a range +84000 +84600 2006 2024 0.0144
a range +84000 +84600 2008 2019 0.0576
a range +84000 +84600 2009 2020 0.0146
a range +84000 +84600 2010 2012 0.0494
a range +84000 +84600 2011 2001 0.0261
a range +84000 +84600 2012 2010 0.0494
a range +84000 +84600 2013 2014 0.0514
a range +84000 +84600 2014 2013 0.0514
a range +84000 +84600 2015 2016 0.0575
a range +84000 +84600 2016 2015 0.0575
a range +84000 +84600 2017 9004 1105.0868
a range +84000 +84600 2018 2002 0.0147
a range +84000 +84600 2019 2008 0.0576
a range +84000 +84600 2020 2009 0.0146
a range +84000 +84600 2021 2003 0.0248
a range +84000 +84600 2022 9001 1105.0644
a range +84000 +84600 2023 9005 1105.0529
a range +84000 +84600 2024 2006 0.0144
a range +84000 +84600 9001 2022 1105.0644
a range +84000 +84600 9002 2005 1105.086
a range +84000 +84600 9004 2017 1105.0868
a range +84000 +84600 9005 2023 1105.0529
a range +84600 +85200 2001 2010 0.0309
a range +84600 +85200 2002 9002 1105.0651
a range +84600 +85200 2003 2022 0.0542
a range +84000 +85200 2004 2007 0.0448
a range +84600 +85200 2005 2023 0.0406
a range +84600 +85200 2006 2019 0.053
a range +84000 +85200 2007 2004 0.0448
a range +84600 +85200 2008 2017 0.0435
a range +84600 +85200 2009 2021 0.0573
a range +84600 +85200 2010 2001 0.0309
a range +84600 +85200 2011 2016 0.0211
a range +84600 +85200 2012 2013 0.0522
a range +84600 +85200 2013 2012 0.0522
a range +84600 +85200 2014 2020 0.052
a range +84600 +85200 2015 9001 1105.0674
a range +84600 +85200 2016 2011 0.0211
a range +84600 +85200 2017 2008 0.0435
a range +84600 +85200 2018 9005 1105.0555
a range +84600 +85200 2019 2006 0.053
a range +84600 +85200 2020 2014 0.052
a range +84600 +85200 2021 2009 0.0573
a range +84600 +85200 2022 2003 0.0542
a range +84600 +85200 2023 2005 0.0406
a range +84600 +85200 2024 9004 1105.0633
a range +84600 +85200 9001 2015 1105.0674
a range +84600 +85200 9002 2002 1105.0651
a range +84600 +85200 9004 2024 1105.0633
a range +84600 +85200 9005 2018 1105.0555
a range +85200 +85800 2001 2007 0.0361
a range +85200 +85800 2002 9001 1105.0579
a range +85200 +85800 2003 2019 0.0473
a range +85200 +85800 2004 2023 0.039
a range +85200 +85800 2005 9005 1105.086
a range +85200 +85800 2006 2016 0.0172
a range +85200 +85800 2007 2001 0.0361
a range +85200 +85800 2008 2014 0.0132
a range +85200 +85800 2009 2022 0.0392
a range +85200 +85800 2010 2020 0.0489
a range +85200 +85800 2011 2021 0.0087
a range +85200 +85800 2012 2018 0.0365
a range +85200 +85800 2013 2024 0.046
a range +85200 +85800 2014 2008 0.0132
a range +85200 +85800 2015 9004 1105.0674
a range +85200 +85800 2016 2006 0.0172
a range +85200 +85800 2017 9002 1105.094
a range +85200 +85800 2018 2012 0.0365
a range +85200 +85800 2019 2003 0.0473
a range +85200 +85800 2020 2010 0.0489
a range +85200 +85800 2021 2011 0.0087
a range +85200 +85800 2022 2009 0.0392
a range +85200 +85800 2023 2004 0.039
a range +85200 +85800 2024 2013 0.046
a range +85200 +85800 9001 2002 1105.0579
a range +85200 +85800 9002 2017 1105.094
a range +85200 +85800 9004 2015 1105.0674
a range +85200 +85800 9005 2005 1105.086
a range +85800 +86400 2001 2013 0.0158
a range +85800 +86400 2002 9005 1105.0651
a range +85800 +86400 2003 2005 0.029
a range +85800 +86400 2004 2021 0.0535
a range +85800 +86400 2005 2003 0.029
a range +85800 +86400 2006 2023 0.0485
a range +85800 +86400 2007 2022 0.0296
a range +85800 +86400 2008 2015 0.0524
a range +85800 +86400 2009 2019 0.0441
a range +85800 +86400 2010 9004 1105.0658
a range +85800 +86400 2011 2014 0.0143
a range +85800 +86400 2012 9001 1105.049
a range +85800 +86400 2013 2001 0.0158
a range +85800 +86400 2014 2011 0.0143
a range +85800 +86400 2015 2008 0.0524
a range +85800 +86400 2016 2018 0.0546
a range +85800 +86400 2017 2020 0.0602
a range +85800 +86400 2018 2016 0.0546
a range +85800 +86400 2019 2009 0.0441
a range +85800 +86400 2020 2017 0.0602
a range +85800 +86400 2021 2004 0.0535
a range +85800 +86400 2022 2007 0.0296
a range +85800 +86400 2023 2006 0.0485
a range +85800 +86400 2024 9002 1105.0706
a range +85800 +86400 9001 2012 1105.049
a range +85800 +86400 9002 2024 1105.0706
a range +78600 +86400 9003 9006 0.0
a range +85800 +86400 9004 2010 1105.0658
a range +85800 +86400 9005 2002 1105.0651
a range +78600 +86400 9006 9003 0.0
