a contact +0 +600 2005 9010 1000
a contact +0 +600 2006 9001 1000
a contact +0 +600 2016 9008 1000
a contact +0 +600 2026 9007 1000
a contact +0 +600 2039 9005 1000
a contact +0 +600 2040 9011 1000
a contact +0 +600 2044 9004 1000
a contact +0 +600 2058 9002 1000
a contact +0 +600 9001 2006 1000
a contact +0 +600 9002 2058 1000
a contact +0 +600 9004 2044 1000
a contact +0 +600 9005 2039 1000
a contact +0 +600 9007 2026 1000
a contact +0 +600 9008 2016 1000
a contact +0 +600 9010 2005 1000
a contact +0 +600 9011 2040 1000
a contact +600 +1200 2001 2002 1000
a contact +600 +1200 2002 2001 1000
a contact +600 +1200 2003 2016 1000
a contact +600 +1200 2004 2005 1000
a contact +600 +1200 2005 2004 1000
a contact +600 +1200 2006 9005 1000
a contact +600 +1200 2007 2044 1000
a contact +600 +1200 2008 2064 1000
a contact +600 +1200 2009 9004 1000
a contact +600 +1200 2010 2040 1000
a contact +600 +1200 2011 2063 1000
a contact +600 +1200 2012 2062 1000
a contact +600 +1200 2013 2061 1000
a contact +600 +1200 2014 2060 1000
a contact +600 +1200 2015 2059 1000
a contact +600 +1200 2016 2003 1000
a contact +600 +1200 2017 2057 1000
a contact +600 +1200 2018 2056 1000
a contact +600 +1200 2019 2055 1000
a contact +600 +1200 2020 2054 1000
a contact +600 +1200 2021 2053 1000
a contact +600 +1200 2022 2052 1000
a contact +600 +1200 2023 2051 1000
a contact +600 +1200 2024 2050 1000
a contact +600 +1200 2025 9002 1000
a contact +600 +1200 2026 2033 1000
a contact +600 +1200 2027 2049 1000
a contact +600 +1200 2028 2048 1000
a contact +600 +1200 2029 2047 1000
a contact +600 +1200 2030 2046 1000
a contact +600 +1200 2031 2045 1000
a contact +600 +1200 2032 2042 1000
a contact +600 +1200 2033 2026 1000
a contact +600 +1200 2034 2041 1000
a contact +600 +1200 2035 2037 1000
a contact +600 +1200 2036 9011 1000
a contact +600 +1200 2037 2035 1000
a contact +600 +1200 2038 9001 1000
a contact +600 +1200 2039 9010 1000
a contact +600 +1200 2040 2010 1000
a contact +600 +1200 2041 2034 1000
a contact +600 +1200 2042 2032 1000
a contact +600 +1200 2043 9008 1000
a contact +600 +1200 2044 2007 1000
a contact +600 +1200 2045 2031 1000
a contact +600 +1200 2046 2030 1000
a contact +600 +1200 2047 2029 1000
a contact +600 +1200 2048 2028 1000
a contact +600 +1200 2049 2027 1000
a contact +600 +1200 2050 2024 1000
a contact +600 +1200 2051 2023 1000
a contact +600 +1200 2052 2022 1000
a contact +600 +1200 2053 2021 1000
a contact +600 +1200 2054 2020 1000
a contact +600 +1200 2055 2019 1000
a contact +600 +1200 2056 2018 1000
a contact +600 +1200 2057 2017 1000
a contact +600 +1200 2058 9007 1000
a contact +600 +1200 2059 2015 1000
a contact +600 +1200 2060 2014 1000
a contact +600 +1200 2061 2013 1000
a contact +600 +1200 2062 2012 1000
a contact +600 +1200 2063 2011 1000
a contact +600 +1200 2064 2008 1000
a contact +600 +1200 9001 2038 1000
a contact +600 +1200 9002 2025 1000
a contact +600 +1200 9003 9012 1000
a contact +600 +1200 9004 2009 1000
a contact +600 +1200 9005 2006 1000
a contact +600 +1200 9006 9009 1000
a contact +600 +1200 9007 2058 1000
a contact +600 +1200 9008 2043 1000
a contact +600 +1200 9009 9006 1000
a contact +600 +1200 9010 2039 1000
a contact +600 +1200 9011 2036 1000
a contact +600 +1200 9012 9003 1000
a contact +1200 +1800 2001 2003 1000
a contact +1200 +1800 2002 2044 1000
a contact +1200 +1800 2003 2001 1000
a contact +1200 +1800 2004 2043 1000
a contact +1200 +1800 2005 2038 1000
a contact +1200 +1800 2006 9007 1000
a contact +1200 +1800 2007 2025 1000
a contact +1200 +1800 2008 2016 1000
a contact +1200 +1800 2009 9005 1000
a contact +1200 +1800 2010 2039 1000
a contact +1200 +1800 2011 2026 1000
a contact +1200 +1800 2012 2064 1000
a contact +1200 +1800 2013 2063 1000
a contact +1200 +1800 2014 2062 1000
a contact +1200 +1800 2015 2061 1000
a contact +1200 +1800 2016 2008 1000
a contact +1200 +1800 2017 2060 1000
a contact +1200 +1800 2018 9004 1000
a contact +1200 +1800 2019 9002 1000
a contact +1200 +1800 2020 2057 1000
a contact +1200 +1800 2021 2056 1000
a contact +1200 +1800 2022 2055 1000
a contact +1200 +1800 2023 2054 1000
a contact +1200 +1800 2024 2049 1000
a contact +1200 +1800 2025 2007 1000
a contact +1200 +1800 2026 2011 1000
a contact +1200 +1800 2027 2052 1000
a contact +1200 +1800 2028 2051 1000
a contact +1200 +1800 2029 2050 1000
a contact +1200 +1800 2030 2048 1000
a contact +1200 +1800 2031 2047 1000
a contact +1200 +1800 2032 2045 1000
a contact +1200 +1800 2033 2046 1000
a contact +1200 +1800 2034 2040 1000
a contact +1200 +1800 2035 2041 1000
a contact +1200 +1800 2036 2037 1000
a contact +1200 +1800 2037 2036 1000
a contact +1200 +1800 2038 2005 1000
a contact +1200 +1800 2039 2010 1000
a contact +1200 +1800 2040 2034 1000
a contact +1200 +1800 2041 2035 1000
a contact +1200 +1800 2042 9001 1000
a contact +1200 +1800 2043 2004 1000
a contact +1200 +1800 2044 2002 1000
a contact +1200 +1800 2045 2032 1000
a contact +1200 +1800 2046 2033 1000
a contact +1200 +1800 2047 2031 1000
a contact +1200 +1800 2048 2030 1000
a contact +1200 +1800 2049 2024 1000
a contact +1200 +1800 2050 2029 1000
a contact +1200 +1800 2051 2028 1000
a contact +1200 +1800 2052 2027 1000
a contact +1200 +1800 2053 9011 1000
a contact +1200 +1800 2054 2023 1000
a contact +1200 +1800 2055 2022 1000
a contact +1200 +1800 2056 2021 1000
a contact +1200 +1800 2057 2020 1000
a contact +1200 +1800 2058 9010 1000
a contact +1200 +1800 2059 9008 1000
a contact +1200 +1800 2060 2017 1000
a contact +1200 +1800 2061 2015 1000
a contact +1200 +1800 2062 2014 1000
a contact +1200 +1800 2063 2013 1000
a contact +1200 +1800 2064 2012 1000
a contact +1200 +1800 9001 2042 1000
a contact +1200 +1800 9002 2019 1000
a contact +1200 +1800 9003 9009 1000
a contact +1200 +1800 9004 2018 1000
a contact +1200 +1800 9005 2009 1000
a contact +1200 +1800 9006 9012 1000
a contact +1200 +1800 9007 2006 1000
a contact +1200 +1800 9008 2059 1000
a contact +1200 +1800 9009 9003 1000
a contact +1200 +1800 9010 2058 1000
a contact +1200 +1800 9011 2053 1000
a contact +1200 +1800 9012 9006 1000
a contact +1800 +2400 2001 2007 1000
a contact +1800 +2400 2002 2039 1000
a contact +1800 +2400 2003 2043 1000
a contact +1800 +2400 2004 2042 1000
a contact +1800 +2400 2005 2025 1000
a contact +1800 +2400 2006 9004 1000
a contact +1800 +2400 2007 2001 1000
a contact +1800 +2400 2008 2038 1000
a contact +1800 +2400 2009 9007 1000
a contact +1800 +2400 2010 2019 1000
a contact +1800 +2400 2011 2018 1000
a contact +1800 +2400 2012 2063 1000
a contact +1800 +2400 2013 2015 1000
a contact +1800 +2400 2014 2016 1000
a contact +1800 +2400 2015 2013 1000
a contact +1800 +2400 2016 2014 1000
a contact +1800 +2400 2017 2062 1000
a contact +1800 +2400 2018 2011 1000
a contact +1800 +2400 2019 2010 1000
a contact +1800 +2400 2020 2064 1000
a contact +1800 +2400 2021 2061 1000
a contact +1800 +2400 2022 2057 1000
a contact +1800 +2400 2023 2060 1000
a contact +1800 +2400 2024 2056 1000
a contact +1800 +2400 2025 2005 1000
a contact +1800 +2400 2026 2054 1000
a contact +1800 +2400 2027 2055 1000
a contact +1800 +2400 2028 2050 1000
a contact +1800 +2400 2029 2051 1000
a contact +1800 +2400 2030 2049 1000
a contact +1800 +2400 2031 2048 1000
a contact +1800 +2400 2032 9002 1000
a contact +1800 +2400 2033 2047 1000
a contact +1800 +2400 2034 2046 1000
a contact +1800 +2400 2035 2045 1000
a contact +1800 +2400 2036 2044 1000
a contact +1800 +2400 2037 9001 1000
a contact +1800 +2400 2038 2008 1000
a contact +1800 +2400 2039 2002 1000
a contact +1800 +2400 2040 2052 1000
a contact +1800 +2400 2041 9011 1000
a contact +1800 +2400 2042 2004 1000
a contact +1800 +2400 2043 2003 1000
a contact +1800 +2400 2044 2036 1000
a contact +1800 +2400 2045 2035 1000
a contact +1800 +2400 2046 2034 1000
a contact +1800 +2400 2047 2033 1000
a contact +1800 +2400 2048 2031 1000
a contact +1800 +2400 2049 2030 1000
a contact +1800 +2400 2050 2028 1000
a contact +1800 +2400 2051 2029 1000
a contact +1800 +2400 2052 2040 1000
a contact +1800 +2400 2053 9010 1000
a contact +1800 +2400 2054 2026 1000
a contact +1800 +2400 2055 2027 1000
a contact +1800 +2400 2056 2024 1000
a contact +1800 +2400 2057 2022 1000
a contact +1800 +2400 2058 9008 1000
a contact +1800 +2400 2059 9005 1000
a contact +1800 +2400 2060 2023 1000
a contact +1800 +2400 2061 2021 1000
a contact +1800 +2400 2062 2017 1000
a contact +1800 +2400 2063 2012 1000
a contact +1800 +2400 2064 2020 1000
a contact +1800 +2400 9001 2037 1000
a contact +1800 +2400 9002 2032 1000
a contact +1800 +2400 9004 2006 1000
a contact +1800 +2400 9005 2059 1000
a contact +1800 +2400 9007 2009 1000
a contact +1800 +2400 9008 2058 1000
a contact +1800 +2400 9010 2053 1000
a contact +1800 +2400 9011 2041 1000
a contact +2400 +3000 2001 2008 1000
a contact +2400 +3000 2002 2058 1000
a contact +2400 +3000 2003 2019 1000
a contact +2400 +3000 2004 2018 1000
a contact +2400 +3000 2005 2016 1000
a contact +2400 +3000 2006 9002 1000
a contact +2400 +3000 2007 2043 1000
a contact +2400 +3000 2008 2001 1000
a contact +2400 +3000 2009 9001 1000
a contact +2400 +3000 2010 2038 1000
a contact +2400 +3000 2011 2025 1000
a contact +2400 +3000 2012 2061 1000
a contact +2400 +3000 2013 2064 1000
a contact +2400 +3000 2014 2015 1000
a contact +2400 +3000 2015 2014 1000
a contact +2400 +3000 2016 2005 1000
a contact +2400 +3000 2017 2056 1000
a contact +2400 +3000 2018 2004 1000
a contact +2400 +3000 2019 2003 1000
a contact +2400 +3000 2020 2063 1000
a contact +2400 +3000 2021 2062 1000
a contact +2400 +3000 2022 2060 1000
a contact +2400 +3000 2023 2057 1000
a contact +2400 +3000 2024 2055 1000
a contact +2400 +3000 2025 2011 1000
a contact +2400 +3000 2026 2051 1000
a contact +2400 +3000 2027 2054 1000
a contact +2400 +3000 2028 2049 1000
a contact +2400 +3000 2029 2048 1000
a contact +2400 +3000 2030 2050 1000
a contact +2400 +3000 2031 2046 1000
a contact +2400 +3000 2032 9011 1000
a contact +2400 +3000 2033 2045 1000
a contact +2400 +3000 2034 2047 1000
a contact +2400 +3000 2035 2044 1000
a contact +2400 +3000 2036 2041 1000
a contact +2400 +3000 2037 9010 1000
a contact +2400 +3000 2038 2010 1000
a contact +2400 +3000 2039 2040 1000
a contact +2400 +3000 2040 2039 1000
a contact +2400 +3000 2041 2036 1000
a contact +2400 +3000 2042 9008 1000
a contact +2400 +3000 2043 2007 1000
a contact +2400 +3000 2044 2035 1000
a contact +2400 +3000 2045 2033 1000
a contact +2400 +3000 2046 2031 1000
a contact +2400 +3000 2047 2034 1000
a contact +2400 +3000 2048 2029 1000
a contact +2400 +3000 2049 2028 1000
a contact +2400 +3000 2050 2030 1000
a contact +2400 +3000 2051 2026 1000
a contact +2400 +3000 2052 9007 1000
a contact +2400 +3000 2053 9005 1000
a contact +2400 +3000 2054 2027 1000
a contact +2400 +3000 2055 2024 1000
a contact +2400 +3000 2056 2017 1000
a contact +2400 +3000 2057 2023 1000
a contact +2400 +3000 2058 2002 1000
a contact +2400 +3000 2059 9004 1000
a contact +2400 +3000 2060 2022 1000
a contact +2400 +3000 2061 2012 1000
a contact +2400 +3000 2062 2021 1000
a contact +2400 +3000 2063 2020 1000
a contact +2400 +3000 2064 2013 1000
a contact +2400 +3000 9001 2009 1000
a contact +2400 +3000 9002 2006 1000
a contact +1800 +3000 9003 9006 1000
a contact +2400 +3000 9004 2059 1000
a contact +2400 +3000 9005 2053 1000
a contact +1800 +3000 9006 9003 1000
a contact +2400 +3000 9007 2052 1000
a contact +2400 +3000 9008 2042 1000
a contact +1800 +3000 9009 9012 1000
a contact +2400 +3000 9010 2037 1000
a contact +2400 +3000 9011 2032 1000
a contact +1800 +3000 9012 9009 1000
a contact +3000 +3600 2001 2010 1000
a contact +3000 +3600 2002 2053 1000
a contact +3000 +3600 2003 2018 1000
a contact +3000 +3600 2004 2016 1000
a contact +3000 +3600 2005 2009 1000
a contact +3000 +3600 2006 9008 1000
a contact +3000 +3600 2007 2058 1000
a contact +3000 +3600 2008 2019 1000
a contact +3000 +3600 2009 2005 1000
a contact +3000 +3600 2010 2001 1000
a contact +3000 +3600 2011 2064 1000
a contact +3000 +3600 2012 2060 1000
a contact +3000 +3600 2013 2043 1000
a contact +3000 +3600 2014 2038 1000
a contact +3000 +3600 2015 2025 1000
a contact +3000 +3600 2016 2004 1000
a contact +3000 +3600 2017 2023 1000
a contact +3000 +3600 2018 2003 1000
a contact +3000 +3600 2019 2008 1000
a contact +3000 +3600 2020 2062 1000
a contact +3000 +3600 2021 2063 1000
a contact +3000 +3600 2022 2061 1000
a contact +3000 +3600 2023 2017 1000
a contact +3000 +3600 2024 2057 1000
a contact +3000 +3600 2025 2015 1000
a contact +3000 +3600 2026 2056 1000
a contact +3000 +3600 2027 2051 1000
a contact +3000 +3600 2028 2055 1000
a contact +3000 +3600 2029 2054 1000
a contact +3000 +3600 2030 2047 1000
a contact +3000 +3600 2031 9011 1000
a contact +3000 +3600 2032 9010 1000
a contact +3000 +3600 2033 2050 1000
a contact +3000 +3600 2034 2049 1000
a contact +3000 +3600 2035 2048 1000
a contact +3000 +3600 2036 2046 1000
a contact +3000 +3600 2037 9007 1000
a contact +3000 +3600 2038 2014 1000
a contact +3000 +3600 2039 2045 1000
a contact +3000 +3600 2040 2044 1000
a contact +3000 +3600 2041 9005 1000
a contact +3000 +3600 2042 9004 1000
a contact +3000 +3600 2043 2013 1000
a contact +3000 +3600 2044 2040 1000
a contact +3000 +3600 2045 2039 1000
a contact +3000 +3600 2046 2036 1000
a contact +3000 +3600 2047 2030 1000
a contact +3000 +3600 2048 2035 1000
a contact +3000 +3600 2049 2034 1000
a contact +3000 +3600 2050 2033 1000
a contact +3000 +3600 2051 2027 1000
a contact +3000 +3600 2052 9002 1000
a contact +3000 +3600 2053 2002 1000
a contact +3000 +3600 2054 2029 1000
a contact +3000 +3600 2055 2028 1000
a contact +3000 +3600 2056 2026 1000
a contact +3000 +3600 2057 2024 1000
a contact +3000 +3600 2058 2007 1000
a contact +3000 +3600 2059 9001 1000
a contact +3000 +3600 2060 2012 1000
a contact +3000 +3600 2061 2022 1000
a contact +3000 +3600 2062 2020 1000
a contact +3000 +3600 2063 2021 1000
a contact +3000 +3600 2064 2011 1000
a contact +3000 +3600 9001 2059 1000
a contact +3000 +3600 9002 2052 1000
a contact +3000 +3600 9003 9009 1000
a contact +3000 +3600 9004 2042 1000
a contact +3000 +3600 9005 2041 1000
a contact +3000 +3600 9006 9012 1000
a contact +3000 +3600 9007 2037 1000
a contact +3000 +3600 9008 2006 1000
a contact +3000 +3600 9009 9003 1000
a contact +3000 +3600 9010 2032 1000
a contact +3000 +3600 9011 2031 1000
a contact +3000 +3600 9012 9006 1000
a contact +3600 +4200 2001 2011 1000
a contact +3600 +4200 2002 2052 1000
a contact +3600 +4200 2003 2005 1000
a contact +3600 +4200 2004 2058 1000
a contact +3600 +4200 2005 2003 1000
a contact +3600 +4200 2006 9011 1000
a contact +3600 +4200 2007 2053 1000
a contact +3600 +4200 2008 2063 1000
a contact +3600 +4200 2009 9008 1000
a contact +3600 +4200 2010 2042 1000
a contact +3600 +4200 2011 2001 1000
a contact +3600 +4200 2012 2057 1000
a contact +3600 +4200 2013 2017 1000
a contact +3600 +4200 2014 2037 1000
a contact +3600 +4200 2015 2032 1000
a contact +3600 +4200 2016 2039 1000
a contact +3600 +4200 2017 2013 1000
a contact +3600 +4200 2018 9007 1000
a contact +3600 +4200 2019 2064 1000
a contact +3600 +4200 2020 2061 1000
a contact +3600 +4200 2021 2060 1000
a contact +3600 +4200 2022 2062 1000
a contact +3600 +4200 2023 2056 1000
a contact +3600 +4200 2024 2054 1000
a contact +3600 +4200 2025 2051 1000
a contact +3600 +4200 2026 2055 1000
a contact +3600 +4200 2027 2050 1000
a contact +3600 +4200 2028 2047 1000
a contact +3600 +4200 2029 2049 1000
a contact +3600 +4200 2030 2045 1000
a contact +3600 +4200 2031 9005 1000
a contact +3600 +4200 2032 2015 1000
a contact +3600 +4200 2033 2048 1000
a contact +3600 +4200 2034 2044 1000
a contact +3600 +4200 2035 2046 1000
a contact +3600 +4200 2036 9004 1000
a contact +3600 +4200 2037 2014 1000
a contact +3600 +4200 2038 2043 1000
a contact +3600 +4200 2039 2016 1000
a contact +3600 +4200 2040 9010 1000
a contact +3600 +4200 2041 9001 1000
a contact +3600 +4200 2042 2010 1000
a contact +3600 +4200 2043 2038 1000
a contact +3600 +4200 2044 2034 1000
a contact +3600 +4200 2045 2030 1000
a contact +3600 +4200 2046 2035 1000
a contact +3600 +4200 2047 2028 1000
a contact +3600 +4200 2048 2033 1000
a contact +3600 +4200 2049 2029 1000
a contact +3600 +4200 2050 2027 1000
a contact +3600 +4200 2051 2025 1000
a contact +3600 +4200 2052 2002 1000
a contact +3600 +4200 2053 2007 1000
a contact +3600 +4200 2054 2024 1000
a contact +3600 +4200 2055 2026 1000
a contact +3600 +4200 2056 2023 1000
a contact +3600 +4200 2057 2012 1000
a contact +3600 +4200 2058 2004 1000
a contact +3600 +4200 2059 9002 1000
a contact +3600 +4200 2060 2021 1000
a contact +3600 +4200 2061 2020 1000
a contact +3600 +4200 2062 2022 1000
a contact +3600 +4200 2063 2008 1000
a contact +3600 +4200 2064 2019 1000
a contact +3600 +4200 9001 2041 1000
a contact +3600 +4200 9002 2059 1000
a contact +3600 +4200 9003 9012 1000
a contact +3600 +4200 9004 2036 1000
a contact +3600 +4200 9005 2031 1000
a contact +3600 +4200 9006 9009 1000
a contact +3600 +4200 9007 2018 1000
a contact +3600 +4200 9008 2009 1000
a contact +3600 +4200 9009 9006 1000
a contact +3600 +4200 9010 2040 1000
a contact +3600 +4200 9011 2006 1000
a contact +3600 +4200 9012 9003 1000
a contact +4200 +4800 2001 2012 1000
a contact +4200 +4800 2002 2051 1000
a contact +4200 +4800 2003 2052 1000
a contact +4200 +4800 2004 2041 1000
a contact +4200 +4800 2005 9005 1000
a contact +4200 +4800 2006 9010 1000
a contact +4200 +4800 2007 2042 1000
a contact +4200 +4800 2008 2062 1000
a contact +4200 +4800 2009 9002 1000
a contact +4200 +4800 2010 2037 1000
a contact +4200 +4800 2011 2061 1000
a contact +4200 +4800 2012 2001 1000
a contact +4200 +4800 2013 2032 1000
a contact +4200 +4800 2014 2018 1000
a contact +4200 +4800 2015 2017 1000
a contact +4200 +4800 2016 9004 1000
a contact +4200 +4800 2017 2015 1000
a contact +4200 +4800 2018 2014 1000
a contact +4200 +4800 2019 2063 1000
a contact +4200 +4800 2020 2060 1000
a contact +4200 +4800 2021 2064 1000
a contact +4200 +4800 2022 2056 1000
a contact +4200 +4800 2023 2055 1000
a contact +4200 +4800 2024 2053 1000
a contact +4200 +4800 2025 2057 1000
a contact +4200 +4800 2026 2050 1000
a contact +4200 +4800 2027 2048 1000
a contact +4200 +4800 2028 2054 1000
a contact +4200 +4800 2029 2046 1000
a contact +4200 +4800 2030 2044 1000
a contact +4200 +4800 2031 9008 1000
a contact +4200 +4800 2032 2013 1000
a contact +4200 +4800 2033 2049 1000
a contact +4200 +4800 2034 2045 1000
a contact +4200 +4800 2035 2047 1000
a contact +4200 +4800 2036 9001 1000
a contact +4200 +4800 2037 2010 1000
a contact +4200 +4800 2038 2040 1000
a contact +4200 +4800 2039 2043 1000
a contact +4200 +4800 2040 2038 1000
a contact +4200 +4800 2041 2004 1000
a contact +4200 +4800 2042 2007 1000
a contact +4200 +4800 2043 2039 1000
a contact +4200 +4800 2044 2030 1000
a contact +4200 +4800 2045 2034 1000
a contact +4200 +4800 2046 2029 1000
a contact +4200 +4800 2047 2035 1000
a contact +4200 +4800 2048 2027 1000
a contact +4200 +4800 2049 2033 1000
a contact +4200 +4800 2050 2026 1000
a contact +4200 +4800 2051 2002 1000
a contact +4200 +4800 2052 2003 1000
a contact +4200 +4800 2053 2024 1000
a contact +4200 +4800 2054 2028 1000
a contact +4200 +4800 2055 2023 1000
a contact +4200 +4800 2056 2022 1000
a contact +4200 +4800 2057 2025 1000
a contact +4200 +4800 2058 9011 1000
a contact +4200 +4800 2059 9007 1000
a contact +4200 +4800 2060 2020 1000
a contact +4200 +4800 2061 2011 1000
a contact +4200 +4800 2062 2008 1000
a contact +4200 +4800 2063 2019 1000
a contact +4200 +4800 2064 2021 1000
a contact +4200 +4800 9001 2036 1000
a contact +4200 +4800 9002 2009 1000
a contact +4200 +4800 9003 9006 1000
a contact +4200 +4800 9004 2016 1000
a contact +4200 +4800 9005 2005 1000
a contact +4200 +4800 9006 9003 1000
a contact +4200 +4800 9007 2059 1000
a contact +4200 +4800 9008 2031 1000
a contact +4200 +4800 9009 9012 1000
a contact +4200 +4800 9010 2006 1000
a contact +4200 +4800 9011 2058 1000
a contact +4200 +4800 9012 9009 1000
a contact +4800 +5400 2001 2013 1000
a contact +4800 +5400 2002 2041 1000
a contact +4800 +5400 2003 2051 1000
a contact +4800 +5400 2004 2006 1000
a contact +4800 +5400 2005 9007 1000
a contact +4800 +5400 2006 2004 1000
a contact +4800 +5400 2007 2052 1000
a contact +4800 +5400 2008 2061 1000
a contact +4800 +5400 2009 9010 1000
a contact +4800 +5400 2010 2031 1000
a contact +4800 +5400 2011 2062 1000
a contact +4800 +5400 2012 2056 1000
a contact +4800 +5400 2013 2001 1000
a contact +4800 +5400 2014 2017 1000
a contact +4800 +5400 2015 2018 1000
a contact +4800 +5400 2016 2019 1000
a contact +4800 +5400 2017 2014 1000
a contact +4800 +5400 2018 2015 1000
a contact +4800 +5400 2019 2016 1000
a contact +4800 +5400 2020 2055 1000
a contact +4800 +5400 2021 2057 1000
a contact +4800 +5400 2022 2064 1000
a contact +4800 +5400 2023 2063 1000
a contact +4800 +5400 2024 2060 1000
a contact +4800 +5400 2025 2053 1000
a contact +4800 +5400 2026 2049 1000
a contact +4800 +5400 2027 2047 1000
a contact +4800 +5400 2028 2046 1000
a contact +4800 +5400 2029 2045 1000
a contact +4800 +5400 2030 9004 1000
a contact +4800 +5400 2031 2010 1000
a contact +4800 +5400 2032 2054 1000
a contact +4800 +5400 2033 2044 1000
a contact +4800 +5400 2034 2050 1000
a contact +4800 +5400 2035 9001 1000
a contact +4800 +5400 2036 2039 1000
a contact +4800 +5400 2037 2043 1000
a contact +4800 +5400 2038 2042 1000
a contact +4800 +5400 2039 2036 1000
a contact +4800 +5400 2040 9008 1000
a contact +4800 +5400 2041 2002 1000
a contact +4800 +5400 2042 2038 1000
a contact +4800 +5400 2043 2037 1000
a contact +4800 +5400 2044 2033 1000
a contact +4800 +5400 2045 2029 1000
a contact +4800 +5400 2046 2028 1000
a contact +4800 +5400 2047 2027 1000
a contact +4800 +5400 2048 9002 1000
a contact +4800 +5400 2049 2026 1000
a contact +4800 +5400 2050 2034 1000
a contact +4800 +5400 2051 2003 1000
a contact +4800 +5400 2052 2007 1000
a contact +4800 +5400 2053 2025 1000
a contact +4800 +5400 2054 2032 1000
a contact +4800 +5400 2055 2020 1000
a contact +4800 +5400 2056 2012 1000
a contact +4800 +5400 2057 2021 1000
a contact +4800 +5400 2058 9005 1000
a contact +4800 +5400 2059 9011 1000
a contact +4800 +5400 2060 2024 1000
a contact +4800 +5400 2061 2008 1000
a contact +4800 +5400 2062 2011 1000
a contact +4800 +5400 2063 2023 1000
a contact +4800 +5400 2064 2022 1000
a contact +4800 +5400 9001 2035 1000
a contact +4800 +5400 9002 2048 1000
a contact +4800 +5400 9003 9009 1000
a contact +4800 +5400 9004 2030 1000
a contact +4800 +5400 9005 2058 1000
a contact +4800 +5400 9006 9012 1000
a contact +4800 +5400 9007 2005 1000
a contact +4800 +5400 9008 2040 1000
a contact +4800 +5400 9009 9003 1000
a contact +4800 +5400 9010 2009 1000
a contact +4800 +5400 9011 2059 1000
a contact +4800 +5400 9012 9006 1000
a contact +5400 +6000 2001 2009 1000
a contact +5400 +6000 2002 2036 1000
a contact +5400 +6000 2003 2031 1000
a contact +5400 +6000 2004 2017 1000
a contact +5400 +6000 2005 9011 1000
a contact +5400 +6000 2006 2007 1000
a contact +5400 +6000 2007 2006 1000
a contact +5400 +6000 2008 2060 1000
a contact +5400 +6000 2009 2001 1000
a contact +5400 +6000 2010 2018 1000
a contact +5400 +6000 2011 2056 1000
a contact +5400 +6000 2012 2055 1000
a contact +5400 +6000 2013 2062 1000
a contact +5400 +6000 2014 2064 1000
a contact +5400 +6000 2015 2016 1000
a contact +5400 +6000 2016 2015 1000
a contact +5400 +6000 2017 2004 1000
a contact +5400 +6000 2018 2010 1000
a contact +5400 +6000 2019 2061 1000
a contact +5400 +6000 2020 2051 1000
a contact +5400 +6000 2021 2054 1000
a contact +5400 +6000 2022 2063 1000
a contact +5400 +6000 2023 2053 1000
a contact +5400 +6000 2024 2047 1000
a contact +5400 +6000 2025 2050 1000
a contact +5400 +6000 2026 2057 1000
a contact +5400 +6000 2027 2046 1000
a contact +5400 +6000 2028 2045 1000
a contact +5400 +6000 2029 2044 1000
a contact +5400 +6000 2030 9001 1000
a contact +5400 +6000 2031 2003 1000
a contact +5400 +6000 2032 2049 1000
a contact +5400 +6000 2033 2043 1000
a contact +5400 +6000 2034 2042 1000
a contact +5400 +6000 2035 9002 1000
a contact +5400 +6000 2036 2002 1000
a contact +5400 +6000 2037 2040 1000
a contact +5400 +6000 2038 2039 1000
a contact +5400 +6000 2039 2038 1000
a contact +5400 +6000 2040 2037 1000
a contact +5400 +6000 2041 9008 1000
a contact +5400 +6000 2042 2034 1000
a contact +5400 +6000 2043 2033 1000
a contact +5400 +6000 2044 2029 1000
a contact +5400 +6000 2045 2028 1000
a contact +5400 +6000 2046 2027 1000
a contact +5400 +6000 2047 2024 1000
a contact +5400 +6000 2048 9007 1000
a contact +5400 +6000 2049 2032 1000
a contact +5400 +6000 2050 2025 1000
a contact +5400 +6000 2051 2020 1000
a contact +5400 +6000 2052 9005 1000
a contact +5400 +6000 2053 2023 1000
a contact +5400 +6000 2054 2021 1000
a contact +5400 +6000 2055 2012 1000
a contact +5400 +6000 2056 2011 1000
a contact +5400 +6000 2057 2026 1000
a contact +5400 +6000 2058 9004 1000
a contact +5400 +6000 2059 9010 1000
a contact +5400 +6000 2060 2008 1000
a contact +5400 +6000 2061 2019 1000
a contact +5400 +6000 2062 2013 1000
a contact +5400 +6000 2063 2022 1000
a contact +5400 +6000 2064 2014 1000
a contact +5400 +6000 9001 2030 1000
a contact +5400 +6000 9002 2035 1000
a contact +5400 +6000 9003 9012 1000
a contact +5400 +6000 9004 2058 1000
a contact +5400 +6000 9005 2052 1000
a contact +5400 +6000 9006 9009 1000
a contact +5400 +6000 9007 2048 1000
a contact +5400 +6000 9008 2041 1000
a contact +5400 +6000 9009 9006 1000
a contact +5400 +6000 9010 2059 1000
a contact +5400 +6000 9011 2005 1000
a contact +5400 +6000 9012 9003 1000
a contact +6000 +6600 2001 2014 1000
a contact +6000 +6600 2002 2059 1000
a contact +6000 +6600 2003 2015 1000
a contact +6000 +6600 2004 2009 1000
a contact +6000 +6600 2005 9002 1000
a contact +6000 +6600 2006 2008 1000
a contact +6000 +6600 2007 2064 1000
a contact +6000 +6600 2008 2006 1000
a contact +6000 +6600 2009 2004 1000
a contact +6000 +6600 2010 2063 1000
a contact +6000 +6600 2011 2060 1000
a contact +6000 +6600 2012 2058 1000
a contact +6000 +6600 2013 2057 1000
a contact +6000 +6600 2014 2001 1000
a contact +6000 +6600 2015 2003 1000
a contact +6000 +6600 2016 9011 1000
a contact +6000 +6600 2017 9010 1000
a contact +6000 +6600 2018 2062 1000
a contact +6000 +6600 2019 2056 1000
a contact +6000 +6600 2020 2050 1000
a contact +6000 +6600 2021 2055 1000
a contact +6000 +6600 2022 2054 1000
a contact +6000 +6600 2023 2061 1000
a contact +6000 +6600 2024 2052 1000
a contact +6000 +6600 2025 2049 1000
a contact +6000 +6600 2026 2053 1000
a contact +6000 +6600 2027 2045 1000
a contact +6000 +6600 2028 2044 1000
a contact +6000 +6600 2029 2043 1000
a contact +6000 +6600 2030 9008 1000
a contact +6000 +6600 2031 2051 1000
a contact +6000 +6600 2032 2047 1000
a contact +6000 +6600 2033 2040 1000
a contact +6000 +6600 2034 9001 1000
a contact +6000 +6600 2035 9004 1000
a contact +6000 +6600 2036 9007 1000
a contact +6000 +6600 2037 2042 1000
a contact +6000 +6600 2038 2046 1000
a contact +6000 +6600 2039 2041 1000
a contact +6000 +6600 2040 2033 1000
a contact +6000 +6600 2041 2039 1000
a contact +6000 +6600 2042 2037 1000
a contact +6000 +6600 2043 2029 1000
a contact +6000 +6600 2044 2028 1000
a contact +6000 +6600 2045 2027 1000
a contact +6000 +6600 2046 2038 1000
a contact +6000 +6600 2047 2032 1000
a contact +6000 +6600 2048 9005 1000
a contact +6000 +6600 2049 2025 1000
a contact +6000 +6600 2050 2020 1000
a contact +6000 +6600 2051 2031 1000
a contact +6000 +6600 2052 2024 1000
a contact +6000 +6600 2053 2026 1000
a contact +6000 +6600 2054 2022 1000
a contact +6000 +6600 2055 2021 1000
a contact +6000 +6600 2056 2019 1000
a contact +6000 +6600 2057 2013 1000
a contact +6000 +6600 2058 2012 1000
a contact +6000 +6600 2059 2002 1000
a contact +6000 +6600 2060 2011 1000
a contact +6000 +6600 2061 2023 1000
a contact +6000 +6600 2062 2018 1000
a contact +6000 +6600 2063 2010 1000
a contact +6000 +6600 2064 2007 1000
a contact +6000 +6600 9001 2034 1000
a contact +6000 +6600 9002 2005 1000
a contact +6000 +6600 9003 9006 1000
a contact +6000 +6600 9004 2035 1000
a contact +6000 +6600 9005 2048 1000
a contact +6000 +6600 9006 9003 1000
a contact +6000 +6600 9007 2036 1000
a contact +6000 +6600 9008 2030 1000
a contact +6000 +6600 9009 9012 1000
a contact +6000 +6600 9010 2017 1000
a contact +6000 +6600 9011 2016 1000
a contact +6000 +6600 9012 9009 1000
a contact +6600 +7200 2001 2015 1000
a contact +6600 +7200 2002 2064 1000
a contact +6600 +7200 2003 2059 1000
a contact +6600 +7200 2004 9011 1000
a contact +6600 +7200 2005 9001 1000
a contact +6600 +7200 2006 2009 1000
a contact +6600 +7200 2007 2063 1000
a contact +6600 +7200 2008 2057 1000
a contact +6600 +7200 2009 2006 1000
a contact +6600 +7200 2010 2062 1000
a contact +6600 +7200 2011 2055 1000
a contact +6600 +7200 2012 2054 1000
a contact +6600 +7200 2013 2060 1000
a contact +6600 +7200 2014 2058 1000
a contact +6600 +7200 2015 2001 1000
a contact +6600 +7200 2016 9010 1000
a contact +6600 +7200 2017 2053 1000
a contact +6600 +7200 2018 2052 1000
a contact +6600 +7200 2019 2051 1000
a contact +6600 +7200 2020 2056 1000
a contact +6600 +7200 2021 2049 1000
a contact +6600 +7200 2022 2046 1000
a contact +6600 +7200 2023 2048 1000
a contact +6600 +7200 2024 2061 1000
a contact +6600 +7200 2025 2045 1000
a contact +6600 +7200 2026 2044 1000
a contact +6600 +7200 2027 2043 1000
a contact +6600 +7200 2028 2042 1000
a contact +6600 +7200 2029 9008 1000
a contact +6600 +7200 2030 2033 1000
a contact +6600 +7200 2031 2050 1000
a contact +6600 +7200 2032 2041 1000
a contact +6600 +7200 2033 2030 1000
a contact +6600 +7200 2034 9002 1000
a contact +6600 +7200 2035 9005 1000
a contact +6600 +7200 2036 2038 1000
a contact +6600 +7200 2037 2039 1000
a contact +6600 +7200 2038 2036 1000
a contact +6600 +7200 2039 2037 1000
a contact +6600 +7200 2040 9007 1000
a contact +6600 +7200 2041 2032 1000
a contact +6600 +7200 2042 2028 1000
a contact +6600 +7200 2043 2027 1000
a contact +6600 +7200 2044 2026 1000
a contact +6600 +7200 2045 2025 1000
a contact +6600 +7200 2046 2022 1000
a contact +6600 +7200 2047 9004 1000
a contact +6600 +7200 2048 2023 1000
a contact +6600 +7200 2049 2021 1000
a contact +6600 +7200 2050 2031 1000
a contact +6600 +7200 2051 2019 1000
a contact +6600 +7200 2052 2018 1000
a contact +6600 +7200 2053 2017 1000
a contact +6600 +7200 2054 2012 1000
a contact +6600 +7200 2055 2011 1000
a contact +6600 +7200 2056 2020 1000
a contact +6600 +7200 2057 2008 1000
a contact +6600 +7200 2058 2014 1000
a contact +6600 +7200 2059 2003 1000
a contact +6600 +7200 2060 2013 1000
a contact +6600 +7200 2061 2024 1000
a contact +6600 +7200 2062 2010 1000
a contact +6600 +7200 2063 2007 1000
a contact +6600 +7200 2064 2002 1000
a contact +6600 +7200 9001 2005 1000
a contact +6600 +7200 9002 2034 1000
a contact +6600 +7200 9003 9009 1000
a contact +6600 +7200 9004 2047 1000
a contact +6600 +7200 9005 2035 1000
a contact +6600 +7200 9006 9012 1000
a contact +6600 +7200 9007 2040 1000
a contact +6600 +7200 9008 2029 1000
a contact +6600 +7200 9009 9003 1000
a contact +6600 +7200 9010 2016 1000
a contact +6600 +7200 9011 2004 1000
a contact +6600 +7200 9012 9006 1000
a contact +7200 +7800 2001 2017 1000
a contact +7200 +7800 2002 2063 1000
a contact +7200 +7800 2003 2064 1000
a contact +7200 +7800 2004 9010 1000
a contact +7200 +7800 2005 9008 1000
a contact +7200 +7800 2006 2010 1000
a contact +7200 +7800 2007 2059 1000
a contact +7200 +7800 2008 2056 1000
a contact +7200 +7800 2009 2062 1000
a contact +7200 +7800 2010 2006 1000
a contact +7200 +7800 2011 2054 1000
a contact +7200 +7800 2012 2053 1000
a contact +7200 +7800 2013 2058 1000
a contact +7200 +7800 2014 2057 1000
a contact +7200 +7800 2015 2060 1000
a contact +7200 +7800 2016 9007 1000
a contact +7200 +7800 2017 2001 1000
a contact +7200 +7800 2018 2061 1000
a contact +7200 +7800 2019 2050 1000
a contact +7200 +7800 2020 2049 1000
a contact +7200 +7800 2021 2052 1000
a contact +7200 +7800 2022 2051 1000
a contact +7200 +7800 2023 2045 1000
a contact +7200 +7800 2024 2048 1000
a contact +7200 +7800 2025 2055 1000
a contact +7200 +7800 2026 2046 1000
a contact +7200 +7800 2027 2044 1000
a contact +7200 +7800 2028 2043 1000
a contact +7200 +7800 2029 9005 1000
a contact +7200 +7800 2030 2042 1000
a contact +7200 +7800 2031 2041 1000
a contact +7200 +7800 2032 2040 1000
a contact +7200 +7800 2033 9001 1000
a contact +7200 +7800 2034 9004 1000
a contact +7200 +7800 2035 2036 1000
a contact +7200 +7800 2036 2035 1000
a contact +7200 +7800 2037 2038 1000
a contact +7200 +7800 2038 2037 1000
a contact +7200 +7800 2039 9011 1000
a contact +7200 +7800 2040 2032 1000
a contact +7200 +7800 2041 2031 1000
a contact +7200 +7800 2042 2030 1000
a contact +7200 +7800 2043 2028 1000
a contact +7200 +7800 2044 2027 1000
a contact +7200 +7800 2045 2023 1000
a contact +7200 +7800 2046 2026 1000
a contact +7200 +7800 2047 9002 1000
a contact +7200 +7800 2048 2024 1000
a contact +7200 +7800 2049 2020 1000
a contact +7200 +7800 2050 2019 1000
a contact +7200 +7800 2051 2022 1000
a contact +7200 +7800 2052 2021 1000
a contact +7200 +7800 2053 2012 1000
a contact +7200 +7800 2054 2011 1000
a contact +7200 +7800 2055 2025 1000
a contact +7200 +7800 2056 2008 1000
a contact +7200 +7800 2057 2014 1000
a contact +7200 +7800 2058 2013 1000
a contact +7200 +7800 2059 2007 1000
a contact +7200 +7800 2060 2015 1000
a contact +7200 +7800 2061 2018 1000
a contact +7200 +7800 2062 2009 1000
a contact +7200 +7800 2063 2002 1000
a contact +7200 +7800 2064 2003 1000
a contact +7200 +7800 9001 2033 1000
a contact +7200 +7800 9002 2047 1000
a contact +7200 +7800 9003 9012 1000
a contact +7200 +7800 9004 2034 1000
a contact +7200 +7800 9005 2029 1000
a contact +7200 +7800 9006 9009 1000
a contact +7200 +7800 9007 2016 1000
a contact +7200 +7800 9008 2005 1000
a contact +7200 +7800 9009 9006 1000
a contact +7200 +7800 9010 2004 1000
a contact +7200 +7800 9011 2039 1000
a contact +7200 +7800 9012 9003 1000
a contact +7800 +8400 2001 2018 1000
a contact +7800 +8400 2002 2004 1000
a contact +7800 +8400 2003 2063 1000
a contact +7800 +8400 2004 2002 1000
a contact +7800 +8400 2005 9004 1000
a contact +7800 +8400 2006 2011 1000
a contact +7800 +8400 2007 2062 1000
a contact +7800 +8400 2008 2055 1000
a contact +7800 +8400 2009 9011 1000
a contact +7800 +8400 2010 2064 1000
a contact +7800 +8400 2011 2006 1000
a contact +7800 +8400 2012 2059 1000
a contact +7800 +8400 2013 2054 1000
a contact +7800 +8400 2014 2053 1000
a contact +7800 +8400 2015 2058 1000
a contact +7800 +8400 2016 2036 1000
a contact +7800 +8400 2017 2052 1000
a contact +7800 +8400 2018 2001 1000
a contact +7800 +8400 2019 2060 1000
a contact +7800 +8400 2020 2047 1000
a contact +7800 +8400 2021 2045 1000
a contact +7800 +8400 2022 2048 1000
a contact +7800 +8400 2023 2050 1000
a contact +7800 +8400 2024 2051 1000
a contact +7800 +8400 2025 2061 1000
a contact +7800 +8400 2026 2043 1000
a contact +7800 +8400 2027 2056 1000
a contact +7800 +8400 2028 2038 1000
a contact +7800 +8400 2029 9010 1000
a contact +7800 +8400 2030 2057 1000
a contact +7800 +8400 2031 2049 1000
a contact +7800 +8400 2032 2044 1000
a contact +7800 +8400 2033 9002 1000
a contact +7800 +8400 2034 9007 1000
a contact +7800 +8400 2035 2042 1000
a contact +7800 +8400 2036 2016 1000
a contact +7800 +8400 2037 2041 1000
a contact +7800 +8400 2038 2028 1000
a contact +7800 +8400 2039 9008 1000
a contact +7800 +8400 2040 9005 1000
a contact +7800 +8400 2041 2037 1000
a contact +7800 +8400 2042 2035 1000
a contact +7800 +8400 2043 2026 1000
a contact +7800 +8400 2044 2032 1000
a contact +7800 +8400 2045 2021 1000
a contact +7800 +8400 2046 9001 1000
a contact +7800 +8400 2047 2020 1000
a contact +7800 +8400 2048 2022 1000
a contact +7800 +8400 2049 2031 1000
a contact +7800 +8400 2050 2023 1000
a contact +7800 +8400 2051 2024 1000
a contact +7800 +8400 2052 2017 1000
a contact +7800 +8400 2053 2014 1000
a contact +7800 +8400 2054 2013 1000
a contact +7800 +8400 2055 2008 1000
a contact +7800 +8400 2056 2027 1000
a contact +7800 +8400 2057 2030 1000
a contact +7800 +8400 2058 2015 1000
a contact +7800 +8400 2059 2012 1000
a contact +7800 +8400 2060 2019 1000
a contact +7800 +8400 2061 2025 1000
a contact +7800 +8400 2062 2007 1000
a contact +7800 +8400 2063 2003 1000
a contact +7800 +8400 2064 2010 1000
a contact +7800 +8400 9001 2046 1000
a contact +7800 +8400 9002 2033 1000
a contact +7800 +8400 9003 9006 1000
a contact +7800 +8400 9004 2005 1000
a contact +7800 +8400 9005 2040 1000
a contact +7800 +8400 9006 9003 1000
a contact +7800 +8400 9007 2034 1000
a contact +7800 +8400 9008 2039 1000
a contact +7800 +8400 9009 9012 1000
a contact +7800 +8400 9010 2029 1000
a contact +7800 +8400 9011 2009 1000
a contact +7800 +8400 9012 9009 1000
a contact +8400 +9000 2001 2019 1000
a contact +8400 +9000 2002 2062 1000
a contact +8400 +9000 2003 2058 1000
a contact +8400 +9000 2004 9008 1000
a contact +8400 +9000 2005 2006 1000
a contact +8400 +9000 2006 2005 1000
a contact +8400 +9000 2007 2009 1000
a contact +8400 +9000 2008 2054 1000
a contact +8400 +9000 2009 2007 1000
a contact +8400 +9000 2010 2061 1000
a contact +8400 +9000 2011 2059 1000
a contact +8400 +9000 2012 2052 1000
a contact +8400 +9000 2013 2053 1000
a contact +8400 +9000 2014 2063 1000
a contact +8400 +9000 2015 2064 1000
a contact +8400 +9000 2016 9005 1000
a contact +8400 +9000 2017 2055 1000
a contact +8400 +9000 2018 2057 1000
a contact +8400 +9000 2019 2001 1000
a contact +8400 +9000 2020 2045 1000
a contact +8400 +9000 2021 2051 1000
a contact +8400 +9000 2022 2050 1000
a contact +8400 +9000 2023 2049 1000
a contact +8400 +9000 2024 2043 1000
a contact +8400 +9000 2025 2056 1000
a contact +8400 +9000 2026 2047 1000
a contact +8400 +9000 2027 2042 1000
a contact +8400 +9000 2028 9007 1000
a contact +8400 +9000 2029 2041 1000
a contact +8400 +9000 2030 2038 1000
a contact +8400 +9000 2031 2039 1000
a contact +8400 +9000 2032 2048 1000
a contact +8400 +9000 2033 9004 1000
a contact +8400 +9000 2034 2035 1000
a contact +8400 +9000 2035 2034 1000
a contact +8400 +9000 2036 9010 1000
a contact +8400 +9000 2037 2044 1000
a contact +8400 +9000 2038 2030 1000
a contact +8400 +9000 2039 2031 1000
a contact +8400 +9000 2040 9001 1000
a contact +8400 +9000 2041 2029 1000
a contact +8400 +9000 2042 2027 1000
a contact +8400 +9000 2043 2024 1000
a contact +8400 +9000 2044 2037 1000
a contact +8400 +9000 2045 2020 1000
a contact +8400 +9000 2046 9011 1000
a contact +8400 +9000 2047 2026 1000
a contact +8400 +9000 2048 2032 1000
a contact +8400 +9000 2049 2023 1000
a contact +8400 +9000 2050 2022 1000
a contact +8400 +9000 2051 2021 1000
a contact +8400 +9000 2052 2012 1000
a contact +8400 +9000 2053 2013 1000
a contact +8400 +9000 2054 2008 1000
a contact +8400 +9000 2055 2017 1000
a contact +8400 +9000 2056 2025 1000
a contact +8400 +9000 2057 2018 1000
a contact +8400 +9000 2058 2003 1000
a contact +8400 +9000 2059 2011 1000
a contact +8400 +9000 2060 9002 1000
a contact +8400 +9000 2061 2010 1000
a contact +8400 +9000 2062 2002 1000
a contact +8400 +9000 2063 2014 1000
a contact +8400 +9000 2064 2015 1000
a contact +8400 +9000 9001 2040 1000
a contact +8400 +9000 9002 2060 1000
a contact +8400 +9000 9003 9009 1000
a contact +8400 +9000 9004 2033 1000
a contact +8400 +9000 9005 2016 1000
a contact +8400 +9000 9006 9012 1000
a contact +8400 +9000 9007 2028 1000
a contact +8400 +9000 9008 2004 1000
a contact +8400 +9000 9009 9003 1000
a contact +8400 +9000 9010 2036 1000
a contact +8400 +9000 9011 2046 1000
a contact +8400 +9000 9012 9006 1000
a contact +9000 +9600 2001 2020 1000
a contact +9000 +9600 2002 2057 1000
a contact +9000 +9600 2003 2056 1000
a contact +9000 +9600 2004 9007 1000
a contact +9000 +9600 2005 2007 1000
a contact +9000 +9600 2006 2012 1000
a contact +9000 +9600 2007 2005 1000
a contact +9000 +9600 2008 2009 1000
a contact +9000 +9600 2009 2008 1000
a contact +9000 +9600 2010 2059 1000
a contact +9000 +9600 2011 2058 1000
a contact +9000 +9600 2012 2006 1000
a contact +9000 +9600 2013 2052 1000
a contact +9000 +9600 2014 2051 1000
a contact +9000 +9600 2015 2063 1000
a contact +9000 +9600 2016 9002 1000
a contact +9000 +9600 2017 2064 1000
a contact +9000 +9600 2018 2055 1000
a contact +9000 +9600 2019 2062 1000
a contact +9000 +9600 2020 2001 1000
a contact +9000 +9600 2021 2048 1000
a contact +9000 +9600 2022 2053 1000
a contact +9000 +9600 2023 2047 1000
a contact +9000 +9600 2024 2042 1000
a contact +9000 +9600 2025 2054 1000
a contact +9000 +9600 2026 2061 1000
a contact +9000 +9600 2027 9005 1000
a contact +9000 +9600 2028 2041 1000
a contact +9000 +9600 2029 2037 1000
a contact +9000 +9600 2030 2043 1000
a contact +9000 +9600 2031 2036 1000
a contact +9000 +9600 2032 2050 1000
a contact +9000 +9600 2033 9008 1000
a contact +9000 +9600 2034 2039 1000
a contact +9000 +9600 2035 2049 1000
a contact +9000 +9600 2036 2031 1000
a contact +9000 +9600 2037 2029 1000
a contact +9000 +9600 2038 2044 1000
a contact +9000 +9600 2039 2034 1000
a contact +9000 +9600 2040 9004 1000
a contact +9000 +9600 2041 2028 1000
a contact +9000 +9600 2042 2024 1000
a contact +9000 +9600 2043 2030 1000
a contact +9000 +9600 2044 2038 1000
a contact +9000 +9600 2045 9011 1000
a contact +9000 +9600 2046 9010 1000
a contact +9000 +9600 2047 2023 1000
a contact +9000 +9600 2048 2021 1000
a contact +9000 +9600 2049 2035 1000
a contact +9000 +9600 2050 2032 1000
a contact +9000 +9600 2051 2014 1000
a contact +9000 +9600 2052 2013 1000
a contact +9000 +9600 2053 2022 1000
a contact +9000 +9600 2054 2025 1000
a contact +9000 +9600 2055 2018 1000
a contact +9000 +9600 2056 2003 1000
a contact +9000 +9600 2057 2002 1000
a contact +9000 +9600 2058 2011 1000
a contact +9000 +9600 2059 2010 1000
a contact +9000 +9600 2060 9001 1000
a contact +9000 +9600 2061 2026 1000
a contact +9000 +9600 2062 2019 1000
a contact +9000 +9600 2063 2015 1000
a contact +9000 +9600 2064 2017 1000
a contact +9000 +9600 9001 2060 1000
a contact +9000 +9600 9002 2016 1000
a contact +9000 +9600 9003 9012 1000
a contact +9000 +9600 9004 2040 1000
a contact +9000 +9600 9005 2027 1000
a contact +9000 +9600 9006 9009 1000
a contact +9000 +9600 9007 2004 1000
a contact +9000 +9600 9008 2033 1000
a contact +9000 +9600 9009 9006 1000
a contact +9000 +9600 9010 2046 1000
a contact +9000 +9600 9011 2045 1000
a contact +9000 +9600 9012 9003 1000
a contact +9600 +10200 2001 2021 1000
a contact +9600 +10200 2002 2056 1000
a contact +9600 +10200 2003 2004 1000
a contact +9600 +10200 2004 2003 1000
a contact +9600 +10200 2005 2011 1000
a contact +9600 +10200 2006 2015 1000
a contact +9600 +10200 2007 2061 1000
a contact +9600 +10200 2008 2058 1000
a contact +9600 +10200 2009 2010 1000
a contact +9600 +10200 2010 2009 1000
a contact +9600 +10200 2011 2005 1000
a contact +9600 +10200 2012 2051 1000
a contact +9600 +10200 2013 2059 1000
a contact +9600 +10200 2014 2052 1000
a contact +9600 +10200 2015 2006 1000
a contact +9600 +10200 2016 2037 1000
a contact +9600 +10200 2017 2063 1000
a contact +9600 +10200 2018 2064 1000
a contact +9600 +10200 2019 2054 1000
a contact +9600 +10200 2020 2053 1000
a contact +9600 +10200 2021 2001 1000
a contact +9600 +10200 2022 2047 1000
a contact +9600 +10200 2023 2046 1000
a contact +9600 +10200 2024 2062 1000
a contact +9600 +10200 2025 2043 1000
a contact +9600 +10200 2026 9008 1000
a contact +9600 +10200 2027 9007 1000
a contact +9600 +10200 2028 2057 1000
a contact +9600 +10200 2029 2042 1000
a contact +9600 +10200 2030 2041 1000
a contact +9600 +10200 2031 2055 1000
a contact +9600 +10200 2032 2039 1000
a contact +9600 +10200 2033 9010 1000
a contact +9600 +10200 2034 2048 1000
a contact +9600 +10200 2035 2050 1000
a contact +9600 +10200 2036 2049 1000
a contact +9600 +10200 2037 2016 1000
a contact +9600 +10200 2038 9011 1000
a contact +9600 +10200 2039 2032 1000
a contact +9600 +10200 2040 9002 1000
a contact +9600 +10200 2041 2030 1000
a contact +9600 +10200 2042 2029 1000
a contact +9600 +10200 2043 2025 1000
a contact +9600 +10200 2044 9001 1000
a contact +9600 +10200 2045 9005 1000
a contact +9600 +10200 2046 2023 1000
a contact +9600 +10200 2047 2022 1000
a contact +9600 +10200 2048 2034 1000
a contact +9600 +10200 2049 2036 1000
a contact +9600 +10200 2050 2035 1000
a contact +9600 +10200 2051 2012 1000
a contact +9600 +10200 2052 2014 1000
a contact +9600 +10200 2053 2020 1000
a contact +9600 +10200 2054 2019 1000
a contact +9600 +10200 2055 2031 1000
a contact +9600 +10200 2056 2002 1000
a contact +9600 +10200 2057 2028 1000
a contact +9600 +10200 2058 2008 1000
a contact +9600 +10200 2059 2013 1000
a contact +9600 +10200 2060 9004 1000
a contact +9600 +10200 2061 2007 1000
a contact +9600 +10200 2062 2024 1000
a contact +9600 +10200 2063 2017 1000
a contact +9600 +10200 2064 2018 1000
a contact +9600 +10200 9001 2044 1000
a contact +9600 +10200 9002 2040 1000
a contact +9600 +10200 9003 9006 1000
a contact +9600 +10200 9004 2060 1000
a contact +9600 +10200 9005 2045 1000
a contact +9600 +10200 9006 9003 1000
a contact +9600 +10200 9007 2027 1000
a contact +9600 +10200 9008 2026 1000
a contact +9600 +10200 9009 9012 1000
a contact +9600 +10200 9010 2033 1000
a contact +9600 +10200 9011 2038 1000
a contact +9600 +10200 9012 9009 1000
a contact +10200 +10800 2001 2022 1000
a contact +10200 +10800 2002 2045 1000
a contact +10200 +10800 2003 2020 1000
a contact +10200 +10800 2004 2040 1000
a contact +10200 +10800 2005 2010 1000
a contact +10200 +10800 2006 2016 1000
a contact +10200 +10800 2007 2027 1000
a contact +10200 +10800 2008 2053 1000
a contact +10200 +10800 2009 2011 1000
a contact +10200 +10800 2010 2005 1000
a contact +10200 +10800 2011 2009 1000
a contact +10200 +10800 2012 2050 1000
a contact +10200 +10800 2013 2056 1000
a contact +10200 +10800 2014 2059 1000
a contact +10200 +10800 2015 2062 1000
a contact +10200 +10800 2016 2006 1000
a contact +10200 +10800 2017 2058 1000
a contact +10200 +10800 2018 2063 1000
a contact +10200 +10800 2019 9004 1000
a contact +10200 +10800 2020 2003 1000
a contact +10200 +10800 2021 2047 1000
a contact +10200 +10800 2022 2001 1000
a contact +10200 +10800 2023 2064 1000
a contact +10200 +10800 2024 2046 1000
a contact +10200 +10800 2025 2052 1000
a contact +10200 +10800 2026 9011 1000
a contact +10200 +10800 2027 2007 1000
a contact +10200 +10800 2028 2035 1000
a contact +10200 +10800 2029 2057 1000
a contact +10200 +10800 2030 2051 1000
a contact +10200 +10800 2031 2043 1000
a contact +10200 +10800 2032 2034 1000
a contact +10200 +10800 2033 2042 1000
a contact +10200 +10800 2034 2032 1000
a contact +10200 +10800 2035 2028 1000
a contact +10200 +10800 2036 2048 1000
a contact +10200 +10800 2037 2049 1000
a contact +10200 +10800 2038 2041 1000
a contact +10200 +10800 2039 9007 1000
a contact +10200 +10800 2040 2004 1000
a contact +10200 +10800 2041 2038 1000
a contact +10200 +10800 2042 2033 1000
a contact +10200 +10800 2043 2031 1000
a contact +10200 +10800 2044 9008 1000
a contact +10200 +10800 2045 2002 1000
a contact +10200 +10800 2046 2024 1000
a contact +10200 +10800 2047 2021 1000
a contact +10200 +10800 2048 2036 1000
a contact +10200 +10800 2049 2037 1000
a contact +10200 +10800 2050 2012 1000
a contact +10200 +10800 2051 2030 1000
a contact +10200 +10800 2052 2025 1000
a contact +10200 +10800 2053 2008 1000
a contact +10200 +10800 2054 9010 1000
a contact +10200 +10800 2055 9002 1000
a contact +10200 +10800 2056 2013 1000
a contact +10200 +10800 2057 2029 1000
a contact +10200 +10800 2058 2017 1000
a contact +10200 +10800 2059 2014 1000
a contact +10200 +10800 2060 9005 1000
a contact +10200 +10800 2061 9001 1000
a contact +10200 +10800 2062 2015 1000
a contact +10200 +10800 2063 2018 1000
a contact +10200 +10800 2064 2023 1000
a contact +10200 +10800 9001 2061 1000
a contact +10200 +10800 9002 2055 1000
a contact +10200 +10800 9003 9009 1000
a contact +10200 +10800 9004 2019 1000
a contact +10200 +10800 9005 2060 1000
a contact +10200 +10800 9006 9012 1000
a contact +10200 +10800 9007 2039 1000
a contact +10200 +10800 9008 2044 1000
a contact +10200 +10800 9009 9003 1000
a contact +10200 +10800 9010 2054 1000
a contact +10200 +10800 9011 2026 1000
a contact +10200 +10800 9012 9006 1000
a contact +10800 +11400 2001 2023 1000
a contact +10800 +11400 2002 2040 1000
a contact +10800 +11400 2003 2026 1000
a contact +10800 +11400 2004 2020 1000
a contact +10800 +11400 2005 2019 1000
a contact +10800 +11400 2006 2017 1000
a contact +10800 +11400 2007 2016 1000
a contact +10800 +11400 2008 2052 1000
a contact +10800 +11400 2009 2015 1000
a contact +10800 +11400 2010 2045 1000
a contact +10800 +11400 2011 2057 1000
a contact +10800 +11400 2012 2049 1000
a contact +10800 +11400 2013 2051 1000
a contact +10800 +11400 2014 2056 1000
a contact +10800 +11400 2015 2009 1000
a contact +10800 +11400 2016 2007 1000
a contact +10800 +11400 2017 2006 1000
a contact +10800 +11400 2018 2059 1000
a contact +10800 +11400 2019 2005 1000
a contact +10800 +11400 2020 2004 1000
a contact +10800 +11400 2021 2058 1000
a contact +10800 +11400 2022 2042 1000
a contact +10800 +11400 2023 2001 1000
a contact +10800 +11400 2024 2064 1000
a contact +10800 +11400 2025 9001 1000
a contact +10800 +11400 2026 2003 1000
a contact +10800 +11400 2027 2062 1000
a contact +10800 +11400 2028 2063 1000
a contact +10800 +11400 2029 2053 1000
a contact +10800 +11400 2030 2035 1000
a contact +10800 +11400 2031 2038 1000
a contact +10800 +11400 2032 2046 1000
a contact +10800 +11400 2033 2034 1000
a contact +10800 +11400 2034 2033 1000
a contact +10800 +11400 2035 2030 1000
a contact +10800 +11400 2036 2050 1000
a contact +10800 +11400 2037 2048 1000
a contact +10800 +11400 2038 2031 1000
a contact +10800 +11400 2039 9004 1000
a contact +10800 +11400 2040 2002 1000
a contact +10800 +11400 2041 2047 1000
a contact +10800 +11400 2042 2022 1000
a contact +10800 +11400 2043 9011 1000
a contact +10800 +11400 2044 9010 1000
a contact +10800 +11400 2045 2010 1000
a contact +10800 +11400 2046 2032 1000
a contact +10800 +11400 2047 2041 1000
a contact +10800 +11400 2048 2037 1000
a contact +10800 +11400 2049 2012 1000
a contact +10800 +11400 2050 2036 1000
a contact +10800 +11400 2051 2013 1000
a contact +10800 +11400 2052 2008 1000
a contact +10800 +11400 2053 2029 1000
a contact +10800 +11400 2054 9005 1000
a contact +10800 +11400 2055 9008 1000
a contact +10800 +11400 2056 2014 1000
a contact +10800 +11400 2057 2011 1000
a contact +10800 +11400 2058 2021 1000
a contact +10800 +11400 2059 2018 1000
a contact +10800 +11400 2060 9007 1000
a contact +10800 +11400 2061 9002 1000
a contact +10800 +11400 2062 2027 1000
a contact +10800 +11400 2063 2028 1000
a contact +10800 +11400 2064 2024 1000
a contact +10800 +11400 9001 2025 1000
a contact +10800 +11400 9002 2061 1000
a contact +10800 +11400 9003 9012 1000
a contact +10800 +11400 9004 2039 1000
a contact +10800 +11400 9005 2054 1000
a contact +10800 +11400 9006 9009 1000
a contact +10800 +11400 9007 2060 1000
a contact +10800 +11400 9008 2055 1000
a contact +10800 +11400 9009 9006 1000
a contact +10800 +11400 9010 2044 1000
a contact +10800 +11400 9011 2043 1000
a contact +10800 +11400 9012 9003 1000
a contact +11400 +12000 2001 2024 1000
a contact +11400 +12000 2002 2055 1000
a contact +11400 +12000 2003 2053 1000
a contact +11400 +12000 2004 2044 1000
a contact +11400 +12000 2005 2014 1000
a contact +11400 +12000 2006 2018 1000
a contact +11400 +12000 2007 2026 1000
a contact +11400 +12000 2008 2020 1000
a contact +11400 +12000 2009 2016 1000
a contact +11400 +12000 2010 2058 1000
a contact +11400 +12000 2011 2052 1000
a contact +11400 +12000 2012 2048 1000
a contact +11400 +12000 2013 2050 1000
a contact +11400 +12000 2014 2005 1000
a contact +11400 +12000 2015 2057 1000
a contact +11400 +12000 2016 2009 1000
a contact +11400 +12000 2017 2059 1000
a contact +11400 +12000 2018 2006 1000
a contact +11400 +12000 2019 9011 1000
a contact +11400 +12000 2020 2008 1000
a contact +11400 +12000 2021 2046 1000
a contact +11400 +12000 2022 2049 1000
a contact +11400 +12000 2023 2062 1000
a contact +11400 +12000 2024 2001 1000
a contact +11400 +12000 2025 9010 1000
a contact +11400 +12000 2026 2007 1000
a contact +11400 +12000 2027 2064 1000
a contact +11400 +12000 2028 2056 1000
a contact +11400 +12000 2029 2063 1000
a contact +11400 +12000 2030 2034 1000
a contact +11400 +12000 2031 2042 1000
a contact +11400 +12000 2032 2035 1000
a contact +11400 +12000 2033 2051 1000
a contact +11400 +12000 2034 2030 1000
a contact +11400 +12000 2035 2032 1000
a contact +11400 +12000 2036 2047 1000
a contact +11400 +12000 2037 2045 1000
a contact +11400 +12000 2038 9007 1000
a contact +11400 +12000 2039 9002 1000
a contact +11400 +12000 2040 2041 1000
a contact +11400 +12000 2041 2040 1000
a contact +11400 +12000 2042 2031 1000
a contact +11400 +12000 2043 9005 1000
a contact +11400 +12000 2044 2004 1000
a contact +11400 +12000 2045 2037 1000
a contact +11400 +12000 2046 2021 1000
a contact +11400 +12000 2047 2036 1000
a contact +11400 +12000 2048 2012 1000
a contact +11400 +12000 2049 2022 1000
a contact +11400 +12000 2050 2013 1000
a contact +11400 +12000 2051 2033 1000
a contact +11400 +12000 2052 2011 1000
a contact +11400 +12000 2053 2003 1000
a contact +11400 +12000 2054 9001 1000
a contact +11400 +12000 2055 2002 1000
a contact +11400 +12000 2056 2028 1000
a contact +11400 +12000 2057 2015 1000
a contact +11400 +12000 2058 2010 1000
a contact +11400 +12000 2059 2017 1000
a contact +11400 +12000 2060 9008 1000
a contact +11400 +12000 2061 9004 1000
a contact +11400 +12000 2062 2023 1000
a contact +11400 +12000 2063 2029 1000
a contact +11400 +12000 2064 2027 1000
a contact +11400 +12000 9001 2054 1000
a contact +11400 +12000 9002 2039 1000
a contact +11400 +12000 9003 9006 1000
a contact +11400 +12000 9004 2061 1000
a contact +11400 +12000 9005 2043 1000
a contact +11400 +12000 9006 9003 1000
a contact +11400 +12000 9007 2038 1000
a contact +11400 +12000 9008 2060 1000
a contact +11400 +12000 9009 9012 1000
a contact +11400 +12000 9010 2025 1000
a contact +11400 +12000 9011 2019 1000
a contact +11400 +12000 9012 9009 1000
a contact +12000 +12600 2001 2027 1000
a contact +12000 +12600 2002 2060 1000
a contact +12000 +12600 2003 2009 1000
a contact +12000 +12600 2004 2053 1000
a contact +12000 +12600 2005 2015 1000
a contact +12000 +12600 2006 2020 1000
a contact +12000 +12600 2007 2039 1000
a contact +12000 +12600 2008 2051 1000
a contact +12000 +12600 2009 2003 1000
a contact +12000 +12600 2010 2044 1000
a contact +12000 +12600 2011 2050 1000
a contact +12000 +12600 2012 2026 1000
a contact +12000 +12600 2013 2055 1000
a contact +12000 +12600 2014 2034 1000
a contact +12000 +12600 2015 2005 1000
a contact +12000 +12600 2016 2017 1000
a contact +12000 +12600 2017 2016 1000
a contact +12000 +12600 2018 2033 1000
a contact +12000 +12600 2019 9010 1000
a contact +12000 +12600 2020 2006 1000
a contact +12000 +12600 2021 2059 1000
a contact +12000 +12600 2022 2058 1000
a contact +12000 +12600 2023 2052 1000
a contact +12000 +12600 2024 2063 1000
a contact +12000 +12600 2025 9008 1000
a contact +12000 +12600 2026 2012 1000
a contact +12000 +12600 2027 2001 1000
a contact +12000 +12600 2028 2064 1000
a contact +12000 +12600 2029 2062 1000
a contact +12000 +12600 2030 2056 1000
a contact +12000 +12600 2031 2057 1000
a contact +12000 +12600 2032 9007 1000
a contact +12000 +12600 2033 2018 1000
a contact +12000 +12600 2034 2014 1000
a contact +12000 +12600 2035 9011 1000
a contact +12000 +12600 2036 2045 1000
a contact +12000 +12600 2037 2047 1000
a contact +12000 +12600 2038 9004 1000
a contact +12000 +12600 2039 2007 1000
a contact +12000 +12600 2040 2048 1000
a contact +12000 +12600 2041 2046 1000
a contact +12000 +12600 2042 9005 1000
a contact +12000 +12600 2043 9001 1000
a contact +12000 +12600 2044 2010 1000
a contact +12000 +12600 2045 2036 1000
a contact +12000 +12600 2046 2041 1000
a contact +12000 +12600 2047 2037 1000
a contact +12000 +12600 2048 2040 1000
a contact +12000 +12600 2049 2061 1000
a contact +12000 +12600 2050 2011 1000
a contact +12000 +12600 2051 2008 1000
a contact +12000 +12600 2052 2023 1000
a contact +12000 +12600 2053 2004 1000
a contact +12000 +12600 2054 9002 1000
a contact +12000 +12600 2055 2013 1000
a contact +12000 +12600 2056 2030 1000
a contact +12000 +12600 2057 2031 1000
a contact +12000 +12600 2058 2022 1000
a contact +12000 +12600 2059 2021 1000
a contact +12000 +12600 2060 2002 1000
a contact +12000 +12600 2061 2049 1000
a contact +12000 +12600 2062 2029 1000
a contact +12000 +12600 2063 2024 1000
a contact +12000 +12600 2064 2028 1000
a contact +12000 +12600 9001 2043 1000
a contact +12000 +12600 9002 2054 1000
a contact +12000 +12600 9003 9009 1000
a contact +12000 +12600 9004 2038 1000
a contact +12000 +12600 9005 2042 1000
a contact +12000 +12600 9006 9012 1000
a contact +12000 +12600 9007 2032 1000
a contact +12000 +12600 9008 2025 1000
a contact +12000 +12600 9009 9003 1000
a contact +12000 +12600 9010 2019 1000
a contact +12000 +12600 9011 2035 1000
a contact +12000 +12600 9012 9006 1000
a contact +12600 +13200 2001 2026 1000
a contact +12600 +13200 2002 2043 1000
a contact +12600 +13200 2003 2044 1000
a contact +12600 +13200 2004 2039 1000
a contact +12600 +13200 2005 2020 1000
a contact +12600 +13200 2006 2019 1000
a contact +12600 +13200 2007 2057 1000
a contact +12600 +13200 2008 2050 1000
a contact +12600 +13200 2009 2017 1000
a contact +12600 +13200 2010 2053 1000
a contact +12600 +13200 2011 2051 1000
a contact +12600 +13200 2012 2047 1000
a contact +12600 +13200 2013 2049 1000
a contact +12600 +13200 2014 2025 1000
a contact +12600 +13200 2015 2056 1000
a contact +12600 +13200 2016 2021 1000
a contact +12600 +13200 2017 2009 1000
a contact +12600 +13200 2018 9010 1000
a contact +12600 +13200 2019 2006 1000
a contact +12600 +13200 2020 2005 1000
a contact +12600 +13200 2021 2016 1000
a contact +12600 +13200 2022 2059 1000
a contact +12600 +13200 2023 2058 1000
a contact +12600 +13200 2024 2045 1000
a contact +12600 +13200 2025 2014 1000
a contact +12600 +13200 2026 2001 1000
a contact +12600 +13200 2027 2063 1000
a contact +12600 +13200 2028 2062 1000
a contact +12600 +13200 2029 2064 1000
a contact +12600 +13200 2030 2055 1000
a contact +12600 +13200 2031 2052 1000
a contact +12600 +13200 2032 9001 1000
a contact +12600 +13200 2033 2035 1000
a contact +12600 +13200 2034 2036 1000
a contact +12600 +13200 2035 2033 1000
a contact +12600 +13200 2036 2034 1000
a contact +12600 +13200 2037 9002 1000
a contact +12600 +13200 2038 9008 1000
a contact +12600 +13200 2039 2004 1000
a contact +12600 +13200 2040 2046 1000
a contact +12600 +13200 2041 2048 1000
a contact +12600 +13200 2042 9007 1000
a contact +12600 +13200 2043 2002 1000
a contact +12600 +13200 2044 2003 1000
a contact +12600 +13200 2045 2024 1000
a contact +12600 +13200 2046 2040 1000
a contact +12600 +13200 2047 2012 1000
a contact +12600 +13200 2048 2041 1000
a contact +12600 +13200 2049 2013 1000
a contact +12600 +13200 2050 2008 1000
a contact +12600 +13200 2051 2011 1000
a contact +12600 +13200 2052 2031 1000
a contact +12600 +13200 2053 2010 1000
a contact +12600 +13200 2054 9004 1000
a contact +12600 +13200 2055 2030 1000
a contact +12600 +13200 2056 2015 1000
a contact +12600 +13200 2057 2007 1000
a contact +12600 +13200 2058 2023 1000
a contact +12600 +13200 2059 2022 1000
a contact +12600 +13200 2060 9011 1000
a contact +12600 +13200 2061 9005 1000
a contact +12600 +13200 2062 2028 1000
a contact +12600 +13200 2063 2027 1000
a contact +12600 +13200 2064 2029 1000
a contact +12600 +13200 9001 2032 1000
a contact +12600 +13200 9002 2037 1000
a contact +12600 +13200 9003 9012 1000
a contact +12600 +13200 9004 2054 1000
a contact +12600 +13200 9005 2061 1000
a contact +12600 +13200 9006 9009 1000
a contact +12600 +13200 9007 2042 1000
a contact +12600 +13200 9008 2038 1000
a contact +12600 +13200 9009 9006 1000
a contact +12600 +13200 9010 2018 1000
a contact +12600 +13200 9011 2060 1000
a contact +12600 +13200 9012 9003 1000
a contact +13200 +13800 2001 2028 1000
a contact +13200 +13800 2002 2038 1000
a contact +13200 +13800 2003 2025 1000
a contact +13200 +13800 2004 2019 1000
a contact +13200 +13800 2005 2017 1000
a contact +13200 +13800 2006 2021 1000
a contact +13200 +13800 2007 2056 1000
a contact +13200 +13800 2008 2049 1000
a contact +13200 +13800 2009 2018 1000
a contact +13200 +13800 2010 2016 1000
a contact +13200 +13800 2011 2048 1000
a contact +13200 +13800 2012 2046 1000
a contact +13200 +13800 2013 2047 1000
a contact +13200 +13800 2014 2055 1000
a contact +13200 +13800 2015 2052 1000
a contact +13200 +13800 2016 2010 1000
a contact +13200 +13800 2017 2005 1000
a contact +13200 +13800 2018 2009 1000
a contact +13200 +13800 2019 2004 1000
a contact +13200 +13800 2020 2059 1000
a contact +13200 +13800 2021 2006 1000
a contact +13200 +13800 2022 2045 1000
a contact +13200 +13800 2023 2044 1000
a contact +13200 +13800 2024 2058 1000
a contact +13200 +13800 2025 2003 1000
a contact +13200 +13800 2026 2064 1000
a contact +13200 +13800 2027 2057 1000
a contact +13200 +13800 2028 2001 1000
a contact +13200 +13800 2029 2040 1000
a contact +13200 +13800 2030 2063 1000
a contact +13200 +13800 2031 2062 1000
a contact +13200 +13800 2032 9005 1000
a contact +13200 +13800 2033 2041 1000
a contact +13200 +13800 2034 2051 1000
a contact +13200 +13800 2035 2054 1000
a contact +13200 +13800 2036 9008 1000
a contact +13200 +13800 2037 9004 1000
a contact +13200 +13800 2038 2002 1000
a contact +13200 +13800 2039 2050 1000
a contact +13200 +13800 2040 2029 1000
a contact +13200 +13800 2041 2033 1000
a contact +13200 +13800 2042 9002 1000
a contact +13200 +13800 2043 9007 1000
a contact +13200 +13800 2044 2023 1000
a contact +13200 +13800 2045 2022 1000
a contact +13200 +13800 2046 2012 1000
a contact +13200 +13800 2047 2013 1000
a contact +13200 +13800 2048 2011 1000
a contact +13200 +13800 2049 2008 1000
a contact +13200 +13800 2050 2039 1000
a contact +13200 +13800 2051 2034 1000
a contact +13200 +13800 2052 2015 1000
a contact +13200 +13800 2053 9001 1000
a contact +13200 +13800 2054 2035 1000
a contact +13200 +13800 2055 2014 1000
a contact +13200 +13800 2056 2007 1000
a contact +13200 +13800 2057 2027 1000
a contact +13200 +13800 2058 2024 1000
a contact +13200 +13800 2059 2020 1000
a contact +13200 +13800 2060 9010 1000
a contact +13200 +13800 2061 9011 1000
a contact +13200 +13800 2062 2031 1000
a contact +13200 +13800 2063 2030 1000
a contact +13200 +13800 2064 2026 1000
a contact +13200 +13800 9001 2053 1000
a contact +13200 +13800 9002 2042 1000
a contact +13200 +13800 9003 9006 1000
a contact +13200 +13800 9004 2037 1000
a contact +13200 +13800 9005 2032 1000
a contact +13200 +13800 9006 9003 1000
a contact +13200 +13800 9007 2043 1000
a contact +13200 +13800 9008 2036 1000
a contact +13200 +13800 9009 9012 1000
a contact +13200 +13800 9010 2060 1000
a contact +13200 +13800 9011 2061 1000
a contact +13200 +13800 9012 9009 1000
a contact +13800 +14400 2001 2025 1000
a contact +13800 +14400 2002 2032 1000
a contact +13800 +14400 2003 2060 1000
a contact +13800 +14400 2004 2038 1000
a contact +13800 +14400 2005 2018 1000
a contact +13800 +14400 2006 2022 1000
a contact +13800 +14400 2007 2017 1000
a contact +13800 +14400 2008 2048 1000
a contact +13800 +14400 2009 2019 1000
a contact +13800 +14400 2010 2057 1000
a contact +13800 +14400 2011 2049 1000
a contact +13800 +14400 2012 2045 1000
a contact +13800 +14400 2013 2046 1000
a contact +13800 +14400 2014 2050 1000
a contact +13800 +14400 2015 2055 1000
a contact +13800 +14400 2016 2020 1000
a contact +13800 +14400 2017 2007 1000
a contact +13800 +14400 2018 2005 1000
a contact +13800 +14400 2019 2009 1000
a contact +13800 +14400 2020 2016 1000
a contact +13800 +14400 2021 2041 1000
a contact +13800 +14400 2022 2006 1000
a contact +13800 +14400 2023 2027 1000
a contact +13800 +14400 2024 2059 1000
a contact +13800 +14400 2025 2001 1000
a contact +13800 +14400 2026 2058 1000
a contact +13800 +14400 2027 2023 1000
a contact +13800 +14400 2028 2052 1000
a contact +13800 +14400 2029 2056 1000
a contact +13800 +14400 2030 2064 1000
a contact +13800 +14400 2031 9001 1000
a contact +13800 +14400 2032 2002 1000
a contact +13800 +14400 2033 2063 1000
a contact +13800 +14400 2034 2062 1000
a contact +13800 +14400 2035 2051 1000
a contact +13800 +14400 2036 9002 1000
a contact +13800 +14400 2037 9005 1000
a contact +13800 +14400 2038 2004 1000
a contact +13800 +14400 2039 2044 1000
a contact +13800 +14400 2040 2047 1000
a contact +13800 +14400 2041 2021 1000
a contact +13800 +14400 2042 9011 1000
a contact +13800 +14400 2043 9010 1000
a contact +13800 +14400 2044 2039 1000
a contact +13800 +14400 2045 2012 1000
a contact +13800 +14400 2046 2013 1000
a contact +13800 +14400 2047 2040 1000
a contact +13800 +14400 2048 2008 1000
a contact +13800 +14400 2049 2011 1000
a contact +13800 +14400 2050 2014 1000
a contact +13800 +14400 2051 2035 1000
a contact +13800 +14400 2052 2028 1000
a contact +13800 +14400 2053 9004 1000
a contact +13800 +14400 2054 9008 1000
a contact +13800 +14400 2055 2015 1000
a contact +13800 +14400 2056 2029 1000
a contact +13800 +14400 2057 2010 1000
a contact +13800 +14400 2058 2026 1000
a contact +13800 +14400 2059 2024 1000
a contact +13800 +14400 2060 2003 1000
a contact +13800 +14400 2061 9007 1000
a contact +13800 +14400 2062 2034 1000
a contact +13800 +14400 2063 2033 1000
a contact +13800 +14400 2064 2030 1000
a contact +13800 +14400 9001 2031 1000
a contact +13800 +14400 9002 2036 1000
a contact +13800 +14400 9003 9009 1000
a contact +13800 +14400 9004 2053 1000
a contact +13800 +14400 9005 2037 1000
a contact +13800 +14400 9006 9012 1000
a contact +13800 +14400 9007 2061 1000
a contact +13800 +14400 9008 2054 1000
a contact +13800 +14400 9009 9003 1000
a contact +13800 +14400 9010 2043 1000
a contact +13800 +14400 9011 2042 1000
a contact +13800 +14400 9012 9006 1000
a contact +14400 +15000 2001 2029 1000
a contact +14400 +15000 2002 2017 1000
a contact +14400 +15000 2003 2062 1000
a contact +14400 +15000 2004 2060 1000
a contact +14400 +15000 2005 2024 1000
a contact +14400 +15000 2006 2023 1000
a contact +14400 +15000 2007 2055 1000
a contact +14400 +15000 2008 2047 1000
a contact +14400 +15000 2009 2020 1000
a contact +14400 +15000 2010 2056 1000
a contact +14400 +15000 2011 2046 1000
a contact +14400 +15000 2012 2044 1000
a contact +14400 +15000 2013 2045 1000
a contact +14400 +15000 2014 2054 1000
a contact +14400 +15000 2015 2053 1000
a contact +14400 +15000 2016 2025 1000
a contact +14400 +15000 2017 2002 1000
a contact +14400 +15000 2018 9001 1000
a contact +14400 +15000 2019 2028 1000
a contact +14400 +15000 2020 2009 1000
a contact +14400 +15000 2021 2050 1000
a contact +14400 +15000 2022 2040 1000
a contact +14400 +15000 2023 2006 1000
a contact +14400 +15000 2024 2005 1000
a contact +14400 +15000 2025 2016 1000
a contact +14400 +15000 2026 2063 1000
a contact +14400 +15000 2027 2058 1000
a contact +14400 +15000 2028 2019 1000
a contact +14400 +15000 2029 2001 1000
a contact +14400 +15000 2030 2052 1000
a contact +14400 +15000 2031 9007 1000
a contact +14400 +15000 2032 9004 1000
a contact +14400 +15000 2033 2064 1000
a contact +14400 +15000 2034 2057 1000
a contact +14400 +15000 2035 9010 1000
a contact +14400 +15000 2036 9005 1000
a contact +14400 +15000 2037 9011 1000
a contact +14400 +15000 2038 2051 1000
a contact +14400 +15000 2039 2049 1000
a contact +14400 +15000 2040 2022 1000
a contact +14400 +15000 2041 9002 1000
a contact +14400 +15000 2042 2059 1000
a contact +14400 +15000 2043 2048 1000
a contact +14400 +15000 2044 2012 1000
a contact +14400 +15000 2045 2013 1000
a contact +14400 +15000 2046 2011 1000
a contact +14400 +15000 2047 2008 1000
a contact +14400 +15000 2048 2043 1000
a contact +14400 +15000 2049 2039 1000
a contact +14400 +15000 2050 2021 1000
a contact +14400 +15000 2051 2038 1000
a contact +14400 +15000 2052 2030 1000
a contact +14400 +15000 2053 2015 1000
a contact +14400 +15000 2054 2014 1000
a contact +14400 +15000 2055 2007 1000
a contact +14400 +15000 2056 2010 1000
a contact +14400 +15000 2057 2034 1000
a contact +14400 +15000 2058 2027 1000
a contact +14400 +15000 2059 2042 1000
a contact +14400 +15000 2060 2004 1000
a contact +14400 +15000 2061 9008 1000
a contact +14400 +15000 2062 2003 1000
a contact +14400 +15000 2063 2026 1000
a contact +14400 +15000 2064 2033 1000
a contact +14400 +15000 9001 2018 1000
a contact +14400 +15000 9002 2041 1000
a contact +14400 +15000 9003 9012 1000
a contact +14400 +15000 9004 2032 1000
a contact +14400 +15000 9005 2036 1000
a contact +14400 +15000 9006 9009 1000
a contact +14400 +15000 9007 2031 1000
a contact +14400 +15000 9008 2061 1000
a contact +14400 +15000 9009 9006 1000
a contact +14400 +15000 9010 2035 1000
a contact +14400 +15000 9011 2037 1000
a contact +14400 +15000 9012 9003 1000
a contact +15000 +15600 2001 2032 1000
a contact +15000 +15600 2002 2054 1000
a contact +15000 +15600 2003 2036 1000
a contact +15000 +15600 2004 9005 1000
a contact +15000 +15600 2005 2022 1000
a contact +15000 +15600 2006 2024 1000
a contact +15000 +15600 2007 2060 1000
a contact +15000 +15600 2008 2046 1000
a contact +15000 +15600 2009 2021 1000
a contact +15000 +15600 2010 2055 1000
a contact +15000 +15600 2011 2047 1000
a contact +15000 +15600 2012 2043 1000
a contact +15000 +15600 2013 2044 1000
a contact +15000 +15600 2014 2049 1000
a contact +15000 +15600 2015 2051 1000
a contact +15000 +15600 2016 9001 1000
a contact +15000 +15600 2017 2048 1000
a contact +15000 +15600 2018 2058 1000
a contact +15000 +15600 2019 2059 1000
a contact +15000 +15600 2020 2052 1000
a contact +15000 +15600 2021 2009 1000
a contact +15000 +15600 2022 2005 1000
a contact +15000 +15600 2023 2042 1000
a contact +15000 +15600 2024 2006 1000
a contact +15000 +15600 2025 2064 1000
a contact +15000 +15600 2026 2045 1000
a contact +15000 +15600 2027 2053 1000
a contact +15000 +15600 2028 2029 1000
a contact +15000 +15600 2029 2028 1000
a contact +15000 +15600 2030 9011 1000
a contact +15000 +15600 2031 9002 1000
a contact +15000 +15600 2032 2001 1000
a contact +15000 +15600 2033 2062 1000
a contact +15000 +15600 2034 2063 1000
a contact +15000 +15600 2035 9007 1000
a contact +15000 +15600 2036 2003 1000
a contact +15000 +15600 2037 9008 1000
a contact +15000 +15600 2038 2057 1000
a contact +15000 +15600 2039 2056 1000
a contact +15000 +15600 2040 2050 1000
a contact +15000 +15600 2041 9004 1000
a contact +15000 +15600 2042 2023 1000
a contact +15000 +15600 2043 2012 1000
a contact +15000 +15600 2044 2013 1000
a contact +15000 +15600 2045 2026 1000
a contact +15000 +15600 2046 2008 1000
a contact +15000 +15600 2047 2011 1000
a contact +15000 +15600 2048 2017 1000
a contact +15000 +15600 2049 2014 1000
a contact +15000 +15600 2050 2040 1000
a contact +15000 +15600 2051 2015 1000
a contact +15000 +15600 2052 2020 1000
a contact +15000 +15600 2053 2027 1000
a contact +15000 +15600 2054 2002 1000
a contact +15000 +15600 2055 2010 1000
a contact +15000 +15600 2056 2039 1000
a contact +15000 +15600 2057 2038 1000
a contact +15000 +15600 2058 2018 1000
a contact +15000 +15600 2059 2019 1000
a contact +15000 +15600 2060 2007 1000
a contact +15000 +15600 2061 9010 1000
a contact +15000 +15600 2062 2033 1000
a contact +15000 +15600 2063 2034 1000
a contact +15000 +15600 2064 2025 1000
a contact +15000 +15600 9001 2016 1000
a contact +15000 +15600 9002 2031 1000
a contact +15000 +15600 9003 9006 1000
a contact +15000 +15600 9004 2041 1000
a contact +15000 +15600 9005 2004 1000
a contact +15000 +15600 9006 9003 1000
a contact +15000 +15600 9007 2035 1000
a contact +15000 +15600 9008 2037 1000
a contact +15000 +15600 9009 9012 1000
a contact +15000 +15600 9010 2061 1000
a contact +15000 +15600 9011 2030 1000
a contact +15000 +15600 9012 9009 1000
a contact +15600 +16200 2001 2033 1000
a contact +15600 +16200 2002 2061 1000
a contact +15600 +16200 2003 2041 1000
a contact +15600 +16200 2004 2024 1000
a contact +15600 +16200 2005 2021 1000
a contact +15600 +16200 2006 2026 1000
a contact +15600 +16200 2007 2036 1000
a contact +15600 +16200 2008 2045 1000
a contact +15600 +16200 2009 2022 1000
a contact +15600 +16200 2010 2060 1000
a contact +15600 +16200 2011 2028 1000
a contact +15600 +16200 2012 2027 1000
a contact +15600 +16200 2013 2031 1000
a contact +15600 +16200 2014 2046 1000
a contact +15600 +16200 2015 2054 1000
a contact +15600 +16200 2016 2018 1000
a contact +15600 +16200 2017 2051 1000
a contact +15600 +16200 2018 2016 1000
a contact +15600 +16200 2019 2058 1000
a contact +15600 +16200 2020 2048 1000
a contact +15600 +16200 2021 2005 1000
a contact +15600 +16200 2022 2009 1000
a contact +15600 +16200 2023 2059 1000
a contact +15600 +16200 2024 2004 1000
a contact +15600 +16200 2025 2047 1000
a contact +15600 +16200 2026 2006 1000
a contact +15600 +16200 2027 2012 1000
a contact +15600 +16200 2028 2011 1000
a contact +15600 +16200 2029 2055 1000
a contact +15600 +16200 2030 9005 1000
a contact +15600 +16200 2031 2013 1000
a contact +15600 +16200 2032 2062 1000
a contact +15600 +16200 2033 2001 1000
a contact +15600 +16200 2034 2056 1000
a contact +15600 +16200 2035 9008 1000
a contact +15600 +16200 2036 2007 1000
a contact +15600 +16200 2037 2057 1000
a contact +15600 +16200 2038 2053 1000
a contact +15600 +16200 2039 2063 1000
a contact +15600 +16200 2040 2049 1000
a contact +15600 +16200 2041 2003 1000
a contact +15600 +16200 2042 2052 1000
a contact +15600 +16200 2043 9002 1000
a contact +15600 +16200 2044 2050 1000
a contact +15600 +16200 2045 2008 1000
a contact +15600 +16200 2046 2014 1000
a contact +15600 +16200 2047 2025 1000
a contact +15600 +16200 2048 2020 1000
a contact +15600 +16200 2049 2040 1000
a contact +15600 +16200 2050 2044 1000
a contact +15600 +16200 2051 2017 1000
a contact +15600 +16200 2052 2042 1000
a contact +15600 +16200 2053 2038 1000
a contact +15600 +16200 2054 2015 1000
a contact +15600 +16200 2055 2029 1000
a contact +15600 +16200 2056 2034 1000
a contact +15600 +16200 2057 2037 1000
a contact +15600 +16200 2058 2019 1000
a contact +15600 +16200 2059 2023 1000
a contact +15600 +16200 2060 2010 1000
a contact +15600 +16200 2061 2002 1000
a contact +15600 +16200 2062 2032 1000
a contact +15600 +16200 2063 2039 1000
a contact +15600 +16200 2064 9011 1000
a contact +15600 +16200 9001 9010 1000
a contact +15600 +16200 9002 2043 1000
a contact +15600 +16200 9003 9009 1000
a contact +15600 +16200 9004 9007 1000
a contact +15600 +16200 9005 2030 1000
a contact +15600 +16200 9006 9012 1000
a contact +15600 +16200 9007 9004 1000
a contact +15600 +16200 9008 2035 1000
a contact +15600 +16200 9009 9003 1000
a contact +15600 +16200 9010 9001 1000
a contact +15600 +16200 9011 2064 1000
a contact +15600 +16200 9012 9006 1000
a contact +16200 +16800 2001 2031 1000
a contact +16200 +16800 2002 9011 1000
a contact +16200 +16800 2003 9005 1000
a contact +16200 +16800 2004 2035 1000
a contact +16200 +16800 2005 2023 1000
a contact +16200 +16800 2006 2027 1000
a contact +16200 +16800 2007 2048 1000
a contact +16200 +16800 2008 2059 1000
a contact +16200 +16800 2009 2025 1000
a contact +16200 +16800 2010 2036 1000
a contact +16200 +16800 2011 2045 1000
a contact +16200 +16800 2012 2029 1000
a contact +16200 +16800 2013 2041 1000
a contact +16200 +16800 2014 2061 1000
a contact +16200 +16800 2015 2050 1000
a contact +16200 +16800 2016 2024 1000
a contact +16200 +16800 2017 2054 1000
a contact +16200 +16800 2018 2060 1000
a contact +16200 +16800 2019 2057 1000
a contact +16200 +16800 2020 2058 1000
a contact +16200 +16800 2021 2044 1000
a contact +16200 +16800 2022 2028 1000
a contact +16200 +16800 2023 2005 1000
a contact +16200 +16800 2024 2016 1000
a contact +16200 +16800 2025 2009 1000
a contact +16200 +16800 2026 2062 1000
a contact +16200 +16800 2027 2006 1000
a contact +16200 +16800 2028 2022 1000
a contact +16200 +16800 2029 2012 1000
a contact +16200 +16800 2030 9002 1000
a contact +16200 +16800 2031 2001 1000
a contact +16200 +16800 2032 2055 1000
a contact +16200 +16800 2033 2056 1000
a contact +16200 +16800 2034 2052 1000
a contact +16200 +16800 2035 2004 1000
a contact +16200 +16800 2036 2010 1000
a contact +16200 +16800 2037 2053 1000
a contact +16200 +16800 2038 2049 1000
a contact +16200 +16800 2039 2051 1000
a contact +16200 +16800 2040 2063 1000
a contact +16200 +16800 2041 2013 1000
a contact +16200 +16800 2042 2047 1000
a contact +16200 +16800 2043 2046 1000
a contact +16200 +16800 2044 2021 1000
a contact +16200 +16800 2045 2011 1000
a contact +16200 +16800 2046 2043 1000
a contact +16200 +16800 2047 2042 1000
a contact +16200 +16800 2048 2007 1000
a contact +16200 +16800 2049 2038 1000
a contact +16200 +16800 2050 2015 1000
a contact +16200 +16800 2051 2039 1000
a contact +16200 +16800 2052 2034 1000
a contact +16200 +16800 2053 2037 1000
a contact +16200 +16800 2054 2017 1000
a contact +16200 +16800 2055 2032 1000
a contact +16200 +16800 2056 2033 1000
a contact +16200 +16800 2057 2019 1000
a contact +16200 +16800 2058 2020 1000
a contact +16200 +16800 2059 2008 1000
a contact +16200 +16800 2060 2018 1000
a contact +16200 +16800 2061 2014 1000
a contact +16200 +16800 2062 2026 1000
a contact +16200 +16800 2063 2040 1000
a contact +16200 +16800 2064 9008 1000
a contact +16200 +16800 9001 9007 1000
a contact +16200 +16800 9002 2030 1000
a contact +16200 +16800 9003 9012 1000
a contact +16200 +16800 9004 9010 1000
a contact +16200 +16800 9005 2003 1000
a contact +16200 +16800 9006 9009 1000
a contact +16200 +16800 9007 9001 1000
a contact +16200 +16800 9008 2064 1000
a contact +16200 +16800 9009 9006 1000
a contact +16200 +16800 9010 9004 1000
a contact +16200 +16800 9011 2002 1000
a contact +16200 +16800 9012 9003 1000
a contact +16800 +17400 2001 2030 1000
a contact +16800 +17400 2002 2035 1000
a contact +16800 +17400 2003 2061 1000
a contact +16800 +17400 2004 2010 1000
a contact +16800 +17400 2005 2027 1000
a contact +16800 +17400 2006 2028 1000
a contact +16800 +17400 2007 2054 1000
a contact +16800 +17400 2008 2043 1000
a contact +16800 +17400 2009 2026 1000
a contact +16800 +17400 2010 2004 1000
a contact +16800 +17400 2011 2024 1000
a contact +16800 +17400 2012 2042 1000
a contact +16800 +17400 2013 2022 1000
a contact +16800 +17400 2014 2045 1000
a contact +16800 +17400 2015 2048 1000
a contact +16800 +17400 2016 2023 1000
a contact +16800 +17400 2017 2050 1000
a contact +16800 +17400 2018 2053 1000
a contact +16800 +17400 2019 2052 1000
a contact +16800 +17400 2020 2046 1000
a contact +16800 +17400 2021 9011 1000
a contact +16800 +17400 2022 2013 1000
a contact +16800 +17400 2023 2016 1000
a contact +16800 +17400 2024 2011 1000
a contact +16800 +17400 2025 2063 1000
a contact +16800 +17400 2026 2009 1000
a contact +16800 +17400 2027 2005 1000
a contact +16800 +17400 2028 2006 1000
a contact +16800 +17400 2029 9002 1000
a contact +16800 +17400 2030 2001 1000
a contact +16800 +17400 2031 2060 1000
a contact +16800 +17400 2032 2064 1000
a contact +16800 +17400 2033 2057 1000
a contact +16800 +17400 2034 9008 1000
a contact +16800 +17400 2035 2002 1000
a contact +16800 +17400 2036 2062 1000
a contact +16800 +17400 2037 2059 1000
a contact +16800 +17400 2038 2058 1000
a contact +16800 +17400 2039 2055 1000
a contact +16800 +17400 2040 2056 1000
a contact +16800 +17400 2041 2051 1000
a contact +16800 +17400 2042 2012 1000
a contact +16800 +17400 2043 2008 1000
a contact +16800 +17400 2044 2049 1000
a contact +16800 +17400 2045 2014 1000
a contact +16800 +17400 2046 2020 1000
a contact +16800 +17400 2047 9005 1000
a contact +16800 +17400 2048 2015 1000
a contact +16800 +17400 2049 2044 1000
a contact +16800 +17400 2050 2017 1000
a contact +16800 +17400 2051 2041 1000
a contact +16800 +17400 2052 2019 1000
a contact +16800 +17400 2053 2018 1000
a contact +16800 +17400 2054 2007 1000
a contact +16800 +17400 2055 2039 1000
a contact +16800 +17400 2056 2040 1000
a contact +16800 +17400 2057 2033 1000
a contact +16800 +17400 2058 2038 1000
a contact +16800 +17400 2059 2037 1000
a contact +16800 +17400 2060 2031 1000
a contact +16800 +17400 2061 2003 1000
a contact +16800 +17400 2062 2036 1000
a contact +16800 +17400 2063 2025 1000
a contact +16800 +17400 2064 2032 1000
a contact +16800 +17400 9002 2029 1000
a contact +16800 +17400 9003 9006 1000
a contact +16800 +17400 9005 2047 1000
a contact +16800 +17400 9006 9003 1000
a contact +16800 +17400 9008 2034 1000
a contact +16800 +17400 9009 9012 1000
a contact +16800 +17400 9011 2021 1000
a contact +16800 +17400 9012 9009 1000
a contact +17400 +18000 2001 2036 1000
a contact +17400 +18000 2002 2029 1000
a contact +17400 +18000 2003 2035 1000
a contact +17400 +18000 2004 2061 1000
a contact +17400 +18000 2005 2026 1000
a contact +17400 +18000 2006 2025 1000
a contact +17400 +18000 2007 2051 1000
a contact +17400 +18000 2008 2044 1000
a contact +17400 +18000 2009 2027 1000
a contact +17400 +18000 2010 2054 1000
a contact +17400 +18000 2011 2053 1000
a contact +17400 +18000 2012 2024 1000
a contact +17400 +18000 2013 2023 1000
a contact +17400 +18000 2014 2048 1000
a contact +17400 +18000 2015 2049 1000
a contact +17400 +18000 2016 2030 1000
a contact +17400 +18000 2017 2047 1000
a contact +17400 +18000 2018 2050 1000
a contact +17400 +18000 2019 2046 1000
a contact +17400 +18000 2020 2022 1000
a contact +17400 +18000 2021 9008 1000
a contact +17400 +18000 2022 2020 1000
a contact +17400 +18000 2023 2013 1000
a contact +17400 +18000 2024 2012 1000
a contact +17400 +18000 2025 2006 1000
a contact +17400 +18000 2026 2005 1000
a contact +17400 +18000 2027 2009 1000
a contact +17400 +18000 2028 9011 1000
a contact +17400 +18000 2029 2002 1000
a contact +17400 +18000 2030 2016 1000
a contact +17400 +18000 2031 2064 1000
a contact +17400 +18000 2032 2060 1000
a contact +17400 +18000 2033 2055 1000
a contact +17400 +18000 2034 9005 1000
a contact +17400 +18000 2035 2003 1000
a contact +17400 +18000 2036 2001 1000
a contact +17400 +18000 2037 2058 1000
a contact +17400 +18000 2038 2063 1000
a contact +17400 +18000 2039 2059 1000
a contact +17400 +18000 2040 2057 1000
a contact +17400 +18000 2041 2052 1000
a contact +17400 +18000 2042 2045 1000
a contact +17400 +18000 2043 2056 1000
a contact +17400 +18000 2044 2008 1000
a contact +17400 +18000 2045 2042 1000
a contact +17400 +18000 2046 2019 1000
a contact +17400 +18000 2047 2017 1000
a contact +17400 +18000 2048 2014 1000
a contact +17400 +18000 2049 2015 1000
a contact +17400 +18000 2050 2018 1000
a contact +17400 +18000 2051 2007 1000
a contact +17400 +18000 2052 2041 1000
a contact +17400 +18000 2053 2011 1000
a contact +17400 +18000 2054 2010 1000
a contact +17400 +18000 2055 2033 1000
a contact +17400 +18000 2056 2043 1000
a contact +17400 +18000 2057 2040 1000
a contact +17400 +18000 2058 2037 1000
a contact +17400 +18000 2059 2039 1000
a contact +17400 +18000 2060 2032 1000
a contact +17400 +18000 2061 2004 1000
a contact +17400 +18000 2062 9002 1000
a contact +17400 +18000 2063 2038 1000
a contact +17400 +18000 2064 2031 1000
a contact +16800 +18000 9001 9004 1000
a contact +17400 +18000 9002 2062 1000
a contact +17400 +18000 9003 9009 1000
a contact +16800 +18000 9004 9001 1000
a contact +17400 +18000 9005 2034 1000
a contact +17400 +18000 9006 9012 1000
a contact +16800 +18000 9007 9010 1000
a contact +17400 +18000 9008 2021 1000
a contact +17400 +18000 9009 9003 1000
a contact +16800 +18000 9010 9007 1000
a contact +17400 +18000 9011 2028 1000
a contact +17400 +18000 9012 9006 1000
a contact +18000 +18600 2001 2035 1000
a contact +18000 +18600 2002 2047 1000
a contact +18000 +18600 2003 2028 1000
a contact +18000 +18600 2004 2013 1000
a contact +18000 +18600 2005 2031 1000
a contact +18000 +18600 2006 2029 1000
a contact +18000 +18600 2007 2050 1000
a contact +18000 +18600 2008 2024 1000
a contact +18000 +18600 2009 2030 1000
a contact +18000 +18600 2010 2051 1000
a contact +18000 +18600 2011 2023 1000
a contact +18000 +18600 2012 2022 1000
a contact +18000 +18600 2013 2004 1000
a contact +18000 +18600 2014 2036 1000
a contact +18000 +18600 2015 9011 1000
a contact +18000 +18600 2016 2026 1000
a contact +18000 +18600 2017 2061 1000
a contact +18000 +18600 2018 2049 1000
a contact +18000 +18600 2019 2048 1000
a contact +18000 +18600 2020 2021 1000
a contact +18000 +18600 2021 2020 1000
a contact +18000 +18600 2022 2012 1000
a contact +18000 +18600 2023 2011 1000
a contact +18000 +18600 2024 2008 1000
a contact +18000 +18600 2025 2059 1000
a contact +18000 +18600 2026 2016 1000
a contact +18000 +18600 2027 2060 1000
a contact +18000 +18600 2028 2003 1000
a contact +18000 +18600 2029 2006 1000
a contact +18000 +18600 2030 2009 1000
a contact +18000 +18600 2031 2005 1000
a contact +18000 +18600 2032 2063 1000
a contact +18000 +18600 2033 9005 1000
a contact +18000 +18600 2034 2064 1000
a contact +18000 +18600 2035 2001 1000
a contact +18000 +18600 2036 2014 1000
a contact +18000 +18600 2037 2055 1000
a contact +18000 +18600 2038 2056 1000
a contact +18000 +18600 2039 2058 1000
a contact +18000 +18600 2040 2054 1000
a contact +18000 +18600 2041 2057 1000
a contact +18000 +18600 2042 2053 1000
a contact +18000 +18600 2043 2052 1000
a contact +18000 +18600 2044 2045 1000
a contact +18000 +18600 2045 2044 1000
a contact +18000 +18600 2046 9002 1000
a contact +18000 +18600 2047 2002 1000
a contact +18000 +18600 2048 2019 1000
a contact +18000 +18600 2049 2018 1000
a contact +18000 +18600 2050 2007 1000
a contact +18000 +18600 2051 2010 1000
a contact +18000 +18600 2052 2043 1000
a contact +18000 +18600 2053 2042 1000
a contact +18000 +18600 2054 2040 1000
a contact +18000 +18600 2055 2037 1000
a contact +18000 +18600 2056 2038 1000
a contact +18000 +18600 2057 2041 1000
a contact +18000 +18600 2058 2039 1000
a contact +18000 +18600 2059 2025 1000
a contact +18000 +18600 2060 2027 1000
a contact +18000 +18600 2061 2017 1000
a contact +18000 +18600 2062 9008 1000
a contact +18000 +18600 2063 2032 1000
a contact +18000 +18600 2064 2034 1000
a contact +18000 +18600 9001 9007 1000
a contact +18000 +18600 9002 2046 1000
a contact +18000 +18600 9003 9012 1000
a contact +18000 +18600 9004 9010 1000
a contact +18000 +18600 9005 2033 1000
a contact +18000 +18600 9006 9009 1000
a contact +18000 +18600 9007 9001 1000
a contact +18000 +18600 9008 2062 1000
a contact +18000 +18600 9009 9006 1000
a contact +18000 +18600 9010 9004 1000
a contact +18000 +18600 9011 2015 1000
a contact +18000 +18600 9012 9003 1000
a contact +18600 +19200 2001 2037 1000
a contact +18600 +19200 2002 2034 1000
a contact +18600 +19200 2003 2046 1000
a contact +18600 +19200 2004 2033 1000
a contact +18600 +19200 2005 2029 1000
a contact +18600 +19200 2006 2032 1000
a contact +18600 +19200 2007 2047 1000
a contact +18600 +19200 2008 2042 1000
a contact +18600 +19200 2009 2028 1000
a contact +18600 +19200 2010 2050 1000
a contact +18600 +19200 2011 2022 1000
a contact +18600 +19200 2012 2023 1000
a contact +18600 +19200 2013 2026 1000
a contact +18600 +19200 2014 2024 1000
a contact +18600 +19200 2015 2020 1000
a contact +18600 +19200 2016 2031 1000
a contact +18600 +19200 2017 2049 1000
a contact +18600 +19200 2018 2051 1000
a contact +18600 +19200 2019 2045 1000
a contact +18600 +19200 2020 2015 1000
a contact +18600 +19200 2021 9005 1000
a contact +18600 +19200 2022 2011 1000
a contact +18600 +19200 2023 2012 1000
a contact +18600 +19200 2024 2014 1000
a contact +18600 +19200 2025 2058 1000
a contact +18600 +19200 2026 2013 1000
a contact +18600 +19200 2027 9008 1000
a contact +18600 +19200 2028 2009 1000
a contact +18600 +19200 2029 2005 1000
a contact +18600 +19200 2030 2061 1000
a contact +18600 +19200 2031 2016 1000
a contact +18600 +19200 2032 2006 1000
a contact +18600 +19200 2033 2004 1000
a contact +18600 +19200 2034 2002 1000
a contact +18600 +19200 2035 2064 1000
a contact +18600 +19200 2036 2060 1000
a contact +18600 +19200 2037 2001 1000
a contact +18600 +19200 2038 2059 1000
a contact +18600 +19200 2039 2057 1000
a contact +18600 +19200 2040 2055 1000
a contact +18600 +19200 2041 2054 1000
a contact +18600 +19200 2042 2008 1000
a contact +18600 +19200 2043 2063 1000
a contact +18600 +19200 2044 2053 1000
a contact +18600 +19200 2045 2019 1000
a contact +18600 +19200 2046 2003 1000
a contact +18600 +19200 2047 2007 1000
a contact +18600 +19200 2048 2052 1000
a contact +18600 +19200 2049 2017 1000
a contact +18600 +19200 2050 2010 1000
a contact +18600 +19200 2051 2018 1000
a contact +18600 +19200 2052 2048 1000
a contact +18600 +19200 2053 2044 1000
a contact +18600 +19200 2054 2041 1000
a contact +18600 +19200 2055 2040 1000
a contact +18600 +19200 2056 9002 1000
a contact +18600 +19200 2057 2039 1000
a contact +18600 +19200 2058 2025 1000
a contact +18600 +19200 2059 2038 1000
a contact +18600 +19200 2060 2036 1000
a contact +18600 +19200 2061 2030 1000
a contact +18600 +19200 2062 9011 1000
a contact +18600 +19200 2063 2043 1000
a contact +18600 +19200 2064 2035 1000
a contact +18600 +19200 9001 9010 1000
a contact +18600 +19200 9002 2056 1000
a contact +18600 +19200 9003 9006 1000
a contact +18600 +19200 9004 9007 1000
a contact +18600 +19200 9005 2021 1000
a contact +18600 +19200 9006 9003 1000
a contact +18600 +19200 9007 9004 1000
a contact +18600 +19200 9008 2027 1000
a contact +18600 +19200 9009 9012 1000
a contact +18600 +19200 9010 9001 1000
a contact +18600 +19200 9011 2062 1000
a contact +18600 +19200 9012 9009 1000
a contact +19200 +19800 2001 2038 1000
a contact +19200 +19800 2002 2028 1000
a contact +19200 +19800 2003 2045 1000
a contact +19200 +19800 2004 2046 1000
a contact +19200 +19800 2005 2040 1000
a contact +19200 +19800 2006 2033 1000
a contact +19200 +19800 2007 2023 1000
a contact +19200 +19800 2008 2027 1000
a contact +19200 +19800 2009 2029 1000
a contact +19200 +19800 2010 9008 1000
a contact +19200 +19800 2011 2034 1000
a contact +19200 +19800 2012 2025 1000
a contact +19200 +19800 2013 2024 1000
a contact +19200 +19800 2014 2022 1000
a contact +19200 +19800 2015 2026 1000
a contact +19200 +19800 2016 2032 1000
a contact +19200 +19800 2017 2018 1000
a contact +19200 +19800 2018 2017 1000
a contact +19200 +19800 2019 2021 1000
a contact +19200 +19800 2020 9002 1000
a contact +19200 +19800 2021 2019 1000
a contact +19200 +19800 2022 2014 1000
a contact +19200 +19800 2023 2007 1000
a contact +19200 +19800 2024 2013 1000
a contact +19200 +19800 2025 2012 1000
a contact +19200 +19800 2026 2015 1000
a contact +19200 +19800 2027 2008 1000
a contact +19200 +19800 2028 2002 1000
a contact +19200 +19800 2029 2009 1000
a contact +19200 +19800 2030 2060 1000
a contact +19200 +19800 2031 2063 1000
a contact +19200 +19800 2032 2016 1000
a contact +19200 +19800 2033 2006 1000
a contact +19200 +19800 2034 2011 1000
a contact +19200 +19800 2035 2061 1000
a contact +19200 +19800 2036 2064 1000
a contact +19200 +19800 2037 2054 1000
a contact +19200 +19800 2038 2001 1000
a contact +19200 +19800 2039 2053 1000
a contact +19200 +19800 2040 2005 1000
a contact +19200 +19800 2041 2059 1000
a contact +19200 +19800 2042 2058 1000
a contact +19200 +19800 2043 2057 1000
a contact +19200 +19800 2044 2055 1000
a contact +19200 +19800 2045 2003 1000
a contact +19200 +19800 2046 2004 1000
a contact +19200 +19800 2047 2052 1000
a contact +19200 +19800 2048 2051 1000
a contact +19200 +19800 2049 2050 1000
a contact +19200 +19800 2050 2049 1000
a contact +19200 +19800 2051 2048 1000
a contact +19200 +19800 2052 2047 1000
a contact +19200 +19800 2053 2039 1000
a contact +19200 +19800 2054 2037 1000
a contact +19200 +19800 2055 2044 1000
a contact +19200 +19800 2056 9011 1000
a contact +19200 +19800 2057 2043 1000
a contact +19200 +19800 2058 2042 1000
a contact +19200 +19800 2059 2041 1000
a contact +19200 +19800 2060 2030 1000
a contact +19200 +19800 2061 2035 1000
a contact +19200 +19800 2062 9005 1000
a contact +19200 +19800 2063 2031 1000
a contact +19200 +19800 2064 2036 1000
a contact +19200 +19800 9001 9004 1000
a contact +19200 +19800 9002 2020 1000
a contact +19200 +19800 9003 9009 1000
a contact +19200 +19800 9004 9001 1000
a contact +19200 +19800 9005 2062 1000
a contact +19200 +19800 9006 9012 1000
a contact +19200 +19800 9007 9010 1000
a contact +19200 +19800 9008 2010 1000
a contact +19200 +19800 9009 9003 1000
a contact +19200 +19800 9010 9007 1000
a contact +19200 +19800 9011 2056 1000
a contact +19200 +19800 9012 9006 1000
a contact +19800 +20400 2001 2034 1000
a contact +19800 +20400 2002 2046 1000
a contact +19800 +20400 2003 2040 1000
a contact +19800 +20400 2004 2062 1000
a contact +19800 +20400 2005 2045 1000
a contact +19800 +20400 2006 2037 1000
a contact +19800 +20400 2007 2020 1000
a contact +19800 +20400 2008 2026 1000
a contact +19800 +20400 2009 2032 1000
a contact +19800 +20400 2010 9002 1000
a contact +19800 +20400 2011 2027 1000
a contact +19800 +20400 2012 2038 1000
a contact +19800 +20400 2013 2048 1000
a contact +19800 +20400 2014 2019 1000
a contact +19800 +20400 2015 2033 1000
a contact +19800 +20400 2016 2028 1000
a contact +19800 +20400 2017 2025 1000
a contact +19800 +20400 2018 2024 1000
a contact +19800 +20400 2019 2014 1000
a contact +19800 +20400 2020 2007 1000
a contact +19800 +20400 2021 2023 1000
a contact +19800 +20400 2022 9011 1000
a contact +19800 +20400 2023 2021 1000
a contact +19800 +20400 2024 2018 1000
a contact +19800 +20400 2025 2017 1000
a contact +19800 +20400 2026 2008 1000
a contact +19800 +20400 2027 2011 1000
a contact +19800 +20400 2028 2016 1000
a contact +19800 +20400 2029 2061 1000
a contact +19800 +20400 2030 2059 1000
a contact +19800 +20400 2031 2058 1000
a contact +19800 +20400 2032 2009 1000
a contact +19800 +20400 2033 2015 1000
a contact +19800 +20400 2034 2001 1000
a contact +19800 +20400 2035 2060 1000
a contact +19800 +20400 2036 2057 1000
a contact +19800 +20400 2037 2006 1000
a contact +19800 +20400 2038 2012 1000
a contact +19800 +20400 2039 2054 1000
a contact +19800 +20400 2040 2003 1000
a contact +19800 +20400 2041 2053 1000
a contact +19800 +20400 2042 2051 1000
a contact +19800 +20400 2043 2050 1000
a contact +19800 +20400 2044 2052 1000
a contact +19800 +20400 2045 2005 1000
a contact +19800 +20400 2046 2002 1000
a contact +19800 +20400 2047 2049 1000
a contact +19800 +20400 2048 2013 1000
a contact +19800 +20400 2049 2047 1000
a contact +19800 +20400 2050 2043 1000
a contact +19800 +20400 2051 2042 1000
a contact +19800 +20400 2052 2044 1000
a contact +19800 +20400 2053 2041 1000
a contact +19800 +20400 2054 2039 1000
a contact +19800 +20400 2055 2064 1000
a contact +19800 +20400 2056 9008 1000
a contact +19800 +20400 2057 2036 1000
a contact +19800 +20400 2058 2031 1000
a contact +19800 +20400 2059 2030 1000
a contact +19800 +20400 2060 2035 1000
a contact +19800 +20400 2061 2029 1000
a contact +19800 +20400 2062 2004 1000
a contact +19800 +20400 2063 9005 1000
a contact +19800 +20400 2064 2055 1000
a contact +19800 +20400 9001 9007 1000
a contact +19800 +20400 9002 2010 1000
a contact +19800 +20400 9003 9012 1000
a contact +19800 +20400 9004 9010 1000
a contact +19800 +20400 9005 2063 1000
a contact +19800 +20400 9006 9009 1000
a contact +19800 +20400 9007 9001 1000
a contact +19800 +20400 9008 2056 1000
a contact +19800 +20400 9009 9006 1000
a contact +19800 +20400 9010 9004 1000
a contact +19800 +20400 9011 2022 1000
a contact +19800 +20400 9012 9003 1000
a contact +20400 +21000 2001 2041 1000
a contact +20400 +21000 2002 2033 1000
a contact +20400 +21000 2003 2055 1000
a contact +20400 +21000 2004 2026 1000
a contact +20400 +21000 2005 2039 1000
a contact +20400 +21000 2006 2031 1000
a contact +20400 +21000 2007 2040 1000
a contact +20400 +21000 2008 2025 1000
a contact +20400 +21000 2009 2044 1000
a contact +20400 +21000 2010 2012 1000
a contact +20400 +21000 2011 2020 1000
a contact +20400 +21000 2012 2010 1000
a contact +20400 +21000 2013 2021 1000
a contact +20400 +21000 2014 2027 1000
a contact +20400 +21000 2015 2019 1000
a contact +20400 +21000 2016 2062 1000
a contact +20400 +21000 2017 2046 1000
a contact +20400 +21000 2018 2047 1000
a contact +20400 +21000 2019 2015 1000
a contact +20400 +21000 2020 2011 1000
a contact +20400 +21000 2021 2013 1000
a contact +20400 +21000 2022 2024 1000
a contact +20400 +21000 2023 9011 1000
a contact +20400 +21000 2024 2022 1000
a contact +20400 +21000 2025 2008 1000
a contact +20400 +21000 2026 2004 1000
a contact +20400 +21000 2027 2014 1000
a contact +20400 +21000 2028 2061 1000
a contact +20400 +21000 2029 2060 1000
a contact +20400 +21000 2030 2058 1000
a contact +20400 +21000 2031 2006 1000
a contact +20400 +21000 2032 2059 1000
a contact +20400 +21000 2033 2002 1000
a contact +20400 +21000 2034 2054 1000
a contact +20400 +21000 2035 2057 1000
a contact +20400 +21000 2036 2053 1000
a contact +20400 +21000 2037 2064 1000
a contact +20400 +21000 2038 2052 1000
a contact +20400 +21000 2039 2005 1000
a contact +20400 +21000 2040 2007 1000
a contact +20400 +21000 2041 2001 1000
a contact +20400 +21000 2042 2050 1000
a contact +20400 +21000 2043 2051 1000
a contact +20400 +21000 2044 2009 1000
a contact +20400 +21000 2045 9008 1000
a contact +20400 +21000 2046 2017 1000
a contact +20400 +21000 2047 2018 1000
a contact +20400 +21000 2048 2049 1000
a contact +20400 +21000 2049 2048 1000
a contact +20400 +21000 2050 2042 1000
a contact +20400 +21000 2051 2043 1000
a contact +20400 +21000 2052 2038 1000
a contact +20400 +21000 2053 2036 1000
a contact +20400 +21000 2054 2034 1000
a contact +20400 +21000 2055 2003 1000
a contact +20400 +21000 2056 9005 1000
a contact +20400 +21000 2057 2035 1000
a contact +20400 +21000 2058 2030 1000
a contact +20400 +21000 2059 2032 1000
a contact +20400 +21000 2060 2029 1000
a contact +20400 +21000 2061 2028 1000
a contact +20400 +21000 2062 2016 1000
a contact +20400 +21000 2063 9002 1000
a contact +20400 +21000 2064 2037 1000
a contact +20400 +21000 9001 9010 1000
a contact +20400 +21000 9002 2063 1000
a contact +20400 +21000 9003 9006 1000
a contact +20400 +21000 9004 9007 1000
a contact +20400 +21000 9005 2056 1000
a contact +20400 +21000 9006 9003 1000
a contact +20400 +21000 9007 9004 1000
a contact +20400 +21000 9008 2045 1000
a contact +20400 +21000 9009 9012 1000
a contact +20400 +21000 9010 9001 1000
a contact +20400 +21000 9011 2023 1000
a contact +20400 +21000 9012 9009 1000
a contact +21000 +21600 2001 2042 1000
a contact +21000 +21600 2002 2027 1000
a contact +21000 +21600 2003 2039 1000
a contact +21000 +21600 2004 2025 1000
a contact +21000 +21600 2005 2028 1000
a contact +21000 +21600 2006 2036 1000
a contact +21000 +21600 2007 2019 1000
a contact +21000 +21600 2008 2010 1000
a contact +21000 +21600 2009 2031 1000
a contact +21000 +21600 2010 2008 1000
a contact +21000 +21600 2011 2040 1000
a contact +21000 +21600 2012 2020 1000
a contact +21000 +21600 2013 2029 1000
a contact +21000 +21600 2014 2023 1000
a contact +21000 +21600 2015 2045 1000
a contact +21000 +21600 2016 2056 1000
a contact +21000 +21600 2017 2024 1000
a contact +21000 +21600 2018 2054 1000
a contact +21000 +21600 2019 2007 1000
a contact +21000 +21600 2020 2012 1000
a contact +21000 +21600 2021 2043 1000
a contact +21000 +21600 2022 9008 1000
a contact +21000 +21600 2023 2014 1000
a contact +21000 +21600 2024 2017 1000
a contact +21000 +21600 2025 2004 1000
a contact +21000 +21600 2026 9005 1000
a contact +21000 +21600 2027 2002 1000
a contact +21000 +21600 2028 2005 1000
a contact +21000 +21600 2029 2013 1000
a contact +21000 +21600 2030 2053 1000
a contact +21000 +21600 2031 2009 1000
a contact +21000 +21600 2032 2061 1000
a contact +21000 +21600 2033 2060 1000
a contact +21000 +21600 2034 2055 1000
a contact +21000 +21600 2035 2058 1000
a contact +21000 +21600 2036 2006 1000
a contact +21000 +21600 2037 2062 1000
a contact +21000 +21600 2038 2064 1000
a contact +21000 +21600 2039 2003 1000
a contact +21000 +21600 2040 2011 1000
a contact +21000 +21600 2041 2050 1000
a contact +21000 +21600 2042 2001 1000
a contact +21000 +21600 2043 2021 1000
a contact +21000 +21600 2044 9002 1000
a contact +21000 +21600 2045 2015 1000
a contact +21000 +21600 2046 2057 1000
a contact +21000 +21600 2047 2051 1000
a contact +21000 +21600 2048 2059 1000
a contact +21000 +21600 2049 2052 1000
a contact +21000 +21600 2050 2041 1000
a contact +21000 +21600 2051 2047 1000
a contact +21000 +21600 2052 2049 1000
a contact +21000 +21600 2053 2030 1000
a contact +21000 +21600 2054 2018 1000
a contact +21000 +21600 2055 2034 1000
a contact +21000 +21600 2056 2016 1000
a contact +21000 +21600 2057 2046 1000
a contact +21000 +21600 2058 2035 1000
a contact +21000 +21600 2059 2048 1000
a contact +21000 +21600 2060 2033 1000
a contact +21000 +21600 2061 2032 1000
a contact +21000 +21600 2062 2037 1000
a contact +21000 +21600 2063 9011 1000
a contact +21000 +21600 2064 2038 1000
a contact +21000 +21600 9001 9004 1000
a contact +21000 +21600 9002 2044 1000
a contact +21000 +21600 9003 9009 1000
a contact +21000 +21600 9004 9001 1000
a contact +21000 +21600 9005 2026 1000
a contact +21000 +21600 9006 9012 1000
a contact +21000 +21600 9007 9010 1000
a contact +21000 +21600 9008 2022 1000
a contact +21000 +21600 9009 9003 1000
a contact +21000 +21600 9010 9007 1000
a contact +21000 +21600 9011 2063 1000
a contact +21000 +21600 9012 9006 1000
a contact +21600 +22200 2001 2043 1000
a contact +21600 +22200 2002 2026 1000
a contact +21600 +22200 2003 2057 1000
a contact +21600 +22200 2004 2056 1000
a contact +21600 +22200 2005 2032 1000
a contact +21600 +22200 2006 2030 1000
a contact +21600 +22200 2007 2045 1000
a contact +21600 +22200 2008 2018 1000
a contact +21600 +22200 2009 2039 1000
a contact +21600 +22200 2010 2020 1000
a contact +21600 +22200 2011 2019 1000
a contact +21600 +22200 2012 2034 1000
a contact +21600 +22200 2013 2014 1000
a contact +21600 +22200 2014 2013 1000
a contact +21600 +22200 2015 2024 1000
a contact +21600 +22200 2016 2055 1000
a contact +21600 +22200 2017 2038 1000
a contact +21600 +22200 2018 2008 1000
a contact +21600 +22200 2019 2011 1000
a contact +21600 +22200 2020 2010 1000
a contact +21600 +22200 2021 9002 1000
a contact +21600 +22200 2022 2023 1000
a contact +21600 +22200 2023 2022 1000
a contact +21600 +22200 2024 2015 1000
a contact +21600 +22200 2025 9011 1000
a contact +21600 +22200 2026 2002 1000
a contact +21600 +22200 2027 2061 1000
a contact +21600 +22200 2028 2060 1000
a contact +21600 +22200 2029 2059 1000
a contact +21600 +22200 2030 2006 1000
a contact +21600 +22200 2031 2053 1000
a contact +21600 +22200 2032 2005 1000
a contact +21600 +22200 2033 2058 1000
a contact +21600 +22200 2034 2012 1000
a contact +21600 +22200 2035 2052 1000
a contact +21600 +22200 2036 2054 1000
a contact +21600 +22200 2037 2051 1000
a contact +21600 +22200 2038 2017 1000
a contact +21600 +22200 2039 2009 1000
a contact +21600 +22200 2040 2062 1000
a contact +21600 +22200 2041 2064 1000
a contact +21600 +22200 2042 2049 1000
a contact +21600 +22200 2043 2001 1000
a contact +21600 +22200 2044 9005 1000
a contact +21600 +22200 2045 2007 1000
a contact +21600 +22200 2046 2050 1000
a contact +21600 +22200 2047 2048 1000
a contact +21600 +22200 2048 2047 1000
a contact +21600 +22200 2049 2042 1000
a contact +21600 +22200 2050 2046 1000
a contact +21600 +22200 2051 2037 1000
a contact +21600 +22200 2052 2035 1000
a contact +21600 +22200 2053 2031 1000
a contact +21600 +22200 2054 2036 1000
a contact +21600 +22200 2055 2016 1000
a contact +21600 +22200 2056 2004 1000
a contact +21600 +22200 2057 2003 1000
a contact +21600 +22200 2058 2033 1000
a contact +21600 +22200 2059 2029 1000
a contact +21600 +22200 2060 2028 1000
a contact +21600 +22200 2061 2027 1000
a contact +21600 +22200 2062 2040 1000
a contact +21600 +22200 2063 9008 1000
a contact +21600 +22200 2064 2041 1000
a contact +21600 +22200 9001 9007 1000
a contact +21600 +22200 9002 2021 1000
a contact +21600 +22200 9003 9012 1000
a contact +21600 +22200 9004 9010 1000
a contact +21600 +22200 9005 2044 1000
a contact +21600 +22200 9006 9009 1000
a contact +21600 +22200 9007 9001 1000
a contact +21600 +22200 9008 2063 1000
a contact +21600 +22200 9009 9006 1000
a contact +21600 +22200 9010 9004 1000
a contact +21600 +22200 9011 2025 1000
a contact +21600 +22200 9012 9003 1000
a contact +22200 +22800 2001 2040 1000
a contact +22200 +22800 2002 2019 1000
a contact +22200 +22800 2003 2054 1000
a contact +22200 +22800 2004 2063 1000
a contact +22200 +22800 2005 2043 1000
a contact +22200 +22800 2006 2035 1000
a contact +22200 +22800 2007 2018 1000
a contact +22200 +22800 2008 2041 1000
a contact +22200 +22800 2009 2033 1000
a contact +22200 +22800 2010 2026 1000
a contact +22200 +22800 2011 2044 1000
a contact +22200 +22800 2012 2030 1000
a contact +22200 +22800 2013 2042 1000
a contact +22200 +22800 2014 2032 1000
a contact +22200 +22800 2015 9008 1000
a contact +22200 +22800 2016 2027 1000
a contact +22200 +22800 2017 9011 1000
a contact +22200 +22800 2018 2007 1000
a contact +22200 +22800 2019 2002 1000
a contact +22200 +22800 2020 2025 1000
a contact +22200 +22800 2021 2022 1000
a contact +22200 +22800 2022 2021 1000
a contact +22200 +22800 2023 2024 1000
a contact +22200 +22800 2024 2023 1000
a contact +22200 +22800 2025 2020 1000
a contact +22200 +22800 2026 2010 1000
a contact +22200 +22800 2027 2016 1000
a contact +22200 +22800 2028 2059 1000
a contact +22200 +22800 2029 2058 1000
a contact +22200 +22800 2030 2012 1000
a contact +22200 +22800 2031 2056 1000
a contact +22200 +22800 2032 2014 1000
a contact +22200 +22800 2033 2009 1000
a contact +22200 +22800 2034 2061 1000
a contact +22200 +22800 2035 2006 1000
a contact +22200 +22800 2036 2052 1000
a contact +22200 +22800 2037 2060 1000
a contact +22200 +22800 2038 9002 1000
a contact +22200 +22800 2039 2062 1000
a contact +22200 +22800 2040 2001 1000
a contact +22200 +22800 2041 2008 1000
a contact +22200 +22800 2042 2013 1000
a contact +22200 +22800 2043 2005 1000
a contact +22200 +22800 2044 2011 1000
a contact +22200 +22800 2045 2057 1000
a contact +22200 +22800 2046 2053 1000
a contact +22200 +22800 2047 2050 1000
a contact +22200 +22800 2048 2064 1000
a contact +22200 +22800 2049 2051 1000
a contact +22200 +22800 2050 2047 1000
a contact +22200 +22800 2051 2049 1000
a contact +22200 +22800 2052 2036 1000
a contact +22200 +22800 2053 2046 1000
a contact +22200 +22800 2054 2003 1000
a contact +22200 +22800 2055 9005 1000
a contact +22200 +22800 2056 2031 1000
a contact +22200 +22800 2057 2045 1000
a contact +22200 +22800 2058 2029 1000
a contact +22200 +22800 2059 2028 1000
a contact +22200 +22800 2060 2037 1000
a contact +22200 +22800 2061 2034 1000
a contact +22200 +22800 2062 2039 1000
a contact +22200 +22800 2063 2004 1000
a contact +22200 +22800 2064 2048 1000
a contact +22200 +22800 9001 9010 1000
a contact +22200 +22800 9002 2038 1000
a contact +22200 +22800 9003 9006 1000
a contact +22200 +22800 9004 9007 1000
a contact +22200 +22800 9005 2055 1000
a contact +22200 +22800 9006 9003 1000
a contact +22200 +22800 9007 9004 1000
a contact +22200 +22800 9008 2015 1000
a contact +22200 +22800 9009 9012 1000
a contact +22200 +22800 9010 9001 1000
a contact +22200 +22800 9011 2017 1000
a contact +22200 +22800 9012 9009 1000
a contact +22800 +23400 2001 2045 1000
a contact +22800 +23400 2002 2016 1000
a contact +22800 +23400 2003 2050 1000
a contact +22800 +23400 2004 2037 1000
a contact +22800 +23400 2005 2064 1000
a contact +22800 +23400 2006 2039 1000
a contact +22800 +23400 2007 2049 1000
a contact +22800 +23400 2008 2030 1000
a contact +22800 +23400 2009 2036 1000
a contact +22800 +23400 2010 2043 1000
a contact +22800 +23400 2011 2041 1000
a contact +22800 +23400 2012 2021 1000
a contact +22800 +23400 2013 2040 1000
a contact +22800 +23400 2014 2044 1000
a contact +22800 +23400 2015 2023 1000
a contact +22800 +23400 2016 2002 1000
a contact +22800 +23400 2017 2019 1000
a contact +22800 +23400 2018 9002 1000
a contact +22800 +23400 2019 2017 1000
a contact +22800 +23400 2020 2038 1000
a contact +22800 +23400 2021 2012 1000
a contact +22800 +23400 2022 9005 1000
a contact +22800 +23400 2023 2015 1000
a contact +22800 +23400 2024 9011 1000
a contact +22800 +23400 2025 2062 1000
a contact +22800 +23400 2026 2060 1000
a contact +22800 +23400 2027 2059 1000
a contact +22800 +23400 2028 2058 1000
a contact +22800 +23400 2029 2052 1000
a contact +22800 +23400 2030 2008 1000
a contact +22800 +23400 2031 2061 1000
a contact +22800 +23400 2032 9008 1000
a contact +22800 +23400 2033 2054 1000
a contact +22800 +23400 2034 2053 1000
a contact +22800 +23400 2035 2056 1000
a contact +22800 +23400 2036 2009 1000
a contact +22800 +23400 2037 2004 1000
a contact +22800 +23400 2038 2020 1000
a contact +22800 +23400 2039 2006 1000
a contact +22800 +23400 2040 2013 1000
a contact +22800 +23400 2041 2011 1000
a contact +22800 +23400 2042 2057 1000
a contact +22800 +23400 2043 2010 1000
a contact +22800 +23400 2044 2014 1000
a contact +22800 +23400 2045 2001 1000
a contact +22800 +23400 2046 2051 1000
a contact +22800 +23400 2047 2055 1000
a contact +22800 +23400 2048 2063 1000
a contact +22800 +23400 2049 2007 1000
a contact +22800 +23400 2050 2003 1000
a contact +22800 +23400 2051 2046 1000
a contact +22800 +23400 2052 2029 1000
a contact +22800 +23400 2053 2034 1000
a contact +22800 +23400 2054 2033 1000
a contact +22800 +23400 2055 2047 1000
a contact +22800 +23400 2056 2035 1000
a contact +22800 +23400 2057 2042 1000
a contact +22800 +23400 2058 2028 1000
a contact +22800 +23400 2059 2027 1000
a contact +22800 +23400 2060 2026 1000
a contact +22800 +23400 2061 2031 1000
a contact +22800 +23400 2062 2025 1000
a contact +22800 +23400 2063 2048 1000
a contact +22800 +23400 2064 2005 1000
a contact +22800 +23400 9001 9004 1000
a contact +22800 +23400 9002 2018 1000
a contact +22800 +23400 9003 9009 1000
a contact +22800 +23400 9004 9001 1000
a contact +22800 +23400 9005 2022 1000
a contact +22800 +23400 9006 9012 1000
a contact +22800 +23400 9007 9010 1000
a contact +22800 +23400 9008 2032 1000
a contact +22800 +23400 9009 9003 1000
a contact +22800 +23400 9010 9007 1000
a contact +22800 +23400 9011 2024 1000
a contact +22800 +23400 9012 9006 1000
a contact +23400 +24000 2001 2039 1000
a contact +23400 +24000 2002 2025 1000
a contact +23400 +24000 2003 2037 1000
a contact +23400 +24000 2004 2021 1000
a contact +23400 +24000 2005 2030 1000
a contact +23400 +24000 2006 2013 1000
a contact +23400 +24000 2007 2032 1000
a contact +23400 +24000 2008 2035 1000
a contact +23400 +24000 2009 2063 1000
a contact +23400 +24000 2010 2052 1000
a contact +23400 +24000 2011 2043 1000
a contact +23400 +24000 2012 2028 1000
a contact +23400 +24000 2013 2006 1000
a contact +23400 +24000 2014 2029 1000
a contact +23400 +24000 2015 2027 1000
a contact +23400 +24000 2016 2033 1000
a contact +23400 +24000 2017 2042 1000
a contact +23400 +24000 2018 2020 1000
a contact +23400 +24000 2019 2053 1000
a contact +23400 +24000 2020 2018 1000
a contact +23400 +24000 2021 2004 1000
a contact +23400 +24000 2022 9002 1000
a contact +23400 +24000 2023 9008 1000
a contact +23400 +24000 2024 2044 1000
a contact +23400 +24000 2025 2002 1000
a contact +23400 +24000 2026 2059 1000
a contact +23400 +24000 2027 2015 1000
a contact +23400 +24000 2028 2012 1000
a contact +23400 +24000 2029 2014 1000
a contact +23400 +24000 2030 2005 1000
a contact +23400 +24000 2031 2054 1000
a contact +23400 +24000 2032 2007 1000
a contact +23400 +24000 2033 2016 1000
a contact +23400 +24000 2034 2060 1000
a contact +23400 +24000 2035 2008 1000
a contact +23400 +24000 2036 2058 1000
a contact +23400 +24000 2037 2003 1000
a contact +23400 +24000 2038 9005 1000
a contact +23400 +24000 2039 2001 1000
a contact +23400 +24000 2040 2061 1000
a contact +23400 +24000 2041 2062 1000
a contact +23400 +24000 2042 2017 1000
a contact +23400 +24000 2043 2011 1000
a contact +23400 +24000 2044 2024 1000
a contact +23400 +24000 2045 2055 1000
a contact +23400 +24000 2046 2049 1000
a contact +23400 +24000 2047 2057 1000
a contact +23400 +24000 2048 9011 1000
a contact +23400 +24000 2049 2046 1000
a contact +23400 +24000 2050 2051 1000
a contact +23400 +24000 2051 2050 1000
a contact +23400 +24000 2052 2010 1000
a contact +23400 +24000 2053 2019 1000
a contact +23400 +24000 2054 2031 1000
a contact +23400 +24000 2055 2045 1000
a contact +23400 +24000 2056 2064 1000
a contact +23400 +24000 2057 2047 1000
a contact +23400 +24000 2058 2036 1000
a contact +23400 +24000 2059 2026 1000
a contact +23400 +24000 2060 2034 1000
a contact +23400 +24000 2061 2040 1000
a contact +23400 +24000 2062 2041 1000
a contact +23400 +24000 2063 2009 1000
a contact +23400 +24000 2064 2056 1000
a contact +23400 +24000 9001 9007 1000
a contact +23400 +24000 9002 2022 1000
a contact +23400 +24000 9003 9012 1000
a contact +23400 +24000 9004 9010 1000
a contact +23400 +24000 9005 2038 1000
a contact +23400 +24000 9006 9009 1000
a contact +23400 +24000 9007 9001 1000
a contact +23400 +24000 9008 2023 1000
a contact +23400 +24000 9009 9006 1000
a contact +23400 +24000 9010 9004 1000
a contact +23400 +24000 9011 2048 1000
a contact +23400 +24000 9012 9003 1000
a contact +24000 +24600 2001 2044 1000
a contact +24000 +24600 2002 2012 1000
a contact +24000 +24600 2003 2042 1000
a contact +24000 +24600 2004 9002 1000
a contact +24000 +24600 2005 2037 1000
a contact +24000 +24600 2006 2034 1000
a contact +24000 +24600 2007 2022 1000
a contact +24000 +24600 2008 2031 1000
a contact +24000 +24600 2009 2043 1000
a contact +24000 +24600 2010 2032 1000
a contact +24000 +24600 2011 2021 1000
a contact +24000 +24600 2012 2002 1000
a contact +24000 +24600 2013 2028 1000
a contact +24000 +24600 2014 2047 1000
a contact +24000 +24600 2015 2038 1000
a contact +24000 +24600 2016 2060 1000
a contact +24000 +24600 2017 2045 1000
a contact +24000 +24600 2018 2046 1000
a contact +24000 +24600 2019 2039 1000
a contact +24000 +24600 2020 2029 1000
a contact +24000 +24600 2021 2011 1000
a contact +24000 +24600 2022 2007 1000
a contact +24000 +24600 2023 9005 1000
a contact +24000 +24600 2024 9008 1000
a contact +24000 +24600 2025 2027 1000
a contact +24000 +24600 2026 2052 1000
a contact +24000 +24600 2027 2025 1000
a contact +24000 +24600 2028 2013 1000
a contact +24000 +24600 2029 2020 1000
a contact +24000 +24600 2030 2062 1000
a contact +24000 +24600 2031 2008 1000
a contact +24000 +24600 2032 2010 1000
a contact +24000 +24600 2033 2061 1000
a contact +24000 +24600 2034 2006 1000
a contact +24000 +24600 2035 2059 1000
a contact +24000 +24600 2036 2056 1000
a contact +24000 +24600 2037 2005 1000
a contact +24000 +24600 2038 2015 1000
a contact +24000 +24600 2039 2019 1000
a contact +24000 +24600 2040 2058 1000
a contact +24000 +24600 2041 2055 1000
a contact +24000 +24600 2042 2003 1000
a contact +24000 +24600 2043 2009 1000
a contact +24000 +24600 2044 2001 1000
a contact +24000 +24600 2045 2017 1000
a contact +24000 +24600 2046 2018 1000
a contact +24000 +24600 2047 2014 1000
a contact +24000 +24600 2048 2057 1000
a contact +24000 +24600 2049 9011 1000
a contact +24000 +24600 2050 2053 1000
a contact +24000 +24600 2051 2054 1000
a contact +24000 +24600 2052 2026 1000
a contact +24000 +24600 2053 2050 1000
a contact +24000 +24600 2054 2051 1000
a contact +24000 +24600 2055 2041 1000
a contact +24000 +24600 2056 2036 1000
a contact +24000 +24600 2057 2048 1000
a contact +24000 +24600 2058 2040 1000
a contact +24000 +24600 2059 2035 1000
a contact +24000 +24600 2060 2016 1000
a contact +24000 +24600 2061 2033 1000
a contact +24000 +24600 2062 2030 1000
a contact +24000 +24600 2063 2064 1000
a contact +24000 +24600 2064 2063 1000
a contact +24000 +24600 9001 9010 1000
a contact +24000 +24600 9002 2004 1000
a contact +24000 +24600 9003 9006 1000
a contact +24000 +24600 9004 9007 1000
a contact +24000 +24600 9005 2023 1000
a contact +24000 +24600 9006 9003 1000
a contact +24000 +24600 9007 9004 1000
a contact +24000 +24600 9008 2024 1000
a contact +24000 +24600 9009 9012 1000
a contact +24000 +24600 9010 9001 1000
a contact +24000 +24600 9011 2049 1000
a contact +24000 +24600 9012 9009 1000
a contact +24600 +25200 2001 2046 1000
a contact +24600 +25200 2002 2023 1000
a contact +24600 +25200 2003 9011 1000
a contact +24600 +25200 2004 2036 1000
a contact +24600 +25200 2005 2035 1000
a contact +24600 +25200 2006 2038 1000
a contact +24600 +25200 2007 2008 1000
a contact +24600 +25200 2008 2007 1000
a contact +24600 +25200 2009 2042 1000
a contact +24600 +25200 2010 2048 1000
a contact +24600 +25200 2011 2037 1000
a contact +24600 +25200 2012 2031 1000
a contact +24600 +25200 2013 2030 1000
a contact +24600 +25200 2014 2026 1000
a contact +24600 +25200 2015 9002 1000
a contact +24600 +25200 2016 2064 1000
a contact +24600 +25200 2017 2032 1000
a contact +24600 +25200 2018 2027 1000
a contact +24600 +25200 2019 2043 1000
a contact +24600 +25200 2020 2039 1000
a contact +24600 +25200 2021 2029 1000
a contact +24600 +25200 2022 2041 1000
a contact +24600 +25200 2023 2002 1000
a contact +24600 +25200 2024 9005 1000
a contact +24600 +25200 2025 2060 1000
a contact +24600 +25200 2026 2014 1000
a contact +24600 +25200 2027 2018 1000
a contact +24600 +25200 2028 2053 1000
a contact +24600 +25200 2029 2021 1000
a contact +24600 +25200 2030 2013 1000
a contact +24600 +25200 2031 2012 1000
a contact +24600 +25200 2032 2017 1000
a contact +24600 +25200 2033 2059 1000
a contact +24600 +25200 2034 2058 1000
a contact +24600 +25200 2035 2005 1000
a contact +24600 +25200 2036 2004 1000
a contact +24600 +25200 2037 2011 1000
a contact +24600 +25200 2038 2006 1000
a contact +24600 +25200 2039 2020 1000
a contact +24600 +25200 2040 2051 1000
a contact +24600 +25200 2041 2022 1000
a contact +24600 +25200 2042 2009 1000
a contact +24600 +25200 2043 2019 1000
a contact +24600 +25200 2044 2054 1000
a contact +24600 +25200 2045 2052 1000
a contact +24600 +25200 2046 2001 1000
a contact +24600 +25200 2047 9008 1000
a contact +24600 +25200 2048 2010 1000
a contact +24600 +25200 2049 2057 1000
a contact +24600 +25200 2050 2055 1000
a contact +24600 +25200 2051 2040 1000
a contact +24600 +25200 2052 2045 1000
a contact +24600 +25200 2053 2028 1000
a contact +24600 +25200 2054 2044 1000
a contact +24600 +25200 2055 2050 1000
a contact +24600 +25200 2056 2063 1000
a contact +24600 +25200 2057 2049 1000
a contact +24600 +25200 2058 2034 1000
a contact +24600 +25200 2059 2033 1000
a contact +24600 +25200 2060 2025 1000
a contact +24600 +25200 2061 2062 1000
a contact +24600 +25200 2062 2061 1000
a contact +24600 +25200 2063 2056 1000
a contact +24600 +25200 2064 2016 1000
a contact +24600 +25200 9001 9004 1000
a contact +24600 +25200 9002 2015 1000
a contact +24600 +25200 9003 9009 1000
a contact +24600 +25200 9004 9001 1000
a contact +24600 +25200 9005 2024 1000
a contact +24600 +25200 9006 9012 1000
a contact +24600 +25200 9007 9010 1000
a contact +24600 +25200 9008 2047 1000
a contact +24600 +25200 9009 9003 1000
a contact +24600 +25200 9010 9007 1000
a contact +24600 +25200 9011 2003 1000
a contact +24600 +25200 9012 9006 1000
a contact +25200 +25800 2001 2016 1000
a contact +25200 +25800 2002 2008 1000
a contact +25200 +25800 2003 2023 1000
a contact +25200 +25800 2004 2030 1000
a contact +25200 +25800 2005 2036 1000
a contact +25200 +25800 2006 2048 1000
a contact +25200 +25800 2007 2010 1000
a contact +25200 +25800 2008 2002 1000
a contact +25200 +25800 2009 2047 1000
a contact +25200 +25800 2010 2007 1000
a contact +25200 +25800 2011 9002 1000
a contact +25200 +25800 2012 9005 1000
a contact +25200 +25800 2013 2027 1000
a contact +25200 +25800 2014 2028 1000
a contact +25200 +25800 2015 2044 1000
a contact +25200 +25800 2016 2001 1000
a contact +25200 +25800 2017 2029 1000
a contact +25200 +25800 2018 2025 1000
a contact +25200 +25800 2019 2026 1000
a contact +25200 +25800 2020 9011 1000
a contact +25200 +25800 2021 2042 1000
a contact +25200 +25800 2022 2037 1000
a contact +25200 +25800 2023 2003 1000
a contact +25200 +25800 2024 2039 1000
a contact +25200 +25800 2025 2018 1000
a contact +25200 +25800 2026 2019 1000
a contact +25200 +25800 2027 2013 1000
a contact +25200 +25800 2028 2014 1000
a contact +25200 +25800 2029 2017 1000
a contact +25200 +25800 2030 2004 1000
a contact +25200 +25800 2031 2035 1000
a contact +25200 +25800 2032 2056 1000
a contact +25200 +25800 2033 2053 1000
a contact +25200 +25800 2034 2059 1000
a contact +25200 +25800 2035 2031 1000
a contact +25200 +25800 2036 2005 1000
a contact +25200 +25800 2037 2022 1000
a contact +25200 +25800 2038 2062 1000
a contact +25200 +25800 2039 2024 1000
a contact +25200 +25800 2040 2060 1000
a contact +25200 +25800 2041 2049 1000
a contact +25200 +25800 2042 2021 1000
a contact +25200 +25800 2043 2058 1000
a contact +25200 +25800 2044 2015 1000
a contact +25200 +25800 2045 2054 1000
a contact +25200 +25800 2046 2052 1000
a contact +25200 +25800 2047 2009 1000
a contact +25200 +25800 2048 2006 1000
a contact +25200 +25800 2049 2041 1000
a contact +25200 +25800 2050 2057 1000
a contact +25200 +25800 2051 9008 1000
a contact +25200 +25800 2052 2046 1000
a contact +25200 +25800 2053 2033 1000
a contact +25200 +25800 2054 2045 1000
a contact +25200 +25800 2055 2063 1000
a contact +25200 +25800 2056 2032 1000
a contact +25200 +25800 2057 2050 1000
a contact +25200 +25800 2058 2043 1000
a contact +25200 +25800 2059 2034 1000
a contact +25200 +25800 2060 2040 1000
a contact +25200 +25800 2061 2064 1000
a contact +25200 +25800 2062 2038 1000
a contact +25200 +25800 2063 2055 1000
a contact +25200 +25800 2064 2061 1000
a contact +25200 +25800 9001 9007 1000
a contact +25200 +25800 9002 2011 1000
a contact +25200 +25800 9003 9012 1000
a contact +25200 +25800 9004 9010 1000
a contact +25200 +25800 9005 2012 1000
a contact +25200 +25800 9006 9009 1000
a contact +25200 +25800 9007 9001 1000
a contact +25200 +25800 9008 2051 1000
a contact +25200 +25800 9009 9006 1000
a contact +25200 +25800 9010 9004 1000
a contact +25200 +25800 9011 2020 1000
a contact +25200 +25800 9012 9003 1000
a contact +25800 +26400 2001 2047 1000
a contact +25800 +26400 2002 2013 1000
a contact +25800 +26400 2003 9008 1000
a contact +25800 +26400 2004 2014 1000
a contact +25800 +26400 2005 2061 1000
a contact +25800 +26400 2006 2041 1000
a contact +25800 +26400 2007 2012 1000
a contact +25800 +26400 2008 2039 1000
a contact +25800 +26400 2009 2035 1000
a contact +25800 +26400 2010 2030 1000
a contact +25800 +26400 2011 2036 1000
a contact +25800 +26400 2012 2007 1000
a contact +25800 +26400 2013 2002 1000
a contact +25800 +26400 2014 2004 1000
a contact +25800 +26400 2015 2031 1000
a contact +25800 +26400 2016 2063 1000
a contact +25800 +26400 2017 2026 1000
a contact +25800 +26400 2018 2037 1000
a contact +25800 +26400 2019 2034 1000
a contact +25800 +26400 2020 2028 1000
a contact +25800 +26400 2021 2027 1000
a contact +25800 +26400 2022 2029 1000
a contact +25800 +26400 2023 9002 1000
a contact +25800 +26400 2024 2025 1000
a contact +25800 +26400 2025 2024 1000
a contact +25800 +26400 2026 2017 1000
a contact +25800 +26400 2027 2021 1000
a contact +25800 +26400 2028 2020 1000
a contact +25800 +26400 2029 2022 1000
a contact +25800 +26400 2030 2010 1000
a contact +25800 +26400 2031 2015 1000
a contact +25800 +26400 2032 2053 1000
a contact +25800 +26400 2033 2052 1000
a contact +25800 +26400 2034 2019 1000
a contact +25800 +26400 2035 2009 1000
a contact +25800 +26400 2036 2011 1000
a contact +25800 +26400 2037 2018 1000
a contact +25800 +26400 2038 2060 1000
a contact +25800 +26400 2039 2008 1000
a contact +25800 +26400 2040 2059 1000
a contact +25800 +26400 2041 2006 1000
a contact +25800 +26400 2042 2062 1000
a contact +25800 +26400 2043 2055 1000
a contact +25800 +26400 2044 2058 1000
a contact +25800 +26400 2045 2056 1000
a contact +25800 +26400 2046 2054 1000
a contact +25800 +26400 2047 2001 1000
a contact +25800 +26400 2048 2050 1000
a contact +25800 +26400 2049 9005 1000
a contact +25800 +26400 2050 2048 1000
a contact +25800 +26400 2051 9011 1000
a contact +25800 +26400 2052 2033 1000
a contact +25800 +26400 2053 2032 1000
a contact +25800 +26400 2054 2046 1000
a contact +25800 +26400 2055 2043 1000
a contact +25800 +26400 2056 2045 1000
a contact +25800 +26400 2057 2064 1000
a contact +25800 +26400 2058 2044 1000
a contact +25800 +26400 2059 2040 1000
a contact +25800 +26400 2060 2038 1000
a contact +25800 +26400 2061 2005 1000
a contact +25800 +26400 2062 2042 1000
a contact +25800 +26400 2063 2016 1000
a contact +25800 +26400 2064 2057 1000
a contact +25800 +26400 9001 9010 1000
a contact +25800 +26400 9002 2023 1000
a contact +25800 +26400 9003 9006 1000
a contact +25800 +26400 9004 9007 1000
a contact +25800 +26400 9005 2049 1000
a contact +25800 +26400 9006 9003 1000
a contact +25800 +26400 9007 9004 1000
a contact +25800 +26400 9008 2003 1000
a contact +25800 +26400 9009 9012 1000
a contact +25800 +26400 9010 9001 1000
a contact +25800 +26400 9011 2051 1000
a contact +25800 +26400 9012 9009 1000
a contact +26400 +27000 2001 2049 1000
a contact +26400 +27000 2002 2030 1000
a contact +26400 +27000 2003 2024 1000
a contact +26400 +27000 2004 2015 1000
a contact +26400 +27000 2005 2012 1000
a contact +26400 +27000 2006 2040 1000
a contact +26400 +27000 2007 2035 1000
a contact +26400 +27000 2008 2034 1000
a contact +26400 +27000 2009 2023 1000
a contact +26400 +27000 2010 9005 1000
a contact +26400 +27000 2011 2033 1000
a contact +26400 +27000 2012 2005 1000
a contact +26400 +27000 2013 2036 1000
a contact +26400 +27000 2014 2041 1000
a contact +26400 +27000 2015 2004 1000
a contact +26400 +27000 2016 2061 1000
a contact +26400 +27000 2017 9008 1000
a contact +26400 +27000 2018 2026 1000
a contact +26400 +27000 2019 2047 1000
a contact +26400 +27000 2020 2027 1000
a contact +26400 +27000 2021 2028 1000
a contact +26400 +27000 2022 2044 1000
a contact +26400 +27000 2023 2009 1000
a contact +26400 +27000 2024 2003 1000
a contact +26400 +27000 2025 2046 1000
a contact +26400 +27000 2026 2018 1000
a contact +26400 +27000 2027 2020 1000
a contact +26400 +27000 2028 2021 1000
a contact +26400 +27000 2029 2031 1000
a contact +26400 +27000 2030 2002 1000
a contact +26400 +27000 2031 2029 1000
a contact +26400 +27000 2032 2058 1000
a contact +26400 +27000 2033 2011 1000
a contact +26400 +27000 2034 2008 1000
a contact +26400 +27000 2035 2007 1000
a contact +26400 +27000 2036 2013 1000
a contact +26400 +27000 2037 2056 1000
a contact +26400 +27000 2038 2055 1000
a contact +26400 +27000 2039 2060 1000
a contact +26400 +27000 2040 2006 1000
a contact +26400 +27000 2041 2014 1000
a contact +26400 +27000 2042 2054 1000
a contact +26400 +27000 2043 2059 1000
a contact +26400 +27000 2044 2022 1000
a contact +26400 +27000 2045 2053 1000
a contact +26400 +27000 2046 2025 1000
a contact +26400 +27000 2047 2019 1000
a contact +26400 +27000 2048 2062 1000
a contact +26400 +27000 2049 2001 1000
a contact +26400 +27000 2050 2052 1000
a contact +26400 +27000 2051 2063 1000
a contact +26400 +27000 2052 2050 1000
a contact +26400 +27000 2053 2045 1000
a contact +26400 +27000 2054 2042 1000
a contact +26400 +27000 2055 2038 1000
a contact +26400 +27000 2056 2037 1000
a contact +26400 +27000 2057 9011 1000
a contact +26400 +27000 2058 2032 1000
a contact +26400 +27000 2059 2043 1000
a contact +26400 +27000 2060 2039 1000
a contact +26400 +27000 2061 2016 1000
a contact +26400 +27000 2062 2048 1000
a contact +26400 +27000 2063 2051 1000
a contact +26400 +27000 2064 9002 1000
a contact +26400 +27000 9001 9004 1000
a contact +26400 +27000 9002 2064 1000
a contact +26400 +27000 9003 9009 1000
a contact +26400 +27000 9004 9001 1000
a contact +26400 +27000 9005 2010 1000
a contact +26400 +27000 9006 9012 1000
a contact +26400 +27000 9007 9010 1000
a contact +26400 +27000 9008 2017 1000
a contact +26400 +27000 9009 9003 1000
a contact +26400 +27000 9010 9007 1000
a contact +26400 +27000 9011 2057 1000
a contact +26400 +27000 9012 9006 1000
a contact +27000 +27600 2001 2050 1000
a contact +27000 +27600 2002 2031 1000
a contact +27000 +27600 2003 2029 1000
a contact +27000 +27600 2004 2022 1000
a contact +27000 +27600 2005 2033 1000
a contact +27000 +27600 2006 2042 1000
a contact +27000 +27600 2007 2028 1000
a contact +27000 +27600 2008 2017 1000
a contact +27000 +27600 2009 2037 1000
a contact +27000 +27600 2010 2011 1000
a contact +27000 +27600 2011 2010 1000
a contact +27000 +27600 2012 2035 1000
a contact +27000 +27600 2013 2019 1000
a contact +27000 +27600 2014 2039 1000
a contact +27000 +27600 2015 9005 1000
a contact +27000 +27600 2016 2059 1000
a contact +27000 +27600 2017 2008 1000
a contact +27000 +27600 2018 2048 1000
a contact +27000 +27600 2019 2013 1000
a contact +27000 +27600 2020 2026 1000
a contact +27000 +27600 2021 2025 1000
a contact +27000 +27600 2022 2004 1000
a contact +27000 +27600 2023 2034 1000
a contact +27000 +27600 2024 2038 1000
a contact +27000 +27600 2025 2021 1000
a contact +27000 +27600 2026 2020 1000
a contact +27000 +27600 2027 2036 1000
a contact +27000 +27600 2028 2007 1000
a contact +27000 +27600 2029 2003 1000
a contact +27000 +27600 2030 2054 1000
a contact +27000 +27600 2031 2002 1000
a contact +27000 +27600 2032 2052 1000
a contact +27000 +27600 2033 2005 1000
a contact +27000 +27600 2034 2023 1000
a contact +27000 +27600 2035 2012 1000
a contact +27000 +27600 2036 2027 1000
a contact +27000 +27600 2037 2009 1000
a contact +27000 +27600 2038 2024 1000
a contact +27000 +27600 2039 2014 1000
a contact +27000 +27600 2040 2053 1000
a contact +27000 +27600 2041 2060 1000
a contact +27000 +27600 2042 2006 1000
a contact +27000 +27600 2043 2062 1000
a contact +27000 +27600 2044 2056 1000
a contact +27000 +27600 2045 2058 1000
a contact +27000 +27600 2046 2055 1000
a contact +27000 +27600 2047 9011 1000
a contact +27000 +27600 2048 2018 1000
a contact +27000 +27600 2049 2064 1000
a contact +27000 +27600 2050 2001 1000
a contact +27000 +27600 2051 9002 1000
a contact +27000 +27600 2052 2032 1000
a contact +27000 +27600 2053 2040 1000
a contact +27000 +27600 2054 2030 1000
a contact +27000 +27600 2055 2046 1000
a contact +27000 +27600 2056 2044 1000
a contact +27000 +27600 2057 9008 1000
a contact +27000 +27600 2058 2045 1000
a contact +27000 +27600 2059 2016 1000
a contact +27000 +27600 2060 2041 1000
a contact +27000 +27600 2061 2063 1000
a contact +27000 +27600 2062 2043 1000
a contact +27000 +27600 2063 2061 1000
a contact +27000 +27600 2064 2049 1000
a contact +27000 +27600 9001 9007 1000
a contact +27000 +27600 9002 2051 1000
a contact +27000 +27600 9003 9012 1000
a contact +27000 +27600 9004 9010 1000
a contact +27000 +27600 9005 2015 1000
a contact +27000 +27600 9006 9009 1000
a contact +27000 +27600 9007 9001 1000
a contact +27000 +27600 9008 2057 1000
a contact +27000 +27600 9009 9006 1000
a contact +27000 +27600 9010 9004 1000
a contact +27000 +27600 9011 2047 1000
a contact +27000 +27600 9012 9003 1000
a contact +27600 +28200 2001 2051 1000
a contact +27600 +28200 2002 2048 1000
a contact +27600 +28200 2003 2047 1000
a contact +27600 +28200 2004 2034 1000
a contact +27600 +28200 2005 2041 1000
a contact +27600 +28200 2006 2044 1000
a contact +27600 +28200 2007 2021 1000
a contact +27600 +28200 2008 2029 1000
a contact +27600 +28200 2009 2040 1000
a contact +27600 +28200 2010 2049 1000
a contact +27600 +28200 2011 2039 1000
a contact +27600 +28200 2012 2037 1000
a contact +27600 +28200 2013 2033 1000
a contact +27600 +28200 2014 2030 1000
a contact +27600 +28200 2015 2036 1000
a contact +27600 +28200 2016 2058 1000
a contact +27600 +28200 2017 9005 1000
a contact +27600 +28200 2018 2032 1000
a contact +27600 +28200 2019 2027 1000
a contact +27600 +28200 2020 9008 1000
a contact +27600 +28200 2021 2007 1000
a contact +27600 +28200 2022 2026 1000
a contact +27600 +28200 2023 2025 1000
a contact +27600 +28200 2024 2031 1000
a contact +27600 +28200 2025 2023 1000
a contact +27600 +28200 2026 2022 1000
a contact +27600 +28200 2027 2019 1000
a contact +27600 +28200 2028 9002 1000
a contact +27600 +28200 2029 2008 1000
a contact +27600 +28200 2030 2014 1000
a contact +27600 +28200 2031 2024 1000
a contact +27600 +28200 2032 2018 1000
a contact +27600 +28200 2033 2013 1000
a contact +27600 +28200 2034 2004 1000
a contact +27600 +28200 2035 2063 1000
a contact +27600 +28200 2036 2015 1000
a contact +27600 +28200 2037 2012 1000
a contact +27600 +28200 2038 2054 1000
a contact +27600 +28200 2039 2011 1000
a contact +27600 +28200 2040 2009 1000
a contact +27600 +28200 2041 2005 1000
a contact +27600 +28200 2042 2060 1000
a contact +27600 +28200 2043 2053 1000
a contact +27600 +28200 2044 2006 1000
a contact +27600 +28200 2045 2062 1000
a contact +27600 +28200 2046 2056 1000
a contact +27600 +28200 2047 2003 1000
a contact +27600 +28200 2048 2002 1000
a contact +27600 +28200 2049 2010 1000
a contact +27600 +28200 2050 9011 1000
a contact +27600 +28200 2051 2001 1000
a contact +27600 +28200 2052 2057 1000
a contact +27600 +28200 2053 2043 1000
a contact +27600 +28200 2054 2038 1000
a contact +27600 +28200 2055 2061 1000
a contact +27600 +28200 2056 2046 1000
a contact +27600 +28200 2057 2052 1000
a contact +27600 +28200 2058 2016 1000
a contact +27600 +28200 2059 2064 1000
a contact +27600 +28200 2060 2042 1000
a contact +27600 +28200 2061 2055 1000
a contact +27600 +28200 2062 2045 1000
a contact +27600 +28200 2063 2035 1000
a contact +27600 +28200 2064 2059 1000
a contact +27600 +28200 9001 9010 1000
a contact +27600 +28200 9002 2028 1000
a contact +27600 +28200 9003 9006 1000
a contact +27600 +28200 9004 9007 1000
a contact +27600 +28200 9005 2017 1000
a contact +27600 +28200 9006 9003 1000
a contact +27600 +28200 9007 9004 1000
a contact +27600 +28200 9008 2020 1000
a contact +27600 +28200 9009 9012 1000
a contact +27600 +28200 9010 9001 1000
a contact +27600 +28200 9011 2050 1000
a contact +27600 +28200 9012 9009 1000
a contact +28200 +28800 2001 2052 1000
a contact +28200 +28800 2002 2024 1000
a contact +28200 +28800 2003 2034 1000
a contact +28200 +28800 2004 2047 1000
a contact +28200 +28800 2005 2042 1000
a contact +28200 +28800 2006 2045 1000
a contact +28200 +28800 2007 2029 1000
a contact +28200 +28800 2008 2028 1000
a contact +28200 +28800 2009 2041 1000
a contact +28200 +28800 2010 2021 1000
a contact +28200 +28800 2011 2035 1000
a contact +28200 +28800 2012 2033 1000
a contact +28200 +28800 2013 2039 1000
a contact +28200 +28800 2014 2040 1000
a contact +28200 +28800 2015 2030 1000
a contact +28200 +28800 2016 2048 1000
a contact +28200 +28800 2017 2036 1000
a contact +28200 +28800 2018 2038 1000
a contact +28200 +28800 2019 2020 1000
a contact +28200 +28800 2020 2019 1000
a contact +28200 +28800 2021 2010 1000
a contact +28200 +28800 2022 2027 1000
a contact +28200 +28800 2023 2043 1000
a contact +28200 +28800 2024 2002 1000
a contact +28200 +28800 2025 2026 1000
a contact +28200 +28800 2026 2025 1000
a contact +28200 +28800 2027 2022 1000
a contact +28200 +28800 2028 2008 1000
a contact +28200 +28800 2029 2007 1000
a contact +28200 +28800 2030 2015 1000
a contact +28200 +28800 2031 2059 1000
a contact +28200 +28800 2032 2057 1000
a contact +28200 +28800 2033 2012 1000
a contact +28200 +28800 2034 2003 1000
a contact +28200 +28800 2035 2011 1000
a contact +28200 +28800 2036 2017 1000
a contact +28200 +28800 2037 2061 1000
a contact +28200 +28800 2038 2018 1000
a contact +28200 +28800 2039 2013 1000
a contact +28200 +28800 2040 2014 1000
a contact +28200 +28800 2041 2009 1000
a contact +28200 +28800 2042 2005 1000
a contact +28200 +28800 2043 2023 1000
a contact +28200 +28800 2044 2062 1000
a contact +28200 +28800 2045 2006 1000
a contact +28200 +28800 2046 2058 1000
a contact +28200 +28800 2047 2004 1000
a contact +28200 +28800 2048 2016 1000
a contact +28200 +28800 2049 9008 1000
a contact +28200 +28800 2050 9002 1000
a contact +28200 +28800 2051 2056 1000
a contact +28200 +28800 2052 2001 1000
a contact +28200 +28800 2053 2055 1000
a contact +28200 +28800 2054 9011 1000
a contact +28200 +28800 2055 2053 1000
a contact +28200 +28800 2056 2051 1000
a contact +28200 +28800 2057 2032 1000
a contact +28200 +28800 2058 2046 1000
a contact +28200 +28800 2059 2031 1000
a contact +28200 +28800 2060 2063 1000
a contact +28200 +28800 2061 2037 1000
a contact +28200 +28800 2062 2044 1000
a contact +28200 +28800 2063 2060 1000
a contact +28200 +28800 2064 9005 1000
a contact +28200 +28800 9001 9004 1000
a contact +28200 +28800 9002 2050 1000
a contact +28200 +28800 9003 9009 1000
a contact +28200 +28800 9004 9001 1000
a contact +28200 +28800 9005 2064 1000
a contact +28200 +28800 9006 9012 1000
a contact +28200 +28800 9007 9010 1000
a contact +28200 +28800 9008 2049 1000
a contact +28200 +28800 9009 9003 1000
a contact +28200 +28800 9010 9007 1000
a contact +28200 +28800 9011 2054 1000
a contact +28200 +28800 9012 9006 1000
a contact +28800 +29400 2001 9011 1000
a contact +28800 +29400 2002 2037 1000
a contact +28800 +29400 2003 2027 1000
a contact +28800 +29400 2004 2045 1000
a contact +28800 +29400 2005 2044 1000
a contact +28800 +29400 2006 2047 1000
a contact +28800 +29400 2007 2046 1000
a contact +28800 +29400 2008 2021 1000
a contact +28800 +29400 2009 2034 1000
a contact +28800 +29400 2010 2028 1000
a contact +28800 +29400 2011 2031 1000
a contact +28800 +29400 2012 2040 1000
a contact +28800 +29400 2013 2025 1000
a contact +28800 +29400 2014 2035 1000
a contact +28800 +29400 2015 2039 1000
a contact +28800 +29400 2016 2057 1000
a contact +28800 +29400 2017 2030 1000
a contact +28800 +29400 2018 2036 1000
a contact +28800 +29400 2019 2029 1000
a contact +28800 +29400 2020 2032 1000
a contact +28800 +29400 2021 2008 1000
a contact +28800 +29400 2022 2033 1000
a contact +28800 +29400 2023 2041 1000
a contact +28800 +29400 2024 9002 1000
a contact +28800 +29400 2025 2013 1000
a contact +28800 +29400 2026 2048 1000
a contact +28800 +29400 2027 2003 1000
a contact +28800 +29400 2028 2010 1000
a contact +28800 +29400 2029 2019 1000
a contact +28800 +29400 2030 2017 1000
a contact +28800 +29400 2031 2011 1000
a contact +28800 +29400 2032 2020 1000
a contact +28800 +29400 2033 2022 1000
a contact +28800 +29400 2034 2009 1000
a contact +28800 +29400 2035 2014 1000
a contact +28800 +29400 2036 2018 1000
a contact +28800 +29400 2037 2002 1000
a contact +28800 +29400 2038 2061 1000
a contact +28800 +29400 2039 2015 1000
a contact +28800 +29400 2040 2012 1000
a contact +28800 +29400 2041 2023 1000
a contact +28800 +29400 2042 2056 1000
a contact +28800 +29400 2043 2060 1000
a contact +28800 +29400 2044 2005 1000
a contact +28800 +29400 2045 2004 1000
a contact +28800 +29400 2046 2007 1000
a contact +28800 +29400 2047 2006 1000
a contact +28800 +29400 2048 2026 1000
a contact +28800 +29400 2049 2063 1000
a contact +28800 +29400 2050 9008 1000
a contact +28800 +29400 2051 9005 1000
a contact +28800 +29400 2052 2055 1000
a contact +28800 +29400 2053 2054 1000
a contact +28800 +29400 2054 2053 1000
a contact +28800 +29400 2055 2052 1000
a contact +28800 +29400 2056 2042 1000
a contact +28800 +29400 2057 2016 1000
a contact +28800 +29400 2058 2064 1000
a contact +28800 +29400 2059 2062 1000
a contact +28800 +29400 2060 2043 1000
a contact +28800 +29400 2061 2038 1000
a contact +28800 +29400 2062 2059 1000
a contact +28800 +29400 2063 2049 1000
a contact +28800 +29400 2064 2058 1000
a contact +28800 +29400 9001 9007 1000
a contact +28800 +29400 9002 2024 1000
a contact +28800 +29400 9003 9012 1000
a contact +28800 +29400 9004 9010 1000
a contact +28800 +29400 9005 2051 1000
a contact +28800 +29400 9006 9009 1000
a contact +28800 +29400 9007 9001 1000
a contact +28800 +29400 9008 2050 1000
a contact +28800 +29400 9009 9006 1000
a contact +28800 +29400 9010 9004 1000
a contact +28800 +29400 9011 2001 1000
a contact +28800 +29400 9012 9003 1000
a contact +29400 +30000 2001 2048 1000
a contact +29400 +30000 2002 2022 1000
a contact +29400 +30000 2003 2021 1000
a contact +29400 +30000 2004 2057 1000
a contact +29400 +30000 2005 2047 1000
a contact +29400 +30000 2006 2043 1000
a contact +29400 +30000 2007 2038 1000
a contact +29400 +30000 2008 2040 1000
a contact +29400 +30000 2009 2045 1000
a contact +29400 +30000 2010 2027 1000
a contact +29400 +30000 2011 2032 1000
a contact +29400 +30000 2012 2017 1000
a contact +29400 +30000 2013 2037 1000
a contact +29400 +30000 2014 2031 1000
a contact +29400 +30000 2015 2046 1000
a contact +29400 +30000 2016 2052 1000
a contact +29400 +30000 2017 2012 1000
a contact +29400 +30000 2018 2030 1000
a contact +29400 +30000 2019 2049 1000
a contact +29400 +30000 2020 2034 1000
a contact +29400 +30000 2021 2003 1000
a contact +29400 +30000 2022 2002 1000
a contact +29400 +30000 2023 2029 1000
a contact +29400 +30000 2024 2028 1000
a contact +29400 +30000 2025 9005 1000
a contact +29400 +30000 2026 9002 1000
a contact +29400 +30000 2027 2010 1000
a contact +29400 +30000 2028 2024 1000
a contact +29400 +30000 2029 2023 1000
a contact +29400 +30000 2030 2018 1000
a contact +29400 +30000 2031 2014 1000
a contact +29400 +30000 2032 2011 1000
a contact +29400 +30000 2033 9011 1000
a contact +29400 +30000 2034 2020 1000
a contact +29400 +30000 2035 2062 1000
a contact +29400 +30000 2036 2063 1000
a contact +29400 +30000 2037 2013 1000
a contact +29400 +30000 2038 2007 1000
a contact +29400 +30000 2039 2061 1000
a contact +29400 +30000 2040 2008 1000
a contact +29400 +30000 2041 2058 1000
a contact +29400 +30000 2042 2055 1000
a contact +29400 +30000 2043 2006 1000
a contact +29400 +30000 2044 2060 1000
a contact +29400 +30000 2045 2009 1000
a contact +29400 +30000 2046 2015 1000
a contact +29400 +30000 2047 2005 1000
a contact +29400 +30000 2048 2001 1000
a contact +29400 +30000 2049 2019 1000
a contact +29400 +30000 2050 2064 1000
a contact +29400 +30000 2051 2059 1000
a contact +29400 +30000 2052 2016 1000
a contact +29400 +30000 2053 9008 1000
a contact +29400 +30000 2054 2056 1000
a contact +29400 +30000 2055 2042 1000
a contact +29400 +30000 2056 2054 1000
a contact +29400 +30000 2057 2004 1000
a contact +29400 +30000 2058 2041 1000
a contact +29400 +30000 2059 2051 1000
a contact +29400 +30000 2060 2044 1000
a contact +29400 +30000 2061 2039 1000
a contact +29400 +30000 2062 2035 1000
a contact +29400 +30000 2063 2036 1000
a contact +29400 +30000 2064 2050 1000
a contact +29400 +30000 9001 9010 1000
a contact +29400 +30000 9002 2026 1000
a contact +29400 +30000 9003 9006 1000
a contact +29400 +30000 9004 9007 1000
a contact +29400 +30000 9005 2025 1000
a contact +29400 +30000 9006 9003 1000
a contact +29400 +30000 9007 9004 1000
a contact +29400 +30000 9008 2053 1000
a contact +29400 +30000 9009 9012 1000
a contact +29400 +30000 9010 9001 1000
a contact +29400 +30000 9011 2033 1000
a contact +29400 +30000 9012 9009 1000
a contact +30000 +30600 2001 2053 1000
a contact +30000 +30600 2002 2050 1000
a contact +30000 +30600 2003 2010 1000
a contact +30000 +30600 2004 2049 1000
a contact +30000 +30600 2005 2034 1000
a contact +30000 +30600 2006 9003 1000
a contact +30000 +30600 2007 2037 1000
a contact +30000 +30600 2008 2032 1000
a contact +30000 +30600 2009 2038 1000
a contact +30000 +30600 2010 2003 1000
a contact +30000 +30600 2011 2042 1000
a contact +30000 +30600 2012 2039 1000
a contact +30000 +30600 2013 2035 1000
a contact +30000 +30600 2014 9006 1000
a contact +30000 +30600 2015 2047 1000
a contact +30000 +30600 2016 2022 1000
a contact +30000 +30600 2017 2031 1000
a contact +30000 +30600 2018 2019 1000
a contact +30000 +30600 2019 2018 1000
a contact +30000 +30600 2020 2033 1000
a contact +30000 +30600 2021 2030 1000
a contact +30000 +30600 2022 2016 1000
a contact +30000 +30600 2023 2028 1000
a contact +30000 +30600 2024 2029 1000
a contact +30000 +30600 2025 9012 1000
a contact +30000 +30600 2026 9009 1000
a contact +30000 +30600 2027 9011 1000
a contact +30000 +30600 2028 2023 1000
a contact +30000 +30600 2029 2024 1000
a contact +30000 +30600 2030 2021 1000
a contact +30000 +30600 2031 2017 1000
a contact +30000 +30600 2032 2008 1000
a contact +30000 +30600 2033 2020 1000
a contact +30000 +30600 2034 2005 1000
a contact +30000 +30600 2035 2013 1000
a contact +30000 +30600 2036 2061 1000
a contact +30000 +30600 2037 2007 1000
a contact +30000 +30600 2038 2009 1000
a contact +30000 +30600 2039 2012 1000
a contact +30000 +30600 2040 2064 1000
a contact +30000 +30600 2041 2063 1000
a contact +30000 +30600 2042 2011 1000
a contact +30000 +30600 2043 2054 1000
a contact +30000 +30600 2044 2059 1000
a contact +30000 +30600 2045 9002 1000
a contact +30000 +30600 2046 9008 1000
a contact +30000 +30600 2047 2015 1000
a contact +30000 +30600 2048 2060 1000
a contact +30000 +30600 2049 2004 1000
a contact +30000 +30600 2050 2002 1000
a contact +30000 +30600 2051 2062 1000
a contact +30000 +30600 2052 2058 1000
a contact +30000 +30600 2053 2001 1000
a contact +30000 +30600 2054 2043 1000
a contact +30000 +30600 2055 2056 1000
a contact +30000 +30600 2056 2055 1000
a contact +30000 +30600 2057 9005 1000
a contact +30000 +30600 2058 2052 1000
a contact +30000 +30600 2059 2044 1000
a contact +30000 +30600 2060 2048 1000
a contact +30000 +30600 2061 2036 1000
a contact +30000 +30600 2062 2051 1000
a contact +30000 +30600 2063 2041 1000
a contact +30000 +30600 2064 2040 1000
a contact +30000 +30600 9001 9004 1000
a contact +30000 +30600 9002 2045 1000
a contact +30000 +30600 9003 2006 1000
a contact +30000 +30600 9004 9001 1000
a contact +30000 +30600 9005 2057 1000
a contact +30000 +30600 9006 2014 1000
a contact +30000 +30600 9007 9010 1000
a contact +30000 +30600 9008 2046 1000
a contact +30000 +30600 9009 2026 1000
a contact +30000 +30600 9010 9007 1000
a contact +30000 +30600 9011 2027 1000
a contact +30000 +30600 9012 2025 1000
a contact +30600 +31200 2001 2054 1000
a contact +30600 +31200 2002 2049 1000
a contact +30600 +31200 2003 2033 1000
a contact +30600 +31200 2004 2064 1000
a contact +30600 +31200 2005 2048 1000
a contact +30600 +31200 2006 9006 1000
a contact +30600 +31200 2007 2031 1000
a contact +30600 +31200 2008 2037 1000
a contact +30600 +31200 2009 2046 1000
a contact +30600 +31200 2010 2023 1000
a contact +30600 +31200 2011 2038 1000
a contact +30600 +31200 2012 2032 1000
a contact +30600 +31200 2013 2034 1000
a contact +30600 +31200 2014 2043 1000
a contact +30600 +31200 2015 2042 1000
a contact +30600 +31200 2016 2029 1000
a contact +30600 +31200 2017 2039 1000
a contact +30600 +31200 2018 2040 1000
a contact +30600 +31200 2019 9008 1000
a contact +30600 +31200 2020 2035 1000
a contact +30600 +31200 2021 2026 1000
a contact +30600 +31200 2022 2030 1000
a contact +30600 +31200 2023 2010 1000
a contact +30600 +31200 2024 9012 1000
a contact +30600 +31200 2025 9009 1000
a contact +30600 +31200 2026 2021 1000
a contact +30600 +31200 2027 2028 1000
a contact +30600 +31200 2028 2027 1000
a contact +30600 +31200 2029 2016 1000
a contact +30600 +31200 2030 2022 1000
a contact +30600 +31200 2031 2007 1000
a contact +30600 +31200 2032 2012 1000
a contact +30600 +31200 2033 2003 1000
a contact +30600 +31200 2034 2013 1000
a contact +30600 +31200 2035 2020 1000
a contact +30600 +31200 2036 2059 1000
a contact +30600 +31200 2037 2008 1000
a contact +30600 +31200 2038 2011 1000
a contact +30600 +31200 2039 2017 1000
a contact +30600 +31200 2040 2018 1000
a contact +30600 +31200 2041 2061 1000
a contact +30600 +31200 2042 2015 1000
a contact +30600 +31200 2043 2014 1000
a contact +30600 +31200 2044 2063 1000
a contact +30600 +31200 2045 9003 1000
a contact +30600 +31200 2046 2009 1000
a contact +30600 +31200 2047 2056 1000
a contact +30600 +31200 2048 2005 1000
a contact +30600 +31200 2049 2002 1000
a contact +30600 +31200 2050 9005 1000
a contact +30600 +31200 2051 2060 1000
a contact +30600 +31200 2052 2062 1000
a contact +30600 +31200 2053 2058 1000
a contact +30600 +31200 2054 2001 1000
a contact +30600 +31200 2055 9011 1000
a contact +30600 +31200 2056 2047 1000
a contact +30600 +31200 2057 9002 1000
a contact +30600 +31200 2058 2053 1000
a contact +30600 +31200 2059 2036 1000
a contact +30600 +31200 2060 2051 1000
a contact +30600 +31200 2061 2041 1000
a contact +30600 +31200 2062 2052 1000
a contact +30600 +31200 2063 2044 1000
a contact +30600 +31200 2064 2004 1000
a contact +30600 +31200 9001 9007 1000
a contact +30600 +31200 9002 2057 1000
a contact +30600 +31200 9003 2045 1000
a contact +30600 +31200 9004 9010 1000
a contact +30600 +31200 9005 2050 1000
a contact +30600 +31200 9006 2006 1000
a contact +30600 +31200 9007 9001 1000
a contact +30600 +31200 9008 2019 1000
a contact +30600 +31200 9009 2025 1000
a contact +30600 +31200 9010 9004 1000
a contact +30600 +31200 9011 2055 1000
a contact +30600 +31200 9012 2024 1000
a contact +31200 +31800 2001 2055 1000
a contact +31200 +31800 2002 2020 1000
a contact +31200 +31800 2003 2030 1000
a contact +31200 +31800 2004 2027 1000
a contact +31200 +31800 2005 2050 1000
a contact +31200 +31800 2006 9009 1000
a contact +31200 +31800 2007 2041 1000
a contact +31200 +31800 2008 2036 1000
a contact +31200 +31800 2009 2061 1000
a contact +31200 +31800 2010 9011 1000
a contact +31200 +31800 2011 2029 1000
a contact +31200 +31800 2012 2018 1000
a contact +31200 +31800 2013 2038 1000
a contact +31200 +31800 2014 2033 1000
a contact +31200 +31800 2015 2040 1000
a contact +31200 +31800 2016 2045 1000
a contact +31200 +31800 2017 2043 1000
a contact +31200 +31800 2018 2012 1000
a contact +31200 +31800 2019 2031 1000
a contact +31200 +31800 2020 2002 1000
a contact +31200 +31800 2021 2037 1000
a contact +31200 +31800 2022 2035 1000
a contact +31200 +31800 2023 9012 1000
a contact +31200 +31800 2024 2034 1000
a contact +31200 +31800 2025 9006 1000
a contact +31200 +31800 2026 2028 1000
a contact +31200 +31800 2027 2004 1000
a contact +31200 +31800 2028 2026 1000
a contact +31200 +31800 2029 2011 1000
a contact +31200 +31800 2030 2003 1000
a contact +31200 +31800 2031 2019 1000
a contact +31200 +31800 2032 2051 1000
a contact +31200 +31800 2033 2014 1000
a contact +31200 +31800 2034 2024 1000
a contact +31200 +31800 2035 2022 1000
a contact +31200 +31800 2036 2008 1000
a contact +31200 +31800 2037 2021 1000
a contact +31200 +31800 2038 2013 1000
a contact +31200 +31800 2039 2064 1000
a contact +31200 +31800 2040 2015 1000
a contact +31200 +31800 2041 2007 1000
a contact +31200 +31800 2042 2044 1000
a contact +31200 +31800 2043 2017 1000
a contact +31200 +31800 2044 2042 1000
a contact +31200 +31800 2045 2016 1000
a contact +31200 +31800 2046 9005 1000
a contact +31200 +31800 2047 2063 1000
a contact +31200 +31800 2048 2056 1000
a contact +31200 +31800 2049 9002 1000
a contact +31200 +31800 2050 2005 1000
a contact +31200 +31800 2051 2032 1000
a contact +31200 +31800 2052 9008 1000
a contact +31200 +31800 2053 2062 1000
a contact +31200 +31800 2054 2060 1000
a contact +31200 +31800 2055 2001 1000
a contact +31200 +31800 2056 2048 1000
a contact +31200 +31800 2057 9003 1000
a contact +31200 +31800 2058 2059 1000
a contact +31200 +31800 2059 2058 1000
a contact +31200 +31800 2060 2054 1000
a contact +31200 +31800 2061 2009 1000
a contact +31200 +31800 2062 2053 1000
a contact +31200 +31800 2063 2047 1000
a contact +31200 +31800 2064 2039 1000
a contact +31200 +31800 9001 9010 1000
a contact +31200 +31800 9002 2049 1000
a contact +31200 +31800 9003 2057 1000
a contact +31200 +31800 9004 9007 1000
a contact +31200 +31800 9005 2046 1000
a contact +31200 +31800 9006 2025 1000
a contact +31200 +31800 9007 9004 1000
a contact +31200 +31800 9008 2052 1000
a contact +31200 +31800 9009 2006 1000
a contact +31200 +31800 9010 9001 1000
a contact +31200 +31800 9011 2010 1000
a contact +31200 +31800 9012 2023 1000
a contact +31800 +32400 2001 2056 1000
a contact +31800 +32400 2002 9008 1000
a contact +31800 +32400 2003 2049 1000
a contact +31800 +32400 2004 2011 1000
a contact +31800 +32400 2005 2046 1000
a contact +31800 +32400 2006 2063 1000
a contact +31800 +32400 2007 2030 1000
a contact +31800 +32400 2008 2014 1000
a contact +31800 +32400 2009 2050 1000
a contact +31800 +32400 2010 2022 1000
a contact +31800 +32400 2011 2004 1000
a contact +31800 +32400 2012 2041 1000
a contact +31800 +32400 2013 2018 1000
a contact +31800 +32400 2014 2008 1000
a contact +31800 +32400 2015 2029 1000
a contact +31800 +32400 2016 2040 1000
a contact +31800 +32400 2017 2037 1000
a contact +31800 +32400 2018 2013 1000
a contact +31800 +32400 2019 2032 1000
a contact +31800 +32400 2020 9005 1000
a contact +31800 +32400 2021 2038 1000
a contact +31800 +32400 2022 2010 1000
a contact +31800 +32400 2023 2031 1000
a contact +31800 +32400 2024 9009 1000
a contact +31800 +32400 2025 9003 1000
a contact +31800 +32400 2026 2027 1000
a contact +31800 +32400 2027 2026 1000
a contact +31800 +32400 2028 2033 1000
a contact +31800 +32400 2029 2015 1000
a contact +31800 +32400 2030 2007 1000
a contact +31800 +32400 2031 2023 1000
a contact +31800 +32400 2032 2019 1000
a contact +31800 +32400 2033 2028 1000
a contact +31800 +32400 2034 2043 1000
a contact +31800 +32400 2035 2055 1000
a contact +31800 +32400 2036 2051 1000
a contact +31800 +32400 2037 2017 1000
a contact +31800 +32400 2038 2021 1000
a contact +31800 +32400 2039 9012 1000
a contact +31800 +32400 2040 2016 1000
a contact +31800 +32400 2041 2012 1000
a contact +31800 +32400 2042 2061 1000
a contact +31800 +32400 2043 2034 1000
a contact +31800 +32400 2044 9011 1000
a contact +31800 +32400 2045 2064 1000
a contact +31800 +32400 2046 2005 1000
a contact +31800 +32400 2047 2062 1000
a contact +31800 +32400 2048 2058 1000
a contact +31800 +32400 2049 2003 1000
a contact +31800 +32400 2050 2009 1000
a contact +31800 +32400 2051 2036 1000
a contact +31800 +32400 2052 2060 1000
a contact +31800 +32400 2053 9002 1000
a contact +31800 +32400 2054 2059 1000
a contact +31800 +32400 2055 2035 1000
a contact +31800 +32400 2056 2001 1000
a contact +31800 +32400 2057 9006 1000
a contact +31800 +32400 2058 2048 1000
a contact +31800 +32400 2059 2054 1000
a contact +31800 +32400 2060 2052 1000
a contact +31800 +32400 2061 2042 1000
a contact +31800 +32400 2062 2047 1000
a contact +31800 +32400 2063 2006 1000
a contact +31800 +32400 2064 2045 1000
a contact +31800 +32400 9001 9004 1000
a contact +31800 +32400 9002 2053 1000
a contact +31800 +32400 9003 2025 1000
a contact +31800 +32400 9004 9001 1000
a contact +31800 +32400 9005 2020 1000
a contact +31800 +32400 9006 2057 1000
a contact +31800 +32400 9007 9010 1000
a contact +31800 +32400 9008 2002 1000
a contact +31800 +32400 9009 2024 1000
a contact +31800 +32400 9010 9007 1000
a contact +31800 +32400 9011 2044 1000
a contact +31800 +32400 9012 2039 1000
a contact +32400 +33000 2001 2058 1000
a contact +32400 +33000 2002 9002 1000
a contact +32400 +33000 2003 2013 1000
a contact +32400 +33000 2004 2028 1000
a contact +32400 +33000 2005 9009 1000
a contact +32400 +33000 2006 2062 1000
a contact +32400 +33000 2007 9008 1000
a contact +32400 +33000 2008 2012 1000
a contact +32400 +33000 2009 2049 1000
a contact +32400 +33000 2010 2024 1000
a contact +32400 +33000 2011 2030 1000
a contact +32400 +33000 2012 2008 1000
a contact +32400 +33000 2013 2003 1000
a contact +32400 +33000 2014 2042 1000
a contact +32400 +33000 2015 2041 1000
a contact +32400 +33000 2016 2054 1000
a contact +32400 +33000 2017 2040 1000
a contact +32400 +33000 2018 2045 1000
a contact +32400 +33000 2019 9005 1000
a contact +32400 +33000 2020 2043 1000
a contact +32400 +33000 2021 2035 1000
a contact +32400 +33000 2022 2034 1000
a contact +32400 +33000 2023 2037 1000
a contact +32400 +33000 2024 2010 1000
a contact +32400 +33000 2025 2032 1000
a contact +32400 +33000 2026 2031 1000
a contact +32400 +33000 2027 2033 1000
a contact +32400 +33000 2028 2004 1000
a contact +32400 +33000 2029 9012 1000
a contact +32400 +33000 2030 2011 1000
a contact +32400 +33000 2031 2026 1000
a contact +32400 +33000 2032 2025 1000
a contact +32400 +33000 2033 2027 1000
a contact +32400 +33000 2034 2022 1000
a contact +32400 +33000 2035 2021 1000
a contact +32400 +33000 2036 2055 1000
a contact +32400 +33000 2037 2023 1000
a contact +32400 +33000 2038 9006 1000
a contact +32400 +33000 2039 9003 1000
a contact +32400 +33000 2040 2017 1000
a contact +32400 +33000 2041 2015 1000
a contact +32400 +33000 2042 2014 1000
a contact +32400 +33000 2043 2020 1000
a contact +32400 +33000 2044 2057 1000
a contact +32400 +33000 2045 2018 1000
a contact +32400 +33000 2046 2063 1000
a contact +32400 +33000 2047 2060 1000
a contact +32400 +33000 2048 2061 1000
a contact +32400 +33000 2049 2009 1000
a contact +32400 +33000 2050 2059 1000
a contact +32400 +33000 2051 2064 1000
a contact +32400 +33000 2052 9011 1000
a contact +32400 +33000 2053 2056 1000
a contact +32400 +33000 2054 2016 1000
a contact +32400 +33000 2055 2036 1000
a contact +32400 +33000 2056 2053 1000
a contact +32400 +33000 2057 2044 1000
a contact +32400 +33000 2058 2001 1000
a contact +32400 +33000 2059 2050 1000
a contact +32400 +33000 2060 2047 1000
a contact +32400 +33000 2061 2048 1000
a contact +32400 +33000 2062 2006 1000
a contact +32400 +33000 2063 2046 1000
a contact +32400 +33000 2064 2051 1000
a contact +32400 +33000 9001 9007 1000
a contact +32400 +33000 9002 2002 1000
a contact +32400 +33000 9003 2039 1000
a contact +32400 +33000 9004 9010 1000
a contact +32400 +33000 9005 2019 1000
a contact +32400 +33000 9006 2038 1000
a contact +32400 +33000 9007 9001 1000
a contact +32400 +33000 9008 2007 1000
a contact +32400 +33000 9009 2005 1000
a contact +32400 +33000 9010 9004 1000
a contact +32400 +33000 9011 2052 1000
a contact +32400 +33000 9012 2029 1000
a contact +33000 +33600 2001 2059 1000
a contact +33000 +33600 2002 2021 1000
a contact +33000 +33600 2003 9002 1000
a contact +33000 +33600 2004 2031 1000
a contact +33000 +33600 2005 9012 1000
a contact +33000 +33600 2006 2050 1000
a contact +33000 +33600 2007 9011 1000
a contact +33000 +33600 2008 2033 1000
a contact +33000 +33600 2009 2060 1000
a contact +33000 +33600 2010 2025 1000
a contact +33000 +33600 2011 9003 1000
a contact +33000 +33600 2012 2036 1000
a contact +33000 +33600 2013 9006 1000
a contact +33000 +33600 2014 9005 1000
a contact +33000 +33600 2015 2034 1000
a contact +33000 +33600 2016 2044 1000
a contact +33000 +33600 2017 2041 1000
a contact +33000 +33600 2018 2039 1000
a contact +33000 +33600 2019 2040 1000
a contact +33000 +33600 2020 2042 1000
a contact +33000 +33600 2021 2002 1000
a contact +33000 +33600 2022 2032 1000
a contact +33000 +33600 2023 2030 1000
a contact +33000 +33600 2024 2037 1000
a contact +33000 +33600 2025 2010 1000
a contact +33000 +33600 2026 2038 1000
a contact +33000 +33600 2027 2029 1000
a contact +33000 +33600 2028 9009 1000
a contact +33000 +33600 2029 2027 1000
a contact +33000 +33600 2030 2023 1000
a contact +33000 +33600 2031 2004 1000
a contact +33000 +33600 2032 2022 1000
a contact +33000 +33600 2033 2008 1000
a contact +33000 +33600 2034 2015 1000
a contact +33000 +33600 2035 2053 1000
a contact +33000 +33600 2036 2012 1000
a contact +33000 +33600 2037 2024 1000
a contact +33000 +33600 2038 2026 1000
a contact +33000 +33600 2039 2018 1000
a contact +33000 +33600 2040 2019 1000
a contact +33000 +33600 2041 2017 1000
a contact +33000 +33600 2042 2020 1000
a contact +33000 +33600 2043 2061 1000
a contact +33000 +33600 2044 2016 1000
a contact +33000 +33600 2045 2063 1000
a contact +33000 +33600 2046 2062 1000
a contact +33000 +33600 2047 2058 1000
a contact +33000 +33600 2048 9008 1000
a contact +33000 +33600 2049 2056 1000
a contact +33000 +33600 2050 2006 1000
a contact +33000 +33600 2051 2057 1000
a contact +33000 +33600 2052 2064 1000
a contact +33000 +33600 2053 2035 1000
a contact +33000 +33600 2054 2055 1000
a contact +33000 +33600 2055 2054 1000
a contact +33000 +33600 2056 2049 1000
a contact +33000 +33600 2057 2051 1000
a contact +33000 +33600 2058 2047 1000
a contact +33000 +33600 2059 2001 1000
a contact +33000 +33600 2060 2009 1000
a contact +33000 +33600 2061 2043 1000
a contact +33000 +33600 2062 2046 1000
a contact +33000 +33600 2063 2045 1000
a contact +33000 +33600 2064 2052 1000
a contact +33000 +33600 9001 9010 1000
a contact +33000 +33600 9002 2003 1000
a contact +33000 +33600 9003 2011 1000
a contact +33000 +33600 9004 9007 1000
a contact +33000 +33600 9005 2014 1000
a contact +33000 +33600 9006 2013 1000
a contact +33000 +33600 9007 9004 1000
a contact +33000 +33600 9008 2048 1000
a contact +33000 +33600 9009 2028 1000
a contact +33000 +33600 9010 9001 1000
a contact +33000 +33600 9011 2007 1000
a contact +33000 +33600 9012 2005 1000
a contact +33600 +34200 2001 2060 1000
a contact +33600 +34200 2002 9005 1000
a contact +33600 +34200 2003 2014 1000
a contact +33600 +34200 2004 2032 1000
a contact +33600 +34200 2005 9006 1000
a contact +33600 +34200 2006 2052 1000
a contact +33600 +34200 2007 2034 1000
a contact +33600 +34200 2008 9008 1000
a contact +33600 +34200 2009 2057 1000
a contact +33600 +34200 2010 2029 1000
a contact +33600 +34200 2011 2013 1000
a contact +33600 +34200 2012 9002 1000
a contact +33600 +34200 2013 2011 1000
a contact +33600 +34200 2014 2003 1000
a contact +33600 +34200 2015 2028 1000
a contact +33600 +34200 2016 2053 1000
a contact +33600 +34200 2017 2044 1000
a contact +33600 +34200 2018 9011 1000
a contact +33600 +34200 2019 2033 1000
a contact +33600 +34200 2020 2041 1000
a contact +33600 +34200 2021 2039 1000
a contact +33600 +34200 2022 2036 1000
a contact +33600 +34200 2023 2035 1000
a contact +33600 +34200 2024 2040 1000
a contact +33600 +34200 2025 2048 1000
a contact +33600 +34200 2026 9012 1000
a contact +33600 +34200 2027 9009 1000
a contact +33600 +34200 2028 2015 1000
a contact +33600 +34200 2029 2010 1000
a contact +33600 +34200 2030 2031 1000
a contact +33600 +34200 2031 2030 1000
a contact +33600 +34200 2032 2004 1000
a contact +33600 +34200 2033 2019 1000
a contact +33600 +34200 2034 2007 1000
a contact +33600 +34200 2035 2023 1000
a contact +33600 +34200 2036 2022 1000
a contact +33600 +34200 2037 9003 1000
a contact +33600 +34200 2038 2050 1000
a contact +33600 +34200 2039 2021 1000
a contact +33600 +34200 2040 2024 1000
a contact +33600 +34200 2041 2020 1000
a contact +33600 +34200 2042 2043 1000
a contact +33600 +34200 2043 2042 1000
a contact +33600 +34200 2044 2017 1000
a contact +33600 +34200 2045 2046 1000
a contact +33600 +34200 2046 2045 1000
a contact +33600 +34200 2047 2064 1000
a contact +33600 +34200 2048 2025 1000
a contact +33600 +34200 2049 2058 1000
a contact +33600 +34200 2050 2038 1000
a contact +33600 +34200 2051 2061 1000
a contact +33600 +34200 2052 2006 1000
a contact +33600 +34200 2053 2016 1000
a contact +33600 +34200 2054 2063 1000
a contact +33600 +34200 2055 2059 1000
a contact +33600 +34200 2056 2062 1000
a contact +33600 +34200 2057 2009 1000
a contact +33600 +34200 2058 2049 1000
a contact +33600 +34200 2059 2055 1000
a contact +33600 +34200 2060 2001 1000
a contact +33600 +34200 2061 2051 1000
a contact +33600 +34200 2062 2056 1000
a contact +33600 +34200 2063 2054 1000
a contact +33600 +34200 2064 2047 1000
a contact +33600 +34200 9001 9004 1000
a contact +33600 +34200 9002 2012 1000
a contact +33600 +34200 9003 2037 1000
a contact +33600 +34200 9004 9001 1000
a contact +33600 +34200 9005 2002 1000
a contact +33600 +34200 9006 2005 1000
a contact +33600 +34200 9007 9010 1000
a contact +33600 +34200 9008 2008 1000
a contact +33600 +34200 9009 2027 1000
a contact +33600 +34200 9010 9007 1000
a contact +33600 +34200 9011 2018 1000
a contact +33600 +34200 9012 2026 1000
a contact +34200 +34800 2001 9008 1000
a contact +34200 +34800 2002 2014 1000
a contact +34200 +34800 2003 2038 1000
a contact +34200 +34800 2004 2050 1000
a contact +34200 +34800 2005 2056 1000
a contact +34200 +34800 2006 2051 1000
a contact +34200 +34800 2007 9005 1000
a contact +34200 +34800 2008 9002 1000
a contact +34200 +34800 2009 2064 1000
a contact +34200 +34800 2010 2035 1000
a contact +34200 +34800 2011 9011 1000
a contact +34200 +34800 2012 2013 1000
a contact +34200 +34800 2013 2012 1000
a contact +34200 +34800 2014 2002 1000
a contact +34200 +34800 2015 2043 1000
a contact +34200 +34800 2016 2047 1000
a contact +34200 +34800 2017 2027 1000
a contact +34200 +34800 2018 2044 1000
a contact +34200 +34800 2019 2037 1000
a contact +34200 +34800 2020 2040 1000
a contact +34200 +34800 2021 2036 1000
a contact +34200 +34800 2022 9012 1000
a contact +34200 +34800 2023 2032 1000
a contact +34200 +34800 2024 2041 1000
a contact +34200 +34800 2025 2042 1000
a contact +34200 +34800 2026 9006 1000
a contact +34200 +34800 2027 2017 1000
a contact +34200 +34800 2028 2030 1000
a contact +34200 +34800 2029 2034 1000
a contact +34200 +34800 2030 2028 1000
a contact +34200 +34800 2031 9003 1000
a contact +34200 +34800 2032 2023 1000
a contact +34200 +34800 2033 2039 1000
a contact +34200 +34800 2034 2029 1000
a contact +34200 +34800 2035 2010 1000
a contact +34200 +34800 2036 2021 1000
a contact +34200 +34800 2037 2019 1000
a contact +34200 +34800 2038 2003 1000
a contact +34200 +34800 2039 2033 1000
a contact +34200 +34800 2040 2020 1000
a contact +34200 +34800 2041 2024 1000
a contact +34200 +34800 2042 2025 1000
a contact +34200 +34800 2043 2015 1000
a contact +34200 +34800 2044 2018 1000
a contact +34200 +34800 2045 2060 1000
a contact +34200 +34800 2046 2059 1000
a contact +34200 +34800 2047 2016 1000
a contact +34200 +34800 2048 9009 1000
a contact +34200 +34800 2049 2055 1000
a contact +34200 +34800 2050 2004 1000
a contact +34200 +34800 2051 2006 1000
a contact +34200 +34800 2052 2061 1000
a contact +34200 +34800 2053 2057 1000
a contact +34200 +34800 2054 2062 1000
a contact +34200 +34800 2055 2049 1000
a contact +34200 +34800 2056 2005 1000
a contact +34200 +34800 2057 2053 1000
a contact +34200 +34800 2058 2063 1000
a contact +34200 +34800 2059 2046 1000
a contact +34200 +34800 2060 2045 1000
a contact +34200 +34800 2061 2052 1000
a contact +34200 +34800 2062 2054 1000
a contact +34200 +34800 2063 2058 1000
a contact +34200 +34800 2064 2009 1000
a contact +34200 +34800 9001 9007 1000
a contact +34200 +34800 9002 2008 1000
a contact +34200 +34800 9003 2031 1000
a contact +34200 +34800 9004 9010 1000
a contact +34200 +34800 9005 2007 1000
a contact +34200 +34800 9006 2026 1000
a contact +34200 +34800 9007 9001 1000
a contact +34200 +34800 9008 2001 1000
a contact +34200 +34800 9009 2048 1000
a contact +34200 +34800 9010 9004 1000
a contact +34200 +34800 9011 2011 1000
a contact +34200 +34800 9012 2022 1000
a contact +34800 +35400 2001 9005 1000
a contact +34800 +35400 2002 2009 1000
a contact +34800 +35400 2003 2032 1000
a contact +34800 +35400 2004 2023 1000
a contact +34800 +35400 2005 2049 1000
a contact +34800 +35400 2006 2053 1000
a contact +34800 +35400 2007 2014 1000
a contact +34800 +35400 2008 2013 1000
a contact +34800 +35400 2009 2002 1000
a contact +34800 +35400 2010 2041 1000
a contact +34800 +35400 2011 2012 1000
a contact +34800 +35400 2012 2011 1000
a contact +34800 +35400 2013 2008 1000
a contact +34800 +35400 2014 2007 1000
a contact +34800 +35400 2015 2037 1000
a contact +34800 +35400 2016 2038 1000
a contact +34800 +35400 2017 2035 1000
a contact +34800 +35400 2018 2031 1000
a contact +34800 +35400 2019 2044 1000
a contact +34800 +35400 2020 2030 1000
a contact +34800 +35400 2021 2040 1000
a contact +34800 +35400 2022 9009 1000
a contact +34800 +35400 2023 2004 1000
a contact +34800 +35400 2024 2033 1000
a contact +34800 +35400 2025 2039 1000
a contact +34800 +35400 2026 2034 1000
a contact +34800 +35400 2027 9002 1000
a contact +34800 +35400 2028 9008 1000
a contact +34800 +35400 2029 9011 1000
a contact +34800 +35400 2030 2020 1000
a contact +34800 +35400 2031 2018 1000
a contact +34800 +35400 2032 2003 1000
a contact +34800 +35400 2033 2024 1000
a contact +34800 +35400 2034 2026 1000
a contact +34800 +35400 2035 2017 1000
a contact +34800 +35400 2036 9003 1000
a contact +34800 +35400 2037 2015 1000
a contact +34800 +35400 2038 2016 1000
a contact +34800 +35400 2039 2025 1000
a contact +34800 +35400 2040 2021 1000
a contact +34800 +35400 2041 2010 1000
a contact +34800 +35400 2042 9006 1000
a contact +34800 +35400 2043 2064 1000
a contact +34800 +35400 2044 2019 1000
a contact +34800 +35400 2045 2048 1000
a contact +34800 +35400 2046 2060 1000
a contact +34800 +35400 2047 2059 1000
a contact +34800 +35400 2048 2045 1000
a contact +34800 +35400 2049 2005 1000
a contact +34800 +35400 2050 2063 1000
a contact +34800 +35400 2051 2058 1000
a contact +34800 +35400 2052 9012 1000
a contact +34800 +35400 2053 2006 1000
a contact +34800 +35400 2054 2057 1000
a contact +34800 +35400 2055 2062 1000
a contact +34800 +35400 2056 2061 1000
a contact +34800 +35400 2057 2054 1000
a contact +34800 +35400 2058 2051 1000
a contact +34800 +35400 2059 2047 1000
a contact +34800 +35400 2060 2046 1000
a contact +34800 +35400 2061 2056 1000
a contact +34800 +35400 2062 2055 1000
a contact +34800 +35400 2063 2050 1000
a contact +34800 +35400 2064 2043 1000
a contact +34800 +35400 9001 9010 1000
a contact +34800 +35400 9002 2027 1000
a contact +34800 +35400 9003 2036 1000
a contact +34800 +35400 9004 9007 1000
a contact +34800 +35400 9005 2001 1000
a contact +34800 +35400 9006 2042 1000
a contact +34800 +35400 9007 9004 1000
a contact +34800 +35400 9008 2028 1000
a contact +34800 +35400 9009 2022 1000
a contact +34800 +35400 9010 9001 1000
a contact +34800 +35400 9011 2029 1000
a contact +34800 +35400 9012 2052 1000
a contact +35400 +36000 2001 2061 1000
a contact +35400 +36000 2002 2015 1000
a contact +35400 +36000 2003 2017 1000
a contact +35400 +36000 2004 2029 1000
a contact +35400 +36000 2005 2051 1000
a contact +35400 +36000 2006 2064 1000
a contact +35400 +36000 2007 9002 1000
a contact +35400 +36000 2008 9005 1000
a contact +35400 +36000 2009 2048 1000
a contact +35400 +36000 2010 2033 1000
a contact +35400 +36000 2011 9008 1000
a contact +35400 +36000 2012 9006 1000
a contact +35400 +36000 2013 9011 1000
a contact +35400 +36000 2014 9012 1000
a contact +35400 +36000 2015 2002 1000
a contact +35400 +36000 2016 2046 1000
a contact +35400 +36000 2017 2003 1000
a contact +35400 +36000 2018 2043 1000
a contact +35400 +36000 2019 2042 1000
a contact +35400 +36000 2020 2037 1000
a contact +35400 +36000 2021 2031 1000
a contact +35400 +36000 2022 9003 1000
a contact +35400 +36000 2023 2040 1000
a contact +35400 +36000 2024 2035 1000
a contact +35400 +36000 2025 2044 1000
a contact +35400 +36000 2026 2032 1000
a contact +35400 +36000 2027 2041 1000
a contact +35400 +36000 2028 2034 1000
a contact +35400 +36000 2029 2004 1000
a contact +35400 +36000 2030 2036 1000
a contact +35400 +36000 2031 2021 1000
a contact +35400 +36000 2032 2026 1000
a contact +35400 +36000 2033 2010 1000
a contact +35400 +36000 2034 2028 1000
a contact +35400 +36000 2035 2024 1000
a contact +35400 +36000 2036 2030 1000
a contact +35400 +36000 2037 2020 1000
a contact +35400 +36000 2038 2045 1000
a contact +35400 +36000 2039 2047 1000
a contact +35400 +36000 2040 2023 1000
a contact +35400 +36000 2041 2027 1000
a contact +35400 +36000 2042 2019 1000
a contact +35400 +36000 2043 2018 1000
a contact +35400 +36000 2044 2025 1000
a contact +35400 +36000 2045 2038 1000
a contact +35400 +36000 2046 2016 1000
a contact +35400 +36000 2047 2039 1000
a contact +35400 +36000 2048 2009 1000
a contact +35400 +36000 2049 2062 1000
a contact +35400 +36000 2050 2060 1000
a contact +35400 +36000 2051 2005 1000
a contact +35400 +36000 2052 2059 1000
a contact +35400 +36000 2053 2063 1000
a contact +35400 +36000 2054 2058 1000
a contact +35400 +36000 2055 2057 1000
a contact +35400 +36000 2056 9009 1000
a contact +35400 +36000 2057 2055 1000
a contact +35400 +36000 2058 2054 1000
a contact +35400 +36000 2059 2052 1000
a contact +35400 +36000 2060 2050 1000
a contact +35400 +36000 2061 2001 1000
a contact +35400 +36000 2062 2049 1000
a contact +35400 +36000 2063 2053 1000
a contact +35400 +36000 2064 2006 1000
a contact +35400 +36000 9001 9004 1000
a contact +35400 +36000 9002 2007 1000
a contact +35400 +36000 9003 2022 1000
a contact +35400 +36000 9004 9001 1000
a contact +35400 +36000 9005 2008 1000
a contact +35400 +36000 9006 2012 1000
a contact +35400 +36000 9007 9010 1000
a contact +35400 +36000 9008 2011 1000
a contact +35400 +36000 9009 2056 1000
a contact +35400 +36000 9010 9007 1000
a contact +35400 +36000 9011 2013 1000
a contact +35400 +36000 9012 2014 1000
a contact +36000 +36600 2001 9002 1000
a contact +36000 +36600 2002 2042 1000
a contact +36000 +36600 2003 9009 1000
a contact +36000 +36600 2004 2048 1000
a contact +36000 +36600 2005 2052 1000
a contact +36000 +36600 2006 2046 1000
a contact +36000 +36600 2007 2011 1000
a contact +36000 +36600 2008 9011 1000
a contact +36000 +36600 2009 2051 1000
a contact +36000 +36600 2010 2047 1000
a contact +36000 +36600 2011 2007 1000
a contact +36000 +36600 2012 2014 1000
a contact +36000 +36600 2013 9008 1000
a contact +36000 +36600 2014 2012 1000
a contact +36000 +36600 2015 9012 1000
a contact +36000 +36600 2016 2035 1000
a contact +36000 +36600 2017 2033 1000
a contact +36000 +36600 2018 9006 1000
a contact +36000 +36600 2019 2038 1000
a contact +36000 +36600 2020 2044 1000
a contact +36000 +36600 2021 2034 1000
a contact +36000 +36600 2022 2043 1000
a contact +36000 +36600 2023 2039 1000
a contact +36000 +36600 2024 2030 1000
a contact +36000 +36600 2025 2037 1000
a contact +36000 +36600 2026 2041 1000
a contact +36000 +36600 2027 2040 1000
a contact +36000 +36600 2028 9005 1000
a contact +36000 +36600 2029 2036 1000
a contact +36000 +36600 2030 2024 1000
a contact +36000 +36600 2031 2032 1000
a contact +36000 +36600 2032 2031 1000
a contact +36000 +36600 2033 2017 1000
a contact +36000 +36600 2034 2021 1000
a contact +36000 +36600 2035 2016 1000
a contact +36000 +36600 2036 2029 1000
a contact +36000 +36600 2037 2025 1000
a contact +36000 +36600 2038 2019 1000
a contact +36000 +36600 2039 2023 1000
a contact +36000 +36600 2040 2027 1000
a contact +36000 +36600 2041 2026 1000
a contact +36000 +36600 2042 2002 1000
a contact +36000 +36600 2043 2022 1000
a contact +36000 +36600 2044 2020 1000
a contact +36000 +36600 2045 2061 1000
a contact +36000 +36600 2046 2006 1000
a contact +36000 +36600 2047 2010 1000
a contact +36000 +36600 2048 2004 1000
a contact +36000 +36600 2049 2054 1000
a contact +36000 +36600 2050 2056 1000
a contact +36000 +36600 2051 2009 1000
a contact +36000 +36600 2052 2005 1000
a contact +36000 +36600 2053 2059 1000
a contact +36000 +36600 2054 2049 1000
a contact +36000 +36600 2055 2060 1000
a contact +36000 +36600 2056 2050 1000
a contact +36000 +36600 2057 2063 1000
a contact +36000 +36600 2058 9003 1000
a contact +36000 +36600 2059 2053 1000
a contact +36000 +36600 2060 2055 1000
a contact +36000 +36600 2061 2045 1000
a contact +36000 +36600 2062 2064 1000
a contact +36000 +36600 2063 2057 1000
a contact +36000 +36600 2064 2062 1000
a contact +36000 +36600 9001 9007 1000
a contact +36000 +36600 9002 2001 1000
a contact +36000 +36600 9003 2058 1000
a contact +36000 +36600 9004 9010 1000
a contact +36000 +36600 9005 2028 1000
a contact +36000 +36600 9006 2018 1000
a contact +36000 +36600 9007 9001 1000
a contact +36000 +36600 9008 2013 1000
a contact +36000 +36600 9009 2003 1000
a contact +36000 +36600 9010 9004 1000
a contact +36000 +36600 9011 2008 1000
a contact +36000 +36600 9012 2015 1000
a contact +36600 +37200 2001 2062 1000
a contact +36600 +37200 2002 2003 1000
a contact +36600 +37200 2003 2002 1000
a contact +36600 +37200 2004 2052 1000
a contact +36600 +37200 2005 2058 1000
a contact +36600 +37200 2006 2054 1000
a contact +36600 +37200 2007 2024 1000
a contact +36600 +37200 2008 2015 1000
a contact +36600 +37200 2009 2055 1000
a contact +36600 +37200 2010 2034 1000
a contact +36600 +37200 2011 9005 1000
a contact +36600 +37200 2012 9011 1000
a contact +36600 +37200 2013 9002 1000
a contact +36600 +37200 2014 9008 1000
a contact +36600 +37200 2015 2008 1000
a contact +36600 +37200 2016 2051 1000
a contact +36600 +37200 2017 9012 1000
a contact +36600 +37200 2018 2041 1000
a contact +36600 +37200 2019 2035 1000
a contact +36600 +37200 2020 2036 1000
a contact +36600 +37200 2021 9009 1000
a contact +36600 +37200 2022 2031 1000
a contact +36600 +37200 2023 2038 1000
a contact +36600 +37200 2024 2007 1000
a contact +36600 +37200 2025 2033 1000
a contact +36600 +37200 2026 9003 1000
a contact +36600 +37200 2027 2039 1000
a contact +36600 +37200 2028 2040 1000
a contact +36600 +37200 2029 2030 1000
a contact +36600 +37200 2030 2029 1000
a contact +36600 +37200 2031 2022 1000
a contact +36600 +37200 2032 2043 1000
a contact +36600 +37200 2033 2025 1000
a contact +36600 +37200 2034 2010 1000
a contact +36600 +37200 2035 2019 1000
a contact +36600 +37200 2036 2020 1000
a contact +36600 +37200 2037 2063 1000
a contact +36600 +37200 2038 2023 1000
a contact +36600 +37200 2039 2027 1000
a contact +36600 +37200 2040 2028 1000
a contact +36600 +37200 2041 2018 1000
a contact +36600 +37200 2042 2064 1000
a contact +36600 +37200 2043 2032 1000
a contact +36600 +37200 2044 2061 1000
a contact +36600 +37200 2045 2059 1000
a contact +36600 +37200 2046 2048 1000
a contact +36600 +37200 2047 2053 1000
a contact +36600 +37200 2048 2046 1000
a contact +36600 +37200 2049 2060 1000
a contact +36600 +37200 2050 9006 1000
a contact +36600 +37200 2051 2016 1000
a contact +36600 +37200 2052 2004 1000
a contact +36600 +37200 2053 2047 1000
a contact +36600 +37200 2054 2006 1000
a contact +36600 +37200 2055 2009 1000
a contact +36600 +37200 2056 2057 1000
a contact +36600 +37200 2057 2056 1000
a contact +36600 +37200 2058 2005 1000
a contact +36600 +37200 2059 2045 1000
a contact +36600 +37200 2060 2049 1000
a contact +36600 +37200 2061 2044 1000
a contact +36600 +37200 2062 2001 1000
a contact +36600 +37200 2063 2037 1000
a contact +36600 +37200 2064 2042 1000
a contact +36600 +37200 9001 9010 1000
a contact +36600 +37200 9002 2013 1000
a contact +36600 +37200 9003 2026 1000
a contact +36600 +37200 9004 9007 1000
a contact +36600 +37200 9005 2011 1000
a contact +36600 +37200 9006 2050 1000
a contact +36600 +37200 9007 9004 1000
a contact +36600 +37200 9008 2014 1000
a contact +36600 +37200 9009 2021 1000
a contact +36600 +37200 9010 9001 1000
a contact +36600 +37200 9011 2012 1000
a contact +36600 +37200 9012 2017 1000
a contact +37200 +37800 2001 2063 1000
a contact +37200 +37800 2002 9012 1000
a contact +37200 +37800 2003 2022 1000
a contact +37200 +37800 2004 2055 1000
a contact +37200 +37800 2005 2057 1000
a contact +37200 +37800 2006 2058 1000
a contact +37200 +37800 2007 9009 1000
a contact +37200 +37800 2008 2011 1000
a contact +37200 +37800 2009 2059 1000
a contact +37200 +37800 2010 2046 1000
a contact +37200 +37800 2011 2008 1000
a contact +37200 +37800 2012 9008 1000
a contact +37200 +37800 2013 9005 1000
a contact +37200 +37800 2014 2020 1000
a contact +37200 +37800 2015 9006 1000
a contact +37200 +37800 2016 2041 1000
a contact +37200 +37800 2017 9002 1000
a contact +37200 +37800 2018 2042 1000
a contact +37200 +37800 2019 2025 1000
a contact +37200 +37800 2020 2014 1000
a contact +37200 +37800 2021 2033 1000
a contact +37200 +37800 2022 2003 1000
a contact +37200 +37800 2023 2036 1000
a contact +37200 +37800 2024 2026 1000
a contact +37200 +37800 2025 2019 1000
a contact +37200 +37800 2026 2024 1000
a contact +37200 +37800 2027 2038 1000
a contact +37200 +37800 2028 9003 1000
a contact +37200 +37800 2029 2035 1000
a contact +37200 +37800 2030 2039 1000
a contact +37200 +37800 2031 2044 1000
a contact +37200 +37800 2032 2037 1000
a contact +37200 +37800 2033 2021 1000
a contact +37200 +37800 2034 9011 1000
a contact +37200 +37800 2035 2029 1000
a contact +37200 +37800 2036 2023 1000
a contact +37200 +37800 2037 2032 1000
a contact +37200 +37800 2038 2027 1000
a contact +37200 +37800 2039 2030 1000
a contact +37200 +37800 2040 2045 1000
a contact +37200 +37800 2041 2016 1000
a contact +37200 +37800 2042 2018 1000
a contact +37200 +37800 2043 2049 1000
a contact +37200 +37800 2044 2031 1000
a contact +37200 +37800 2045 2040 1000
a contact +37200 +37800 2046 2010 1000
a contact +37200 +37800 2047 2061 1000
a contact +37200 +37800 2048 2053 1000
a contact +37200 +37800 2049 2043 1000
a contact +37200 +37800 2050 2062 1000
a contact +37200 +37800 2051 2052 1000
a contact +37200 +37800 2052 2051 1000
a contact +37200 +37800 2053 2048 1000
a contact +37200 +37800 2054 2064 1000
a contact +37200 +37800 2055 2004 1000
a contact +37200 +37800 2056 2060 1000
a contact +37200 +37800 2057 2005 1000
a contact +37200 +37800 2058 2006 1000
a contact +37200 +37800 2059 2009 1000
a contact +37200 +37800 2060 2056 1000
a contact +37200 +37800 2061 2047 1000
a contact +37200 +37800 2062 2050 1000
a contact +37200 +37800 2063 2001 1000
a contact +37200 +37800 2064 2054 1000
a contact +37200 +37800 9001 9004 1000
a contact +37200 +37800 9002 2017 1000
a contact +37200 +37800 9003 2028 1000
a contact +37200 +37800 9004 9001 1000
a contact +37200 +37800 9005 2013 1000
a contact +37200 +37800 9006 2015 1000
a contact +37200 +37800 9007 9010 1000
a contact +37200 +37800 9008 2012 1000
a contact +37200 +37800 9009 2007 1000
a contact +37200 +37800 9010 9007 1000
a contact +37200 +37800 9011 2034 1000
a contact +37200 +37800 9012 2002 1000
a contact +37800 +38400 2001 2011 1000
a contact +37800 +38400 2002 9011 1000
a contact +37800 +38400 2003 2048 1000
a contact +37800 +38400 2004 2059 1000
a contact +37800 +38400 2005 2060 1000
a contact +37800 +38400 2006 2049 1000
a contact +37800 +38400 2007 2013 1000
a contact +37800 +38400 2008 2022 1000
a contact +37800 +38400 2009 2052 1000
a contact +37800 +38400 2010 9006 1000
a contact +37800 +38400 2011 2001 1000
a contact +37800 +38400 2012 2017 1000
a contact +37800 +38400 2013 2007 1000
a contact +37800 +38400 2014 9002 1000
a contact +37800 +38400 2015 2035 1000
a contact +37800 +38400 2016 2050 1000
a contact +37800 +38400 2017 2012 1000
a contact +37800 +38400 2018 9008 1000
a contact +37800 +38400 2019 2041 1000
a contact +37800 +38400 2020 9009 1000
a contact +37800 +38400 2021 9012 1000
a contact +37800 +38400 2022 2008 1000
a contact +37800 +38400 2023 9005 1000
a contact +37800 +38400 2024 2032 1000
a contact +37800 +38400 2025 2038 1000
a contact +37800 +38400 2026 2039 1000
a contact +37800 +38400 2027 2034 1000
a contact +37800 +38400 2028 2036 1000
a contact +37800 +38400 2029 2033 1000
a contact +37800 +38400 2030 2037 1000
a contact +37800 +38400 2031 2040 1000
a contact +37800 +38400 2032 2024 1000
a contact +37800 +38400 2033 2029 1000
a contact +37800 +38400 2034 2027 1000
a contact +37800 +38400 2035 2015 1000
a contact +37800 +38400 2036 2028 1000
a contact +37800 +38400 2037 2030 1000
a contact +37800 +38400 2038 2025 1000
a contact +37800 +38400 2039 2026 1000
a contact +37800 +38400 2040 2031 1000
a contact +37800 +38400 2041 2019 1000
a contact +37800 +38400 2042 2063 1000
a contact +37800 +38400 2043 2044 1000
a contact +37800 +38400 2044 2043 1000
a contact +37800 +38400 2045 2051 1000
a contact +37800 +38400 2046 2047 1000
a contact +37800 +38400 2047 2046 1000
a contact +37800 +38400 2048 2003 1000
a contact +37800 +38400 2049 2006 1000
a contact +37800 +38400 2050 2016 1000
a contact +37800 +38400 2051 2045 1000
a contact +37800 +38400 2052 2009 1000
a contact +37800 +38400 2053 2064 1000
a contact +37800 +38400 2054 2061 1000
a contact +37800 +38400 2055 9003 1000
a contact +37800 +38400 2056 2058 1000
a contact +37800 +38400 2057 2062 1000
a contact +37800 +38400 2058 2056 1000
a contact +37800 +38400 2059 2004 1000
a contact +37800 +38400 2060 2005 1000
a contact +37800 +38400 2061 2054 1000
a contact +37800 +38400 2062 2057 1000
a contact +37800 +38400 2063 2042 1000
a contact +37800 +38400 2064 2053 1000
a contact +37800 +38400 9001 9007 1000
a contact +37800 +38400 9002 2014 1000
a contact +37800 +38400 9003 2055 1000
a contact +37800 +38400 9004 9010 1000
a contact +37800 +38400 9005 2023 1000
a contact +37800 +38400 9006 2010 1000
a contact +37800 +38400 9007 9001 1000
a contact +37800 +38400 9008 2018 1000
a contact +37800 +38400 9009 2020 1000
a contact +37800 +38400 9010 9004 1000
a contact +37800 +38400 9011 2002 1000
a contact +37800 +38400 9012 2021 1000
a contact +38400 +39000 2001 2064 1000
a contact +38400 +39000 2002 2003 1000
a contact +38400 +39000 2003 2002 1000
a contact +38400 +39000 2004 2051 1000
a contact +38400 +39000 2005 2053 1000
a contact +38400 +39000 2006 2056 1000
a contact +38400 +39000 2007 2033 1000
a contact +38400 +39000 2008 2023 1000
a contact +38400 +39000 2009 2058 1000
a contact +38400 +39000 2010 9009 1000
a contact +38400 +39000 2011 2017 1000
a contact +38400 +39000 2012 2024 1000
a contact +38400 +39000 2013 2015 1000
a contact +38400 +39000 2014 9011 1000
a contact +38400 +39000 2015 2013 1000
a contact +38400 +39000 2016 2034 1000
a contact +38400 +39000 2017 2011 1000
a contact +38400 +39000 2018 9005 1000
a contact +38400 +39000 2019 2036 1000
a contact +38400 +39000 2020 9012 1000
a contact +38400 +39000 2021 9006 1000
a contact +38400 +39000 2022 2039 1000
a contact +38400 +39000 2023 2008 1000
a contact +38400 +39000 2024 2012 1000
a contact +38400 +39000 2025 2031 1000
a contact +38400 +39000 2026 2040 1000
a contact +38400 +39000 2027 2035 1000
a contact +38400 +39000 2028 2037 1000
a contact +38400 +39000 2029 9003 1000
a contact +38400 +39000 2030 9002 1000
a contact +38400 +39000 2031 2025 1000
a contact +38400 +39000 2032 2038 1000
a contact +38400 +39000 2033 2007 1000
a contact +38400 +39000 2034 2016 1000
a contact +38400 +39000 2035 2027 1000
a contact +38400 +39000 2036 2019 1000
a contact +38400 +39000 2037 2028 1000
a contact +38400 +39000 2038 2032 1000
a contact +38400 +39000 2039 2022 1000
a contact +38400 +39000 2040 2026 1000
a contact +38400 +39000 2041 2043 1000
a contact +38400 +39000 2042 2048 1000
a contact +38400 +39000 2043 2041 1000
a contact +38400 +39000 2044 2047 1000
a contact +38400 +39000 2045 2050 1000
a contact +38400 +39000 2046 2061 1000
a contact +38400 +39000 2047 2044 1000
a contact +38400 +39000 2048 2042 1000
a contact +38400 +39000 2049 2059 1000
a contact +38400 +39000 2050 2045 1000
a contact +38400 +39000 2051 2004 1000
a contact +38400 +39000 2052 2054 1000
a contact +38400 +39000 2053 2005 1000
a contact +38400 +39000 2054 2052 1000
a contact +38400 +39000 2055 9008 1000
a contact +38400 +39000 2056 2006 1000
a contact +38400 +39000 2057 2060 1000
a contact +38400 +39000 2058 2009 1000
a contact +38400 +39000 2059 2049 1000
a contact +38400 +39000 2060 2057 1000
a contact +38400 +39000 2061 2046 1000
a contact +38400 +39000 2062 2063 1000
a contact +38400 +39000 2063 2062 1000
a contact +38400 +39000 2064 2001 1000
a contact +38400 +39000 9001 9010 1000
a contact +38400 +39000 9002 2030 1000
a contact +38400 +39000 9003 2029 1000
a contact +38400 +39000 9004 9007 1000
a contact +38400 +39000 9005 2018 1000
a contact +38400 +39000 9006 2021 1000
a contact +38400 +39000 9007 9004 1000
a contact +38400 +39000 9008 2055 1000
a contact +38400 +39000 9009 2010 1000
a contact +38400 +39000 9010 9001 1000
a contact +38400 +39000 9011 2014 1000
a contact +38400 +39000 9012 2020 1000
a contact +39000 +39600 2001 2002 1000
a contact +39000 +39600 2002 2001 1000
a contact +39000 +39600 2003 9012 1000
a contact +39000 +39600 2004 9008 1000
a contact +39000 +39600 2005 2063 1000
a contact +39000 +39600 2006 2055 1000
a contact +39000 +39600 2007 2031 1000
a contact +39000 +39600 2008 2019 1000
a contact +39000 +39600 2009 9009 1000
a contact +39000 +39600 2010 9003 1000
a contact +39000 +39600 2011 2029 1000
a contact +39000 +39600 2012 2014 1000
a contact +39000 +39600 2013 2017 1000
a contact +39000 +39600 2014 2012 1000
a contact +39000 +39600 2015 2021 1000
a contact +39000 +39600 2016 2049 1000
a contact +39000 +39600 2017 2013 1000
a contact +39000 +39600 2018 2034 1000
a contact +39000 +39600 2019 2008 1000
a contact +39000 +39600 2020 9011 1000
a contact +39000 +39600 2021 2015 1000
a contact +39000 +39600 2022 2038 1000
a contact +39000 +39600 2023 2033 1000
a contact +39000 +39600 2024 2036 1000
a contact +39000 +39600 2025 2040 1000
a contact +39000 +39600 2026 2042 1000
a contact +39000 +39600 2027 9006 1000
a contact +39000 +39600 2028 9005 1000
a contact +39000 +39600 2029 2011 1000
a contact +39000 +39600 2030 2032 1000
a contact +39000 +39600 2031 2007 1000
a contact +39000 +39600 2032 2030 1000
a contact +39000 +39600 2033 2023 1000
a contact +39000 +39600 2034 2018 1000
a contact +39000 +39600 2035 2043 1000
a contact +39000 +39600 2036 2024 1000
a contact +39000 +39600 2037 2050 1000
a contact +39000 +39600 2038 2022 1000
a contact +39000 +39600 2039 2052 1000
a contact +39000 +39600 2040 2025 1000
a contact +39000 +39600 2041 2044 1000
a contact +39000 +39600 2042 2026 1000
a contact +39000 +39600 2043 2035 1000
a contact +39000 +39600 2044 2041 1000
a contact +39000 +39600 2045 2047 1000
a contact +39000 +39600 2046 2064 1000
a contact +39000 +39600 2047 2045 1000
a contact +39000 +39600 2048 2054 1000
a contact +39000 +39600 2049 2016 1000
a contact +39000 +39600 2050 2037 1000
a contact +39000 +39600 2051 2053 1000
a contact +39000 +39600 2052 2039 1000
a contact +39000 +39600 2053 2051 1000
a contact +39000 +39600 2054 2048 1000
a contact +39000 +39600 2055 2006 1000
a contact +39000 +39600 2056 9002 1000
a contact +39000 +39600 2057 2059 1000
a contact +39000 +39600 2058 2061 1000
a contact +39000 +39600 2059 2057 1000
a contact +39000 +39600 2060 2062 1000
a contact +39000 +39600 2061 2058 1000
a contact +39000 +39600 2062 2060 1000
a contact +39000 +39600 2063 2005 1000
a contact +39000 +39600 2064 2046 1000
a contact +39000 +39600 9001 9004 1000
a contact +39000 +39600 9002 2056 1000
a contact +39000 +39600 9003 2010 1000
a contact +39000 +39600 9004 9001 1000
a contact +39000 +39600 9005 2028 1000
a contact +39000 +39600 9006 2027 1000
a contact +39000 +39600 9007 9010 1000
a contact +39000 +39600 9008 2004 1000
a contact +39000 +39600 9009 2009 1000
a contact +39000 +39600 9010 9007 1000
a contact +39000 +39600 9011 2020 1000
a contact +39000 +39600 9012 2003 1000
a contact +39600 +40200 2001 2003 1000
a contact +39600 +40200 2002 2018 1000
a contact +39600 +40200 2003 2001 1000
a contact +39600 +40200 2004 9012 1000
a contact +39600 +40200 2005 2059 1000
a contact +39600 +40200 2006 2057 1000
a contact +39600 +40200 2007 2020 1000
a contact +39600 +40200 2008 2062 1000
a contact +39600 +40200 2009 2053 1000
a contact +39600 +40200 2010 9005 1000
a contact +39600 +40200 2011 2055 1000
a contact +39600 +40200 2012 2054 1000
a contact +39600 +40200 2013 2031 1000
a contact +39600 +40200 2014 2030 1000
a contact +39600 +40200 2015 2024 1000
a contact +39600 +40200 2016 2043 1000
a contact +39600 +40200 2017 2023 1000
a contact +39600 +40200 2018 2002 1000
a contact +39600 +40200 2019 2047 1000
a contact +39600 +40200 2020 2007 1000
a contact +39600 +40200 2021 9002 1000
a contact +39600 +40200 2022 9011 1000
a contact +39600 +40200 2023 2017 1000
a contact +39600 +40200 2024 2015 1000
a contact +39600 +40200 2025 2034 1000
a contact +39600 +40200 2026 2037 1000
a contact +39600 +40200 2027 9003 1000
a contact +39600 +40200 2028 9008 1000
a contact +39600 +40200 2029 2038 1000
a contact +39600 +40200 2030 2014 1000
a contact +39600 +40200 2031 2013 1000
a contact +39600 +40200 2032 2033 1000
a contact +39600 +40200 2033 2032 1000
a contact +39600 +40200 2034 2025 1000
a contact +39600 +40200 2035 2040 1000
a contact +39600 +40200 2036 2042 1000
a contact +39600 +40200 2037 2026 1000
a contact +39600 +40200 2038 2029 1000
a contact +39600 +40200 2039 2046 1000
a contact +39600 +40200 2040 2035 1000
a contact +39600 +40200 2041 2056 1000
a contact +39600 +40200 2042 2036 1000
a contact +39600 +40200 2043 2016 1000
a contact +39600 +40200 2044 2064 1000
a contact +39600 +40200 2045 2049 1000
a contact +39600 +40200 2046 2039 1000
a contact +39600 +40200 2047 2019 1000
a contact +39600 +40200 2048 9006 1000
a contact +39600 +40200 2049 2045 1000
a contact +39600 +40200 2050 2058 1000
a contact +39600 +40200 2051 9009 1000
a contact +39600 +40200 2052 2063 1000
a contact +39600 +40200 2053 2009 1000
a contact +39600 +40200 2054 2012 1000
a contact +39600 +40200 2055 2011 1000
a contact +39600 +40200 2056 2041 1000
a contact +39600 +40200 2057 2006 1000
a contact +39600 +40200 2058 2050 1000
a contact +39600 +40200 2059 2005 1000
a contact +39600 +40200 2060 2061 1000
a contact +39600 +40200 2061 2060 1000
a contact +39600 +40200 2062 2008 1000
a contact +39600 +40200 2063 2052 1000
a contact +39600 +40200 2064 2044 1000
a contact +39600 +40200 9001 9007 1000
a contact +39600 +40200 9002 2021 1000
a contact +39600 +40200 9003 2027 1000
a contact +39600 +40200 9004 9010 1000
a contact +39600 +40200 9005 2010 1000
a contact +39600 +40200 9006 2048 1000
a contact +39600 +40200 9007 9001 1000
a contact +39600 +40200 9008 2028 1000
a contact +39600 +40200 9009 2051 1000
a contact +39600 +40200 9010 9004 1000
a contact +39600 +40200 9011 2022 1000
a contact +39600 +40200 9012 2004 1000
a contact +40200 +40800 2001 2008 1000
a contact +40200 +40800 2002 2021 1000
a contact +40200 +40800 2003 2020 1000
a contact +40200 +40800 2004 2011 1000
a contact +40200 +40800 2005 9003 1000
a contact +40200 +40800 2006 2061 1000
a contact +40200 +40800 2007 9012 1000
a contact +40200 +40800 2008 2001 1000
a contact +40200 +40800 2009 2056 1000
a contact +40200 +40800 2010 9008 1000
a contact +40200 +40800 2011 2004 1000
a contact +40200 +40800 2012 2064 1000
a contact +40200 +40800 2013 2063 1000
a contact +40200 +40800 2014 2062 1000
a contact +40200 +40800 2015 2055 1000
a contact +40200 +40800 2016 2042 1000
a contact +40200 +40800 2017 2054 1000
a contact +40200 +40800 2018 2028 1000
a contact +40200 +40800 2019 2049 1000
a contact +40200 +40800 2020 2003 1000
a contact +40200 +40800 2021 2002 1000
a contact +40200 +40800 2022 2048 1000
a contact +40200 +40800 2023 2045 1000
a contact +40200 +40800 2024 2039 1000
a contact +40200 +40800 2025 2041 1000
a contact +40200 +40800 2026 2035 1000
a contact +40200 +40800 2027 9002 1000
a contact +40200 +40800 2028 2018 1000
a contact +40200 +40800 2029 2030 1000
a contact +40200 +40800 2030 2029 1000
a contact +40200 +40800 2031 2037 1000
a contact +40200 +40800 2032 2036 1000
a contact +40200 +40800 2033 2038 1000
a contact +40200 +40800 2034 9005 1000
a contact +40200 +40800 2035 2026 1000
a contact +40200 +40800 2036 2032 1000
a contact +40200 +40800 2037 2031 1000
a contact +40200 +40800 2038 2033 1000
a contact +40200 +40800 2039 2024 1000
a contact +40200 +40800 2040 2043 1000
a contact +40200 +40800 2041 2025 1000
a contact +40200 +40800 2042 2016 1000
a contact +40200 +40800 2043 2040 1000
a contact +40200 +40800 2044 2046 1000
a contact +40200 +40800 2045 2023 1000
a contact +40200 +40800 2046 2044 1000
a contact +40200 +40800 2047 9011 1000
a contact +40200 +40800 2048 2022 1000
a contact +40200 +40800 2049 2019 1000
a contact +40200 +40800 2050 9009 1000
a contact +40200 +40800 2051 9006 1000
a contact +40200 +40800 2052 2053 1000
a contact +40200 +40800 2053 2052 1000
a contact +40200 +40800 2054 2017 1000
a contact +40200 +40800 2055 2015 1000
a contact +40200 +40800 2056 2009 1000
a contact +40200 +40800 2057 2058 1000
a contact +40200 +40800 2058 2057 1000
a contact +40200 +40800 2059 2060 1000
a contact +40200 +40800 2060 2059 1000
a contact +40200 +40800 2061 2006 1000
a contact +40200 +40800 2062 2014 1000
a contact +40200 +40800 2063 2013 1000
a contact +40200 +40800 2064 2012 1000
a contact +40200 +40800 9001 9010 1000
a contact +40200 +40800 9002 2027 1000
a contact +40200 +40800 9003 2005 1000
a contact +40200 +40800 9004 9007 1000
a contact +40200 +40800 9005 2034 1000
a contact +40200 +40800 9006 2051 1000
a contact +40200 +40800 9007 9004 1000
a contact +40200 +40800 9008 2010 1000
a contact +40200 +40800 9009 2050 1000
a contact +40200 +40800 9010 9001 1000
a contact +40200 +40800 9011 2047 1000
a contact +40200 +40800 9012 2007 1000
a contact +40800 +41400 2001 2057 1000
a contact +40800 +41400 2002 2004 1000
a contact +40800 +41400 2003 9011 1000
a contact +40800 +41400 2004 2002 1000
a contact +40800 +41400 2005 2055 1000
a contact +40800 +41400 2006 2059 1000
a contact +40800 +41400 2007 2027 1000
a contact +40800 +41400 2008 2064 1000
a contact +40800 +41400 2009 2020 1000
a contact +40800 +41400 2010 2029 1000
a contact +40800 +41400 2011 2063 1000
a contact +40800 +41400 2012 2062 1000
a contact +40800 +41400 2013 2056 1000
a contact +40800 +41400 2014 2054 1000
a contact +40800 +41400 2015 2051 1000
a contact +40800 +41400 2016 2049 1000
a contact +40800 +41400 2017 2048 1000
a contact +40800 +41400 2018 2035 1000
a contact +40800 +41400 2019 2038 1000
a contact +40800 +41400 2020 2009 1000
a contact +40800 +41400 2021 2044 1000
a contact +40800 +41400 2022 2034 1000
a contact +40800 +41400 2023 2032 1000
a contact +40800 +41400 2024 2031 1000
a contact +40800 +41400 2025 2036 1000
a contact +40800 +41400 2026 9005 1000
a contact +40800 +41400 2027 2007 1000
a contact +40800 +41400 2028 2039 1000
a contact +40800 +41400 2029 2010 1000
a contact +40800 +41400 2030 9012 1000
a contact +40800 +41400 2031 2024 1000
a contact +40800 +41400 2032 2023 1000
a contact +40800 +41400 2033 9002 1000
a contact +40800 +41400 2034 2022 1000
a contact +40800 +41400 2035 2018 1000
a contact +40800 +41400 2036 2025 1000
a contact +40800 +41400 2037 2052 1000
a contact +40800 +41400 2038 2019 1000
a contact +40800 +41400 2039 2028 1000
a contact +40800 +41400 2040 9009 1000
a contact +40800 +41400 2041 2042 1000
a contact +40800 +41400 2042 2041 1000
a contact +40800 +41400 2043 2045 1000
a contact +40800 +41400 2044 2021 1000
a contact +40800 +41400 2045 2043 1000
a contact +40800 +41400 2046 9008 1000
a contact +40800 +41400 2047 9006 1000
a contact +40800 +41400 2048 2017 1000
a contact +40800 +41400 2049 2016 1000
a contact +40800 +41400 2050 9003 1000
a contact +40800 +41400 2051 2015 1000
a contact +40800 +41400 2052 2037 1000
a contact +40800 +41400 2053 2061 1000
a contact +40800 +41400 2054 2014 1000
a contact +40800 +41400 2055 2005 1000
a contact +40800 +41400 2056 2013 1000
a contact +40800 +41400 2057 2001 1000
a contact +40800 +41400 2058 2060 1000
a contact +40800 +41400 2059 2006 1000
a contact +40800 +41400 2060 2058 1000
a contact +40800 +41400 2061 2053 1000
a contact +40800 +41400 2062 2012 1000
a contact +40800 +41400 2063 2011 1000
a contact +40800 +41400 2064 2008 1000
a contact +40800 +41400 9001 9004 1000
a contact +40800 +41400 9002 2033 1000
a contact +40800 +41400 9003 2050 1000
a contact +40800 +41400 9004 9001 1000
a contact +40800 +41400 9005 2026 1000
a contact +40800 +41400 9006 2047 1000
a contact +40800 +41400 9007 9010 1000
a contact +40800 +41400 9008 2046 1000
a contact +40800 +41400 9009 2040 1000
a contact +40800 +41400 9010 9007 1000
a contact +40800 +41400 9011 2003 1000
a contact +40800 +41400 9012 2030 1000
a contact +41400 +42000 2001 2007 1000
a contact +41400 +42000 2002 9009 1000
a contact +41400 +42000 2003 2009 1000
a contact +41400 +42000 2004 2020 1000
a contact +41400 +42000 2005 2054 1000
a contact +41400 +42000 2006 2060 1000
a contact +41400 +42000 2007 2001 1000
a contact +41400 +42000 2008 2063 1000
a contact +41400 +42000 2009 2003 1000
a contact +41400 +42000 2010 9011 1000
a contact +41400 +42000 2011 2064 1000
a contact +41400 +42000 2012 2056 1000
a contact +41400 +42000 2013 2062 1000
a contact +41400 +42000 2014 2057 1000
a contact +41400 +42000 2015 2053 1000
a contact +41400 +42000 2016 2052 1000
a contact +41400 +42000 2017 2034 1000
a contact +41400 +42000 2018 2051 1000
a contact +41400 +42000 2019 2050 1000
a contact +41400 +42000 2020 2004 1000
a contact +41400 +42000 2021 2055 1000
a contact +41400 +42000 2022 2049 1000
a contact +41400 +42000 2023 2044 1000
a contact +41400 +42000 2024 2048 1000
a contact +41400 +42000 2025 2047 1000
a contact +41400 +42000 2026 9002 1000
a contact +41400 +42000 2027 9008 1000
a contact +41400 +42000 2028 2045 1000
a contact +41400 +42000 2029 2041 1000
a contact +41400 +42000 2030 2038 1000
a contact +41400 +42000 2031 2037 1000
a contact +41400 +42000 2032 2035 1000
a contact +41400 +42000 2033 9012 1000
a contact +41400 +42000 2034 2017 1000
a contact +41400 +42000 2035 2032 1000
a contact +41400 +42000 2036 2043 1000
a contact +41400 +42000 2037 2031 1000
a contact +41400 +42000 2038 2030 1000
a contact +41400 +42000 2039 2042 1000
a contact +41400 +42000 2040 9003 1000
a contact +41400 +42000 2041 2029 1000
a contact +41400 +42000 2042 2039 1000
a contact +41400 +42000 2043 2036 1000
a contact +41400 +42000 2044 2023 1000
a contact +41400 +42000 2045 2028 1000
a contact +41400 +42000 2046 9006 1000
a contact +41400 +42000 2047 2025 1000
a contact +41400 +42000 2048 2024 1000
a contact +41400 +42000 2049 2022 1000
a contact +41400 +42000 2050 2019 1000
a contact +41400 +42000 2051 2018 1000
a contact +41400 +42000 2052 2016 1000
a contact +41400 +42000 2053 2015 1000
a contact +41400 +42000 2054 2005 1000
a contact +41400 +42000 2055 2021 1000
a contact +41400 +42000 2056 2012 1000
a contact +41400 +42000 2057 2014 1000
a contact +41400 +42000 2058 9005 1000
a contact +41400 +42000 2059 2061 1000
a contact +41400 +42000 2060 2006 1000
a contact +41400 +42000 2061 2059 1000
a contact +41400 +42000 2062 2013 1000
a contact +41400 +42000 2063 2008 1000
a contact +41400 +42000 2064 2011 1000
a contact +41400 +42000 9001 9007 1000
a contact +41400 +42000 9002 2026 1000
a contact +41400 +42000 9003 2040 1000
a contact +41400 +42000 9004 9010 1000
a contact +41400 +42000 9005 2058 1000
a contact +41400 +42000 9006 2046 1000
a contact +41400 +42000 9007 9001 1000
a contact +41400 +42000 9008 2027 1000
a contact +41400 +42000 9009 2002 1000
a contact +41400 +42000 9010 9004 1000
a contact +41400 +42000 9011 2010 1000
a contact +41400 +42000 9012 2033 1000
a contact +42000 +42600 2001 2012 1000
a contact +42000 +42600 2002 2040 1000
a contact +42000 +42600 2003 2026 1000
a contact +42000 +42600 2004 9011 1000
a contact +42000 +42600 2005 9002 1000
a contact +42000 +42600 2006 9008 1000
a contact +42000 +42600 2007 2063 1000
a contact +42000 +42600 2008 2061 1000
a contact +42000 +42600 2009 9003 1000
a contact +42000 +42600 2010 2032 1000
a contact +42000 +42600 2011 2062 1000
a contact +42000 +42600 2012 2001 1000
a contact +42000 +42600 2013 2064 1000
a contact +42000 +42600 2014 2055 1000
a contact +42000 +42600 2015 2057 1000
a contact +42000 +42600 2016 2051 1000
a contact +42000 +42600 2017 2052 1000
a contact +42000 +42600 2018 2054 1000
a contact +42000 +42600 2019 2046 1000
a contact +42000 +42600 2020 2050 1000
a contact +42000 +42600 2021 2049 1000
a contact +42000 +42600 2022 2047 1000
a contact +42000 +42600 2023 2043 1000
a contact +42000 +42600 2024 2044 1000
a contact +42000 +42600 2025 9005 1000
a contact +42000 +42600 2026 2003 1000
a contact +42000 +42600 2027 2041 1000
a contact +42000 +42600 2028 2042 1000
a contact +42000 +42600 2029 2038 1000
a contact +42000 +42600 2030 2037 1000
a contact +42000 +42600 2031 2036 1000
a contact +42000 +42600 2032 2010 1000
a contact +42000 +42600 2033 2035 1000
a contact +42000 +42600 2034 9012 1000
a contact +42000 +42600 2035 2033 1000
a contact +42000 +42600 2036 2031 1000
a contact +42000 +42600 2037 2030 1000
a contact +42000 +42600 2038 2029 1000
a contact +42000 +42600 2039 2048 1000
a contact +42000 +42600 2040 2002 1000
a contact +42000 +42600 2041 2027 1000
a contact +42000 +42600 2042 2028 1000
a contact +42000 +42600 2043 2023 1000
a contact +42000 +42600 2044 2024 1000
a contact +42000 +42600 2045 9006 1000
a contact +42000 +42600 2046 2019 1000
a contact +42000 +42600 2047 2022 1000
a contact +42000 +42600 2048 2039 1000
a contact +42000 +42600 2049 2021 1000
a contact +42000 +42600 2050 2020 1000
a contact +42000 +42600 2051 2016 1000
a contact +42000 +42600 2052 2017 1000
a contact +42000 +42600 2053 2060 1000
a contact +42000 +42600 2054 2018 1000
a contact +42000 +42600 2055 2014 1000
a contact +42000 +42600 2056 2059 1000
a contact +42000 +42600 2057 2015 1000
a contact +42000 +42600 2058 9009 1000
a contact +42000 +42600 2059 2056 1000
a contact +42000 +42600 2060 2053 1000
a contact +42000 +42600 2061 2008 1000
a contact +42000 +42600 2062 2011 1000
a contact +42000 +42600 2063 2007 1000
a contact +42000 +42600 2064 2013 1000
a contact +42000 +42600 9001 9010 1000
a contact +42000 +42600 9002 2005 1000
a contact +42000 +42600 9003 2009 1000
a contact +42000 +42600 9004 9007 1000
a contact +42000 +42600 9005 2025 1000
a contact +42000 +42600 9006 2045 1000
a contact +42000 +42600 9007 9004 1000
a contact +42000 +42600 9008 2006 1000
a contact +42000 +42600 9009 2058 1000
a contact +42000 +42600 9010 9001 1000
a contact +42000 +42600 9011 2004 1000
a contact +42000 +42600 9012 2034 1000
a contact +42600 +43200 2001 2013 1000
a contact +42600 +43200 2002 2025 1000
a contact +42600 +43200 2003 2010 1000
a contact +42600 +43200 2004 9003 1000
a contact +42600 +43200 2005 2007 1000
a contact +42600 +43200 2006 9012 1000
a contact +42600 +43200 2007 2005 1000
a contact +42600 +43200 2008 2060 1000
a contact +42600 +43200 2009 2054 1000
a contact +42600 +43200 2010 2003 1000
a contact +42600 +43200 2011 2040 1000
a contact +42600 +43200 2012 2063 1000
a contact +42600 +43200 2013 2001 1000
a contact +42600 +43200 2014 2064 1000
a contact +42600 +43200 2015 2062 1000
a contact +42600 +43200 2016 2059 1000
a contact +42600 +43200 2017 2061 1000
a contact +42600 +43200 2018 2058 1000
a contact +42600 +43200 2019 2057 1000
a contact +42600 +43200 2020 2056 1000
a contact +42600 +43200 2021 2051 1000
a contact +42600 +43200 2022 2055 1000
a contact +42600 +43200 2023 2053 1000
a contact +42600 +43200 2024 2052 1000
a contact +42600 +43200 2025 2002 1000
a contact +42600 +43200 2026 2050 1000
a contact +42600 +43200 2027 2049 1000
a contact +42600 +43200 2028 2047 1000
a contact +42600 +43200 2029 2046 1000
a contact +42600 +43200 2030 2044 1000
a contact +42600 +43200 2031 2043 1000
a contact +42600 +43200 2032 2042 1000
a contact +42600 +43200 2033 2041 1000
a contact +42600 +43200 2034 2036 1000
a contact +42600 +43200 2035 2037 1000
a contact +42600 +43200 2036 2034 1000
a contact +42600 +43200 2037 2035 1000
a contact +42600 +43200 2038 2048 1000
a contact +42600 +43200 2039 9006 1000
a contact +42600 +43200 2040 2011 1000
a contact +42600 +43200 2041 2033 1000
a contact +42600 +43200 2042 2032 1000
a contact +42600 +43200 2043 2031 1000
a contact +42600 +43200 2044 2030 1000
a contact +42600 +43200 2045 9009 1000
a contact +42600 +43200 2046 2029 1000
a contact +42600 +43200 2047 2028 1000
a contact +42600 +43200 2048 2038 1000
a contact +42600 +43200 2049 2027 1000
a contact +42600 +43200 2050 2026 1000
a contact +42600 +43200 2051 2021 1000
a contact +42600 +43200 2052 2024 1000
a contact +42600 +43200 2053 2023 1000
a contact +42600 +43200 2054 2009 1000
a contact +42600 +43200 2055 2022 1000
a contact +42600 +43200 2056 2020 1000
a contact +42600 +43200 2057 2019 1000
a contact +42600 +43200 2058 2018 1000
a contact +42600 +43200 2059 2016 1000
a contact +42600 +43200 2060 2008 1000
a contact +42600 +43200 2061 2017 1000
a contact +42600 +43200 2062 2015 1000
a contact +42600 +43200 2063 2012 1000
a contact +42600 +43200 2064 2014 1000
a contact +42600 +43200 9001 9004 1000
a contact +42600 +43200 9002 9011 1000
a contact +42600 +43200 9003 2004 1000
a contact +42600 +43200 9004 9001 1000
a contact +42600 +43200 9005 9008 1000
a contact +42600 +43200 9006 2039 1000
a contact +42600 +43200 9007 9010 1000
a contact +42600 +43200 9008 9005 1000
a contact +42600 +43200 9009 2045 1000
a contact +42600 +43200 9010 9007 1000
a contact +42600 +43200 9011 9002 1000
a contact +42600 +43200 9012 2006 1000
a contact +43200 +43800 2001 2014 1000
a contact +43200 +43800 2002 2039 1000
a contact +43200 +43800 2003 2025 1000
a contact +43200 +43800 2004 2054 1000
a contact +43200 +43800 2005 2062 1000
a contact +43200 +43800 2006 2007 1000
a contact +43200 +43800 2007 2006 1000
a contact +43200 +43800 2008 2056 1000
a contact +43200 +43800 2009 2011 1000
a contact +43200 +43800 2010 9012 1000
a contact +43200 +43800 2011 2009 1000
a contact +43200 +43800 2012 2061 1000
a contact +43200 +43800 2013 2060 1000
a contact +43200 +43800 2014 2001 1000
a contact +43200 +43800 2015 2064 1000
a contact +43200 +43800 2016 2063 1000
a contact +43200 +43800 2017 2058 1000
a contact +43200 +43800 2018 2057 1000
a contact +43200 +43800 2019 2052 1000
a contact +43200 +43800 2020 2049 1000
a contact +43200 +43800 2021 2053 1000
a contact +43200 +43800 2022 2046 1000
a contact +43200 +43800 2023 2042 1000
a contact +43200 +43800 2024 2050 1000
a contact +43200 +43800 2025 2003 1000
a contact +43200 +43800 2026 2047 1000
a contact +43200 +43800 2027 2045 1000
a contact +43200 +43800 2028 2043 1000
a contact +43200 +43800 2029 2040 1000
a contact +43200 +43800 2030 2041 1000
a contact +43200 +43800 2031 2035 1000
a contact +43200 +43800 2032 9006 1000
a contact +43200 +43800 2033 2034 1000
a contact +43200 +43800 2034 2033 1000
a contact +43200 +43800 2035 2031 1000
a contact +43200 +43800 2036 2037 1000
a contact +43200 +43800 2037 2036 1000
a contact +43200 +43800 2038 9009 1000
a contact +43200 +43800 2039 2002 1000
a contact +43200 +43800 2040 2029 1000
a contact +43200 +43800 2041 2030 1000
a contact +43200 +43800 2042 2023 1000
a contact +43200 +43800 2043 2028 1000
a contact +43200 +43800 2044 2051 1000
a contact +43200 +43800 2045 2027 1000
a contact +43200 +43800 2046 2022 1000
a contact +43200 +43800 2047 2026 1000
a contact +43200 +43800 2048 2055 1000
a contact +43200 +43800 2049 2020 1000
a contact +43200 +43800 2050 2024 1000
a contact +43200 +43800 2051 2044 1000
a contact +43200 +43800 2052 2019 1000
a contact +43200 +43800 2053 2021 1000
a contact +43200 +43800 2054 2004 1000
a contact +43200 +43800 2055 2048 1000
a contact +43200 +43800 2056 2008 1000
a contact +43200 +43800 2057 2018 1000
a contact +43200 +43800 2058 2017 1000
a contact +43200 +43800 2059 9003 1000
a contact +43200 +43800 2060 2013 1000
a contact +43200 +43800 2061 2012 1000
a contact +43200 +43800 2062 2005 1000
a contact +43200 +43800 2063 2016 1000
a contact +43200 +43800 2064 2015 1000
a contact +43200 +43800 9001 9007 1000
a contact +43200 +43800 9002 9008 1000
a contact +43200 +43800 9003 2059 1000
a contact +43200 +43800 9004 9010 1000
a contact +43200 +43800 9005 9011 1000
a contact +43200 +43800 9006 2032 1000
a contact +43200 +43800 9007 9001 1000
a contact +43200 +43800 9008 9002 1000
a contact +43200 +43800 9009 2038 1000
a contact +43200 +43800 9010 9004 1000
a contact +43200 +43800 9011 9005 1000
a contact +43200 +43800 9012 2010 1000
a contact +43800 +44400 2001 2009 1000
a contact +43800 +44400 2002 2032 1000
a contact +43800 +44400 2003 2064 1000
a contact +43800 +44400 2004 2006 1000
a contact +43800 +44400 2005 2013 1000
a contact +43800 +44400 2006 2004 1000
a contact +43800 +44400 2007 2010 1000
a contact +43800 +44400 2008 2054 1000
a contact +43800 +44400 2009 2001 1000
a contact +43800 +44400 2010 2007 1000
a contact +43800 +44400 2011 2061 1000
a contact +43800 +44400 2012 2060 1000
a contact +43800 +44400 2013 2005 1000
a contact +43800 +44400 2014 2063 1000
a contact +43800 +44400 2015 2056 1000
a contact +43800 +44400 2016 2062 1000
a contact +43800 +44400 2017 2057 1000
a contact +43800 +44400 2018 2053 1000
a contact +43800 +44400 2019 2051 1000
a contact +43800 +44400 2020 2048 1000
a contact +43800 +44400 2021 2050 1000
a contact +43800 +44400 2022 2052 1000
a contact +43800 +44400 2023 2041 1000
a contact +43800 +44400 2024 2042 1000
a contact +43800 +44400 2025 2049 1000
a contact +43800 +44400 2026 2046 1000
a contact +43800 +44400 2027 2040 1000
a contact +43800 +44400 2028 2037 1000
a contact +43800 +44400 2029 2045 1000
a contact +43800 +44400 2030 2036 1000
a contact +43800 +44400 2031 2039 1000
a contact +43800 +44400 2032 2002 1000
a contact +43800 +44400 2033 9009 1000
a contact +43800 +44400 2034 2035 1000
a contact +43800 +44400 2035 2034 1000
a contact +43800 +44400 2036 2030 1000
a contact +43800 +44400 2037 2028 1000
a contact +43800 +44400 2038 2047 1000
a contact +43800 +44400 2039 2031 1000
a contact +43800 +44400 2040 2027 1000
a contact +43800 +44400 2041 2023 1000
a contact +43800 +44400 2042 2024 1000
a contact +43800 +44400 2043 9003 1000
a contact +43800 +44400 2044 9012 1000
a contact +43800 +44400 2045 2029 1000
a contact +43800 +44400 2046 2026 1000
a contact +43800 +44400 2047 2038 1000
a contact +43800 +44400 2048 2020 1000
a contact +43800 +44400 2049 2025 1000
a contact +43800 +44400 2050 2021 1000
a contact +43800 +44400 2051 2019 1000
a contact +43800 +44400 2052 2022 1000
a contact +43800 +44400 2053 2018 1000
a contact +43800 +44400 2054 2008 1000
a contact +43800 +44400 2055 2058 1000
a contact +43800 +44400 2056 2015 1000
a contact +43800 +44400 2057 2017 1000
a contact +43800 +44400 2058 2055 1000
a contact +43800 +44400 2059 9006 1000
a contact +43800 +44400 2060 2012 1000
a contact +43800 +44400 2061 2011 1000
a contact +43800 +44400 2062 2016 1000
a contact +43800 +44400 2063 2014 1000
a contact +43800 +44400 2064 2003 1000
a contact +43800 +44400 9001 9010 1000
a contact +43800 +44400 9002 9005 1000
a contact +43800 +44400 9003 2043 1000
a contact +43800 +44400 9004 9007 1000
a contact +43800 +44400 9005 9002 1000
a contact +43800 +44400 9006 2059 1000
a contact +43800 +44400 9007 9004 1000
a contact +43800 +44400 9008 9011 1000
a contact +43800 +44400 9009 2033 1000
a contact +43800 +44400 9010 9001 1000
a contact +43800 +44400 9011 9008 1000
a contact +43800 +44400 9012 2044 1000
a contact +44400 +45000 2001 2015 1000
a contact +44400 +45000 2002 2064 1000
a contact +44400 +45000 2003 2032 1000
a contact +44400 +45000 2004 2010 1000
a contact +44400 +45000 2005 2006 1000
a contact +44400 +45000 2006 2005 1000
a contact +44400 +45000 2007 2062 1000
a contact +44400 +45000 2008 2057 1000
a contact +44400 +45000 2009 2063 1000
a contact +44400 +45000 2010 2004 1000
a contact +44400 +45000 2011 2060 1000
a contact +44400 +45000 2012 2058 1000
a contact +44400 +45000 2013 2061 1000
a contact +44400 +45000 2014 2056 1000
a contact +44400 +45000 2015 2001 1000
a contact +44400 +45000 2016 2055 1000
a contact +44400 +45000 2017 2053 1000
a contact +44400 +45000 2018 2052 1000
a contact +44400 +45000 2019 2048 1000
a contact +44400 +45000 2020 2054 1000
a contact +44400 +45000 2021 2047 1000
a contact +44400 +45000 2022 2045 1000
a contact +44400 +45000 2023 2051 1000
a contact +44400 +45000 2024 2049 1000
a contact +44400 +45000 2025 2050 1000
a contact +44400 +45000 2026 2044 1000
a contact +44400 +45000 2027 2046 1000
a contact +44400 +45000 2028 2041 1000
a contact +44400 +45000 2029 2042 1000
a contact +44400 +45000 2030 2039 1000
a contact +44400 +45000 2031 2034 1000
a contact +44400 +45000 2032 2003 1000
a contact +44400 +45000 2033 2040 1000
a contact +44400 +45000 2034 2031 1000
a contact +44400 +45000 2035 2036 1000
a contact +44400 +45000 2036 2035 1000
a contact +44400 +45000 2037 9009 1000
a contact +44400 +45000 2038 9003 1000
a contact +44400 +45000 2039 2030 1000
a contact +44400 +45000 2040 2033 1000
a contact +44400 +45000 2041 2028 1000
a contact +44400 +45000 2042 2029 1000
a contact +44400 +45000 2043 9006 1000
a contact +44400 +45000 2044 2026 1000
a contact +44400 +45000 2045 2022 1000
a contact +44400 +45000 2046 2027 1000
a contact +44400 +45000 2047 2021 1000
a contact +44400 +45000 2048 2019 1000
a contact +44400 +45000 2049 2024 1000
a contact +44400 +45000 2050 2025 1000
a contact +44400 +45000 2051 2023 1000
a contact +44400 +45000 2052 2018 1000
a contact +44400 +45000 2053 2017 1000
a contact +44400 +45000 2054 2020 1000
a contact +44400 +45000 2055 2016 1000
a contact +44400 +45000 2056 2014 1000
a contact +44400 +45000 2057 2008 1000
a contact +44400 +45000 2058 2012 1000
a contact +44400 +45000 2059 9012 1000
a contact +44400 +45000 2060 2011 1000
a contact +44400 +45000 2061 2013 1000
a contact +44400 +45000 2062 2007 1000
a contact +44400 +45000 2063 2009 1000
a contact +44400 +45000 2064 2002 1000
a contact +44400 +45000 9001 9004 1000
a contact +44400 +45000 9002 9011 1000
a contact +44400 +45000 9003 2038 1000
a contact +44400 +45000 9004 9001 1000
a contact +44400 +45000 9005 9008 1000
a contact +44400 +45000 9006 2043 1000
a contact +44400 +45000 9007 9010 1000
a contact +44400 +45000 9008 9005 1000
a contact +44400 +45000 9009 2037 1000
a contact +44400 +45000 9010 9007 1000
a contact +44400 +45000 9011 9002 1000
a contact +44400 +45000 9012 2059 1000
a contact +45000 +45600 2001 2016 1000
a contact +45000 +45600 2002 2059 1000
a contact +45000 +45600 2003 2043 1000
a contact +45000 +45600 2004 2037 1000
a contact +45000 +45600 2005 2011 1000
a contact +45000 +45600 2006 2008 1000
a contact +45000 +45600 2007 2038 1000
a contact +45000 +45600 2008 2006 1000
a contact +45000 +45600 2009 2031 1000
a contact +45000 +45600 2010 2012 1000
a contact +45000 +45600 2011 2005 1000
a contact +45000 +45600 2012 2010 1000
a contact +45000 +45600 2013 2058 1000
a contact +45000 +45600 2014 2061 1000
a contact +45000 +45600 2015 2063 1000
a contact +45000 +45600 2016 2001 1000
a contact +45000 +45600 2017 2064 1000
a contact +45000 +45600 2018 2062 1000
a contact +45000 +45600 2019 2056 1000
a contact +45000 +45600 2020 2057 1000
a contact +45000 +45600 2021 2054 1000
a contact +45000 +45600 2022 2051 1000
a contact +45000 +45600 2023 2055 1000
a contact +45000 +45600 2024 2047 1000
a contact +45000 +45600 2025 2052 1000
a contact +45000 +45600 2026 2049 1000
a contact +45000 +45600 2027 2050 1000
a contact +45000 +45600 2028 2048 1000
a contact +45000 +45600 2029 2044 1000
a contact +45000 +45600 2030 9009 1000
a contact +45000 +45600 2031 2009 1000
a contact +45000 +45600 2032 2046 1000
a contact +45000 +45600 2033 2045 1000
a contact +45000 +45600 2034 2041 1000
a contact +45000 +45600 2035 2040 1000
a contact +45000 +45600 2036 2039 1000
a contact +45000 +45600 2037 2004 1000
a contact +45000 +45600 2038 2007 1000
a contact +45000 +45600 2039 2036 1000
a contact +45000 +45600 2040 2035 1000
a contact +45000 +45600 2041 2034 1000
a contact +45000 +45600 2042 9012 1000
a contact +45000 +45600 2043 2003 1000
a contact +45000 +45600 2044 2029 1000
a contact +45000 +45600 2045 2033 1000
a contact +45000 +45600 2046 2032 1000
a contact +45000 +45600 2047 2024 1000
a contact +45000 +45600 2048 2028 1000
a contact +45000 +45600 2049 2026 1000
a contact +45000 +45600 2050 2027 1000
a contact +45000 +45600 2051 2022 1000
a contact +45000 +45600 2052 2025 1000
a contact +45000 +45600 2053 9006 1000
a contact +45000 +45600 2054 2021 1000
a contact +45000 +45600 2055 2023 1000
a contact +45000 +45600 2056 2019 1000
a contact +45000 +45600 2057 2020 1000
a contact +45000 +45600 2058 2013 1000
a contact +45000 +45600 2059 2002 1000
a contact +45000 +45600 2060 9003 1000
a contact +45000 +45600 2061 2014 1000
a contact +45000 +45600 2062 2018 1000
a contact +45000 +45600 2063 2015 1000
a contact +45000 +45600 2064 2017 1000
a contact +45000 +45600 9001 9007 1000
a contact +45000 +45600 9002 9008 1000
a contact +45000 +45600 9003 2060 1000
a contact +45000 +45600 9004 9010 1000
a contact +45000 +45600 9005 9011 1000
a contact +45000 +45600 9006 2053 1000
a contact +45000 +45600 9007 9001 1000
a contact +45000 +45600 9008 9002 1000
a contact +45000 +45600 9009 2030 1000
a contact +45000 +45600 9010 9004 1000
a contact +45000 +45600 9011 9005 1000
a contact +45000 +45600 9012 2042 1000
a contact +45600 +46200 2001 2017 1000
a contact +45600 +46200 2002 2043 1000
a contact +45600 +46200 2003 2042 1000
a contact +45600 +46200 2004 2012 1000
a contact +45600 +46200 2005 2036 1000
a contact +45600 +46200 2006 2009 1000
a contact +45600 +46200 2007 2030 1000
a contact +45600 +46200 2008 2023 1000
a contact +45600 +46200 2009 2006 1000
a contact +45600 +46200 2010 2016 1000
a contact +45600 +46200 2011 9009 1000
a contact +45600 +46200 2012 2004 1000
a contact +45600 +46200 2013 2059 1000
a contact +45600 +46200 2014 2031 1000
a contact +45600 +46200 2015 2037 1000
a contact +45600 +46200 2016 2010 1000
a contact +45600 +46200 2017 2001 1000
a contact +45600 +46200 2018 2064 1000
a contact +45600 +46200 2019 2063 1000
a contact +45600 +46200 2020 2062 1000
a contact +45600 +46200 2021 2061 1000
a contact +45600 +46200 2022 9006 1000
a contact +45600 +46200 2023 2008 1000
a contact +45600 +46200 2024 2058 1000
a contact +45600 +46200 2025 2057 1000
a contact +45600 +46200 2026 2056 1000
a contact +45600 +46200 2027 2055 1000
a contact +45600 +46200 2028 2054 1000
a contact +45600 +46200 2029 2052 1000
a contact +45600 +46200 2030 2007 1000
a contact +45600 +46200 2031 2014 1000
a contact +45600 +46200 2032 2051 1000
a contact +45600 +46200 2033 2050 1000
a contact +45600 +46200 2034 2049 1000
a contact +45600 +46200 2035 2048 1000
a contact +45600 +46200 2036 2005 1000
a contact +45600 +46200 2037 2015 1000
a contact +45600 +46200 2038 2047 1000
a contact +45600 +46200 2039 2046 1000
a contact +45600 +46200 2040 2045 1000
a contact +45600 +46200 2041 2044 1000
a contact +45600 +46200 2042 2003 1000
a contact +45600 +46200 2043 2002 1000
a contact +45600 +46200 2044 2041 1000
a contact +45600 +46200 2045 2040 1000
a contact +45600 +46200 2046 2039 1000
a contact +45600 +46200 2047 2038 1000
a contact +45600 +46200 2048 2035 1000
a contact +45600 +46200 2049 2034 1000
a contact +45600 +46200 2050 2033 1000
a contact +45600 +46200 2051 2032 1000
a contact +45600 +46200 2052 2029 1000
a contact +45600 +46200 2053 9003 1000
a contact +45600 +46200 2054 2028 1000
a contact +45600 +46200 2055 2027 1000
a contact +45600 +46200 2056 2026 1000
a contact +45600 +46200 2057 2025 1000
a contact +45600 +46200 2058 2024 1000
a contact +45600 +46200 2059 2013 1000
a contact +45600 +46200 2060 9012 1000
a contact +45600 +46200 2061 2021 1000
a contact +45600 +46200 2062 2020 1000
a contact +45600 +46200 2063 2019 1000
a contact +45600 +46200 2064 2018 1000
a contact +45600 +46200 9001 9010 1000
a contact +45600 +46200 9003 2053 1000
a contact +45600 +46200 9004 9007 1000
a contact +45600 +46200 9006 2022 1000
a contact +45600 +46200 9007 9004 1000
a contact +45600 +46200 9009 2011 1000
a contact +45600 +46200 9010 9001 1000
a contact +45600 +46200 9012 2060 1000
a contact +46200 +46800 2001 2018 1000
a contact +46200 +46800 2002 2037 1000
a contact +46200 +46800 2003 2053 1000
a contact +46200 +46800 2004 2042 1000
a contact +46200 +46800 2005 2041 1000
a contact +46200 +46800 2006 2010 1000
a contact +46200 +46800 2007 2036 1000
a contact +46200 +46800 2008 2030 1000
a contact +46200 +46800 2009 2023 1000
a contact +46200 +46800 2010 2006 1000
a contact +46200 +46800 2011 9012 1000
a contact +46200 +46800 2012 2022 1000
a contact +46200 +46800 2013 2057 1000
a contact +46200 +46800 2014 2059 1000
a contact +46200 +46800 2015 2021 1000
a contact +46200 +46800 2016 2064 1000
a contact +46200 +46800 2017 2063 1000
a contact +46200 +46800 2018 2001 1000
a contact +46200 +46800 2019 2062 1000
a contact +46200 +46800 2020 2061 1000
a contact +46200 +46800 2021 2015 1000
a contact +46200 +46800 2022 2012 1000
a contact +46200 +46800 2023 2009 1000
a contact +46200 +46800 2024 2056 1000
a contact +46200 +46800 2025 2058 1000
a contact +46200 +46800 2026 2055 1000
a contact +46200 +46800 2027 2048 1000
a contact +46200 +46800 2028 2051 1000
a contact +46200 +46800 2029 9006 1000
a contact +46200 +46800 2030 2008 1000
a contact +46200 +46800 2031 2050 1000
a contact +46200 +46800 2032 2049 1000
a contact +46200 +46800 2033 2046 1000
a contact +46200 +46800 2034 2045 1000
a contact +46200 +46800 2035 2043 1000
a contact +46200 +46800 2036 2007 1000
a contact +46200 +46800 2037 2002 1000
a contact +46200 +46800 2038 2044 1000
a contact +46200 +46800 2039 2040 1000
a contact +46200 +46800 2040 2039 1000
a contact +46200 +46800 2041 2005 1000
a contact +46200 +46800 2042 2004 1000
a contact +46200 +46800 2043 2035 1000
a contact +46200 +46800 2044 2038 1000
a contact +46200 +46800 2045 2034 1000
a contact +46200 +46800 2046 2033 1000
a contact +46200 +46800 2047 2054 1000
a contact +46200 +46800 2048 2027 1000
a contact +46200 +46800 2049 2032 1000
a contact +46200 +46800 2050 2031 1000
a contact +46200 +46800 2051 2028 1000
a contact +46200 +46800 2052 9003 1000
a contact +46200 +46800 2053 2003 1000
a contact +46200 +46800 2054 2047 1000
a contact +46200 +46800 2055 2026 1000
a contact +46200 +46800 2056 2024 1000
a contact +46200 +46800 2057 2013 1000
a contact +46200 +46800 2058 2025 1000
a contact +46200 +46800 2059 2014 1000
a contact +46200 +46800 2060 9009 1000
a contact +46200 +46800 2061 2020 1000
a contact +46200 +46800 2062 2019 1000
a contact +46200 +46800 2063 2017 1000
a contact +46200 +46800 2064 2016 1000
a contact +46200 +46800 9001 9004 1000
a contact +45600 +46800 9002 9005 1000
a contact +46200 +46800 9003 2052 1000
a contact +46200 +46800 9004 9001 1000
a contact +45600 +46800 9005 9002 1000
a contact +46200 +46800 9006 2029 1000
a contact +46200 +46800 9007 9010 1000
a contact +45600 +46800 9008 9011 1000
a contact +46200 +46800 9009 2060 1000
a contact +46200 +46800 9010 9007 1000
a contact +45600 +46800 9011 9008 1000
a contact +46200 +46800 9012 2011 1000
a contact +46800 +47400 2001 2019 1000
a contact +46800 +47400 2002 2042 1000
a contact +46800 +47400 2003 2060 1000
a contact +46800 +47400 2004 2041 1000
a contact +46800 +47400 2005 2029 1000
a contact +46800 +47400 2006 2012 1000
a contact +46800 +47400 2007 2022 1000
a contact +46800 +47400 2008 2021 1000
a contact +46800 +47400 2009 2036 1000
a contact +46800 +47400 2010 2020 1000
a contact +46800 +47400 2011 9006 1000
a contact +46800 +47400 2012 2006 1000
a contact +46800 +47400 2013 2030 1000
a contact +46800 +47400 2014 2058 1000
a contact +46800 +47400 2015 2059 1000
a contact +46800 +47400 2016 2061 1000
a contact +46800 +47400 2017 2062 1000
a contact +46800 +47400 2018 2063 1000
a contact +46800 +47400 2019 2001 1000
a contact +46800 +47400 2020 2010 1000
a contact +46800 +47400 2021 2008 1000
a contact +46800 +47400 2022 2007 1000
a contact +46800 +47400 2023 2064 1000
a contact +46800 +47400 2024 2057 1000
a contact +46800 +47400 2025 2056 1000
a contact +46800 +47400 2026 2054 1000
a contact +46800 +47400 2027 2047 1000
a contact +46800 +47400 2028 2055 1000
a contact +46800 +47400 2029 2005 1000
a contact +46800 +47400 2030 2013 1000
a contact +46800 +47400 2031 2051 1000
a contact +46800 +47400 2032 2050 1000
a contact +46800 +47400 2033 2049 1000
a contact +46800 +47400 2034 2048 1000
a contact +46800 +47400 2035 9003 1000
a contact +46800 +47400 2036 2009 1000
a contact +46800 +47400 2037 2046 1000
a contact +46800 +47400 2038 2045 1000
a contact +46800 +47400 2039 2044 1000
a contact +46800 +47400 2040 2043 1000
a contact +46800 +47400 2041 2004 1000
a contact +46800 +47400 2042 2002 1000
a contact +46800 +47400 2043 2040 1000
a contact +46800 +47400 2044 2039 1000
a contact +46800 +47400 2045 2038 1000
a contact +46800 +47400 2046 2037 1000
a contact +46800 +47400 2047 2027 1000
a contact +46800 +47400 2048 2034 1000
a contact +46800 +47400 2049 2033 1000
a contact +46800 +47400 2050 2032 1000
a contact +46800 +47400 2051 2031 1000
a contact +46800 +47400 2052 9009 1000
a contact +46800 +47400 2053 9012 1000
a contact +46800 +47400 2054 2026 1000
a contact +46800 +47400 2055 2028 1000
a contact +46800 +47400 2056 2025 1000
a contact +46800 +47400 2057 2024 1000
a contact +46800 +47400 2058 2014 1000
a contact +46800 +47400 2059 2015 1000
a contact +46800 +47400 2060 2003 1000
a contact +46800 +47400 2061 2016 1000
a contact +46800 +47400 2062 2017 1000
a contact +46800 +47400 2063 2018 1000
a contact +46800 +47400 2064 2023 1000
a contact +46800 +47400 9001 9007 1000
a contact +46800 +47400 9002 9008 1000
a contact +46800 +47400 9003 2035 1000
a contact +46800 +47400 9004 9010 1000
a contact +46800 +47400 9005 9011 1000
a contact +46800 +47400 9006 2011 1000
a contact +46800 +47400 9007 9001 1000
a contact +46800 +47400 9008 9002 1000
a contact +46800 +47400 9009 2052 1000
a contact +46800 +47400 9010 9004 1000
a contact +46800 +47400 9011 9005 1000
a contact +46800 +47400 9012 2053 1000
a contact +47400 +48000 2001 2020 1000
a contact +47400 +48000 2002 2052 1000
a contact +47400 +48000 2003 2011 1000
a contact +47400 +48000 2004 2029 1000
a contact +47400 +48000 2005 2028 1000
a contact +47400 +48000 2006 2013 1000
a contact +47400 +48000 2007 2015 1000
a contact +47400 +48000 2008 2055 1000
a contact +47400 +48000 2009 2022 1000
a contact +47400 +48000 2010 2021 1000
a contact +47400 +48000 2011 2003 1000
a contact +47400 +48000 2012 2059 1000
a contact +47400 +48000 2013 2006 1000
a contact +47400 +48000 2014 2051 1000
a contact +47400 +48000 2015 2007 1000
a contact +47400 +48000 2016 2042 1000
a contact +47400 +48000 2017 2030 1000
a contact +47400 +48000 2018 2056 1000
a contact +47400 +48000 2019 2036 1000
a contact +47400 +48000 2020 2001 1000
a contact +47400 +48000 2021 2010 1000
a contact +47400 +48000 2022 2009 1000
a contact +47400 +48000 2023 2063 1000
a contact +47400 +48000 2024 2064 1000
a contact +47400 +48000 2025 2062 1000
a contact +47400 +48000 2026 2057 1000
a contact +47400 +48000 2027 2054 1000
a contact +47400 +48000 2028 2005 1000
a contact +47400 +48000 2029 2004 1000
a contact +47400 +48000 2030 2017 1000
a contact +47400 +48000 2031 2033 1000
a contact +47400 +48000 2032 2058 1000
a contact +47400 +48000 2033 2031 1000
a contact +47400 +48000 2034 2047 1000
a contact +47400 +48000 2035 9012 1000
a contact +47400 +48000 2036 2019 1000
a contact +47400 +48000 2037 2049 1000
a contact +47400 +48000 2038 2046 1000
a contact +47400 +48000 2039 2045 1000
a contact +47400 +48000 2040 2048 1000
a contact +47400 +48000 2041 9003 1000
a contact +47400 +48000 2042 2016 1000
a contact +47400 +48000 2043 2044 1000
a contact +47400 +48000 2044 2043 1000
a contact +47400 +48000 2045 2039 1000
a contact +47400 +48000 2046 2038 1000
a contact +47400 +48000 2047 2034 1000
a contact +47400 +48000 2048 2040 1000
a contact +47400 +48000 2049 2037 1000
a contact +47400 +48000 2050 2061 1000
a contact +47400 +48000 2051 2014 1000
a contact +47400 +48000 2052 2002 1000
a contact +47400 +48000 2053 9009 1000
a contact +47400 +48000 2054 2027 1000
a contact +47400 +48000 2055 2008 1000
a contact +47400 +48000 2056 2018 1000
a contact +47400 +48000 2057 2026 1000
a contact +47400 +48000 2058 2032 1000
a contact +47400 +48000 2059 2012 1000
a contact +47400 +48000 2060 9006 1000
a contact +47400 +48000 2061 2050 1000
a contact +47400 +48000 2062 2025 1000
a contact +47400 +48000 2063 2023 1000
a contact +47400 +48000 2064 2024 1000
a contact +47400 +48000 9001 9010 1000
a contact +47400 +48000 9002 9011 1000
a contact +47400 +48000 9003 2041 1000
a contact +47400 +48000 9004 9007 1000
a contact +47400 +48000 9005 9008 1000
a contact +47400 +48000 9006 2060 1000
a contact +47400 +48000 9007 9004 1000
a contact +47400 +48000 9008 9005 1000
a contact +47400 +48000 9009 2053 1000
a contact +47400 +48000 9010 9001 1000
a contact +47400 +48000 9011 9002 1000
a contact +47400 +48000 9012 2035 1000
a contact +48000 +48600 2001 2023 1000
a contact +48000 +48600 2002 2053 1000
a contact +48000 +48600 2003 2021 1000
a contact +48000 +48600 2004 2060 1000
a contact +48000 +48600 2005 2010 1000
a contact +48000 +48600 2006 2011 1000
a contact +48000 +48600 2007 2059 1000
a contact +48000 +48600 2008 2051 1000
a contact +48000 +48600 2009 2052 1000
a contact +48000 +48600 2010 2005 1000
a contact +48000 +48600 2011 2006 1000
a contact +48000 +48600 2012 2041 1000
a contact +48000 +48600 2013 2022 1000
a contact +48000 +48600 2014 2050 1000
a contact +48000 +48600 2015 2036 1000
a contact +48000 +48600 2016 2029 1000
a contact +48000 +48600 2017 2056 1000
a contact +48000 +48600 2018 2061 1000
a contact +48000 +48600 2019 2064 1000
a contact +48000 +48600 2020 2063 1000
a contact +48000 +48600 2021 2003 1000
a contact +48000 +48600 2022 2013 1000
a contact +48000 +48600 2023 2001 1000
a contact +48000 +48600 2024 2062 1000
a contact +48000 +48600 2025 2055 1000
a contact +48000 +48600 2026 2045 1000
a contact +48000 +48600 2027 2037 1000
a contact +48000 +48600 2028 9012 1000
a contact +48000 +48600 2029 2016 1000
a contact +48000 +48600 2030 2058 1000
a contact +48000 +48600 2031 2057 1000
a contact +48000 +48600 2032 2054 1000
a contact +48000 +48600 2033 2047 1000
a contact +48000 +48600 2034 9009 1000
a contact +48000 +48600 2035 9006 1000
a contact +48000 +48600 2036 2015 1000
a contact +48000 +48600 2037 2027 1000
a contact +48000 +48600 2038 2049 1000
a contact +48000 +48600 2039 2043 1000
a contact +48000 +48600 2040 2046 1000
a contact +48000 +48600 2041 2012 1000
a contact +48000 +48600 2042 2044 1000
a contact +48000 +48600 2043 2039 1000
a contact +48000 +48600 2044 2042 1000
a contact +48000 +48600 2045 2026 1000
a contact +48000 +48600 2046 2040 1000
a contact +48000 +48600 2047 2033 1000
a contact +48000 +48600 2048 9003 1000
a contact +48000 +48600 2049 2038 1000
a contact +48000 +48600 2050 2014 1000
a contact +48000 +48600 2051 2008 1000
a contact +48000 +48600 2052 2009 1000
a contact +48000 +48600 2053 2002 1000
a contact +48000 +48600 2054 2032 1000
a contact +48000 +48600 2055 2025 1000
a contact +48000 +48600 2056 2017 1000
a contact +48000 +48600 2057 2031 1000
a contact +48000 +48600 2058 2030 1000
a contact +48000 +48600 2059 2007 1000
a contact +48000 +48600 2060 2004 1000
a contact +48000 +48600 2061 2018 1000
a contact +48000 +48600 2062 2024 1000
a contact +48000 +48600 2063 2020 1000
a contact +48000 +48600 2064 2019 1000
a contact +48000 +48600 9001 9004 1000
a contact +48000 +48600 9002 9005 1000
a contact +48000 +48600 9003 2048 1000
a contact +48000 +48600 9004 9001 1000
a contact +48000 +48600 9005 9002 1000
a contact +48000 +48600 9006 2035 1000
a contact +48000 +48600 9007 9010 1000
a contact +48000 +48600 9008 9011 1000
a contact +48000 +48600 9009 2034 1000
a contact +48000 +48600 9010 9007 1000
a contact +48000 +48600 9011 9008 1000
a contact +48000 +48600 9012 2028 1000
a contact +48600 +49200 2001 2024 1000
a contact +48600 +49200 2002 2041 1000
a contact +48600 +49200 2003 2011 1000
a contact +48600 +49200 2004 2053 1000
a contact +48600 +49200 2005 2060 1000
a contact +48600 +49200 2006 2016 1000
a contact +48600 +49200 2007 2052 1000
a contact +48600 +49200 2008 2050 1000
a contact +48600 +49200 2009 2010 1000
a contact +48600 +49200 2010 2009 1000
a contact +48600 +49200 2011 2003 1000
a contact +48600 +49200 2012 2035 1000
a contact +48600 +49200 2013 2055 1000
a contact +48600 +49200 2014 2049 1000
a contact +48600 +49200 2015 2029 1000
a contact +48600 +49200 2016 2006 1000
a contact +48600 +49200 2017 2051 1000
a contact +48600 +49200 2018 2047 1000
a contact +48600 +49200 2019 2021 1000
a contact +48600 +49200 2020 2022 1000
a contact +48600 +49200 2021 2019 1000
a contact +48600 +49200 2022 2020 1000
a contact +48600 +49200 2023 2062 1000
a contact +48600 +49200 2024 2001 1000
a contact +48600 +49200 2025 2064 1000
a contact +48600 +49200 2026 2063 1000
a contact +48600 +49200 2027 2061 1000
a contact +48600 +49200 2028 9006 1000
a contact +48600 +49200 2029 2015 1000
a contact +48600 +49200 2030 2057 1000
a contact +48600 +49200 2031 2058 1000
a contact +48600 +49200 2032 2056 1000
a contact +48600 +49200 2033 2054 1000
a contact +48600 +49200 2034 9003 1000
a contact +48600 +49200 2035 2012 1000
a contact +48600 +49200 2036 2044 1000
a contact +48600 +49200 2037 2046 1000
a contact +48600 +49200 2038 2043 1000
a contact +48600 +49200 2039 9009 1000
a contact +48600 +49200 2040 9012 1000
a contact +48600 +49200 2041 2002 1000
a contact +48600 +49200 2042 2045 1000
a contact +48600 +49200 2043 2038 1000
a contact +48600 +49200 2044 2036 1000
a contact +48600 +49200 2045 2042 1000
a contact +48600 +49200 2046 2037 1000
a contact +48600 +49200 2047 2018 1000
a contact +48600 +49200 2048 2059 1000
a contact +48600 +49200 2049 2014 1000
a contact +48600 +49200 2050 2008 1000
a contact +48600 +49200 2051 2017 1000
a contact +48600 +49200 2052 2007 1000
a contact +48600 +49200 2053 2004 1000
a contact +48600 +49200 2054 2033 1000
a contact +48600 +49200 2055 2013 1000
a contact +48600 +49200 2056 2032 1000
a contact +48600 +49200 2057 2030 1000
a contact +48600 +49200 2058 2031 1000
a contact +48600 +49200 2059 2048 1000
a contact +48600 +49200 2060 2005 1000
a contact +48600 +49200 2061 2027 1000
a contact +48600 +49200 2062 2023 1000
a contact +48600 +49200 2063 2026 1000
a contact +48600 +49200 2064 2025 1000
a contact +48600 +49200 9001 9007 1000
a contact +48600 +49200 9002 9008 1000
a contact +48600 +49200 9003 2034 1000
a contact +48600 +49200 9004 9010 1000
a contact +48600 +49200 9005 9011 1000
a contact +48600 +49200 9006 2028 1000
a contact +48600 +49200 9007 9001 1000
a contact +48600 +49200 9008 9002 1000
a contact +48600 +49200 9009 2039 1000
a contact +48600 +49200 9010 9004 1000
a contact +48600 +49200 9011 9005 1000
a contact +48600 +49200 9012 2040 1000
a contact +49200 +49800 2001 2022 1000
a contact +49200 +49800 2002 2010 1000
a contact +49200 +49800 2003 2005 1000
a contact +49200 +49800 2004 2052 1000
a contact +49200 +49800 2005 2003 1000
a contact +49200 +49800 2007 2011 1000
a contact +49200 +49800 2008 2049 1000
a contact +49200 +49800 2009 2060 1000
a contact +49200 +49800 2010 2002 1000
a contact +49200 +49800 2011 2007 1000
a contact +49200 +49800 2012 2048 1000
a contact +49200 +49800 2013 2054 1000
a contact +49200 +49800 2015 2035 1000
a contact +49200 +49800 2016 2028 1000
a contact +49200 +49800 2017 2055 1000
a contact +49200 +49800 2018 2050 1000
a contact +49200 +49800 2019 2061 1000
a contact +49200 +49800 2020 2021 1000
a contact +49200 +49800 2021 2020 1000
a contact +49200 +49800 2022 2001 1000
a contact +49200 +49800 2023 2058 1000
a contact +49200 +49800 2024 2063 1000
a contact +49200 +49800 2025 2053 1000
a contact +49200 +49800 2026 2064 1000
a contact +49200 +49800 2027 9012 1000
a contact +49200 +49800 2028 2016 1000
a contact +49200 +49800 2029 2057 1000
a contact +49200 +49800 2030 2056 1000
a contact +49200 +49800 2031 2062 1000
a contact +49200 +49800 2032 2047 1000
a contact +49200 +49800 2033 9003 1000
a contact +49200 +49800 2034 9006 1000
a contact +49200 +49800 2035 2015 1000
a contact +49200 +49800 2036 2051 1000
a contact +49200 +49800 2037 2045 1000
a contact +49200 +49800 2038 2039 1000
a contact +49200 +49800 2039 2038 1000
a contact +49200 +49800 2040 2044 1000
a contact +49200 +49800 2041 2046 1000
a contact +49200 +49800 2042 2043 1000
a contact +49200 +49800 2043 2042 1000
a contact +49200 +49800 2044 2040 1000
a contact +49200 +49800 2045 2037 1000
a contact +49200 +49800 2046 2041 1000
a contact +49200 +49800 2047 2032 1000
a contact +49200 +49800 2048 2012 1000
a contact +49200 +49800 2049 2008 1000
a contact +49200 +49800 2050 2018 1000
a contact +49200 +49800 2051 2036 1000
a contact +49200 +49800 2052 2004 1000
a contact +49200 +49800 2053 2025 1000
a contact +49200 +49800 2054 2013 1000
a contact +49200 +49800 2055 2017 1000
a contact +49200 +49800 2056 2030 1000
a contact +49200 +49800 2057 2029 1000
a contact +49200 +49800 2058 2023 1000
a contact +49200 +49800 2059 9009 1000
a contact +49200 +49800 2060 2009 1000
a contact +49200 +49800 2061 2019 1000
a contact +49200 +49800 2062 2031 1000
a contact +49200 +49800 2063 2024 1000
a contact +49200 +49800 2064 2026 1000
a contact +49200 +49800 9001 9010 1000
a contact +49200 +49800 9002 9011 1000
a contact +49200 +49800 9003 2033 1000
a contact +49200 +49800 9004 9007 1000
a contact +49200 +49800 9005 9008 1000
a contact +49200 +49800 9006 2034 1000
a contact +49200 +49800 9007 9004 1000
a contact +49200 +49800 9008 9005 1000
a contact +49200 +49800 9009 2059 1000
a contact +49200 +49800 9010 9001 1000
a contact +49200 +49800 9011 9002 1000
a contact +49200 +49800 9012 2027 1000
a contact +49800 +50400 2001 2025 1000
a contact +49800 +50400 2002 2060 1000
a contact +49800 +50400 2003 2034 1000
a contact +49800 +50400 2004 2005 1000
a contact +49800 +50400 2005 2004 1000
a contact +49200 +50400 2006 2014 1000
a contact +49800 +50400 2007 2028 1000
a contact +49800 +50400 2008 2027 1000
a contact +49800 +50400 2009 2015 1000
a contact +49800 +50400 2010 2019 1000
a contact +49800 +50400 2011 2020 1000
a contact +49800 +50400 2012 2057 1000
a contact +49800 +50400 2013 2053 1000
a contact +49200 +50400 2014 2006 1000
a contact +49800 +50400 2015 2009 1000
a contact +49800 +50400 2016 2058 1000
a contact +49800 +50400 2017 2050 1000
a contact +49800 +50400 2018 2059 1000
a contact +49800 +50400 2019 2010 1000
a contact +49800 +50400 2020 2011 1000
a contact +49800 +50400 2021 9003 1000
a contact +49800 +50400 2022 2064 1000
a contact +49800 +50400 2023 2026 1000
a contact +49800 +50400 2024 2061 1000
a contact +49800 +50400 2025 2001 1000
a contact +49800 +50400 2026 2023 1000
a contact +49800 +50400 2027 2008 1000
a contact +49800 +50400 2028 2007 1000
a contact +49800 +50400 2029 2054 1000
a contact +49800 +50400 2030 2063 1000
a contact +49800 +50400 2031 2056 1000
a contact +49800 +50400 2032 2062 1000
a contact +49800 +50400 2033 9006 1000
a contact +49800 +50400 2034 2003 1000
a contact +49800 +50400 2035 2052 1000
a contact +49800 +50400 2036 2055 1000
a contact +49800 +50400 2037 2051 1000
a contact +49800 +50400 2038 2041 1000
a contact +49800 +50400 2039 2049 1000
a contact +49800 +50400 2040 2042 1000
a contact +49800 +50400 2041 2038 1000
a contact +49800 +50400 2042 2040 1000
a contact +49800 +50400 2043 2046 1000
a contact +49800 +50400 2044 2045 1000
a contact +49800 +50400 2045 2044 1000
a contact +49800 +50400 2046 2043 1000
a contact +49800 +50400 2047 9009 1000
a contact +49800 +50400 2048 9012 1000
a contact +49800 +50400 2049 2039 1000
a contact +49800 +50400 2050 2017 1000
a contact +49800 +50400 2051 2037 1000
a contact +49800 +50400 2052 2035 1000
a contact +49800 +50400 2053 2013 1000
a contact +49800 +50400 2054 2029 1000
a contact +49800 +50400 2055 2036 1000
a contact +49800 +50400 2056 2031 1000
a contact +49800 +50400 2057 2012 1000
a contact +49800 +50400 2058 2016 1000
a contact +49800 +50400 2059 2018 1000
a contact +49800 +50400 2060 2002 1000
a contact +49800 +50400 2061 2024 1000
a contact +49800 +50400 2062 2032 1000
a contact +49800 +50400 2063 2030 1000
a contact +49800 +50400 2064 2022 1000
a contact +49800 +50400 9001 9004 1000
a contact +49800 +50400 9002 9005 1000
a contact +49800 +50400 9003 2021 1000
a contact +49800 +50400 9004 9001 1000
a contact +49800 +50400 9005 9002 1000
a contact +49800 +50400 9006 2033 1000
a contact +49800 +50400 9007 9010 1000
a contact +49800 +50400 9008 9011 1000
a contact +49800 +50400 9009 2047 1000
a contact +49800 +50400 9010 9007 1000
a contact +49800 +50400 9011 9008 1000
a contact +49800 +50400 9012 2048 1000
a contact +50400 +51000 2001 2021 1000
a contact +50400 +51000 2002 2034 1000
a contact +50400 +51000 2003 2033 1000
a contact +50400 +51000 2004 2043 1000
a contact +50400 +51000 2005 2012 1000
a contact +50400 +51000 2006 2017 1000
a contact +50400 +51000 2007 2060 1000
a contact +50400 +51000 2008 2053 1000
a contact +50400 +51000 2009 2046 1000
a contact +50400 +51000 2010 2027 1000
a contact +50400 +51000 2011 2059 1000
a contact +50400 +51000 2012 2005 1000
a contact +50400 +51000 2013 2050 1000
a contact +50400 +51000 2014 2052 1000
a contact +50400 +51000 2015 2022 1000
a contact +50400 +51000 2016 2057 1000
a contact +50400 +51000 2017 2006 1000
a contact +50400 +51000 2018 2055 1000
a contact +50400 +51000 2019 2058 1000
a contact +50400 +51000 2020 2051 1000
a contact +50400 +51000 2021 2001 1000
a contact +50400 +51000 2022 2015 1000
a contact +50400 +51000 2023 2035 1000
a contact +50400 +51000 2024 2054 1000
a contact +50400 +51000 2025 2063 1000
a contact +50400 +51000 2026 2036 1000
a contact +50400 +51000 2027 2010 1000
a contact +50400 +51000 2028 2049 1000
a contact +50400 +51000 2029 2056 1000
a contact +50400 +51000 2030 2040 1000
a contact +50400 +51000 2031 2048 1000
a contact +50400 +51000 2032 2045 1000
a contact +50400 +51000 2033 2003 1000
a contact +50400 +51000 2034 2002 1000
a contact +50400 +51000 2035 2023 1000
a contact +50400 +51000 2036 2026 1000
a contact +50400 +51000 2037 2062 1000
a contact +50400 +51000 2038 2042 1000
a contact +50400 +51000 2039 2061 1000
a contact +50400 +51000 2040 2030 1000
a contact +50400 +51000 2041 9012 1000
a contact +50400 +51000 2042 2038 1000
a contact +50400 +51000 2043 2004 1000
a contact +50400 +51000 2044 9009 1000
a contact +50400 +51000 2045 2032 1000
a contact +50400 +51000 2046 2009 1000
a contact +50400 +51000 2047 9003 1000
a contact +50400 +51000 2048 2031 1000
a contact +50400 +51000 2049 2028 1000
a contact +50400 +51000 2050 2013 1000
a contact +50400 +51000 2051 2020 1000
a contact +50400 +51000 2052 2014 1000
a contact +50400 +51000 2053 2008 1000
a contact +50400 +51000 2054 2024 1000
a contact +50400 +51000 2055 2018 1000
a contact +50400 +51000 2056 2029 1000
a contact +50400 +51000 2057 2016 1000
a contact +50400 +51000 2058 2019 1000
a contact +50400 +51000 2059 2011 1000
a contact +50400 +51000 2060 2007 1000
a contact +50400 +51000 2061 2039 1000
a contact +50400 +51000 2062 2037 1000
a contact +50400 +51000 2063 2025 1000
a contact +50400 +51000 2064 9006 1000
a contact +50400 +51000 9001 9007 1000
a contact +50400 +51000 9002 9008 1000
a contact +50400 +51000 9003 2047 1000
a contact +50400 +51000 9004 9010 1000
a contact +50400 +51000 9005 9011 1000
a contact +50400 +51000 9006 2064 1000
a contact +50400 +51000 9007 9001 1000
a contact +50400 +51000 9008 9002 1000
a contact +50400 +51000 9009 2044 1000
a contact +50400 +51000 9010 9004 1000
a contact +50400 +51000 9011 9005 1000
a contact +50400 +51000 9012 2041 1000
a contact +51000 +51600 2001 2028 1000
a contact +51000 +51600 2002 2033 1000
a contact +51000 +51600 2003 2027 1000
a contact +51000 +51600 2004 9009 1000
a contact +51000 +51600 2005 2009 1000
a contact +51000 +51600 2006 2018 1000
a contact +51000 +51600 2007 2026 1000
a contact +51000 +51600 2008 2058 1000
a contact +51000 +51600 2009 2005 1000
a contact +51000 +51600 2010 2060 1000
a contact +51000 +51600 2011 2057 1000
a contact +51000 +51600 2012 2055 1000
a contact +51000 +51600 2013 2049 1000
a contact +51000 +51600 2014 2053 1000
a contact +51000 +51600 2015 2061 1000
a contact +51000 +51600 2016 2054 1000
a contact +51000 +51600 2017 2046 1000
a contact +51000 +51600 2018 2006 1000
a contact +51000 +51600 2019 2059 1000
a contact +51000 +51600 2020 2052 1000
a contact +51000 +51600 2021 2063 1000
a contact +51000 +51600 2022 2062 1000
a contact +51000 +51600 2023 2056 1000
a contact +51000 +51600 2024 2045 1000
a contact +51000 +51600 2025 2048 1000
a contact +51000 +51600 2026 2007 1000
a contact +51000 +51600 2027 2003 1000
a contact +51000 +51600 2028 2001 1000
a contact +51000 +51600 2029 2051 1000
a contact +51000 +51600 2030 2050 1000
a contact +51000 +51600 2031 2044 1000
a contact +51000 +51600 2032 2043 1000
a contact +51000 +51600 2033 2002 1000
a contact +51000 +51600 2034 2042 1000
a contact +51000 +51600 2035 2041 1000
a contact +51000 +51600 2036 2038 1000
a contact +51000 +51600 2037 2039 1000
a contact +51000 +51600 2038 2036 1000
a contact +51000 +51600 2039 2037 1000
a contact +51000 +51600 2040 9006 1000
a contact +51000 +51600 2041 2035 1000
a contact +51000 +51600 2042 2034 1000
a contact +51000 +51600 2043 2032 1000
a contact +51000 +51600 2044 2031 1000
a contact +51000 +51600 2045 2024 1000
a contact +51000 +51600 2046 2017 1000
a contact +51000 +51600 2047 9012 1000
a contact +51000 +51600 2048 2025 1000
a contact +51000 +51600 2049 2013 1000
a contact +51000 +51600 2050 2030 1000
a contact +51000 +51600 2051 2029 1000
a contact +51000 +51600 2052 2020 1000
a contact +51000 +51600 2053 2014 1000
a contact +51000 +51600 2054 2016 1000
a contact +51000 +51600 2055 2012 1000
a contact +51000 +51600 2056 2023 1000
a contact +51000 +51600 2057 2011 1000
a contact +51000 +51600 2058 2008 1000
a contact +51000 +51600 2059 2019 1000
a contact +51000 +51600 2060 2010 1000
a contact +51000 +51600 2061 2015 1000
a contact +51000 +51600 2062 2022 1000
a contact +51000 +51600 2063 2021 1000
a contact +51000 +51600 2064 9003 1000
a contact +51000 +51600 9001 9010 1000
a contact +51000 +51600 9002 9011 1000
a contact +51000 +51600 9003 2064 1000
a contact +51000 +51600 9004 9007 1000
a contact +51000 +51600 9005 9008 1000
a contact +51000 +51600 9006 2040 1000
a contact +51000 +51600 9007 9004 1000
a contact +51000 +51600 9008 9005 1000
a contact +51000 +51600 9009 2004 1000
a contact +51000 +51600 9010 9001 1000
a contact +51000 +51600 9011 9002 1000
a contact +51000 +51600 9012 2047 1000
a contact +51600 +52200 2001 2027 1000
a contact +51600 +52200 2002 9003 1000
a contact +51600 +52200 2003 2040 1000
a contact +51600 +52200 2004 9006 1000
a contact +51600 +52200 2005 2013 1000
a contact +51600 +52200 2006 2019 1000
a contact +51600 +52200 2007 2046 1000
a contact +51600 +52200 2008 9009 1000
a contact +51600 +52200 2009 2033 1000
a contact +51600 +52200 2010 2026 1000
a contact +51600 +52200 2011 2058 1000
a contact +51600 +52200 2012 2053 1000
a contact +51600 +52200 2013 2005 1000
a contact +51600 +52200 2014 2060 1000
a contact +51600 +52200 2015 2054 1000
a contact +51600 +52200 2016 2050 1000
a contact +51600 +52200 2017 2059 1000
a contact +51600 +52200 2018 2048 1000
a contact +51600 +52200 2019 2006 1000
a contact +51600 +52200 2020 2047 1000
a contact +51600 +52200 2021 2057 1000
a contact +51600 +52200 2022 2063 1000
a contact +51600 +52200 2023 2061 1000
a contact +51600 +52200 2024 2055 1000
a contact +51600 +52200 2025 2051 1000
a contact +51600 +52200 2026 2010 1000
a contact +51600 +52200 2027 2001 1000
a contact +51600 +52200 2028 2056 1000
a contact +51600 +52200 2029 2049 1000
a contact +51600 +52200 2030 2062 1000
a contact +51600 +52200 2031 2045 1000
a contact +51600 +52200 2032 2044 1000
a contact +51600 +52200 2033 2009 1000
a contact +51600 +52200 2034 2052 1000
a contact +51600 +52200 2035 2042 1000
a contact +51600 +52200 2036 2043 1000
a contact +51600 +52200 2037 2041 1000
a contact +51600 +52200 2038 9012 1000
a contact +51600 +52200 2039 2064 1000
a contact +51600 +52200 2040 2003 1000
a contact +51600 +52200 2041 2037 1000
a contact +51600 +52200 2042 2035 1000
a contact +51600 +52200 2043 2036 1000
a contact +51600 +52200 2044 2032 1000
a contact +51600 +52200 2045 2031 1000
a contact +51600 +52200 2046 2007 1000
a contact +51600 +52200 2047 2020 1000
a contact +51600 +52200 2048 2018 1000
a contact +51600 +52200 2049 2029 1000
a contact +51600 +52200 2050 2016 1000
a contact +51600 +52200 2051 2025 1000
a contact +51600 +52200 2052 2034 1000
a contact +51600 +52200 2053 2012 1000
a contact +51600 +52200 2054 2015 1000
a contact +51600 +52200 2055 2024 1000
a contact +51600 +52200 2056 2028 1000
a contact +51600 +52200 2057 2021 1000
a contact +51600 +52200 2058 2011 1000
a contact +51600 +52200 2059 2017 1000
a contact +51600 +52200 2060 2014 1000
a contact +51600 +52200 2061 2023 1000
a contact +51600 +52200 2062 2030 1000
a contact +51600 +52200 2063 2022 1000
a contact +51600 +52200 2064 2039 1000
a contact +51600 +52200 9001 9004 1000
a contact +51600 +52200 9002 9005 1000
a contact +51600 +52200 9003 2002 1000
a contact +51600 +52200 9004 9001 1000
a contact +51600 +52200 9005 9002 1000
a contact +51600 +52200 9006 2004 1000
a contact +51600 +52200 9007 9010 1000
a contact +51600 +52200 9008 9011 1000
a contact +51600 +52200 9009 2008 1000
a contact +51600 +52200 9010 9007 1000
a contact +51600 +52200 9011 9008 1000
a contact +51600 +52200 9012 2038 1000
a contact +52200 +52800 2001 2030 1000
a contact +52200 +52800 2002 2010 1000
a contact +52200 +52800 2003 2059 1000
a contact +52200 +52800 2004 9004 1000
a contact +52200 +52800 2005 2016 1000
a contact +52200 +52800 2006 2021 1000
a contact +52200 +52800 2007 2040 1000
a contact +52200 +52800 2008 2052 1000
a contact +52200 +52800 2009 2062 1000
a contact +52200 +52800 2010 2002 1000
a contact +52200 +52800 2011 9007 1000
a contact +52200 +52800 2012 2050 1000
a contact +52200 +52800 2013 2048 1000
a contact +52200 +52800 2014 2047 1000
a contact +52200 +52800 2015 2060 1000
a contact +52200 +52800 2016 2005 1000
a contact +52200 +52800 2017 2049 1000
a contact +52200 +52800 2018 2029 1000
a contact +52200 +52800 2019 2055 1000
a contact +52200 +52800 2020 2058 1000
a contact +52200 +52800 2021 2006 1000
a contact +52200 +52800 2022 2025 1000
a contact +52200 +52800 2023 2057 1000
a contact +52200 +52800 2024 2053 1000
a contact +52200 +52800 2025 2022 1000
a contact +52200 +52800 2026 9010 1000
a contact +52200 +52800 2027 2051 1000
a contact +52200 +52800 2028 2063 1000
a contact +52200 +52800 2029 2018 1000
a contact +52200 +52800 2030 2001 1000
a contact +52200 +52800 2031 2054 1000
a contact +52200 +52800 2032 2038 1000
a contact +52200 +52800 2033 2056 1000
a contact +52200 +52800 2034 2064 1000
a contact +52200 +52800 2035 9009 1000
a contact +52200 +52800 2036 2042 1000
a contact +52200 +52800 2037 2044 1000
a contact +52200 +52800 2038 2032 1000
a contact +52200 +52800 2039 9001 1000
a contact +52200 +52800 2040 2007 1000
a contact +52200 +52800 2041 2043 1000
a contact +52200 +52800 2042 2036 1000
a contact +52200 +52800 2043 2041 1000
a contact +52200 +52800 2044 2037 1000
a contact +52200 +52800 2045 9012 1000
a contact +52200 +52800 2046 9003 1000
a contact +52200 +52800 2047 2014 1000
a contact +52200 +52800 2048 2013 1000
a contact +52200 +52800 2049 2017 1000
a contact +52200 +52800 2050 2012 1000
a contact +52200 +52800 2051 2027 1000
a contact +52200 +52800 2052 2008 1000
a contact +52200 +52800 2053 2024 1000
a contact +52200 +52800 2054 2031 1000
a contact +52200 +52800 2055 2019 1000
a contact +52200 +52800 2056 2033 1000
a contact +52200 +52800 2057 2023 1000
a contact +52200 +52800 2058 2020 1000
a contact +52200 +52800 2059 2003 1000
a contact +52200 +52800 2060 2015 1000
a contact +52200 +52800 2061 9006 1000
a contact +52200 +52800 2062 2009 1000
a contact +52200 +52800 2063 2028 1000
a contact +52200 +52800 2064 2034 1000
a contact +52200 +52800 9001 2039 1000
a contact +52200 +52800 9002 9008 1000
a contact +52200 +52800 9003 2046 1000
a contact +52200 +52800 9004 2004 1000
a contact +52200 +52800 9005 9011 1000
a contact +52200 +52800 9006 2061 1000
a contact +52200 +52800 9007 2011 1000
a contact +52200 +52800 9008 9002 1000
a contact +52200 +52800 9009 2035 1000
a contact +52200 +52800 9010 2026 1000
a contact +52200 +52800 9011 9005 1000
a contact +52200 +52800 9012 2045 1000
a contact +52800 +53400 2001 2026 1000
a contact +52800 +53400 2002 9006 1000
a contact +52800 +53400 2003 2058 1000
a contact +52800 +53400 2004 9001 1000
a contact +52800 +53400 2005 2018 1000
a contact +52800 +53400 2006 2022 1000
a contact +52800 +53400 2007 2057 1000
a contact +52800 +53400 2008 2048 1000
a contact +52800 +53400 2009 2040 1000
a contact +52800 +53400 2010 2017 1000
a contact +52800 +53400 2011 2036 1000
a contact +52800 +53400 2012 2049 1000
a contact +52800 +53400 2013 2052 1000
a contact +52800 +53400 2014 2021 1000
a contact +52800 +53400 2015 2050 1000
a contact +52800 +53400 2016 2060 1000
a contact +52800 +53400 2017 2010 1000
a contact +52800 +53400 2018 2005 1000
a contact +52800 +53400 2019 2054 1000
a contact +52800 +53400 2020 2059 1000
a contact +52800 +53400 2021 2014 1000
a contact +52800 +53400 2022 2006 1000
a contact +52800 +53400 2023 2047 1000
a contact +52800 +53400 2024 2046 1000
a contact +52800 +53400 2025 2035 1000
a contact +52800 +53400 2026 2001 1000
a contact +52800 +53400 2027 2053 1000
a contact +52800 +53400 2028 2064 1000
a contact +52800 +53400 2029 2039 1000
a contact +52800 +53400 2030 2055 1000
a contact +52800 +53400 2031 2042 1000
a contact +52800 +53400 2032 9003 1000
a contact +52800 +53400 2033 2062 1000
a contact +52800 +53400 2034 2056 1000
a contact +52800 +53400 2035 2025 1000
a contact +52800 +53400 2036 2011 1000
a contact +52800 +53400 2037 2043 1000
a contact +52800 +53400 2038 9010 1000
a contact +52800 +53400 2039 2029 1000
a contact +52800 +53400 2040 2009 1000
a contact +52800 +53400 2041 2051 1000
a contact +52800 +53400 2042 2031 1000
a contact +52800 +53400 2043 2037 1000
a contact +52800 +53400 2044 9007 1000
a contact +52800 +53400 2045 9004 1000
a contact +52800 +53400 2046 2024 1000
a contact +52800 +53400 2047 2023 1000
a contact +52800 +53400 2048 2008 1000
a contact +52800 +53400 2049 2012 1000
a contact +52800 +53400 2050 2015 1000
a contact +52800 +53400 2051 2041 1000
a contact +52800 +53400 2052 2013 1000
a contact +52800 +53400 2053 2027 1000
a contact +52800 +53400 2054 2019 1000
a contact +52800 +53400 2055 2030 1000
a contact +52800 +53400 2056 2034 1000
a contact +52800 +53400 2057 2007 1000
a contact +52800 +53400 2058 2003 1000
a contact +52800 +53400 2059 2020 1000
a contact +52800 +53400 2060 2016 1000
a contact +52800 +53400 2061 9009 1000
a contact +52800 +53400 2062 2033 1000
a contact +52800 +53400 2063 9012 1000
a contact +52800 +53400 2064 2028 1000
a contact +52800 +53400 9001 2004 1000
a contact +52800 +53400 9002 9011 1000
a contact +52800 +53400 9003 2032 1000
a contact +52800 +53400 9004 2045 1000
a contact +52800 +53400 9005 9008 1000
a contact +52800 +53400 9006 2002 1000
a contact +52800 +53400 9007 2044 1000
a contact +52800 +53400 9008 9005 1000
a contact +52800 +53400 9009 2061 1000
a contact +52800 +53400 9010 2038 1000
a contact +52800 +53400 9011 9002 1000
a contact +52800 +53400 9012 2063 1000
a contact +53400 +54000 2001 2029 1000
a contact +53400 +54000 2002 9007 1000
a contact +53400 +54000 2003 9004 1000
a contact +53400 +54000 2004 2039 1000
a contact +53400 +54000 2005 2038 1000
a contact +53400 +54000 2006 2023 1000
a contact +53400 +54000 2007 2056 1000
a contact +53400 +54000 2008 2010 1000
a contact +53400 +54000 2009 2059 1000
a contact +53400 +54000 2010 2008 1000
a contact +53400 +54000 2011 9001 1000
a contact +53400 +54000 2012 2052 1000
a contact +53400 +54000 2013 2051 1000
a contact +53400 +54000 2014 2048 1000
a contact +53400 +54000 2015 2058 1000
a contact +53400 +54000 2016 2053 1000
a contact +53400 +54000 2017 2060 1000
a contact +53400 +54000 2018 2046 1000
a contact +53400 +54000 2019 2042 1000
a contact +53400 +54000 2020 2041 1000
a contact +53400 +54000 2021 2062 1000
a contact +53400 +54000 2022 2057 1000
a contact +53400 +54000 2023 2006 1000
a contact +53400 +54000 2024 2043 1000
a contact +53400 +54000 2025 2054 1000
a contact +53400 +54000 2026 2040 1000
a contact +53400 +54000 2027 2033 1000
a contact +53400 +54000 2028 2050 1000
a contact +53400 +54000 2029 2001 1000
a contact +53400 +54000 2030 2049 1000
a contact +53400 +54000 2031 2063 1000
a contact +53400 +54000 2032 9009 1000
a contact +53400 +54000 2033 2027 1000
a contact +53400 +54000 2034 9010 1000
a contact +53400 +54000 2035 2055 1000
a contact +53400 +54000 2036 2047 1000
a contact +53400 +54000 2037 9012 1000
a contact +53400 +54000 2038 2005 1000
a contact +53400 +54000 2039 2004 1000
a contact +53400 +54000 2040 2026 1000
a contact +53400 +54000 2041 2020 1000
a contact +53400 +54000 2042 2019 1000
a contact +53400 +54000 2043 2024 1000
a contact +53400 +54000 2044 9006 1000
a contact +53400 +54000 2045 2064 1000
a contact +53400 +54000 2046 2018 1000
a contact +53400 +54000 2047 2036 1000
a contact +53400 +54000 2048 2014 1000
a contact +53400 +54000 2049 2030 1000
a contact +53400 +54000 2050 2028 1000
a contact +53400 +54000 2051 2013 1000
a contact +53400 +54000 2052 2012 1000
a contact +53400 +54000 2053 2016 1000
a contact +53400 +54000 2054 2025 1000
a contact +53400 +54000 2055 2035 1000
a contact +53400 +54000 2056 2007 1000
a contact +53400 +54000 2057 2022 1000
a contact +53400 +54000 2058 2015 1000
a contact +53400 +54000 2059 2009 1000
a contact +53400 +54000 2060 2017 1000
a contact +53400 +54000 2061 9003 1000
a contact +53400 +54000 2062 2021 1000
a contact +53400 +54000 2063 2031 1000
a contact +53400 +54000 2064 2045 1000
a contact +53400 +54000 9001 2011 1000
a contact +53400 +54000 9002 9005 1000
a contact +53400 +54000 9003 2061 1000
a contact +53400 +54000 9004 2003 1000
a contact +53400 +54000 9005 9002 1000
a contact +53400 +54000 9006 2044 1000
a contact +53400 +54000 9007 2002 1000
a contact +53400 +54000 9008 9011 1000
a contact +53400 +54000 9009 2032 1000
a contact +53400 +54000 9010 2034 1000
a contact +53400 +54000 9011 9008 1000
a contact +53400 +54000 9012 2037 1000
a contact +54000 +54600 2001 2033 1000
a contact +54000 +54600 2002 2063 1000
a contact +54000 +54600 2003 2038 1000
a contact +54000 +54600 2004 2032 1000
a contact +54000 +54600 2005 2017 1000
a contact +54000 +54600 2006 2024 1000
a contact +54000 +54600 2007 2039 1000
a contact +54000 +54600 2008 2059 1000
a contact +54000 +54600 2009 2064 1000
a contact +54000 +54600 2010 2022 1000
a contact +54000 +54600 2011 9004 1000
a contact +54000 +54600 2012 2043 1000
a contact +54000 +54600 2013 2047 1000
a contact +54000 +54600 2014 2046 1000
a contact +54000 +54600 2015 2052 1000
a contact +54000 +54600 2016 2056 1000
a contact +54000 +54600 2017 2005 1000
a contact +54000 +54600 2018 2060 1000
a contact +54000 +54600 2019 2053 1000
a contact +54000 +54600 2020 9001 1000
a contact +54000 +54600 2021 2058 1000
a contact +54000 +54600 2022 2010 1000
a contact +54000 +54600 2023 9007 1000
a contact +54000 +54600 2024 2006 1000
a contact +54000 +54600 2025 2042 1000
a contact +54000 +54600 2026 2051 1000
a contact +54000 +54600 2027 2057 1000
a contact +54000 +54600 2028 2034 1000
a contact +54000 +54600 2029 2050 1000
a contact +54000 +54600 2030 2054 1000
a contact +54000 +54600 2031 9012 1000
a contact +54000 +54600 2032 2004 1000
a contact +54000 +54600 2033 2001 1000
a contact +54000 +54600 2034 2028 1000
a contact +54000 +54600 2035 2049 1000
a contact +54000 +54600 2036 2048 1000
a contact +54000 +54600 2037 9006 1000
a contact +54000 +54600 2038 2003 1000
a contact +54000 +54600 2039 2007 1000
a contact +54000 +54600 2040 2041 1000
a contact +54000 +54600 2041 2040 1000
a contact +54000 +54600 2042 2025 1000
a contact +54000 +54600 2043 2012 1000
a contact +54000 +54600 2044 9003 1000
a contact +54000 +54600 2045 9010 1000
a contact +54000 +54600 2046 2014 1000
a contact +54000 +54600 2047 2013 1000
a contact +54000 +54600 2048 2036 1000
a contact +54000 +54600 2049 2035 1000
a contact +54000 +54600 2050 2029 1000
a contact +54000 +54600 2051 2026 1000
a contact +54000 +54600 2052 2015 1000
a contact +54000 +54600 2053 2019 1000
a contact +54000 +54600 2054 2030 1000
a contact +54000 +54600 2055 9009 1000
a contact +54000 +54600 2056 2016 1000
a contact +54000 +54600 2057 2027 1000
a contact +54000 +54600 2058 2021 1000
a contact +54000 +54600 2059 2008 1000
a contact +54000 +54600 2060 2018 1000
a contact +54000 +54600 2061 2062 1000
a contact +54000 +54600 2062 2061 1000
a contact +54000 +54600 2063 2002 1000
a contact +54000 +54600 2064 2009 1000
a contact +54000 +54600 9001 2020 1000
a contact +54000 +54600 9002 9008 1000
a contact +54000 +54600 9003 2044 1000
a contact +54000 +54600 9004 2011 1000
a contact +54000 +54600 9005 9011 1000
a contact +54000 +54600 9006 2037 1000
a contact +54000 +54600 9007 2023 1000
a contact +54000 +54600 9008 9002 1000
a contact +54000 +54600 9009 2055 1000
a contact +54000 +54600 9010 2045 1000
a contact +54000 +54600 9011 9005 1000
a contact +54000 +54600 9012 2031 1000
a contact +54600 +55200 2001 2034 1000
a contact +54600 +55200 2002 2058 1000
a contact +54600 +55200 2003 2044 1000
a contact +54600 +55200 2004 2038 1000
a contact +54600 +55200 2005 2037 1000
a contact +54600 +55200 2006 2025 1000
a contact +54600 +55200 2007 2064 1000
a contact +54600 +55200 2008 2047 1000
a contact +54600 +55200 2009 2024 1000
a contact +54600 +55200 2010 2030 1000
a contact +54600 +55200 2011 9010 1000
a contact +54600 +55200 2012 2039 1000
a contact +54600 +55200 2013 2042 1000
a contact +54600 +55200 2014 2041 1000
a contact +54600 +55200 2015 2049 1000
a contact +54600 +55200 2016 2048 1000
a contact +54600 +55200 2017 2028 1000
a contact +54600 +55200 2018 2045 1000
a contact +54600 +55200 2019 2060 1000
a contact +54600 +55200 2020 2046 1000
a contact +54600 +55200 2021 2032 1000
a contact +54600 +55200 2022 2056 1000
a contact +54600 +55200 2023 9001 1000
a contact +54600 +55200 2024 2009 1000
a contact +54600 +55200 2025 2006 1000
a contact +54600 +55200 2026 2059 1000
a contact +54600 +55200 2027 2063 1000
a contact +54600 +55200 2028 2017 1000
a contact +54600 +55200 2029 2053 1000
a contact +54600 +55200 2030 2010 1000
a contact +54600 +55200 2031 9006 1000
a contact +54600 +55200 2032 2021 1000
a contact +54600 +55200 2033 2057 1000
a contact +54600 +55200 2034 2001 1000
a contact +54600 +55200 2035 2051 1000
a contact +54600 +55200 2036 2052 1000
a contact +54600 +55200 2037 2005 1000
a contact +54600 +55200 2038 2004 1000
a contact +54600 +55200 2039 2012 1000
a contact +54600 +55200 2040 2050 1000
a contact +54600 +55200 2041 2014 1000
a contact +54600 +55200 2042 2013 1000
a contact +54600 +55200 2043 9009 1000
a contact +54600 +55200 2044 2003 1000
a contact +54600 +55200 2045 2018 1000
a contact +54600 +55200 2046 2020 1000
a contact +54600 +55200 2047 2008 1000
a contact +54600 +55200 2048 2016 1000
a contact +54600 +55200 2049 2015 1000
a contact +54600 +55200 2050 2040 1000
a contact +54600 +55200 2051 2035 1000
a contact +54600 +55200 2052 2036 1000
a contact +54600 +55200 2053 2029 1000
a contact +54600 +55200 2054 9007 1000
a contact +54600 +55200 2055 9004 1000
a contact +54600 +55200 2056 2022 1000
a contact +54600 +55200 2057 2033 1000
a contact +54600 +55200 2058 2002 1000
a contact +54600 +55200 2059 2026 1000
a contact +54600 +55200 2060 2019 1000
a contact +54600 +55200 2061 9012 1000
a contact +54600 +55200 2062 9003 1000
a contact +54600 +55200 2063 2027 1000
a contact +54600 +55200 2064 2007 1000
a contact +54600 +55200 9001 2023 1000
a contact +54600 +55200 9002 9011 1000
a contact +54600 +55200 9003 2062 1000
a contact +54600 +55200 9004 2055 1000
a contact +54600 +55200 9005 9008 1000
a contact +54600 +55200 9006 2031 1000
a contact +54600 +55200 9007 2054 1000
a contact +54600 +55200 9008 9005 1000
a contact +54600 +55200 9009 2043 1000
a contact +54600 +55200 9010 2011 1000
a contact +54600 +55200 9011 9002 1000
a contact +54600 +55200 9012 2061 1000
a contact +55200 +55800 2001 2032 1000
a contact +55200 +55800 2002 2061 1000
a contact +55200 +55800 2003 2037 1000
a contact +55200 +55800 2004 2044 1000
a contact +55200 +55800 2005 2021 1000
a contact +55200 +55800 2006 2028 1000
a contact +55200 +55800 2007 2058 1000
a contact +55200 +55800 2008 2011 1000
a contact +55200 +55800 2009 2038 1000
a contact +55200 +55800 2010 2024 1000
a contact +55200 +55800 2011 2008 1000
a contact +55200 +55800 2012 2051 1000
a contact +55200 +55800 2013 2020 1000
a contact +55200 +55800 2014 2042 1000
a contact +55200 +55800 2015 2048 1000
a contact +55200 +55800 2016 2047 1000
a contact +55200 +55800 2017 2041 1000
a contact +55200 +55800 2018 2049 1000
a contact +55200 +55800 2019 2040 1000
a contact +55200 +55800 2020 2013 1000
a contact +55200 +55800 2021 2005 1000
a contact +55200 +55800 2022 9010 1000
a contact +55200 +55800 2023 9006 1000
a contact +55200 +55800 2024 2010 1000
a contact +55200 +55800 2025 2060 1000
a contact +55200 +55800 2026 2053 1000
a contact +55200 +55800 2027 2064 1000
a contact +55200 +55800 2028 2006 1000
a contact +55200 +55800 2029 2063 1000
a contact +55200 +55800 2030 9007 1000
a contact +55200 +55800 2031 9009 1000
a contact +55200 +55800 2032 2001 1000
a contact +55200 +55800 2033 2059 1000
a contact +55200 +55800 2034 2057 1000
a contact +55200 +55800 2035 2056 1000
a contact +55200 +55800 2036 2050 1000
a contact +55200 +55800 2037 2003 1000
a contact +55200 +55800 2038 2009 1000
a contact +55200 +55800 2039 2052 1000
a contact +55200 +55800 2040 2019 1000
a contact +55200 +55800 2041 2017 1000
a contact +55200 +55800 2042 2014 1000
a contact +55200 +55800 2043 9004 1000
a contact +55200 +55800 2044 2004 1000
a contact +55200 +55800 2045 2046 1000
a contact +55200 +55800 2046 2045 1000
a contact +55200 +55800 2047 2016 1000
a contact +55200 +55800 2048 2015 1000
a contact +55200 +55800 2049 2018 1000
a contact +55200 +55800 2050 2036 1000
a contact +55200 +55800 2051 2012 1000
a contact +55200 +55800 2052 2039 1000
a contact +55200 +55800 2053 2026 1000
a contact +55200 +55800 2054 9003 1000
a contact +55200 +55800 2055 9012 1000
a contact +55200 +55800 2056 2035 1000
a contact +55200 +55800 2057 2034 1000
a contact +55200 +55800 2058 2007 1000
a contact +55200 +55800 2059 2033 1000
a contact +55200 +55800 2060 2025 1000
a contact +55200 +55800 2061 2002 1000
a contact +55200 +55800 2062 9001 1000
a contact +55200 +55800 2063 2029 1000
a contact +55200 +55800 2064 2027 1000
a contact +55200 +55800 9001 2062 1000
a contact +55200 +55800 9002 9005 1000
a contact +55200 +55800 9003 2054 1000
a contact +55200 +55800 9004 2043 1000
a contact +55200 +55800 9005 9002 1000
a contact +55200 +55800 9006 2023 1000
a contact +55200 +55800 9007 2030 1000
a contact +55200 +55800 9008 9011 1000
a contact +55200 +55800 9009 2031 1000
a contact +55200 +55800 9010 2022 1000
a contact +55200 +55800 9011 9008 1000
a contact +55200 +55800 9012 2055 1000
a contact +55800 +56400 2001 2035 1000
a contact +55800 +56400 2002 2044 1000
a contact +55800 +56400 2003 2022 1000
a contact +55800 +56400 2004 2061 1000
a contact +55800 +56400 2005 2024 1000
a contact +55800 +56400 2006 2020 1000
a contact +55800 +56400 2007 2037 1000
a contact +55800 +56400 2008 2046 1000
a contact +55800 +56400 2009 2058 1000
a contact +55800 +56400 2010 2011 1000
a contact +55800 +56400 2011 2010 1000
a contact +55800 +56400 2012 2038 1000
a contact +55800 +56400 2013 2019 1000
a contact +55800 +56400 2014 2045 1000
a contact +55800 +56400 2015 2047 1000
a contact +55800 +56400 2016 2031 1000
a contact +55800 +56400 2017 2018 1000
a contact +55800 +56400 2018 2017 1000
a contact +55800 +56400 2019 2013 1000
a contact +55800 +56400 2020 2006 1000
a contact +55800 +56400 2021 2064 1000
a contact +55800 +56400 2022 2003 1000
a contact +55800 +56400 2023 9004 1000
a contact +55800 +56400 2024 2005 1000
a contact +55800 +56400 2025 2059 1000
a contact +55800 +56400 2026 2060 1000
a contact +55800 +56400 2027 2056 1000
a contact +55800 +56400 2028 2057 1000
a contact +55800 +56400 2029 2048 1000
a contact +55800 +56400 2030 9010 1000
a contact +55800 +56400 2031 2016 1000
a contact +55800 +56400 2032 2053 1000
a contact +55800 +56400 2033 2063 1000
a contact +55800 +56400 2034 2051 1000
a contact +55800 +56400 2035 2001 1000
a contact +55800 +56400 2036 9006 1000
a contact +55800 +56400 2037 2007 1000
a contact +55800 +56400 2038 2012 1000
a contact +55800 +56400 2039 2050 1000
a contact +55800 +56400 2040 2052 1000
a contact +55800 +56400 2041 2049 1000
a contact +55800 +56400 2042 9003 1000
a contact +55800 +56400 2043 9012 1000
a contact +55800 +56400 2044 2002 1000
a contact +55800 +56400 2045 2014 1000
a contact +55800 +56400 2046 2008 1000
a contact +55800 +56400 2047 2015 1000
a contact +55800 +56400 2048 2029 1000
a contact +55800 +56400 2049 2041 1000
a contact +55800 +56400 2050 2039 1000
a contact +55800 +56400 2051 2034 1000
a contact +55800 +56400 2052 2040 1000
a contact +55800 +56400 2053 2032 1000
a contact +55800 +56400 2054 9009 1000
a contact +55800 +56400 2055 9001 1000
a contact +55800 +56400 2056 2027 1000
a contact +55800 +56400 2057 2028 1000
a contact +55800 +56400 2058 2009 1000
a contact +55800 +56400 2059 2025 1000
a contact +55800 +56400 2060 2026 1000
a contact +55800 +56400 2061 2004 1000
a contact +55800 +56400 2062 9007 1000
a contact +55800 +56400 2063 2033 1000
a contact +55800 +56400 2064 2021 1000
a contact +55800 +56400 9001 2055 1000
a contact +55800 +56400 9002 9008 1000
a contact +55800 +56400 9003 2042 1000
a contact +55800 +56400 9004 2023 1000
a contact +55800 +56400 9005 9011 1000
a contact +55800 +56400 9006 2036 1000
a contact +55800 +56400 9007 2062 1000
a contact +55800 +56400 9008 9002 1000
a contact +55800 +56400 9009 2054 1000
a contact +55800 +56400 9010 2030 1000
a contact +55800 +56400 9011 9005 1000
a contact +55800 +56400 9012 2043 1000
a contact +56400 +57000 2001 2038 1000
a contact +56400 +57000 2002 2055 1000
a contact +56400 +57000 2003 2061 1000
a contact +56400 +57000 2004 2031 1000
a contact +56400 +57000 2005 2020 1000
a contact +56400 +57000 2006 2027 1000
a contact +56400 +57000 2007 2043 1000
a contact +56400 +57000 2008 2025 1000
a contact +56400 +57000 2009 2037 1000
a contact +56400 +57000 2010 2028 1000
a contact +56400 +57000 2011 2012 1000
a contact +56400 +57000 2012 2011 1000
a contact +56400 +57000 2013 2018 1000
a contact +56400 +57000 2014 2019 1000
a contact +56400 +57000 2015 2016 1000
a contact +56400 +57000 2016 2015 1000
a contact +56400 +57000 2017 2047 1000
a contact +56400 +57000 2018 2013 1000
a contact +56400 +57000 2019 2014 1000
a contact +56400 +57000 2020 2005 1000
a contact +56400 +57000 2021 2060 1000
a contact +56400 +57000 2022 9007 1000
a contact +56400 +57000 2023 9010 1000
a contact +56400 +57000 2024 2059 1000
a contact +56400 +57000 2025 2008 1000
a contact +56400 +57000 2026 2058 1000
a contact +56400 +57000 2027 2006 1000
a contact +56400 +57000 2028 2010 1000
a contact +56400 +57000 2029 9001 1000
a contact +56400 +57000 2030 9003 1000
a contact +56400 +57000 2031 2004 1000
a contact +56400 +57000 2032 2057 1000
a contact +56400 +57000 2033 2064 1000
a contact +56400 +57000 2034 2063 1000
a contact +56400 +57000 2035 2053 1000
a contact +56400 +57000 2036 9012 1000
a contact +56400 +57000 2037 2009 1000
a contact +56400 +57000 2038 2001 1000
a contact +56400 +57000 2039 2056 1000
a contact +56400 +57000 2040 2051 1000
a contact +56400 +57000 2041 2052 1000
a contact +56400 +57000 2042 9009 1000
a contact +56400 +57000 2043 2007 1000
a contact +56400 +57000 2044 2050 1000
a contact +56400 +57000 2045 2049 1000
a contact +56400 +57000 2046 2048 1000
a contact +56400 +57000 2047 2017 1000
a contact +56400 +57000 2048 2046 1000
a contact +56400 +57000 2049 2045 1000
a contact +56400 +57000 2050 2044 1000
a contact +56400 +57000 2051 2040 1000
a contact +56400 +57000 2052 2041 1000
a contact +56400 +57000 2053 2035 1000
a contact +56400 +57000 2054 9006 1000
a contact +56400 +57000 2055 2002 1000
a contact +56400 +57000 2056 2039 1000
a contact +56400 +57000 2057 2032 1000
a contact +56400 +57000 2058 2026 1000
a contact +56400 +57000 2059 2024 1000
a contact +56400 +57000 2060 2021 1000
a contact +56400 +57000 2061 2003 1000
a contact +56400 +57000 2062 9004 1000
a contact +56400 +57000 2063 2034 1000
a contact +56400 +57000 2064 2033 1000
a contact +56400 +57000 9001 2029 1000
a contact +56400 +57000 9002 9011 1000
a contact +56400 +57000 9003 2030 1000
a contact +56400 +57000 9004 2062 1000
a contact +56400 +57000 9005 9008 1000
a contact +56400 +57000 9006 2054 1000
a contact +56400 +57000 9007 2022 1000
a contact +56400 +57000 9008 9005 1000
a contact +56400 +57000 9009 2042 1000
a contact +56400 +57000 9010 2023 1000
a contact +56400 +57000 9011 9002 1000
a contact +56400 +57000 9012 2036 1000
a contact +57000 +57600 2001 2039 1000
a contact +57000 +57600 2002 2057 1000
a contact +57000 +57600 2003 2063 1000
a contact +57000 +57600 2004 2021 1000
a contact +57000 +57600 2005 2030 1000
a contact +57000 +57600 2006 2026 1000
a contact +57000 +57600 2007 2061 1000
a contact +57000 +57600 2008 2018 1000
a contact +57000 +57600 2009 2043 1000
a contact +57000 +57600 2010 2042 1000
a contact +57000 +57600 2011 2013 1000
a contact +57000 +57600 2012 2019 1000
a contact +57000 +57600 2013 2011 1000
a contact +57000 +57600 2014 2025 1000
a contact +57000 +57600 2015 2017 1000
a contact +57000 +57600 2016 2037 1000
a contact +57000 +57600 2017 2015 1000
a contact +57000 +57600 2018 2008 1000
a contact +57000 +57600 2019 2012 1000
a contact +57000 +57600 2020 2031 1000
a contact +57000 +57600 2021 2004 1000
a contact +57000 +57600 2022 9001 1000
a contact +57000 +57600 2023 9003 1000
a contact +57000 +57600 2024 2027 1000
a contact +57000 +57600 2025 2014 1000
a contact +57000 +57600 2026 2006 1000
a contact +57000 +57600 2027 2024 1000
a contact +57000 +57600 2028 2060 1000
a contact +57000 +57600 2029 9004 1000
a contact +57000 +57600 2030 2005 1000
a contact +57000 +57600 2031 2020 1000
a contact +57000 +57600 2032 2064 1000
a contact +57000 +57600 2033 2058 1000
a contact +57000 +57600 2034 2059 1000
a contact +57000 +57600 2035 2050 1000
a contact +57000 +57600 2036 9009 1000
a contact +57000 +57600 2037 2016 1000
a contact +57000 +57600 2038 2056 1000
a contact +57000 +57600 2039 2001 1000
a contact +57000 +57600 2040 2049 1000
a contact +57000 +57600 2041 2048 1000
a contact +57000 +57600 2042 2010 1000
a contact +57000 +57600 2043 2009 1000
a contact +57000 +57600 2044 2052 1000
a contact +57000 +57600 2045 2051 1000
a contact +57000 +57600 2046 2047 1000
a contact +57000 +57600 2047 2046 1000
a contact +57000 +57600 2048 2041 1000
a contact +57000 +57600 2049 2040 1000
a contact +57000 +57600 2050 2035 1000
a contact +57000 +57600 2051 2045 1000
a contact +57000 +57600 2052 2044 1000
a contact +57000 +57600 2053 9007 1000
a contact +57000 +57600 2054 9012 1000
a contact +57000 +57600 2055 9010 1000
a contact +57000 +57600 2056 2038 1000
a contact +57000 +57600 2057 2002 1000
a contact +57000 +57600 2058 2033 1000
a contact +57000 +57600 2059 2034 1000
a contact +57000 +57600 2060 2028 1000
a contact +57000 +57600 2061 2007 1000
a contact +57000 +57600 2062 9006 1000
a contact +57000 +57600 2063 2003 1000
a contact +57000 +57600 2064 2032 1000
a contact +57000 +57600 9001 2022 1000
a contact +57000 +57600 9002 9005 1000
a contact +57000 +57600 9003 2023 1000
a contact +57000 +57600 9004 2029 1000
a contact +57000 +57600 9005 9002 1000
a contact +57000 +57600 9006 2062 1000
a contact +57000 +57600 9007 2053 1000
a contact +57000 +57600 9008 9011 1000
a contact +57000 +57600 9009 2036 1000
a contact +57000 +57600 9010 2055 1000
a contact +57000 +57600 9011 9008 1000
a contact +57000 +57600 9012 2054 1000
a contact +57600 +58200 2001 2031 1000
a contact +57600 +58200 2002 2054 1000
a contact +57600 +58200 2003 2035 1000
a contact +57600 +58200 2004 2036 1000
a contact +57600 +58200 2005 2019 1000
a contact +57600 +58200 2006 2033 1000
a contact +57600 +58200 2007 2053 1000
a contact +57600 +58200 2008 2044 1000
a contact +57600 +58200 2009 2061 1000
a contact +57600 +58200 2010 2023 1000
a contact +57600 +58200 2011 2017 1000
a contact +57600 +58200 2012 2021 1000
a contact +57600 +58200 2013 2046 1000
a contact +57600 +58200 2014 2040 1000
a contact +57600 +58200 2015 2025 1000
a contact +57600 +58200 2016 2018 1000
a contact +57600 +58200 2017 2011 1000
a contact +57600 +58200 2018 2016 1000
a contact +57600 +58200 2019 2005 1000
a contact +57600 +58200 2020 2064 1000
a contact +57600 +58200 2021 2012 1000
a contact +57600 +58200 2022 9004 1000
a contact +57600 +58200 2023 2010 1000
a contact +57600 +58200 2024 2060 1000
a contact +57600 +58200 2025 2015 1000
a contact +57600 +58200 2026 2052 1000
a contact +57600 +58200 2027 2058 1000
a contact +57600 +58200 2028 9001 1000
a contact +57600 +58200 2029 9007 1000
a contact +57600 +58200 2030 9006 1000
a contact +57600 +58200 2031 2001 1000
a contact +57600 +58200 2032 2059 1000
a contact +57600 +58200 2033 2006 1000
a contact +57600 +58200 2034 2055 1000
a contact +57600 +58200 2035 2003 1000
a contact +57600 +58200 2036 2004 1000
a contact +57600 +58200 2037 2056 1000
a contact +57600 +58200 2038 2057 1000
a contact +57600 +58200 2039 2051 1000
a contact +57600 +58200 2040 2014 1000
a contact +57600 +58200 2041 9009 1000
a contact +57600 +58200 2042 9010 1000
a contact +57600 +58200 2043 2049 1000
a contact +57600 +58200 2044 2008 1000
a contact +57600 +58200 2045 2050 1000
a contact +57600 +58200 2046 2013 1000
a contact +57600 +58200 2047 2048 1000
a contact +57600 +58200 2048 2047 1000
a contact +57600 +58200 2049 2043 1000
a contact +57600 +58200 2050 2045 1000
a contact +57600 +58200 2051 2039 1000
a contact +57600 +58200 2052 2026 1000
a contact +57600 +58200 2053 2007 1000
a contact +57600 +58200 2054 2002 1000
a contact +57600 +58200 2055 2034 1000
a contact +57600 +58200 2056 2037 1000
a contact +57600 +58200 2057 2038 1000
a contact +57600 +58200 2058 2027 1000
a contact +57600 +58200 2059 2032 1000
a contact +57600 +58200 2060 2024 1000
a contact +57600 +58200 2061 2009 1000
a contact +57600 +58200 2062 9012 1000
a contact +57600 +58200 2063 9003 1000
a contact +57600 +58200 2064 2020 1000
a contact +57600 +58200 9001 2028 1000
a contact +57600 +58200 9002 9008 1000
a contact +57600 +58200 9003 2063 1000
a contact +57600 +58200 9004 2022 1000
a contact +57600 +58200 9005 9011 1000
a contact +57600 +58200 9006 2030 1000
a contact +57600 +58200 9007 2029 1000
a contact +57600 +58200 9008 9002 1000
a contact +57600 +58200 9009 2041 1000
a contact +57600 +58200 9010 2042 1000
a contact +57600 +58200 9011 9005 1000
a contact +57600 +58200 9012 2062 1000
a contact +58200 +58800 2001 2037 1000
a contact +58200 +58800 2002 2036 1000
a contact +58200 +58800 2003 9003 1000
a contact +58200 +58800 2004 2035 1000
a contact +58200 +58800 2005 2023 1000
a contact +58200 +58800 2006 2030 1000
a contact +58200 +58800 2007 2054 1000
a contact +58200 +58800 2008 2017 1000
a contact +58200 +58800 2009 2053 1000
a contact +58200 +58800 2010 9007 1000
a contact +58200 +58800 2011 2022 1000
a contact +58200 +58800 2012 2042 1000
a contact +58200 +58800 2013 2027 1000
a contact +58200 +58800 2014 2018 1000
a contact +58200 +58800 2015 2019 1000
a contact +58200 +58800 2016 2025 1000
a contact +58200 +58800 2017 2008 1000
a contact +58200 +58800 2018 2014 1000
a contact +58200 +58800 2019 2015 1000
a contact +58200 +58800 2020 2060 1000
a contact +58200 +58800 2021 9001 1000
a contact +58200 +58800 2022 2011 1000
a contact +58200 +58800 2023 2005 1000
a contact +58200 +58800 2024 2051 1000
a contact +58200 +58800 2025 2016 1000
a contact +58200 +58800 2026 2048 1000
a contact +58200 +58800 2027 2013 1000
a contact +58200 +58800 2028 9004 1000
a contact +58200 +58800 2029 9009 1000
a contact +58200 +58800 2030 2006 1000
a contact +58200 +58800 2031 2061 1000
a contact +58200 +58800 2032 2052 1000
a contact +58200 +58800 2033 2055 1000
a contact +58200 +58800 2034 2058 1000
a contact +58200 +58800 2035 2004 1000
a contact +58200 +58800 2036 2002 1000
a contact +58200 +58800 2037 2001 1000
a contact +58200 +58800 2038 2063 1000
a contact +58200 +58800 2039 2059 1000
a contact +58200 +58800 2040 2057 1000
a contact +58200 +58800 2041 9006 1000
a contact +58200 +58800 2042 2012 1000
a contact +58200 +58800 2043 2056 1000
a contact +58200 +58800 2044 2049 1000
a contact +58200 +58800 2045 2047 1000
a contact +58200 +58800 2046 2050 1000
a contact +58200 +58800 2047 2045 1000
a contact +58200 +58800 2048 2026 1000
a contact +58200 +58800 2049 2044 1000
a contact +58200 +58800 2050 2046 1000
a contact +58200 +58800 2051 2024 1000
a contact +58200 +58800 2052 2032 1000
a contact +58200 +58800 2053 2009 1000
a contact +58200 +58800 2054 2007 1000
a contact +58200 +58800 2055 2033 1000
a contact +58200 +58800 2056 2043 1000
a contact +58200 +58800 2057 2040 1000
a contact +58200 +58800 2058 2034 1000
a contact +58200 +58800 2059 2039 1000
a contact +58200 +58800 2060 2020 1000
a contact +58200 +58800 2061 2031 1000
a contact +58200 +58800 2062 9010 1000
a contact +58200 +58800 2063 2038 1000
a contact +58200 +58800 2064 9012 1000
a contact +58200 +58800 9001 2021 1000
a contact +58200 +58800 9002 9011 1000
a contact +58200 +58800 9003 2003 1000
a contact +58200 +58800 9004 2028 1000
a contact +58200 +58800 9005 9008 1000
a contact +58200 +58800 9006 2041 1000
a contact +58200 +58800 9007 2010 1000
a contact +58200 +58800 9008 9005 1000
a contact +58200 +58800 9009 2029 1000
a contact +58200 +58800 9010 2062 1000
a contact +58200 +58800 9011 9002 1000
a contact +58200 +58800 9012 2064 1000
a contact +58800 +59400 2001 2036 1000
a contact +58800 +59400 2002 2035 1000
a contact +58800 +59400 2003 9006 1000
a contact +58800 +59400 2004 2034 1000
a contact +58800 +59400 2005 2022 1000
a contact +58800 +59400 2006 2029 1000
a contact +58800 +59400 2007 9003 1000
a contact +58800 +59400 2008 2045 1000
a contact +58800 +59400 2009 2056 1000
a contact +58800 +59400 2010 9001 1000
a contact +58800 +59400 2011 2018 1000
a contact +58800 +59400 2012 2040 1000
a contact +58800 +59400 2013 2044 1000
a contact +58800 +59400 2014 2027 1000
a contact +58800 +59400 2015 2028 1000
a contact +58800 +59400 2016 2019 1000
a contact +58800 +59400 2017 2025 1000
a contact +58800 +59400 2018 2011 1000
a contact +58800 +59400 2019 2016 1000
a contact +58800 +59400 2020 2055 1000
a contact +58800 +59400 2021 9004 1000
a contact +58800 +59400 2022 2005 1000
a contact +58800 +59400 2023 2060 1000
a contact +58800 +59400 2024 9010 1000
a contact +58800 +59400 2025 2017 1000
a contact +58800 +59400 2026 2061 1000
a contact +58800 +59400 2027 2014 1000
a contact +58800 +59400 2028 2015 1000
a contact +58800 +59400 2029 2006 1000
a contact +58800 +59400 2030 2059 1000
a contact +58800 +59400 2031 2064 1000
a contact +58800 +59400 2032 2063 1000
a contact +58800 +59400 2033 2053 1000
a contact +58800 +59400 2034 2004 1000
a contact +58800 +59400 2035 2002 1000
a contact +58800 +59400 2036 2001 1000
a contact +58800 +59400 2037 2057 1000
a contact +58800 +59400 2038 2054 1000
a contact +58800 +59400 2039 2048 1000
a contact +58800 +59400 2040 2012 1000
a contact +58800 +59400 2041 9007 1000
a contact +58800 +59400 2042 2052 1000
a contact +58800 +59400 2043 2051 1000
a contact +58800 +59400 2044 2013 1000
a contact +58800 +59400 2045 2008 1000
a contact +58800 +59400 2046 2049 1000
a contact +58800 +59400 2047 2050 1000
a contact +58800 +59400 2048 2039 1000
a contact +58800 +59400 2049 2046 1000
a contact +58800 +59400 2050 2047 1000
a contact +58800 +59400 2051 2043 1000
a contact +58800 +59400 2052 2042 1000
a contact +58800 +59400 2053 2033 1000
a contact +58800 +59400 2054 2038 1000
a contact +58800 +59400 2055 2020 1000
a contact +58800 +59400 2056 2009 1000
a contact +58800 +59400 2057 2037 1000
a contact +58800 +59400 2058 9012 1000
a contact +58800 +59400 2059 2030 1000
a contact +58800 +59400 2060 2023 1000
a contact +58800 +59400 2061 2026 1000
a contact +58800 +59400 2062 9009 1000
a contact +58800 +59400 2063 2032 1000
a contact +58800 +59400 2064 2031 1000
a contact +58800 +59400 9001 2010 1000
a contact +58800 +59400 9002 9005 1000
a contact +58800 +59400 9003 2007 1000
a contact +58800 +59400 9004 2021 1000
a contact +58800 +59400 9005 9002 1000
a contact +58800 +59400 9006 2003 1000
a contact +58800 +59400 9007 2041 1000
a contact +58800 +59400 9008 9011 1000
a contact +58800 +59400 9009 2062 1000
a contact +58800 +59400 9010 2024 1000
a contact +58800 +59400 9011 9008 1000
a contact +58800 +59400 9012 2058 1000
a contact +59400 +60000 2001 2040 1000
a contact +59400 +60000 2002 2062 1000
a contact +59400 +60000 2003 9007 1000
a contact +59400 +60000 2004 2028 1000
a contact +59400 +60000 2005 2034 1000
a contact +59400 +60000 2006 2032 1000
a contact +59400 +60000 2007 9006 1000
a contact +59400 +60000 2008 9003 1000
a contact +59400 +60000 2009 2035 1000
a contact +59400 +60000 2010 2031 1000
a contact +59400 +60000 2011 2021 1000
a contact +59400 +60000 2012 9010 1000
a contact +59400 +60000 2013 2045 1000
a contact +59400 +60000 2014 2026 1000
a contact +59400 +60000 2015 2041 1000
a contact +59400 +60000 2016 9009 1000
a contact +59400 +60000 2017 2024 1000
a contact +59400 +60000 2018 9012 1000
a contact +59400 +60000 2019 2030 1000
a contact +59400 +60000 2020 2053 1000
a contact +59400 +60000 2021 2011 1000
a contact +59400 +60000 2022 2061 1000
a contact +59400 +60000 2023 2059 1000
a contact +59400 +60000 2024 2017 1000
a contact +59400 +60000 2025 2046 1000
a contact +59400 +60000 2026 2014 1000
a contact +59400 +60000 2027 9001 1000
a contact +59400 +60000 2028 2004 1000
a contact +59400 +60000 2029 2060 1000
a contact +59400 +60000 2030 2019 1000
a contact +59400 +60000 2031 2010 1000
a contact +59400 +60000 2032 2006 1000
a contact +59400 +60000 2033 2052 1000
a contact +59400 +60000 2034 2005 1000
a contact +59400 +60000 2035 2009 1000
a contact +59400 +60000 2036 2063 1000
a contact +59400 +60000 2037 2058 1000
a contact +59400 +60000 2038 2055 1000
a contact +59400 +60000 2039 2057 1000
a contact +59400 +60000 2040 2001 1000
a contact +59400 +60000 2041 2015 1000
a contact +59400 +60000 2042 2056 1000
a contact +59400 +60000 2043 2054 1000
a contact +59400 +60000 2044 2051 1000
a contact +59400 +60000 2045 2013 1000
a contact +59400 +60000 2046 2025 1000
a contact +59400 +60000 2047 2064 1000
a contact +59400 +60000 2048 9004 1000
a contact +59400 +60000 2049 2050 1000
a contact +59400 +60000 2050 2049 1000
a contact +59400 +60000 2051 2044 1000
a contact +59400 +60000 2052 2033 1000
a contact +59400 +60000 2053 2020 1000
a contact +59400 +60000 2054 2043 1000
a contact +59400 +60000 2055 2038 1000
a contact +59400 +60000 2056 2042 1000
a contact +59400 +60000 2057 2039 1000
a contact +59400 +60000 2058 2037 1000
a contact +59400 +60000 2059 2023 1000
a contact +59400 +60000 2060 2029 1000
a contact +59400 +60000 2061 2022 1000
a contact +59400 +60000 2062 2002 1000
a contact +59400 +60000 2063 2036 1000
a contact +59400 +60000 2064 2047 1000
a contact +59400 +60000 9001 2027 1000
a contact +59400 +60000 9002 9008 1000
a contact +59400 +60000 9003 2008 1000
a contact +59400 +60000 9004 2048 1000
a contact +59400 +60000 9005 9011 1000
a contact +59400 +60000 9006 2007 1000
a contact +59400 +60000 9007 2003 1000
a contact +59400 +60000 9008 9002 1000
a contact +59400 +60000 9009 2016 1000
a contact +59400 +60000 9010 2012 1000
a contact +59400 +60000 9011 9005 1000
a contact +59400 +60000 9012 2018 1000
a contact +60000 +60600 2001 2041 1000
a contact +60000 +60600 2002 2056 1000
a contact +60000 +60600 2003 2062 1000
a contact +60000 +60600 2004 2009 1000
a contact +60000 +60600 2005 2025 1000
a contact +60000 +60600 2006 2031 1000
a contact +60000 +60600 2007 2034 1000
a contact +60000 +60600 2008 9006 1000
a contact +60000 +60600 2009 2004 1000
a contact +60000 +60600 2010 2035 1000
a contact +60000 +60600 2011 2023 1000
a contact +60000 +60600 2012 2018 1000
a contact +60000 +60600 2013 9003 1000
a contact +60000 +60600 2014 2044 1000
a contact +60000 +60600 2015 2046 1000
a contact +60000 +60600 2016 2045 1000
a contact +60000 +60600 2017 2040 1000
a contact +60000 +60600 2018 2012 1000
a contact +60000 +60600 2019 2026 1000
a contact +60000 +60600 2020 2033 1000
a contact +60000 +60600 2021 2059 1000
a contact +60000 +60600 2022 2060 1000
a contact +60000 +60600 2023 2011 1000
a contact +60000 +60600 2024 9007 1000
a contact +60000 +60600 2025 2005 1000
a contact +60000 +60600 2026 2019 1000
a contact +60000 +60600 2027 9004 1000
a contact +60000 +60600 2028 9010 1000
a contact +60000 +60600 2029 2061 1000
a contact +60000 +60600 2030 2053 1000
a contact +60000 +60600 2031 2006 1000
a contact +60000 +60600 2032 2055 1000
a contact +60000 +60600 2033 2020 1000
a contact +60000 +60600 2034 2007 1000
a contact +60000 +60600 2035 2010 1000
a contact +60000 +60600 2036 2058 1000
a contact +60000 +60600 2037 2054 1000
a contact +60000 +60600 2038 2052 1000
a contact +60000 +60600 2039 2063 1000
a contact +60000 +60600 2040 2017 1000
a contact +60000 +60600 2041 2001 1000
a contact +60000 +60600 2042 2051 1000
a contact +60000 +60600 2043 2057 1000
a contact +60000 +60600 2044 2014 1000
a contact +60000 +60600 2045 2016 1000
a contact +60000 +60600 2046 2015 1000
a contact +60000 +60600 2047 2049 1000
a contact +60000 +60600 2048 9001 1000
a contact +60000 +60600 2049 2047 1000
a contact +60000 +60600 2050 9012 1000
a contact +60000 +60600 2051 2042 1000
a contact +60000 +60600 2052 2038 1000
a contact +60000 +60600 2053 2030 1000
a contact +60000 +60600 2054 2037 1000
a contact +60000 +60600 2055 2032 1000
a contact +60000 +60600 2056 2002 1000
a contact +60000 +60600 2057 2043 1000
a contact +60000 +60600 2058 2036 1000
a contact +60000 +60600 2059 2021 1000
a contact +60000 +60600 2060 2022 1000
a contact +60000 +60600 2061 2029 1000
a contact +60000 +60600 2062 2003 1000
a contact +60000 +60600 2063 2039 1000
a contact +60000 +60600 2064 9009 1000
a contact +60000 +60600 9001 2048 1000
a contact +60000 +60600 9002 9011 1000
a contact +60000 +60600 9003 2013 1000
a contact +60000 +60600 9004 2027 1000
a contact +60000 +60600 9005 9008 1000
a contact +60000 +60600 9006 2008 1000
a contact +60000 +60600 9007 2024 1000
a contact +60000 +60600 9008 9005 1000
a contact +60000 +60600 9009 2064 1000
a contact +60000 +60600 9010 2028 1000
a contact +60000 +60600 9011 9002 1000
a contact +60000 +60600 9012 2050 1000
a contact +60600 +61200 2001 2042 1000
a contact +60600 +61200 2002 2051 1000
a contact +60600 +61200 2003 2055 1000
a contact +60600 +61200 2004 2062 1000
a contact +60600 +61200 2005 2026 1000
a contact +60600 +61200 2006 2034 1000
a contact +60600 +61200 2007 2050 1000
a contact +60600 +61200 2008 2043 1000
a contact +60600 +61200 2009 9006 1000
a contact +60600 +61200 2010 9004 1000
a contact +60600 +61200 2011 2024 1000
a contact +60600 +61200 2012 9012 1000
a contact +60600 +61200 2013 2039 1000
a contact +60600 +61200 2014 9003 1000
a contact +60600 +61200 2015 2045 1000
a contact +60600 +61200 2016 2041 1000
a contact +60600 +61200 2017 2038 1000
a contact +60600 +61200 2018 2020 1000
a contact +60600 +61200 2019 2029 1000
a contact +60600 +61200 2020 2018 1000
a contact +60600 +61200 2021 2052 1000
a contact +60600 +61200 2022 2059 1000
a contact +60600 +61200 2023 2049 1000
a contact +60600 +61200 2024 2011 1000
a contact +60600 +61200 2025 2061 1000
a contact +60600 +61200 2026 2005 1000
a contact +60600 +61200 2027 9010 1000
a contact +60600 +61200 2028 2058 1000
a contact +60600 +61200 2029 2019 1000
a contact +60600 +61200 2030 2064 1000
a contact +60600 +61200 2031 2060 1000
a contact +60600 +61200 2032 2048 1000
a contact +60600 +61200 2033 9007 1000
a contact +60600 +61200 2034 2006 1000
a contact +60600 +61200 2035 2054 1000
a contact +60600 +61200 2036 2057 1000
a contact +60600 +61200 2037 2053 1000
a contact +60600 +61200 2038 2017 1000
a contact +60600 +61200 2039 2013 1000
a contact +60600 +61200 2040 2056 1000
a contact +60600 +61200 2041 2016 1000
a contact +60600 +61200 2042 2001 1000
a contact +60600 +61200 2043 2008 1000
a contact +60600 +61200 2044 2046 1000
a contact +60600 +61200 2045 2015 1000
a contact +60600 +61200 2046 2044 1000
a contact +60600 +61200 2047 9001 1000
a contact +60600 +61200 2048 2032 1000
a contact +60600 +61200 2049 2023 1000
a contact +60600 +61200 2050 2007 1000
a contact +60600 +61200 2051 2002 1000
a contact +60600 +61200 2052 2021 1000
a contact +60600 +61200 2053 2037 1000
a contact +60600 +61200 2054 2035 1000
a contact +60600 +61200 2055 2003 1000
a contact +60600 +61200 2056 2040 1000
a contact +60600 +61200 2057 2036 1000
a contact +60600 +61200 2058 2028 1000
a contact +60600 +61200 2059 2022 1000
a contact +60600 +61200 2060 2031 1000
a contact +60600 +61200 2061 2025 1000
a contact +60600 +61200 2062 2004 1000
a contact +60600 +61200 2063 9009 1000
a contact +60600 +61200 2064 2030 1000
a contact +60600 +61200 9001 2047 1000
a contact +60600 +61200 9002 9005 1000
a contact +60600 +61200 9003 2014 1000
a contact +60600 +61200 9004 2010 1000
a contact +60600 +61200 9005 9002 1000
a contact +60600 +61200 9006 2009 1000
a contact +60600 +61200 9007 2033 1000
a contact +60600 +61200 9008 9011 1000
a contact +60600 +61200 9009 2063 1000
a contact +60600 +61200 9010 2027 1000
a contact +60600 +61200 9011 9008 1000
a contact +60600 +61200 9012 2012 1000
a contact +61200 +61800 2001 2043 1000
a contact +61200 +61800 2002 9004 1000
a contact +61200 +61800 2003 2054 1000
a contact +61200 +61800 2004 2040 1000
a contact +61200 +61800 2005 2033 1000
a contact +61200 +61800 2006 2038 1000
a contact +61200 +61800 2007 2055 1000
a contact +61200 +61800 2008 2016 1000
a contact +61200 +61800 2009 2034 1000
a contact +61200 +61800 2010 2059 1000
a contact +61200 +61800 2011 2025 1000
a contact +61200 +61800 2012 9009 1000
a contact +61200 +61800 2013 2032 1000
a contact +61200 +61800 2014 2039 1000
a contact +61200 +61800 2015 9003 1000
a contact +61200 +61800 2016 2008 1000
a contact +61200 +61800 2017 2045 1000
a contact +61200 +61800 2018 2044 1000
a contact +61200 +61800 2019 2035 1000
a contact +61200 +61800 2020 2042 1000
a contact +61200 +61800 2021 2029 1000
a contact +61200 +61800 2022 2058 1000
a contact +61200 +61800 2023 2052 1000
a contact +61200 +61800 2024 9006 1000
a contact +61200 +61800 2025 2011 1000
a contact +61200 +61800 2026 9001 1000
a contact +61200 +61800 2027 2062 1000
a contact +61200 +61800 2028 2061 1000
a contact +61200 +61800 2029 2021 1000
a contact +61200 +61800 2030 2060 1000
a contact +61200 +61800 2031 2053 1000
a contact +61200 +61800 2032 2013 1000
a contact +61200 +61800 2033 2005 1000
a contact +61200 +61800 2034 2009 1000
a contact +61200 +61800 2035 2019 1000
a contact +61200 +61800 2036 2056 1000
a contact +61200 +61800 2037 2064 1000
a contact +61200 +61800 2038 2006 1000
a contact +61200 +61800 2039 2014 1000
a contact +61200 +61800 2040 2004 1000
a contact +61200 +61800 2041 2057 1000
a contact +61200 +61800 2042 2020 1000
a contact +61200 +61800 2043 2001 1000
a contact +61200 +61800 2044 2018 1000
a contact +61200 +61800 2045 2017 1000
a contact +61200 +61800 2046 2051 1000
a contact +61200 +61800 2047 9007 1000
a contact +61200 +61800 2048 2050 1000
a contact +61200 +61800 2049 9012 1000
a contact +61200 +61800 2050 2048 1000
a contact +61200 +61800 2051 2046 1000
a contact +61200 +61800 2052 2023 1000
a contact +61200 +61800 2053 2031 1000
a contact +61200 +61800 2054 2003 1000
a contact +61200 +61800 2055 2007 1000
a contact +61200 +61800 2056 2036 1000
a contact +61200 +61800 2057 2041 1000
a contact +61200 +61800 2058 2022 1000
a contact +61200 +61800 2059 2010 1000
a contact +61200 +61800 2060 2030 1000
a contact +61200 +61800 2061 2028 1000
a contact +61200 +61800 2062 2027 1000
a contact +61200 +61800 2063 9010 1000
a contact +61200 +61800 2064 2037 1000
a contact +61200 +61800 9001 2026 1000
a contact +61200 +61800 9002 9008 1000
a contact +61200 +61800 9003 2015 1000
a contact +61200 +61800 9004 2002 1000
a contact +61200 +61800 9005 9011 1000
a contact +61200 +61800 9006 2024 1000
a contact +61200 +61800 9007 2047 1000
a contact +61200 +61800 9008 9002 1000
a contact +61200 +61800 9009 2012 1000
a contact +61200 +61800 9010 2063 1000
a contact +61200 +61800 9011 9005 1000
a contact +61200 +61800 9012 2049 1000
a contact +61800 +62400 2001 2044 1000
a contact +61800 +62400 2002 2050 1000
a contact +61800 +62400 2003 2052 1000
a contact +61800 +62400 2004 2033 1000
a contact +61800 +62400 2005 2040 1000
a contact +61800 +62400 2006 2037 1000
a contact +61800 +62400 2007 2051 1000
a contact +61800 +62400 2008 2042 1000
a contact +61800 +62400 2009 2057 1000
a contact +61800 +62400 2010 2017 1000
a contact +61800 +62400 2011 2027 1000
a contact +61800 +62400 2012 9003 1000
a contact +61800 +62400 2013 2043 1000
a contact +61800 +62400 2014 2038 1000
a contact +61800 +62400 2015 2039 1000
a contact +61800 +62400 2016 9012 1000
a contact +61800 +62400 2017 2010 1000
a contact +61800 +62400 2018 2041 1000
a contact +61800 +62400 2019 2032 1000
a contact +61800 +62400 2020 9006 1000
a contact +61800 +62400 2021 9010 1000
a contact +61800 +62400 2022 2054 1000
a contact +61800 +62400 2023 2024 1000
a contact +61800 +62400 2024 2023 1000
a contact +61800 +62400 2025 9007 1000
a contact +61800 +62400 2026 9004 1000
a contact +61800 +62400 2027 2011 1000
a contact +61800 +62400 2028 2062 1000
a contact +61800 +62400 2029 2059 1000
a contact +61800 +62400 2030 2061 1000
a contact +61800 +62400 2031 2055 1000
a contact +61800 +62400 2032 2019 1000
a contact +61800 +62400 2033 2004 1000
a contact +61800 +62400 2034 2060 1000
a contact +61800 +62400 2035 2058 1000
a contact +61800 +62400 2036 2053 1000
a contact +61800 +62400 2037 2006 1000
a contact +61800 +62400 2038 2014 1000
a contact +61800 +62400 2039 2015 1000
a contact +61800 +62400 2040 2005 1000
a contact +61800 +62400 2041 2018 1000
a contact +61800 +62400 2042 2008 1000
a contact +61800 +62400 2043 2013 1000
a contact +61800 +62400 2044 2001 1000
a contact +61800 +62400 2045 2056 1000
a contact +61800 +62400 2046 9009 1000
a contact +61800 +62400 2047 2063 1000
a contact +61800 +62400 2048 2049 1000
a contact +61800 +62400 2049 2048 1000
a contact +61800 +62400 2050 2002 1000
a contact +61800 +62400 2051 2007 1000
a contact +61800 +62400 2052 2003 1000
a contact +61800 +62400 2053 2036 1000
a contact +61800 +62400 2054 2022 1000
a contact +61800 +62400 2055 2031 1000
a contact +61800 +62400 2056 2045 1000
a contact +61800 +62400 2057 2009 1000
a contact +61800 +62400 2058 2035 1000
a contact +61800 +62400 2059 2029 1000
a contact +61800 +62400 2060 2034 1000
a contact +61800 +62400 2061 2030 1000
a contact +61800 +62400 2062 2028 1000
a contact +61800 +62400 2063 2047 1000
a contact +61800 +62400 2064 9001 1000
a contact +61800 +62400 9001 2064 1000
a contact +61800 +62400 9002 9011 1000
a contact +61800 +62400 9003 2012 1000
a contact +61800 +62400 9004 2026 1000
a contact +61800 +62400 9005 9008 1000
a contact +61800 +62400 9006 2020 1000
a contact +61800 +62400 9007 2025 1000
a contact +61800 +62400 9008 9005 1000
a contact +61800 +62400 9009 2046 1000
a contact +61800 +62400 9010 2021 1000
a contact +61800 +62400 9011 9002 1000
a contact +61800 +62400 9012 2016 1000
a contact +62400 +63000 2001 2047 1000
a contact +62400 +63000 2002 2048 1000
a contact +62400 +63000 2003 2004 1000
a contact +62400 +63000 2004 2003 1000
a contact +62400 +63000 2005 2039 1000
a contact +62400 +63000 2006 2040 1000
a contact +62400 +63000 2007 2049 1000
a contact +62400 +63000 2008 2041 1000
a contact +62400 +63000 2009 2054 1000
a contact +62400 +63000 2010 2053 1000
a contact +62400 +63000 2011 2026 1000
a contact +62400 +63000 2012 2033 1000
a contact +62400 +63000 2013 9009 1000
a contact +62400 +63000 2014 2043 1000
a contact +62400 +63000 2015 2042 1000
a contact +62400 +63000 2016 9003 1000
a contact +62400 +63000 2017 2036 1000
a contact +62400 +63000 2018 2031 1000
a contact +62400 +63000 2019 2025 1000
a contact +62400 +63000 2020 2027 1000
a contact +62400 +63000 2021 9007 1000
a contact +62400 +63000 2022 2032 1000
a contact +62400 +63000 2023 2050 1000
a contact +62400 +63000 2024 9004 1000
a contact +62400 +63000 2025 2019 1000
a contact +62400 +63000 2026 2011 1000
a contact +62400 +63000 2027 2020 1000
a contact +62400 +63000 2028 2059 1000
a contact +62400 +63000 2029 2058 1000
a contact +62400 +63000 2030 2052 1000
a contact +62400 +63000 2031 2018 1000
a contact +62400 +63000 2032 2022 1000
a contact +62400 +63000 2033 2012 1000
a contact +62400 +63000 2034 2062 1000
a contact +62400 +63000 2035 2057 1000
a contact +62400 +63000 2036 2017 1000
a contact +62400 +63000 2037 2055 1000
a contact +62400 +63000 2038 2051 1000
a contact +62400 +63000 2039 2005 1000
a contact +62400 +63000 2040 2006 1000
a contact +62400 +63000 2041 2008 1000
a contact +62400 +63000 2042 2015 1000
a contact +62400 +63000 2043 2014 1000
a contact +62400 +63000 2044 2056 1000
a contact +62400 +63000 2045 9001 1000
a contact +62400 +63000 2046 9012 1000
a contact +62400 +63000 2047 2001 1000
a contact +62400 +63000 2048 2002 1000
a contact +62400 +63000 2049 2007 1000
a contact +62400 +63000 2050 2023 1000
a contact +62400 +63000 2051 2038 1000
a contact +62400 +63000 2052 2030 1000
a contact +62400 +63000 2053 2010 1000
a contact +62400 +63000 2054 2009 1000
a contact +62400 +63000 2055 2037 1000
a contact +62400 +63000 2056 2044 1000
a contact +62400 +63000 2057 2035 1000
a contact +62400 +63000 2058 2029 1000
a contact +62400 +63000 2059 2028 1000
a contact +62400 +63000 2060 2061 1000
a contact +62400 +63000 2061 2060 1000
a contact +62400 +63000 2062 2034 1000
a contact +62400 +63000 2063 9006 1000
a contact +62400 +63000 2064 9010 1000
a contact +62400 +63000 9001 2045 1000
a contact +62400 +63000 9002 9005 1000
a contact +62400 +63000 9003 2016 1000
a contact +62400 +63000 9004 2024 1000
a contact +62400 +63000 9005 9002 1000
a contact +62400 +63000 9006 2063 1000
a contact +62400 +63000 9007 2021 1000
a contact +62400 +63000 9008 9011 1000
a contact +62400 +63000 9009 2013 1000
a contact +62400 +63000 9010 2064 1000
a contact +62400 +63000 9011 9008 1000
a contact +62400 +63000 9012 2046 1000
a contact +63000 +63600 2001 9012 1000
a contact +63000 +63600 2002 2046 1000
a contact +63000 +63600 2003 2039 1000
a contact +63000 +63600 2004 2025 1000
a contact +63000 +63600 2005 2027 1000
a contact +63000 +63600 2006 2036 1000
a contact +63000 +63600 2007 2047 1000
a contact +63000 +63600 2008 2032 1000
a contact +63000 +63600 2009 2051 1000
a contact +63000 +63600 2010 2050 1000
a contact +63000 +63600 2011 2030 1000
a contact +63000 +63600 2012 9004 1000
a contact +63000 +63600 2013 2040 1000
a contact +63000 +63600 2014 2023 1000
a contact +63000 +63600 2015 2044 1000
a contact +63000 +63600 2016 2043 1000
a contact +63000 +63600 2017 2037 1000
a contact +63000 +63600 2018 9009 1000
a contact +63000 +63600 2019 2020 1000
a contact +63000 +63600 2020 2019 1000
a contact +63000 +63600 2021 2048 1000
a contact +63000 +63600 2022 2053 1000
a contact +63000 +63600 2023 2014 1000
a contact +63000 +63600 2024 9003 1000
a contact +63000 +63600 2025 2004 1000
a contact +63000 +63600 2026 2062 1000
a contact +63000 +63600 2027 2005 1000
a contact +63000 +63600 2028 2052 1000
a contact +63000 +63600 2029 2064 1000
a contact +63000 +63600 2030 2011 1000
a contact +63000 +63600 2031 2059 1000
a contact +63000 +63600 2032 2008 1000
a contact +63000 +63600 2033 2061 1000
a contact +63000 +63600 2034 2054 1000
a contact +63000 +63600 2035 2060 1000
a contact +63000 +63600 2036 2006 1000
a contact +63000 +63600 2037 2017 1000
a contact +63000 +63600 2038 2058 1000
a contact +63000 +63600 2039 2003 1000
a contact +63000 +63600 2040 2013 1000
a contact +63000 +63600 2041 2055 1000
a contact +63000 +63600 2042 2057 1000
a contact +63000 +63600 2043 2016 1000
a contact +63000 +63600 2044 2015 1000
a contact +63000 +63600 2045 9007 1000
a contact +63000 +63600 2046 2002 1000
a contact +63000 +63600 2047 2007 1000
a contact +63000 +63600 2048 2021 1000
a contact +63000 +63600 2049 9010 1000
a contact +63000 +63600 2050 2010 1000
a contact +63000 +63600 2051 2009 1000
a contact +63000 +63600 2052 2028 1000
a contact +63000 +63600 2053 2022 1000
a contact +63000 +63600 2054 2034 1000
a contact +63000 +63600 2055 2041 1000
a contact +63000 +63600 2056 9006 1000
a contact +63000 +63600 2057 2042 1000
a contact +63000 +63600 2058 2038 1000
a contact +63000 +63600 2059 2031 1000
a contact +63000 +63600 2060 2035 1000
a contact +63000 +63600 2061 2033 1000
a contact +63000 +63600 2062 2026 1000
a contact +63000 +63600 2063 9001 1000
a contact +63000 +63600 2064 2029 1000
a contact +63000 +63600 9001 2063 1000
a contact +63000 +63600 9002 9008 1000
a contact +63000 +63600 9003 2024 1000
a contact +63000 +63600 9004 2012 1000
a contact +63000 +63600 9005 9011 1000
a contact +63000 +63600 9006 2056 1000
a contact +63000 +63600 9007 2045 1000
a contact +63000 +63600 9008 9002 1000
a contact +63000 +63600 9009 2018 1000
a contact +63000 +63600 9010 2049 1000
a contact +63000 +63600 9011 9005 1000
a contact +63000 +63600 9012 2001 1000
a contact +63600 +64200 2001 2048 1000
a contact +63600 +64200 2002 2030 1000
a contact +63600 +64200 2003 2045 1000
a contact +63600 +64200 2004 2024 1000
a contact +63600 +64200 2005 2044 1000
a contact +63600 +64200 2006 2039 1000
a contact +63600 +64200 2007 2025 1000
a contact +63600 +64200 2008 2038 1000
a contact +63600 +64200 2009 2019 1000
a contact +63600 +64200 2010 2064 1000
a contact +63600 +64200 2011 2031 1000
a contact +63600 +64200 2012 9001 1000
a contact +63600 +64200 2013 2029 1000
a contact +63600 +64200 2014 2033 1000
a contact +63600 +64200 2015 2040 1000
a contact +63600 +64200 2016 2046 1000
a contact +63600 +64200 2017 2043 1000
a contact +63600 +64200 2018 2026 1000
a contact +63600 +64200 2019 2009 1000
a contact +63600 +64200 2020 9010 1000
a contact +63600 +64200 2021 2022 1000
a contact +63600 +64200 2022 2021 1000
a contact +63600 +64200 2023 9009 1000
a contact +63600 +64200 2024 2004 1000
a contact +63600 +64200 2025 2007 1000
a contact +63600 +64200 2026 2018 1000
a contact +63600 +64200 2027 2060 1000
a contact +63600 +64200 2028 2053 1000
a contact +63600 +64200 2029 2013 1000
a contact +63600 +64200 2030 2002 1000
a contact +63600 +64200 2031 2011 1000
a contact +63600 +64200 2032 9012 1000
a contact +63600 +64200 2033 2014 1000
a contact +63600 +64200 2034 2061 1000
a contact +63600 +64200 2035 2062 1000
a contact +63600 +64200 2036 2059 1000
a contact +63600 +64200 2037 2052 1000
a contact +63600 +64200 2038 2008 1000
a contact +63600 +64200 2039 2006 1000
a contact +63600 +64200 2040 2015 1000
a contact +63600 +64200 2041 2058 1000
a contact +63600 +64200 2042 2055 1000
a contact +63600 +64200 2043 2017 1000
a contact +63600 +64200 2044 2005 1000
a contact +63600 +64200 2045 2003 1000
a contact +63600 +64200 2046 2016 1000
a contact +63600 +64200 2047 2057 1000
a contact +63600 +64200 2048 2001 1000
a contact +63600 +64200 2049 9006 1000
a contact +63600 +64200 2050 9004 1000
a contact +63600 +64200 2051 2054 1000
a contact +63600 +64200 2052 2037 1000
a contact +63600 +64200 2053 2028 1000
a contact +63600 +64200 2054 2051 1000
a contact +63600 +64200 2055 2042 1000
a contact +63600 +64200 2056 9003 1000
a contact +63600 +64200 2057 2047 1000
a contact +63600 +64200 2058 2041 1000
a contact +63600 +64200 2059 2036 1000
a contact +63600 +64200 2060 2027 1000
a contact +63600 +64200 2061 2034 1000
a contact +63600 +64200 2062 2035 1000
a contact +63600 +64200 2063 9007 1000
a contact +63600 +64200 2064 2010 1000
a contact +63600 +64200 9001 2012 1000
a contact +63600 +64200 9002 9011 1000
a contact +63600 +64200 9003 2056 1000
a contact +63600 +64200 9004 2050 1000
a contact +63600 +64200 9005 9008 1000
a contact +63600 +64200 9006 2049 1000
a contact +63600 +64200 9007 2063 1000
a contact +63600 +64200 9008 9005 1000
a contact +63600 +64200 9009 2023 1000
a contact +63600 +64200 9010 2020 1000
a contact +63600 +64200 9011 9002 1000
a contact +63600 +64200 9012 2032 1000
a contact +64200 +64800 2001 9010 1000
a contact +64200 +64800 2002 2045 1000
a contact +64200 +64800 2003 2023 1000
a contact +64200 +64800 2004 2017 1000
a contact +64200 +64800 2005 2032 1000
a contact +64200 +64800 2006 2035 1000
a contact +64200 +64800 2007 2044 1000
a contact +64200 +64800 2008 2031 1000
a contact +64200 +64800 2009 2039 1000
a contact +64200 +64800 2010 2063 1000
a contact +64200 +64800 2011 2033 1000
a contact +64200 +64800 2012 2046 1000
a contact +64200 +64800 2013 2028 1000
a contact +64200 +64800 2014 9009 1000
a contact +64200 +64800 2015 2026 1000
a contact +64200 +64800 2016 9006 1000
a contact +64200 +64800 2017 2004 1000
a contact +64200 +64800 2018 2025 1000
a contact +64200 +64800 2019 9012 1000
a contact +64200 +64800 2020 9007 1000
a contact +64200 +64800 2021 2038 1000
a contact +64200 +64800 2022 2050 1000
a contact +64200 +64800 2023 2003 1000
a contact +64200 +64800 2024 9001 1000
a contact +64200 +64800 2025 2018 1000
a contact +64200 +64800 2026 2015 1000
a contact +64200 +64800 2027 2059 1000
a contact +64200 +64800 2028 2013 1000
a contact +64200 +64800 2029 2055 1000
a contact +64200 +64800 2030 2051 1000
a contact +64200 +64800 2031 2008 1000
a contact +64200 +64800 2032 2005 1000
a contact +64200 +64800 2033 2011 1000
a contact +64200 +64800 2034 2053 1000
a contact +64200 +64800 2035 2006 1000
a contact +64200 +64800 2036 2062 1000
a contact +64200 +64800 2037 2061 1000
a contact +64200 +64800 2038 2021 1000
a contact +64200 +64800 2039 2009 1000
a contact +64200 +64800 2040 2060 1000
a contact +64200 +64800 2041 2054 1000
a contact +64200 +64800 2042 2058 1000
a contact +64200 +64800 2043 2052 1000
a contact +64200 +64800 2044 2007 1000
a contact +64200 +64800 2045 2002 1000
a contact +64200 +64800 2046 2012 1000
a contact +64200 +64800 2047 2056 1000
a contact +64200 +64800 2048 2057 1000
a contact +64200 +64800 2049 9003 1000
a contact +64200 +64800 2050 2022 1000
a contact +64200 +64800 2051 2030 1000
a contact +64200 +64800 2052 2043 1000
a contact +64200 +64800 2053 2034 1000
a contact +64200 +64800 2054 2041 1000
a contact +64200 +64800 2055 2029 1000
a contact +64200 +64800 2056 2047 1000
a contact +64200 +64800 2057 2048 1000
a contact +64200 +64800 2058 2042 1000
a contact +64200 +64800 2059 2027 1000
a contact +64200 +64800 2060 2040 1000
a contact +64200 +64800 2061 2037 1000
a contact +64200 +64800 2062 2036 1000
a contact +64200 +64800 2063 2010 1000
a contact +64200 +64800 2064 9004 1000
a contact +64200 +64800 9001 2024 1000
a contact +64200 +64800 9002 9005 1000
a contact +64200 +64800 9003 2049 1000
a contact +64200 +64800 9004 2064 1000
a contact +64200 +64800 9005 9002 1000
a contact +64200 +64800 9006 2016 1000
a contact +64200 +64800 9007 2020 1000
a contact +64200 +64800 9008 9011 1000
a contact +64200 +64800 9009 2014 1000
a contact +64200 +64800 9010 2001 1000
a contact +64200 +64800 9011 9008 1000
a contact +64200 +64800 9012 2019 1000
a contact +64800 +65400 2001 2046 1000
a contact +64800 +65400 2002 2022 1000
a contact +64800 +65400 2003 2024 1000
a contact +64800 +65400 2004 2018 1000
a contact +64800 +65400 2005 2042 1000
a contact +64800 +65400 2006 2041 1000
a contact +64800 +65400 2007 2023 1000
a contact +64800 +65400 2008 9012 1000
a contact +64800 +65400 2009 2044 1000
a contact +64800 +65400 2010 2038 1000
a contact +64800 +65400 2011 2032 1000
a contact +64800 +65400 2012 9007 1000
a contact +64800 +65400 2013 2034 1000
a contact +64800 +65400 2014 2029 1000
a contact +64800 +65400 2015 2020 1000
a contact +64800 +65400 2016 2039 1000
a contact +64800 +65400 2017 2028 1000
a contact +64800 +65400 2018 2004 1000
a contact +64800 +65400 2019 9009 1000
a contact +64800 +65400 2020 2015 1000
a contact +64800 +65400 2021 2026 1000
a contact +64800 +65400 2022 2002 1000
a contact +64800 +65400 2023 2007 1000
a contact +64800 +65400 2024 2003 1000
a contact +64800 +65400 2025 2045 1000
a contact +64800 +65400 2026 2021 1000
a contact +64800 +65400 2027 2052 1000
a contact +64800 +65400 2028 2017 1000
a contact +64800 +65400 2029 2014 1000
a contact +64800 +65400 2030 2048 1000
a contact +64800 +65400 2031 9010 1000
a contact +64800 +65400 2032 2011 1000
a contact +64800 +65400 2033 2060 1000
a contact +64800 +65400 2034 2013 1000
a contact +64800 +65400 2035 2061 1000
a contact +64800 +65400 2036 2054 1000
a contact +64800 +65400 2037 2059 1000
a contact +64800 +65400 2038 2010 1000
a contact +64800 +65400 2039 2016 1000
a contact +64800 +65400 2040 2062 1000
a contact +64800 +65400 2041 2006 1000
a contact +64800 +65400 2042 2005 1000
a contact +64800 +65400 2043 2058 1000
a contact +64800 +65400 2044 2009 1000
a contact +64800 +65400 2045 2025 1000
a contact +64800 +65400 2046 2001 1000
a contact +64800 +65400 2047 2053 1000
a contact +64800 +65400 2048 2030 1000
a contact +64800 +65400 2049 9004 1000
a contact +64800 +65400 2050 2057 1000
a contact +64800 +65400 2051 9003 1000
a contact +64800 +65400 2052 2027 1000
a contact +64800 +65400 2053 2047 1000
a contact +64800 +65400 2054 2036 1000
a contact +64800 +65400 2055 9006 1000
a contact +64800 +65400 2056 9001 1000
a contact +64800 +65400 2057 2050 1000
a contact +64800 +65400 2058 2043 1000
a contact +64800 +65400 2059 2037 1000
a contact +64800 +65400 2060 2033 1000
a contact +64800 +65400 2061 2035 1000
a contact +64800 +65400 2062 2040 1000
a contact +64800 +65400 2063 2064 1000
a contact +64800 +65400 2064 2063 1000
a contact +64800 +65400 9001 2056 1000
a contact +64800 +65400 9002 9008 1000
a contact +64800 +65400 9003 2051 1000
a contact +64800 +65400 9004 2049 1000
a contact +64800 +65400 9005 9011 1000
a contact +64800 +65400 9006 2055 1000
a contact +64800 +65400 9007 2012 1000
a contact +64800 +65400 9008 9002 1000
a contact +64800 +65400 9009 2019 1000
a contact +64800 +65400 9010 2031 1000
a contact +64800 +65400 9011 9005 1000
a contact +64800 +65400 9012 2008 1000
a contact +65400 +66000 2001 2049 1000
a contact +65400 +66000 2002 9001 1000
a contact +65400 +66000 2003 2030 1000
a contact +65400 +66000 2004 2012 1000
a contact +65400 +66000 2005 2064 1000
a contact +65400 +66000 2006 2042 1000
a contact +65400 +66000 2007 2045 1000
a contact +65400 +66000 2008 2037 1000
a contact +65400 +66000 2009 2055 1000
a contact +65400 +66000 2010 9010 1000
a contact +65400 +66000 2011 2028 1000
a contact +65400 +66000 2012 2004 1000
a contact +65400 +66000 2013 2023 1000
a contact +65400 +66000 2014 2032 1000
a contact +65400 +66000 2015 2034 1000
a contact +65400 +66000 2016 2044 1000
a contact +65400 +66000 2017 9009 1000
a contact +65400 +66000 2018 9003 1000
a contact +65400 +66000 2019 2027 1000
a contact +65400 +66000 2020 2029 1000
a contact +65400 +66000 2021 2033 1000
a contact +65400 +66000 2022 2038 1000
a contact +65400 +66000 2023 2013 1000
a contact +65400 +66000 2024 2025 1000
a contact +65400 +66000 2025 2024 1000
a contact +65400 +66000 2026 2043 1000
a contact +65400 +66000 2027 2019 1000
a contact +65400 +66000 2028 2011 1000
a contact +65400 +66000 2029 2020 1000
a contact +65400 +66000 2030 2003 1000
a contact +65400 +66000 2031 9004 1000
a contact +65400 +66000 2032 2014 1000
a contact +65400 +66000 2033 2021 1000
a contact +65400 +66000 2034 2015 1000
a contact +65400 +66000 2035 2063 1000
a contact +65400 +66000 2036 2061 1000
a contact +65400 +66000 2037 2008 1000
a contact +65400 +66000 2038 2022 1000
a contact +65400 +66000 2039 2062 1000
a contact +65400 +66000 2040 2059 1000
a contact +65400 +66000 2041 2060 1000
a contact +65400 +66000 2042 2006 1000
a contact +65400 +66000 2043 2026 1000
a contact +65400 +66000 2044 2016 1000
a contact +65400 +66000 2045 2007 1000
a contact +65400 +66000 2046 2057 1000
a contact +65400 +66000 2047 2054 1000
a contact +65400 +66000 2048 2053 1000
a contact +65400 +66000 2049 2001 1000
a contact +65400 +66000 2050 2052 1000
a contact +65400 +66000 2051 9007 1000
a contact +65400 +66000 2052 2050 1000
a contact +65400 +66000 2053 2048 1000
a contact +65400 +66000 2054 2047 1000
a contact +65400 +66000 2055 2009 1000
a contact +65400 +66000 2056 9012 1000
a contact +65400 +66000 2057 2046 1000
a contact +65400 +66000 2058 9006 1000
a contact +65400 +66000 2059 2040 1000
a contact +65400 +66000 2060 2041 1000
a contact +65400 +66000 2061 2036 1000
a contact +65400 +66000 2062 2039 1000
a contact +65400 +66000 2063 2035 1000
a contact +65400 +66000 2064 2005 1000
a contact +65400 +66000 9001 2002 1000
a contact +65400 +66000 9002 9011 1000
a contact +65400 +66000 9003 2018 1000
a contact +65400 +66000 9004 2031 1000
a contact +65400 +66000 9005 9008 1000
a contact +65400 +66000 9006 2058 1000
a contact +65400 +66000 9007 2051 1000
a contact +65400 +66000 9008 9005 1000
a contact +65400 +66000 9009 2017 1000
a contact +65400 +66000 9010 2010 1000
a contact +65400 +66000 9011 9002 1000
a contact +65400 +66000 9012 2056 1000
a contact +66000 +66600 2001 2045 1000
a contact +66000 +66600 2002 2038 1000
a contact +66000 +66600 2003 2012 1000
a contact +66000 +66600 2004 2030 1000
a contact +66000 +66600 2005 2031 1000
a contact +66000 +66600 2006 2043 1000
a contact +66000 +66600 2007 2008 1000
a contact +66000 +66600 2008 2007 1000
a contact +66000 +66600 2009 2021 1000
a contact +66000 +66600 2010 2037 1000
a contact +66000 +66600 2011 2035 1000
a contact +66000 +66600 2012 2003 1000
a contact +66000 +66600 2013 2026 1000
a contact +66000 +66600 2014 2028 1000
a contact +66000 +66600 2015 2027 1000
a contact +66000 +66600 2016 2023 1000
a contact +66000 +66600 2017 9006 1000
a contact +66000 +66600 2018 2029 1000
a contact +66000 +66600 2019 9003 1000
a contact +66000 +66600 2020 2044 1000
a contact +66000 +66600 2021 2009 1000
a contact +66000 +66600 2022 2024 1000
a contact +66000 +66600 2023 2016 1000
a contact +66000 +66600 2024 2022 1000
a contact +66000 +66600 2025 9004 1000
a contact +66000 +66600 2026 2013 1000
a contact +66000 +66600 2027 2015 1000
a contact +66000 +66600 2028 2014 1000
a contact +66000 +66600 2029 2018 1000
a contact +66000 +66600 2030 2004 1000
a contact +66000 +66600 2031 2005 1000
a contact +66000 +66600 2032 2061 1000
a contact +66000 +66600 2033 2051 1000
a contact +66000 +66600 2034 2050 1000
a contact +66000 +66600 2035 2011 1000
a contact +66000 +66600 2036 2060 1000
a contact +66000 +66600 2037 2010 1000
a contact +66000 +66600 2038 2002 1000
a contact +66000 +66600 2039 2055 1000
a contact +66000 +66600 2040 2054 1000
a contact +66000 +66600 2041 2059 1000
a contact +66000 +66600 2042 2053 1000
a contact +66000 +66600 2043 2006 1000
a contact +66000 +66600 2044 2020 1000
a contact +66000 +66600 2045 2001 1000
a contact +66000 +66600 2046 2052 1000
a contact +66000 +66600 2047 9010 1000
a contact +66000 +66600 2048 2064 1000
a contact +66000 +66600 2049 9009 1000
a contact +66000 +66600 2050 2034 1000
a contact +66000 +66600 2051 2033 1000
a contact +66000 +66600 2052 2046 1000
a contact +66000 +66600 2053 2042 1000
a contact +66000 +66600 2054 2040 1000
a contact +66000 +66600 2055 2039 1000
a contact +66000 +66600 2056 9007 1000
a contact +66000 +66600 2057 9012 1000
a contact +66000 +66600 2058 9001 1000
a contact +66000 +66600 2059 2041 1000
a contact +66000 +66600 2060 2036 1000
a contact +66000 +66600 2061 2032 1000
a contact +66000 +66600 2062 2063 1000
a contact +66000 +66600 2063 2062 1000
a contact +66000 +66600 2064 2048 1000
a contact +66000 +66600 9001 2058 1000
a contact +66000 +66600 9002 9005 1000
a contact +66000 +66600 9003 2019 1000
a contact +66000 +66600 9004 2025 1000
a contact +66000 +66600 9005 9002 1000
a contact +66000 +66600 9006 2017 1000
a contact +66000 +66600 9007 2056 1000
a contact +66000 +66600 9008 9011 1000
a contact +66000 +66600 9009 2049 1000
a contact +66000 +66600 9010 2047 1000
a contact +66000 +66600 9011 9008 1000
a contact +66000 +66600 9012 2057 1000
a contact +66600 +67200 2001 2050 1000
a contact +66600 +67200 2002 2031 1000
a contact +66600 +67200 2003 9001 1000
a contact +66600 +67200 2004 2055 1000
a contact +66600 +67200 2005 2035 1000
a contact +66600 +67200 2006 2044 1000
a contact +66600 +67200 2007 2029 1000
a contact +66600 +67200 2008 2036 1000
a contact +66600 +67200 2009 9012 1000
a contact +66600 +67200 2010 2043 1000
a contact +66600 +67200 2011 2034 1000
a contact +66600 +67200 2012 2037 1000
a contact +66600 +67200 2013 2033 1000
a contact +66600 +67200 2014 2015 1000
a contact +66600 +67200 2015 2014 1000
a contact +66600 +67200 2016 2030 1000
a contact +66600 +67200 2017 9003 1000
a contact +66600 +67200 2018 2028 1000
a contact +66600 +67200 2019 9006 1000
a contact +66600 +67200 2020 2026 1000
a contact +66600 +67200 2021 2023 1000
a contact +66600 +67200 2022 2025 1000
a contact +66600 +67200 2023 2021 1000
a contact +66600 +67200 2024 2027 1000
a contact +66600 +67200 2025 2022 1000
a contact +66600 +67200 2026 2020 1000
a contact +66600 +67200 2027 2024 1000
a contact +66600 +67200 2028 2018 1000
a contact +66600 +67200 2029 2007 1000
a contact +66600 +67200 2030 2016 1000
a contact +66600 +67200 2031 2002 1000
a contact +66600 +67200 2032 2060 1000
a contact +66600 +67200 2033 2013 1000
a contact +66600 +67200 2034 2011 1000
a contact +66600 +67200 2035 2005 1000
a contact +66600 +67200 2036 2008 1000
a contact +66600 +67200 2037 2012 1000
a contact +66600 +67200 2038 2062 1000
a contact +66600 +67200 2039 2058 1000
a contact +66600 +67200 2040 2061 1000
a contact +66600 +67200 2041 2053 1000
a contact +66600 +67200 2042 2059 1000
a contact +66600 +67200 2043 2010 1000
a contact +66600 +67200 2044 2006 1000
a contact +66600 +67200 2045 2054 1000
a contact +66600 +67200 2046 2064 1000
a contact +66600 +67200 2047 2052 1000
a contact +66600 +67200 2048 2051 1000
a contact +66600 +67200 2049 9007 1000
a contact +66600 +67200 2050 2001 1000
a contact +66600 +67200 2051 2048 1000
a contact +66600 +67200 2052 2047 1000
a contact +66600 +67200 2053 2041 1000
a contact +66600 +67200 2054 2045 1000
a contact +66600 +67200 2055 2004 1000
a contact +66600 +67200 2056 9010 1000
a contact +66600 +67200 2057 9009 1000
a contact +66600 +67200 2058 2039 1000
a contact +66600 +67200 2059 2042 1000
a contact +66600 +67200 2060 2032 1000
a contact +66600 +67200 2061 2040 1000
a contact +66600 +67200 2062 2038 1000
a contact +66600 +67200 2063 9004 1000
a contact +66600 +67200 2064 2046 1000
a contact +66600 +67200 9001 2003 1000
a contact +66600 +67200 9002 9008 1000
a contact +66600 +67200 9003 2017 1000
a contact +66600 +67200 9004 2063 1000
a contact +66600 +67200 9005 9011 1000
a contact +66600 +67200 9006 2019 1000
a contact +66600 +67200 9007 2049 1000
a contact +66600 +67200 9008 9002 1000
a contact +66600 +67200 9009 2057 1000
a contact +66600 +67200 9010 2056 1000
a contact +66600 +67200 9011 9005 1000
a contact +66600 +67200 9012 2009 1000
a contact +67200 +67800 2001 2051 1000
a contact +67200 +67800 2002 9010 1000
a contact +67200 +67800 2003 2036 1000
a contact +67200 +67800 2004 2063 1000
a contact +67200 +67800 2005 2043 1000
a contact +67200 +67800 2006 2045 1000
a contact +67200 +67800 2007 9004 1000
a contact +67200 +67800 2008 9001 1000
a contact +67200 +67800 2009 2042 1000
a contact +67200 +67800 2010 2055 1000
a contact +67200 +67800 2011 2037 1000
a contact +67200 +67800 2012 2029 1000
a contact +67200 +67800 2013 9012 1000
a contact +67200 +67800 2014 2034 1000
a contact +67200 +67800 2015 9009 1000
a contact +67200 +67800 2016 2038 1000
a contact +67200 +67800 2017 2033 1000
a contact +67200 +67800 2018 2032 1000
a contact +67200 +67800 2019 2028 1000
a contact +67200 +67800 2020 9003 1000
a contact +67200 +67800 2021 2030 1000
a contact +67200 +67800 2022 2023 1000
a contact +67200 +67800 2023 2022 1000
a contact +67200 +67800 2024 2026 1000
a contact +67200 +67800 2025 2027 1000
a contact +67200 +67800 2026 2024 1000
a contact +67200 +67800 2027 2025 1000
a contact +67200 +67800 2028 2019 1000
a contact +67200 +67800 2029 2012 1000
a contact +67200 +67800 2030 2021 1000
a contact +67200 +67800 2031 2049 1000
a contact +67200 +67800 2032 2018 1000
a contact +67200 +67800 2033 2017 1000
a contact +67200 +67800 2034 2014 1000
a contact +67200 +67800 2035 2059 1000
a contact +67200 +67800 2036 2003 1000
a contact +67200 +67800 2037 2011 1000
a contact +67200 +67800 2038 2016 1000
a contact +67200 +67800 2039 2060 1000
a contact +67200 +67800 2040 2058 1000
a contact +67200 +67800 2041 2062 1000
a contact +67200 +67800 2042 2009 1000
a contact +67200 +67800 2043 2005 1000
a contact +67200 +67800 2044 2057 1000
a contact +67200 +67800 2045 2006 1000
a contact +67200 +67800 2046 2056 1000
a contact +67200 +67800 2047 2061 1000
a contact +67200 +67800 2048 2054 1000
a contact +67200 +67800 2049 2031 1000
a contact +67200 +67800 2050 2053 1000
a contact +67200 +67800 2051 2001 1000
a contact +67200 +67800 2052 9006 1000
a contact +67200 +67800 2053 2050 1000
a contact +67200 +67800 2054 2048 1000
a contact +67200 +67800 2055 2010 1000
a contact +67200 +67800 2056 2046 1000
a contact +67200 +67800 2057 2044 1000
a contact +67200 +67800 2058 2040 1000
a contact +67200 +67800 2059 2035 1000
a contact +67200 +67800 2060 2039 1000
a contact +67200 +67800 2061 2047 1000
a contact +67200 +67800 2062 2041 1000
a contact +67200 +67800 2063 2004 1000
a contact +67200 +67800 2064 9007 1000
a contact +67200 +67800 9001 2008 1000
a contact +67200 +67800 9002 9011 1000
a contact +67200 +67800 9003 2020 1000
a contact +67200 +67800 9004 2007 1000
a contact +67200 +67800 9005 9008 1000
a contact +67200 +67800 9006 2052 1000
a contact +67200 +67800 9007 2064 1000
a contact +67200 +67800 9008 9005 1000
a contact +67200 +67800 9009 2015 1000
a contact +67200 +67800 9010 2002 1000
a contact +67200 +67800 9011 9002 1000
a contact +67200 +67800 9012 2013 1000
a contact +67800 +68400 2001 9003 1000
a contact +67800 +68400 2002 2011 1000
a contact +67800 +68400 2003 2015 1000
a contact +67800 +68400 2004 2050 1000
a contact +67800 +68400 2005 2045 1000
a contact +67800 +68400 2006 2049 1000
a contact +67800 +68400 2007 9007 1000
a contact +67800 +68400 2008 9004 1000
a contact +67800 +68400 2009 2030 1000
a contact +67800 +68400 2010 2036 1000
a contact +67800 +68400 2011 2002 1000
a contact +67800 +68400 2012 2034 1000
a contact +67800 +68400 2013 9001 1000
a contact +67800 +68400 2014 9010 1000
a contact +67800 +68400 2015 2003 1000
a contact +67800 +68400 2016 2033 1000
a contact +67800 +68400 2017 2042 1000
a contact +67800 +68400 2018 2027 1000
a contact +67800 +68400 2019 2041 1000
a contact +67800 +68400 2020 2043 1000
a contact +67800 +68400 2021 2056 1000
a contact +67800 +68400 2022 2029 1000
a contact +67800 +68400 2023 2054 1000
a contact +67800 +68400 2024 2032 1000
a contact +67800 +68400 2025 9009 1000
a contact +67800 +68400 2026 2028 1000
a contact +67800 +68400 2027 2018 1000
a contact +67800 +68400 2028 2026 1000
a contact +67800 +68400 2029 2022 1000
a contact +67800 +68400 2030 2009 1000
a contact +67800 +68400 2031 2052 1000
a contact +67800 +68400 2032 2024 1000
a contact +67800 +68400 2033 2016 1000
a contact +67800 +68400 2034 2012 1000
a contact +67800 +68400 2035 9006 1000
a contact +67800 +68400 2036 2010 1000
a contact +67800 +68400 2037 2063 1000
a contact +67800 +68400 2038 2061 1000
a contact +67800 +68400 2039 2053 1000
a contact +67800 +68400 2040 2055 1000
a contact +67800 +68400 2041 2019 1000
a contact +67800 +68400 2042 2017 1000
a contact +67800 +68400 2043 2020 1000
a contact +67800 +68400 2044 2062 1000
a contact +67800 +68400 2045 2005 1000
a contact +67800 +68400 2046 2060 1000
a contact +67800 +68400 2047 2059 1000
a contact +67800 +68400 2048 2058 1000
a contact +67800 +68400 2049 2006 1000
a contact +67800 +68400 2050 2004 1000
a contact +67800 +68400 2051 9012 1000
a contact +67800 +68400 2052 2031 1000
a contact +67800 +68400 2053 2039 1000
a contact +67800 +68400 2054 2023 1000
a contact +67800 +68400 2055 2040 1000
a contact +67800 +68400 2056 2021 1000
a contact +67800 +68400 2057 2064 1000
a contact +67800 +68400 2058 2048 1000
a contact +67800 +68400 2059 2047 1000
a contact +67800 +68400 2060 2046 1000
a contact +67800 +68400 2061 2038 1000
a contact +67800 +68400 2062 2044 1000
a contact +67800 +68400 2063 2037 1000
a contact +67800 +68400 2064 2057 1000
a contact +67800 +68400 9001 2013 1000
a contact +67800 +68400 9002 9005 1000
a contact +67800 +68400 9003 2001 1000
a contact +67800 +68400 9004 2008 1000
a contact +67800 +68400 9005 9002 1000
a contact +67800 +68400 9006 2035 1000
a contact +67800 +68400 9007 2007 1000
a contact +67800 +68400 9008 9011 1000
a contact +67800 +68400 9009 2025 1000
a contact +67800 +68400 9010 2014 1000
a contact +67800 +68400 9011 9008 1000
a contact +67800 +68400 9012 2051 1000
a contact +68400 +69000 2001 9009 1000
a contact +68400 +69000 2002 2008 1000
a contact +68400 +69000 2003 2019 1000
a contact +68400 +69000 2004 2064 1000
a contact +68400 +69000 2005 2047 1000
a contact +68400 +69000 2006 9006 1000
a contact +68400 +69000 2007 9001 1000
a contact +68400 +69000 2008 2002 1000
a contact +68400 +69000 2009 2029 1000
a contact +68400 +69000 2010 2034 1000
a contact +68400 +69000 2011 2042 1000
a contact +68400 +69000 2012 2036 1000
a contact +68400 +69000 2013 9004 1000
a contact +68400 +69000 2014 2024 1000
a contact +68400 +69000 2015 2033 1000
a contact +68400 +69000 2016 2032 1000
a contact +68400 +69000 2017 2031 1000
a contact +68400 +69000 2018 2035 1000
a contact +68400 +69000 2019 2003 1000
a contact +68400 +69000 2020 2030 1000
a contact +68400 +69000 2021 2027 1000
a contact +68400 +69000 2022 9012 1000
a contact +68400 +69000 2023 2048 1000
a contact +68400 +69000 2024 2014 1000
a contact +68400 +69000 2025 2026 1000
a contact +68400 +69000 2026 2025 1000
a contact +68400 +69000 2027 2021 1000
a contact +68400 +69000 2028 9003 1000
a contact +68400 +69000 2029 2009 1000
a contact +68400 +69000 2030 2020 1000
a contact +68400 +69000 2031 2017 1000
a contact +68400 +69000 2032 2016 1000
a contact +68400 +69000 2033 2015 1000
a contact +68400 +69000 2034 2010 1000
a contact +68400 +69000 2035 2018 1000
a contact +68400 +69000 2036 2012 1000
a contact +68400 +69000 2037 2060 1000
a contact +68400 +69000 2038 2059 1000
a contact +68400 +69000 2039 2054 1000
a contact +68400 +69000 2040 2053 1000
a contact +68400 +69000 2041 2063 1000
a contact +68400 +69000 2042 2011 1000
a contact +68400 +69000 2043 2062 1000
a contact +68400 +69000 2044 2061 1000
a contact +68400 +69000 2045 2058 1000
a contact +68400 +69000 2046 2055 1000
a contact +68400 +69000 2047 2005 1000
a contact +68400 +69000 2048 2023 1000
a contact +68400 +69000 2049 2056 1000
a contact +68400 +69000 2050 2051 1000
a contact +68400 +69000 2051 2050 1000
a contact +68400 +69000 2052 9010 1000
a contact +68400 +69000 2053 2040 1000
a contact +68400 +69000 2054 2039 1000
a contact +68400 +69000 2055 2046 1000
a contact +68400 +69000 2056 2049 1000
a contact +68400 +69000 2057 9007 1000
a contact +68400 +69000 2058 2045 1000
a contact +68400 +69000 2059 2038 1000
a contact +68400 +69000 2060 2037 1000
a contact +68400 +69000 2061 2044 1000
a contact +68400 +69000 2062 2043 1000
a contact +68400 +69000 2063 2041 1000
a contact +68400 +69000 2064 2004 1000
a contact +68400 +69000 9001 2007 1000
a contact +68400 +69000 9002 9008 1000
a contact +68400 +69000 9003 2028 1000
a contact +68400 +69000 9004 2013 1000
a contact +68400 +69000 9005 9011 1000
a contact +68400 +69000 9006 2006 1000
a contact +68400 +69000 9007 2057 1000
a contact +68400 +69000 9008 9002 1000
a contact +68400 +69000 9009 2001 1000
a contact +68400 +69000 9010 2052 1000
a contact +68400 +69000 9011 9005 1000
a contact +68400 +69000 9012 2022 1000
a contact +69000 +69600 2001 9006 1000
a contact +69000 +69600 2002 2009 1000
a contact +69000 +69600 2003 2046 1000
a contact +69000 +69600 2004 2016 1000
a contact +69000 +69600 2005 2063 1000
a contact +69000 +69600 2006 2048 1000
a contact +69000 +69600 2007 2041 1000
a contact +69000 +69600 2008 9007 1000
a contact +69000 +69600 2009 2002 1000
a contact +69000 +69600 2010 2039 1000
a contact +69000 +69600 2011 2038 1000
a contact +69000 +69600 2012 2028 1000
a contact +69000 +69600 2013 2025 1000
a contact +69000 +69600 2014 9004 1000
a contact +69000 +69600 2015 9001 1000
a contact +69000 +69600 2016 2004 1000
a contact +69000 +69600 2017 2032 1000
a contact +69000 +69600 2018 2040 1000
a contact +69000 +69600 2019 2037 1000
a contact +69000 +69600 2020 2031 1000
a contact +69000 +69600 2021 2042 1000
a contact +69000 +69600 2022 2030 1000
a contact +69000 +69600 2023 2033 1000
a contact +69000 +69600 2024 9012 1000
a contact +69000 +69600 2025 2013 1000
a contact +69000 +69600 2026 2027 1000
a contact +69000 +69600 2027 2026 1000
a contact +69000 +69600 2028 2012 1000
a contact +69000 +69600 2029 2062 1000
a contact +69000 +69600 2030 2022 1000
a contact +69000 +69600 2031 2020 1000
a contact +69000 +69600 2032 2017 1000
a contact +69000 +69600 2033 2023 1000
a contact +69000 +69600 2034 9009 1000
a contact +69000 +69600 2035 9003 1000
a contact +69000 +69600 2036 2064 1000
a contact +69000 +69600 2037 2019 1000
a contact +69000 +69600 2038 2011 1000
a contact +69000 +69600 2039 2010 1000
a contact +69000 +69600 2040 2018 1000
a contact +69000 +69600 2041 2007 1000
a contact +69000 +69600 2042 2021 1000
a contact +69000 +69600 2043 2061 1000
a contact +69000 +69600 2044 2060 1000
a contact +69000 +69600 2045 2059 1000
a contact +69000 +69600 2046 2003 1000
a contact +69000 +69600 2047 2058 1000
a contact +69000 +69600 2048 2006 1000
a contact +69000 +69600 2049 2057 1000
a contact +69000 +69600 2050 2056 1000
a contact +69000 +69600 2051 9010 1000
a contact +69000 +69600 2052 2055 1000
a contact +69000 +69600 2053 2054 1000
a contact +69000 +69600 2054 2053 1000
a contact +69000 +69600 2055 2052 1000
a contact +69000 +69600 2056 2050 1000
a contact +69000 +69600 2057 2049 1000
a contact +69000 +69600 2058 2047 1000
a contact +69000 +69600 2059 2045 1000
a contact +69000 +69600 2060 2044 1000
a contact +69000 +69600 2061 2043 1000
a contact +69000 +69600 2062 2029 1000
a contact +69000 +69600 2063 2005 1000
a contact +69000 +69600 2064 2036 1000
a contact +69000 +69600 9001 2015 1000
a contact +69000 +69600 9002 9011 1000
a contact +69000 +69600 9003 2035 1000
a contact +69000 +69600 9004 2014 1000
a contact +69000 +69600 9005 9008 1000
a contact +69000 +69600 9006 2001 1000
a contact +69000 +69600 9007 2008 1000
a contact +69000 +69600 9008 9005 1000
a contact +69000 +69600 9009 2034 1000
a contact +69000 +69600 9010 2051 1000
a contact +69000 +69600 9011 9002 1000
a contact +69000 +69600 9012 2024 1000
a contact +69600 +70200 2001 2010 1000
a contact +69600 +70200 2002 2028 1000
a contact +69600 +70200 2003 2056 1000
a contact +69600 +70200 2004 2019 1000
a contact +69600 +70200 2005 9003 1000
a contact +69600 +70200 2006 2064 1000
a contact +69600 +70200 2007 2033 1000
a contact +69600 +70200 2008 2040 1000
a contact +69600 +70200 2009 2027 1000
a contact +69600 +70200 2010 2001 1000
a contact +69600 +70200 2011 2043 1000
a contact +69600 +70200 2012 2047 1000
a contact +69600 +70200 2013 2041 1000
a contact +69600 +70200 2014 9001 1000
a contact +69600 +70200 2015 2018 1000
a contact +69600 +70200 2016 2036 1000
a contact +69600 +70200 2017 2039 1000
a contact +69600 +70200 2018 2015 1000
a contact +69600 +70200 2019 2004 1000
a contact +69600 +70200 2020 2037 1000
a contact +69600 +70200 2021 2032 1000
a contact +69600 +70200 2022 2031 1000
a contact +69600 +70200 2023 2030 1000
a contact +69600 +70200 2024 2029 1000
a contact +69600 +70200 2025 9012 1000
a contact +69600 +70200 2026 9009 1000
a contact +69600 +70200 2027 2009 1000
a contact +69600 +70200 2028 2002 1000
a contact +69600 +70200 2029 2024 1000
a contact +69600 +70200 2030 2023 1000
a contact +69600 +70200 2031 2022 1000
a contact +69600 +70200 2032 2021 1000
a contact +69600 +70200 2033 2007 1000
a contact +69600 +70200 2034 9006 1000
a contact +69600 +70200 2035 2045 1000
a contact +69600 +70200 2036 2016 1000
a contact +69600 +70200 2037 2020 1000
a contact +69600 +70200 2038 2060 1000
a contact +69600 +70200 2039 2017 1000
a contact +69600 +70200 2040 2008 1000
a contact +69600 +70200 2041 2013 1000
a contact +69600 +70200 2042 2063 1000
a contact +69600 +70200 2043 2011 1000
a contact +69600 +70200 2044 2059 1000
a contact +69600 +70200 2045 2035 1000
a contact +69600 +70200 2046 2061 1000
a contact +69600 +70200 2047 2012 1000
a contact +69600 +70200 2048 9010 1000
a contact +69600 +70200 2049 2058 1000
a contact +69600 +70200 2050 9007 1000
a contact +69600 +70200 2051 2053 1000
a contact +69600 +70200 2052 2054 1000
a contact +69600 +70200 2053 2051 1000
a contact +69600 +70200 2054 2052 1000
a contact +69600 +70200 2055 2062 1000
a contact +69600 +70200 2056 2003 1000
a contact +69600 +70200 2057 9004 1000
a contact +69600 +70200 2058 2049 1000
a contact +69600 +70200 2059 2044 1000
a contact +69600 +70200 2060 2038 1000
a contact +69600 +70200 2061 2046 1000
a contact +69600 +70200 2062 2055 1000
a contact +69600 +70200 2063 2042 1000
a contact +69600 +70200 2064 2006 1000
a contact +69600 +70200 9001 2014 1000
a contact +69600 +70200 9002 9005 1000
a contact +69600 +70200 9003 2005 1000
a contact +69600 +70200 9004 2057 1000
a contact +69600 +70200 9005 9002 1000
a contact +69600 +70200 9006 2034 1000
a contact +69600 +70200 9007 2050 1000
a contact +69600 +70200 9008 9011 1000
a contact +69600 +70200 9009 2026 1000
a contact +69600 +70200 9010 2048 1000
a contact +69600 +70200 9011 9008 1000
a contact +69600 +70200 9012 2025 1000
a contact +70200 +70800 2001 2052 1000
a contact +70200 +70800 2002 2027 1000
a contact +70200 +70800 2003 2016 1000
a contact +70200 +70800 2004 2022 1000
a contact +70200 +70800 2005 2014 1000
a contact +70200 +70800 2006 9009 1000
a contact +70200 +70800 2007 2048 1000
a contact +70200 +70800 2008 2026 1000
a contact +70200 +70800 2009 2032 1000
a contact +70200 +70800 2010 2062 1000
a contact +70200 +70800 2011 2039 1000
a contact +70200 +70800 2012 2025 1000
a contact +70200 +70800 2013 2024 1000
a contact +70200 +70800 2014 2005 1000
a contact +70200 +70800 2015 9004 1000
a contact +70200 +70800 2016 2003 1000
a contact +70200 +70800 2017 9007 1000
a contact +70200 +70800 2018 9012 1000
a contact +70200 +70800 2019 2030 1000
a contact +70200 +70800 2020 2040 1000
a contact +70200 +70800 2021 2037 1000
a contact +70200 +70800 2022 2004 1000
a contact +70200 +70800 2023 2036 1000
a contact +70200 +70800 2024 2013 1000
a contact +70200 +70800 2025 2012 1000
a contact +70200 +70800 2026 2008 1000
a contact +70200 +70800 2027 2002 1000
a contact +70200 +70800 2028 2029 1000
a contact +70200 +70800 2029 2028 1000
a contact +70200 +70800 2030 2019 1000
a contact +70200 +70800 2031 2047 1000
a contact +70200 +70800 2032 2009 1000
a contact +70200 +70800 2033 9006 1000
a contact +70200 +70800 2034 9003 1000
a contact +70200 +70800 2035 2064 1000
a contact +70200 +70800 2036 2023 1000
a contact +70200 +70800 2037 2021 1000
a contact +70200 +70800 2038 2053 1000
a contact +70200 +70800 2039 2011 1000
a contact +70200 +70800 2040 2020 1000
a contact +70200 +70800 2041 2061 1000
a contact +70200 +70800 2042 2060 1000
a contact +70200 +70800 2043 2063 1000
a contact +70200 +70800 2044 2058 1000
a contact +70200 +70800 2045 2055 1000
a contact +70200 +70800 2046 2059 1000
a contact +70200 +70800 2047 2031 1000
a contact +70200 +70800 2048 2007 1000
a contact +70200 +70800 2049 2054 1000
a contact +70200 +70800 2050 9010 1000
a contact +70200 +70800 2051 2056 1000
a contact +70200 +70800 2052 2001 1000
a contact +70200 +70800 2053 2038 1000
a contact +70200 +70800 2054 2049 1000
a contact +70200 +70800 2055 2045 1000
a contact +70200 +70800 2056 2051 1000
a contact +70200 +70800 2057 9001 1000
a contact +70200 +70800 2058 2044 1000
a contact +70200 +70800 2059 2046 1000
a contact +70200 +70800 2060 2042 1000
a contact +70200 +70800 2061 2041 1000
a contact +70200 +70800 2062 2010 1000
a contact +70200 +70800 2063 2043 1000
a contact +70200 +70800 2064 2035 1000
a contact +70200 +70800 9001 2057 1000
a contact +70200 +70800 9002 9008 1000
a contact +70200 +70800 9003 2034 1000
a contact +70200 +70800 9004 2015 1000
a contact +70200 +70800 9005 9011 1000
a contact +70200 +70800 9006 2033 1000
a contact +70200 +70800 9007 2017 1000
a contact +70200 +70800 9008 9002 1000
a contact +70200 +70800 9009 2006 1000
a contact +70200 +70800 9010 2050 1000
a contact +70200 +70800 9011 9005 1000
a contact +70200 +70800 9012 2018 1000
a contact +70800 +71400 2001 2053 1000
a contact +70800 +71400 2002 2029 1000
a contact +70800 +71400 2003 2048 1000
a contact +70800 +71400 2004 2026 1000
a contact +70800 +71400 2005 2046 1000
a contact +70800 +71400 2006 2051 1000
a contact +70800 +71400 2007 2032 1000
a contact +70800 +71400 2008 2039 1000
a contact +70800 +71400 2009 2028 1000
a contact +70800 +71400 2010 2061 1000
a contact +70800 +71400 2011 2041 1000
a contact +70800 +71400 2012 9009 1000
a contact +70800 +71400 2013 2037 1000
a contact +70800 +71400 2014 2036 1000
a contact +70800 +71400 2015 2031 1000
a contact +70800 +71400 2016 2034 1000
a contact +70800 +71400 2017 9001 1000
a contact +70800 +71400 2018 2038 1000
a contact +70800 +71400 2019 9007 1000
a contact +70800 +71400 2020 2035 1000
a contact +70800 +71400 2021 9012 1000
a contact +70800 +71400 2022 2027 1000
a contact +70800 +71400 2023 2025 1000
a contact +70800 +71400 2024 2030 1000
a contact +70800 +71400 2025 2023 1000
a contact +70800 +71400 2026 2004 1000
a contact +70800 +71400 2027 2022 1000
a contact +70800 +71400 2028 2009 1000
a contact +70800 +71400 2029 2002 1000
a contact +70800 +71400 2030 2024 1000
a contact +70800 +71400 2031 2015 1000
a contact +70800 +71400 2032 2007 1000
a contact +70800 +71400 2033 9003 1000
a contact +70800 +71400 2034 2016 1000
a contact +70800 +71400 2035 2020 1000
a contact +70800 +71400 2036 2014 1000
a contact +70800 +71400 2037 2013 1000
a contact +70800 +71400 2038 2018 1000
a contact +70800 +71400 2039 2008 1000
a contact +70800 +71400 2040 2063 1000
a contact +70800 +71400 2041 2011 1000
a contact +70800 +71400 2042 2062 1000
a contact +70800 +71400 2043 2060 1000
a contact +70800 +71400 2044 2055 1000
a contact +70800 +71400 2045 2052 1000
a contact +70800 +71400 2046 2005 1000
a contact +70800 +71400 2047 9006 1000
a contact +70800 +71400 2048 2003 1000
a contact +70800 +71400 2049 2059 1000
a contact +70800 +71400 2050 2058 1000
a contact +70800 +71400 2051 2006 1000
a contact +70800 +71400 2052 2045 1000
a contact +70800 +71400 2053 2001 1000
a contact +70800 +71400 2054 2064 1000
a contact +70800 +71400 2055 2044 1000
a contact +70800 +71400 2056 9004 1000
a contact +70800 +71400 2057 9010 1000
a contact +70800 +71400 2058 2050 1000
a contact +70800 +71400 2059 2049 1000
a contact +70800 +71400 2060 2043 1000
a contact +70800 +71400 2061 2010 1000
a contact +70800 +71400 2062 2042 1000
a contact +70800 +71400 2063 2040 1000
a contact +70800 +71400 2064 2054 1000
a contact +70800 +71400 9001 2017 1000
a contact +70800 +71400 9002 9011 1000
a contact +70800 +71400 9003 2033 1000
a contact +70800 +71400 9004 2056 1000
a contact +70800 +71400 9005 9008 1000
a contact +70800 +71400 9006 2047 1000
a contact +70800 +71400 9007 2019 1000
a contact +70800 +71400 9008 9005 1000
a contact +70800 +71400 9009 2012 1000
a contact +70800 +71400 9010 2057 1000
a contact +70800 +71400 9011 9002 1000
a contact +70800 +71400 9012 2021 1000
a contact +71400 +72000 2001 2054 1000
a contact +71400 +72000 2002 2049 1000
a contact +71400 +72000 2003 9010 1000
a contact +71400 +72000 2004 2047 1000
a contact +71400 +72000 2005 2048 1000
a contact +71400 +72000 2006 2046 1000
a contact +71400 +72000 2007 2012 1000
a contact +71400 +72000 2008 2033 1000
a contact +71400 +72000 2009 2026 1000
a contact +71400 +72000 2010 2058 1000
a contact +71400 +72000 2011 2045 1000
a contact +71400 +72000 2012 2007 1000
a contact +71400 +72000 2013 9012 1000
a contact +71400 +72000 2014 2037 1000
a contact +71400 +72000 2015 2032 1000
a contact +71400 +72000 2016 2035 1000
a contact +71400 +72000 2017 2044 1000
a contact +71400 +72000 2018 2034 1000
a contact +71400 +72000 2019 9001 1000
a contact +71400 +72000 2020 2039 1000
a contact +71400 +72000 2021 2043 1000
a contact +71400 +72000 2022 2040 1000
a contact +71400 +72000 2023 2031 1000
a contact +71400 +72000 2024 9009 1000
a contact +71400 +72000 2025 9006 1000
a contact +71400 +72000 2026 2009 1000
a contact +71400 +72000 2027 2029 1000
a contact +71400 +72000 2028 2030 1000
a contact +71400 +72000 2029 2027 1000
a contact +71400 +72000 2030 2028 1000
a contact +71400 +72000 2031 2023 1000
a contact +71400 +72000 2032 2015 1000
a contact +71400 +72000 2033 2008 1000
a contact +71400 +72000 2034 2018 1000
a contact +71400 +72000 2035 2016 1000
a contact +71400 +72000 2036 2041 1000
a contact +71400 +72000 2037 2014 1000
a contact +71400 +72000 2038 2064 1000
a contact +71400 +72000 2039 2020 1000
a contact +71400 +72000 2040 2022 1000
a contact +71400 +72000 2041 2036 1000
a contact +71400 +72000 2042 2061 1000
a contact +71400 +72000 2043 2021 1000
a contact +71400 +72000 2044 2017 1000
a contact +71400 +72000 2045 2011 1000
a contact +71400 +72000 2046 2006 1000
a contact +71400 +72000 2047 2004 1000
a contact +71400 +72000 2048 2005 1000
a contact +71400 +72000 2049 2002 1000
a contact +71400 +72000 2050 2060 1000
a contact +71400 +72000 2051 9004 1000
a contact +71400 +72000 2052 2053 1000
a contact +71400 +72000 2053 2052 1000
a contact +71400 +72000 2054 2001 1000
a contact +71400 +72000 2055 9007 1000
a contact +71400 +72000 2056 2063 1000
a contact +71400 +72000 2057 9003 1000
a contact +71400 +72000 2058 2010 1000
a contact +71400 +72000 2059 2062 1000
a contact +71400 +72000 2060 2050 1000
a contact +71400 +72000 2061 2042 1000
a contact +71400 +72000 2062 2059 1000
a contact +71400 +72000 2063 2056 1000
a contact +71400 +72000 2064 2038 1000
a contact +71400 +72000 9001 2019 1000
a contact +71400 +72000 9002 9005 1000
a contact +71400 +72000 9003 2057 1000
a contact +71400 +72000 9004 2051 1000
a contact +71400 +72000 9005 9002 1000
a contact +71400 +72000 9006 2025 1000
a contact +71400 +72000 9007 2055 1000
a contact +71400 +72000 9008 9011 1000
a contact +71400 +72000 9009 2024 1000
a contact +71400 +72000 9010 2003 1000
a contact +71400 +72000 9011 9008 1000
a contact +71400 +72000 9012 2013 1000
a contact +72000 +72600 2001 2055 1000
a contact +72000 +72600 2002 2026 1000
a contact +72000 +72600 2003 2047 1000
a contact +72000 +72600 2004 2013 1000
a contact +72000 +72600 2005 2049 1000
a contact +72000 +72600 2006 2063 1000
a contact +72000 +72600 2007 9010 1000
a contact +72000 +72600 2008 2035 1000
a contact +72000 +72600 2009 2041 1000
a contact +72000 +72600 2010 2040 1000
a contact +72000 +72600 2011 2048 1000
a contact +72000 +72600 2012 2027 1000
a contact +72000 +72600 2013 2004 1000
a contact +72000 +72600 2014 2016 1000
a contact +72000 +72600 2015 2038 1000
a contact +72000 +72600 2016 2014 1000
a contact +72000 +72600 2017 9004 1000
a contact +72000 +72600 2018 2033 1000
a contact +72000 +72600 2019 2039 1000
a contact +72000 +72600 2020 2036 1000
a contact +72000 +72600 2021 2034 1000
a contact +72000 +72600 2022 2042 1000
a contact +72000 +72600 2023 2037 1000
a contact +72000 +72600 2024 9006 1000
a contact +72000 +72600 2025 2031 1000
a contact +72000 +72600 2026 2002 1000
a contact +72000 +72600 2027 2012 1000
a contact +72000 +72600 2028 9012 1000
a contact +72000 +72600 2029 9003 1000
a contact +72000 +72600 2030 2032 1000
a contact +72000 +72600 2031 2025 1000
a contact +72000 +72600 2032 2030 1000
a contact +72000 +72600 2033 2018 1000
a contact +72000 +72600 2034 2021 1000
a contact +72000 +72600 2035 2008 1000
a contact +72000 +72600 2036 2020 1000
a contact +72000 +72600 2037 2023 1000
a contact +72000 +72600 2038 2015 1000
a contact +72000 +72600 2039 2019 1000
a contact +72000 +72600 2040 2010 1000
a contact +72000 +72600 2041 2009 1000
a contact +72000 +72600 2042 2022 1000
a contact +72000 +72600 2043 2059 1000
a contact +72000 +72600 2044 2064 1000
a contact +72000 +72600 2045 2062 1000
a contact +72000 +72600 2046 9007 1000
a contact +72000 +72600 2047 2003 1000
a contact +72000 +72600 2048 2011 1000
a contact +72000 +72600 2049 2005 1000
a contact +72000 +72600 2050 9001 1000
a contact +72000 +72600 2051 2061 1000
a contact +72000 +72600 2052 2060 1000
a contact +72000 +72600 2053 2058 1000
a contact +72000 +72600 2054 2056 1000
a contact +72000 +72600 2055 2001 1000
a contact +72000 +72600 2056 2054 1000
a contact +72000 +72600 2057 9009 1000
a contact +72000 +72600 2058 2053 1000
a contact +72000 +72600 2059 2043 1000
a contact +72000 +72600 2060 2052 1000
a contact +72000 +72600 2061 2051 1000
a contact +72000 +72600 2062 2045 1000
a contact +72000 +72600 2063 2006 1000
a contact +72000 +72600 2064 2044 1000
a contact +72000 +72600 9001 2050 1000
a contact +72000 +72600 9002 9008 1000
a contact +72000 +72600 9003 2029 1000
a contact +72000 +72600 9004 2017 1000
a contact +72000 +72600 9005 9011 1000
a contact +72000 +72600 9006 2024 1000
a contact +72000 +72600 9007 2046 1000
a contact +72000 +72600 9008 9002 1000
a contact +72000 +72600 9009 2057 1000
a contact +72000 +72600 9010 2007 1000
a contact +72000 +72600 9011 9005 1000
a contact +72000 +72600 9012 2028 1000
a contact +72600 +73200 2001 2056 1000
a contact +72600 +73200 2002 2047 1000
a contact +72600 +73200 2003 2050 1000
a contact +72600 +73200 2004 2027 1000
a contact +72600 +73200 2005 2051 1000
a contact +72600 +73200 2006 9003 1000
a contact +72600 +73200 2007 2024 1000
a contact +72600 +73200 2008 2020 1000
a contact +72600 +73200 2009 2025 1000
a contact +72600 +73200 2010 2033 1000
a contact +72600 +73200 2011 2044 1000
a contact +72600 +73200 2012 9006 1000
a contact +72600 +73200 2013 2038 1000
a contact +72600 +73200 2014 2017 1000
a contact +72600 +73200 2015 9007 1000
a contact +72600 +73200 2016 2026 1000
a contact +72600 +73200 2017 2014 1000
a contact +72600 +73200 2018 2043 1000
a contact +72600 +73200 2019 2034 1000
a contact +72600 +73200 2020 2008 1000
a contact +72600 +73200 2021 2036 1000
a contact +72600 +73200 2022 2039 1000
a contact +72600 +73200 2023 2040 1000
a contact +72600 +73200 2024 2007 1000
a contact +72600 +73200 2025 2009 1000
a contact +72600 +73200 2026 2016 1000
a contact +72600 +73200 2027 2004 1000
a contact +72600 +73200 2028 2035 1000
a contact +72600 +73200 2029 2037 1000
a contact +72600 +73200 2030 2042 1000
a contact +72600 +73200 2031 9012 1000
a contact +72600 +73200 2032 9009 1000
a contact +72600 +73200 2033 2010 1000
a contact +72600 +73200 2034 2019 1000
a contact +72600 +73200 2035 2028 1000
a contact +72600 +73200 2036 2021 1000
a contact +72600 +73200 2037 2029 1000
a contact +72600 +73200 2038 2013 1000
a contact +72600 +73200 2039 2022 1000
a contact +72600 +73200 2040 2023 1000
a contact +72600 +73200 2041 9010 1000
a contact +72600 +73200 2042 2030 1000
a contact +72600 +73200 2043 2018 1000
a contact +72600 +73200 2044 2011 1000
a contact +72600 +73200 2045 2063 1000
a contact +72600 +73200 2046 9004 1000
a contact +72600 +73200 2047 2002 1000
a contact +72600 +73200 2048 2062 1000
a contact +72600 +73200 2049 9001 1000
a contact +72600 +73200 2050 2003 1000
a contact +72600 +73200 2051 2005 1000
a contact +72600 +73200 2052 2061 1000
a contact +72600 +73200 2053 2060 1000
a contact +72600 +73200 2054 2059 1000
a contact +72600 +73200 2055 2057 1000
a contact +72600 +73200 2056 2001 1000
a contact +72600 +73200 2057 2055 1000
a contact +72600 +73200 2058 2064 1000
a contact +72600 +73200 2059 2054 1000
a contact +72600 +73200 2060 2053 1000
a contact +72600 +73200 2061 2052 1000
a contact +72600 +73200 2062 2048 1000
a contact +72600 +73200 2063 2045 1000
a contact +72600 +73200 2064 2058 1000
a contact +72600 +73200 9001 2049 1000
a contact +72600 +73200 9002 9011 1000
a contact +72600 +73200 9003 2006 1000
a contact +72600 +73200 9004 2046 1000
a contact +72600 +73200 9005 9008 1000
a contact +72600 +73200 9006 2012 1000
a contact +72600 +73200 9007 2015 1000
a contact +72600 +73200 9008 9005 1000
a contact +72600 +73200 9009 2032 1000
a contact +72600 +73200 9010 2041 1000
a contact +72600 +73200 9011 9002 1000
a contact +72600 +73200 9012 2031 1000
a contact +73200 +73800 2001 2058 1000
a contact +73200 +73800 2002 2016 1000
a contact +73200 +73800 2003 2017 1000
a contact +73200 +73800 2004 2046 1000
a contact +73200 +73800 2005 2052 1000
a contact +73200 +73800 2006 2060 1000
a contact +73200 +73800 2007 2042 1000
a contact +73200 +73800 2008 9010 1000
a contact +73200 +73800 2009 2024 1000
a contact +73200 +73800 2010 2045 1000
a contact +73200 +73800 2011 2047 1000
a contact +73200 +73800 2012 2032 1000
a contact +73200 +73800 2013 2036 1000
a contact +73200 +73800 2014 9007 1000
a contact +73200 +73800 2015 2043 1000
a contact +73200 +73800 2016 2002 1000
a contact +73200 +73800 2017 2003 1000
a contact +73200 +73800 2018 2039 1000
a contact +73200 +73800 2019 2044 1000
a contact +73200 +73800 2020 9004 1000
a contact +73200 +73800 2021 2035 1000
a contact +73200 +73800 2022 2037 1000
a contact +73200 +73800 2023 2026 1000
a contact +73200 +73800 2024 2009 1000
a contact +73200 +73800 2025 2033 1000
a contact +73200 +73800 2026 2023 1000
a contact +73200 +73800 2027 2034 1000
a contact +73200 +73800 2028 2038 1000
a contact +73200 +73800 2029 2031 1000
a contact +73200 +73800 2030 9012 1000
a contact +73200 +73800 2031 2029 1000
a contact +73200 +73800 2032 2012 1000
a contact +73200 +73800 2033 2025 1000
a contact +73200 +73800 2034 2027 1000
a contact +73200 +73800 2035 2021 1000
a contact +73200 +73800 2036 2013 1000
a contact +73200 +73800 2037 2022 1000
a contact +73200 +73800 2038 2028 1000
a contact +73200 +73800 2039 2018 1000
a contact +73200 +73800 2040 2064 1000
a contact +73200 +73800 2041 2056 1000
a contact +73200 +73800 2042 2007 1000
a contact +73200 +73800 2043 2015 1000
a contact +73200 +73800 2044 2019 1000
a contact +73200 +73800 2045 2010 1000
a contact +73200 +73800 2046 2004 1000
a contact +73200 +73800 2047 2011 1000
a contact +73200 +73800 2048 2061 1000
a contact +73200 +73800 2049 9003 1000
a contact +73200 +73800 2050 9009 1000
a contact +73200 +73800 2051 9001 1000
a contact +73200 +73800 2052 2005 1000
a contact +73200 +73800 2053 2062 1000
a contact +73200 +73800 2054 2063 1000
a contact +73200 +73800 2055 2059 1000
a contact +73200 +73800 2056 2041 1000
a contact +73200 +73800 2057 9006 1000
a contact +73200 +73800 2058 2001 1000
a contact +73200 +73800 2059 2055 1000
a contact +73200 +73800 2060 2006 1000
a contact +73200 +73800 2061 2048 1000
a contact +73200 +73800 2062 2053 1000
a contact +73200 +73800 2063 2054 1000
a contact +73200 +73800 2064 2040 1000
a contact +73200 +73800 9001 2051 1000
a contact +73200 +73800 9002 9005 1000
a contact +73200 +73800 9003 2049 1000
a contact +73200 +73800 9004 2020 1000
a contact +73200 +73800 9005 9002 1000
a contact +73200 +73800 9006 2057 1000
a contact +73200 +73800 9007 2014 1000
a contact +73200 +73800 9008 9011 1000
a contact +73200 +73800 9009 2050 1000
a contact +73200 +73800 9010 2008 1000
a contact +73200 +73800 9011 9008 1000
a contact +73200 +73800 9012 2030 1000
a contact +73800 +74400 2001 9001 1000
a contact +73800 +74400 2002 2014 1000
a contact +73800 +74400 2003 2057 1000
a contact +73800 +74400 2004 2049 1000
a contact +73800 +74400 2005 2055 1000
a contact +73800 +74400 2006 2050 1000
a contact +73800 +74400 2007 2035 1000
a contact +73800 +74400 2008 2024 1000
a contact +73800 +74400 2009 2045 1000
a contact +73800 +74400 2010 2044 1000
a contact +73800 +74400 2011 2046 1000
a contact +73800 +74400 2012 2023 1000
a contact +73800 +74400 2013 9007 1000
a contact +73800 +74400 2014 2002 1000
a contact +73800 +74400 2015 9010 1000
a contact +73800 +74400 2016 2040 1000
a contact +73800 +74400 2017 2034 1000
a contact +73800 +74400 2018 2037 1000
a contact +73800 +74400 2019 2043 1000
a contact +73800 +74400 2020 2038 1000
a contact +73800 +74400 2021 2039 1000
a contact +73800 +74400 2022 2036 1000
a contact +73800 +74400 2023 2012 1000
a contact +73800 +74400 2024 2008 1000
a contact +73800 +74400 2025 2032 1000
a contact +73800 +74400 2026 2033 1000
a contact +73800 +74400 2027 2028 1000
a contact +73800 +74400 2028 2027 1000
a contact +73800 +74400 2029 9012 1000
a contact +73800 +74400 2030 9009 1000
a contact +73800 +74400 2031 9006 1000
a contact +73800 +74400 2032 2025 1000
a contact +73800 +74400 2033 2026 1000
a contact +73800 +74400 2034 2017 1000
a contact +73800 +74400 2035 2007 1000
a contact +73800 +74400 2036 2022 1000
a contact +73800 +74400 2037 2018 1000
a contact +73800 +74400 2038 2020 1000
a contact +73800 +74400 2039 2021 1000
a contact +73800 +74400 2040 2016 1000
a contact +73800 +74400 2041 2064 1000
a contact +73800 +74400 2042 2054 1000
a contact +73800 +74400 2043 2019 1000
a contact +73800 +74400 2044 2010 1000
a contact +73800 +74400 2045 2009 1000
a contact +73800 +74400 2046 2011 1000
a contact +73800 +74400 2047 2062 1000
a contact +73800 +74400 2048 2063 1000
a contact +73800 +74400 2049 2004 1000
a contact +73800 +74400 2050 2006 1000
a contact +73800 +74400 2051 2060 1000
a contact +73800 +74400 2052 9004 1000
a contact +73800 +74400 2053 2061 1000
a contact +73800 +74400 2054 2042 1000
a contact +73800 +74400 2055 2005 1000
a contact +73800 +74400 2056 2059 1000
a contact +73800 +74400 2057 2003 1000
a contact +73800 +74400 2058 9003 1000
a contact +73800 +74400 2059 2056 1000
a contact +73800 +74400 2060 2051 1000
a contact +73800 +74400 2061 2053 1000
a contact +73800 +74400 2062 2047 1000
a contact +73800 +74400 2063 2048 1000
a contact +73800 +74400 2064 2041 1000
a contact +73800 +74400 9001 2001 1000
a contact +73800 +74400 9002 9008 1000
a contact +73800 +74400 9003 2058 1000
a contact +73800 +74400 9004 2052 1000
a contact +73800 +74400 9005 9011 1000
a contact +73800 +74400 9006 2031 1000
a contact +73800 +74400 9007 2013 1000
a contact +73800 +74400 9008 9002 1000
a contact +73800 +74400 9009 2030 1000
a contact +73800 +74400 9010 2015 1000
a contact +73800 +74400 9011 9005 1000
a contact +73800 +74400 9012 2029 1000
a contact +74400 +75000 2001 9007 1000
a contact +74400 +75000 2002 2015 1000
a contact +74400 +75000 2003 2031 1000
a contact +74400 +75000 2004 2023 1000
a contact +74400 +75000 2005 2050 1000
a contact +74400 +75000 2006 9004 1000
a contact +74400 +75000 2007 2016 1000
a contact +74400 +75000 2008 2012 1000
a contact +74400 +75000 2009 2048 1000
a contact +74400 +75000 2010 2057 1000
a contact +74400 +75000 2011 2049 1000
a contact +74400 +75000 2012 2008 1000
a contact +74400 +75000 2013 9010 1000
a contact +74400 +75000 2014 2035 1000
a contact +74400 +75000 2015 2002 1000
a contact +74400 +75000 2016 2007 1000
a contact +74400 +75000 2017 2026 1000
a contact +74400 +75000 2018 2024 1000
a contact +74400 +75000 2019 2033 1000
a contact +74400 +75000 2020 2034 1000
a contact +74400 +75000 2021 2046 1000
a contact +74400 +75000 2022 2041 1000
a contact +74400 +75000 2023 2004 1000
a contact +74400 +75000 2024 2018 1000
a contact +74400 +75000 2025 2043 1000
a contact +74400 +75000 2026 2017 1000
a contact +74400 +75000 2027 2037 1000
a contact +74400 +75000 2028 2036 1000
a contact +74400 +75000 2029 9009 1000
a contact +74400 +75000 2030 2040 1000
a contact +74400 +75000 2031 2003 1000
a contact +74400 +75000 2032 2039 1000
a contact +74400 +75000 2033 2019 1000
a contact +74400 +75000 2034 2020 1000
a contact +74400 +75000 2035 2014 1000
a contact +74400 +75000 2036 2028 1000
a contact +74400 +75000 2037 2027 1000
a contact +74400 +75000 2038 9003 1000
a contact +74400 +75000 2039 2032 1000
a contact +74400 +75000 2040 2030 1000
a contact +74400 +75000 2041 2022 1000
a contact +74400 +75000 2042 2064 1000
a contact +74400 +75000 2043 2025 1000
a contact +74400 +75000 2044 2063 1000
a contact +74400 +75000 2045 9012 1000
a contact +74400 +75000 2046 2021 1000
a contact +74400 +75000 2047 2060 1000
a contact +74400 +75000 2048 2009 1000
a contact +74400 +75000 2049 2011 1000
a contact +74400 +75000 2050 2005 1000
a contact +74400 +75000 2051 2062 1000
a contact +74400 +75000 2052 9001 1000
a contact +74400 +75000 2053 2059 1000
a contact +74400 +75000 2054 2061 1000
a contact +74400 +75000 2055 2056 1000
a contact +74400 +75000 2056 2055 1000
a contact +74400 +75000 2057 2010 1000
a contact +74400 +75000 2058 9006 1000
a contact +74400 +75000 2059 2053 1000
a contact +74400 +75000 2060 2047 1000
a contact +74400 +75000 2061 2054 1000
a contact +74400 +75000 2062 2051 1000
a contact +74400 +75000 2063 2044 1000
a contact +74400 +75000 2064 2042 1000
a contact +74400 +75000 9001 2052 1000
a contact +74400 +75000 9002 9011 1000
a contact +74400 +75000 9003 2038 1000
a contact +74400 +75000 9004 2006 1000
a contact +74400 +75000 9005 9008 1000
a contact +74400 +75000 9006 2058 1000
a contact +74400 +75000 9007 2001 1000
a contact +74400 +75000 9008 9005 1000
a contact +74400 +75000 9009 2029 1000
a contact +74400 +75000 9010 2013 1000
a contact +74400 +75000 9011 9002 1000
a contact +74400 +75000 9012 2045 1000
a contact +75000 +75600 2001 9004 1000
a contact +75000 +75600 2002 2017 1000
a contact +75000 +75600 2003 2049 1000
a contact +75000 +75600 2004 2057 1000
a contact +75000 +75600 2005 2056 1000
a contact +75000 +75600 2006 2061 1000
a contact +75000 +75600 2007 2021 1000
a contact +75000 +75600 2008 2034 1000
a contact +75000 +75600 2009 2050 1000
a contact +75000 +75600 2010 2046 1000
a contact +75000 +75600 2011 9001 1000
a contact +75000 +75600 2012 2013 1000
a contact +75000 +75600 2013 2012 1000
a contact +75000 +75600 2014 2020 1000
a contact +75000 +75600 2015 2030 1000
a contact +75000 +75600 2016 2027 1000
a contact +75000 +75600 2017 2002 1000
a contact +75000 +75600 2018 2042 1000
a contact +75000 +75600 2019 9012 1000
a contact +75000 +75600 2020 2014 1000
a contact +75000 +75600 2021 2007 1000
a contact +75000 +75600 2022 2043 1000
a contact +75000 +75600 2023 2039 1000
a contact +75000 +75600 2024 2033 1000
a contact +75000 +75600 2025 2041 1000
a contact +75000 +75600 2026 2032 1000
a contact +75000 +75600 2027 2016 1000
a contact +75000 +75600 2028 2040 1000
a contact +75000 +75600 2029 2035 1000
a contact +75000 +75600 2030 2015 1000
a contact +75000 +75600 2031 9010 1000
a contact +75000 +75600 2032 2026 1000
a contact +75000 +75600 2033 2024 1000
a contact +75000 +75600 2034 2008 1000
a contact +75000 +75600 2035 2029 1000
a contact +75000 +75600 2036 2045 1000
a contact +75000 +75600 2037 9007 1000
a contact +75000 +75600 2038 9006 1000
a contact +75000 +75600 2039 2023 1000
a contact +75000 +75600 2040 2028 1000
a contact +75000 +75600 2041 2025 1000
a contact +75000 +75600 2042 2018 1000
a contact +75000 +75600 2043 2022 1000
a contact +75000 +75600 2044 9003 1000
a contact +75000 +75600 2045 2036 1000
a contact +75000 +75600 2046 2010 1000
a contact +75000 +75600 2047 2055 1000
a contact +75000 +75600 2048 2060 1000
a contact +75000 +75600 2049 2003 1000
a contact +75000 +75600 2050 2009 1000
a contact +75000 +75600 2051 2064 1000
a contact +75000 +75600 2052 2059 1000
a contact +75000 +75600 2053 2063 1000
a contact +75000 +75600 2054 2062 1000
a contact +75000 +75600 2055 2047 1000
a contact +75000 +75600 2056 2005 1000
a contact +75000 +75600 2057 2004 1000
a contact +75000 +75600 2058 9009 1000
a contact +75000 +75600 2059 2052 1000
a contact +75000 +75600 2060 2048 1000
a contact +75000 +75600 2061 2006 1000
a contact +75000 +75600 2062 2054 1000
a contact +75000 +75600 2063 2053 1000
a contact +75000 +75600 2064 2051 1000
a contact +75000 +75600 9001 2011 1000
a contact +75000 +75600 9002 9005 1000
a contact +75000 +75600 9003 2044 1000
a contact +75000 +75600 9004 2001 1000
a contact +75000 +75600 9005 9002 1000
a contact +75000 +75600 9006 2038 1000
a contact +75000 +75600 9007 2037 1000
a contact +75000 +75600 9008 9011 1000
a contact +75000 +75600 9009 2058 1000
a contact +75000 +75600 9010 2031 1000
a contact +75000 +75600 9011 9008 1000
a contact +75000 +75600 9012 2019 1000
a contact +75600 +76200 2001 2064 1000
a contact +75600 +76200 2002 2024 1000
a contact +75600 +76200 2003 2051 1000
a contact +75600 +76200 2004 2048 1000
a contact +75600 +76200 2005 2059 1000
a contact +75600 +76200 2006 9007 1000
a contact +75600 +76200 2007 2019 1000
a contact +75600 +76200 2008 2028 1000
a contact +75600 +76200 2009 2049 1000
a contact +75600 +76200 2010 2047 1000
a contact +75600 +76200 2011 2050 1000
a contact +75600 +76200 2012 9010 1000
a contact +75600 +76200 2013 2035 1000
a contact +75600 +76200 2014 9006 1000
a contact +75600 +76200 2015 9012 1000
a contact +75600 +76200 2016 2020 1000
a contact +75600 +76200 2017 2027 1000
a contact +75600 +76200 2018 2036 1000
a contact +75600 +76200 2019 2007 1000
a contact +75600 +76200 2020 2016 1000
a contact +75600 +76200 2021 2041 1000
a contact +75600 +76200 2022 2033 1000
a contact +75600 +76200 2023 2029 1000
a contact +75600 +76200 2024 2002 1000
a contact +75600 +76200 2025 2039 1000
a contact +75600 +76200 2026 2042 1000
a contact +75600 +76200 2027 2017 1000
a contact +75600 +76200 2028 2008 1000
a contact +75600 +76200 2029 2023 1000
a contact +75600 +76200 2030 9003 1000
a contact +75600 +76200 2031 2032 1000
a contact +75600 +76200 2032 2031 1000
a contact +75600 +76200 2033 2022 1000
a contact +75600 +76200 2034 2040 1000
a contact +75600 +76200 2035 2013 1000
a contact +75600 +76200 2036 2018 1000
a contact +75600 +76200 2037 9001 1000
a contact +75600 +76200 2038 9009 1000
a contact +75600 +76200 2039 2025 1000
a contact +75600 +76200 2040 2034 1000
a contact +75600 +76200 2041 2021 1000
a contact +75600 +76200 2042 2026 1000
a contact +75600 +76200 2043 2055 1000
a contact +75600 +76200 2044 2053 1000
a contact +75600 +76200 2045 2057 1000
a contact +75600 +76200 2046 2063 1000
a contact +75600 +76200 2047 2010 1000
a contact +75600 +76200 2048 2004 1000
a contact +75600 +76200 2049 2009 1000
a contact +75600 +76200 2050 2011 1000
a contact +75600 +76200 2051 2003 1000
a contact +75600 +76200 2052 2062 1000
a contact +75600 +76200 2053 2044 1000
a contact +75600 +76200 2054 2060 1000
a contact +75600 +76200 2055 2043 1000
a contact +75600 +76200 2056 2061 1000
a contact +75600 +76200 2057 2045 1000
a contact +75600 +76200 2058 9004 1000
a contact +75600 +76200 2059 2005 1000
a contact +75600 +76200 2060 2054 1000
a contact +75600 +76200 2061 2056 1000
a contact +75600 +76200 2062 2052 1000
a contact +75600 +76200 2063 2046 1000
a contact +75600 +76200 2064 2001 1000
a contact +75600 +76200 9001 2037 1000
a contact +75600 +76200 9002 9008 1000
a contact +75600 +76200 9003 2030 1000
a contact +75600 +76200 9004 2058 1000
a contact +75600 +76200 9005 9011 1000
a contact +75600 +76200 9006 2014 1000
a contact +75600 +76200 9007 2006 1000
a contact +75600 +76200 9008 9002 1000
a contact +75600 +76200 9009 2038 1000
a contact +75600 +76200 9010 2012 1000
a contact +75600 +76200 9011 9005 1000
a contact +75600 +76200 9012 2015 1000
a contact +76200 +76800 2001 2059 1000
a contact +76200 +76800 2002 2011 1000
a contact +76200 +76800 2003 9010 1000
a contact +76200 +76800 2004 2045 1000
a contact +76200 +76800 2005 2058 1000
a contact +76200 +76800 2006 9001 1000
a contact +76200 +76800 2007 2015 1000
a contact +76200 +76800 2008 2029 1000
a contact +76200 +76800 2009 2047 1000
a contact +76200 +76800 2010 2025 1000
a contact +76200 +76800 2011 2002 1000
a contact +76200 +76800 2012 9007 1000
a contact +76200 +76800 2013 2020 1000
a contact +76200 +76800 2014 9012 1000
a contact +76200 +76800 2015 2007 1000
a contact +76200 +76800 2016 2022 1000
a contact +76200 +76800 2017 2035 1000
a contact +76200 +76800 2018 2019 1000
a contact +76200 +76800 2019 2018 1000
a contact +76200 +76800 2020 2013 1000
a contact +76200 +76800 2021 2031 1000
a contact +76200 +76800 2022 2016 1000
a contact +76200 +76800 2023 2038 1000
a contact +76200 +76800 2024 2040 1000
a contact +76200 +76800 2025 2010 1000
a contact +76200 +76800 2026 2041 1000
a contact +76200 +76800 2027 2042 1000
a contact +76200 +76800 2028 2033 1000
a contact +76200 +76800 2029 2008 1000
a contact +76200 +76800 2030 9004 1000
a contact +76200 +76800 2031 2021 1000
a contact +76200 +76800 2032 2036 1000
a contact +76200 +76800 2033 2028 1000
a contact +76200 +76800 2034 2039 1000
a contact +76200 +76800 2035 2017 1000
a contact +76200 +76800 2036 2032 1000
a contact +76200 +76800 2037 2050 1000
a contact +76200 +76800 2038 2023 1000
a contact +76200 +76800 2039 2034 1000
a contact +76200 +76800 2040 2024 1000
a contact +76200 +76800 2041 2026 1000
a contact +76200 +76800 2042 2027 1000
a contact +76200 +76800 2043 2064 1000
a contact +76200 +76800 2044 9006 1000
a contact +76200 +76800 2045 2004 1000
a contact +76200 +76800 2046 2062 1000
a contact +76200 +76800 2047 2009 1000
a contact +76200 +76800 2048 2052 1000
a contact +76200 +76800 2049 9009 1000
a contact +76200 +76800 2050 2037 1000
a contact +76200 +76800 2051 2057 1000
a contact +76200 +76800 2052 2048 1000
a contact +76200 +76800 2053 2056 1000
a contact +76200 +76800 2054 9003 1000
a contact +76200 +76800 2055 2061 1000
a contact +76200 +76800 2056 2053 1000
a contact +76200 +76800 2057 2051 1000
a contact +76200 +76800 2058 2005 1000
a contact +76200 +76800 2059 2001 1000
a contact +76200 +76800 2060 2063 1000
a contact +76200 +76800 2061 2055 1000
a contact +76200 +76800 2062 2046 1000
a contact +76200 +76800 2063 2060 1000
a contact +76200 +76800 2064 2043 1000
a contact +76200 +76800 9001 2006 1000
a contact +76200 +76800 9002 9011 1000
a contact +76200 +76800 9003 2054 1000
a contact +76200 +76800 9004 2030 1000
a contact +76200 +76800 9005 9008 1000
a contact +76200 +76800 9006 2044 1000
a contact +76200 +76800 9007 2012 1000
a contact +76200 +76800 9008 9005 1000
a contact +76200 +76800 9009 2049 1000
a contact +76200 +76800 9010 2003 1000
a contact +76200 +76800 9011 9002 1000
a contact +76200 +76800 9012 2014 1000
a contact +76800 +77400 2001 2060 1000
a contact +76800 +77400 2002 2023 1000
a contact +76800 +77400 2003 9001 1000
a contact +76800 +77400 2004 2054 1000
a contact +76800 +77400 2005 9006 1000
a contact +76800 +77400 2006 2015 1000
a contact +76800 +77400 2007 2018 1000
a contact +76800 +77400 2008 9010 1000
a contact +76800 +77400 2009 2016 1000
a contact +76800 +77400 2010 2056 1000
a contact +76800 +77400 2011 2051 1000
a contact +76800 +77400 2012 9004 1000
a contact +76800 +77400 2013 2014 1000
a contact +76800 +77400 2014 2013 1000
a contact +76800 +77400 2015 2006 1000
a contact +76800 +77400 2016 2009 1000
a contact +76800 +77400 2017 2019 1000
a contact +76800 +77400 2018 2007 1000
a contact +76800 +77400 2019 2017 1000
a contact +76800 +77400 2020 2045 1000
a contact +76800 +77400 2021 2040 1000
a contact +76800 +77400 2022 2044 1000
a contact +76800 +77400 2023 2002 1000
a contact +76800 +77400 2024 2038 1000
a contact +76800 +77400 2025 2034 1000
a contact +76800 +77400 2026 2031 1000
a contact +76800 +77400 2027 2043 1000
a contact +76800 +77400 2028 9007 1000
a contact +76800 +77400 2029 2047 1000
a contact +76800 +77400 2030 2035 1000
a contact +76800 +77400 2031 2026 1000
a contact +76800 +77400 2032 9012 1000
a contact +76800 +77400 2033 2039 1000
a contact +76800 +77400 2034 2025 1000
a contact +76800 +77400 2035 2030 1000
a contact +76800 +77400 2036 2049 1000
a contact +76800 +77400 2037 9003 1000
a contact +76800 +77400 2038 2024 1000
a contact +76800 +77400 2039 2033 1000
a contact +76800 +77400 2040 2021 1000
a contact +76800 +77400 2041 2042 1000
a contact +76800 +77400 2042 2041 1000
a contact +76800 +77400 2043 2027 1000
a contact +76800 +77400 2044 2022 1000
a contact +76800 +77400 2045 2020 1000
a contact +76800 +77400 2046 2053 1000
a contact +76800 +77400 2047 2029 1000
a contact +76800 +77400 2048 2055 1000
a contact +76800 +77400 2049 2036 1000
a contact +76800 +77400 2050 2063 1000
a contact +76800 +77400 2051 2011 1000
a contact +76800 +77400 2052 2058 1000
a contact +76800 +77400 2053 2046 1000
a contact +76800 +77400 2054 2004 1000
a contact +76800 +77400 2055 2048 1000
a contact +76800 +77400 2056 2010 1000
a contact +76800 +77400 2057 2062 1000
a contact +76800 +77400 2058 2052 1000
a contact +76800 +77400 2059 2061 1000
a contact +76800 +77400 2060 2001 1000
a contact +76800 +77400 2061 2059 1000
a contact +76800 +77400 2062 2057 1000
a contact +76800 +77400 2063 2050 1000
a contact +76800 +77400 2064 9009 1000
a contact +76800 +77400 9001 2003 1000
a contact +76800 +77400 9002 9005 1000
a contact +76800 +77400 9003 2037 1000
a contact +76800 +77400 9004 2012 1000
a contact +76800 +77400 9005 9002 1000
a contact +76800 +77400 9006 2005 1000
a contact +76800 +77400 9007 2028 1000
a contact +76800 +77400 9008 9011 1000
a contact +76800 +77400 9009 2064 1000
a contact +76800 +77400 9010 2008 1000
a contact +76800 +77400 9011 9008 1000
a contact +76800 +77400 9012 2032 1000
a contact +77400 +78000 2001 2063 1000
a contact +77400 +78000 2002 9007 1000
a contact +77400 +78000 2003 9009 1000
a contact +77400 +78000 2004 2051 1000
a contact +77400 +78000 2005 2053 1000
a contact +77400 +78000 2006 2062 1000
a contact +77400 +78000 2007 2017 1000
a contact +77400 +78000 2008 2013 1000
a contact +77400 +78000 2009 9004 1000
a contact +77400 +78000 2010 2054 1000
a contact +77400 +78000 2011 2056 1000
a contact +77400 +78000 2012 2019 1000
a contact +77400 +78000 2013 2008 1000
a contact +77400 +78000 2014 9010 1000
a contact +77400 +78000 2015 2022 1000
a contact +77400 +78000 2016 2021 1000
a contact +77400 +78000 2017 2007 1000
a contact +77400 +78000 2018 9006 1000
a contact +77400 +78000 2019 2012 1000
a contact +77400 +78000 2020 2025 1000
a contact +77400 +78000 2021 2016 1000
a contact +77400 +78000 2022 2015 1000
a contact +77400 +78000 2023 9001 1000
a contact +77400 +78000 2024 2035 1000
a contact +77400 +78000 2025 2020 1000
a contact +77400 +78000 2026 2039 1000
a contact +77400 +78000 2027 2036 1000
a contact +77400 +78000 2028 2046 1000
a contact +77400 +78000 2029 2043 1000
a contact +77400 +78000 2030 2031 1000
a contact +77400 +78000 2031 2030 1000
a contact +77400 +78000 2032 2034 1000
a contact +77400 +78000 2033 2048 1000
a contact +77400 +78000 2034 2032 1000
a contact +77400 +78000 2035 2024 1000
a contact +77400 +78000 2036 2027 1000
a contact +77400 +78000 2037 2042 1000
a contact +77400 +78000 2038 2040 1000
a contact +77400 +78000 2039 2026 1000
a contact +77400 +78000 2040 2038 1000
a contact +77400 +78000 2041 2050 1000
a contact +77400 +78000 2042 2037 1000
a contact +77400 +78000 2043 2029 1000
a contact +77400 +78000 2044 2047 1000
a contact +77400 +78000 2045 2061 1000
a contact +77400 +78000 2046 2028 1000
a contact +77400 +78000 2047 2044 1000
a contact +77400 +78000 2048 2033 1000
a contact +77400 +78000 2049 2064 1000
a contact +77400 +78000 2050 2041 1000
a contact +77400 +78000 2051 2004 1000
a contact +77400 +78000 2052 2057 1000
a contact +77400 +78000 2053 2005 1000
a contact +77400 +78000 2054 2010 1000
a contact +77400 +78000 2055 9003 1000
a contact +77400 +78000 2056 2011 1000
a contact +77400 +78000 2057 2052 1000
a contact +77400 +78000 2058 9012 1000
a contact +77400 +78000 2059 2060 1000
a contact +77400 +78000 2060 2059 1000
a contact +77400 +78000 2061 2045 1000
a contact +77400 +78000 2062 2006 1000
a contact +77400 +78000 2063 2001 1000
a contact +77400 +78000 2064 2049 1000
a contact +77400 +78000 9001 2023 1000
a contact +77400 +78000 9002 9008 1000
a contact +77400 +78000 9003 2055 1000
a contact +77400 +78000 9004 2009 1000
a contact +77400 +78000 9005 9011 1000
a contact +77400 +78000 9006 2018 1000
a contact +77400 +78000 9007 2002 1000
a contact +77400 +78000 9008 9002 1000
a contact +77400 +78000 9009 2003 1000
a contact +77400 +78000 9010 2014 1000
a contact +77400 +78000 9011 9005 1000
a contact +77400 +78000 9012 2058 1000
a contact +78000 +78600 2001 2057 1000
a contact +78000 +78600 2002 2018 1000
a contact +78000 +78600 2003 2029 1000
a contact +78000 +78600 2004 2056 1000
a contact +78000 +78600 2005 9004 1000
a contact +78000 +78600 2006 2047 1000
a contact +78000 +78600 2007 2013 1000
a contact +78000 +78600 2008 2015 1000
a contact +78000 +78600 2009 9010 1000
a contact +78000 +78600 2010 2041 1000
a contact +78000 +78600 2011 2052 1000
a contact +78000 +78600 2012 2030 1000
a contact +78000 +78600 2013 2007 1000
a contact +78000 +78600 2014 2021 1000
a contact +78000 +78600 2015 2008 1000
a contact +78000 +78600 2016 2024 1000
a contact +78000 +78600 2017 9001 1000
a contact +78000 +78600 2018 2002 1000
a contact +78000 +78600 2019 2045 1000
a contact +78000 +78600 2020 2028 1000
a contact +78000 +78600 2021 2014 1000
a contact +78000 +78600 2022 2035 1000
a contact +78000 +78600 2023 2046 1000
a contact +78000 +78600 2024 2016 1000
a contact +78000 +78600 2025 2044 1000
a contact +78000 +78600 2026 2036 1000
a contact +78000 +78600 2027 9009 1000
a contact +78000 +78600 2028 2020 1000
a contact +78000 +78600 2029 2003 1000
a contact +78000 +78600 2030 2012 1000
a contact +78000 +78600 2031 2033 1000
a contact +78000 +78600 2032 9007 1000
a contact +78000 +78600 2033 2031 1000
a contact +78000 +78600 2034 9012 1000
a contact +78000 +78600 2035 2022 1000
a contact +78000 +78600 2036 2026 1000
a contact +78000 +78600 2037 2040 1000
a contact +78000 +78600 2038 2050 1000
a contact +78000 +78600 2039 9003 1000
a contact +78000 +78600 2040 2037 1000
a contact +78000 +78600 2041 2010 1000
a contact +78000 +78600 2042 2048 1000
a contact +78000 +78600 2043 9006 1000
a contact +78000 +78600 2044 2025 1000
a contact +78000 +78600 2045 2019 1000
a contact +78000 +78600 2046 2023 1000
a contact +78000 +78600 2047 2006 1000
a contact +78000 +78600 2048 2042 1000
a contact +78000 +78600 2049 2063 1000
a contact +78000 +78600 2050 2038 1000
a contact +78000 +78600 2051 2059 1000
a contact +78000 +78600 2052 2011 1000
a contact +78000 +78600 2053 2055 1000
a contact +78000 +78600 2054 2058 1000
a contact +78000 +78600 2055 2053 1000
a contact +78000 +78600 2056 2004 1000
a contact +78000 +78600 2057 2001 1000
a contact +78000 +78600 2058 2054 1000
a contact +78000 +78600 2059 2051 1000
a contact +78000 +78600 2060 2062 1000
a contact +78000 +78600 2061 2064 1000
a contact +78000 +78600 2062 2060 1000
a contact +78000 +78600 2063 2049 1000
a contact +78000 +78600 2064 2061 1000
a contact +78000 +78600 9001 2017 1000
a contact +78000 +78600 9002 9011 1000
a contact +78000 +78600 9003 2039 1000
a contact +78000 +78600 9004 2005 1000
a contact +78000 +78600 9005 9008 1000
a contact +78000 +78600 9006 2043 1000
a contact +78000 +78600 9007 2032 1000
a contact +78000 +78600 9008 9005 1000
a contact +78000 +78600 9009 2027 1000
a contact +78000 +78600 9010 2009 1000
a contact +78000 +78600 9011 9002 1000
a contact +78000 +78600 9012 2034 1000
a contact +78600 +79200 2001 2062 1000
a contact +78600 +79200 2002 2019 1000
a contact +78600 +79200 2003 2015 1000
a contact +78600 +79200 2004 2059 1000
a contact +78600 +79200 2005 2061 1000
a contact +78600 +79200 2006 2052 1000
a contact +78600 +79200 2007 9007 1000
a contact +78600 +79200 2008 2014 1000
a contact +78600 +79200 2009 9011 1000
a contact +78600 +79200 2010 2049 1000
a contact +78600 +79200 2011 2053 1000
a contact +78600 +79200 2012 2026 1000
a contact +78600 +79200 2013 9008 1000
a contact +78600 +79200 2014 2008 1000
a contact +78600 +79200 2015 2003 1000
a contact +78600 +79200 2016 9002 1000
a contact +78600 +79200 2017 9005 1000
a contact +78600 +79200 2018 9001 1000
a contact +78600 +79200 2019 2002 1000
a contact +78600 +79200 2020 9010 1000
a contact +78600 +79200 2021 2045 1000
a contact +78600 +79200 2022 2028 1000
a contact +78600 +79200 2023 9004 1000
a contact +78600 +79200 2024 2036 1000
a contact +78600 +79200 2025 2037 1000
a contact +78600 +79200 2026 2012 1000
a contact +78600 +79200 2027 2035 1000
a contact +78600 +79200 2028 2022 1000
a contact +78600 +79200 2029 2039 1000
a contact +78600 +79200 2030 2047 1000
a contact +78600 +79200 2031 2040 1000
a contact +78600 +79200 2032 2041 1000
a contact +78600 +79200 2033 2038 1000
a contact +78600 +79200 2034 2046 1000
a contact +78600 +79200 2035 2027 1000
a contact +78600 +79200 2036 2024 1000
a contact +78600 +79200 2037 2025 1000
a contact +78600 +79200 2038 2033 1000
a contact +78600 +79200 2039 2029 1000
a contact +78600 +79200 2040 2031 1000
a contact +78600 +79200 2041 2032 1000
a contact +78600 +79200 2042 2050 1000
a contact +78600 +79200 2043 2048 1000
a contact +78600 +79200 2044 2054 1000
a contact +78600 +79200 2045 2021 1000
a contact +78600 +79200 2046 2034 1000
a contact +78600 +79200 2047 2030 1000
a contact +78600 +79200 2048 2043 1000
a contact +78600 +79200 2049 2010 1000
a contact +78600 +79200 2050 2042 1000
a contact +78600 +79200 2051 2058 1000
a contact +78600 +79200 2052 2006 1000
a contact +78600 +79200 2053 2011 1000
a contact +78600 +79200 2054 2044 1000
a contact +78600 +79200 2055 2063 1000
a contact +78600 +79200 2056 2064 1000
a contact +78600 +79200 2057 2060 1000
a contact +78600 +79200 2058 2051 1000
a contact +78600 +79200 2059 2004 1000
a contact +78600 +79200 2060 2057 1000
a contact +78600 +79200 2061 2005 1000
a contact +78600 +79200 2062 2001 1000
a contact +78600 +79200 2063 2055 1000
a contact +78600 +79200 2064 2056 1000
a contact +78600 +79200 9001 2018 1000
a contact +78600 +79200 9002 2016 1000
a contact +78600 +79200 9003 9009 1000
a contact +78600 +79200 9004 2023 1000
a contact +78600 +79200 9005 2017 1000
a contact +78600 +79200 9006 9012 1000
a contact +78600 +79200 9007 2007 1000
a contact +78600 +79200 9008 2013 1000
a contact +78600 +79200 9009 9003 1000
a contact +78600 +79200 9010 2020 1000
a contact +78600 +79200 9011 2009 1000
a contact +78600 +79200 9012 9006 1000
a contact +79200 +79800 2001 2015 1000
a contact +79200 +79800 2002 2020 1000
a contact +79200 +79800 2003 2041 1000
a contact +79200 +79800 2004 2058 1000
a contact +79200 +79800 2005 2054 1000
a contact +79200 +79800 2006 2053 1000
a contact +79200 +79800 2007 2014 1000
a contact +79200 +79800 2008 2022 1000
a contact +79200 +79800 2009 9001 1000
a contact +79200 +79800 2010 9010 1000
a contact +79200 +79800 2011 2019 1000
a contact +79200 +79800 2012 2044 1000
a contact +79200 +79800 2013 9005 1000
a contact +79200 +79800 2014 2007 1000
a contact +79200 +79800 2015 2001 1000
a contact +79200 +79800 2016 9008 1000
a contact +79200 +79800 2017 9011 1000
a contact +79200 +79800 2018 9002 1000
a contact +79200 +79800 2019 2011 1000
a contact +79200 +79800 2020 2002 1000
a contact +79200 +79800 2021 2028 1000
a contact +79200 +79800 2022 2008 1000
a contact +79200 +79800 2023 9007 1000
a contact +79200 +79800 2024 2037 1000
a contact +79200 +79800 2025 2038 1000
a contact +79200 +79800 2026 2034 1000
a contact +79200 +79800 2027 2039 1000
a contact +79200 +79800 2028 2021 1000
a contact +79200 +79800 2029 2036 1000
a contact +79200 +79800 2030 2045 1000
a contact +79200 +79800 2031 2046 1000
a contact +79200 +79800 2032 2040 1000
a contact +79200 +79800 2033 2042 1000
a contact +79200 +79800 2034 2026 1000
a contact +79200 +79800 2035 2047 1000
a contact +79200 +79800 2036 2029 1000
a contact +79200 +79800 2037 2024 1000
a contact +79200 +79800 2038 2025 1000
a contact +79200 +79800 2039 2027 1000
a contact +79200 +79800 2040 2032 1000
a contact +79200 +79800 2041 2003 1000
a contact +79200 +79800 2042 2033 1000
a contact +79200 +79800 2043 2050 1000
a contact +79200 +79800 2044 2012 1000
a contact +79200 +79800 2045 2030 1000
a contact +79200 +79800 2046 2031 1000
a contact +79200 +79800 2047 2035 1000
a contact +79200 +79800 2048 9004 1000
a contact +79200 +79800 2049 2062 1000
a contact +79200 +79800 2050 2043 1000
a contact +79200 +79800 2051 2052 1000
a contact +79200 +79800 2052 2051 1000
a contact +79200 +79800 2053 2006 1000
a contact +79200 +79800 2054 2005 1000
a contact +79200 +79800 2055 2060 1000
a contact +79200 +79800 2056 2057 1000
a contact +79200 +79800 2057 2056 1000
a contact +79200 +79800 2058 2004 1000
a contact +79200 +79800 2059 2064 1000
a contact +79200 +79800 2060 2055 1000
a contact +79200 +79800 2061 2063 1000
a contact +79200 +79800 2062 2049 1000
a contact +79200 +79800 2063 2061 1000
a contact +79200 +79800 2064 2059 1000
a contact +79200 +79800 9001 2009 1000
a contact +79200 +79800 9002 2018 1000
a contact +79200 +79800 9003 9012 1000
a contact +79200 +79800 9004 2048 1000
a contact +79200 +79800 9005 2013 1000
a contact +79200 +79800 9006 9009 1000
a contact +79200 +79800 9007 2023 1000
a contact +79200 +79800 9008 2016 1000
a contact +79200 +79800 9009 9006 1000
a contact +79200 +79800 9010 2010 1000
a contact +79200 +79800 9011 2017 1000
a contact +79200 +79800 9012 9003 1000
a contact +79800 +80400 2001 2013 1000
a contact +79800 +80400 2002 9010 1000
a contact +79800 +80400 2003 2028 1000
a contact +79800 +80400 2004 9007 1000
a contact +79800 +80400 2005 2057 1000
a contact +79800 +80400 2006 2059 1000
a contact +79800 +80400 2007 9002 1000
a contact +79800 +80400 2008 2009 1000
a contact +79800 +80400 2009 2008 1000
a contact +79800 +80400 2010 2048 1000
a contact +79800 +80400 2011 2054 1000
a contact +79800 +80400 2012 2031 1000
a contact +79800 +80400 2013 2001 1000
a contact +79800 +80400 2014 2020 1000
a contact +79800 +80400 2015 2023 1000
a contact +79800 +80400 2016 2019 1000
a contact +79800 +80400 2017 2018 1000
a contact +79800 +80400 2018 2017 1000
a contact +79800 +80400 2019 2016 1000
a contact +79800 +80400 2020 2014 1000
a contact +79800 +80400 2021 9004 1000
a contact +79800 +80400 2022 9008 1000
a contact +79800 +80400 2023 2015 1000
a contact +79800 +80400 2024 2041 1000
a contact +79800 +80400 2025 2040 1000
a contact +79800 +80400 2026 9001 1000
a contact +79800 +80400 2027 9005 1000
a contact +79800 +80400 2028 2003 1000
a contact +79800 +80400 2029 2034 1000
a contact +79800 +80400 2030 2046 1000
a contact +79800 +80400 2031 2012 1000
a contact +79800 +80400 2032 2033 1000
a contact +79800 +80400 2033 2032 1000
a contact +79800 +80400 2034 2029 1000
a contact +79800 +80400 2035 2044 1000
a contact +79800 +80400 2036 9011 1000
a contact +79800 +80400 2037 2038 1000
a contact +79800 +80400 2038 2037 1000
a contact +79800 +80400 2039 2042 1000
a contact +79800 +80400 2040 2025 1000
a contact +79800 +80400 2041 2024 1000
a contact +79800 +80400 2042 2039 1000
a contact +79800 +80400 2043 2053 1000
a contact +79800 +80400 2044 2035 1000
a contact +79800 +80400 2045 2060 1000
a contact +79800 +80400 2046 2030 1000
a contact +79800 +80400 2047 2051 1000
a contact +79800 +80400 2048 2010 1000
a contact +79800 +80400 2049 2052 1000
a contact +79800 +80400 2050 2061 1000
a contact +79800 +80400 2051 2047 1000
a contact +79800 +80400 2052 2049 1000
a contact +79800 +80400 2053 2043 1000
a contact +79800 +80400 2054 2011 1000
a contact +79800 +80400 2055 2064 1000
a contact +79800 +80400 2056 2062 1000
a contact +79800 +80400 2057 2005 1000
a contact +79800 +80400 2058 2063 1000
a contact +79800 +80400 2059 2006 1000
a contact +79800 +80400 2060 2045 1000
a contact +79800 +80400 2061 2050 1000
a contact +79800 +80400 2062 2056 1000
a contact +79800 +80400 2063 2058 1000
a contact +79800 +80400 2064 2055 1000
a contact +79800 +80400 9001 2026 1000
a contact +79800 +80400 9002 2007 1000
a contact +79800 +80400 9003 9006 1000
a contact +79800 +80400 9004 2021 1000
a contact +79800 +80400 9005 2027 1000
a contact +79800 +80400 9006 9003 1000
a contact +79800 +80400 9007 2004 1000
a contact +79800 +80400 9008 2022 1000
a contact +79800 +80400 9009 9012 1000
a contact +79800 +80400 9010 2002 1000
a contact +79800 +80400 9011 2036 1000
a contact +79800 +80400 9012 9009 1000
a contact +80400 +81000 2001 2061 1000
a contact +80400 +81000 2002 2004 1000
a contact +80400 +81000 2003 2012 1000
a contact +80400 +81000 2004 2002 1000
a contact +80400 +81000 2005 9001 1000
a contact +80400 +81000 2006 2054 1000
a contact +80400 +81000 2007 2016 1000
a contact +80400 +81000 2008 2029 1000
a contact +80400 +81000 2009 2024 1000
a contact +80400 +81000 2010 2052 1000
a contact +80400 +81000 2011 9002 1000
a contact +80400 +81000 2012 2003 1000
a contact +80400 +81000 2013 2020 1000
a contact +80400 +81000 2014 2021 1000
a contact +80400 +81000 2015 2022 1000
a contact +80400 +81000 2016 2007 1000
a contact +80400 +81000 2017 2019 1000
a contact +80400 +81000 2018 9011 1000
a contact +80400 +81000 2019 2017 1000
a contact +80400 +81000 2020 2013 1000
a contact +80400 +81000 2021 2014 1000
a contact +80400 +81000 2022 2015 1000
a contact +80400 +81000 2023 2034 1000
a contact +80400 +81000 2024 2009 1000
a contact +80400 +81000 2025 2035 1000
a contact +80400 +81000 2026 9004 1000
a contact +80400 +81000 2027 2044 1000
a contact +80400 +81000 2028 2039 1000
a contact +80400 +81000 2029 2008 1000
a contact +80400 +81000 2030 2043 1000
a contact +80400 +81000 2031 2038 1000
a contact +80400 +81000 2032 2037 1000
a contact +80400 +81000 2033 9010 1000
a contact +80400 +81000 2034 2023 1000
a contact +80400 +81000 2035 2025 1000
a contact +80400 +81000 2036 2046 1000
a contact +80400 +81000 2037 2032 1000
a contact +80400 +81000 2038 2031 1000
a contact +80400 +81000 2039 2028 1000
a contact +80400 +81000 2040 2042 1000
a contact +80400 +81000 2041 2047 1000
a contact +80400 +81000 2042 2040 1000
a contact +80400 +81000 2043 2030 1000
a contact +80400 +81000 2044 2027 1000
a contact +80400 +81000 2045 2048 1000
a contact +80400 +81000 2046 2036 1000
a contact +80400 +81000 2047 2041 1000
a contact +80400 +81000 2048 2045 1000
a contact +80400 +81000 2049 2060 1000
a contact +80400 +81000 2050 2055 1000
a contact +80400 +81000 2051 9007 1000
a contact +80400 +81000 2052 2010 1000
a contact +80400 +81000 2053 9008 1000
a contact +80400 +81000 2054 2006 1000
a contact +80400 +81000 2055 2050 1000
a contact +80400 +81000 2056 2058 1000
a contact +80400 +81000 2057 2063 1000
a contact +80400 +81000 2058 2056 1000
a contact +80400 +81000 2059 9005 1000
a contact +80400 +81000 2060 2049 1000
a contact +80400 +81000 2061 2001 1000
a contact +80400 +81000 2062 2064 1000
a contact +80400 +81000 2063 2057 1000
a contact +80400 +81000 2064 2062 1000
a contact +80400 +81000 9001 2005 1000
a contact +80400 +81000 9002 2011 1000
a contact +80400 +81000 9003 9009 1000
a contact +80400 +81000 9004 2026 1000
a contact +80400 +81000 9005 2059 1000
a contact +80400 +81000 9006 9012 1000
a contact +80400 +81000 9007 2051 1000
a contact +80400 +81000 9008 2053 1000
a contact +80400 +81000 9009 9003 1000
a contact +80400 +81000 9010 2033 1000
a contact +80400 +81000 9011 2018 1000
a contact +80400 +81000 9012 9006 1000
a contact +81000 +81600 2001 2002 1000
a contact +81000 +81600 2002 2001 1000
a contact +81000 +81600 2003 2018 1000
a contact +81000 +81600 2004 9005 1000
a contact +81000 +81600 2005 9008 1000
a contact +81000 +81600 2006 2057 1000
a contact +81000 +81600 2007 2063 1000
a contact +81000 +81600 2008 2060 1000
a contact +81000 +81600 2009 2056 1000
a contact +81000 +81600 2010 2051 1000
a contact +81000 +81600 2011 9010 1000
a contact +81000 +81600 2012 2045 1000
a contact +81000 +81600 2013 2040 1000
a contact +81000 +81600 2014 2055 1000
a contact +81000 +81600 2015 2043 1000
a contact +81000 +81600 2016 2042 1000
a contact +81000 +81600 2017 9002 1000
a contact +81000 +81600 2018 2003 1000
a contact +81000 +81600 2019 2038 1000
a contact +81000 +81600 2020 2037 1000
a contact +81000 +81600 2021 2036 1000
a contact +81000 +81600 2022 2032 1000
a contact +81000 +81600 2023 2030 1000
a contact +81000 +81600 2024 2034 1000
a contact +81000 +81600 2025 2027 1000
a contact +81000 +81600 2026 2035 1000
a contact +81000 +81600 2027 2025 1000
a contact +81000 +81600 2028 2044 1000
a contact +81000 +81600 2029 9011 1000
a contact +81000 +81600 2030 2023 1000
a contact +81000 +81600 2031 2041 1000
a contact +81000 +81600 2032 2022 1000
a contact +81000 +81600 2033 9001 1000
a contact +81000 +81600 2034 2024 1000
a contact +81000 +81600 2035 2026 1000
a contact +81000 +81600 2036 2021 1000
a contact +81000 +81600 2037 2020 1000
a contact +81000 +81600 2038 2019 1000
a contact +81000 +81600 2039 2047 1000
a contact +81000 +81600 2040 2013 1000
a contact +81000 +81600 2041 2031 1000
a contact +81000 +81600 2042 2016 1000
a contact +81000 +81600 2043 2015 1000
a contact +81000 +81600 2044 2028 1000
a contact +81000 +81600 2045 2012 1000
a contact +81000 +81600 2046 2054 1000
a contact +81000 +81600 2047 2039 1000
a contact +81000 +81600 2048 9007 1000
a contact +81000 +81600 2049 2061 1000
a contact +81000 +81600 2050 2062 1000
a contact +81000 +81600 2051 2010 1000
a contact +81000 +81600 2052 9004 1000
a contact +81000 +81600 2053 2064 1000
a contact +81000 +81600 2054 2046 1000
a contact +81000 +81600 2055 2014 1000
a contact +81000 +81600 2056 2009 1000
a contact +81000 +81600 2057 2006 1000
a contact +81000 +81600 2058 2059 1000
a contact +81000 +81600 2059 2058 1000
a contact +81000 +81600 2060 2008 1000
a contact +81000 +81600 2061 2049 1000
a contact +81000 +81600 2062 2050 1000
a contact +81000 +81600 2063 2007 1000
a contact +81000 +81600 2064 2053 1000
a contact +81000 +81600 9001 2033 1000
a contact +81000 +81600 9002 2017 1000
a contact +81000 +81600 9003 9012 1000
a contact +81000 +81600 9004 2052 1000
a contact +81000 +81600 9005 2004 1000
a contact +81000 +81600 9006 9009 1000
a contact +81000 +81600 9007 2048 1000
a contact +81000 +81600 9008 2005 1000
a contact +81000 +81600 9009 9006 1000
a contact +81000 +81600 9010 2011 1000
a contact +81000 +81600 9011 2029 1000
a contact +81000 +81600 9012 9003 1000
a contact +81600 +82200 2001 2003 1000
a contact +81600 +82200 2002 2011 1000
a contact +81600 +82200 2003 2001 1000
a contact +81600 +82200 2004 2005 1000
a contact +81600 +82200 2005 2004 1000
a contact +81600 +82200 2006 2058 1000
a contact +81600 +82200 2007 2062 1000
a contact +81600 +82200 2008 2063 1000
a contact +81600 +82200 2009 2061 1000
a contact +81600 +82200 2010 2018 1000
a contact +81600 +82200 2011 2002 1000
a contact +81600 +82200 2012 9011 1000
a contact +81600 +82200 2013 2060 1000
a contact +81600 +82200 2014 2022 1000
a contact +81600 +82200 2015 2056 1000
a contact +81600 +82200 2016 2044 1000
a contact +81600 +82200 2017 9004 1000
a contact +81600 +82200 2018 2010 1000
a contact +81600 +82200 2019 2042 1000
a contact +81600 +82200 2020 2038 1000
a contact +81600 +82200 2021 2037 1000
a contact +81600 +82200 2022 2014 1000
a contact +81600 +82200 2023 2028 1000
a contact +81600 +82200 2024 9008 1000
a contact +81600 +82200 2025 9001 1000
a contact +81600 +82200 2026 9007 1000
a contact +81600 +82200 2027 2036 1000
a contact +81600 +82200 2028 2023 1000
a contact +81600 +82200 2029 2031 1000
a contact +81600 +82200 2030 2032 1000
a contact +81600 +82200 2031 2029 1000
a contact +81600 +82200 2032 2030 1000
a contact +81600 +82200 2033 9005 1000
a contact +81600 +82200 2034 2043 1000
a contact +81600 +82200 2035 2046 1000
a contact +81600 +82200 2036 2027 1000
a contact +81600 +82200 2037 2021 1000
a contact +81600 +82200 2038 2020 1000
a contact +81600 +82200 2039 2041 1000
a contact +81600 +82200 2040 2047 1000
a contact +81600 +82200 2041 2039 1000
a contact +81600 +82200 2042 2019 1000
a contact +81600 +82200 2043 2034 1000
a contact +81600 +82200 2044 2016 1000
a contact +81600 +82200 2045 2053 1000
a contact +81600 +82200 2046 2035 1000
a contact +81600 +82200 2047 2040 1000
a contact +81600 +82200 2048 9010 1000
a contact +81600 +82200 2049 2051 1000
a contact +81600 +82200 2050 2064 1000
a contact +81600 +82200 2051 2049 1000
a contact +81600 +82200 2052 9002 1000
a contact +81600 +82200 2053 2045 1000
a contact +81600 +82200 2054 2055 1000
a contact +81600 +82200 2055 2054 1000
a contact +81600 +82200 2056 2015 1000
a contact +81600 +82200 2057 2059 1000
a contact +81600 +82200 2058 2006 1000
a contact +81600 +82200 2059 2057 1000
a contact +81600 +82200 2060 2013 1000
a contact +81600 +82200 2061 2009 1000
a contact +81600 +82200 2062 2007 1000
a contact +81600 +82200 2063 2008 1000
a contact +81600 +82200 2064 2050 1000
a contact +81600 +82200 9001 2025 1000
a contact +81600 +82200 9002 2052 1000
a contact +81600 +82200 9003 9006 1000
a contact +81600 +82200 9004 2017 1000
a contact +81600 +82200 9005 2033 1000
a contact +81600 +82200 9006 9003 1000
a contact +81600 +82200 9007 2026 1000
a contact +81600 +82200 9008 2024 1000
a contact +81600 +82200 9009 9012 1000
a contact +81600 +82200 9010 2048 1000
a contact +81600 +82200 9011 2012 1000
a contact +81600 +82200 9012 9009 1000
a contact +82200 +82800 2001 2007 1000
a contact +82200 +82800 2002 2048 1000
a contact +82200 +82800 2003 2012 1000
a contact +82200 +82800 2004 2034 1000
a contact +82200 +82800 2005 2009 1000
a contact +82200 +82800 2006 9002 1000
a contact +82200 +82800 2007 2001 1000
a contact +82200 +82800 2008 2064 1000
a contact +82200 +82800 2009 2005 1000
a contact +82200 +82800 2010 2011 1000
a contact +82200 +82800 2011 2010 1000
a contact +82200 +82800 2012 2003 1000
a contact +82200 +82800 2013 2063 1000
a contact +82200 +82800 2014 2062 1000
a contact +82200 +82800 2015 2061 1000
a contact +82200 +82800 2016 2056 1000
a contact +82200 +82800 2017 9010 1000
a contact +82200 +82800 2018 2060 1000
a contact +82200 +82800 2019 2044 1000
a contact +82200 +82800 2020 2054 1000
a contact +82200 +82800 2021 2041 1000
a contact +82200 +82800 2022 2039 1000
a contact +82200 +82800 2023 2027 1000
a contact +82200 +82800 2024 9007 1000
a contact +82200 +82800 2025 9004 1000
a contact +82200 +82800 2026 2038 1000
a contact +82200 +82800 2027 2023 1000
a contact +82200 +82800 2028 2037 1000
a contact +82200 +82800 2029 2036 1000
a contact +82200 +82800 2030 2035 1000
a contact +82200 +82800 2031 2032 1000
a contact +82200 +82800 2032 2031 1000
a contact +82200 +82800 2033 9011 1000
a contact +82200 +82800 2034 2004 1000
a contact +82200 +82800 2035 2030 1000
a contact +82200 +82800 2036 2029 1000
a contact +82200 +82800 2037 2028 1000
a contact +82200 +82800 2038 2026 1000
a contact +82200 +82800 2039 2022 1000
a contact +82200 +82800 2040 9001 1000
a contact +82200 +82800 2041 2021 1000
a contact +82200 +82800 2042 2047 1000
a contact +82200 +82800 2043 2045 1000
a contact +82200 +82800 2044 2019 1000
a contact +82200 +82800 2045 2043 1000
a contact +82200 +82800 2046 2058 1000
a contact +82200 +82800 2047 2042 1000
a contact +82200 +82800 2048 2002 1000
a contact +82200 +82800 2049 2055 1000
a contact +82200 +82800 2050 2059 1000
a contact +82200 +82800 2051 9008 1000
a contact +82200 +82800 2052 9005 1000
a contact +82200 +82800 2053 2057 1000
a contact +82200 +82800 2054 2020 1000
a contact +82200 +82800 2055 2049 1000
a contact +82200 +82800 2056 2016 1000
a contact +82200 +82800 2057 2053 1000
a contact +82200 +82800 2058 2046 1000
a contact +82200 +82800 2059 2050 1000
a contact +82200 +82800 2060 2018 1000
a contact +82200 +82800 2061 2015 1000
a contact +82200 +82800 2062 2014 1000
a contact +82200 +82800 2063 2013 1000
a contact +82200 +82800 2064 2008 1000
a contact +82200 +82800 9001 2040 1000
a contact +82200 +82800 9002 2006 1000
a contact +82200 +82800 9003 9009 1000
a contact +82200 +82800 9004 2025 1000
a contact +82200 +82800 9005 2052 1000
a contact +82200 +82800 9006 9012 1000
a contact +82200 +82800 9007 2024 1000
a contact +82200 +82800 9008 2051 1000
a contact +82200 +82800 9009 9003 1000
a contact +82200 +82800 9010 2017 1000
a contact +82200 +82800 9011 2033 1000
a contact +82200 +82800 9012 9006 1000
a contact +82800 +83400 2001 2008 1000
a contact +82800 +83400 2002 2052 1000
a contact +82800 +83400 2003 2017 1000
a contact +82800 +83400 2004 2012 1000
a contact +82800 +83400 2005 2007 1000
a contact +82800 +83400 2006 2056 1000
a contact +82800 +83400 2007 2005 1000
a contact +82800 +83400 2008 2001 1000
a contact +82800 +83400 2009 2033 1000
a contact +82800 +83400 2010 2026 1000
a contact +82800 +83400 2011 2013 1000
a contact +82800 +83400 2012 2004 1000
a contact +82800 +83400 2013 2011 1000
a contact +82800 +83400 2014 2064 1000
a contact +82800 +83400 2015 2063 1000
a contact +82800 +83400 2016 2062 1000
a contact +82800 +83400 2017 2003 1000
a contact +82800 +83400 2018 2055 1000
a contact +82800 +83400 2019 2050 1000
a contact +82800 +83400 2020 2053 1000
a contact +82800 +83400 2021 2060 1000
a contact +82800 +83400 2022 2045 1000
a contact +82800 +83400 2023 2044 1000
a contact +82800 +83400 2024 9005 1000
a contact +82800 +83400 2025 9011 1000
a contact +82800 +83400 2026 2010 1000
a contact +82800 +83400 2027 2043 1000
a contact +82800 +83400 2028 2041 1000
a contact +82800 +83400 2029 2039 1000
a contact +82800 +83400 2030 2034 1000
a contact +82800 +83400 2031 2037 1000
a contact +82800 +83400 2032 9010 1000
a contact +82800 +83400 2033 2009 1000
a contact +82800 +83400 2034 2030 1000
a contact +82800 +83400 2035 2036 1000
a contact +82800 +83400 2036 2035 1000
a contact +82800 +83400 2037 2031 1000
a contact +82800 +83400 2038 2048 1000
a contact +82800 +83400 2039 2029 1000
a contact +82800 +83400 2040 9008 1000
a contact +82800 +83400 2041 2028 1000
a contact +82800 +83400 2042 2049 1000
a contact +82800 +83400 2043 2027 1000
a contact +82800 +83400 2044 2023 1000
a contact +82800 +83400 2045 2022 1000
a contact +82800 +83400 2046 9007 1000
a contact +82800 +83400 2047 9004 1000
a contact +82800 +83400 2048 2038 1000
a contact +82800 +83400 2049 2042 1000
a contact +82800 +83400 2050 2019 1000
a contact +82800 +83400 2051 9002 1000
a contact +82800 +83400 2052 2002 1000
a contact +82800 +83400 2053 2020 1000
a contact +82800 +83400 2054 2057 1000
a contact +82800 +83400 2055 2018 1000
a contact +82800 +83400 2056 2006 1000
a contact +82800 +83400 2057 2054 1000
a contact +82800 +83400 2058 2061 1000
a contact +82800 +83400 2059 9001 1000
a contact +82800 +83400 2060 2021 1000
a contact +82800 +83400 2061 2058 1000
a contact +82800 +83400 2062 2016 1000
a contact +82800 +83400 2063 2015 1000
a contact +82800 +83400 2064 2014 1000
a contact +82800 +83400 9001 2059 1000
a contact +82800 +83400 9002 2051 1000
a contact +82800 +83400 9003 9012 1000
a contact +82800 +83400 9004 2047 1000
a contact +82800 +83400 9005 2024 1000
a contact +82800 +83400 9006 9009 1000
a contact +82800 +83400 9007 2046 1000
a contact +82800 +83400 9008 2040 1000
a contact +82800 +83400 9009 9006 1000
a contact +82800 +83400 9010 2032 1000
a contact +82800 +83400 9011 2025 1000
a contact +82800 +83400 9012 9003 1000
a contact +83400 +84000 2001 2009 1000
a contact +83400 +84000 2002 2051 1000
a contact +83400 +84000 2003 2052 1000
a contact +83400 +84000 2004 2050 1000
a contact +83400 +84000 2005 9005 1000
a contact +83400 +84000 2006 2055 1000
a contact +83400 +84000 2007 2047 1000
a contact +83400 +84000 2008 2062 1000
a contact +83400 +84000 2009 2001 1000
a contact +83400 +84000 2010 2033 1000
a contact +83400 +84000 2011 2025 1000
a contact +83400 +84000 2012 9008 1000
a contact +83400 +84000 2013 2017 1000
a contact +83400 +84000 2014 2063 1000
a contact +83400 +84000 2015 2064 1000
a contact +83400 +84000 2016 2061 1000
a contact +83400 +84000 2017 2013 1000
a contact +83400 +84000 2018 2056 1000
a contact +83400 +84000 2019 2054 1000
a contact +83400 +84000 2020 2060 1000
a contact +83400 +84000 2021 2053 1000
a contact +83400 +84000 2022 2048 1000
a contact +83400 +84000 2023 2045 1000
a contact +83400 +84000 2024 9010 1000
a contact +83400 +84000 2025 2011 1000
a contact +83400 +84000 2026 2049 1000
a contact +83400 +84000 2027 2038 1000
a contact +83400 +84000 2028 2043 1000
a contact +83400 +84000 2029 2042 1000
a contact +83400 +84000 2030 2041 1000
a contact +83400 +84000 2031 2036 1000
a contact +83400 +84000 2032 9011 1000
a contact +83400 +84000 2033 2010 1000
a contact +83400 +84000 2034 2044 1000
a contact +83400 +84000 2035 2037 1000
a contact +83400 +84000 2036 2031 1000
a contact +83400 +84000 2037 2035 1000
a contact +83400 +84000 2038 2027 1000
a contact +83400 +84000 2039 9001 1000
a contact +83400 +84000 2040 9007 1000
a contact +83400 +84000 2041 2030 1000
a contact +83400 +84000 2042 2029 1000
a contact +83400 +84000 2043 2028 1000
a contact +83400 +84000 2044 2034 1000
a contact +83400 +84000 2045 2023 1000
a contact +83400 +84000 2046 9004 1000
a contact +83400 +84000 2047 2007 1000
a contact +83400 +84000 2048 2022 1000
a contact +83400 +84000 2049 2026 1000
a contact +83400 +84000 2050 2004 1000
a contact +83400 +84000 2051 2002 1000
a contact +83400 +84000 2052 2003 1000
a contact +83400 +84000 2053 2021 1000
a contact +83400 +84000 2054 2019 1000
a contact +83400 +84000 2055 2006 1000
a contact +83400 +84000 2056 2018 1000
a contact +83400 +84000 2057 2058 1000
a contact +83400 +84000 2058 2057 1000
a contact +83400 +84000 2059 9002 1000
a contact +83400 +84000 2060 2020 1000
a contact +83400 +84000 2061 2016 1000
a contact +83400 +84000 2062 2008 1000
a contact +83400 +84000 2063 2014 1000
a contact +83400 +84000 2064 2015 1000
a contact +83400 +84000 9001 2039 1000
a contact +83400 +84000 9002 2059 1000
a contact +83400 +84000 9003 9006 1000
a contact +83400 +84000 9004 2046 1000
a contact +83400 +84000 9005 2005 1000
a contact +83400 +84000 9006 9003 1000
a contact +83400 +84000 9007 2040 1000
a contact +83400 +84000 9008 2012 1000
a contact +83400 +84000 9009 9012 1000
a contact +83400 +84000 9010 2024 1000
a contact +83400 +84000 9011 2032 1000
a contact +83400 +84000 9012 9009 1000
a contact +84000 +84600 2001 2010 1000
a contact +84000 +84600 2002 2047 1000
a contact +84000 +84600 2003 2046 1000
a contact +84000 +84600 2004 2040 1000
a contact +84000 +84600 2005 9007 1000
a contact +84000 +84600 2006 9010 1000
a contact +84000 +84600 2007 2025 1000
a contact +84000 +84600 2008 2061 1000
a contact +84000 +84600 2009 2017 1000
a contact +84000 +84600 2010 2001 1000
a contact +84000 +84600 2011 2024 1000
a contact +84000 +84600 2012 9005 1000
a contact +84000 +84600 2013 2021 1000
a contact +84000 +84600 2014 2057 1000
a contact +84000 +84600 2015 2062 1000
a contact +84000 +84600 2016 2023 1000
a contact +84000 +84600 2017 2009 1000
a contact +84000 +84600 2018 2063 1000
a contact +84000 +84600 2019 2056 1000
a contact +84000 +84600 2020 2055 1000
a contact +84000 +84600 2021 2013 1000
a contact +84000 +84600 2022 2054 1000
a contact +84000 +84600 2023 2016 1000
a contact +84000 +84600 2024 2011 1000
a contact +84000 +84600 2025 2007 1000
a contact +84000 +84600 2026 2053 1000
a contact +84000 +84600 2027 2049 1000
a contact +84000 +84600 2028 2048 1000
a contact +84000 +84600 2029 2045 1000
a contact +84000 +84600 2030 2044 1000
a contact +84000 +84600 2031 2034 1000
a contact +84000 +84600 2032 9001 1000
a contact +84000 +84600 2033 2042 1000
a contact +84000 +84600 2034 2031 1000
a contact +84000 +84600 2035 2043 1000
a contact +84000 +84600 2036 2041 1000
a contact +84000 +84600 2037 2038 1000
a contact +84000 +84600 2038 2037 1000
a contact +84000 +84600 2039 9002 1000
a contact +84000 +84600 2040 2004 1000
a contact +84000 +84600 2041 2036 1000
a contact +84000 +84600 2042 2033 1000
a contact +84000 +84600 2043 2035 1000
a contact +84000 +84600 2044 2030 1000
a contact +84000 +84600 2045 2029 1000
a contact +84000 +84600 2046 2003 1000
a contact +84000 +84600 2047 2002 1000
a contact +84000 +84600 2048 2028 1000
a contact +84000 +84600 2049 2027 1000
a contact +84000 +84600 2050 9008 1000
a contact +84000 +84600 2051 9011 1000
a contact +84000 +84600 2052 2064 1000
a contact +84000 +84600 2053 2026 1000
a contact +84000 +84600 2054 2022 1000
a contact +84000 +84600 2055 2020 1000
a contact +84000 +84600 2056 2019 1000
a contact +84000 +84600 2057 2014 1000
a contact +84000 +84600 2058 2060 1000
a contact +84000 +84600 2059 9004 1000
a contact +84000 +84600 2060 2058 1000
a contact +84000 +84600 2061 2008 1000
a contact +84000 +84600 2062 2015 1000
a contact +84000 +84600 2063 2018 1000
a contact +84000 +84600 2064 2052 1000
a contact +84000 +84600 9001 2032 1000
a contact +84000 +84600 9002 2039 1000
a contact +84000 +84600 9003 9009 1000
a contact +84000 +84600 9004 2059 1000
a contact +84000 +84600 9005 2012 1000
a contact +84000 +84600 9006 9012 1000
a contact +84000 +84600 9007 2005 1000
a contact +84000 +84600 9008 2050 1000
a contact +84000 +84600 9009 9003 1000
a contact +84000 +84600 9010 2006 1000
a contact +84000 +84600 9011 2051 1000
a contact +84000 +84600 9012 9006 1000
a contact +84600 +85200 2001 2014 1000
a contact +84600 +85200 2002 2050 1000
a contact +84600 +85200 2003 2040 1000
a contact +84600 +85200 2004 2046 1000
a contact +84600 +85200 2005 2062 1000
a contact +84600 +85200 2006 9005 1000
a contact +84600 +85200 2007 2032 1000
a contact +84600 +85200 2008 2057 1000
a contact +84600 +85200 2009 2025 1000
a contact +84600 +85200 2010 2024 1000
a contact +84600 +85200 2011 2023 1000
a contact +84600 +85200 2012 9002 1000
a contact +84600 +85200 2013 2064 1000
a contact +84600 +85200 2014 2001 1000
a contact +84600 +85200 2015 2055 1000
a contact +84600 +85200 2016 2058 1000
a contact +84600 +85200 2017 2049 1000
a contact +84600 +85200 2018 2030 1000
a contact +84600 +85200 2019 2061 1000
a contact +84600 +85200 2020 2044 1000
a contact +84600 +85200 2021 2054 1000
a contact +84600 +85200 2022 2026 1000
a contact +84600 +85200 2023 2011 1000
a contact +84600 +85200 2024 2010 1000
a contact +84600 +85200 2025 2009 1000
a contact +84600 +85200 2026 2022 1000
a contact +84600 +85200 2027 2053 1000
a contact +84600 +85200 2028 2042 1000
a contact +84600 +85200 2029 2043 1000
a contact +84600 +85200 2030 2018 1000
a contact +84600 +85200 2031 9007 1000
a contact +84600 +85200 2032 2007 1000
a contact +84600 +85200 2033 2047 1000
a contact +84600 +85200 2034 2041 1000
a contact +84600 +85200 2035 2051 1000
a contact +84600 +85200 2036 9010 1000
a contact +84600 +85200 2037 2048 1000
a contact +84600 +85200 2038 9001 1000
a contact +84600 +85200 2039 9004 1000
a contact +84600 +85200 2040 2003 1000
a contact +84600 +85200 2041 2034 1000
a contact +84600 +85200 2042 2028 1000
a contact +84600 +85200 2043 2029 1000
a contact +84600 +85200 2044 2020 1000
a contact +84600 +85200 2045 9008 1000
a contact +84600 +85200 2046 2004 1000
a contact +84600 +85200 2047 2033 1000
a contact +84600 +85200 2048 2037 1000
a contact +84600 +85200 2049 2017 1000
a contact +84600 +85200 2050 2002 1000
a contact +84600 +85200 2051 2035 1000
a contact +84600 +85200 2052 2063 1000
a contact +84600 +85200 2053 2027 1000
a contact +84600 +85200 2054 2021 1000
a contact +84600 +85200 2055 2015 1000
a contact +84600 +85200 2056 2060 1000
a contact +84600 +85200 2057 2008 1000
a contact +84600 +85200 2058 2016 1000
a contact +84600 +85200 2059 9011 1000
a contact +84600 +85200 2060 2056 1000
a contact +84600 +85200 2061 2019 1000
a contact +84600 +85200 2062 2005 1000
a contact +84600 +85200 2063 2052 1000
a contact +84600 +85200 2064 2013 1000
a contact +84600 +85200 9001 2038 1000
a contact +84600 +85200 9002 2012 1000
a contact +84600 +85200 9003 9012 1000
a contact +84600 +85200 9004 2039 1000
a contact +84600 +85200 9005 2006 1000
a contact +84600 +85200 9006 9009 1000
a contact +84600 +85200 9007 2031 1000
a contact +84600 +85200 9008 2045 1000
a contact +84600 +85200 9009 9006 1000
a contact +84600 +85200 9010 2036 1000
a contact +84600 +85200 9011 2059 1000
a contact +84600 +85200 9012 9003 1000
a contact +85200 +85800 2001 2016 1000
a contact +85200 +85800 2002 2032 1000
a contact +85200 +85800 2003 2031 1000
a contact +85200 +85800 2004 2024 1000
a contact +85200 +85800 2005 9010 1000
a contact +85200 +85800 2006 9011 1000
a contact +85200 +85800 2007 2011 1000
a contact +85200 +85800 2008 2055 1000
a contact +85200 +85800 2009 2023 1000
a contact +85200 +85800 2010 2064 1000
a contact +85200 +85800 2011 2007 1000
a contact +85200 +85800 2012 9001 1000
a contact +85200 +85800 2013 2062 1000
a contact +85200 +85800 2014 2061 1000
a contact +85200 +85800 2015 2060 1000
a contact +85200 +85800 2016 2001 1000
a contact +85200 +85800 2017 2063 1000
a contact +85200 +85800 2018 2058 1000
a contact +85200 +85800 2019 2057 1000
a contact +85200 +85800 2020 2052 1000
a contact +85200 +85800 2021 2051 1000
a contact +85200 +85800 2022 2053 1000
a contact +85200 +85800 2023 2009 1000
a contact +85200 +85800 2024 2004 1000
a contact +85200 +85800 2025 2050 1000
a contact +85200 +85800 2026 2054 1000
a contact +85200 +85800 2027 2047 1000
a contact +85200 +85800 2028 2049 1000
a contact +85200 +85800 2029 2041 1000
a contact +85200 +85800 2030 2043 1000
a contact +85200 +85800 2031 2003 1000
a contact +85200 +85800 2032 2002 1000
a contact +85200 +85800 2033 2044 1000
a contact +85200 +85800 2034 2042 1000
a contact +85200 +85800 2035 2040 1000
a contact +85200 +85800 2036 2037 1000
a contact +85200 +85800 2037 2036 1000
a contact +85200 +85800 2038 9002 1000
a contact +85200 +85800 2039 9008 1000
a contact +85200 +85800 2040 2035 1000
a contact +85200 +85800 2041 2029 1000
a contact +85200 +85800 2042 2034 1000
a contact +85200 +85800 2043 2030 1000
a contact +85200 +85800 2044 2033 1000
a contact +85200 +85800 2045 9004 1000
a contact +85200 +85800 2046 9005 1000
a contact +85200 +85800 2047 2027 1000
a contact +85200 +85800 2048 2056 1000
a contact +85200 +85800 2049 2028 1000
a contact +85200 +85800 2050 2025 1000
a contact +85200 +85800 2051 2021 1000
a contact +85200 +85800 2052 2020 1000
a contact +85200 +85800 2053 2022 1000
a contact +85200 +85800 2054 2026 1000
a contact +85200 +85800 2055 2008 1000
a contact +85200 +85800 2056 2048 1000
a contact +85200 +85800 2057 2019 1000
a contact +85200 +85800 2058 2018 1000
a contact +85200 +85800 2059 9007 1000
a contact +85200 +85800 2060 2015 1000
a contact +85200 +85800 2061 2014 1000
a contact +85200 +85800 2062 2013 1000
a contact +85200 +85800 2063 2017 1000
a contact +85200 +85800 2064 2010 1000
a contact +85200 +85800 9001 2012 1000
a contact +85200 +85800 9002 2038 1000
a contact +85200 +85800 9003 9006 1000
a contact +85200 +85800 9004 2045 1000
a contact +85200 +85800 9005 2046 1000
a contact +85200 +85800 9006 9003 1000
a contact +85200 +85800 9007 2059 1000
a contact +85200 +85800 9008 2039 1000
a contact +85200 +85800 9009 9012 1000
a contact +85200 +85800 9010 2005 1000
a contact +85200 +85800 9011 2006 1000
a contact +85200 +85800 9012 9009 1000
a contact +85800 +86400 2001 2017 1000
a contact +85800 +86400 2002 2064 1000
a contact +85800 +86400 2003 2063 1000
a contact +85800 +86400 2004 9010 1000
a contact +85800 +86400 2005 2028 1000
a contact +85800 +86400 2006 2007 1000
a contact +85800 +86400 2007 2006 1000
a contact +85800 +86400 2008 2012 1000
a contact +85800 +86400 2009 2062 1000
a contact +85800 +86400 2010 2061 1000
a contact +85800 +86400 2011 9007 1000
a contact +85800 +86400 2012 2008 1000
a contact +85800 +86400 2013 2058 1000
a contact +85800 +86400 2014 2060 1000
a contact +85800 +86400 2015 2057 1000
a contact +85800 +86400 2016 2055 1000
a contact +85800 +86400 2017 2001 1000
a contact +85800 +86400 2018 2054 1000
a contact +85800 +86400 2019 2053 1000
a contact +85800 +86400 2020 2056 1000
a contact +85800 +86400 2021 2052 1000
a contact +85800 +86400 2022 2051 1000
a contact +85800 +86400 2023 2050 1000
a contact +85800 +86400 2024 2049 1000
a contact +85800 +86400 2025 2048 1000
a contact +85800 +86400 2026 2046 1000
a contact +85800 +86400 2027 2044 1000
a contact +85800 +86400 2028 2005 1000
a contact +85800 +86400 2029 2059 1000
a contact +85800 +86400 2030 2033 1000
a contact +85800 +86400 2031 9002 1000
a contact +85800 +86400 2032 2041 1000
a contact +85800 +86400 2033 2030 1000
a contact +85800 +86400 2034 2043 1000
a contact +85800 +86400 2035 2042 1000
a contact +85800 +86400 2036 9008 1000
a contact +85800 +86400 2037 2047 1000
a contact +85800 +86400 2038 9004 1000
a contact +85800 +86400 2039 9005 1000
a contact +85800 +86400 2040 9011 1000
a contact +85800 +86400 2041 2032 1000
a contact +85800 +86400 2042 2035 1000
a contact +85800 +86400 2043 2034 1000
a contact +85800 +86400 2044 2027 1000
a contact +85800 +86400 2045 9001 1000
a contact +85800 +86400 2046 2026 1000
a contact +85800 +86400 2047 2037 1000
a contact +85800 +86400 2048 2025 1000
a contact +85800 +86400 2049 2024 1000
a contact +85800 +86400 2050 2023 1000
a contact +85800 +86400 2051 2022 1000
a contact +85800 +86400 2052 2021 1000
a contact +85800 +86400 2053 2019 1000
a contact +85800 +86400 2054 2018 1000
a contact +85800 +86400 2055 2016 1000
a contact +85800 +86400 2056 2020 1000
a contact +85800 +86400 2057 2015 1000
a contact +85800 +86400 2058 2013 1000
a contact +85800 +86400 2059 2029 1000
a contact +85800 +86400 2060 2014 1000
a contact +85800 +86400 2061 2010 1000
a contact +85800 +86400 2062 2009 1000
a contact +85800 +86400 2063 2003 1000
a contact +85800 +86400 2064 2002 1000
a contact +85800 +86400 9001 2045 1000
a contact +85800 +86400 9002 2031 1000
a contact +85800 +86400 9003 9009 1000
a contact +85800 +86400 9004 2038 1000
a contact +85800 +86400 9005 2039 1000
a contact +85800 +86400 9006 9012 1000
a contact +85800 +86400 9007 2011 1000
a contact +85800 +86400 9008 2036 1000
a contact +85800 +86400 9009 9003 1000
a contact +85800 +86400 9010 2004 1000
a contact +85800 +86400 9011 2040 1000
a contact +85800 +86400 9012 9006 1000

a range +0 +600 2005 9010 1102.3549
a range +0 +600 2006 9001 1102.3556
a range +0 +600 2016 9008 1102.4173
a range +0 +600 2026 9007 1102.3548
a range +0 +600 2039 9005 1103.3749
a range +0 +600 2040 9011 1103.3789
a range +0 +600 2044 9004 1101.8257
a range +0 +600 2058 9002 1103.3988
a range +0 +600 9001 2006 1102.3556
a range +0 +600 9002 2058 1103.3988
a range +0 +600 9004 2044 1101.8257
a range +0 +600 9005 2039 1103.3749
a range +0 +600 9007 2026 1102.3548
a range +0 +600 9008 2016 1102.4173
a range +0 +600 9010 2005 1102.3549
a range +0 +600 9011 2040 1103.3789
a range +600 +1200 2001 2002 0.0173
a range +600 +1200 2002 2001 0.0173
a range +600 +1200 2003 2016 0.0322
a range +600 +1200 2004 2005 0.0173
a range +600 +1200 2005 2004 0.0173
a range +600 +1200 2006 9005 1103.3787
a range +600 +1200 2007 2044 0.0502
a range +600 +1200 2008 2064 0.0539
a range +600 +1200 2009 9004 1102.3449
a range +600 +1200 2010 2040 0.0509
a range +600 +1200 2011 2063 0.0566
a range +600 +1200 2012 2062 0.0572
a range +600 +1200 2013 2061 0.0558
a range +600 +1200 2014 2060 0.0553
a range +600 +1200 2015 2059 0.0563
a range +600 +1200 2016 2003 0.0322
a range +600 +1200 2017 2057 0.0576
a range +600 +1200 2018 2056 0.0579
a range +600 +1200 2019 2055 0.0579
a range +600 +1200 2020 2054 0.058
a range +600 +1200 2021 2053 0.0557
a range +600 +1200 2022 2052 0.0576
a range +600 +1200 2023 2051 0.0581
a range +600 +1200 2024 2050 0.058
a range +600 +1200 2025 9002 1103.3967
a range +600 +1200 2026 2033 0.0234
a range +600 +1200 2027 2049 0.0583
a range +600 +1200 2028 2048 0.04
a range +600 +1200 2029 2047 0.0568
a range +600 +1200 2030 2046 0.0556
a range +600 +1200 2031 2045 0.0555
a range +600 +1200 2032 2042 0.0556
a range +600 +1200 2033 2026 0.0234
a range +600 +1200 2034 2041 0.0216
a range +600 +1200 2035 2037 0.0433
a range +600 +1200 2036 9011 1103.3969
a range +600 +1200 2037 2035 0.0433
a range +600 +1200 2038 9001 1102.3391
a range +600 +1200 2039 9010 1102.3333
a range +600 +1200 2040 2010 0.0509
a range +600 +1200 2041 2034 0.0216
a range +600 +1200 2042 2032 0.0556
a range +600 +1200 2043 9008 1101.9669
a range +600 +1200 2044 2007 0.0502
a range +600 +1200 2045 2031 0.0555
a range +600 +1200 2046 2030 0.0556
a range +600 +1200 2047 2029 0.0568
a range +600 +1200 2048 2028 0.04
a range +600 +1200 2049 2027 0.0583
a range +600 +1200 2050 2024 0.058
a range +600 +1200 2051 2023 0.0581
a range +600 +1200 2052 2022 0.0576
a range +600 +1200 2053 2021 0.0557
a range +600 +1200 2054 2020 0.058
a range +600 +1200 2055 2019 0.0579
a range +600 +1200 2056 2018 0.0579
a range +600 +1200 2057 2017 0.0576
a range +600 +1200 2058 9007 1102.3547
a range +600 +1200 2059 2015 0.0563
a range +600 +1200 2060 2014 0.0553
a range +600 +1200 2061 2013 0.0558
a range +600 +1200 2062 2012 0.0572
a range +600 +1200 2063 2011 0.0566
a range +600 +1200 2064 2008 0.0539
a range +600 +1200 9001 2038 1102.3391
a range +600 +1200 9002 2025 1103.3967
a range +600 +1200 9003 9012 0.0
a range +600 +1200 9004 2009 1102.3449
a range +600 +1200 9005 2006 1103.3787
a range +600 +1200 9006 9009 0.0
a range +600 +1200 9007 2058 1102.3547
a range +600 +1200 9008 2043 1101.9669
a range +600 +1200 9009 9006 0.0
a range +600 +1200 9010 2039 1102.3333
a range +600 +1200 9011 2036 1103.3969
a range +600 +1200 9012 9003 0.0
a range +1200 +1800 2001 2003 0.033
a range +1200 +1800 2002 2044 0.0518
a range +1200 +1800 2003 2001 0.033
a range +1200 +1800 2004 2043 0.0512
a range +1200 +1800 2005 2038 0.0496
a range +1200 +1800 2006 9007 1102.3556
a range +1200 +1800 2007 2025 0.0476
a range +1200 +1800 2008 2016 0.0432
a range +1200 +1800 2009 9005 1102.3252
a range +1200 +1800 2010 2039 0.0504
a range +1200 +1800 2011 2026 0.0493
a range +1200 +1800 2012 2064 0.0563
a range +1200 +1800 2013 2063 0.0569
a range +1200 +1800 2014 2062 0.0562
a range +1200 +1800 2015 2061 0.0557
a range +1200 +1800 2016 2008 0.0432
a range +1200 +1800 2017 2060 0.0575
a range +1200 +1800 2018 9004 1102.3566
a range +1200 +1800 2019 9002 1103.3955
a range +1200 +1800 2020 2057 0.0581
a range +1200 +1800 2021 2056 0.058
a range +1200 +1800 2022 2055 0.0574
a range +1200 +1800 2023 2054 0.0574
a range +1200 +1800 2024 2049 0.0565
a range +1200 +1800 2025 2007 0.0476
a range +1200 +1800 2026 2011 0.0493
a range +1200 +1800 2027 2052 0.0574
a range +1200 +1800 2028 2051 0.0583
a range +1200 +1800 2029 2050 0.0574
a range +1200 +1800 2030 2048 0.0564
a range +1200 +1800 2031 2047 0.0556
a range +1200 +1800 2032 2045 0.0562
a range +1200 +1800 2033 2046 0.0366
a range +1200 +1800 2034 2040 0.041
a range +1200 +1800 2035 2041 0.0166
a range +1200 +1800 2036 2037 0.0232
a range +1200 +1800 2037 2036 0.0232
a range +1200 +1800 2038 2005 0.0496
a range +1200 +1800 2039 2010 0.0504
a range +1200 +1800 2040 2034 0.041
a range +1200 +1800 2041 2035 0.0166
a range +1200 +1800 2042 9001 1102.1122
a range +1200 +1800 2043 2004 0.0512
a range +1200 +1800 2044 2002 0.0518
a range +1200 +1800 2045 2032 0.0562
a range +1200 +1800 2046 2033 0.0366
a range +1200 +1800 2047 2031 0.0556
a range +1200 +1800 2048 2030 0.0564
a range +1200 +1800 2049 2024 0.0565
a range +1200 +1800 2050 2029 0.0574
a range +1200 +1800 2051 2028 0.0583
a range +1200 +1800 2052 2027 0.0574
a range +1200 +1800 2053 9011 1103.403
a range +1200 +1800 2054 2023 0.0574
a range +1200 +1800 2055 2022 0.0574
a range +1200 +1800 2056 2021 0.058
a range +1200 +1800 2057 2020 0.0581
a range +1200 +1800 2058 9010 1102.3547
a range +1200 +1800 2059 9008 1103.3989
a range +1200 +1800 2060 2017 0.0575
a range +1200 +1800 2061 2015 0.0557
a range +1200 +1800 2062 2014 0.0562
a range +1200 +1800 2063 2013 0.0569
a range +1200 +1800 2064 2012 0.0563
a range +1200 +1800 9001 2042 1102.1122
a range +1200 +1800 9002 2019 1103.3955
a range +1200 +1800 9003 9009 0.0
a range +1200 +1800 9004 2018 1102.3566
a range +1200 +1800 9005 2009 1102.3252
a range +1200 +1800 9006 9012 0.0
a range +1200 +1800 9007 2006 1102.3556
a range +1200 +1800 9008 2059 1103.3989
a range +1200 +1800 9009 9003 0.0
a range +1200 +1800 9010 2058 1102.3547
a range +1200 +1800 9011 2053 1103.403
a range +1200 +1800 9012 9006 0.0
a range +1800 +2400 2001 2007 0.0337
a range +1800 +2400 2002 2039 0.051
a range +1800 +2400 2003 2043 0.0501
a range +1800 +2400 2004 2042 0.05
a range +1800 +2400 2005 2025 0.0478
a range +1800 +2400 2006 9004 1102.3556
a range +1800 +2400 2007 2001 0.0337
a range +1800 +2400 2008 2038 0.0513
a range +1800 +2400 2009 9007 1102.3449
a range +1800 +2400 2010 2019 0.0468
a range +1800 +2400 2011 2018 0.0466
a range +1800 +2400 2012 2063 0.0566
a range +1800 +2400 2013 2015 0.0356
a range +1800 +2400 2014 2016 0.0353
a range +1800 +2400 2015 2013 0.0356
a range +1800 +2400 2016 2014 0.0353
a range +1800 +2400 2017 2062 0.0593
a range +1800 +2400 2018 2011 0.0466
a range +1800 +2400 2019 2010 0.0468
a range +1800 +2400 2020 2064 0.0576
a range +1800 +2400 2021 2061 0.0577
a range +1800 +2400 2022 2057 0.0584
a range +1800 +2400 2023 2060 0.0593
a range +1800 +2400 2024 2056 0.0576
a range +1800 +2400 2025 2005 0.0478
a range +1800 +2400 2026 2054 0.0574
a range +1800 +2400 2027 2055 0.0583
a range +1800 +2400 2028 2050 0.0583
a range +1800 +2400 2029 2051 0.0582
a range +1800 +2400 2030 2049 0.0575
a range +1800 +2400 2031 2048 0.0565
a range +1800 +2400 2032 9002 1103.3967
a range +1800 +2400 2033 2047 0.0242
a range +1800 +2400 2034 2046 0.0522
a range +1800 +2400 2035 2045 0.0574
a range +1800 +2400 2036 2044 0.0578
a range +1800 +2400 2037 9001 1102.3491
a range +1800 +2400 2038 2008 0.0513
a range +1800 +2400 2039 2002 0.051
a range +1800 +2400 2040 2052 0.0599
a range +1800 +2400 2041 9011 1102.2401
a range +1800 +2400 2042 2004 0.05
a range +1800 +2400 2043 2003 0.0501
a range +1800 +2400 2044 2036 0.0578
a range +1800 +2400 2045 2035 0.0574
a range +1800 +2400 2046 2034 0.0522
a range +1800 +2400 2047 2033 0.0242
a range +1800 +2400 2048 2031 0.0565
a range +1800 +2400 2049 2030 0.0575
a range +1800 +2400 2050 2028 0.0583
a range +1800 +2400 2051 2029 0.0582
a range +1800 +2400 2052 2040 0.0599
a range +1800 +2400 2053 9010 1102.3412
a range +1800 +2400 2054 2026 0.0574
a range +1800 +2400 2055 2027 0.0583
a range +1800 +2400 2056 2024 0.0576
a range +1800 +2400 2057 2022 0.0584
a range +1800 +2400 2058 9008 1103.3988
a range +1800 +2400 2059 9005 1103.3989
a range +1800 +2400 2060 2023 0.0593
a range +1800 +2400 2061 2021 0.0577
a range +1800 +2400 2062 2017 0.0593
a range +1800 +2400 2063 2012 0.0566
a range +1800 +2400 2064 2020 0.0576
a range +1800 +2400 9001 2037 1102.3491
a range +1800 +2400 9002 2032 1103.3967
a range +1800 +2400 9004 2006 1102.3556
a range +1800 +2400 9005 2059 1103.3989
a range +1800 +2400 9007 2009 1102.3449
a range +1800 +2400 9008 2058 1103.3988
a range +1800 +2400 9010 2053 1102.3412
a range +1800 +2400 9011 2041 1102.2401
a range +2400 +3000 2001 2008 0.0182
a range +2400 +3000 2002 2058 0.0543
a range +2400 +3000 2003 2019 0.0458
a range +2400 +3000 2004 2018 0.0448
a range +2400 +3000 2005 2016 0.0428
a range +2400 +3000 2006 9002 1103.3787
a range +2400 +3000 2007 2043 0.0504
a range +2400 +3000 2008 2001 0.0182
a range +2400 +3000 2009 9001 1102.3449
a range +2400 +3000 2010 2038 0.0505
a range +2400 +3000 2011 2025 0.0491
a range +2400 +3000 2012 2061 0.0556
a range +2400 +3000 2013 2064 0.0561
a range +2400 +3000 2014 2015 0.0191
a range +2400 +3000 2015 2014 0.0191
a range +2400 +3000 2016 2005 0.0428
a range +2400 +3000 2017 2056 0.0566
a range +2400 +3000 2018 2004 0.0448
a range +2400 +3000 2019 2003 0.0458
a range +2400 +3000 2020 2063 0.0574
a range +2400 +3000 2021 2062 0.0574
a range +2400 +3000 2022 2060 0.0576
a range +2400 +3000 2023 2057 0.0577
a range +2400 +3000 2024 2055 0.0557
a range +2400 +3000 2025 2011 0.0491
a range +2400 +3000 2026 2051 0.0589
a range +2400 +3000 2027 2054 0.0579
a range +2400 +3000 2028 2049 0.0579
a range +2400 +3000 2029 2048 0.0557
a range +2400 +3000 2030 2050 0.0574
a range +2400 +3000 2031 2046 0.0558
a range +2400 +3000 2032 9011 1103.3967
a range +2400 +3000 2033 2045 0.0485
a range +2400 +3000 2034 2047 0.0398
a range +2400 +3000 2035 2044 0.0577
a range +2400 +3000 2036 2041 0.0334
a range +2400 +3000 2037 9010 1102.3491
a range +2400 +3000 2038 2010 0.0505
a range +2400 +3000 2039 2040 0.0237
a range +2400 +3000 2040 2039 0.0237
a range +2400 +3000 2041 2036 0.0334
a range +2400 +3000 2042 9008 1102.1031
a range +2400 +3000 2043 2007 0.0504
a range +2400 +3000 2044 2035 0.0577
a range +2400 +3000 2045 2033 0.0485
a range +2400 +3000 2046 2031 0.0558
a range +2400 +3000 2047 2034 0.0398
a range +2400 +3000 2048 2029 0.0557
a range +2400 +3000 2049 2028 0.0579
a range +2400 +3000 2050 2030 0.0574
a range +2400 +3000 2051 2026 0.0589
a range +2400 +3000 2052 9007 1102.3645
a range +2400 +3000 2053 9005 1103.403
a range +2400 +3000 2054 2027 0.0579
a range +2400 +3000 2055 2024 0.0557
a range +2400 +3000 2056 2017 0.0566
a range +2400 +3000 2057 2023 0.0577
a range +2400 +3000 2058 2002 0.0543
a range +2400 +3000 2059 9004 1102.3474
a range +2400 +3000 2060 2022 0.0576
a range +2400 +3000 2061 2012 0.0556
a range +2400 +3000 2062 2021 0.0574
a range +2400 +3000 2063 2020 0.0574
a range +2400 +3000 2064 2013 0.0561
a range +2400 +3000 9001 2009 1102.3449
a range +2400 +3000 9002 2006 1103.3787
a range +1800 +3000 9003 9006 0.0
a range +2400 +3000 9004 2059 1102.3474
a range +2400 +3000 9005 2053 1103.403
a range +1800 +3000 9006 9003 0.0
a range +2400 +3000 9007 2052 1102.3645
a range +2400 +3000 9008 2042 1102.1031
a range +1800 +3000 9009 9012 0.0
a range +2400 +3000 9010 2037 1102.3491
a range +2400 +3000 9011 2032 1103.3967
a range +1800 +3000 9012 9009 0.0
a range +3000 +3600 2001 2010 0.0431
a range +3000 +3600 2002 2053 0.0519
a range +3000 +3600 2003 2018 0.0454
a range +3000 +3600 2004 2016 0.0406
a range +3000 +3600 2005 2009 0.0385
a range +3000 +3600 2006 9008 1103.3787
a range +3000 +3600 2007 2058 0.0539
a range +3000 +3600 2008 2019 0.0448
a range +3000 +3600 2009 2005 0.0385
a range +3000 +3600 2010 2001 0.0431
a range +3000 +3600 2011 2064 0.0561
a range +3000 +3600 2012 2060 0.057
a range +3000 +3600 2013 2043 0.0523
a range +3000 +3600 2014 2038 0.0507
a range +3000 +3600 2015 2025 0.0491
a range +3000 +3600 2016 2004 0.0406
a range +3000 +3600 2017 2023 0.0379
a range +3000 +3600 2018 2003 0.0454
a range +3000 +3600 2019 2008 0.0448
a range +3000 +3600 2020 2062 0.0577
a range +3000 +3600 2021 2063 0.0575
a range +3000 +3600 2022 2061 0.058
a range +3000 +3600 2023 2017 0.0379
a range +3000 +3600 2024 2057 0.0579
a range +3000 +3600 2025 2015 0.0491
a range +3000 +3600 2026 2056 0.0574
a range +3000 +3600 2027 2051 0.059
a range +3000 +3600 2028 2055 0.0583
a range +3000 +3600 2029 2054 0.0578
a range +3000 +3600 2030 2047 0.0561
a range +3000 +3600 2031 9011 1103.3917
a range +3000 +3600 2032 9010 1102.3487
a range +3000 +3600 2033 2050 0.0373
a range +3000 +3600 2034 2049 0.0603
a range +3000 +3600 2035 2048 0.037
a range +3000 +3600 2036 2046 0.0574
a range +3000 +3600 2037 9007 1102.3491
a range +3000 +3600 2038 2014 0.0507
a range +3000 +3600 2039 2045 0.017
a range +3000 +3600 2040 2044 0.0501
a range +3000 +3600 2041 9005 1102.2401
a range +3000 +3600 2042 9004 1102.1122
a range +3000 +3600 2043 2013 0.0523
a range +3000 +3600 2044 2040 0.0501
a range +3000 +3600 2045 2039 0.017
a range +3000 +3600 2046 2036 0.0574
a range +3000 +3600 2047 2030 0.0561
a range +3000 +3600 2048 2035 0.037
a range +3000 +3600 2049 2034 0.0603
a range +3000 +3600 2050 2033 0.0373
a range +3000 +3600 2051 2027 0.059
a range +3000 +3600 2052 9002 1103.4172
a range +3000 +3600 2053 2002 0.0519
a range +3000 +3600 2054 2029 0.0578
a range +3000 +3600 2055 2028 0.0583
a range +3000 +3600 2056 2026 0.0574
a range +3000 +3600 2057 2024 0.0579
a range +3000 +3600 2058 2007 0.0539
a range +3000 +3600 2059 9001 1102.3474
a range +3000 +3600 2060 2012 0.057
a range +3000 +3600 2061 2022 0.058
a range +3000 +3600 2062 2020 0.0577
a range +3000 +3600 2063 2021 0.0575
a range +3000 +3600 2064 2011 0.0561
a range +3000 +3600 9001 2059 1102.3474
a range +3000 +3600 9002 2052 1103.4172
a range +3000 +3600 9003 9009 0.0
a range +3000 +3600 9004 2042 1102.1122
a range +3000 +3600 9005 2041 1102.2401
a range +3000 +3600 9006 9012 0.0
a range +3000 +3600 9007 2037 1102.3491
a range +3000 +3600 9008 2006 1103.3787
a range +3000 +3600 9009 9003 0.0
a range +3000 +3600 9010 2032 1102.3487
a range +3000 +3600 9011 2031 1103.3917
a range +3000 +3600 9012 9006 0.0
a range +3600 +4200 2001 2011 0.0434
a range +3600 +4200 2002 2052 0.0526
a range +3600 +4200 2003 2005 0.0323
a range +3600 +4200 2004 2058 0.0545
a range +3600 +4200 2005 2003 0.0323
a range +3600 +4200 2006 9011 1103.3787
a range +3600 +4200 2007 2053 0.0526
a range +3600 +4200 2008 2063 0.054
a range +3600 +4200 2009 9008 1102.3252
a range +3600 +4200 2010 2042 0.0547
a range +3600 +4200 2011 2001 0.0434
a range +3600 +4200 2012 2057 0.0573
a range +3600 +4200 2013 2017 0.0257
a range +3600 +4200 2014 2037 0.0504
a range +3600 +4200 2015 2032 0.0488
a range +3600 +4200 2016 2039 0.0516
a range +3600 +4200 2017 2013 0.0257
a range +3600 +4200 2018 9007 1102.3566
a range +3600 +4200 2019 2064 0.0591
a range +3600 +4200 2020 2061 0.0579
a range +3600 +4200 2021 2060 0.0583
a range +3600 +4200 2022 2062 0.0574
a range +3600 +4200 2023 2056 0.0558
a range +3600 +4200 2024 2054 0.0565
a range +3600 +4200 2025 2051 0.0581
a range +3600 +4200 2026 2055 0.0573
a range +3600 +4200 2027 2050 0.0584
a range +3600 +4200 2028 2047 0.0558
a range +3600 +4200 2029 2049 0.0576
a range +3600 +4200 2030 2045 0.056
a range +3600 +4200 2031 9005 1103.3917
a range +3600 +4200 2032 2015 0.0488
a range +3600 +4200 2033 2048 0.0256
a range +3600 +4200 2034 2044 0.0577
a range +3600 +4200 2035 2046 0.0573
a range +3600 +4200 2036 9004 1102.3571
a range +3600 +4200 2037 2014 0.0504
a range +3600 +4200 2038 2043 0.0416
a range +3600 +4200 2039 2016 0.0516
a range +3600 +4200 2040 9010 1102.3345
a range +3600 +4200 2041 9001 1102.2559
a range +3600 +4200 2042 2010 0.0547
a range +3600 +4200 2043 2038 0.0416
a range +3600 +4200 2044 2034 0.0577
a range +3600 +4200 2045 2030 0.056
a range +3600 +4200 2046 2035 0.0573
a range +3600 +4200 2047 2028 0.0558
a range +3600 +4200 2048 2033 0.0256
a range +3600 +4200 2049 2029 0.0576
a range +3600 +4200 2050 2027 0.0584
a range +3600 +4200 2051 2025 0.0581
a range +3600 +4200 2052 2002 0.0526
a range +3600 +4200 2053 2007 0.0526
a range +3600 +4200 2054 2024 0.0565
a range +3600 +4200 2055 2026 0.0573
a range +3600 +4200 2056 2023 0.0558
a range +3600 +4200 2057 2012 0.0573
a range +3600 +4200 2058 2004 0.0545
a range +3600 +4200 2059 9002 1103.3989
a range +3600 +4200 2060 2021 0.0583
a range +3600 +4200 2061 2020 0.0579
a range +3600 +4200 2062 2022 0.0574
a range +3600 +4200 2063 2008 0.054
a range +3600 +4200 2064 2019 0.0591
a range +3600 +4200 9001 2041 1102.2559
a range +3600 +4200 9002 2059 1103.3989
a range +3600 +4200 9003 9012 0.0
a range +3600 +4200 9004 2036 1102.3571
a range +3600 +4200 9005 2031 1103.3917
a range +3600 +4200 9006 9009 0.0
a range +3600 +4200 9007 2018 1102.3566
a range +3600 +4200 9008 2009 1102.3252
a range +3600 +4200 9009 9006 0.0
a range +3600 +4200 9010 2040 1102.3345
a range +3600 +4200 9011 2006 1103.3787
a range +3600 +4200 9012 9003 0.0
a range +4200 +4800 2001 2012 0.0426
a range +4200 +4800 2002 2051 0.052
a range +4200 +4800 2003 2052 0.0532
a range +4200 +4800 2004 2041 0.0504
a range +4200 +4800 2005 9005 1103.3783
a range +4200 +4800 2006 9010 1102.3556
a range +4200 +4800 2007 2042 0.0519
a range +4200 +4800 2008 2062 0.0546
a range +4200 +4800 2009 9002 1102.3252
a range +4200 +4800 2010 2037 0.0515
a range +4200 +4800 2011 2061 0.0562
a range +4200 +4800 2012 2001 0.0426
a range +4200 +4800 2013 2032 0.0482
a range +4200 +4800 2014 2018 0.0211
a range +4200 +4800 2015 2017 0.0464
a range +4200 +4800 2016 9004 1102.3615
a range +4200 +4800 2017 2015 0.0464
a range +4200 +4800 2018 2014 0.0211
a range +4200 +4800 2019 2063 0.0578
a range +4200 +4800 2020 2060 0.0578
a range +4200 +4800 2021 2064 0.0575
a range +4200 +4800 2022 2056 0.0566
a range +4200 +4800 2023 2055 0.0567
a range +4200 +4800 2024 2053 0.0579
a range +4200 +4800 2025 2057 0.0609
a range +4200 +4800 2026 2050 0.0596
a range +4200 +4800 2027 2048 0.0569
a range +4200 +4800 2028 2054 0.0576
a range +4200 +4800 2029 2046 0.0558
a range +4200 +4800 2030 2044 0.0568
a range +4200 +4800 2031 9008 1103.3917
a range +4200 +4800 2032 2013 0.0482
a range +4200 +4800 2033 2049 0.0401
a range +4200 +4800 2034 2045 0.0573
a range +4200 +4800 2035 2047 0.0532
a range +4200 +4800 2036 9001 1102.3571
a range +4200 +4800 2037 2010 0.0515
a range +4200 +4800 2038 2040 0.042
a range +4200 +4800 2039 2043 0.0534
a range +4200 +4800 2040 2038 0.042
a range +4200 +4800 2041 2004 0.0504
a range +4200 +4800 2042 2007 0.0519
a range +4200 +4800 2043 2039 0.0534
a range +4200 +4800 2044 2030 0.0568
a range +4200 +4800 2045 2034 0.0573
a range +4200 +4800 2046 2029 0.0558
a range +4200 +4800 2047 2035 0.0532
a range +4200 +4800 2048 2027 0.0569
a range +4200 +4800 2049 2033 0.0401
a range +4200 +4800 2050 2026 0.0596
a range +4200 +4800 2051 2002 0.052
a range +4200 +4800 2052 2003 0.0532
a range +4200 +4800 2053 2024 0.0579
a range +4200 +4800 2054 2028 0.0576
a range +4200 +4800 2055 2023 0.0567
a range +4200 +4800 2056 2022 0.0566
a range +4200 +4800 2057 2025 0.0609
a range +4200 +4800 2058 9011 1103.3988
a range +4200 +4800 2059 9007 1102.3474
a range +4200 +4800 2060 2020 0.0578
a range +4200 +4800 2061 2011 0.0562
a range +4200 +4800 2062 2008 0.0546
a range +4200 +4800 2063 2019 0.0578
a range +4200 +4800 2064 2021 0.0575
a range +4200 +4800 9001 2036 1102.3571
a range +4200 +4800 9002 2009 1102.3252
a range +4200 +4800 9003 9006 0.0
a range +4200 +4800 9004 2016 1102.3615
a range +4200 +4800 9005 2005 1103.3783
a range +4200 +4800 9006 9003 0.0
a range +4200 +4800 9007 2059 1102.3474
a range +4200 +4800 9008 2031 1103.3917
a range +4200 +4800 9009 9012 0.0
a range +4200 +4800 9010 2006 1102.3556
a range +4200 +4800 9011 2058 1103.3988
a range +4200 +4800 9012 9009 0.0
a range +4800 +5400 2001 2013 0.0394
a range +4800 +5400 2002 2041 0.0503
a range +4800 +5400 2003 2051 0.0517
a range +4800 +5400 2004 2006 0.0322
a range +4800 +5400 2005 9007 1102.3549
a range +4800 +5400 2006 2004 0.0322
a range +4800 +5400 2007 2052 0.0519
a range +4800 +5400 2008 2061 0.0535
a range +4800 +5400 2009 9010 1102.3449
a range +4800 +5400 2010 2031 0.0492
a range +4800 +5400 2011 2062 0.0564
a range +4800 +5400 2012 2056 0.0543
a range +4800 +5400 2013 2001 0.0394
a range +4800 +5400 2014 2017 0.0367
a range +4800 +5400 2015 2018 0.0338
a range +4800 +5400 2016 2019 0.0354
a range +4800 +5400 2017 2014 0.0367
a range +4800 +5400 2018 2015 0.0338
a range +4800 +5400 2019 2016 0.0354
a range +4800 +5400 2020 2055 0.0573
a range +4800 +5400 2021 2057 0.0589
a range +4800 +5400 2022 2064 0.0573
a range +4800 +5400 2023 2063 0.0575
a range +4800 +5400 2024 2060 0.0577
a range +4800 +5400 2025 2053 0.0576
a range +4800 +5400 2026 2049 0.059
a range +4800 +5400 2027 2047 0.0513
a range +4800 +5400 2028 2046 0.0557
a range +4800 +5400 2029 2045 0.0556
a range +4800 +5400 2030 9004 1102.3369
a range +4800 +5400 2031 2010 0.0492
a range +4800 +5400 2032 2054 0.0582
a range +4800 +5400 2033 2044 0.0577
a range +4800 +5400 2034 2050 0.0534
a range +4800 +5400 2035 9001 1102.3583
a range +4800 +5400 2036 2039 0.055
a range +4800 +5400 2037 2043 0.0251
a range +4800 +5400 2038 2042 0.0529
a range +4800 +5400 2039 2036 0.055
a range +4800 +5400 2040 9008 1103.3789
a range +4800 +5400 2041 2002 0.0503
a range +4800 +5400 2042 2038 0.0529
a range +4800 +5400 2043 2037 0.0251
a range +4800 +5400 2044 2033 0.0577
a range +4800 +5400 2045 2029 0.0556
a range +4800 +5400 2046 2028 0.0557
a range +4800 +5400 2047 2027 0.0513
a range +4800 +5400 2048 9002 1102.3549
a range +4800 +5400 2049 2026 0.059
a range +4800 +5400 2050 2034 0.0534
a range +4800 +5400 2051 2003 0.0517
a range +4800 +5400 2052 2007 0.0519
a range +4800 +5400 2053 2025 0.0576
a range +4800 +5400 2054 2032 0.0582
a range +4800 +5400 2055 2020 0.0573
a range +4800 +5400 2056 2012 0.0543
a range +4800 +5400 2057 2021 0.0589
a range +4800 +5400 2058 9005 1103.3988
a range +4800 +5400 2059 9011 1103.3989
a range +4800 +5400 2060 2024 0.0577
a range +4800 +5400 2061 2008 0.0535
a range +4800 +5400 2062 2011 0.0564
a range +4800 +5400 2063 2023 0.0575
a range +4800 +5400 2064 2022 0.0573
a range +4800 +5400 9001 2035 1102.3583
a range +4800 +5400 9002 2048 1102.3549
a range +4800 +5400 9003 9009 0.0
a range +4800 +5400 9004 2030 1102.3369
a range +4800 +5400 9005 2058 1103.3988
a range +4800 +5400 9006 9012 0.0
a range +4800 +5400 9007 2005 1102.3549
a range +4800 +5400 9008 2040 1103.3789
a range +4800 +5400 9009 9003 0.0
a range +4800 +5400 9010 2009 1102.3449
a range +4800 +5400 9011 2059 1103.3989
a range +4800 +5400 9012 9006 0.0
a range +5400 +6000 2001 2009 0.0427
a range +5400 +6000 2002 2036 0.0497
a range +5400 +6000 2003 2031 0.047
a range +5400 +6000 2004 2017 0.0446
a range +5400 +6000 2005 9011 1103.3783
a range +5400 +6000 2006 2007 0.0178
a range +5400 +6000 2007 2006 0.0178
a range +5400 +6000 2008 2060 0.0536
a range +5400 +6000 2009 2001 0.0427
a range +5400 +6000 2010 2018 0.0465
a range +5400 +6000 2011 2056 0.054
a range +5400 +6000 2012 2055 0.0556
a range +5400 +6000 2013 2062 0.0554
a range +5400 +6000 2014 2064 0.0555
a range +5400 +6000 2015 2016 0.0192
a range +5400 +6000 2016 2015 0.0192
a range +5400 +6000 2017 2004 0.0446
a range +5400 +6000 2018 2010 0.0465
a range +5400 +6000 2019 2061 0.0572
a range +5400 +6000 2020 2051 0.0559
a range +5400 +6000 2021 2054 0.057
a range +5400 +6000 2022 2063 0.0582
a range +5400 +6000 2023 2053 0.0561
a range +5400 +6000 2024 2047 0.0539
a range +5400 +6000 2025 2050 0.0578
a range +5400 +6000 2026 2057 0.0603
a range +5400 +6000 2027 2046 0.0556
a range +5400 +6000 2028 2045 0.0563
a range +5400 +6000 2029 2044 0.0564
a range +5400 +6000 2030 9001 1102.3369
a range +5400 +6000 2031 2003 0.047
a range +5400 +6000 2032 2049 0.0595
a range +5400 +6000 2033 2043 0.0579
a range +5400 +6000 2034 2042 0.0574
a range +5400 +6000 2035 9002 1103.4009
a range +5400 +6000 2036 2002 0.0497
a range +5400 +6000 2037 2040 0.0552
a range +5400 +6000 2038 2039 0.0216
a range +5400 +6000 2039 2038 0.0216
a range +5400 +6000 2040 2037 0.0552
a range +5400 +6000 2041 9008 1102.2401
a range +5400 +6000 2042 2034 0.0574
a range +5400 +6000 2043 2033 0.0579
a range +5400 +6000 2044 2029 0.0564
a range +5400 +6000 2045 2028 0.0563
a range +5400 +6000 2046 2027 0.0556
a range +5400 +6000 2047 2024 0.0539
a range +5400 +6000 2048 9007 1102.3755
a range +5400 +6000 2049 2032 0.0595
a range +5400 +6000 2050 2025 0.0578
a range +5400 +6000 2051 2020 0.0559
a range +5400 +6000 2052 9005 1103.4172
a range +5400 +6000 2053 2023 0.0561
a range +5400 +6000 2054 2021 0.057
a range +5400 +6000 2055 2012 0.0556
a range +5400 +6000 2056 2011 0.054
a range +5400 +6000 2057 2026 0.0603
a range +5400 +6000 2058 9004 1102.3547
a range +5400 +6000 2059 9010 1102.3474
a range +5400 +6000 2060 2008 0.0536
a range +5400 +6000 2061 2019 0.0572
a range +5400 +6000 2062 2013 0.0554
a range +5400 +6000 2063 2022 0.0582
a range +5400 +6000 2064 2014 0.0555
a range +5400 +6000 9001 2030 1102.3369
a range +5400 +6000 9002 2035 1103.4009
a range +5400 +6000 9003 9012 0.0
a range +5400 +6000 9004 2058 1102.3547
a range +5400 +6000 9005 2052 1103.4172
a range +5400 +6000 9006 9009 0.0
a range +5400 +6000 9007 2048 1102.3755
a range +5400 +6000 9008 2041 1102.2401
a range +5400 +6000 9009 9006 0.0
a range +5400 +6000 9010 2059 1102.3474
a range +5400 +6000 9011 2005 1103.3783
a range +5400 +6000 9012 9003 0.0
a range +6000 +6600 2001 2014 0.0296
a range +6000 +6600 2002 2059 0.0542
a range +6000 +6600 2003 2015 0.0427
a range +6000 +6600 2004 2009 0.0275
a range +6000 +6600 2005 9002 1103.3783
a range +6000 +6600 2006 2008 0.0335
a range +6000 +6600 2007 2064 0.0535
a range +6000 +6600 2008 2006 0.0335
a range +6000 +6600 2009 2004 0.0275
a range +6000 +6600 2010 2063 0.0558
a range +6000 +6600 2011 2060 0.0562
a range +6000 +6600 2012 2058 0.0565
a range +6000 +6600 2013 2057 0.0557
a range +6000 +6600 2014 2001 0.0296
a range +6000 +6600 2015 2003 0.0427
a range +6000 +6600 2016 9011 1102.4173
a range +6000 +6600 2017 9010 1102.3391
a range +6000 +6600 2018 2062 0.058
a range +6000 +6600 2019 2056 0.057
a range +6000 +6600 2020 2050 0.0567
a range +6000 +6600 2021 2055 0.0563
a range +6000 +6600 2022 2054 0.058
a range +6000 +6600 2023 2061 0.0585
a range +6000 +6600 2024 2052 0.0559
a range +6000 +6600 2025 2049 0.0586
a range +6000 +6600 2026 2053 0.0575
a range +6000 +6600 2027 2045 0.0558
a range +6000 +6600 2028 2044 0.0564
a range +6000 +6600 2029 2043 0.0561
a range +6000 +6600 2030 9008 1103.3843
a range +6000 +6600 2031 2051 0.0575
a range +6000 +6600 2032 2047 0.0567
a range +6000 +6600 2033 2040 0.022
a range +6000 +6600 2034 9001 1102.3516
a range +6000 +6600 2035 9004 1102.3583
a range +6000 +6600 2036 9007 1102.3571
a range +6000 +6600 2037 2042 0.0367
a range +6000 +6600 2038 2046 0.0575
a range +6000 +6600 2039 2041 0.0574
a range +6000 +6600 2040 2033 0.022
a range +6000 +6600 2041 2039 0.0574
a range +6000 +6600 2042 2037 0.0367
a range +6000 +6600 2043 2029 0.0561
a range +6000 +6600 2044 2028 0.0564
a range +6000 +6600 2045 2027 0.0558
a range +6000 +6600 2046 2038 0.0575
a range +6000 +6600 2047 2032 0.0567
a range +6000 +6600 2048 9005 1102.3549
a range +6000 +6600 2049 2025 0.0586
a range +6000 +6600 2050 2020 0.0567
a range +6000 +6600 2051 2031 0.0575
a range +6000 +6600 2052 2024 0.0559
a range +6000 +6600 2053 2026 0.0575
a range +6000 +6600 2054 2022 0.058
a range +6000 +6600 2055 2021 0.0563
a range +6000 +6600 2056 2019 0.057
a range +6000 +6600 2057 2013 0.0557
a range +6000 +6600 2058 2012 0.0565
a range +6000 +6600 2059 2002 0.0542
a range +6000 +6600 2060 2011 0.0562
a range +6000 +6600 2061 2023 0.0585
a range +6000 +6600 2062 2018 0.058
a range +6000 +6600 2063 2010 0.0558
a range +6000 +6600 2064 2007 0.0535
a range +6000 +6600 9001 2034 1102.3516
a range +6000 +6600 9002 2005 1103.3783
a range +6000 +6600 9003 9006 0.0
a range +6000 +6600 9004 2035 1102.3583
a range +6000 +6600 9005 2048 1102.3549
a range +6000 +6600 9006 9003 0.0
a range +6000 +6600 9007 2036 1102.3571
a range +6000 +6600 9008 2030 1103.3843
a range +6000 +6600 9009 9012 0.0
a range +6000 +6600 9010 2017 1102.3391
a range +6000 +6600 9011 2016 1102.4173
a range +6000 +6600 9012 9009 0.0
a range +6600 +7200 2001 2015 0.0196
a range +6600 +7200 2002 2064 0.0536
a range +6600 +7200 2003 2059 0.0542
a range +6600 +7200 2004 9011 1103.3832
a range +6600 +7200 2005 9001 1102.3549
a range +6600 +7200 2006 2009 0.0427
a range +6600 +7200 2007 2063 0.0536
a range +6600 +7200 2008 2057 0.0539
a range +6600 +7200 2009 2006 0.0427
a range +6600 +7200 2010 2062 0.0574
a range +6600 +7200 2011 2055 0.0552
a range +6600 +7200 2012 2054 0.0559
a range +6600 +7200 2013 2060 0.0557
a range +6600 +7200 2014 2058 0.0573
a range +6600 +7200 2015 2001 0.0196
a range +6600 +7200 2016 9010 1102.3615
a range +6600 +7200 2017 2053 0.057
a range +6600 +7200 2018 2052 0.0563
a range +6600 +7200 2019 2051 0.0566
a range +6600 +7200 2020 2056 0.0564
a range +6600 +7200 2021 2049 0.057
a range +6600 +7200 2022 2046 0.0538
a range +6600 +7200 2023 2048 0.0539
a range +6600 +7200 2024 2061 0.058
a range +6600 +7200 2025 2045 0.0292
a range +6600 +7200 2026 2044 0.0561
a range +6600 +7200 2027 2043 0.0565
a range +6600 +7200 2028 2042 0.0557
a range +6600 +7200 2029 9008 1103.3791
a range +6600 +7200 2030 2033 0.0537
a range +6600 +7200 2031 2050 0.0582
a range +6600 +7200 2032 2041 0.0562
a range +6600 +7200 2033 2030 0.0537
a range +6600 +7200 2034 9002 1103.3967
a range +6600 +7200 2035 9005 1103.4009
a range +6600 +7200 2036 2038 0.0427
a range +6600 +7200 2037 2039 0.0415
a range +6600 +7200 2038 2036 0.0427
a range +6600 +7200 2039 2037 0.0415
a range +6600 +7200 2040 9007 1102.3345
a range +6600 +7200 2041 2032 0.0562
a range +6600 +7200 2042 2028 0.0557
a range +6600 +7200 2043 2027 0.0565
a range +6600 +7200 2044 2026 0.0561
a range +6600 +7200 2045 2025 0.0292
a range +6600 +7200 2046 2022 0.0538
a range +6600 +7200 2047 9004 1102.3636
a range +6600 +7200 2048 2023 0.0539
a range +6600 +7200 2049 2021 0.057
a range +6600 +7200 2050 2031 0.0582
a range +6600 +7200 2051 2019 0.0566
a range +6600 +7200 2052 2018 0.0563
a range +6600 +7200 2053 2017 0.057
a range +6600 +7200 2054 2012 0.0559
a range +6600 +7200 2055 2011 0.0552
a range +6600 +7200 2056 2020 0.0564
a range +6600 +7200 2057 2008 0.0539
a range +6600 +7200 2058 2014 0.0573
a range +6600 +7200 2059 2003 0.0542
a range +6600 +7200 2060 2013 0.0557
a range +6600 +7200 2061 2024 0.058
a range +6600 +7200 2062 2010 0.0574
a range +6600 +7200 2063 2007 0.0536
a range +6600 +7200 2064 2002 0.0536
a range +6600 +7200 9001 2005 1102.3549
a range +6600 +7200 9002 2034 1103.3967
a range +6600 +7200 9003 9009 0.0
a range +6600 +7200 9004 2047 1102.3636
a range +6600 +7200 9005 2035 1103.4009
a range +6600 +7200 9006 9012 0.0
a range +6600 +7200 9007 2040 1102.3345
a range +6600 +7200 9008 2029 1103.3791
a range +6600 +7200 9009 9003 0.0
a range +6600 +7200 9010 2016 1102.3615
a range +6600 +7200 9011 2004 1103.3832
a range +6600 +7200 9012 9006 0.0
a range +7200 +7800 2001 2017 0.0448
a range +7200 +7800 2002 2063 0.0542
a range +7200 +7800 2003 2064 0.0538
a range +7200 +7800 2004 9010 1102.3491
a range +7200 +7800 2005 9008 1103.3783
a range +7200 +7800 2006 2010 0.0411
a range +7200 +7800 2007 2059 0.0542
a range +7200 +7800 2008 2056 0.0521
a range +7200 +7800 2009 2062 0.0564
a range +7200 +7800 2010 2006 0.0411
a range +7200 +7800 2011 2054 0.0541
a range +7200 +7800 2012 2053 0.0549
a range +7200 +7800 2013 2058 0.0558
a range +7200 +7800 2014 2057 0.0569
a range +7200 +7800 2015 2060 0.0559
a range +7200 +7800 2016 9007 1102.3615
a range +7200 +7800 2017 2001 0.0448
a range +7200 +7800 2018 2061 0.0577
a range +7200 +7800 2019 2050 0.0574
a range +7200 +7800 2020 2049 0.0579
a range +7200 +7800 2021 2052 0.0563
a range +7200 +7800 2022 2051 0.0561
a range +7200 +7800 2023 2045 0.0539
a range +7200 +7800 2024 2048 0.0538
a range +7200 +7800 2025 2055 0.0574
a range +7200 +7800 2026 2046 0.0426
a range +7200 +7800 2027 2044 0.0561
a range +7200 +7800 2028 2043 0.0568
a range +7200 +7800 2029 9005 1103.3791
a range +7200 +7800 2030 2042 0.0435
a range +7200 +7800 2031 2041 0.0561
a range +7200 +7800 2032 2040 0.0151
a range +7200 +7800 2033 9001 1102.342
a range +7200 +7800 2034 9004 1102.3516
a range +7200 +7800 2035 2036 0.0239
a range +7200 +7800 2036 2035 0.0239
a range +7200 +7800 2037 2038 0.0232
a range +7200 +7800 2038 2037 0.0232
a range +7200 +7800 2039 9011 1103.3749
a range +7200 +7800 2040 2032 0.0151
a range +7200 +7800 2041 2031 0.0561
a range +7200 +7800 2042 2030 0.0435
a range +7200 +7800 2043 2028 0.0568
a range +7200 +7800 2044 2027 0.0561
a range +7200 +7800 2045 2023 0.0539
a range +7200 +7800 2046 2026 0.0426
a range +7200 +7800 2047 9002 1102.4938
a range +7200 +7800 2048 2024 0.0538
a range +7200 +7800 2049 2020 0.0579
a range +7200 +7800 2050 2019 0.0574
a range +7200 +7800 2051 2022 0.0561
a range +7200 +7800 2052 2021 0.0563
a range +7200 +7800 2053 2012 0.0549
a range +7200 +7800 2054 2011 0.0541
a range +7200 +7800 2055 2025 0.0574
a range +7200 +7800 2056 2008 0.0521
a range +7200 +7800 2057 2014 0.0569
a range +7200 +7800 2058 2013 0.0558
a range +7200 +7800 2059 2007 0.0542
a range +7200 +7800 2060 2015 0.0559
a range +7200 +7800 2061 2018 0.0577
a range +7200 +7800 2062 2009 0.0564
a range +7200 +7800 2063 2002 0.0542
a range +7200 +7800 2064 2003 0.0538
a range +7200 +7800 9001 2033 1102.342
a range +7200 +7800 9002 2047 1102.4938
a range +7200 +7800 9003 9012 0.0
a range +7200 +7800 9004 2034 1102.3516
a range +7200 +7800 9005 2029 1103.3791
a range +7200 +7800 9006 9009 0.0
a range +7200 +7800 9007 2016 1102.3615
a range +7200 +7800 9008 2005 1103.3783
a range +7200 +7800 9009 9006 0.0
a range +7200 +7800 9010 2004 1102.3491
a range +7200 +7800 9011 2039 1103.3749
a range +7200 +7800 9012 9003 0.0
a range +7800 +8400 2001 2018 0.0463
a range +7800 +8400 2002 2004 0.0332
a range +7800 +8400 2003 2063 0.0534
a range +7800 +8400 2004 2002 0.0332
a range +7800 +8400 2005 9004 1102.3549
a range +7800 +8400 2006 2011 0.0321
a range +7800 +8400 2007 2062 0.0535
a range +7800 +8400 2008 2055 0.0521
a range +7800 +8400 2009 9011 1102.3252
a range +7800 +8400 2010 2064 0.0555
a range +7800 +8400 2011 2006 0.0321
a range +7800 +8400 2012 2059 0.056
a range +7800 +8400 2013 2054 0.0544
a range +7800 +8400 2014 2053 0.0544
a range +7800 +8400 2015 2058 0.056
a range +7800 +8400 2016 2036 0.0505
a range +7800 +8400 2017 2052 0.0576
a range +7800 +8400 2018 2001 0.0463
a range +7800 +8400 2019 2060 0.0581
a range +7800 +8400 2020 2047 0.0549
a range +7800 +8400 2021 2045 0.0537
a range +7800 +8400 2022 2048 0.0545
a range +7800 +8400 2023 2050 0.0561
a range +7800 +8400 2024 2051 0.0572
a range +7800 +8400 2025 2061 0.0599
a range +7800 +8400 2026 2043 0.0558
a range +7800 +8400 2027 2056 0.0578
a range +7800 +8400 2028 2038 0.0539
a range +7800 +8400 2029 9010 1102.3375
a range +7800 +8400 2030 2057 0.0597
a range +7800 +8400 2031 2049 0.0591
a range +7800 +8400 2032 2044 0.0409
a range +7800 +8400 2033 9002 1103.3878
a range +7800 +8400 2034 9007 1102.3516
a range +7800 +8400 2035 2042 0.0106
a range +7800 +8400 2036 2016 0.0505
a range +7800 +8400 2037 2041 0.0491
a range +7800 +8400 2038 2028 0.0539
a range +7800 +8400 2039 9008 1103.3749
a range +7800 +8400 2040 9005 1103.3789
a range +7800 +8400 2041 2037 0.0491
a range +7800 +8400 2042 2035 0.0106
a range +7800 +8400 2043 2026 0.0558
a range +7800 +8400 2044 2032 0.0409
a range +7800 +8400 2045 2021 0.0537
a range +7800 +8400 2046 9001 1102.3406
a range +7800 +8400 2047 2020 0.0549
a range +7800 +8400 2048 2022 0.0545
a range +7800 +8400 2049 2031 0.0591
a range +7800 +8400 2050 2023 0.0561
a range +7800 +8400 2051 2024 0.0572
a range +7800 +8400 2052 2017 0.0576
a range +7800 +8400 2053 2014 0.0544
a range +7800 +8400 2054 2013 0.0544
a range +7800 +8400 2055 2008 0.0521
a range +7800 +8400 2056 2027 0.0578
a range +7800 +8400 2057 2030 0.0597
a range +7800 +8400 2058 2015 0.056
a range +7800 +8400 2059 2012 0.056
a range +7800 +8400 2060 2019 0.0581
a range +7800 +8400 2061 2025 0.0599
a range +7800 +8400 2062 2007 0.0535
a range +7800 +8400 2063 2003 0.0534
a range +7800 +8400 2064 2010 0.0555
a range +7800 +8400 9001 2046 1102.3406
a range +7800 +8400 9002 2033 1103.3878
a range +7800 +8400 9003 9006 0.0
a range +7800 +8400 9004 2005 1102.3549
a range +7800 +8400 9005 2040 1103.3789
a range +7800 +8400 9006 9003 0.0
a range +7800 +8400 9007 2034 1102.3516
a range +7800 +8400 9008 2039 1103.3749
a range +7800 +8400 9009 9012 0.0
a range +7800 +8400 9010 2029 1102.3375
a range +7800 +8400 9011 2009 1102.3252
a range +7800 +8400 9012 9009 0.0
a range +8400 +9000 2001 2019 0.0463
a range +8400 +9000 2002 2062 0.0538
a range +8400 +9000 2003 2058 0.0538
a range +8400 +9000 2004 9008 1103.3832
a range +8400 +9000 2005 2006 0.0174
a range +8400 +9000 2006 2005 0.0174
a range +8400 +9000 2007 2009 0.0435
a range +8400 +9000 2008 2054 0.0524
a range +8400 +9000 2009 2007 0.0435
a range +8400 +9000 2010 2061 0.0571
a range +8400 +9000 2011 2059 0.0567
a range +8400 +9000 2012 2052 0.0539
a range +8400 +9000 2013 2053 0.0548
a range +8400 +9000 2014 2063 0.0572
a range +8400 +9000 2015 2064 0.0558
a range +8400 +9000 2016 9005 1102.4173
a range +8400 +9000 2017 2055 0.0574
a range +8400 +9000 2018 2057 0.0581
a range +8400 +9000 2019 2001 0.0463
a range +8400 +9000 2020 2045 0.0541
a range +8400 +9000 2021 2051 0.0576
a range +8400 +9000 2022 2050 0.0569
a range +8400 +9000 2023 2049 0.0574
a range +8400 +9000 2024 2043 0.0547
a range +8400 +9000 2025 2056 0.0578
a range +8400 +9000 2026 2047 0.0568
a range +8400 +9000 2027 2042 0.0565
a range +8400 +9000 2028 9007 1102.3427
a range +8400 +9000 2029 2041 0.0294
a range +8400 +9000 2030 2038 0.0251
a range +8400 +9000 2031 2039 0.0158
a range +8400 +9000 2032 2048 0.0561
a range +8400 +9000 2033 9004 1102.342
a range +8400 +9000 2034 2035 0.0238
a range +8400 +9000 2035 2034 0.0238
a range +8400 +9000 2036 9010 1102.3571
a range +8400 +9000 2037 2044 0.0248
a range +8400 +9000 2038 2030 0.0251
a range +8400 +9000 2039 2031 0.0158
a range +8400 +9000 2040 9001 1102.3345
a range +8400 +9000 2041 2029 0.0294
a range +8400 +9000 2042 2027 0.0565
a range +8400 +9000 2043 2024 0.0547
a range +8400 +9000 2044 2037 0.0248
a range +8400 +9000 2045 2020 0.0541
a range +8400 +9000 2046 9011 1102.6339
a range +8400 +9000 2047 2026 0.0568
a range +8400 +9000 2048 2032 0.0561
a range +8400 +9000 2049 2023 0.0574
a range +8400 +9000 2050 2022 0.0569
a range +8400 +9000 2051 2021 0.0576
a range +8400 +9000 2052 2012 0.0539
a range +8400 +9000 2053 2013 0.0548
a range +8400 +9000 2054 2008 0.0524
a range +8400 +9000 2055 2017 0.0574
a range +8400 +9000 2056 2025 0.0578
a range +8400 +9000 2057 2018 0.0581
a range +8400 +9000 2058 2003 0.0538
a range +8400 +9000 2059 2011 0.0567
a range +8400 +9000 2060 9002 1103.3924
a range +8400 +9000 2061 2010 0.0571
a range +8400 +9000 2062 2002 0.0538
a range +8400 +9000 2063 2014 0.0572
a range +8400 +9000 2064 2015 0.0558
a range +8400 +9000 9001 2040 1102.3345
a range +8400 +9000 9002 2060 1103.3924
a range +8400 +9000 9003 9009 0.0
a range +8400 +9000 9004 2033 1102.342
a range +8400 +9000 9005 2016 1102.4173
a range +8400 +9000 9006 9012 0.0
a range +8400 +9000 9007 2028 1102.3427
a range +8400 +9000 9008 2004 1103.3832
a range +8400 +9000 9009 9003 0.0
a range +8400 +9000 9010 2036 1102.3571
a range +8400 +9000 9011 2046 1102.6339
a range +8400 +9000 9012 9006 0.0
a range +9000 +9600 2001 2020 0.0452
a range +9000 +9600 2002 2057 0.0537
a range +9000 +9600 2003 2056 0.0526
a range +9000 +9600 2004 9007 1102.3491
a range +9000 +9600 2005 2007 0.0326
a range +9000 +9600 2006 2012 0.0428
a range +9000 +9600 2007 2005 0.0326
a range +9000 +9600 2008 2009 0.043
a range +9000 +9600 2009 2008 0.043
a range +9000 +9600 2010 2059 0.0573
a range +9000 +9600 2011 2058 0.0569
a range +9000 +9600 2012 2006 0.0428
a range +9000 +9600 2013 2052 0.0545
a range +9000 +9600 2014 2051 0.0543
a range +9000 +9600 2015 2063 0.0566
a range +9000 +9600 2016 9002 1102.4173
a range +9000 +9600 2017 2064 0.0581
a range +9000 +9600 2018 2055 0.0561
a range +9000 +9600 2019 2062 0.0573
a range +9000 +9600 2020 2001 0.0452
a range +9000 +9600 2021 2048 0.0554
a range +9000 +9600 2022 2053 0.0569
a range +9000 +9600 2023 2047 0.0541
a range +9000 +9600 2024 2042 0.0542
a range +9000 +9600 2025 2054 0.0575
a range +9000 +9600 2026 2061 0.0593
a range +9000 +9600 2027 9005 1103.3844
a range +9000 +9600 2028 2041 0.0555
a range +9000 +9600 2029 2037 0.0243
a range +9000 +9600 2030 2043 0.0566
a range +9000 +9600 2031 2036 0.0487
a range +9000 +9600 2032 2050 0.0575
a range +9000 +9600 2033 9008 1103.3878
a range +9000 +9600 2034 2039 0.0549
a range +9000 +9600 2035 2049 0.0594
a range +9000 +9600 2036 2031 0.0487
a range +9000 +9600 2037 2029 0.0243
a range +9000 +9600 2038 2044 0.0267
a range +9000 +9600 2039 2034 0.0549
a range +9000 +9600 2040 9004 1102.3345
a range +9000 +9600 2041 2028 0.0555
a range +9000 +9600 2042 2024 0.0542
a range +9000 +9600 2043 2030 0.0566
a range +9000 +9600 2044 2038 0.0267
a range +9000 +9600 2045 9011 1102.7751
a range +9000 +9600 2046 9010 1102.3406
a range +9000 +9600 2047 2023 0.0541
a range +9000 +9600 2048 2021 0.0554
a range +9000 +9600 2049 2035 0.0594
a range +9000 +9600 2050 2032 0.0575
a range +9000 +9600 2051 2014 0.0543
a range +9000 +9600 2052 2013 0.0545
a range +9000 +9600 2053 2022 0.0569
a range +9000 +9600 2054 2025 0.0575
a range +9000 +9600 2055 2018 0.0561
a range +9000 +9600 2056 2003 0.0526
a range +9000 +9600 2057 2002 0.0537
a range +9000 +9600 2058 2011 0.0569
a range +9000 +9600 2059 2010 0.0573
a range +9000 +9600 2060 9001 1102.3385
a range +9000 +9600 2061 2026 0.0593
a range +9000 +9600 2062 2019 0.0573
a range +9000 +9600 2063 2015 0.0566
a range +9000 +9600 2064 2017 0.0581
a range +9000 +9600 9001 2060 1102.3385
a range +9000 +9600 9002 2016 1102.4173
a range +9000 +9600 9003 9012 0.0
a range +9000 +9600 9004 2040 1102.3345
a range +9000 +9600 9005 2027 1103.3844
a range +9000 +9600 9006 9009 0.0
a range +9000 +9600 9007 2004 1102.3491
a range +9000 +9600 9008 2033 1103.3878
a range +9000 +9600 9009 9006 0.0
a range +9000 +9600 9010 2046 1102.3406
a range +9000 +9600 9011 2045 1102.7751
a range +9000 +9600 9012 9003 0.0
a range +9600 +10200 2001 2021 0.0456
a range +9600 +10200 2002 2056 0.0524
a range +9600 +10200 2003 2004 0.0175
a range +9600 +10200 2004 2003 0.0175
a range +9600 +10200 2005 2011 0.0187
a range +9600 +10200 2006 2015 0.043
a range +9600 +10200 2007 2061 0.054
a range +9600 +10200 2008 2058 0.0539
a range +9600 +10200 2009 2010 0.0186
a range +9600 +10200 2010 2009 0.0186
a range +9600 +10200 2011 2005 0.0187
a range +9600 +10200 2012 2051 0.0541
a range +9600 +10200 2013 2059 0.0561
a range +9600 +10200 2014 2052 0.0539
a range +9600 +10200 2015 2006 0.043
a range +9600 +10200 2016 2037 0.0514
a range +9600 +10200 2017 2063 0.0592
a range +9600 +10200 2018 2064 0.0576
a range +9600 +10200 2019 2054 0.0558
a range +9600 +10200 2020 2053 0.0567
a range +9600 +10200 2021 2001 0.0456
a range +9600 +10200 2022 2047 0.0537
a range +9600 +10200 2023 2046 0.054
a range +9600 +10200 2024 2062 0.0581
a range +9600 +10200 2025 2043 0.0566
a range +9600 +10200 2026 9008 1103.3918
a range +9600 +10200 2027 9007 1102.3503
a range +9600 +10200 2028 2057 0.0606
a range +9600 +10200 2029 2042 0.0558
a range +9600 +10200 2030 2041 0.0433
a range +9600 +10200 2031 2055 0.0582
a range +9600 +10200 2032 2039 0.009
a range +9600 +10200 2033 9010 1102.342
a range +9600 +10200 2034 2048 0.0252
a range +9600 +10200 2035 2050 0.0596
a range +9600 +10200 2036 2049 0.06
a range +9600 +10200 2037 2016 0.0514
a range +9600 +10200 2038 9011 1103.3784
a range +9600 +10200 2039 2032 0.009
a range +9600 +10200 2040 9002 1103.3789
a range +9600 +10200 2041 2030 0.0433
a range +9600 +10200 2042 2029 0.0558
a range +9600 +10200 2043 2025 0.0566
a range +9600 +10200 2044 9001 1102.3163
a range +9600 +10200 2045 9005 1102.7751
a range +9600 +10200 2046 2023 0.054
a range +9600 +10200 2047 2022 0.0537
a range +9600 +10200 2048 2034 0.0252
a range +9600 +10200 2049 2036 0.06
a range +9600 +10200 2050 2035 0.0596
a range +9600 +10200 2051 2012 0.0541
a range +9600 +10200 2052 2014 0.0539
a range +9600 +10200 2053 2020 0.0567
a range +9600 +10200 2054 2019 0.0558
a range +9600 +10200 2055 2031 0.0582
a range +9600 +10200 2056 2002 0.0524
a range +9600 +10200 2057 2028 0.0606
a range +9600 +10200 2058 2008 0.0539
a range +9600 +10200 2059 2013 0.0561
a range +9600 +10200 2060 9004 1102.3385
a range +9600 +10200 2061 2007 0.054
a range +9600 +10200 2062 2024 0.0581
a range +9600 +10200 2063 2017 0.0592
a range +9600 +10200 2064 2018 0.0576
a range +9600 +10200 9001 2044 1102.3163
a range +9600 +10200 9002 2040 1103.3789
a range +9600 +10200 9003 9006 0.0
a range +9600 +10200 9004 2060 1102.3385
a range +9600 +10200 9005 2045 1102.7751
a range +9600 +10200 9006 9003 0.0
a range +9600 +10200 9007 2027 1102.3503
a range +9600 +10200 9008 2026 1103.3918
a range +9600 +10200 9009 9012 0.0
a range +9600 +10200 9010 2033 1102.342
a range +9600 +10200 9011 2038 1103.3784
a range +9600 +10200 9012 9009 0.0
a range +10200 +10800 2001 2022 0.0457
a range +10200 +10800 2002 2045 0.0523
a range +10200 +10800 2003 2020 0.0454
a range +10200 +10800 2004 2040 0.0484
a range +10200 +10800 2005 2010 0.0287
a range +10200 +10800 2006 2016 0.043
a range +10200 +10800 2007 2027 0.0465
a range +10200 +10800 2008 2053 0.0525
a range +10200 +10800 2009 2011 0.0351
a range +10200 +10800 2010 2005 0.0287
a range +10200 +10800 2011 2009 0.0351
a range +10200 +10800 2012 2050 0.0536
a range +10200 +10800 2013 2056 0.055
a range +10200 +10800 2014 2059 0.0556
a range +10200 +10800 2015 2062 0.0566
a range +10200 +10800 2016 2006 0.043
a range +10200 +10800 2017 2058 0.0574
a range +10200 +10800 2018 2063 0.0575
a range +10200 +10800 2019 9004 1102.3686
a range +10200 +10800 2020 2003 0.0454
a range +10200 +10800 2021 2047 0.054
a range +10200 +10800 2022 2001 0.0457
a range +10200 +10800 2023 2064 0.0582
a range +10200 +10800 2024 2046 0.0546
a range +10200 +10800 2025 2052 0.0588
a range +10200 +10800 2026 9011 1103.3918
a range +10200 +10800 2027 2007 0.0465
a range +10200 +10800 2028 2035 0.0094
a range +10200 +10800 2029 2057 0.06
a range +10200 +10800 2030 2051 0.0577
a range +10200 +10800 2031 2043 0.0517
a range +10200 +10800 2032 2034 0.0541
a range +10200 +10800 2033 2042 0.0574
a range +10200 +10800 2034 2032 0.0541
a range +10200 +10800 2035 2028 0.0094
a range +10200 +10800 2036 2048 0.0494
a range +10200 +10800 2037 2049 0.0596
a range +10200 +10800 2038 2041 0.0577
a range +10200 +10800 2039 9007 1102.3333
a range +10200 +10800 2040 2004 0.0484
a range +10200 +10800 2041 2038 0.0577
a range +10200 +10800 2042 2033 0.0574
a range +10200 +10800 2043 2031 0.0517
a range +10200 +10800 2044 9008 1102.9172
a range +10200 +10800 2045 2002 0.0523
a range +10200 +10800 2046 2024 0.0546
a range +10200 +10800 2047 2021 0.054
a range +10200 +10800 2048 2036 0.0494
a range +10200 +10800 2049 2037 0.0596
a range +10200 +10800 2050 2012 0.0536
a range +10200 +10800 2051 2030 0.0577
a range +10200 +10800 2052 2025 0.0588
a range +10200 +10800 2053 2008 0.0525
a range +10200 +10800 2054 9010 1102.3226
a range +10200 +10800 2055 9002 1103.3622
a range +10200 +10800 2056 2013 0.055
a range +10200 +10800 2057 2029 0.06
a range +10200 +10800 2058 2017 0.0574
a range +10200 +10800 2059 2014 0.0556
a range +10200 +10800 2060 9005 1103.3924
a range +10200 +10800 2061 9001 1102.3343
a range +10200 +10800 2062 2015 0.0566
a range +10200 +10800 2063 2018 0.0575
a range +10200 +10800 2064 2023 0.0582
a range +10200 +10800 9001 2061 1102.3343
a range +10200 +10800 9002 2055 1103.3622
a range +10200 +10800 9003 9009 0.0
a range +10200 +10800 9004 2019 1102.3686
a range +10200 +10800 9005 2060 1103.3924
a range +10200 +10800 9006 9012 0.0
a range +10200 +10800 9007 2039 1102.3333
a range +10200 +10800 9008 2044 1102.9172
a range +10200 +10800 9009 9003 0.0
a range +10200 +10800 9010 2054 1102.3226
a range +10200 +10800 9011 2026 1103.3918
a range +10200 +10800 9012 9006 0.0
a range +10800 +11400 2001 2023 0.0449
a range +10800 +11400 2002 2040 0.0504
a range +10800 +11400 2003 2026 0.0485
a range +10800 +11400 2004 2020 0.0445
a range +10800 +11400 2005 2019 0.0448
a range +10800 +11400 2006 2017 0.0461
a range +10800 +11400 2007 2016 0.043
a range +10800 +11400 2008 2052 0.0538
a range +10800 +11400 2009 2015 0.036
a range +10800 +11400 2010 2045 0.0546
a range +10800 +11400 2011 2057 0.0559
a range +10800 +11400 2012 2049 0.0545
a range +10800 +11400 2013 2051 0.0538
a range +10800 +11400 2014 2056 0.0538
a range +10800 +11400 2015 2009 0.036
a range +10800 +11400 2016 2007 0.043
a range +10800 +11400 2017 2006 0.0461
a range +10800 +11400 2018 2059 0.0582
a range +10800 +11400 2019 2005 0.0448
a range +10800 +11400 2020 2004 0.0445
a range +10800 +11400 2021 2058 0.0588
a range +10800 +11400 2022 2042 0.056
a range +10800 +11400 2023 2001 0.0449
a range +10800 +11400 2024 2064 0.0576
a range +10800 +11400 2025 9001 1102.354
a range +10800 +11400 2026 2003 0.0485
a range +10800 +11400 2027 2062 0.0615
a range +10800 +11400 2028 2063 0.0614
a range +10800 +11400 2029 2053 0.0589
a range +10800 +11400 2030 2035 0.046
a range +10800 +11400 2031 2038 0.0182
a range +10800 +11400 2032 2046 0.0572
a range +10800 +11400 2033 2034 0.022
a range +10800 +11400 2034 2033 0.022
a range +10800 +11400 2035 2030 0.046
a range +10800 +11400 2036 2050 0.0597
a range +10800 +11400 2037 2048 0.0573
a range +10800 +11400 2038 2031 0.0182
a range +10800 +11400 2039 9004 1102.3333
a range +10800 +11400 2040 2002 0.0504
a range +10800 +11400 2041 2047 0.0451
a range +10800 +11400 2042 2022 0.056
a range +10800 +11400 2043 9011 1103.0599
a range +10800 +11400 2044 9010 1102.3163
a range +10800 +11400 2045 2010 0.0546
a range +10800 +11400 2046 2032 0.0572
a range +10800 +11400 2047 2041 0.0451
a range +10800 +11400 2048 2037 0.0573
a range +10800 +11400 2049 2012 0.0545
a range +10800 +11400 2050 2036 0.0597
a range +10800 +11400 2051 2013 0.0538
a range +10800 +11400 2052 2008 0.0538
a range +10800 +11400 2053 2029 0.0589
a range +10800 +11400 2054 9005 1103.3817
a range +10800 +11400 2055 9008 1103.3622
a range +10800 +11400 2056 2014 0.0538
a range +10800 +11400 2057 2011 0.0559
a range +10800 +11400 2058 2021 0.0588
a range +10800 +11400 2059 2018 0.0582
a range +10800 +11400 2060 9007 1102.3385
a range +10800 +11400 2061 9002 1103.3838
a range +10800 +11400 2062 2027 0.0615
a range +10800 +11400 2063 2028 0.0614
a range +10800 +11400 2064 2024 0.0576
a range +10800 +11400 9001 2025 1102.354
a range +10800 +11400 9002 2061 1103.3838
a range +10800 +11400 9003 9012 0.0
a range +10800 +11400 9004 2039 1102.3333
a range +10800 +11400 9005 2054 1103.3817
a range +10800 +11400 9006 9009 0.0
a range +10800 +11400 9007 2060 1102.3385
a range +10800 +11400 9008 2055 1103.3622
a range +10800 +11400 9009 9006 0.0
a range +10800 +11400 9010 2044 1102.3163
a range +10800 +11400 9011 2043 1103.0599
a range +10800 +11400 9012 9003 0.0
a range +11400 +12000 2001 2024 0.0455
a range +11400 +12000 2002 2055 0.0523
a range +11400 +12000 2003 2053 0.0518
a range +11400 +12000 2004 2044 0.0507
a range +11400 +12000 2005 2014 0.0429
a range +11400 +12000 2006 2018 0.0461
a range +11400 +12000 2007 2026 0.0463
a range +11400 +12000 2008 2020 0.0448
a range +11400 +12000 2009 2016 0.02
a range +11400 +12000 2010 2058 0.0557
a range +11400 +12000 2011 2052 0.0542
a range +11400 +12000 2012 2048 0.054
a range +11400 +12000 2013 2050 0.0536
a range +11400 +12000 2014 2005 0.0429
a range +11400 +12000 2015 2057 0.0559
a range +11400 +12000 2016 2009 0.02
a range +11400 +12000 2017 2059 0.0574
a range +11400 +12000 2018 2006 0.0461
a range +11400 +12000 2019 9011 1103.3955
a range +11400 +12000 2020 2008 0.0448
a range +11400 +12000 2021 2046 0.0537
a range +11400 +12000 2022 2049 0.058
a range +11400 +12000 2023 2062 0.059
a range +11400 +12000 2024 2001 0.0455
a range +11400 +12000 2025 9010 1102.354
a range +11400 +12000 2026 2007 0.0463
a range +11400 +12000 2027 2064 0.0611
a range +11400 +12000 2028 2056 0.0577
a range +11400 +12000 2029 2063 0.0608
a range +11400 +12000 2030 2034 0.0537
a range +11400 +12000 2031 2042 0.056
a range +11400 +12000 2032 2035 0.0542
a range +11400 +12000 2033 2051 0.0392
a range +11400 +12000 2034 2030 0.0537
a range +11400 +12000 2035 2032 0.0542
a range +11400 +12000 2036 2047 0.0576
a range +11400 +12000 2037 2045 0.0575
a range +11400 +12000 2038 9007 1102.3391
a range +11400 +12000 2039 9002 1103.3749
a range +11400 +12000 2040 2041 0.0574
a range +11400 +12000 2041 2040 0.0574
a range +11400 +12000 2042 2031 0.056
a range +11400 +12000 2043 9005 1103.0599
a range +11400 +12000 2044 2004 0.0507
a range +11400 +12000 2045 2037 0.0575
a range +11400 +12000 2046 2021 0.0537
a range +11400 +12000 2047 2036 0.0576
a range +11400 +12000 2048 2012 0.054
a range +11400 +12000 2049 2022 0.058
a range +11400 +12000 2050 2013 0.0536
a range +11400 +12000 2051 2033 0.0392
a range +11400 +12000 2052 2011 0.0542
a range +11400 +12000 2053 2003 0.0518
a range +11400 +12000 2054 9001 1102.3226
a range +11400 +12000 2055 2002 0.0523
a range +11400 +12000 2056 2028 0.0577
a range +11400 +12000 2057 2015 0.0559
a range +11400 +12000 2058 2010 0.0557
a range +11400 +12000 2059 2017 0.0574
a range +11400 +12000 2060 9008 1103.3924
a range +11400 +12000 2061 9004 1102.3343
a range +11400 +12000 2062 2023 0.059
a range +11400 +12000 2063 2029 0.0608
a range +11400 +12000 2064 2027 0.0611
a range +11400 +12000 9001 2054 1102.3226
a range +11400 +12000 9002 2039 1103.3749
a range +11400 +12000 9003 9006 0.0
a range +11400 +12000 9004 2061 1102.3343
a range +11400 +12000 9005 2043 1103.0599
a range +11400 +12000 9006 9003 0.0
a range +11400 +12000 9007 2038 1102.3391
a range +11400 +12000 9008 2060 1103.3924
a range +11400 +12000 9009 9012 0.0
a range +11400 +12000 9010 2025 1102.354
a range +11400 +12000 9011 2019 1103.3955
a range +11400 +12000 9012 9009 0.0
a range +12000 +12600 2001 2027 0.0478
a range +12000 +12600 2002 2060 0.0542
a range +12000 +12600 2003 2009 0.016
a range +12000 +12600 2004 2053 0.0535
a range +12000 +12600 2005 2015 0.0433
a range +12000 +12600 2006 2020 0.0459
a range +12000 +12600 2007 2039 0.0491
a range +12000 +12600 2008 2051 0.0518
a range +12000 +12600 2009 2003 0.016
a range +12000 +12600 2010 2044 0.0533
a range +12000 +12600 2011 2050 0.0538
a range +12000 +12600 2012 2026 0.0498
a range +12000 +12600 2013 2055 0.0559
a range +12000 +12600 2014 2034 0.0504
a range +12000 +12600 2015 2005 0.0433
a range +12000 +12600 2016 2017 0.0467
a range +12000 +12600 2017 2016 0.0467
a range +12000 +12600 2018 2033 0.0523
a range +12000 +12600 2019 9010 1102.3686
a range +12000 +12600 2020 2006 0.0459
a range +12000 +12600 2021 2059 0.0593
a range +12000 +12600 2022 2058 0.0581
a range +12000 +12600 2023 2052 0.0568
a range +12000 +12600 2024 2063 0.0573
a range +12000 +12600 2025 9008 1103.3967
a range +12000 +12600 2026 2012 0.0498
a range +12000 +12600 2027 2001 0.0478
a range +12000 +12600 2028 2064 0.0612
a range +12000 +12600 2029 2062 0.0612
a range +12000 +12600 2030 2056 0.0582
a range +12000 +12600 2031 2057 0.0594
a range +12000 +12600 2032 9007 1102.3487
a range +12000 +12600 2033 2018 0.0523
a range +12000 +12600 2034 2014 0.0504
a range +12000 +12600 2035 9011 1103.4009
a range +12000 +12600 2036 2045 0.0574
a range +12000 +12600 2037 2047 0.0576
a range +12000 +12600 2038 9004 1102.3391
a range +12000 +12600 2039 2007 0.0491
a range +12000 +12600 2040 2048 0.0573
a range +12000 +12600 2041 2046 0.059
a range +12000 +12600 2042 9005 1103.1789
a range +12000 +12600 2043 9001 1102.3283
a range +12000 +12600 2044 2010 0.0533
a range +12000 +12600 2045 2036 0.0574
a range +12000 +12600 2046 2041 0.059
a range +12000 +12600 2047 2037 0.0576
a range +12000 +12600 2048 2040 0.0573
a range +12000 +12600 2049 2061 0.0647
a range +12000 +12600 2050 2011 0.0538
a range +12000 +12600 2051 2008 0.0518
a range +12000 +12600 2052 2023 0.0568
a range +12000 +12600 2053 2004 0.0535
a range +12000 +12600 2054 9002 1103.3817
a range +12000 +12600 2055 2013 0.0559
a range +12000 +12600 2056 2030 0.0582
a range +12000 +12600 2057 2031 0.0594
a range +12000 +12600 2058 2022 0.0581
a range +12000 +12600 2059 2021 0.0593
a range +12000 +12600 2060 2002 0.0542
a range +12000 +12600 2061 2049 0.0647
a range +12000 +12600 2062 2029 0.0612
a range +12000 +12600 2063 2024 0.0573
a range +12000 +12600 2064 2028 0.0612
a range +12000 +12600 9001 2043 1102.3283
a range +12000 +12600 9002 2054 1103.3817
a range +12000 +12600 9003 9009 0.0
a range +12000 +12600 9004 2038 1102.3391
a range +12000 +12600 9005 2042 1103.1789
a range +12000 +12600 9006 9012 0.0
a range +12000 +12600 9007 2032 1102.3487
a range +12000 +12600 9008 2025 1103.3967
a range +12000 +12600 9009 9003 0.0
a range +12000 +12600 9010 2019 1102.3686
a range +12000 +12600 9011 2035 1103.4009
a range +12000 +12600 9012 9006 0.0
a range +12600 +13200 2001 2026 0.0487
a range +12600 +13200 2002 2043 0.0511
a range +12600 +13200 2003 2044 0.0514
a range +12600 +13200 2004 2039 0.0509
a range +12600 +13200 2005 2020 0.0452
a range +12600 +13200 2006 2019 0.0453
a range +12600 +13200 2007 2057 0.0547
a range +12600 +13200 2008 2050 0.0518
a range +12600 +13200 2009 2017 0.0467
a range +12600 +13200 2010 2053 0.055
a range +12600 +13200 2011 2051 0.0536
a range +12600 +13200 2012 2047 0.0525
a range +12600 +13200 2013 2049 0.0547
a range +12600 +13200 2014 2025 0.0482
a range +12600 +13200 2015 2056 0.0544
a range +12600 +13200 2016 2021 0.0464
a range +12600 +13200 2017 2009 0.0467
a range +12600 +13200 2018 9010 1102.3566
a range +12600 +13200 2019 2006 0.0453
a range +12600 +13200 2020 2005 0.0452
a range +12600 +13200 2021 2016 0.0464
a range +12600 +13200 2022 2059 0.0574
a range +12600 +13200 2023 2058 0.0573
a range +12600 +13200 2024 2045 0.0546
a range +12600 +13200 2025 2014 0.0482
a range +12600 +13200 2026 2001 0.0487
a range +12600 +13200 2027 2063 0.0614
a range +12600 +13200 2028 2062 0.0593
a range +12600 +13200 2029 2064 0.0606
a range +12600 +13200 2030 2055 0.0593
a range +12600 +13200 2031 2052 0.0579
a range +12600 +13200 2032 9001 1102.3487
a range +12600 +13200 2033 2035 0.0423
a range +12600 +13200 2034 2036 0.0437
a range +12600 +13200 2035 2033 0.0423
a range +12600 +13200 2036 2034 0.0437
a range +12600 +13200 2037 9002 1103.3875
a range +12600 +13200 2038 9008 1103.3784
a range +12600 +13200 2039 2004 0.0509
a range +12600 +13200 2040 2046 0.0158
a range +12600 +13200 2041 2048 0.0239
a range +12600 +13200 2042 9007 1102.3495
a range +12600 +13200 2043 2002 0.0511
a range +12600 +13200 2044 2003 0.0514
a range +12600 +13200 2045 2024 0.0546
a range +12600 +13200 2046 2040 0.0158
a range +12600 +13200 2047 2012 0.0525
a range +12600 +13200 2048 2041 0.0239
a range +12600 +13200 2049 2013 0.0547
a range +12600 +13200 2050 2008 0.0518
a range +12600 +13200 2051 2011 0.0536
a range +12600 +13200 2052 2031 0.0579
a range +12600 +13200 2053 2010 0.055
a range +12600 +13200 2054 9004 1102.3226
a range +12600 +13200 2055 2030 0.0593
a range +12600 +13200 2056 2015 0.0544
a range +12600 +13200 2057 2007 0.0547
a range +12600 +13200 2058 2023 0.0573
a range +12600 +13200 2059 2022 0.0574
a range +12600 +13200 2060 9011 1103.3924
a range +12600 +13200 2061 9005 1103.3838
a range +12600 +13200 2062 2028 0.0593
a range +12600 +13200 2063 2027 0.0614
a range +12600 +13200 2064 2029 0.0606
a range +12600 +13200 9001 2032 1102.3487
a range +12600 +13200 9002 2037 1103.3875
a range +12600 +13200 9003 9012 0.0
a range +12600 +13200 9004 2054 1102.3226
a range +12600 +13200 9005 2061 1103.3838
a range +12600 +13200 9006 9009 0.0
a range +12600 +13200 9007 2042 1102.3495
a range +12600 +13200 9008 2038 1103.3784
a range +12600 +13200 9009 9006 0.0
a range +12600 +13200 9010 2018 1102.3566
a range +12600 +13200 9011 2060 1103.3924
a range +12600 +13200 9012 9003 0.0
a range +13200 +13800 2001 2028 0.0466
a range +13200 +13800 2002 2038 0.0494
a range +13200 +13800 2003 2025 0.0466
a range +13200 +13800 2004 2019 0.0446
a range +13200 +13800 2005 2017 0.0453
a range +13200 +13800 2006 2021 0.0456
a range +13200 +13800 2007 2056 0.053
a range +13200 +13800 2008 2049 0.0534
a range +13200 +13800 2009 2018 0.0469
a range +13200 +13800 2010 2016 0.0356
a range +13200 +13800 2011 2048 0.0531
a range +13200 +13800 2012 2046 0.0541
a range +13200 +13800 2013 2047 0.0536
a range +13200 +13800 2014 2055 0.0537
a range +13200 +13800 2015 2052 0.0552
a range +13200 +13800 2016 2010 0.0356
a range +13200 +13800 2017 2005 0.0453
a range +13200 +13800 2018 2009 0.0469
a range +13200 +13800 2019 2004 0.0446
a range +13200 +13800 2020 2059 0.0574
a range +13200 +13800 2021 2006 0.0456
a range +13200 +13800 2022 2045 0.0541
a range +13200 +13800 2023 2044 0.0542
a range +13200 +13800 2024 2058 0.0576
a range +13200 +13800 2025 2003 0.0466
a range +13200 +13800 2026 2064 0.0613
a range +13200 +13800 2027 2057 0.0605
a range +13200 +13800 2028 2001 0.0466
a range +13200 +13800 2029 2040 0.0537
a range +13200 +13800 2030 2063 0.0605
a range +13200 +13800 2031 2062 0.0608
a range +13200 +13800 2032 9005 1103.3967
a range +13200 +13800 2033 2041 0.0574
a range +13200 +13800 2034 2051 0.0514
a range +13200 +13800 2035 2054 0.0602
a range +13200 +13800 2036 9008 1103.3969
a range +13200 +13800 2037 9004 1102.3491
a range +13200 +13800 2038 2002 0.0494
a range +13200 +13800 2039 2050 0.0591
a range +13200 +13800 2040 2029 0.0537
a range +13200 +13800 2041 2033 0.0574
a range +13200 +13800 2042 9002 1103.1789
a range +13200 +13800 2043 9007 1102.3283
a range +13200 +13800 2044 2023 0.0542
a range +13200 +13800 2045 2022 0.0541
a range +13200 +13800 2046 2012 0.0541
a range +13200 +13800 2047 2013 0.0536
a range +13200 +13800 2048 2011 0.0531
a range +13200 +13800 2049 2008 0.0534
a range +13200 +13800 2050 2039 0.0591
a range +13200 +13800 2051 2034 0.0514
a range +13200 +13800 2052 2015 0.0552
a range +13200 +13800 2053 9001 1102.3412
a range +13200 +13800 2054 2035 0.0602
a range +13200 +13800 2055 2014 0.0537
a range +13200 +13800 2056 2007 0.053
a range +13200 +13800 2057 2027 0.0605
a range +13200 +13800 2058 2024 0.0576
a range +13200 +13800 2059 2020 0.0574
a range +13200 +13800 2060 9010 1102.3385
a range +13200 +13800 2061 9011 1103.3838
a range +13200 +13800 2062 2031 0.0608
a range +13200 +13800 2063 2030 0.0605
a range +13200 +13800 2064 2026 0.0613
a range +13200 +13800 9001 2053 1102.3412
a range +13200 +13800 9002 2042 1103.1789
a range +13200 +13800 9003 9006 0.0
a range +13200 +13800 9004 2037 1102.3491
a range +13200 +13800 9005 2032 1103.3967
a range +13200 +13800 9006 9003 0.0
a range +13200 +13800 9007 2043 1102.3283
a range +13200 +13800 9008 2036 1103.3969
a range +13200 +13800 9009 9012 0.0
a range +13200 +13800 9010 2060 1102.3385
a range +13200 +13800 9011 2061 1103.3838
a range +13200 +13800 9012 9009 0.0
a range +13800 +14400 2001 2025 0.0483
a range +13800 +14400 2002 2032 0.0479
a range +13800 +14400 2003 2060 0.0537
a range +13800 +14400 2004 2038 0.0507
a range +13800 +14400 2005 2018 0.0454
a range +13800 +14400 2006 2022 0.0449
a range +13800 +14400 2007 2017 0.0464
a range +13800 +14400 2008 2048 0.0508
a range +13800 +14400 2009 2019 0.0465
a range +13800 +14400 2010 2057 0.057
a range +13800 +14400 2011 2049 0.0542
a range +13800 +14400 2012 2045 0.0532
a range +13800 +14400 2013 2046 0.052
a range +13800 +14400 2014 2050 0.0539
a range +13800 +14400 2015 2055 0.0549
a range +13800 +14400 2016 2020 0.0241
a range +13800 +14400 2017 2007 0.0464
a range +13800 +14400 2018 2005 0.0454
a range +13800 +14400 2019 2009 0.0465
a range +13800 +14400 2020 2016 0.0241
a range +13800 +14400 2021 2041 0.056
a range +13800 +14400 2022 2006 0.0449
a range +13800 +14400 2023 2027 0.0502
a range +13800 +14400 2024 2059 0.0584
a range +13800 +14400 2025 2001 0.0483
a range +13800 +14400 2026 2058 0.0608
a range +13800 +14400 2027 2023 0.0502
a range +13800 +14400 2028 2052 0.0594
a range +13800 +14400 2029 2056 0.0589
a range +13800 +14400 2030 2064 0.0603
a range +13800 +14400 2031 9001 1102.3417
a range +13800 +14400 2032 2002 0.0479
a range +13800 +14400 2033 2063 0.0611
a range +13800 +14400 2034 2062 0.0609
a range +13800 +14400 2035 2051 0.0586
a range +13800 +14400 2036 9002 1103.3969
a range +13800 +14400 2037 9005 1103.3875
a range +13800 +14400 2038 2004 0.0507
a range +13800 +14400 2039 2044 0.0381
a range +13800 +14400 2040 2047 0.0173
a range +13800 +14400 2041 2021 0.056
a range +13800 +14400 2042 9011 1103.1789
a range +13800 +14400 2043 9010 1102.3283
a range +13800 +14400 2044 2039 0.0381
a range +13800 +14400 2045 2012 0.0532
a range +13800 +14400 2046 2013 0.052
a range +13800 +14400 2047 2040 0.0173
a range +13800 +14400 2048 2008 0.0508
a range +13800 +14400 2049 2011 0.0542
a range +13800 +14400 2050 2014 0.0539
a range +13800 +14400 2051 2035 0.0586
a range +13800 +14400 2052 2028 0.0594
a range +13800 +14400 2053 9004 1102.3412
a range +13800 +14400 2054 9008 1103.3817
a range +13800 +14400 2055 2015 0.0549
a range +13800 +14400 2056 2029 0.0589
a range +13800 +14400 2057 2010 0.057
a range +13800 +14400 2058 2026 0.0608
a range +13800 +14400 2059 2024 0.0584
a range +13800 +14400 2060 2003 0.0537
a range +13800 +14400 2061 9007 1102.3343
a range +13800 +14400 2062 2034 0.0609
a range +13800 +14400 2063 2033 0.0611
a range +13800 +14400 2064 2030 0.0603
a range +13800 +14400 9001 2031 1102.3417
a range +13800 +14400 9002 2036 1103.3969
a range +13800 +14400 9003 9009 0.0
a range +13800 +14400 9004 2053 1102.3412
a range +13800 +14400 9005 2037 1103.3875
a range +13800 +14400 9006 9012 0.0
a range +13800 +14400 9007 2061 1102.3343
a range +13800 +14400 9008 2054 1103.3817
a range +13800 +14400 9009 9003 0.0
a range +13800 +14400 9010 2043 1102.3283
a range +13800 +14400 9011 2042 1103.1789
a range +13800 +14400 9012 9006 0.0
a range +14400 +15000 2001 2029 0.0474
a range +14400 +15000 2002 2017 0.0459
a range +14400 +15000 2003 2062 0.0541
a range +14400 +15000 2004 2060 0.0539
a range +14400 +15000 2005 2024 0.0447
a range +14400 +15000 2006 2023 0.0461
a range +14400 +15000 2007 2055 0.0532
a range +14400 +15000 2008 2047 0.0504
a range +14400 +15000 2009 2020 0.0388
a range +14400 +15000 2010 2056 0.0548
a range +14400 +15000 2011 2046 0.0532
a range +14400 +15000 2012 2044 0.0546
a range +14400 +15000 2013 2045 0.0542
a range +14400 +15000 2014 2054 0.0541
a range +14400 +15000 2015 2053 0.0541
a range +14400 +15000 2016 2025 0.0488
a range +14400 +15000 2017 2002 0.0459
a range +14400 +15000 2018 9001 1102.3566
a range +14400 +15000 2019 2028 0.0091
a range +14400 +15000 2020 2009 0.0388
a range +14400 +15000 2021 2050 0.0556
a range +14400 +15000 2022 2040 0.0528
a range +14400 +15000 2023 2006 0.0461
a range +14400 +15000 2024 2005 0.0447
a range +14400 +15000 2025 2016 0.0488
a range +14400 +15000 2026 2063 0.0615
a range +14400 +15000 2027 2058 0.0606
a range +14400 +15000 2028 2019 0.0091
a range +14400 +15000 2029 2001 0.0474
a range +14400 +15000 2030 2052 0.0581
a range +14400 +15000 2031 9007 1102.3417
a range +14400 +15000 2032 9004 1102.3487
a range +14400 +15000 2033 2064 0.0619
a range +14400 +15000 2034 2057 0.0612
a range +14400 +15000 2035 9010 1102.3583
a range +14400 +15000 2036 9005 1103.3969
a range +14400 +15000 2037 9011 1103.3875
a range +14400 +15000 2038 2051 0.0595
a range +14400 +15000 2039 2049 0.0276
a range +14400 +15000 2040 2022 0.0528
a range +14400 +15000 2041 9002 1103.3221
a range +14400 +15000 2042 2059 0.0631
a range +14400 +15000 2043 2048 0.0579
a range +14400 +15000 2044 2012 0.0546
a range +14400 +15000 2045 2013 0.0542
a range +14400 +15000 2046 2011 0.0532
a range +14400 +15000 2047 2008 0.0504
a range +14400 +15000 2048 2043 0.0579
a range +14400 +15000 2049 2039 0.0276
a range +14400 +15000 2050 2021 0.0556
a range +14400 +15000 2051 2038 0.0595
a range +14400 +15000 2052 2030 0.0581
a range +14400 +15000 2053 2015 0.0541
a range +14400 +15000 2054 2014 0.0541
a range +14400 +15000 2055 2007 0.0532
a range +14400 +15000 2056 2010 0.0548
a range +14400 +15000 2057 2034 0.0612
a range +14400 +15000 2058 2027 0.0606
a range +14400 +15000 2059 2042 0.0631
a range +14400 +15000 2060 2004 0.0539
a range +14400 +15000 2061 9008 1103.3838
a range +14400 +15000 2062 2003 0.0541
a range +14400 +15000 2063 2026 0.0615
a range +14400 +15000 2064 2033 0.0619
a range +14400 +15000 9001 2018 1102.3566
a range +14400 +15000 9002 2041 1103.3221
a range +14400 +15000 9003 9012 0.0
a range +14400 +15000 9004 2032 1102.3487
a range +14400 +15000 9005 2036 1103.3969
a range +14400 +15000 9006 9009 0.0
a range +14400 +15000 9007 2031 1102.3417
a range +14400 +15000 9008 2061 1103.3838
a range +14400 +15000 9009 9006 0.0
a range +14400 +15000 9010 2035 1102.3583
a range +14400 +15000 9011 2037 1103.3875
a range +14400 +15000 9012 9003 0.0
a range +15000 +15600 2001 2032 0.0468
a range +15000 +15600 2002 2054 0.0528
a range +15000 +15600 2003 2036 0.0488
a range +15000 +15600 2004 9005 1103.3832
a range +15000 +15600 2005 2022 0.0448
a range +15000 +15600 2006 2024 0.0465
a range +15000 +15600 2007 2060 0.0541
a range +15000 +15600 2008 2046 0.0514
a range +15000 +15600 2009 2021 0.0262
a range +15000 +15600 2010 2055 0.0541
a range +15000 +15600 2011 2047 0.0545
a range +15000 +15600 2012 2043 0.0536
a range +15000 +15600 2013 2044 0.0528
a range +15000 +15600 2014 2049 0.0546
a range +15000 +15600 2015 2051 0.0562
a range +15000 +15600 2016 9001 1102.3615
a range +15000 +15600 2017 2048 0.0549
a range +15000 +15600 2018 2058 0.059
a range +15000 +15600 2019 2059 0.0592
a range +15000 +15600 2020 2052 0.0573
a range +15000 +15600 2021 2009 0.0262
a range +15000 +15600 2022 2005 0.0448
a range +15000 +15600 2023 2042 0.0541
a range +15000 +15600 2024 2006 0.0465
a range +15000 +15600 2025 2064 0.0592
a range +15000 +15600 2026 2045 0.0426
a range +15000 +15600 2027 2053 0.0589
a range +15000 +15600 2028 2029 0.0209
a range +15000 +15600 2029 2028 0.0209
a range +15000 +15600 2030 9011 1103.3843
a range +15000 +15600 2031 9002 1103.3917
a range +15000 +15600 2032 2001 0.0468
a range +15000 +15600 2033 2062 0.0609
a range +15000 +15600 2034 2063 0.0609
a range +15000 +15600 2035 9007 1102.3583
a range +15000 +15600 2036 2003 0.0488
a range +15000 +15600 2037 9008 1103.3875
a range +15000 +15600 2038 2057 0.061
a range +15000 +15600 2039 2056 0.046
a range +15000 +15600 2040 2050 0.0163
a range +15000 +15600 2041 9004 1102.3695
a range +15000 +15600 2042 2023 0.0541
a range +15000 +15600 2043 2012 0.0536
a range +15000 +15600 2044 2013 0.0528
a range +15000 +15600 2045 2026 0.0426
a range +15000 +15600 2046 2008 0.0514
a range +15000 +15600 2047 2011 0.0545
a range +15000 +15600 2048 2017 0.0549
a range +15000 +15600 2049 2014 0.0546
a range +15000 +15600 2050 2040 0.0163
a range +15000 +15600 2051 2015 0.0562
a range +15000 +15600 2052 2020 0.0573
a range +15000 +15600 2053 2027 0.0589
a range +15000 +15600 2054 2002 0.0528
a range +15000 +15600 2055 2010 0.0541
a range +15000 +15600 2056 2039 0.046
a range +15000 +15600 2057 2038 0.061
a range +15000 +15600 2058 2018 0.059
a range +15000 +15600 2059 2019 0.0592
a range +15000 +15600 2060 2007 0.0541
a range +15000 +15600 2061 9010 1102.3343
a range +15000 +15600 2062 2033 0.0609
a range +15000 +15600 2063 2034 0.0609
a range +15000 +15600 2064 2025 0.0592
a range +15000 +15600 9001 2016 1102.3615
a range +15000 +15600 9002 2031 1103.3917
a range +15000 +15600 9003 9006 0.0
a range +15000 +15600 9004 2041 1102.3695
a range +15000 +15600 9005 2004 1103.3832
a range +15000 +15600 9006 9003 0.0
a range +15000 +15600 9007 2035 1102.3583
a range +15000 +15600 9008 2037 1103.3875
a range +15000 +15600 9009 9012 0.0
a range +15000 +15600 9010 2061 1102.3343
a range +15000 +15600 9011 2030 1103.3843
a range +15000 +15600 9012 9009 0.0
a range +15600 +16200 2001 2033 0.0503
a range +15600 +16200 2002 2061 0.0542
a range +15600 +16200 2003 2041 0.0514
a range +15600 +16200 2004 2024 0.0449
a range +15600 +16200 2005 2021 0.045
a range +15600 +16200 2006 2026 0.0466
a range +15600 +16200 2007 2036 0.0507
a range +15600 +16200 2008 2045 0.0502
a range +15600 +16200 2009 2022 0.0161
a range +15600 +16200 2010 2060 0.0556
a range +15600 +16200 2011 2028 0.0491
a range +15600 +16200 2012 2027 0.0488
a range +15600 +16200 2013 2031 0.0494
a range +15600 +16200 2014 2046 0.0535
a range +15600 +16200 2015 2054 0.0538
a range +15600 +16200 2016 2018 0.0466
a range +15600 +16200 2017 2051 0.056
a range +15600 +16200 2018 2016 0.0466
a range +15600 +16200 2019 2058 0.0591
a range +15600 +16200 2020 2048 0.0557
a range +15600 +16200 2021 2005 0.045
a range +15600 +16200 2022 2009 0.0161
a range +15600 +16200 2023 2059 0.0573
a range +15600 +16200 2024 2004 0.0449
a range +15600 +16200 2025 2047 0.0562
a range +15600 +16200 2026 2006 0.0466
a range +15600 +16200 2027 2012 0.0488
a range +15600 +16200 2028 2011 0.0491
a range +15600 +16200 2029 2055 0.0594
a range +15600 +16200 2030 9005 1103.3843
a range +15600 +16200 2031 2013 0.0494
a range +15600 +16200 2032 2062 0.0604
a range +15600 +16200 2033 2001 0.0503
a range +15600 +16200 2034 2056 0.0601
a range +15600 +16200 2035 9008 1103.4009
a range +15600 +16200 2036 2007 0.0507
a range +15600 +16200 2037 2057 0.0619
a range +15600 +16200 2038 2053 0.0591
a range +15600 +16200 2039 2063 0.061
a range +15600 +16200 2040 2049 0.0294
a range +15600 +16200 2041 2003 0.0514
a range +15600 +16200 2042 2052 0.0492
a range +15600 +16200 2043 9002 1103.0599
a range +15600 +16200 2044 2050 0.0612
a range +15600 +16200 2045 2008 0.0502
a range +15600 +16200 2046 2014 0.0535
a range +15600 +16200 2047 2025 0.0562
a range +15600 +16200 2048 2020 0.0557
a range +15600 +16200 2049 2040 0.0294
a range +15600 +16200 2050 2044 0.0612
a range +15600 +16200 2051 2017 0.056
a range +15600 +16200 2052 2042 0.0492
a range +15600 +16200 2053 2038 0.0591
a range +15600 +16200 2054 2015 0.0538
a range +15600 +16200 2055 2029 0.0594
a range +15600 +16200 2056 2034 0.0601
a range +15600 +16200 2057 2037 0.0619
a range +15600 +16200 2058 2019 0.0591
a range +15600 +16200 2059 2023 0.0573
a range +15600 +16200 2060 2010 0.0556
a range +15600 +16200 2061 2002 0.0542
a range +15600 +16200 2062 2032 0.0604
a range +15600 +16200 2063 2039 0.061
a range +15600 +16200 2064 9011 1103.3832
a range +15600 +16200 9001 9010 0.0
a range +15600 +16200 9002 2043 1103.0599
a range +15600 +16200 9003 9009 0.0
a range +15600 +16200 9004 9007 0.0
a range +15600 +16200 9005 2030 1103.3843
a range +15600 +16200 9006 9012 0.0
a range +15600 +16200 9007 9004 0.0
a range +15600 +16200 9008 2035 1103.4009
a range +15600 +16200 9009 9003 0.0
a range +15600 +16200 9010 9001 0.0
a range +15600 +16200 9011 2064 1103.3832
a range +15600 +16200 9012 9006 0.0
a range +16200 +16800 2001 2031 0.0472
a range +16200 +16800 2002 9011 1103.3969
a range +16200 +16800 2003 9005 1103.3907
a range +16200 +16800 2004 2035 0.0482
a range +16200 +16800 2005 2023 0.0463
a range +16200 +16800 2006 2027 0.0464
a range +16200 +16800 2007 2048 0.0515
a range +16200 +16800 2008 2059 0.0536
a range +16200 +16800 2009 2025 0.0483
a range +16200 +16800 2010 2036 0.0518
a range +16200 +16800 2011 2045 0.0522
a range +16200 +16800 2012 2029 0.0488
a range +16200 +16800 2013 2041 0.0525
a range +16200 +16800 2014 2061 0.0569
a range +16200 +16800 2015 2050 0.0551
a range +16200 +16800 2016 2024 0.0468
a range +16200 +16800 2017 2054 0.0581
a range +16200 +16800 2018 2060 0.0573
a range +16200 +16800 2019 2057 0.0585
a range +16200 +16800 2020 2058 0.0584
a range +16200 +16800 2021 2044 0.0548
a range +16200 +16800 2022 2028 0.0466
a range +16200 +16800 2023 2005 0.0463
a range +16200 +16800 2024 2016 0.0468
a range +16200 +16800 2025 2009 0.0483
a range +16200 +16800 2026 2062 0.0595
a range +16200 +16800 2027 2006 0.0464
a range +16200 +16800 2028 2022 0.0466
a range +16200 +16800 2029 2012 0.0488
a range +16200 +16800 2030 9002 1103.3843
a range +16200 +16800 2031 2001 0.0472
a range +16200 +16800 2032 2055 0.0582
a range +16200 +16800 2033 2056 0.0595
a range +16200 +16800 2034 2052 0.0456
a range +16200 +16800 2035 2004 0.0482
a range +16200 +16800 2036 2010 0.0518
a range +16200 +16800 2037 2053 0.0406
a range +16200 +16800 2038 2049 0.0599
a range +16200 +16800 2039 2051 0.0606
a range +16200 +16800 2040 2063 0.0608
a range +16200 +16800 2041 2013 0.0525
a range +16200 +16800 2042 2047 0.0587
a range +16200 +16800 2043 2046 0.0582
a range +16200 +16800 2044 2021 0.0548
a range +16200 +16800 2045 2011 0.0522
a range +16200 +16800 2046 2043 0.0582
a range +16200 +16800 2047 2042 0.0587
a range +16200 +16800 2048 2007 0.0515
a range +16200 +16800 2049 2038 0.0599
a range +16200 +16800 2050 2015 0.0551
a range +16200 +16800 2051 2039 0.0606
a range +16200 +16800 2052 2034 0.0456
a range +16200 +16800 2053 2037 0.0406
a range +16200 +16800 2054 2017 0.0581
a range +16200 +16800 2055 2032 0.0582
a range +16200 +16800 2056 2033 0.0595
a range +16200 +16800 2057 2019 0.0585
a range +16200 +16800 2058 2020 0.0584
a range +16200 +16800 2059 2008 0.0536
a range +16200 +16800 2060 2018 0.0573
a range +16200 +16800 2061 2014 0.0569
a range +16200 +16800 2062 2026 0.0595
a range +16200 +16800 2063 2040 0.0608
a range +16200 +16800 2064 9008 1103.3832
a range +16200 +16800 9001 9007 0.0
a range +16200 +16800 9002 2030 1103.3843
a range +16200 +16800 9003 9012 0.0
a range +16200 +16800 9004 9010 0.0
a range +16200 +16800 9005 2003 1103.3907
a range +16200 +16800 9006 9009 0.0
a range +16200 +16800 9007 9001 0.0
a range +16200 +16800 9008 2064 1103.3832
a range +16200 +16800 9009 9006 0.0
a range +16200 +16800 9010 9004 0.0
a range +16200 +16800 9011 2002 1103.3969
a range +16200 +16800 9012 9003 0.0
a range +16800 +17400 2001 2030 0.0463
a range +16800 +17400 2002 2035 0.0503
a range +16800 +17400 2003 2061 0.0539
a range +16800 +17400 2004 2010 0.0125
a range +16800 +17400 2005 2027 0.0469
a range +16800 +17400 2006 2028 0.0479
a range +16800 +17400 2007 2054 0.0528
a range +16800 +17400 2008 2043 0.0512
a range +16800 +17400 2009 2026 0.049
a range +16800 +17400 2010 2004 0.0125
a range +16800 +17400 2011 2024 0.0119
a range +16800 +17400 2012 2042 0.0527
a range +16800 +17400 2013 2022 0.047
a range +16800 +17400 2014 2045 0.0526
a range +16800 +17400 2015 2048 0.0539
a range +16800 +17400 2016 2023 0.0464
a range +16800 +17400 2017 2050 0.0568
a range +16800 +17400 2018 2053 0.0555
a range +16800 +17400 2019 2052 0.0579
a range +16800 +17400 2020 2046 0.0542
a range +16800 +17400 2021 9011 1103.3648
a range +16800 +17400 2022 2013 0.047
a range +16800 +17400 2023 2016 0.0464
a range +16800 +17400 2024 2011 0.0119
a range +16800 +17400 2025 2063 0.0596
a range +16800 +17400 2026 2009 0.049
a range +16800 +17400 2027 2005 0.0469
a range +16800 +17400 2028 2006 0.0479
a range +16800 +17400 2029 9002 1103.3791
a range +16800 +17400 2030 2001 0.0463
a range +16800 +17400 2031 2060 0.0615
a range +16800 +17400 2032 2064 0.0599
a range +16800 +17400 2033 2057 0.0618
a range +16800 +17400 2034 9008 1103.3967
a range +16800 +17400 2035 2002 0.0503
a range +16800 +17400 2036 2062 0.0614
a range +16800 +17400 2037 2059 0.0612
a range +16800 +17400 2038 2058 0.0618
a range +16800 +17400 2039 2055 0.0591
a range +16800 +17400 2040 2056 0.0459
a range +16800 +17400 2041 2051 0.0513
a range +16800 +17400 2042 2012 0.0527
a range +16800 +17400 2043 2008 0.0512
a range +16800 +17400 2044 2049 0.0309
a range +16800 +17400 2045 2014 0.0526
a range +16800 +17400 2046 2020 0.0542
a range +16800 +17400 2047 9005 1102.4938
a range +16800 +17400 2048 2015 0.0539
a range +16800 +17400 2049 2044 0.0309
a range +16800 +17400 2050 2017 0.0568
a range +16800 +17400 2051 2041 0.0513
a range +16800 +17400 2052 2019 0.0579
a range +16800 +17400 2053 2018 0.0555
a range +16800 +17400 2054 2007 0.0528
a range +16800 +17400 2055 2039 0.0591
a range +16800 +17400 2056 2040 0.0459
a range +16800 +17400 2057 2033 0.0618
a range +16800 +17400 2058 2038 0.0618
a range +16800 +17400 2059 2037 0.0612
a range +16800 +17400 2060 2031 0.0615
a range +16800 +17400 2061 2003 0.0539
a range +16800 +17400 2062 2036 0.0614
a range +16800 +17400 2063 2025 0.0596
a range +16800 +17400 2064 2032 0.0599
a range +16800 +17400 9002 2029 1103.3791
a range +16800 +17400 9003 9006 0.0
a range +16800 +17400 9005 2047 1102.4938
a range +16800 +17400 9006 9003 0.0
a range +16800 +17400 9008 2034 1103.3967
a range +16800 +17400 9009 9012 0.0
a range +16800 +17400 9011 2021 1103.3648
a range +16800 +17400 9012 9009 0.0
a range +17400 +18000 2001 2036 0.0508
a range +17400 +18000 2002 2029 0.0484
a range +17400 +18000 2003 2035 0.0511
a range +17400 +18000 2004 2061 0.0539
a range +17400 +18000 2005 2026 0.0475
a range +17400 +18000 2006 2025 0.0481
a range +17400 +18000 2007 2051 0.0526
a range +17400 +18000 2008 2044 0.05
a range +17400 +18000 2009 2027 0.05
a range +17400 +18000 2010 2054 0.0539
a range +17400 +18000 2011 2053 0.0552
a range +17400 +18000 2012 2024 0.0241
a range +17400 +18000 2013 2023 0.0466
a range +17400 +18000 2014 2048 0.0527
a range +17400 +18000 2015 2049 0.0549
a range +17400 +18000 2016 2030 0.0498
a range +17400 +18000 2017 2047 0.0551
a range +17400 +18000 2018 2050 0.0581
a range +17400 +18000 2019 2046 0.0551
a range +17400 +18000 2020 2022 0.0366
a range +17400 +18000 2021 9008 1103.3648
a range +17400 +18000 2022 2020 0.0366
a range +17400 +18000 2023 2013 0.0466
a range +17400 +18000 2024 2012 0.0241
a range +17400 +18000 2025 2006 0.0481
a range +17400 +18000 2026 2005 0.0475
a range +17400 +18000 2027 2009 0.05
a range +17400 +18000 2028 9011 1103.3791
a range +17400 +18000 2029 2002 0.0484
a range +17400 +18000 2030 2016 0.0498
a range +17400 +18000 2031 2064 0.0604
a range +17400 +18000 2032 2060 0.0612
a range +17400 +18000 2033 2055 0.0601
a range +17400 +18000 2034 9005 1103.3967
a range +17400 +18000 2035 2003 0.0511
a range +17400 +18000 2036 2001 0.0508
a range +17400 +18000 2037 2058 0.0612
a range +17400 +18000 2038 2063 0.0616
a range +17400 +18000 2039 2059 0.0622
a range +17400 +18000 2040 2057 0.0623
a range +17400 +18000 2041 2052 0.0358
a range +17400 +18000 2042 2045 0.0582
a range +17400 +18000 2043 2056 0.0305
a range +17400 +18000 2044 2008 0.05
a range +17400 +18000 2045 2042 0.0582
a range +17400 +18000 2046 2019 0.0551
a range +17400 +18000 2047 2017 0.0551
a range +17400 +18000 2048 2014 0.0527
a range +17400 +18000 2049 2015 0.0549
a range +17400 +18000 2050 2018 0.0581
a range +17400 +18000 2051 2007 0.0526
a range +17400 +18000 2052 2041 0.0358
a range +17400 +18000 2053 2011 0.0552
a range +17400 +18000 2054 2010 0.0539
a range +17400 +18000 2055 2033 0.0601
a range +17400 +18000 2056 2043 0.0305
a range +17400 +18000 2057 2040 0.0623
a range +17400 +18000 2058 2037 0.0612
a range +17400 +18000 2059 2039 0.0622
a range +17400 +18000 2060 2032 0.0612
a range +17400 +18000 2061 2004 0.0539
a range +17400 +18000 2062 9002 1103.3771
a range +17400 +18000 2063 2038 0.0616
a range +17400 +18000 2064 2031 0.0604
a range +16800 +18000 9001 9004 0.0
a range +17400 +18000 9002 2062 1103.3771
a range +17400 +18000 9003 9009 0.0
a range +16800 +18000 9004 9001 0.0
a range +17400 +18000 9005 2034 1103.3967
a range +17400 +18000 9006 9012 0.0
a range +16800 +18000 9007 9010 0.0
a range +17400 +18000 9008 2021 1103.3648
a range +17400 +18000 9009 9003 0.0
a range +16800 +18000 9010 9007 0.0
a range +17400 +18000 9011 2028 1103.3791
a range +17400 +18000 9012 9006 0.0
a range +18000 +18600 2001 2035 0.0499
a range +18000 +18600 2002 2047 0.0507
a range +18000 +18600 2003 2028 0.048
a range +18000 +18600 2004 2013 0.0428
a range +18000 +18600 2005 2031 0.0478
a range +18000 +18600 2006 2029 0.0475
a range +18000 +18600 2007 2050 0.0519
a range +18000 +18600 2008 2024 0.0461
a range +18000 +18600 2009 2030 0.0488
a range +18000 +18600 2010 2051 0.0539
a range +18000 +18600 2011 2023 0.0189
a range +18000 +18600 2012 2022 0.0466
a range +18000 +18600 2013 2004 0.0428
a range +18000 +18600 2014 2036 0.0508
a range +18000 +18600 2015 9011 1102.51
a range +18000 +18600 2016 2026 0.0487
a range +18000 +18600 2017 2061 0.0576
a range +18000 +18600 2018 2049 0.0567
a range +18000 +18600 2019 2048 0.0544
a range +18000 +18600 2020 2021 0.0204
a range +18000 +18600 2021 2020 0.0204
a range +18000 +18600 2022 2012 0.0466
a range +18000 +18600 2023 2011 0.0189
a range +18000 +18600 2024 2008 0.0461
a range +18000 +18600 2025 2059 0.0606
a range +18000 +18600 2026 2016 0.0487
a range +18000 +18600 2027 2060 0.0601
a range +18000 +18600 2028 2003 0.048
a range +18000 +18600 2029 2006 0.0475
a range +18000 +18600 2030 2009 0.0488
a range +18000 +18600 2031 2005 0.0478
a range +18000 +18600 2032 2063 0.0602
a range +18000 +18600 2033 9005 1103.3878
a range +18000 +18600 2034 2064 0.0617
a range +18000 +18600 2035 2001 0.0499
a range +18000 +18600 2036 2014 0.0508
a range +18000 +18600 2037 2055 0.04
a range +18000 +18600 2038 2056 0.0454
a range +18000 +18600 2039 2058 0.0629
a range +18000 +18600 2040 2054 0.0598
a range +18000 +18600 2041 2057 0.0632
a range +18000 +18600 2042 2053 0.028
a range +18000 +18600 2043 2052 0.0611
a range +18000 +18600 2044 2045 0.0248
a range +18000 +18600 2045 2044 0.0248
a range +18000 +18600 2046 9002 1102.6339
a range +18000 +18600 2047 2002 0.0507
a range +18000 +18600 2048 2019 0.0544
a range +18000 +18600 2049 2018 0.0567
a range +18000 +18600 2050 2007 0.0519
a range +18000 +18600 2051 2010 0.0539
a range +18000 +18600 2052 2043 0.0611
a range +18000 +18600 2053 2042 0.028
a range +18000 +18600 2054 2040 0.0598
a range +18000 +18600 2055 2037 0.04
a range +18000 +18600 2056 2038 0.0454
a range +18000 +18600 2057 2041 0.0632
a range +18000 +18600 2058 2039 0.0629
a range +18000 +18600 2059 2025 0.0606
a range +18000 +18600 2060 2027 0.0601
a range +18000 +18600 2061 2017 0.0576
a range +18000 +18600 2062 9008 1103.3771
a range +18000 +18600 2063 2032 0.0602
a range +18000 +18600 2064 2034 0.0617
a range +18000 +18600 9001 9007 0.0
a range +18000 +18600 9002 2046 1102.6339
a range +18000 +18600 9003 9012 0.0
a range +18000 +18600 9004 9010 0.0
a range +18000 +18600 9005 2033 1103.3878
a range +18000 +18600 9006 9009 0.0
a range +18000 +18600 9007 9001 0.0
a range +18000 +18600 9008 2062 1103.3771
a range +18000 +18600 9009 9006 0.0
a range +18000 +18600 9010 9004 0.0
a range +18000 +18600 9011 2015 1102.51
a range +18000 +18600 9012 9003 0.0
a range +18600 +19200 2001 2037 0.0481
a range +18600 +19200 2002 2034 0.0494
a range +18600 +19200 2003 2046 0.0515
a range +18600 +19200 2004 2033 0.0505
a range +18600 +19200 2005 2029 0.0483
a range +18600 +19200 2006 2032 0.0465
a range +18600 +19200 2007 2047 0.0507
a range +18600 +19200 2008 2042 0.0509
a range +18600 +19200 2009 2028 0.0472
a range +18600 +19200 2010 2050 0.0542
a range +18600 +19200 2011 2022 0.0344
a range +18600 +19200 2012 2023 0.0351
a range +18600 +19200 2013 2026 0.0504
a range +18600 +19200 2014 2024 0.047
a range +18600 +19200 2015 2020 0.0118
a range +18600 +19200 2016 2031 0.0487
a range +18600 +19200 2017 2049 0.0579
a range +18600 +19200 2018 2051 0.0574
a range +18600 +19200 2019 2045 0.054
a range +18600 +19200 2020 2015 0.0118
a range +18600 +19200 2021 9005 1103.3648
a range +18600 +19200 2022 2011 0.0344
a range +18600 +19200 2023 2012 0.0351
a range +18600 +19200 2024 2014 0.047
a range +18600 +19200 2025 2058 0.0613
a range +18600 +19200 2026 2013 0.0504
a range +18600 +19200 2027 9008 1103.3844
a range +18600 +19200 2028 2009 0.0472
a range +18600 +19200 2029 2005 0.0483
a range +18600 +19200 2030 2061 0.0611
a range +18600 +19200 2031 2016 0.0487
a range +18600 +19200 2032 2006 0.0465
a range +18600 +19200 2033 2004 0.0505
a range +18600 +19200 2034 2002 0.0494
a range +18600 +19200 2035 2064 0.0618
a range +18600 +19200 2036 2060 0.0616
a range +18600 +19200 2037 2001 0.0481
a range +18600 +19200 2038 2059 0.0611
a range +18600 +19200 2039 2057 0.063
a range +18600 +19200 2040 2055 0.0601
a range +18600 +19200 2041 2054 0.0213
a range +18600 +19200 2042 2008 0.0509
a range +18600 +19200 2043 2063 0.0339
a range +18600 +19200 2044 2053 0.057
a range +18600 +19200 2045 2019 0.054
a range +18600 +19200 2046 2003 0.0515
a range +18600 +19200 2047 2007 0.0507
a range +18600 +19200 2048 2052 0.0253
a range +18600 +19200 2049 2017 0.0579
a range +18600 +19200 2050 2010 0.0542
a range +18600 +19200 2051 2018 0.0574
a range +18600 +19200 2052 2048 0.0253
a range +18600 +19200 2053 2044 0.057
a range +18600 +19200 2054 2041 0.0213
a range +18600 +19200 2055 2040 0.0601
a range +18600 +19200 2056 9002 1103.3588
a range +18600 +19200 2057 2039 0.063
a range +18600 +19200 2058 2025 0.0613
a range +18600 +19200 2059 2038 0.0611
a range +18600 +19200 2060 2036 0.0616
a range +18600 +19200 2061 2030 0.0611
a range +18600 +19200 2062 9011 1103.3771
a range +18600 +19200 2063 2043 0.0339
a range +18600 +19200 2064 2035 0.0618
a range +18600 +19200 9001 9010 0.0
a range +18600 +19200 9002 2056 1103.3588
a range +18600 +19200 9003 9006 0.0
a range +18600 +19200 9004 9007 0.0
a range +18600 +19200 9005 2021 1103.3648
a range +18600 +19200 9006 9003 0.0
a range +18600 +19200 9007 9004 0.0
a range +18600 +19200 9008 2027 1103.3844
a range +18600 +19200 9009 9012 0.0
a range +18600 +19200 9010 9001 0.0
a range +18600 +19200 9011 2062 1103.3771
a range +18600 +19200 9012 9009 0.0
a range +19200 +19800 2001 2038 0.0489
a range +19200 +19800 2002 2028 0.0469
a range +19200 +19800 2003 2045 0.0509
a range +19200 +19800 2004 2046 0.0506
a range +19200 +19800 2005 2040 0.0506
a range +19200 +19800 2006 2033 0.0512
a range +19200 +19800 2007 2023 0.0448
a range +19200 +19800 2008 2027 0.0483
a range +19200 +19800 2009 2029 0.0484
a range +19200 +19800 2010 9008 1103.0057
a range +19200 +19800 2011 2034 0.0506
a range +19200 +19800 2012 2025 0.0496
a range +19200 +19800 2013 2024 0.038
a range +19200 +19800 2014 2022 0.0463
a range +19200 +19800 2015 2026 0.0359
a range +19200 +19800 2016 2032 0.0497
a range +19200 +19800 2017 2018 0.0195
a range +19200 +19800 2018 2017 0.0195
a range +19200 +19800 2019 2021 0.0384
a range +19200 +19800 2020 9002 1103.3763
a range +19200 +19800 2021 2019 0.0384
a range +19200 +19800 2022 2014 0.0463
a range +19200 +19800 2023 2007 0.0448
a range +19200 +19800 2024 2013 0.038
a range +19200 +19800 2025 2012 0.0496
a range +19200 +19800 2026 2015 0.0359
a range +19200 +19800 2027 2008 0.0483
a range +19200 +19800 2028 2002 0.0469
a range +19200 +19800 2029 2009 0.0484
a range +19200 +19800 2030 2060 0.0592
a range +19200 +19800 2031 2063 0.0606
a range +19200 +19800 2032 2016 0.0497
a range +19200 +19800 2033 2006 0.0512
a range +19200 +19800 2034 2011 0.0506
a range +19200 +19800 2035 2061 0.063
a range +19200 +19800 2036 2064 0.0624
a range +19200 +19800 2037 2054 0.0384
a range +19200 +19800 2038 2001 0.0489
a range +19200 +19800 2039 2053 0.0594
a range +19200 +19800 2040 2005 0.0506
a range +19200 +19800 2041 2059 0.0571
a range +19200 +19800 2042 2058 0.0634
a range +19200 +19800 2043 2057 0.0641
a range +19200 +19800 2044 2055 0.0341
a range +19200 +19800 2045 2003 0.0509
a range +19200 +19800 2046 2004 0.0506
a range +19200 +19800 2047 2052 0.0295
a range +19200 +19800 2048 2051 0.035
a range +19200 +19800 2049 2050 0.0248
a range +19200 +19800 2050 2049 0.0248
a range +19200 +19800 2051 2048 0.035
a range +19200 +19800 2052 2047 0.0295
a range +19200 +19800 2053 2039 0.0594
a range +19200 +19800 2054 2037 0.0384
a range +19200 +19800 2055 2044 0.0341
a range +19200 +19800 2056 9011 1103.3588
a range +19200 +19800 2057 2043 0.0641
a range +19200 +19800 2058 2042 0.0634
a range +19200 +19800 2059 2041 0.0571
a range +19200 +19800 2060 2030 0.0592
a range +19200 +19800 2061 2035 0.063
a range +19200 +19800 2062 9005 1103.3771
a range +19200 +19800 2063 2031 0.0606
a range +19200 +19800 2064 2036 0.0624
a range +19200 +19800 9001 9004 0.0
a range +19200 +19800 9002 2020 1103.3763
a range +19200 +19800 9003 9009 0.0
a range +19200 +19800 9004 9001 0.0
a range +19200 +19800 9005 2062 1103.3771
a range +19200 +19800 9006 9012 0.0
a range +19200 +19800 9007 9010 0.0
a range +19200 +19800 9008 2010 1103.0057
a range +19200 +19800 9009 9003 0.0
a range +19200 +19800 9010 9007 0.0
a range +19200 +19800 9011 2056 1103.3588
a range +19200 +19800 9012 9006 0.0
a range +19800 +20400 2001 2034 0.049
a range +19800 +20400 2002 2046 0.0519
a range +19800 +20400 2003 2040 0.0497
a range +19800 +20400 2004 2062 0.0542
a range +19800 +20400 2005 2045 0.0499
a range +19800 +20400 2006 2037 0.0492
a range +19800 +20400 2007 2020 0.0449
a range +19800 +20400 2008 2026 0.0473
a range +19800 +20400 2009 2032 0.0487
a range +19800 +20400 2010 9002 1103.0057
a range +19800 +20400 2011 2027 0.0492
a range +19800 +20400 2012 2038 0.0506
a range +19800 +20400 2013 2048 0.0543
a range +19800 +20400 2014 2019 0.0038
a range +19800 +20400 2015 2033 0.0509
a range +19800 +20400 2016 2028 0.0488
a range +19800 +20400 2017 2025 0.0229
a range +19800 +20400 2018 2024 0.037
a range +19800 +20400 2019 2014 0.0038
a range +19800 +20400 2020 2007 0.0449
a range +19800 +20400 2021 2023 0.0371
a range +19800 +20400 2022 9011 1103.3663
a range +19800 +20400 2023 2021 0.0371
a range +19800 +20400 2024 2018 0.037
a range +19800 +20400 2025 2017 0.0229
a range +19800 +20400 2026 2008 0.0473
a range +19800 +20400 2027 2011 0.0492
a range +19800 +20400 2028 2016 0.0488
a range +19800 +20400 2029 2061 0.0613
a range +19800 +20400 2030 2059 0.0594
a range +19800 +20400 2031 2058 0.0599
a range +19800 +20400 2032 2009 0.0487
a range +19800 +20400 2033 2015 0.0509
a range +19800 +20400 2034 2001 0.049
a range +19800 +20400 2035 2060 0.062
a range +19800 +20400 2036 2057 0.0615
a range +19800 +20400 2037 2006 0.0492
a range +19800 +20400 2038 2012 0.0506
a range +19800 +20400 2039 2054 0.0597
a range +19800 +20400 2040 2003 0.0497
a range +19800 +20400 2041 2053 0.0184
a range +19800 +20400 2042 2051 0.0611
a range +19800 +20400 2043 2050 0.0614
a range +19800 +20400 2044 2052 0.061
a range +19800 +20400 2045 2005 0.0499
a range +19800 +20400 2046 2002 0.0519
a range +19800 +20400 2047 2049 0.0447
a range +19800 +20400 2048 2013 0.0543
a range +19800 +20400 2049 2047 0.0447
a range +19800 +20400 2050 2043 0.0614
a range +19800 +20400 2051 2042 0.0611
a range +19800 +20400 2052 2044 0.061
a range +19800 +20400 2053 2041 0.0184
a range +19800 +20400 2054 2039 0.0597
a range +19800 +20400 2055 2064 0.0377
a range +19800 +20400 2056 9008 1103.3588
a range +19800 +20400 2057 2036 0.0615
a range +19800 +20400 2058 2031 0.0599
a range +19800 +20400 2059 2030 0.0594
a range +19800 +20400 2060 2035 0.062
a range +19800 +20400 2061 2029 0.0613
a range +19800 +20400 2062 2004 0.0542
a range +19800 +20400 2063 9005 1103.3769
a range +19800 +20400 2064 2055 0.0377
a range +19800 +20400 9001 9007 0.0
a range +19800 +20400 9002 2010 1103.0057
a range +19800 +20400 9003 9012 0.0
a range +19800 +20400 9004 9010 0.0
a range +19800 +20400 9005 2063 1103.3769
a range +19800 +20400 9006 9009 0.0
a range +19800 +20400 9007 9001 0.0
a range +19800 +20400 9008 2056 1103.3588
a range +19800 +20400 9009 9006 0.0
a range +19800 +20400 9010 9004 0.0
a range +19800 +20400 9011 2022 1103.3663
a range +19800 +20400 9012 9003 0.0
a range +20400 +21000 2001 2041 0.0501
a range +20400 +21000 2002 2033 0.049
a range +20400 +21000 2003 2055 0.0517
a range +20400 +21000 2004 2026 0.0476
a range +20400 +21000 2005 2039 0.0497
a range +20400 +21000 2006 2031 0.0467
a range +20400 +21000 2007 2040 0.0482
a range +20400 +21000 2008 2025 0.0481
a range +20400 +21000 2009 2044 0.0545
a range +20400 +21000 2010 2012 0.0349
a range +20400 +21000 2011 2020 0.0464
a range +20400 +21000 2012 2010 0.0349
a range +20400 +21000 2013 2021 0.0464
a range +20400 +21000 2014 2027 0.0494
a range +20400 +21000 2015 2019 0.0185
a range +20400 +21000 2016 2062 0.0554
a range +20400 +21000 2017 2046 0.0561
a range +20400 +21000 2018 2047 0.0538
a range +20400 +21000 2019 2015 0.0185
a range +20400 +21000 2020 2011 0.0464
a range +20400 +21000 2021 2013 0.0464
a range +20400 +21000 2022 2024 0.0384
a range +20400 +21000 2023 9011 1103.3806
a range +20400 +21000 2024 2022 0.0384
a range +20400 +21000 2025 2008 0.0481
a range +20400 +21000 2026 2004 0.0476
a range +20400 +21000 2027 2014 0.0494
a range +20400 +21000 2028 2061 0.0594
a range +20400 +21000 2029 2060 0.0595
a range +20400 +21000 2030 2058 0.0602
a range +20400 +21000 2031 2006 0.0467
a range +20400 +21000 2032 2059 0.0612
a range +20400 +21000 2033 2002 0.049
a range +20400 +21000 2034 2054 0.0606
a range +20400 +21000 2035 2057 0.0614
a range +20400 +21000 2036 2053 0.029
a range +20400 +21000 2037 2064 0.0613
a range +20400 +21000 2038 2052 0.0597
a range +20400 +21000 2039 2005 0.0497
a range +20400 +21000 2040 2007 0.0482
a range +20400 +21000 2041 2001 0.0501
a range +20400 +21000 2042 2050 0.0614
a range +20400 +21000 2043 2051 0.0609
a range +20400 +21000 2044 2009 0.0545
a range +20400 +21000 2045 9008 1102.7751
a range +20400 +21000 2046 2017 0.0561
a range +20400 +21000 2047 2018 0.0538
a range +20400 +21000 2048 2049 0.0576
a range +20400 +21000 2049 2048 0.0576
a range +20400 +21000 2050 2042 0.0614
a range +20400 +21000 2051 2043 0.0609
a range +20400 +21000 2052 2038 0.0597
a range +20400 +21000 2053 2036 0.029
a range +20400 +21000 2054 2034 0.0606
a range +20400 +21000 2055 2003 0.0517
a range +20400 +21000 2056 9005 1103.3588
a range +20400 +21000 2057 2035 0.0614
a range +20400 +21000 2058 2030 0.0602
a range +20400 +21000 2059 2032 0.0612
a range +20400 +21000 2060 2029 0.0595
a range +20400 +21000 2061 2028 0.0594
a range +20400 +21000 2062 2016 0.0554
a range +20400 +21000 2063 9002 1103.3769
a range +20400 +21000 2064 2037 0.0613
a range +20400 +21000 9001 9010 0.0
a range +20400 +21000 9002 2063 1103.3769
a range +20400 +21000 9003 9006 0.0
a range +20400 +21000 9004 9007 0.0
a range +20400 +21000 9005 2056 1103.3588
a range +20400 +21000 9006 9003 0.0
a range +20400 +21000 9007 9004 0.0
a range +20400 +21000 9008 2045 1102.7751
a range +20400 +21000 9009 9012 0.0
a range +20400 +21000 9010 9001 0.0
a range +20400 +21000 9011 2023 1103.3806
a range +20400 +21000 9012 9009 0.0
a range +21000 +21600 2001 2042 0.0504
a range +21000 +21600 2002 2027 0.0465
a range +21000 +21600 2003 2039 0.0487
a range +21000 +21600 2004 2025 0.0475
a range +21000 +21600 2005 2028 0.0468
a range +21000 +21600 2006 2036 0.0484
a range +21000 +21600 2007 2019 0.0451
a range +21000 +21600 2008 2010 0.0432
a range +21000 +21600 2009 2031 0.0492
a range +21000 +21600 2010 2008 0.0432
a range +21000 +21600 2011 2040 0.0512
a range +21000 +21600 2012 2020 0.0467
a range +21000 +21600 2013 2029 0.0495
a range +21000 +21600 2014 2023 0.0464
a range +21000 +21600 2015 2045 0.0531
a range +21000 +21600 2016 2056 0.0536
a range +21000 +21600 2017 2024 0.0204
a range +21000 +21600 2018 2054 0.0568
a range +21000 +21600 2019 2007 0.0451
a range +21000 +21600 2020 2012 0.0467
a range +21000 +21600 2021 2043 0.0551
a range +21000 +21600 2022 9008 1103.3663
a range +21000 +21600 2023 2014 0.0464
a range +21000 +21600 2024 2017 0.0204
a range +21000 +21600 2025 2004 0.0475
a range +21000 +21600 2026 9005 1103.3918
a range +21000 +21600 2027 2002 0.0465
a range +21000 +21600 2028 2005 0.0468
a range +21000 +21600 2029 2013 0.0495
a range +21000 +21600 2030 2053 0.0573
a range +21000 +21600 2031 2009 0.0492
a range +21000 +21600 2032 2061 0.0609
a range +21000 +21600 2033 2060 0.061
a range +21000 +21600 2034 2055 0.0597
a range +21000 +21600 2035 2058 0.0611
a range +21000 +21600 2036 2006 0.0484
a range +21000 +21600 2037 2062 0.0613
a range +21000 +21600 2038 2064 0.0614
a range +21000 +21600 2039 2003 0.0487
a range +21000 +21600 2040 2011 0.0512
a range +21000 +21600 2041 2050 0.0612
a range +21000 +21600 2042 2001 0.0504
a range +21000 +21600 2043 2021 0.0551
a range +21000 +21600 2044 9002 1102.9172
a range +21000 +21600 2045 2015 0.0531
a range +21000 +21600 2046 2057 0.0243
a range +21000 +21600 2047 2051 0.0171
a range +21000 +21600 2048 2059 0.0472
a range +21000 +21600 2049 2052 0.0612
a range +21000 +21600 2050 2041 0.0612
a range +21000 +21600 2051 2047 0.0171
a range +21000 +21600 2052 2049 0.0612
a range +21000 +21600 2053 2030 0.0573
a range +21000 +21600 2054 2018 0.0568
a range +21000 +21600 2055 2034 0.0597
a range +21000 +21600 2056 2016 0.0536
a range +21000 +21600 2057 2046 0.0243
a range +21000 +21600 2058 2035 0.0611
a range +21000 +21600 2059 2048 0.0472
a range +21000 +21600 2060 2033 0.061
a range +21000 +21600 2061 2032 0.0609
a range +21000 +21600 2062 2037 0.0613
a range +21000 +21600 2063 9011 1103.3769
a range +21000 +21600 2064 2038 0.0614
a range +21000 +21600 9001 9004 0.0
a range +21000 +21600 9002 2044 1102.9172
a range +21000 +21600 9003 9009 0.0
a range +21000 +21600 9004 9001 0.0
a range +21000 +21600 9005 2026 1103.3918
a range +21000 +21600 9006 9012 0.0
a range +21000 +21600 9007 9010 0.0
a range +21000 +21600 9008 2022 1103.3663
a range +21000 +21600 9009 9003 0.0
a range +21000 +21600 9010 9007 0.0
a range +21000 +21600 9011 2063 1103.3769
a range +21000 +21600 9012 9006 0.0
a range +21600 +22200 2001 2043 0.0506
a range +21600 +22200 2002 2026 0.0479
a range +21600 +22200 2003 2057 0.0545
a range +21600 +22200 2004 2056 0.0517
a range +21600 +22200 2005 2032 0.0483
a range +21600 +22200 2006 2030 0.0481
a range +21600 +22200 2007 2045 0.0509
a range +21600 +22200 2008 2018 0.0459
a range +21600 +22200 2009 2039 0.0504
a range +21600 +22200 2010 2020 0.0464
a range +21600 +22200 2011 2019 0.0471
a range +21600 +22200 2012 2034 0.0509
a range +21600 +22200 2013 2014 0.0195
a range +21600 +22200 2014 2013 0.0195
a range +21600 +22200 2015 2024 0.0471
a range +21600 +22200 2016 2055 0.0536
a range +21600 +22200 2017 2038 0.0522
a range +21600 +22200 2018 2008 0.0459
a range +21600 +22200 2019 2011 0.0471
a range +21600 +22200 2020 2010 0.0464
a range +21600 +22200 2021 9002 1103.3648
a range +21600 +22200 2022 2023 0.0211
a range +21600 +22200 2023 2022 0.0211
a range +21600 +22200 2024 2015 0.0471
a range +21600 +22200 2025 9011 1103.3967
a range +21600 +22200 2026 2002 0.0479
a range +21600 +22200 2027 2061 0.0594
a range +21600 +22200 2028 2060 0.0601
a range +21600 +22200 2029 2059 0.0596
a range +21600 +22200 2030 2006 0.0481
a range +21600 +22200 2031 2053 0.0573
a range +21600 +22200 2032 2005 0.0483
a range +21600 +22200 2033 2058 0.0613
a range +21600 +22200 2034 2012 0.0509
a range +21600 +22200 2035 2052 0.0467
a range +21600 +22200 2036 2054 0.0164
a range +21600 +22200 2037 2051 0.0605
a range +21600 +22200 2038 2017 0.0522
a range +21600 +22200 2039 2009 0.0504
a range +21600 +22200 2040 2062 0.0612
a range +21600 +22200 2041 2064 0.0626
a range +21600 +22200 2042 2049 0.0611
a range +21600 +22200 2043 2001 0.0506
a range +21600 +22200 2044 9005 1102.9172
a range +21600 +22200 2045 2007 0.0509
a range +21600 +22200 2046 2050 0.004
a range +21600 +22200 2047 2048 0.0251
a range +21600 +22200 2048 2047 0.0251
a range +21600 +22200 2049 2042 0.0611
a range +21600 +22200 2050 2046 0.004
a range +21600 +22200 2051 2037 0.0605
a range +21600 +22200 2052 2035 0.0467
a range +21600 +22200 2053 2031 0.0573
a range +21600 +22200 2054 2036 0.0164
a range +21600 +22200 2055 2016 0.0536
a range +21600 +22200 2056 2004 0.0517
a range +21600 +22200 2057 2003 0.0545
a range +21600 +22200 2058 2033 0.0613
a range +21600 +22200 2059 2029 0.0596
a range +21600 +22200 2060 2028 0.0601
a range +21600 +22200 2061 2027 0.0594
a range +21600 +22200 2062 2040 0.0612
a range +21600 +22200 2063 9008 1103.3769
a range +21600 +22200 2064 2041 0.0626
a range +21600 +22200 9001 9007 0.0
a range +21600 +22200 9002 2021 1103.3648
a range +21600 +22200 9003 9012 0.0
a range +21600 +22200 9004 9010 0.0
a range +21600 +22200 9005 2044 1102.9172
a range +21600 +22200 9006 9009 0.0
a range +21600 +22200 9007 9001 0.0
a range +21600 +22200 9008 2063 1103.3769
a range +21600 +22200 9009 9006 0.0
a range +21600 +22200 9010 9004 0.0
a range +21600 +22200 9011 2025 1103.3967
a range +21600 +22200 9012 9003 0.0
a range +22200 +22800 2001 2040 0.0482
a range +22200 +22800 2002 2019 0.0413
a range +22200 +22800 2003 2054 0.0525
a range +22200 +22800 2004 2063 0.0537
a range +22200 +22800 2005 2043 0.0522
a range +22200 +22800 2006 2035 0.0508
a range +22200 +22800 2007 2018 0.0453
a range +22200 +22800 2008 2041 0.0506
a range +22200 +22800 2009 2033 0.0501
a range +22200 +22800 2010 2026 0.0482
a range +22200 +22800 2011 2044 0.0538
a range +22200 +22800 2012 2030 0.0484
a range +22200 +22800 2013 2042 0.0538
a range +22200 +22800 2014 2032 0.0494
a range +22200 +22800 2015 9008 1103.2915
a range +22200 +22800 2016 2027 0.0345
a range +22200 +22800 2017 9011 1103.4109
a range +22200 +22800 2018 2007 0.0453
a range +22200 +22800 2019 2002 0.0413
a range +22200 +22800 2020 2025 0.0502
a range +22200 +22800 2021 2022 0.019
a range +22200 +22800 2022 2021 0.019
a range +22200 +22800 2023 2024 0.0207
a range +22200 +22800 2024 2023 0.0207
a range +22200 +22800 2025 2020 0.0502
a range +22200 +22800 2026 2010 0.0482
a range +22200 +22800 2027 2016 0.0345
a range +22200 +22800 2028 2059 0.0603
a range +22200 +22800 2029 2058 0.0605
a range +22200 +22800 2030 2012 0.0484
a range +22200 +22800 2031 2056 0.0576
a range +22200 +22800 2032 2014 0.0494
a range +22200 +22800 2033 2009 0.0501
a range +22200 +22800 2034 2061 0.0625
a range +22200 +22800 2035 2006 0.0508
a range +22200 +22800 2036 2052 0.0466
a range +22200 +22800 2037 2060 0.0609
a range +22200 +22800 2038 9002 1103.3784
a range +22200 +22800 2039 2062 0.0611
a range +22200 +22800 2040 2001 0.0482
a range +22200 +22800 2041 2008 0.0506
a range +22200 +22800 2042 2013 0.0538
a range +22200 +22800 2043 2005 0.0522
a range +22200 +22800 2044 2011 0.0538
a range +22200 +22800 2045 2057 0.0328
a range +22200 +22800 2046 2053 0.0609
a range +22200 +22800 2047 2050 0.0278
a range +22200 +22800 2048 2064 0.0628
a range +22200 +22800 2049 2051 0.0472
a range +22200 +22800 2050 2047 0.0278
a range +22200 +22800 2051 2049 0.0472
a range +22200 +22800 2052 2036 0.0466
a range +22200 +22800 2053 2046 0.0609
a range +22200 +22800 2054 2003 0.0525
a range +22200 +22800 2055 9005 1103.3622
a range +22200 +22800 2056 2031 0.0576
a range +22200 +22800 2057 2045 0.0328
a range +22200 +22800 2058 2029 0.0605
a range +22200 +22800 2059 2028 0.0603
a range +22200 +22800 2060 2037 0.0609
a range +22200 +22800 2061 2034 0.0625
a range +22200 +22800 2062 2039 0.0611
a range +22200 +22800 2063 2004 0.0537
a range +22200 +22800 2064 2048 0.0628
a range +22200 +22800 9001 9010 0.0
a range +22200 +22800 9002 2038 1103.3784
a range +22200 +22800 9003 9006 0.0
a range +22200 +22800 9004 9007 0.0
a range +22200 +22800 9005 2055 1103.3622
a range +22200 +22800 9006 9003 0.0
a range +22200 +22800 9007 9004 0.0
a range +22200 +22800 9008 2015 1103.2915
a range +22200 +22800 9009 9012 0.0
a range +22200 +22800 9010 9001 0.0
a range +22200 +22800 9011 2017 1103.4109
a range +22200 +22800 9012 9009 0.0
a range +22800 +23400 2001 2045 0.0504
a range +22800 +23400 2002 2016 0.0219
a range +22800 +23400 2003 2050 0.0532
a range +22800 +23400 2004 2037 0.0482
a range +22800 +23400 2005 2064 0.0538
a range +22800 +23400 2006 2039 0.0501
a range +22800 +23400 2007 2049 0.0529
a range +22800 +23400 2008 2030 0.0463
a range +22800 +23400 2009 2036 0.0521
a range +22800 +23400 2010 2043 0.0543
a range +22800 +23400 2011 2041 0.0535
a range +22800 +23400 2012 2021 0.0465
a range +22800 +23400 2013 2040 0.0516
a range +22800 +23400 2014 2044 0.0536
a range +22800 +23400 2015 2023 0.0466
a range +22800 +23400 2016 2002 0.0219
a range +22800 +23400 2017 2019 0.0371
a range +22800 +23400 2018 9002 1103.4095
a range +22800 +23400 2019 2017 0.0371
a range +22800 +23400 2020 2038 0.0522
a range +22800 +23400 2021 2012 0.0465
a range +22800 +23400 2022 9005 1103.3663
a range +22800 +23400 2023 2015 0.0466
a range +22800 +23400 2024 9011 1103.3992
a range +22800 +23400 2025 2062 0.0601
a range +22800 +23400 2026 2060 0.0603
a range +22800 +23400 2027 2059 0.0602
a range +22800 +23400 2028 2058 0.061
a range +22800 +23400 2029 2052 0.0579
a range +22800 +23400 2030 2008 0.0463
a range +22800 +23400 2031 2061 0.0612
a range +22800 +23400 2032 9008 1103.3967
a range +22800 +23400 2033 2054 0.0601
a range +22800 +23400 2034 2053 0.0591
a range +22800 +23400 2035 2056 0.0605
a range +22800 +23400 2036 2009 0.0521
a range +22800 +23400 2037 2004 0.0482
a range +22800 +23400 2038 2020 0.0522
a range +22800 +23400 2039 2006 0.0501
a range +22800 +23400 2040 2013 0.0516
a range +22800 +23400 2041 2011 0.0535
a range +22800 +23400 2042 2057 0.0629
a range +22800 +23400 2043 2010 0.0543
a range +22800 +23400 2044 2014 0.0536
a range +22800 +23400 2045 2001 0.0504
a range +22800 +23400 2046 2051 0.0224
a range +22800 +23400 2047 2055 0.0611
a range +22800 +23400 2048 2063 0.0632
a range +22800 +23400 2049 2007 0.0529
a range +22800 +23400 2050 2003 0.0532
a range +22800 +23400 2051 2046 0.0224
a range +22800 +23400 2052 2029 0.0579
a range +22800 +23400 2053 2034 0.0591
a range +22800 +23400 2054 2033 0.0601
a range +22800 +23400 2055 2047 0.0611
a range +22800 +23400 2056 2035 0.0605
a range +22800 +23400 2057 2042 0.0629
a range +22800 +23400 2058 2028 0.061
a range +22800 +23400 2059 2027 0.0602
a range +22800 +23400 2060 2026 0.0603
a range +22800 +23400 2061 2031 0.0612
a range +22800 +23400 2062 2025 0.0601
a range +22800 +23400 2063 2048 0.0632
a range +22800 +23400 2064 2005 0.0538
a range +22800 +23400 9001 9004 0.0
a range +22800 +23400 9002 2018 1103.4095
a range +22800 +23400 9003 9009 0.0
a range +22800 +23400 9004 9001 0.0
a range +22800 +23400 9005 2022 1103.3663
a range +22800 +23400 9006 9012 0.0
a range +22800 +23400 9007 9010 0.0
a range +22800 +23400 9008 2032 1103.3967
a range +22800 +23400 9009 9003 0.0
a range +22800 +23400 9010 9007 0.0
a range +22800 +23400 9011 2024 1103.3992
a range +22800 +23400 9012 9006 0.0
a range +23400 +24000 2001 2039 0.0507
a range +23400 +24000 2002 2025 0.048
a range +23400 +24000 2003 2037 0.0511
a range +23400 +24000 2004 2021 0.0453
a range +23400 +24000 2005 2030 0.0489
a range +23400 +24000 2006 2013 0.0427
a range +23400 +24000 2007 2032 0.0474
a range +23400 +24000 2008 2035 0.0491
a range +23400 +24000 2009 2063 0.0566
a range +23400 +24000 2010 2052 0.0541
a range +23400 +24000 2011 2043 0.0526
a range +23400 +24000 2012 2028 0.0497
a range +23400 +24000 2013 2006 0.0427
a range +23400 +24000 2014 2029 0.0488
a range +23400 +24000 2015 2027 0.0483
a range +23400 +24000 2016 2033 0.0506
a range +23400 +24000 2017 2042 0.054
a range +23400 +24000 2018 2020 0.0385
a range +23400 +24000 2019 2053 0.0573
a range +23400 +24000 2020 2018 0.0385
a range +23400 +24000 2021 2004 0.0453
a range +23400 +24000 2022 9002 1103.3663
a range +23400 +24000 2023 9008 1103.3806
a range +23400 +24000 2024 2044 0.055
a range +23400 +24000 2025 2002 0.048
a range +23400 +24000 2026 2059 0.0604
a range +23400 +24000 2027 2015 0.0483
a range +23400 +24000 2028 2012 0.0497
a range +23400 +24000 2029 2014 0.0488
a range +23400 +24000 2030 2005 0.0489
a range +23400 +24000 2031 2054 0.0576
a range +23400 +24000 2032 2007 0.0474
a range +23400 +24000 2033 2016 0.0506
a range +23400 +24000 2034 2060 0.063
a range +23400 +24000 2035 2008 0.0491
a range +23400 +24000 2036 2058 0.0612
a range +23400 +24000 2037 2003 0.0511
a range +23400 +24000 2038 9005 1103.3784
a range +23400 +24000 2039 2001 0.0507
a range +23400 +24000 2040 2061 0.0615
a range +23400 +24000 2041 2062 0.0627
a range +23400 +24000 2042 2017 0.054
a range +23400 +24000 2043 2011 0.0526
a range +23400 +24000 2044 2024 0.055
a range +23400 +24000 2045 2055 0.0513
a range +23400 +24000 2046 2049 0.0275
a range +23400 +24000 2047 2057 0.0323
a range +23400 +24000 2048 9011 1103.4159
a range +23400 +24000 2049 2046 0.0275
a range +23400 +24000 2050 2051 0.0263
a range +23400 +24000 2051 2050 0.0263
a range +23400 +24000 2052 2010 0.0541
a range +23400 +24000 2053 2019 0.0573
a range +23400 +24000 2054 2031 0.0576
a range +23400 +24000 2055 2045 0.0513
a range +23400 +24000 2056 2064 0.0267
a range +23400 +24000 2057 2047 0.0323
a range +23400 +24000 2058 2036 0.0612
a range +23400 +24000 2059 2026 0.0604
a range +23400 +24000 2060 2034 0.063
a range +23400 +24000 2061 2040 0.0615
a range +23400 +24000 2062 2041 0.0627
a range +23400 +24000 2063 2009 0.0566
a range +23400 +24000 2064 2056 0.0267
a range +23400 +24000 9001 9007 0.0
a range +23400 +24000 9002 2022 1103.3663
a range +23400 +24000 9003 9012 0.0
a range +23400 +24000 9004 9010 0.0
a range +23400 +24000 9005 2038 1103.3784
a range +23400 +24000 9006 9009 0.0
a range +23400 +24000 9007 9001 0.0
a range +23400 +24000 9008 2023 1103.3806
a range +23400 +24000 9009 9006 0.0
a range +23400 +24000 9010 9004 0.0
a range +23400 +24000 9011 2048 1103.4159
a range +23400 +24000 9012 9003 0.0
a range +24000 +24600 2001 2044 0.0501
a range +24000 +24600 2002 2012 0.0433
a range +24000 +24600 2003 2042 0.05
a range +24000 +24600 2004 9002 1103.3832
a range +24000 +24600 2005 2037 0.0487
a range +24000 +24600 2006 2034 0.05
a range +24000 +24600 2007 2022 0.0449
a range +24000 +24600 2008 2031 0.0482
a range +24000 +24600 2009 2043 0.0533
a range +24000 +24600 2010 2032 0.0495
a range +24000 +24600 2011 2021 0.0466
a range +24000 +24600 2012 2002 0.0433
a range +24000 +24600 2013 2028 0.0487
a range +24000 +24600 2014 2047 0.0542
a range +24000 +24600 2015 2038 0.0508
a range +24000 +24600 2016 2060 0.0563
a range +24000 +24600 2017 2045 0.0537
a range +24000 +24600 2018 2046 0.0537
a range +24000 +24600 2019 2039 0.0525
a range +24000 +24600 2020 2029 0.0162
a range +24000 +24600 2021 2011 0.0466
a range +24000 +24600 2022 2007 0.0449
a range +24000 +24600 2023 9005 1103.3806
a range +24000 +24600 2024 9008 1103.3992
a range +24000 +24600 2025 2027 0.04
a range +24000 +24600 2026 2052 0.0579
a range +24000 +24600 2027 2025 0.04
a range +24000 +24600 2028 2013 0.0487
a range +24000 +24600 2029 2020 0.0162
a range +24000 +24600 2030 2062 0.0613
a range +24000 +24600 2031 2008 0.0482
a range +24000 +24600 2032 2010 0.0495
a range +24000 +24600 2033 2061 0.0616
a range +24000 +24600 2034 2006 0.05
a range +24000 +24600 2035 2059 0.061
a range +24000 +24600 2036 2056 0.0602
a range +24000 +24600 2037 2005 0.0487
a range +24000 +24600 2038 2015 0.0508
a range +24000 +24600 2039 2019 0.0525
a range +24000 +24600 2040 2058 0.061
a range +24000 +24600 2041 2055 0.0396
a range +24000 +24600 2042 2003 0.05
a range +24000 +24600 2043 2009 0.0533
a range +24000 +24600 2044 2001 0.0501
a range +24000 +24600 2045 2017 0.0537
a range +24000 +24600 2046 2018 0.0537
a range +24000 +24600 2047 2014 0.0542
a range +24000 +24600 2048 2057 0.0473
a range +24000 +24600 2049 9011 1103.3724
a range +24000 +24600 2050 2053 0.062
a range +24000 +24600 2051 2054 0.061
a range +24000 +24600 2052 2026 0.0579
a range +24000 +24600 2053 2050 0.062
a range +24000 +24600 2054 2051 0.061
a range +24000 +24600 2055 2041 0.0396
a range +24000 +24600 2056 2036 0.0602
a range +24000 +24600 2057 2048 0.0473
a range +24000 +24600 2058 2040 0.061
a range +24000 +24600 2059 2035 0.061
a range +24000 +24600 2060 2016 0.0563
a range +24000 +24600 2061 2033 0.0616
a range +24000 +24600 2062 2030 0.0613
a range +24000 +24600 2063 2064 0.0271
a range +24000 +24600 2064 2063 0.0271
a range +24000 +24600 9001 9010 0.0
a range +24000 +24600 9002 2004 1103.3832
a range +24000 +24600 9003 9006 0.0
a range +24000 +24600 9004 9007 0.0
a range +24000 +24600 9005 2023 1103.3806
a range +24000 +24600 9006 9003 0.0
a range +24000 +24600 9007 9004 0.0
a range +24000 +24600 9008 2024 1103.3992
a range +24000 +24600 9009 9012 0.0
a range +24000 +24600 9010 9001 0.0
a range +24000 +24600 9011 2049 1103.3724
a range +24000 +24600 9012 9009 0.0
a range +24600 +25200 2001 2046 0.0521
a range +24600 +25200 2002 2023 0.0445
a range +24600 +25200 2003 9011 1103.3907
a range +24600 +25200 2004 2036 0.0509
a range +24600 +25200 2005 2035 0.0504
a range +24600 +25200 2006 2038 0.0499
a range +24600 +25200 2007 2008 0.0185
a range +24600 +25200 2008 2007 0.0185
a range +24600 +25200 2009 2042 0.0523
a range +24600 +25200 2010 2048 0.0541
a range +24600 +25200 2011 2037 0.0516
a range +24600 +25200 2012 2031 0.0344
a range +24600 +25200 2013 2030 0.0483
a range +24600 +25200 2014 2026 0.0356
a range +24600 +25200 2015 9002 1103.2915
a range +24600 +25200 2016 2064 0.0554
a range +24600 +25200 2017 2032 0.0332
a range +24600 +25200 2018 2027 0.0177
a range +24600 +25200 2019 2043 0.0541
a range +24600 +25200 2020 2039 0.052
a range +24600 +25200 2021 2029 0.023
a range +24600 +25200 2022 2041 0.0548
a range +24600 +25200 2023 2002 0.0445
a range +24600 +25200 2024 9005 1103.3992
a range +24600 +25200 2025 2060 0.0609
a range +24600 +25200 2026 2014 0.0356
a range +24600 +25200 2027 2018 0.0177
a range +24600 +25200 2028 2053 0.0592
a range +24600 +25200 2029 2021 0.023
a range +24600 +25200 2030 2013 0.0483
a range +24600 +25200 2031 2012 0.0344
a range +24600 +25200 2032 2017 0.0332
a range +24600 +25200 2033 2059 0.0627
a range +24600 +25200 2034 2058 0.0611
a range +24600 +25200 2035 2005 0.0504
a range +24600 +25200 2036 2004 0.0509
a range +24600 +25200 2037 2011 0.0516
a range +24600 +25200 2038 2006 0.0499
a range +24600 +25200 2039 2020 0.052
a range +24600 +25200 2040 2051 0.0263
a range +24600 +25200 2041 2022 0.0548
a range +24600 +25200 2042 2009 0.0523
a range +24600 +25200 2043 2019 0.0541
a range +24600 +25200 2044 2054 0.048
a range +24600 +25200 2045 2052 0.061
a range +24600 +25200 2046 2001 0.0521
a range +24600 +25200 2047 9008 1103.3997
a range +24600 +25200 2048 2010 0.0541
a range +24600 +25200 2049 2057 0.0203
a range +24600 +25200 2050 2055 0.0612
a range +24600 +25200 2051 2040 0.0263
a range +24600 +25200 2052 2045 0.061
a range +24600 +25200 2053 2028 0.0592
a range +24600 +25200 2054 2044 0.048
a range +24600 +25200 2055 2050 0.0612
a range +24600 +25200 2056 2063 0.0305
a range +24600 +25200 2057 2049 0.0203
a range +24600 +25200 2058 2034 0.0611
a range +24600 +25200 2059 2033 0.0627
a range +24600 +25200 2060 2025 0.0609
a range +24600 +25200 2061 2062 0.0277
a range +24600 +25200 2062 2061 0.0277
a range +24600 +25200 2063 2056 0.0305
a range +24600 +25200 2064 2016 0.0554
a range +24600 +25200 9001 9004 0.0
a range +24600 +25200 9002 2015 1103.2915
a range +24600 +25200 9003 9009 0.0
a range +24600 +25200 9004 9001 0.0
a range +24600 +25200 9005 2024 1103.3992
a range +24600 +25200 9006 9012 0.0
a range +24600 +25200 9007 9010 0.0
a range +24600 +25200 9008 2047 1103.3997
a range +24600 +25200 9009 9003 0.0
a range +24600 +25200 9010 9007 0.0
a range +24600 +25200 9011 2003 1103.3907
a range +24600 +25200 9012 9006 0.0
a range +25200 +25800 2001 2016 0.043
a range +25200 +25800 2002 2008 0.0328
a range +25200 +25800 2003 2023 0.0446
a range +25200 +25800 2004 2030 0.049
a range +25200 +25800 2005 2036 0.0512
a range +25200 +25800 2006 2048 0.0508
a range +25200 +25800 2007 2010 0.0429
a range +25200 +25800 2008 2002 0.0328
a range +25200 +25800 2009 2047 0.0545
a range +25200 +25800 2010 2007 0.0429
a range +25200 +25800 2011 9002 1102.886
a range +25200 +25800 2012 9005 1102.8159
a range +25200 +25800 2013 2027 0.0485
a range +25200 +25800 2014 2028 0.0494
a range +25200 +25800 2015 2044 0.0546
a range +25200 +25800 2016 2001 0.043
a range +25200 +25800 2017 2029 0.0504
a range +25200 +25800 2018 2025 0.0364
a range +25200 +25800 2019 2026 0.0341
a range +25200 +25800 2020 9011 1103.3763
a range +25200 +25800 2021 2042 0.0541
a range +25200 +25800 2022 2037 0.0522
a range +25200 +25800 2023 2003 0.0446
a range +25200 +25800 2024 2039 0.0171
a range +25200 +25800 2025 2018 0.0364
a range +25200 +25800 2026 2019 0.0341
a range +25200 +25800 2027 2013 0.0485
a range +25200 +25800 2028 2014 0.0494
a range +25200 +25800 2029 2017 0.0504
a range +25200 +25800 2030 2004 0.049
a range +25200 +25800 2031 2035 0.0539
a range +25200 +25800 2032 2056 0.0579
a range +25200 +25800 2033 2053 0.0598
a range +25200 +25800 2034 2059 0.0612
a range +25200 +25800 2035 2031 0.0539
a range +25200 +25800 2036 2005 0.0512
a range +25200 +25800 2037 2022 0.0522
a range +25200 +25800 2038 2062 0.0609
a range +25200 +25800 2039 2024 0.0171
a range +25200 +25800 2040 2060 0.0624
a range +25200 +25800 2041 2049 0.0608
a range +25200 +25800 2042 2021 0.0541
a range +25200 +25800 2043 2058 0.0632
a range +25200 +25800 2044 2015 0.0546
a range +25200 +25800 2045 2054 0.0612
a range +25200 +25800 2046 2052 0.0608
a range +25200 +25800 2047 2009 0.0545
a range +25200 +25800 2048 2006 0.0508
a range +25200 +25800 2049 2041 0.0608
a range +25200 +25800 2050 2057 0.0222
a range +25200 +25800 2051 9008 1103.4137
a range +25200 +25800 2052 2046 0.0608
a range +25200 +25800 2053 2033 0.0598
a range +25200 +25800 2054 2045 0.0612
a range +25200 +25800 2055 2063 0.0183
a range +25200 +25800 2056 2032 0.0579
a range +25200 +25800 2057 2050 0.0222
a range +25200 +25800 2058 2043 0.0632
a range +25200 +25800 2059 2034 0.0612
a range +25200 +25800 2060 2040 0.0624
a range +25200 +25800 2061 2064 0.0649
a range +25200 +25800 2062 2038 0.0609
a range +25200 +25800 2063 2055 0.0183
a range +25200 +25800 2064 2061 0.0649
a range +25200 +25800 9001 9007 0.0
a range +25200 +25800 9002 2011 1102.886
a range +25200 +25800 9003 9012 0.0
a range +25200 +25800 9004 9010 0.0
a range +25200 +25800 9005 2012 1102.8159
a range +25200 +25800 9006 9009 0.0
a range +25200 +25800 9007 9001 0.0
a range +25200 +25800 9008 2051 1103.4137
a range +25200 +25800 9009 9006 0.0
a range +25200 +25800 9010 9004 0.0
a range +25200 +25800 9011 2020 1103.3763
a range +25200 +25800 9012 9003 0.0
a range +25800 +26400 2001 2047 0.0525
a range +25800 +26400 2002 2013 0.0434
a range +25800 +26400 2003 9008 1103.3907
a range +25800 +26400 2004 2014 0.0434
a range +25800 +26400 2005 2061 0.0535
a range +25800 +26400 2006 2041 0.0516
a range +25800 +26400 2007 2012 0.0316
a range +25800 +26400 2008 2039 0.05
a range +25800 +26400 2009 2035 0.0521
a range +25800 +26400 2010 2030 0.0483
a range +25800 +26400 2011 2036 0.0513
a range +25800 +26400 2012 2007 0.0316
a range +25800 +26400 2013 2002 0.0434
a range +25800 +26400 2014 2004 0.0434
a range +25800 +26400 2015 2031 0.0488
a range +25800 +26400 2016 2063 0.057
a range +25800 +26400 2017 2026 0.0221
a range +25800 +26400 2018 2037 0.0534
a range +25800 +26400 2019 2034 0.0283
a range +25800 +26400 2020 2028 0.0143
a range +25800 +26400 2021 2027 0.0445
a range +25800 +26400 2022 2029 0.036
a range +25800 +26400 2023 9002 1103.3806
a range +25800 +26400 2024 2025 0.016
a range +25800 +26400 2025 2024 0.016
a range +25800 +26400 2026 2017 0.0221
a range +25800 +26400 2027 2021 0.0445
a range +25800 +26400 2028 2020 0.0143
a range +25800 +26400 2029 2022 0.036
a range +25800 +26400 2030 2010 0.0483
a range +25800 +26400 2031 2015 0.0488
a range +25800 +26400 2032 2053 0.0578
a range +25800 +26400 2033 2052 0.0592
a range +25800 +26400 2034 2019 0.0283
a range +25800 +26400 2035 2009 0.0521
a range +25800 +26400 2036 2011 0.0513
a range +25800 +26400 2037 2018 0.0534
a range +25800 +26400 2038 2060 0.0609
a range +25800 +26400 2039 2008 0.05
a range +25800 +26400 2040 2059 0.0612
a range +25800 +26400 2041 2006 0.0516
a range +25800 +26400 2042 2062 0.0042
a range +25800 +26400 2043 2055 0.017
a range +25800 +26400 2044 2058 0.064
a range +25800 +26400 2045 2056 0.0348
a range +25800 +26400 2046 2054 0.0609
a range +25800 +26400 2047 2001 0.0525
a range +25800 +26400 2048 2050 0.0487
a range +25800 +26400 2049 9005 1103.3724
a range +25800 +26400 2050 2048 0.0487
a range +25800 +26400 2051 9011 1103.4137
a range +25800 +26400 2052 2033 0.0592
a range +25800 +26400 2053 2032 0.0578
a range +25800 +26400 2054 2046 0.0609
a range +25800 +26400 2055 2043 0.017
a range +25800 +26400 2056 2045 0.0348
a range +25800 +26400 2057 2064 0.0259
a range +25800 +26400 2058 2044 0.064
a range +25800 +26400 2059 2040 0.0612
a range +25800 +26400 2060 2038 0.0609
a range +25800 +26400 2061 2005 0.0535
a range +25800 +26400 2062 2042 0.0042
a range +25800 +26400 2063 2016 0.057
a range +25800 +26400 2064 2057 0.0259
a range +25800 +26400 9001 9010 0.0
a range +25800 +26400 9002 2023 1103.3806
a range +25800 +26400 9003 9006 0.0
a range +25800 +26400 9004 9007 0.0
a range +25800 +26400 9005 2049 1103.3724
a range +25800 +26400 9006 9003 0.0
a range +25800 +26400 9007 9004 0.0
a range +25800 +26400 9008 2003 1103.3907
a range +25800 +26400 9009 9012 0.0
a range +25800 +26400 9010 9001 0.0
a range +25800 +26400 9011 2051 1103.4137
a range +25800 +26400 9012 9009 0.0
a range +26400 +27000 2001 2049 0.0534
a range +26400 +27000 2002 2030 0.0463
a range +26400 +27000 2003 2024 0.0445
a range +26400 +27000 2004 2015 0.0427
a range +26400 +27000 2005 2012 0.0427
a range +26400 +27000 2006 2040 0.0493
a range +26400 +27000 2007 2035 0.0513
a range +26400 +27000 2008 2034 0.0513
a range +26400 +27000 2009 2023 0.0463
a range +26400 +27000 2010 9005 1103.0057
a range +26400 +27000 2011 2033 0.0505
a range +26400 +27000 2012 2005 0.0427
a range +26400 +27000 2013 2036 0.051
a range +26400 +27000 2014 2041 0.0531
a range +26400 +27000 2015 2004 0.0427
a range +26400 +27000 2016 2061 0.0574
a range +26400 +27000 2017 9008 1103.4109
a range +26400 +27000 2018 2026 0.0234
a range +26400 +27000 2019 2047 0.0544
a range +26400 +27000 2020 2027 0.0307
a range +26400 +27000 2021 2028 0.0333
a range +26400 +27000 2022 2044 0.0542
a range +26400 +27000 2023 2009 0.0463
a range +26400 +27000 2024 2003 0.0445
a range +26400 +27000 2025 2046 0.0239
a range +26400 +27000 2026 2018 0.0234
a range +26400 +27000 2027 2020 0.0307
a range +26400 +27000 2028 2021 0.0333
a range +26400 +27000 2029 2031 0.0405
a range +26400 +27000 2030 2002 0.0463
a range +26400 +27000 2031 2029 0.0405
a range +26400 +27000 2032 2058 0.0598
a range +26400 +27000 2033 2011 0.0505
a range +26400 +27000 2034 2008 0.0513
a range +26400 +27000 2035 2007 0.0513
a range +26400 +27000 2036 2013 0.051
a range +26400 +27000 2037 2056 0.0594
a range +26400 +27000 2038 2055 0.0525
a range +26400 +27000 2039 2060 0.0618
a range +26400 +27000 2040 2006 0.0493
a range +26400 +27000 2041 2014 0.0531
a range +26400 +27000 2042 2054 0.0054
a range +26400 +27000 2043 2059 0.0628
a range +26400 +27000 2044 2022 0.0542
a range +26400 +27000 2045 2053 0.0615
a range +26400 +27000 2046 2025 0.0239
a range +26400 +27000 2047 2019 0.0544
a range +26400 +27000 2048 2062 0.0642
a range +26400 +27000 2049 2001 0.0534
a range +26400 +27000 2050 2052 0.047
a range +26400 +27000 2051 2063 0.0645
a range +26400 +27000 2052 2050 0.047
a range +26400 +27000 2053 2045 0.0615
a range +26400 +27000 2054 2042 0.0054
a range +26400 +27000 2055 2038 0.0525
a range +26400 +27000 2056 2037 0.0594
a range +26400 +27000 2057 9011 1103.3919
a range +26400 +27000 2058 2032 0.0598
a range +26400 +27000 2059 2043 0.0628
a range +26400 +27000 2060 2039 0.0618
a range +26400 +27000 2061 2016 0.0574
a range +26400 +27000 2062 2048 0.0642
a range +26400 +27000 2063 2051 0.0645
a range +26400 +27000 2064 9002 1103.3832
a range +26400 +27000 9001 9004 0.0
a range +26400 +27000 9002 2064 1103.3832
a range +26400 +27000 9003 9009 0.0
a range +26400 +27000 9004 9001 0.0
a range +26400 +27000 9005 2010 1103.0057
a range +26400 +27000 9006 9012 0.0
a range +26400 +27000 9007 9010 0.0
a range +26400 +27000 9008 2017 1103.4109
a range +26400 +27000 9009 9003 0.0
a range +26400 +27000 9010 9007 0.0
a range +26400 +27000 9011 2057 1103.3919
a range +26400 +27000 9012 9006 0.0
a range +27000 +27600 2001 2050 0.0529
a range +27000 +27600 2002 2031 0.0474
a range +27000 +27600 2003 2029 0.0484
a range +27000 +27600 2004 2022 0.0448
a range +27000 +27600 2005 2033 0.0492
a range +27000 +27600 2006 2042 0.0522
a range +27000 +27600 2007 2028 0.0474
a range +27000 +27600 2008 2017 0.0453
a range +27000 +27600 2009 2037 0.0526
a range +27000 +27600 2010 2011 0.0193
a range +27000 +27600 2011 2010 0.0193
a range +27000 +27600 2012 2035 0.0504
a range +27000 +27600 2013 2019 0.0465
a range +27000 +27600 2014 2039 0.0511
a range +27000 +27600 2015 9005 1103.2915
a range +27000 +27600 2016 2059 0.0566
a range +27000 +27600 2017 2008 0.0453
a range +27000 +27600 2018 2048 0.0546
a range +27000 +27600 2019 2013 0.0465
a range +27000 +27600 2020 2026 0.045
a range +27000 +27600 2021 2025 0.0506
a range +27000 +27600 2022 2004 0.0448
a range +27000 +27600 2023 2034 0.0528
a range +27000 +27600 2024 2038 0.0286
a range +27000 +27600 2025 2021 0.0506
a range +27000 +27600 2026 2020 0.045
a range +27000 +27600 2027 2036 0.0537
a range +27000 +27600 2028 2007 0.0474
a range +27000 +27600 2029 2003 0.0484
a range +27000 +27600 2030 2054 0.058
a range +27000 +27600 2031 2002 0.0474
a range +27000 +27600 2032 2052 0.0575
a range +27000 +27600 2033 2005 0.0492
a range +27000 +27600 2034 2023 0.0528
a range +27000 +27600 2035 2012 0.0504
a range +27000 +27600 2036 2027 0.0537
a range +27000 +27600 2037 2009 0.0526
a range +27000 +27600 2038 2024 0.0286
a range +27000 +27600 2039 2014 0.0511
a range +27000 +27600 2040 2053 0.06
a range +27000 +27600 2041 2060 0.0457
a range +27000 +27600 2042 2006 0.0522
a range +27000 +27600 2043 2062 0.0248
a range +27000 +27600 2044 2056 0.025
a range +27000 +27600 2045 2058 0.0629
a range +27000 +27600 2046 2055 0.061
a range +27000 +27600 2047 9011 1103.3997
a range +27000 +27600 2048 2018 0.0546
a range +27000 +27600 2049 2064 0.0309
a range +27000 +27600 2050 2001 0.0529
a range +27000 +27600 2051 9002 1103.4137
a range +27000 +27600 2052 2032 0.0575
a range +27000 +27600 2053 2040 0.06
a range +27000 +27600 2054 2030 0.058
a range +27000 +27600 2055 2046 0.061
a range +27000 +27600 2056 2044 0.025
a range +27000 +27600 2057 9008 1103.3919
a range +27000 +27600 2058 2045 0.0629
a range +27000 +27600 2059 2016 0.0566
a range +27000 +27600 2060 2041 0.0457
a range +27000 +27600 2061 2063 0.0498
a range +27000 +27600 2062 2043 0.0248
a range +27000 +27600 2063 2061 0.0498
a range +27000 +27600 2064 2049 0.0309
a range +27000 +27600 9001 9007 0.0
a range +27000 +27600 9002 2051 1103.4137
a range +27000 +27600 9003 9012 0.0
a range +27000 +27600 9004 9010 0.0
a range +27000 +27600 9005 2015 1103.2915
a range +27000 +27600 9006 9009 0.0
a range +27000 +27600 9007 9001 0.0
a range +27000 +27600 9008 2057 1103.3919
a range +27000 +27600 9009 9006 0.0
a range +27000 +27600 9010 9004 0.0
a range +27000 +27600 9011 2047 1103.3997
a range +27000 +27600 9012 9003 0.0
a range +27600 +28200 2001 2051 0.053
a range +27600 +28200 2002 2048 0.0515
a range +27600 +28200 2003 2047 0.051
a range +27600 +28200 2004 2034 0.0491
a range +27600 +28200 2005 2041 0.0503
a range +27600 +28200 2006 2044 0.0509
a range +27600 +28200 2007 2021 0.0451
a range +27600 +28200 2008 2029 0.0475
a range +27600 +28200 2009 2040 0.0512
a range +27600 +28200 2010 2049 0.0552
a range +27600 +28200 2011 2039 0.0519
a range +27600 +28200 2012 2037 0.0501
a range +27600 +28200 2013 2033 0.0518
a range +27600 +28200 2014 2030 0.0494
a range +27600 +28200 2015 2036 0.0515
a range +27600 +28200 2016 2058 0.0555
a range +27600 +28200 2017 9005 1103.4109
a range +27600 +28200 2018 2032 0.0468
a range +27600 +28200 2019 2027 0.0151
a range +27600 +28200 2020 9008 1103.3763
a range +27600 +28200 2021 2007 0.0451
a range +27600 +28200 2022 2026 0.0505
a range +27600 +28200 2023 2025 0.0505
a range +27600 +28200 2024 2031 0.0297
a range +27600 +28200 2025 2023 0.0505
a range +27600 +28200 2026 2022 0.0505
a range +27600 +28200 2027 2019 0.0151
a range +27600 +28200 2028 9002 1103.3791
a range +27600 +28200 2029 2008 0.0475
a range +27600 +28200 2030 2014 0.0494
a range +27600 +28200 2031 2024 0.0297
a range +27600 +28200 2032 2018 0.0468
a range +27600 +28200 2033 2013 0.0518
a range +27600 +28200 2034 2004 0.0491
a range +27600 +28200 2035 2063 0.0624
a range +27600 +28200 2036 2015 0.0515
a range +27600 +28200 2037 2012 0.0501
a range +27600 +28200 2038 2054 0.0547
a range +27600 +28200 2039 2011 0.0519
a range +27600 +28200 2040 2009 0.0512
a range +27600 +28200 2041 2005 0.0503
a range +27600 +28200 2042 2060 0.0451
a range +27600 +28200 2043 2053 0.0441
a range +27600 +28200 2044 2006 0.0509
a range +27600 +28200 2045 2062 0.0613
a range +27600 +28200 2046 2056 0.0476
a range +27600 +28200 2047 2003 0.051
a range +27600 +28200 2048 2002 0.0515
a range +27600 +28200 2049 2010 0.0552
a range +27600 +28200 2050 9011 1103.3945
a range +27600 +28200 2051 2001 0.053
a range +27600 +28200 2052 2057 0.0564
a range +27600 +28200 2053 2043 0.0441
a range +27600 +28200 2054 2038 0.0547
a range +27600 +28200 2055 2061 0.0409
a range +27600 +28200 2056 2046 0.0476
a range +27600 +28200 2057 2052 0.0564
a range +27600 +28200 2058 2016 0.0555
a range +27600 +28200 2059 2064 0.0644
a range +27600 +28200 2060 2042 0.0451
a range +27600 +28200 2061 2055 0.0409
a range +27600 +28200 2062 2045 0.0613
a range +27600 +28200 2063 2035 0.0624
a range +27600 +28200 2064 2059 0.0644
a range +27600 +28200 9001 9010 0.0
a range +27600 +28200 9002 2028 1103.3791
a range +27600 +28200 9003 9006 0.0
a range +27600 +28200 9004 9007 0.0
a range +27600 +28200 9005 2017 1103.4109
a range +27600 +28200 9006 9003 0.0
a range +27600 +28200 9007 9004 0.0
a range +27600 +28200 9008 2020 1103.3763
a range +27600 +28200 9009 9012 0.0
a range +27600 +28200 9010 9001 0.0
a range +27600 +28200 9011 2050 1103.3945
a range +27600 +28200 9012 9009 0.0
a range +28200 +28800 2001 2052 0.0523
a range +28200 +28800 2002 2024 0.0462
a range +28200 +28800 2003 2034 0.0485
a range +28200 +28800 2004 2047 0.0504
a range +28200 +28800 2005 2042 0.0523
a range +28200 +28800 2006 2045 0.0514
a range +28200 +28800 2007 2029 0.0473
a range +28200 +28800 2008 2028 0.0469
a range +28200 +28800 2009 2041 0.0541
a range +28200 +28800 2010 2021 0.0367
a range +28200 +28800 2011 2035 0.0505
a range +28200 +28800 2012 2033 0.0523
a range +28200 +28800 2013 2039 0.0519
a range +28200 +28800 2014 2040 0.0519
a range +28200 +28800 2015 2030 0.0489
a range +28200 +28800 2016 2048 0.0544
a range +28200 +28800 2017 2036 0.0521
a range +28200 +28800 2018 2038 0.0526
a range +28200 +28800 2019 2020 0.0214
a range +28200 +28800 2020 2019 0.0214
a range +28200 +28800 2021 2010 0.0367
a range +28200 +28800 2022 2027 0.05
a range +28200 +28800 2023 2043 0.0543
a range +28200 +28800 2024 2002 0.0462
a range +28200 +28800 2025 2026 0.0212
a range +28200 +28800 2026 2025 0.0212
a range +28200 +28800 2027 2022 0.05
a range +28200 +28800 2028 2008 0.0469
a range +28200 +28800 2029 2007 0.0473
a range +28200 +28800 2030 2015 0.0489
a range +28200 +28800 2031 2059 0.0595
a range +28200 +28800 2032 2057 0.0596
a range +28200 +28800 2033 2012 0.0523
a range +28200 +28800 2034 2003 0.0485
a range +28200 +28800 2035 2011 0.0505
a range +28200 +28800 2036 2017 0.0521
a range +28200 +28800 2037 2061 0.0618
a range +28200 +28800 2038 2018 0.0526
a range +28200 +28800 2039 2013 0.0519
a range +28200 +28800 2040 2014 0.0519
a range +28200 +28800 2041 2009 0.0541
a range +28200 +28800 2042 2005 0.0523
a range +28200 +28800 2043 2023 0.0543
a range +28200 +28800 2044 2062 0.0464
a range +28200 +28800 2045 2006 0.0514
a range +28200 +28800 2046 2058 0.005
a range +28200 +28800 2047 2004 0.0504
a range +28200 +28800 2048 2016 0.0544
a range +28200 +28800 2049 9008 1103.3724
a range +28200 +28800 2050 9002 1103.3945
a range +28200 +28800 2051 2056 0.0614
a range +28200 +28800 2052 2001 0.0523
a range +28200 +28800 2053 2055 0.0466
a range +28200 +28800 2054 9011 1103.3817
a range +28200 +28800 2055 2053 0.0466
a range +28200 +28800 2056 2051 0.0614
a range +28200 +28800 2057 2032 0.0596
a range +28200 +28800 2058 2046 0.005
a range +28200 +28800 2059 2031 0.0595
a range +28200 +28800 2060 2063 0.0643
a range +28200 +28800 2061 2037 0.0618
a range +28200 +28800 2062 2044 0.0464
a range +28200 +28800 2063 2060 0.0643
a range +28200 +28800 2064 9005 1103.3832
a range +28200 +28800 9001 9004 0.0
a range +28200 +28800 9002 2050 1103.3945
a range +28200 +28800 9003 9009 0.0
a range +28200 +28800 9004 9001 0.0
a range +28200 +28800 9005 2064 1103.3832
a range +28200 +28800 9006 9012 0.0
a range +28200 +28800 9007 9010 0.0
a range +28200 +28800 9008 2049 1103.3724
a range +28200 +28800 9009 9003 0.0
a range +28200 +28800 9010 9007 0.0
a range +28200 +28800 9011 2054 1103.3817
a range +28200 +28800 9012 9006 0.0
a range +28800 +29400 2001 9011 1103.3976
a range +28800 +29400 2002 2037 0.0503
a range +28800 +29400 2003 2027 0.0475
a range +28800 +29400 2004 2045 0.0507
a range +28800 +29400 2005 2044 0.0502
a range +28800 +29400 2006 2047 0.0509
a range +28800 +29400 2007 2046 0.0521
a range +28800 +29400 2008 2021 0.0445
a range +28800 +29400 2009 2034 0.0511
a range +28800 +29400 2010 2028 0.0496
a range +28800 +29400 2011 2031 0.0218
a range +28800 +29400 2012 2040 0.0506
a range +28800 +29400 2013 2025 0.0433
a range +28800 +29400 2014 2035 0.0525
a range +28800 +29400 2015 2039 0.0504
a range +28800 +29400 2016 2057 0.0557
a range +28800 +29400 2017 2030 0.0505
a range +28800 +29400 2018 2036 0.0529
a range +28800 +29400 2019 2029 0.0502
a range +28800 +29400 2020 2032 0.0505
a range +28800 +29400 2021 2008 0.0445
a range +28800 +29400 2022 2033 0.0534
a range +28800 +29400 2023 2041 0.0537
a range +28800 +29400 2024 9002 1103.3992
a range +28800 +29400 2025 2013 0.0433
a range +28800 +29400 2026 2048 0.0558
a range +28800 +29400 2027 2003 0.0475
a range +28800 +29400 2028 2010 0.0496
a range +28800 +29400 2029 2019 0.0502
a range +28800 +29400 2030 2017 0.0505
a range +28800 +29400 2031 2011 0.0218
a range +28800 +29400 2032 2020 0.0505
a range +28800 +29400 2033 2022 0.0534
a range +28800 +29400 2034 2009 0.0511
a range +28800 +29400 2035 2014 0.0525
a range +28800 +29400 2036 2018 0.0529
a range +28800 +29400 2037 2002 0.0503
a range +28800 +29400 2038 2061 0.0618
a range +28800 +29400 2039 2015 0.0504
a range +28800 +29400 2040 2012 0.0506
a range +28800 +29400 2041 2023 0.0537
a range +28800 +29400 2042 2056 0.0433
a range +28800 +29400 2043 2060 0.0457
a range +28800 +29400 2044 2005 0.0502
a range +28800 +29400 2045 2004 0.0507
a range +28800 +29400 2046 2007 0.0521
a range +28800 +29400 2047 2006 0.0509
a range +28800 +29400 2048 2026 0.0558
a range +28800 +29400 2049 2063 0.0482
a range +28800 +29400 2050 9008 1103.3945
a range +28800 +29400 2051 9005 1103.4137
a range +28800 +29400 2052 2055 0.0618
a range +28800 +29400 2053 2054 0.0239
a range +28800 +29400 2054 2053 0.0239
a range +28800 +29400 2055 2052 0.0618
a range +28800 +29400 2056 2042 0.0433
a range +28800 +29400 2057 2016 0.0557
a range +28800 +29400 2058 2064 0.0501
a range +28800 +29400 2059 2062 0.0649
a range +28800 +29400 2060 2043 0.0457
a range +28800 +29400 2061 2038 0.0618
a range +28800 +29400 2062 2059 0.0649
a range +28800 +29400 2063 2049 0.0482
a range +28800 +29400 2064 2058 0.0501
a range +28800 +29400 9001 9007 0.0
a range +28800 +29400 9002 2024 1103.3992
a range +28800 +29400 9003 9012 0.0
a range +28800 +29400 9004 9010 0.0
a range +28800 +29400 9005 2051 1103.4137
a range +28800 +29400 9006 9009 0.0
a range +28800 +29400 9007 9001 0.0
a range +28800 +29400 9008 2050 1103.3945
a range +28800 +29400 9009 9006 0.0
a range +28800 +29400 9010 9004 0.0
a range +28800 +29400 9011 2001 1103.3976
a range +28800 +29400 9012 9003 0.0
a range +29400 +30000 2001 2048 0.0509
a range +29400 +30000 2002 2022 0.0446
a range +29400 +30000 2003 2021 0.0456
a range +29400 +30000 2004 2057 0.0548
a range +29400 +30000 2005 2047 0.0503
a range +29400 +30000 2006 2043 0.0515
a range +29400 +30000 2007 2038 0.0488
a range +29400 +30000 2008 2040 0.0508
a range +29400 +30000 2009 2045 0.0521
a range +29400 +30000 2010 2027 0.0482
a range +29400 +30000 2011 2032 0.0491
a range +29400 +30000 2012 2017 0.0195
a range +29400 +30000 2013 2037 0.0507
a range +29400 +30000 2014 2031 0.0482
a range +29400 +30000 2015 2046 0.0533
a range +29400 +30000 2016 2052 0.0539
a range +29400 +30000 2017 2012 0.0195
a range +29400 +30000 2018 2030 0.0502
a range +29400 +30000 2019 2049 0.0557
a range +29400 +30000 2020 2034 0.0303
a range +29400 +30000 2021 2003 0.0456
a range +29400 +30000 2022 2002 0.0446
a range +29400 +30000 2023 2029 0.0476
a range +29400 +30000 2024 2028 0.0503
a range +29400 +30000 2025 9005 1103.3967
a range +29400 +30000 2026 9002 1103.3918
a range +29400 +30000 2027 2010 0.0482
a range +29400 +30000 2028 2024 0.0503
a range +29400 +30000 2029 2023 0.0476
a range +29400 +30000 2030 2018 0.0502
a range +29400 +30000 2031 2014 0.0482
a range +29400 +30000 2032 2011 0.0491
a range +29400 +30000 2033 9011 1103.3878
a range +29400 +30000 2034 2020 0.0303
a range +29400 +30000 2035 2062 0.0611
a range +29400 +30000 2036 2063 0.0613
a range +29400 +30000 2037 2013 0.0507
a range +29400 +30000 2038 2007 0.0488
a range +29400 +30000 2039 2061 0.0614
a range +29400 +30000 2040 2008 0.0508
a range +29400 +30000 2041 2058 0.0614
a range +29400 +30000 2042 2055 0.0211
a range +29400 +30000 2043 2006 0.0515
a range +29400 +30000 2044 2060 0.0633
a range +29400 +30000 2045 2009 0.0521
a range +29400 +30000 2046 2015 0.0533
a range +29400 +30000 2047 2005 0.0503
a range +29400 +30000 2048 2001 0.0509
a range +29400 +30000 2049 2019 0.0557
a range +29400 +30000 2050 2064 0.0443
a range +29400 +30000 2051 2059 0.0182
a range +29400 +30000 2052 2016 0.0539
a range +29400 +30000 2053 9008 1103.403
a range +29400 +30000 2054 2056 0.0482
a range +29400 +30000 2055 2042 0.0211
a range +29400 +30000 2056 2054 0.0482
a range +29400 +30000 2057 2004 0.0548
a range +29400 +30000 2058 2041 0.0614
a range +29400 +30000 2059 2051 0.0182
a range +29400 +30000 2060 2044 0.0633
a range +29400 +30000 2061 2039 0.0614
a range +29400 +30000 2062 2035 0.0611
a range +29400 +30000 2063 2036 0.0613
a range +29400 +30000 2064 2050 0.0443
a range +29400 +30000 9001 9010 0.0
a range +29400 +30000 9002 2026 1103.3918
a range +29400 +30000 9003 9006 0.0
a range +29400 +30000 9004 9007 0.0
a range +29400 +30000 9005 2025 1103.3967
a range +29400 +30000 9006 9003 0.0
a range +29400 +30000 9007 9004 0.0
a range +29400 +30000 9008 2053 1103.403
a range +29400 +30000 9009 9012 0.0
a range +29400 +30000 9010 9001 0.0
a range +29400 +30000 9011 2033 1103.3878
a range +29400 +30000 9012 9009 0.0
a range +30000 +30600 2001 2053 0.0518
a range +30000 +30600 2002 2050 0.0535
a range +30000 +30600 2003 2010 0.0067
a range +30000 +30600 2004 2049 0.0518
a range +30000 +30600 2005 2034 0.0496
a range +30000 +30600 2006 9003 1104.7669
a range +30000 +30600 2007 2037 0.0513
a range +30000 +30600 2008 2032 0.0485
a range +30000 +30600 2009 2038 0.0519
a range +30000 +30600 2010 2003 0.0067
a range +30000 +30600 2011 2042 0.054
a range +30000 +30600 2012 2039 0.0523
a range +30000 +30600 2013 2035 0.0502
a range +30000 +30600 2014 9006 1103.3721
a range +30000 +30600 2015 2047 0.0546
a range +30000 +30600 2016 2022 0.0467
a range +30000 +30600 2017 2031 0.0438
a range +30000 +30600 2018 2019 0.0206
a range +30000 +30600 2019 2018 0.0206
a range +30000 +30600 2020 2033 0.0531
a range +30000 +30600 2021 2030 0.0223
a range +30000 +30600 2022 2016 0.0467
a range +30000 +30600 2023 2028 0.0501
a range +30000 +30600 2024 2029 0.0506
a range +30000 +30600 2025 9012 1104.7664
a range +30000 +30600 2026 9009 1104.7719
a range +30000 +30600 2027 9011 1103.3844
a range +30000 +30600 2028 2023 0.0501
a range +30000 +30600 2029 2024 0.0506
a range +30000 +30600 2030 2021 0.0223
a range +30000 +30600 2031 2017 0.0438
a range +30000 +30600 2032 2008 0.0485
a range +30000 +30600 2033 2020 0.0531
a range +30000 +30600 2034 2005 0.0496
a range +30000 +30600 2035 2013 0.0502
a range +30000 +30600 2036 2061 0.0618
a range +30000 +30600 2037 2007 0.0513
a range +30000 +30600 2038 2009 0.0519
a range +30000 +30600 2039 2012 0.0523
a range +30000 +30600 2040 2064 0.0608
a range +30000 +30600 2041 2063 0.0643
a range +30000 +30600 2042 2011 0.054
a range +30000 +30600 2043 2054 0.0278
a range +30000 +30600 2044 2059 0.0628
a range +30000 +30600 2045 9002 1103.3606
a range +30000 +30600 2046 9008 1103.3762
a range +30000 +30600 2047 2015 0.0546
a range +30000 +30600 2048 2060 0.0471
a range +30000 +30600 2049 2004 0.0518
a range +30000 +30600 2050 2002 0.0535
a range +30000 +30600 2051 2062 0.0647
a range +30000 +30600 2052 2058 0.0428
a range +30000 +30600 2053 2001 0.0518
a range +30000 +30600 2054 2043 0.0278
a range +30000 +30600 2055 2056 0.0259
a range +30000 +30600 2056 2055 0.0259
a range +30000 +30600 2057 9005 1103.3919
a range +30000 +30600 2058 2052 0.0428
a range +30000 +30600 2059 2044 0.0628
a range +30000 +30600 2060 2048 0.0471
a range +30000 +30600 2061 2036 0.0618
a range +30000 +30600 2062 2051 0.0647
a range +30000 +30600 2063 2041 0.0643
a range +30000 +30600 2064 2040 0.0608
a range +30000 +30600 9001 9004 0.0
a range +30000 +30600 9002 2045 1103.3606
a range +30000 +30600 9003 2006 1104.7669
a range +30000 +30600 9004 9001 0.0
a range +30000 +30600 9005 2057 1103.3919
a range +30000 +30600 9006 2014 1103.3721
a range +30000 +30600 9007 9010 0.0
a range +30000 +30600 9008 2046 1103.3762
a range +30000 +30600 9009 2026 1104.7719
a range +30000 +30600 9010 9007 0.0
a range +30000 +30600 9011 2027 1103.3844
a range +30000 +30600 9012 2025 1104.7664
a range +30600 +31200 2001 2054 0.0527
a range +30600 +31200 2002 2049 0.0521
a range +30600 +31200 2003 2033 0.0482
a range +30600 +31200 2004 2064 0.0538
a range +30600 +31200 2005 2048 0.0502
a range +30600 +31200 2006 9006 1104.7669
a range +30600 +31200 2007 2031 0.0476
a range +30600 +31200 2008 2037 0.0491
a range +30600 +31200 2009 2046 0.0531
a range +30600 +31200 2010 2023 0.0035
a range +30600 +31200 2011 2038 0.0509
a range +30600 +31200 2012 2032 0.0336
a range +30600 +31200 2013 2034 0.0508
a range +30600 +31200 2014 2043 0.0523
a range +30600 +31200 2015 2042 0.0526
a range +30600 +31200 2016 2029 0.0487
a range +30600 +31200 2017 2039 0.0357
a range +30600 +31200 2018 2040 0.0477
a range +30600 +31200 2019 9008 1103.3955
a range +30600 +31200 2020 2035 0.0175
a range +30600 +31200 2021 2026 0.0501
a range +30600 +31200 2022 2030 0.0227
a range +30600 +31200 2023 2010 0.0035
a range +30600 +31200 2024 9012 1104.7508
a range +30600 +31200 2025 9009 1104.7664
a range +30600 +31200 2026 2021 0.0501
a range +30600 +31200 2027 2028 0.0227
a range +30600 +31200 2028 2027 0.0227
a range +30600 +31200 2029 2016 0.0487
a range +30600 +31200 2030 2022 0.0227
a range +30600 +31200 2031 2007 0.0476
a range +30600 +31200 2032 2012 0.0336
a range +30600 +31200 2033 2003 0.0482
a range +30600 +31200 2034 2013 0.0508
a range +30600 +31200 2035 2020 0.0175
a range +30600 +31200 2036 2059 0.0612
a range +30600 +31200 2037 2008 0.0491
a range +30600 +31200 2038 2011 0.0509
a range +30600 +31200 2039 2017 0.0357
a range +30600 +31200 2040 2018 0.0477
a range +30600 +31200 2041 2061 0.0326
a range +30600 +31200 2042 2015 0.0526
a range +30600 +31200 2043 2014 0.0523
a range +30600 +31200 2044 2063 0.0466
a range +30600 +31200 2045 9003 1103.8585
a range +30600 +31200 2046 2009 0.0531
a range +30600 +31200 2047 2056 0.0608
a range +30600 +31200 2048 2005 0.0502
a range +30600 +31200 2049 2002 0.0521
a range +30600 +31200 2050 9005 1103.3945
a range +30600 +31200 2051 2060 0.0379
a range +30600 +31200 2052 2062 0.0645
a range +30600 +31200 2053 2058 0.0605
a range +30600 +31200 2054 2001 0.0527
a range +30600 +31200 2055 9011 1103.3622
a range +30600 +31200 2056 2047 0.0608
a range +30600 +31200 2057 9002 1103.3919
a range +30600 +31200 2058 2053 0.0605
a range +30600 +31200 2059 2036 0.0612
a range +30600 +31200 2060 2051 0.0379
a range +30600 +31200 2061 2041 0.0326
a range +30600 +31200 2062 2052 0.0645
a range +30600 +31200 2063 2044 0.0466
a range +30600 +31200 2064 2004 0.0538
a range +30600 +31200 9001 9007 0.0
a range +30600 +31200 9002 2057 1103.3919
a range +30600 +31200 9003 2045 1103.8585
a range +30600 +31200 9004 9010 0.0
a range +30600 +31200 9005 2050 1103.3945
a range +30600 +31200 9006 2006 1104.7669
a range +30600 +31200 9007 9001 0.0
a range +30600 +31200 9008 2019 1103.3955
a range +30600 +31200 9009 2025 1104.7664
a range +30600 +31200 9010 9004 0.0
a range +30600 +31200 9011 2055 1103.3622
a range +30600 +31200 9012 2024 1104.7508
a range +31200 +31800 2001 2055 0.0523
a range +31200 +31800 2002 2020 0.0447
a range +31200 +31800 2003 2030 0.0482
a range +31200 +31800 2004 2027 0.0467
a range +31200 +31800 2005 2050 0.0526
a range +31200 +31800 2006 9009 1104.7669
a range +31200 +31800 2007 2041 0.0507
a range +31200 +31800 2008 2036 0.0483
a range +31200 +31800 2009 2061 0.057
a range +31200 +31800 2010 9011 1103.0057
a range +31200 +31800 2011 2029 0.0493
a range +31200 +31800 2012 2018 0.0468
a range +31200 +31800 2013 2038 0.0514
a range +31200 +31800 2014 2033 0.0509
a range +31200 +31800 2015 2040 0.0503
a range +31200 +31800 2016 2045 0.0537
a range +31200 +31800 2017 2043 0.0536
a range +31200 +31800 2018 2012 0.0468
a range +31200 +31800 2019 2031 0.05
a range +31200 +31800 2020 2002 0.0447
a range +31200 +31800 2021 2037 0.053
a range +31200 +31800 2022 2035 0.0489
a range +31200 +31800 2023 9012 1104.759
a range +31200 +31800 2024 2034 0.052
a range +31200 +31800 2025 9006 1104.7664
a range +31200 +31800 2026 2028 0.0412
a range +31200 +31800 2027 2004 0.0467
a range +31200 +31800 2028 2026 0.0412
a range +31200 +31800 2029 2011 0.0493
a range +31200 +31800 2030 2003 0.0482
a range +31200 +31800 2031 2019 0.05
a range +31200 +31800 2032 2051 0.0574
a range +31200 +31800 2033 2014 0.0509
a range +31200 +31800 2034 2024 0.052
a range +31200 +31800 2035 2022 0.0489
a range +31200 +31800 2036 2008 0.0483
a range +31200 +31800 2037 2021 0.053
a range +31200 +31800 2038 2013 0.0514
a range +31200 +31800 2039 2064 0.0614
a range +31200 +31800 2040 2015 0.0503
a range +31200 +31800 2041 2007 0.0507
a range +31200 +31800 2042 2044 0.044
a range +31200 +31800 2043 2017 0.0536
a range +31200 +31800 2044 2042 0.044
a range +31200 +31800 2045 2016 0.0537
a range +31200 +31800 2046 9005 1103.3762
a range +31200 +31800 2047 2063 0.0629
a range +31200 +31800 2048 2056 0.0611
a range +31200 +31800 2049 9002 1103.3724
a range +31200 +31800 2050 2005 0.0526
a range +31200 +31800 2051 2032 0.0574
a range +31200 +31800 2052 9008 1103.4172
a range +31200 +31800 2053 2062 0.0311
a range +31200 +31800 2054 2060 0.0438
a range +31200 +31800 2055 2001 0.0523
a range +31200 +31800 2056 2048 0.0611
a range +31200 +31800 2057 9003 1104.785
a range +31200 +31800 2058 2059 0.0253
a range +31200 +31800 2059 2058 0.0253
a range +31200 +31800 2060 2054 0.0438
a range +31200 +31800 2061 2009 0.057
a range +31200 +31800 2062 2053 0.0311
a range +31200 +31800 2063 2047 0.0629
a range +31200 +31800 2064 2039 0.0614
a range +31200 +31800 9001 9010 0.0
a range +31200 +31800 9002 2049 1103.3724
a range +31200 +31800 9003 2057 1104.785
a range +31200 +31800 9004 9007 0.0
a range +31200 +31800 9005 2046 1103.3762
a range +31200 +31800 9006 2025 1104.7664
a range +31200 +31800 9007 9004 0.0
a range +31200 +31800 9008 2052 1103.4172
a range +31200 +31800 9009 2006 1104.7669
a range +31200 +31800 9010 9001 0.0
a range +31200 +31800 9011 2010 1103.0057
a range +31200 +31800 9012 2023 1104.759
a range +31800 +32400 2001 2056 0.0525
a range +31800 +32400 2002 9008 1103.3969
a range +31800 +32400 2003 2049 0.0528
a range +31800 +32400 2004 2011 0.0426
a range +31800 +32400 2005 2046 0.0508
a range +31800 +32400 2006 2063 0.0539
a range +31800 +32400 2007 2030 0.0475
a range +31800 +32400 2008 2014 0.0126
a range +31800 +32400 2009 2050 0.0538
a range +31800 +32400 2010 2022 0.0215
a range +31800 +32400 2011 2004 0.0426
a range +31800 +32400 2012 2041 0.0537
a range +31800 +32400 2013 2018 0.0164
a range +31800 +32400 2014 2008 0.0126
a range +31800 +32400 2015 2029 0.0494
a range +31800 +32400 2016 2040 0.0502
a range +31800 +32400 2017 2037 0.0527
a range +31800 +32400 2018 2013 0.0164
a range +31800 +32400 2019 2032 0.0501
a range +31800 +32400 2020 9005 1103.3763
a range +31800 +32400 2021 2038 0.0531
a range +31800 +32400 2022 2010 0.0215
a range +31800 +32400 2023 2031 0.0143
a range +31800 +32400 2024 9009 1104.7508
a range +31800 +32400 2025 9003 1104.7664
a range +31800 +32400 2026 2027 0.0221
a range +31800 +32400 2027 2026 0.0221
a range +31800 +32400 2028 2033 0.047
a range +31800 +32400 2029 2015 0.0494
a range +31800 +32400 2030 2007 0.0475
a range +31800 +32400 2031 2023 0.0143
a range +31800 +32400 2032 2019 0.0501
a range +31800 +32400 2033 2028 0.047
a range +31800 +32400 2034 2043 0.0576
a range +31800 +32400 2035 2055 0.06
a range +31800 +32400 2036 2051 0.0601
a range +31800 +32400 2037 2017 0.0527
a range +31800 +32400 2038 2021 0.0531
a range +31800 +32400 2039 9012 1104.7849
a range +31800 +32400 2040 2016 0.0502
a range +31800 +32400 2041 2012 0.0537
a range +31800 +32400 2042 2061 0.0242
a range +31800 +32400 2043 2034 0.0576
a range +31800 +32400 2044 9011 1103.3603
a range +31800 +32400 2045 2064 0.0459
a range +31800 +32400 2046 2005 0.0508
a range +31800 +32400 2047 2062 0.0634
a range +31800 +32400 2048 2058 0.0473
a range +31800 +32400 2049 2003 0.0528
a range +31800 +32400 2050 2009 0.0538
a range +31800 +32400 2051 2036 0.0601
a range +31800 +32400 2052 2060 0.027
a range +31800 +32400 2053 9002 1103.403
a range +31800 +32400 2054 2059 0.0608
a range +31800 +32400 2055 2035 0.06
a range +31800 +32400 2056 2001 0.0525
a range +31800 +32400 2057 9006 1104.785
a range +31800 +32400 2058 2048 0.0473
a range +31800 +32400 2059 2054 0.0608
a range +31800 +32400 2060 2052 0.027
a range +31800 +32400 2061 2042 0.0242
a range +31800 +32400 2062 2047 0.0634
a range +31800 +32400 2063 2006 0.0539
a range +31800 +32400 2064 2045 0.0459
a range +31800 +32400 9001 9004 0.0
a range +31800 +32400 9002 2053 1103.403
a range +31800 +32400 9003 2025 1104.7664
a range +31800 +32400 9004 9001 0.0
a range +31800 +32400 9005 2020 1103.3763
a range +31800 +32400 9006 2057 1104.785
a range +31800 +32400 9007 9010 0.0
a range +31800 +32400 9008 2002 1103.3969
a range +31800 +32400 9009 2024 1104.7508
a range +31800 +32400 9010 9007 0.0
a range +31800 +32400 9011 2044 1103.3603
a range +31800 +32400 9012 2039 1104.7849
a range +32400 +33000 2001 2058 0.0545
a range +32400 +33000 2002 9002 1103.3969
a range +32400 +33000 2003 2013 0.0429
a range +32400 +33000 2004 2028 0.0464
a range +32400 +33000 2005 9009 1104.7649
a range +32400 +33000 2006 2062 0.0542
a range +32400 +33000 2007 9008 1103.3845
a range +32400 +33000 2008 2012 0.0405
a range +32400 +33000 2009 2049 0.0545
a range +32400 +33000 2010 2024 0.0465
a range +32400 +33000 2011 2030 0.0353
a range +32400 +33000 2012 2008 0.0405
a range +32400 +33000 2013 2003 0.0429
a range +32400 +33000 2014 2042 0.0543
a range +32400 +33000 2015 2041 0.0542
a range +32400 +33000 2016 2054 0.0543
a range +32400 +33000 2017 2040 0.0364
a range +32400 +33000 2018 2045 0.0539
a range +32400 +33000 2019 9005 1103.3955
a range +32400 +33000 2020 2043 0.0555
a range +32400 +33000 2021 2035 0.036
a range +32400 +33000 2022 2034 0.0528
a range +32400 +33000 2023 2037 0.0432
a range +32400 +33000 2024 2010 0.0465
a range +32400 +33000 2025 2032 0.0208
a range +32400 +33000 2026 2031 0.0516
a range +32400 +33000 2027 2033 0.0349
a range +32400 +33000 2028 2004 0.0464
a range +32400 +33000 2029 9012 1104.7832
a range +32400 +33000 2030 2011 0.0353
a range +32400 +33000 2031 2026 0.0516
a range +32400 +33000 2032 2025 0.0208
a range +32400 +33000 2033 2027 0.0349
a range +32400 +33000 2034 2022 0.0528
a range +32400 +33000 2035 2021 0.036
a range +32400 +33000 2036 2055 0.0262
a range +32400 +33000 2037 2023 0.0432
a range +32400 +33000 2038 9006 1104.7768
a range +32400 +33000 2039 9003 1104.7849
a range +32400 +33000 2040 2017 0.0364
a range +32400 +33000 2041 2015 0.0542
a range +32400 +33000 2042 2014 0.0543
a range +32400 +33000 2043 2020 0.0555
a range +32400 +33000 2044 2057 0.0626
a range +32400 +33000 2045 2018 0.0539
a range +32400 +33000 2046 2063 0.0627
a range +32400 +33000 2047 2060 0.0629
a range +32400 +33000 2048 2061 0.0634
a range +32400 +33000 2049 2009 0.0545
a range +32400 +33000 2050 2059 0.0307
a range +32400 +33000 2051 2064 0.057
a range +32400 +33000 2052 9011 1103.4172
a range +32400 +33000 2053 2056 0.0614
a range +32400 +33000 2054 2016 0.0543
a range +32400 +33000 2055 2036 0.0262
a range +32400 +33000 2056 2053 0.0614
a range +32400 +33000 2057 2044 0.0626
a range +32400 +33000 2058 2001 0.0545
a range +32400 +33000 2059 2050 0.0307
a range +32400 +33000 2060 2047 0.0629
a range +32400 +33000 2061 2048 0.0634
a range +32400 +33000 2062 2006 0.0542
a range +32400 +33000 2063 2046 0.0627
a range +32400 +33000 2064 2051 0.057
a range +32400 +33000 9001 9007 0.0
a range +32400 +33000 9002 2002 1103.3969
a range +32400 +33000 9003 2039 1104.7849
a range +32400 +33000 9004 9010 0.0
a range +32400 +33000 9005 2019 1103.3955
a range +32400 +33000 9006 2038 1104.7768
a range +32400 +33000 9007 9001 0.0
a range +32400 +33000 9008 2007 1103.3845
a range +32400 +33000 9009 2005 1104.7649
a range +32400 +33000 9010 9004 0.0
a range +32400 +33000 9011 2052 1103.4172
a range +32400 +33000 9012 2029 1104.7832
a range +33000 +33600 2001 2059 0.0538
a range +33000 +33600 2002 2021 0.0454
a range +33000 +33600 2003 9002 1103.3907
a range +33000 +33600 2004 2031 0.0467
a range +33000 +33600 2005 9012 1104.7649
a range +33000 +33600 2006 2050 0.0525
a range +33000 +33600 2007 9011 1103.3845
a range +33000 +33600 2008 2033 0.0495
a range +33000 +33600 2009 2060 0.0572
a range +33000 +33600 2010 2025 0.049
a range +33000 +33600 2011 9003 1103.6443
a range +33000 +33600 2012 2036 0.0502
a range +33000 +33600 2013 9006 1103.4622
a range +33000 +33600 2014 9005 1103.3868
a range +33000 +33600 2015 2034 0.0525
a range +33000 +33600 2016 2044 0.0522
a range +33000 +33600 2017 2041 0.055
a range +33000 +33600 2018 2039 0.049
a range +33000 +33600 2019 2040 0.0523
a range +33000 +33600 2020 2042 0.0543
a range +33000 +33600 2021 2002 0.0454
a range +33000 +33600 2022 2032 0.05
a range +33000 +33600 2023 2030 0.0335
a range +33000 +33600 2024 2037 0.0528
a range +33000 +33600 2025 2010 0.049
a range +33000 +33600 2026 2038 0.0541
a range +33000 +33600 2027 2029 0.0403
a range +33000 +33600 2028 9009 1104.7841
a range +33000 +33600 2029 2027 0.0403
a range +33000 +33600 2030 2023 0.0335
a range +33000 +33600 2031 2004 0.0467
a range +33000 +33600 2032 2022 0.05
a range +33000 +33600 2033 2008 0.0495
a range +33000 +33600 2034 2015 0.0525
a range +33000 +33600 2035 2053 0.0271
a range +33000 +33600 2036 2012 0.0502
a range +33000 +33600 2037 2024 0.0528
a range +33000 +33600 2038 2026 0.0541
a range +33000 +33600 2039 2018 0.049
a range +33000 +33600 2040 2019 0.0523
a range +33000 +33600 2041 2017 0.055
a range +33000 +33600 2042 2020 0.0543
a range +33000 +33600 2043 2061 0.0321
a range +33000 +33600 2044 2016 0.0522
a range +33000 +33600 2045 2063 0.0569
a range +33000 +33600 2046 2062 0.0628
a range +33000 +33600 2047 2058 0.0252
a range +33000 +33600 2048 9008 1103.4159
a range +33000 +33600 2049 2056 0.025
a range +33000 +33600 2050 2006 0.0525
a range +33000 +33600 2051 2057 0.0411
a range +33000 +33600 2052 2064 0.0645
a range +33000 +33600 2053 2035 0.0271
a range +33000 +33600 2054 2055 0.0265
a range +33000 +33600 2055 2054 0.0265
a range +33000 +33600 2056 2049 0.025
a range +33000 +33600 2057 2051 0.0411
a range +33000 +33600 2058 2047 0.0252
a range +33000 +33600 2059 2001 0.0538
a range +33000 +33600 2060 2009 0.0572
a range +33000 +33600 2061 2043 0.0321
a range +33000 +33600 2062 2046 0.0628
a range +33000 +33600 2063 2045 0.0569
a range +33000 +33600 2064 2052 0.0645
a range +33000 +33600 9001 9010 0.0
a range +33000 +33600 9002 2003 1103.3907
a range +33000 +33600 9003 2011 1103.6443
a range +33000 +33600 9004 9007 0.0
a range +33000 +33600 9005 2014 1103.3868
a range +33000 +33600 9006 2013 1103.4622
a range +33000 +33600 9007 9004 0.0
a range +33000 +33600 9008 2048 1103.4159
a range +33000 +33600 9009 2028 1104.7841
a range +33000 +33600 9010 9001 0.0
a range +33000 +33600 9011 2007 1103.3845
a range +33000 +33600 9012 2005 1104.7649
a range +33600 +34200 2001 2060 0.0541
a range +33600 +34200 2002 9005 1103.3969
a range +33600 +34200 2003 2014 0.0428
a range +33600 +34200 2004 2032 0.0489
a range +33600 +34200 2005 9006 1104.7649
a range +33600 +34200 2006 2052 0.0517
a range +33600 +34200 2007 2034 0.0489
a range +33600 +34200 2008 9008 1103.3926
a range +33600 +34200 2009 2057 0.0569
a range +33600 +34200 2010 2029 0.0483
a range +33600 +34200 2011 2013 0.0344
a range +33600 +34200 2012 9002 1103.3864
a range +33600 +34200 2013 2011 0.0344
a range +33600 +34200 2014 2003 0.0428
a range +33600 +34200 2015 2028 0.0493
a range +33600 +34200 2016 2053 0.0555
a range +33600 +34200 2017 2044 0.0537
a range +33600 +34200 2018 9011 1103.4095
a range +33600 +34200 2019 2033 0.0439
a range +33600 +34200 2020 2041 0.0539
a range +33600 +34200 2021 2039 0.0531
a range +33600 +34200 2022 2036 0.0476
a range +33600 +34200 2023 2035 0.052
a range +33600 +34200 2024 2040 0.0521
a range +33600 +34200 2025 2048 0.0559
a range +33600 +34200 2026 9012 1104.7719
a range +33600 +34200 2027 9009 1104.7794
a range +33600 +34200 2028 2015 0.0493
a range +33600 +34200 2029 2010 0.0483
a range +33600 +34200 2030 2031 0.022
a range +33600 +34200 2031 2030 0.022
a range +33600 +34200 2032 2004 0.0489
a range +33600 +34200 2033 2019 0.0439
a range +33600 +34200 2034 2007 0.0489
a range +33600 +34200 2035 2023 0.052
a range +33600 +34200 2036 2022 0.0476
a range +33600 +34200 2037 9003 1104.7672
a range +33600 +34200 2038 2050 0.06
a range +33600 +34200 2039 2021 0.0531
a range +33600 +34200 2040 2024 0.0521
a range +33600 +34200 2041 2020 0.0539
a range +33600 +34200 2042 2043 0.0232
a range +33600 +34200 2043 2042 0.0232
a range +33600 +34200 2044 2017 0.0537
a range +33600 +34200 2045 2046 0.0232
a range +33600 +34200 2046 2045 0.0232
a range +33600 +34200 2047 2064 0.0459
a range +33600 +34200 2048 2025 0.0559
a range +33600 +34200 2049 2058 0.0321
a range +33600 +34200 2050 2038 0.06
a range +33600 +34200 2051 2061 0.0645
a range +33600 +34200 2052 2006 0.0517
a range +33600 +34200 2053 2016 0.0555
a range +33600 +34200 2054 2063 0.0312
a range +33600 +34200 2055 2059 0.0645
a range +33600 +34200 2056 2062 0.0442
a range +33600 +34200 2057 2009 0.0569
a range +33600 +34200 2058 2049 0.0321
a range +33600 +34200 2059 2055 0.0645
a range +33600 +34200 2060 2001 0.0541
a range +33600 +34200 2061 2051 0.0645
a range +33600 +34200 2062 2056 0.0442
a range +33600 +34200 2063 2054 0.0312
a range +33600 +34200 2064 2047 0.0459
a range +33600 +34200 9001 9004 0.0
a range +33600 +34200 9002 2012 1103.3864
a range +33600 +34200 9003 2037 1104.7672
a range +33600 +34200 9004 9001 0.0
a range +33600 +34200 9005 2002 1103.3969
a range +33600 +34200 9006 2005 1104.7649
a range +33600 +34200 9007 9010 0.0
a range +33600 +34200 9008 2008 1103.3926
a range +33600 +34200 9009 2027 1104.7794
a range +33600 +34200 9010 9007 0.0
a range +33600 +34200 9011 2018 1103.4095
a range +33600 +34200 9012 2026 1104.7719
a range +34200 +34800 2001 9008 1103.3976
a range +34200 +34800 2002 2014 0.0416
a range +34200 +34800 2003 2038 0.0502
a range +34200 +34800 2004 2050 0.0529
a range +34200 +34800 2005 2056 0.0519
a range +34200 +34800 2006 2051 0.0532
a range +34200 +34800 2007 9005 1103.3845
a range +34200 +34800 2008 9002 1103.3926
a range +34200 +34800 2009 2064 0.0565
a range +34200 +34800 2010 2035 0.0504
a range +34200 +34800 2011 9011 1103.3707
a range +34200 +34800 2012 2013 0.0187
a range +34200 +34800 2013 2012 0.0187
a range +34200 +34800 2014 2002 0.0416
a range +34200 +34800 2015 2043 0.0527
a range +34200 +34800 2016 2047 0.053
a range +34200 +34800 2017 2027 0.0503
a range +34200 +34800 2018 2044 0.0537
a range +34200 +34800 2019 2037 0.0527
a range +34200 +34800 2020 2040 0.0521
a range +34200 +34800 2021 2036 0.0367
a range +34200 +34800 2022 9012 1104.7771
a range +34200 +34800 2023 2032 0.0084
a range +34200 +34800 2024 2041 0.0542
a range +34200 +34800 2025 2042 0.0555
a range +34200 +34800 2026 9006 1104.7719
a range +34200 +34800 2027 2017 0.0503
a range +34200 +34800 2028 2030 0.0396
a range +34200 +34800 2029 2034 0.0441
a range +34200 +34800 2030 2028 0.0396
a range +34200 +34800 2031 9003 1104.77
a range +34200 +34800 2032 2023 0.0084
a range +34200 +34800 2033 2039 0.0423
a range +34200 +34800 2034 2029 0.0441
a range +34200 +34800 2035 2010 0.0504
a range +34200 +34800 2036 2021 0.0367
a range +34200 +34800 2037 2019 0.0527
a range +34200 +34800 2038 2003 0.0502
a range +34200 +34800 2039 2033 0.0423
a range +34200 +34800 2040 2020 0.0521
a range +34200 +34800 2041 2024 0.0542
a range +34200 +34800 2042 2025 0.0555
a range +34200 +34800 2043 2015 0.0527
a range +34200 +34800 2044 2018 0.0537
a range +34200 +34800 2045 2060 0.063
a range +34200 +34800 2046 2059 0.0274
a range +34200 +34800 2047 2016 0.053
a range +34200 +34800 2048 9009 1103.4468
a range +34200 +34800 2049 2055 0.0471
a range +34200 +34800 2050 2004 0.0529
a range +34200 +34800 2051 2006 0.0532
a range +34200 +34800 2052 2061 0.0385
a range +34200 +34800 2053 2057 0.0649
a range +34200 +34800 2054 2062 0.0074
a range +34200 +34800 2055 2049 0.0471
a range +34200 +34800 2056 2005 0.0519
a range +34200 +34800 2057 2053 0.0649
a range +34200 +34800 2058 2063 0.0651
a range +34200 +34800 2059 2046 0.0274
a range +34200 +34800 2060 2045 0.063
a range +34200 +34800 2061 2052 0.0385
a range +34200 +34800 2062 2054 0.0074
a range +34200 +34800 2063 2058 0.0651
a range +34200 +34800 2064 2009 0.0565
a range +34200 +34800 9001 9007 0.0
a range +34200 +34800 9002 2008 1103.3926
a range +34200 +34800 9003 2031 1104.77
a range +34200 +34800 9004 9010 0.0
a range +34200 +34800 9005 2007 1103.3845
a range +34200 +34800 9006 2026 1104.7719
a range +34200 +34800 9007 9001 0.0
a range +34200 +34800 9008 2001 1103.3976
a range +34200 +34800 9009 2048 1103.4468
a range +34200 +34800 9010 9004 0.0
a range +34200 +34800 9011 2011 1103.3707
a range +34200 +34800 9012 2022 1104.7771
a range +34800 +35400 2001 9005 1103.3976
a range +34800 +35400 2002 2009 0.0169
a range +34800 +35400 2003 2032 0.0475
a range +34800 +35400 2004 2023 0.046
a range +34800 +35400 2005 2049 0.0537
a range +34800 +35400 2006 2053 0.0518
a range +34800 +35400 2007 2014 0.0078
a range +34800 +35400 2008 2013 0.0285
a range +34800 +35400 2009 2002 0.0169
a range +34800 +35400 2010 2041 0.0544
a range +34800 +35400 2011 2012 0.0184
a range +34800 +35400 2012 2011 0.0184
a range +34800 +35400 2013 2008 0.0285
a range +34800 +35400 2014 2007 0.0078
a range +34800 +35400 2015 2037 0.0507
a range +34800 +35400 2016 2038 0.0519
a range +34800 +35400 2017 2035 0.053
a range +34800 +35400 2018 2031 0.0504
a range +34800 +35400 2019 2044 0.0543
a range +34800 +35400 2020 2030 0.0324
a range +34800 +35400 2021 2040 0.0522
a range +34800 +35400 2022 9009 1104.7771
a range +34800 +35400 2023 2004 0.046
a range +34800 +35400 2024 2033 0.0529
a range +34800 +35400 2025 2039 0.0284
a range +34800 +35400 2026 2034 0.0249
a range +34800 +35400 2027 9002 1103.3844
a range +34800 +35400 2028 9008 1103.3791
a range +34800 +35400 2029 9011 1103.3791
a range +34800 +35400 2030 2020 0.0324
a range +34800 +35400 2031 2018 0.0504
a range +34800 +35400 2032 2003 0.0475
a range +34800 +35400 2033 2024 0.0529
a range +34800 +35400 2034 2026 0.0249
a range +34800 +35400 2035 2017 0.053
a range +34800 +35400 2036 9003 1104.7621
a range +34800 +35400 2037 2015 0.0507
a range +34800 +35400 2038 2016 0.0519
a range +34800 +35400 2039 2025 0.0284
a range +34800 +35400 2040 2021 0.0522
a range +34800 +35400 2041 2010 0.0544
a range +34800 +35400 2042 9006 1103.1767
a range +34800 +35400 2043 2064 0.0628
a range +34800 +35400 2044 2019 0.0543
a range +34800 +35400 2045 2048 0.0587
a range +34800 +35400 2046 2060 0.0629
a range +34800 +35400 2047 2059 0.034
a range +34800 +35400 2048 2045 0.0587
a range +34800 +35400 2049 2005 0.0537
a range +34800 +35400 2050 2063 0.0609
a range +34800 +35400 2051 2058 0.0202
a range +34800 +35400 2052 9012 1104.7797
a range +34800 +35400 2053 2006 0.0518
a range +34800 +35400 2054 2057 0.065
a range +34800 +35400 2055 2062 0.0205
a range +34800 +35400 2056 2061 0.057
a range +34800 +35400 2057 2054 0.065
a range +34800 +35400 2058 2051 0.0202
a range +34800 +35400 2059 2047 0.034
a range +34800 +35400 2060 2046 0.0629
a range +34800 +35400 2061 2056 0.057
a range +34800 +35400 2062 2055 0.0205
a range +34800 +35400 2063 2050 0.0609
a range +34800 +35400 2064 2043 0.0628
a range +34800 +35400 9001 9010 0.0
a range +34800 +35400 9002 2027 1103.3844
a range +34800 +35400 9003 2036 1104.7621
a range +34800 +35400 9004 9007 0.0
a range +34800 +35400 9005 2001 1103.3976
a range +34800 +35400 9006 2042 1103.1767
a range +34800 +35400 9007 9004 0.0
a range +34800 +35400 9008 2028 1103.3791
a range +34800 +35400 9009 2022 1104.7771
a range +34800 +35400 9010 9001 0.0
a range +34800 +35400 9011 2029 1103.3791
a range +34800 +35400 9012 2052 1104.7797
a range +35400 +36000 2001 2061 0.0537
a range +35400 +36000 2002 2015 0.0329
a range +35400 +36000 2003 2017 0.0457
a range +35400 +36000 2004 2029 0.0467
a range +35400 +36000 2005 2051 0.052
a range +35400 +36000 2006 2064 0.054
a range +35400 +36000 2007 9002 1103.3845
a range +35400 +36000 2008 9005 1103.3926
a range +35400 +36000 2009 2048 0.0523
a range +35400 +36000 2010 2033 0.0509
a range +35400 +36000 2011 9008 1103.3707
a range +35400 +36000 2012 9006 1103.553
a range +35400 +36000 2013 9011 1103.4032
a range +35400 +36000 2014 9012 1103.3721
a range +35400 +36000 2015 2002 0.0329
a range +35400 +36000 2016 2046 0.0545
a range +35400 +36000 2017 2003 0.0457
a range +35400 +36000 2018 2043 0.0545
a range +35400 +36000 2019 2042 0.0553
a range +35400 +36000 2020 2037 0.0532
a range +35400 +36000 2021 2031 0.0503
a range +35400 +36000 2022 9003 1104.7771
a range +35400 +36000 2023 2040 0.053
a range +35400 +36000 2024 2035 0.0519
a range +35400 +36000 2025 2044 0.0559
a range +35400 +36000 2026 2032 0.039
a range +35400 +36000 2027 2041 0.0281
a range +35400 +36000 2028 2034 0.0312
a range +35400 +36000 2029 2004 0.0467
a range +35400 +36000 2030 2036 0.034
a range +35400 +36000 2031 2021 0.0503
a range +35400 +36000 2032 2026 0.039
a range +35400 +36000 2033 2010 0.0509
a range +35400 +36000 2034 2028 0.0312
a range +35400 +36000 2035 2024 0.0519
a range +35400 +36000 2036 2030 0.034
a range +35400 +36000 2037 2020 0.0532
a range +35400 +36000 2038 2045 0.0199
a range +35400 +36000 2039 2047 0.0309
a range +35400 +36000 2040 2023 0.053
a range +35400 +36000 2041 2027 0.0281
a range +35400 +36000 2042 2019 0.0553
a range +35400 +36000 2043 2018 0.0545
a range +35400 +36000 2044 2025 0.0559
a range +35400 +36000 2045 2038 0.0199
a range +35400 +36000 2046 2016 0.0545
a range +35400 +36000 2047 2039 0.0309
a range +35400 +36000 2048 2009 0.0523
a range +35400 +36000 2049 2062 0.0605
a range +35400 +36000 2050 2060 0.0644
a range +35400 +36000 2051 2005 0.052
a range +35400 +36000 2052 2059 0.0297
a range +35400 +36000 2053 2063 0.048
a range +35400 +36000 2054 2058 0.0645
a range +35400 +36000 2055 2057 0.0645
a range +35400 +36000 2056 9009 1104.7711
a range +35400 +36000 2057 2055 0.0645
a range +35400 +36000 2058 2054 0.0645
a range +35400 +36000 2059 2052 0.0297
a range +35400 +36000 2060 2050 0.0644
a range +35400 +36000 2061 2001 0.0537
a range +35400 +36000 2062 2049 0.0605
a range +35400 +36000 2063 2053 0.048
a range +35400 +36000 2064 2006 0.054
a range +35400 +36000 9001 9004 0.0
a range +35400 +36000 9002 2007 1103.3845
a range +35400 +36000 9003 2022 1104.7771
a range +35400 +36000 9004 9001 0.0
a range +35400 +36000 9005 2008 1103.3926
a range +35400 +36000 9006 2012 1103.553
a range +35400 +36000 9007 9010 0.0
a range +35400 +36000 9008 2011 1103.3707
a range +35400 +36000 9009 2056 1104.7711
a range +35400 +36000 9010 9007 0.0
a range +35400 +36000 9011 2013 1103.4032
a range +35400 +36000 9012 2014 1103.3721
a range +36000 +36600 2001 9002 1103.3976
a range +36000 +36600 2002 2042 0.0527
a range +36000 +36600 2003 9009 1104.7756
a range +36000 +36600 2004 2048 0.0504
a range +36000 +36600 2005 2052 0.0521
a range +36000 +36600 2006 2046 0.0521
a range +36000 +36600 2007 2011 0.0424
a range +36000 +36600 2008 9011 1103.3926
a range +36000 +36600 2009 2051 0.0539
a range +36000 +36600 2010 2047 0.0547
a range +36000 +36600 2011 2007 0.0424
a range +36000 +36600 2012 2014 0.0353
a range +36000 +36600 2013 9008 1103.4032
a range +36000 +36600 2014 2012 0.0353
a range +36000 +36600 2015 9012 1103.2822
a range +36000 +36600 2016 2035 0.0518
a range +36000 +36600 2017 2033 0.0526
a range +36000 +36600 2018 9006 1104.7727
a range +36000 +36600 2019 2038 0.0525
a range +36000 +36600 2020 2044 0.0553
a range +36000 +36600 2021 2034 0.0522
a range +36000 +36600 2022 2043 0.0545
a range +36000 +36600 2023 2039 0.0092
a range +36000 +36600 2024 2030 0.0442
a range +36000 +36600 2025 2037 0.0541
a range +36000 +36600 2026 2041 0.0564
a range +36000 +36600 2027 2040 0.0482
a range +36000 +36600 2028 9005 1103.3791
a range +36000 +36600 2029 2036 0.0165
a range +36000 +36600 2030 2024 0.0442
a range +36000 +36600 2031 2032 0.0214
a range +36000 +36600 2032 2031 0.0214
a range +36000 +36600 2033 2017 0.0526
a range +36000 +36600 2034 2021 0.0522
a range +36000 +36600 2035 2016 0.0518
a range +36000 +36600 2036 2029 0.0165
a range +36000 +36600 2037 2025 0.0541
a range +36000 +36600 2038 2019 0.0525
a range +36000 +36600 2039 2023 0.0092
a range +36000 +36600 2040 2027 0.0482
a range +36000 +36600 2041 2026 0.0564
a range +36000 +36600 2042 2002 0.0527
a range +36000 +36600 2043 2022 0.0545
a range +36000 +36600 2044 2020 0.0553
a range +36000 +36600 2045 2061 0.0631
a range +36000 +36600 2046 2006 0.0521
a range +36000 +36600 2047 2010 0.0547
a range +36000 +36600 2048 2004 0.0504
a range +36000 +36600 2049 2054 0.0619
a range +36000 +36600 2050 2056 0.0462
a range +36000 +36600 2051 2009 0.0539
a range +36000 +36600 2052 2005 0.0521
a range +36000 +36600 2053 2059 0.0487
a range +36000 +36600 2054 2049 0.0619
a range +36000 +36600 2055 2060 0.0567
a range +36000 +36600 2056 2050 0.0462
a range +36000 +36600 2057 2063 0.049
a range +36000 +36600 2058 9003 1104.7863
a range +36000 +36600 2059 2053 0.0487
a range +36000 +36600 2060 2055 0.0567
a range +36000 +36600 2061 2045 0.0631
a range +36000 +36600 2062 2064 0.0493
a range +36000 +36600 2063 2057 0.049
a range +36000 +36600 2064 2062 0.0493
a range +36000 +36600 9001 9007 0.0
a range +36000 +36600 9002 2001 1103.3976
a range +36000 +36600 9003 2058 1104.7863
a range +36000 +36600 9004 9010 0.0
a range +36000 +36600 9005 2028 1103.3791
a range +36000 +36600 9006 2018 1104.7727
a range +36000 +36600 9007 9001 0.0
a range +36000 +36600 9008 2013 1103.4032
a range +36000 +36600 9009 2003 1104.7756
a range +36000 +36600 9010 9004 0.0
a range +36000 +36600 9011 2008 1103.3926
a range +36000 +36600 9012 2015 1103.2822
a range +36600 +37200 2001 2062 0.0534
a range +36600 +37200 2002 2003 0.0185
a range +36600 +37200 2003 2002 0.0185
a range +36600 +37200 2004 2052 0.0534
a range +36600 +37200 2005 2058 0.0543
a range +36600 +37200 2006 2054 0.0532
a range +36600 +37200 2007 2024 0.0449
a range +36600 +37200 2008 2015 0.0108
a range +36600 +37200 2009 2055 0.0546
a range +36600 +37200 2010 2034 0.051
a range +36600 +37200 2011 9005 1103.3707
a range +36600 +37200 2012 9011 1103.3864
a range +36600 +37200 2013 9002 1103.4032
a range +36600 +37200 2014 9008 1103.3868
a range +36600 +37200 2015 2008 0.0108
a range +36600 +37200 2016 2051 0.0539
a range +36600 +37200 2017 9012 1104.7569
a range +36600 +37200 2018 2041 0.0551
a range +36600 +37200 2019 2035 0.0096
a range +36600 +37200 2020 2036 0.0521
a range +36600 +37200 2021 9009 1104.7925
a range +36600 +37200 2022 2031 0.018
a range +36600 +37200 2023 2038 0.0263
a range +36600 +37200 2024 2007 0.0449
a range +36600 +37200 2025 2033 0.0237
a range +36600 +37200 2026 9003 1104.7719
a range +36600 +37200 2027 2039 0.0541
a range +36600 +37200 2028 2040 0.0538
a range +36600 +37200 2029 2030 0.0219
a range +36600 +37200 2030 2029 0.0219
a range +36600 +37200 2031 2022 0.018
a range +36600 +37200 2032 2043 0.0557
a range +36600 +37200 2033 2025 0.0237
a range +36600 +37200 2034 2010 0.051
a range +36600 +37200 2035 2019 0.0096
a range +36600 +37200 2036 2020 0.0521
a range +36600 +37200 2037 2063 0.0615
a range +36600 +37200 2038 2023 0.0263
a range +36600 +37200 2039 2027 0.0541
a range +36600 +37200 2040 2028 0.0538
a range +36600 +37200 2041 2018 0.0551
a range +36600 +37200 2042 2064 0.0632
a range +36600 +37200 2043 2032 0.0557
a range +36600 +37200 2044 2061 0.0466
a range +36600 +37200 2045 2059 0.0639
a range +36600 +37200 2046 2048 0.046
a range +36600 +37200 2047 2053 0.0474
a range +36600 +37200 2048 2046 0.046
a range +36600 +37200 2049 2060 0.0649
a range +36600 +37200 2050 9006 1104.8046
a range +36600 +37200 2051 2016 0.0539
a range +36600 +37200 2052 2004 0.0534
a range +36600 +37200 2053 2047 0.0474
a range +36600 +37200 2054 2006 0.0532
a range +36600 +37200 2055 2009 0.0546
a range +36600 +37200 2056 2057 0.0376
a range +36600 +37200 2057 2056 0.0376
a range +36600 +37200 2058 2005 0.0543
a range +36600 +37200 2059 2045 0.0639
a range +36600 +37200 2060 2049 0.0649
a range +36600 +37200 2061 2044 0.0466
a range +36600 +37200 2062 2001 0.0534
a range +36600 +37200 2063 2037 0.0615
a range +36600 +37200 2064 2042 0.0632
a range +36600 +37200 9001 9010 0.0
a range +36600 +37200 9002 2013 1103.4032
a range +36600 +37200 9003 2026 1104.7719
a range +36600 +37200 9004 9007 0.0
a range +36600 +37200 9005 2011 1103.3707
a range +36600 +37200 9006 2050 1104.8046
a range +36600 +37200 9007 9004 0.0
a range +36600 +37200 9008 2014 1103.3868
a range +36600 +37200 9009 2021 1104.7925
a range +36600 +37200 9010 9001 0.0
a range +36600 +37200 9011 2012 1103.3864
a range +36600 +37200 9012 2017 1104.7569
a range +37200 +37800 2001 2063 0.0545
a range +37200 +37800 2002 9012 1104.7826
a range +37200 +37800 2003 2022 0.0448
a range +37200 +37800 2004 2055 0.0519
a range +37200 +37800 2005 2057 0.0535
a range +37200 +37800 2006 2058 0.0536
a range +37200 +37800 2007 9009 1104.7735
a range +37200 +37800 2008 2011 0.0431
a range +37200 +37800 2009 2059 0.0561
a range +37200 +37800 2010 2046 0.0534
a range +37200 +37800 2011 2008 0.0431
a range +37200 +37800 2012 9008 1103.3864
a range +37200 +37800 2013 9005 1103.4032
a range +37200 +37800 2014 2020 0.0468
a range +37200 +37800 2015 9006 1103.2822
a range +37200 +37800 2016 2041 0.0547
a range +37200 +37800 2017 9002 1103.4109
a range +37200 +37800 2018 2042 0.0555
a range +37200 +37800 2019 2025 0.0476
a range +37200 +37800 2020 2014 0.0468
a range +37200 +37800 2021 2033 0.0529
a range +37200 +37800 2022 2003 0.0448
a range +37200 +37800 2023 2036 0.0525
a range +37200 +37800 2024 2026 0.0318
a range +37200 +37800 2025 2019 0.0476
a range +37200 +37800 2026 2024 0.0318
a range +37200 +37800 2027 2038 0.054
a range +37200 +37800 2028 9003 1104.7841
a range +37200 +37800 2029 2035 0.0289
a range +37200 +37800 2030 2039 0.0358
a range +37200 +37800 2031 2044 0.0412
a range +37200 +37800 2032 2037 0.0462
a range +37200 +37800 2033 2021 0.0529
a range +37200 +37800 2034 9011 1103.3967
a range +37200 +37800 2035 2029 0.0289
a range +37200 +37800 2036 2023 0.0525
a range +37200 +37800 2037 2032 0.0462
a range +37200 +37800 2038 2027 0.054
a range +37200 +37800 2039 2030 0.0358
a range +37200 +37800 2040 2045 0.0336
a range +37200 +37800 2041 2016 0.0547
a range +37200 +37800 2042 2018 0.0555
a range +37200 +37800 2043 2049 0.0473
a range +37200 +37800 2044 2031 0.0412
a range +37200 +37800 2045 2040 0.0336
a range +37200 +37800 2046 2010 0.0534
a range +37200 +37800 2047 2061 0.0634
a range +37200 +37800 2048 2053 0.0303
a range +37200 +37800 2049 2043 0.0473
a range +37200 +37800 2050 2062 0.0645
a range +37200 +37800 2051 2052 0.0246
a range +37200 +37800 2052 2051 0.0246
a range +37200 +37800 2053 2048 0.0303
a range +37200 +37800 2054 2064 0.0644
a range +37200 +37800 2055 2004 0.0519
a range +37200 +37800 2056 2060 0.0648
a range +37200 +37800 2057 2005 0.0535
a range +37200 +37800 2058 2006 0.0536
a range +37200 +37800 2059 2009 0.0561
a range +37200 +37800 2060 2056 0.0648
a range +37200 +37800 2061 2047 0.0634
a range +37200 +37800 2062 2050 0.0645
a range +37200 +37800 2063 2001 0.0545
a range +37200 +37800 2064 2054 0.0644
a range +37200 +37800 9001 9004 0.0
a range +37200 +37800 9002 2017 1103.4109
a range +37200 +37800 9003 2028 1104.7841
a range +37200 +37800 9004 9001 0.0
a range +37200 +37800 9005 2013 1103.4032
a range +37200 +37800 9006 2015 1103.2822
a range +37200 +37800 9007 9010 0.0
a range +37200 +37800 9008 2012 1103.3864
a range +37200 +37800 9009 2007 1104.7735
a range +37200 +37800 9010 9007 0.0
a range +37200 +37800 9011 2034 1103.3967
a range +37200 +37800 9012 2002 1104.7826
a range +37800 +38400 2001 2011 0.0434
a range +37800 +38400 2002 9011 1103.3969
a range +37800 +38400 2003 2048 0.0507
a range +37800 +38400 2004 2059 0.0544
a range +37800 +38400 2005 2060 0.0535
a range +37800 +38400 2006 2049 0.0538
a range +37800 +38400 2007 2013 0.0166
a range +37800 +38400 2008 2022 0.0447
a range +37800 +38400 2009 2052 0.0538
a range +37800 +38400 2010 9006 1103.7358
a range +37800 +38400 2011 2001 0.0434
a range +37800 +38400 2012 2017 0.0195
a range +37800 +38400 2013 2007 0.0166
a range +37800 +38400 2014 9002 1103.3868
a range +37800 +38400 2015 2035 0.0522
a range +37800 +38400 2016 2050 0.0541
a range +37800 +38400 2017 2012 0.0195
a range +37800 +38400 2018 9008 1103.4095
a range +37800 +38400 2019 2041 0.0559
a range +37800 +38400 2020 9009 1104.7989
a range +37800 +38400 2021 9012 1104.7925
a range +37800 +38400 2022 2008 0.0447
a range +37800 +38400 2023 9005 1103.3806
a range +37800 +38400 2024 2032 0.0141
a range +37800 +38400 2025 2038 0.0425
a range +37800 +38400 2026 2039 0.0452
a range +37800 +38400 2027 2034 0.0195
a range +37800 +38400 2028 2036 0.0149
a range +37800 +38400 2029 2033 0.0539
a range +37800 +38400 2030 2037 0.0235
a range +37800 +38400 2031 2040 0.0319
a range +37800 +38400 2032 2024 0.0141
a range +37800 +38400 2033 2029 0.0539
a range +37800 +38400 2034 2027 0.0195
a range +37800 +38400 2035 2015 0.0522
a range +37800 +38400 2036 2028 0.0149
a range +37800 +38400 2037 2030 0.0235
a range +37800 +38400 2038 2025 0.0425
a range +37800 +38400 2039 2026 0.0452
a range +37800 +38400 2040 2031 0.0319
a range +37800 +38400 2041 2019 0.0559
a range +37800 +38400 2042 2063 0.0275
a range +37800 +38400 2043 2044 0.0242
a range +37800 +38400 2044 2043 0.0242
a range +37800 +38400 2045 2051 0.04
a range +37800 +38400 2046 2047 0.025
a range +37800 +38400 2047 2046 0.025
a range +37800 +38400 2048 2003 0.0507
a range +37800 +38400 2049 2006 0.0538
a range +37800 +38400 2050 2016 0.0541
a range +37800 +38400 2051 2045 0.04
a range +37800 +38400 2052 2009 0.0538
a range +37800 +38400 2053 2064 0.065
a range +37800 +38400 2054 2061 0.0219
a range +37800 +38400 2055 9003 1104.7508
a range +37800 +38400 2056 2058 0.0524
a range +37800 +38400 2057 2062 0.0642
a range +37800 +38400 2058 2056 0.0524
a range +37800 +38400 2059 2004 0.0544
a range +37800 +38400 2060 2005 0.0535
a range +37800 +38400 2061 2054 0.0219
a range +37800 +38400 2062 2057 0.0642
a range +37800 +38400 2063 2042 0.0275
a range +37800 +38400 2064 2053 0.065
a range +37800 +38400 9001 9007 0.0
a range +37800 +38400 9002 2014 1103.3868
a range +37800 +38400 9003 2055 1104.7508
a range +37800 +38400 9004 9010 0.0
a range +37800 +38400 9005 2023 1103.3806
a range +37800 +38400 9006 2010 1103.7358
a range +37800 +38400 9007 9001 0.0
a range +37800 +38400 9008 2018 1103.4095
a range +37800 +38400 9009 2020 1104.7989
a range +37800 +38400 9010 9004 0.0
a range +37800 +38400 9011 2002 1103.3969
a range +37800 +38400 9012 2021 1104.7925
a range +38400 +39000 2001 2064 0.0539
a range +38400 +39000 2002 2003 0.0185
a range +38400 +39000 2003 2002 0.0185
a range +38400 +39000 2004 2051 0.0537
a range +38400 +39000 2005 2053 0.0523
a range +38400 +39000 2006 2056 0.0524
a range +38400 +39000 2007 2033 0.0485
a range +38400 +39000 2008 2023 0.0461
a range +38400 +39000 2009 2058 0.0566
a range +38400 +39000 2010 9009 1103.7358
a range +38400 +39000 2011 2017 0.0251
a range +38400 +39000 2012 2024 0.0241
a range +38400 +39000 2013 2015 0.0356
a range +38400 +39000 2014 9011 1103.3868
a range +38400 +39000 2015 2013 0.0356
a range +38400 +39000 2016 2034 0.0508
a range +38400 +39000 2017 2011 0.0251
a range +38400 +39000 2018 9005 1103.4095
a range +38400 +39000 2019 2036 0.053
a range +38400 +39000 2020 9012 1104.7989
a range +38400 +39000 2021 9006 1104.7925
a range +38400 +39000 2022 2039 0.0525
a range +38400 +39000 2023 2008 0.0461
a range +38400 +39000 2024 2012 0.0241
a range +38400 +39000 2025 2031 0.0392
a range +38400 +39000 2026 2040 0.0331
a range +38400 +39000 2027 2035 0.0167
a range +38400 +39000 2028 2037 0.0538
a range +38400 +39000 2029 9003 1104.7832
a range +38400 +39000 2030 9002 1103.3843
a range +38400 +39000 2031 2025 0.0392
a range +38400 +39000 2032 2038 0.0289
a range +38400 +39000 2033 2007 0.0485
a range +38400 +39000 2034 2016 0.0508
a range +38400 +39000 2035 2027 0.0167
a range +38400 +39000 2036 2019 0.053
a range +38400 +39000 2037 2028 0.0538
a range +38400 +39000 2038 2032 0.0289
a range +38400 +39000 2039 2022 0.0525
a range +38400 +39000 2040 2026 0.0331
a range +38400 +39000 2041 2043 0.0441
a range +38400 +39000 2042 2048 0.0446
a range +38400 +39000 2043 2041 0.0441
a range +38400 +39000 2044 2047 0.0585
a range +38400 +39000 2045 2050 0.0219
a range +38400 +39000 2046 2061 0.0637
a range +38400 +39000 2047 2044 0.0585
a range +38400 +39000 2048 2042 0.0446
a range +38400 +39000 2049 2059 0.0482
a range +38400 +39000 2050 2045 0.0219
a range +38400 +39000 2051 2004 0.0537
a range +38400 +39000 2052 2054 0.0469
a range +38400 +39000 2053 2005 0.0523
a range +38400 +39000 2054 2052 0.0469
a range +38400 +39000 2055 9008 1103.3622
a range +38400 +39000 2056 2006 0.0524
a range +38400 +39000 2057 2060 0.0651
a range +38400 +39000 2058 2009 0.0566
a range +38400 +39000 2059 2049 0.0482
a range +38400 +39000 2060 2057 0.0651
a range +38400 +39000 2061 2046 0.0637
a range +38400 +39000 2062 2063 0.0263
a range +38400 +39000 2063 2062 0.0263
a range +38400 +39000 2064 2001 0.0539
a range +38400 +39000 9001 9010 0.0
a range +38400 +39000 9002 2030 1103.3843
a range +38400 +39000 9003 2029 1104.7832
a range +38400 +39000 9004 9007 0.0
a range +38400 +39000 9005 2018 1103.4095
a range +38400 +39000 9006 2021 1104.7925
a range +38400 +39000 9007 9004 0.0
a range +38400 +39000 9008 2055 1103.3622
a range +38400 +39000 9009 2010 1103.7358
a range +38400 +39000 9010 9001 0.0
a range +38400 +39000 9011 2014 1103.3868
a range +38400 +39000 9012 2020 1104.7989
a range +39000 +39600 2001 2002 0.0173
a range +39000 +39600 2002 2001 0.0173
a range +39000 +39600 2003 9012 1104.7756
a range +39000 +39600 2004 9008 1103.3832
a range +39000 +39600 2005 2063 0.0537
a range +39000 +39600 2006 2055 0.052
a range +39000 +39600 2007 2031 0.0465
a range +39000 +39600 2008 2019 0.0458
a range +39000 +39600 2009 9009 1103.8281
a range +39000 +39600 2010 9003 1103.7358
a range +39000 +39600 2011 2029 0.0493
a range +39000 +39600 2012 2014 0.0353
a range +39000 +39600 2013 2017 0.0257
a range +39000 +39600 2014 2012 0.0353
a range +39000 +39600 2015 2021 0.0258
a range +39000 +39600 2016 2049 0.0537
a range +39000 +39600 2017 2013 0.0257
a range +39000 +39600 2018 2034 0.0344
a range +39000 +39600 2019 2008 0.0458
a range +39000 +39600 2020 9011 1103.3763
a range +39000 +39600 2021 2015 0.0258
a range +39000 +39600 2022 2038 0.0336
a range +39000 +39600 2023 2033 0.0528
a range +39000 +39600 2024 2036 0.0519
a range +39000 +39600 2025 2040 0.0162
a range +39000 +39600 2026 2042 0.0566
a range +39000 +39600 2027 9006 1104.7794
a range +39000 +39600 2028 9005 1103.3791
a range +39000 +39600 2029 2011 0.0493
a range +39000 +39600 2030 2032 0.0401
a range +39000 +39600 2031 2007 0.0465
a range +39000 +39600 2032 2030 0.0401
a range +39000 +39600 2033 2023 0.0528
a range +39000 +39600 2034 2018 0.0344
a range +39000 +39600 2035 2043 0.0307
a range +39000 +39600 2036 2024 0.0519
a range +39000 +39600 2037 2050 0.0607
a range +39000 +39600 2038 2022 0.0336
a range +39000 +39600 2039 2052 0.0596
a range +39000 +39600 2040 2025 0.0162
a range +39000 +39600 2041 2044 0.0581
a range +39000 +39600 2042 2026 0.0566
a range +39000 +39600 2043 2035 0.0307
a range +39000 +39600 2044 2041 0.0581
a range +39000 +39600 2045 2047 0.0445
a range +39000 +39600 2046 2064 0.0454
a range +39000 +39600 2047 2045 0.0445
a range +39000 +39600 2048 2054 0.0427
a range +39000 +39600 2049 2016 0.0537
a range +39000 +39600 2050 2037 0.0607
a range +39000 +39600 2051 2053 0.0474
a range +39000 +39600 2052 2039 0.0596
a range +39000 +39600 2053 2051 0.0474
a range +39000 +39600 2054 2048 0.0427
a range +39000 +39600 2055 2006 0.052
a range +39000 +39600 2056 9002 1103.3588
a range +39000 +39600 2057 2059 0.0497
a range +39000 +39600 2058 2061 0.0639
a range +39000 +39600 2059 2057 0.0497
a range +39000 +39600 2060 2062 0.0493
a range +39000 +39600 2061 2058 0.0639
a range +39000 +39600 2062 2060 0.0493
a range +39000 +39600 2063 2005 0.0537
a range +39000 +39600 2064 2046 0.0454
a range +39000 +39600 9001 9004 0.0
a range +39000 +39600 9002 2056 1103.3588
a range +39000 +39600 9003 2010 1103.7358
a range +39000 +39600 9004 9001 0.0
a range +39000 +39600 9005 2028 1103.3791
a range +39000 +39600 9006 2027 1104.7794
a range +39000 +39600 9007 9010 0.0
a range +39000 +39600 9008 2004 1103.3832
a range +39000 +39600 9009 2009 1103.8281
a range +39000 +39600 9010 9007 0.0
a range +39000 +39600 9011 2020 1103.3763
a range +39000 +39600 9012 2003 1104.7756
a range +39600 +40200 2001 2003 0.033
a range +39600 +40200 2002 2018 0.0451
a range +39600 +40200 2003 2001 0.033
a range +39600 +40200 2004 9012 1104.7684
a range +39600 +40200 2005 2059 0.0543
a range +39600 +40200 2006 2057 0.054
a range +39600 +40200 2007 2020 0.0449
a range +39600 +40200 2008 2062 0.0535
a range +39600 +40200 2009 2053 0.0553
a range +39600 +40200 2010 9005 1103.3644
a range +39600 +40200 2011 2055 0.0538
a range +39600 +40200 2012 2054 0.0541
a range +39600 +40200 2013 2031 0.0494
a range +39600 +40200 2014 2030 0.0494
a range +39600 +40200 2015 2024 0.0471
a range +39600 +40200 2016 2043 0.054
a range +39600 +40200 2017 2023 0.0379
a range +39600 +40200 2018 2002 0.0451
a range +39600 +40200 2019 2047 0.0537
a range +39600 +40200 2020 2007 0.0449
a range +39600 +40200 2021 9002 1103.3648
a range +39600 +40200 2022 9011 1103.3663
a range +39600 +40200 2023 2017 0.0379
a range +39600 +40200 2024 2015 0.0471
a range +39600 +40200 2025 2034 0.0384
a range +39600 +40200 2026 2037 0.0537
a range +39600 +40200 2027 9003 1104.7794
a range +39600 +40200 2028 9008 1103.3791
a range +39600 +40200 2029 2038 0.0396
a range +39600 +40200 2030 2014 0.0494
a range +39600 +40200 2031 2013 0.0494
a range +39600 +40200 2032 2033 0.0346
a range +39600 +40200 2033 2032 0.0346
a range +39600 +40200 2034 2025 0.0384
a range +39600 +40200 2035 2040 0.0549
a range +39600 +40200 2036 2042 0.0149
a range +39600 +40200 2037 2026 0.0537
a range +39600 +40200 2038 2029 0.0396
a range +39600 +40200 2039 2046 0.0093
a range +39600 +40200 2040 2035 0.0549
a range +39600 +40200 2041 2056 0.0613
a range +39600 +40200 2042 2036 0.0149
a range +39600 +40200 2043 2016 0.054
a range +39600 +40200 2044 2064 0.0471
a range +39600 +40200 2045 2049 0.0187
a range +39600 +40200 2046 2039 0.0093
a range +39600 +40200 2047 2019 0.0537
a range +39600 +40200 2048 9006 1103.4468
a range +39600 +40200 2049 2045 0.0187
a range +39600 +40200 2050 2058 0.0077
a range +39600 +40200 2051 9009 1104.7988
a range +39600 +40200 2052 2063 0.0645
a range +39600 +40200 2053 2009 0.0553
a range +39600 +40200 2054 2012 0.0541
a range +39600 +40200 2055 2011 0.0538
a range +39600 +40200 2056 2041 0.0613
a range +39600 +40200 2057 2006 0.054
a range +39600 +40200 2058 2050 0.0077
a range +39600 +40200 2059 2005 0.0543
a range +39600 +40200 2060 2061 0.0256
a range +39600 +40200 2061 2060 0.0256
a range +39600 +40200 2062 2008 0.0535
a range +39600 +40200 2063 2052 0.0645
a range +39600 +40200 2064 2044 0.0471
a range +39600 +40200 9001 9007 0.0
a range +39600 +40200 9002 2021 1103.3648
a range +39600 +40200 9003 2027 1104.7794
a range +39600 +40200 9004 9010 0.0
a range +39600 +40200 9005 2010 1103.3644
a range +39600 +40200 9006 2048 1103.4468
a range +39600 +40200 9007 9001 0.0
a range +39600 +40200 9008 2028 1103.3791
a range +39600 +40200 9009 2051 1104.7988
a range +39600 +40200 9010 9004 0.0
a range +39600 +40200 9011 2022 1103.3663
a range +39600 +40200 9012 2004 1104.7684
a range +40200 +40800 2001 2008 0.0182
a range +40200 +40800 2002 2021 0.0459
a range +40200 +40800 2003 2020 0.0454
a range +40200 +40800 2004 2011 0.0113
a range +40200 +40800 2005 9003 1104.7649
a range +40200 +40800 2006 2061 0.0534
a range +40200 +40800 2007 9012 1104.7735
a range +40200 +40800 2008 2001 0.0182
a range +40200 +40800 2009 2056 0.0539
a range +40200 +40800 2010 9008 1103.3644
a range +40200 +40800 2011 2004 0.0113
a range +40200 +40800 2012 2064 0.0557
a range +40200 +40800 2013 2063 0.0555
a range +40200 +40800 2014 2062 0.0564
a range +40200 +40800 2015 2055 0.0544
a range +40200 +40800 2016 2042 0.0531
a range +40200 +40800 2017 2054 0.0579
a range +40200 +40800 2018 2028 0.0289
a range +40200 +40800 2019 2049 0.0555
a range +40200 +40800 2020 2003 0.0454
a range +40200 +40800 2021 2002 0.0459
a range +40200 +40800 2022 2048 0.0537
a range +40200 +40800 2023 2045 0.0559
a range +40200 +40800 2024 2039 0.0171
a range +40200 +40800 2025 2041 0.0563
a range +40200 +40800 2026 2035 0.0367
a range +40200 +40800 2027 9002 1103.3844
a range +40200 +40800 2028 2018 0.0289
a range +40200 +40800 2029 2030 0.0219
a range +40200 +40800 2030 2029 0.0219
a range +40200 +40800 2031 2037 0.0347
a range +40200 +40800 2032 2036 0.0541
a range +40200 +40800 2033 2038 0.0548
a range +40200 +40800 2034 9005 1103.3967
a range +40200 +40800 2035 2026 0.0367
a range +40200 +40800 2036 2032 0.0541
a range +40200 +40800 2037 2031 0.0347
a range +40200 +40800 2038 2033 0.0548
a range +40200 +40800 2039 2024 0.0171
a range +40200 +40800 2040 2043 0.0577
a range +40200 +40800 2041 2025 0.0563
a range +40200 +40800 2042 2016 0.0531
a range +40200 +40800 2043 2040 0.0577
a range +40200 +40800 2044 2046 0.0443
a range +40200 +40800 2045 2023 0.0559
a range +40200 +40800 2046 2044 0.0443
a range +40200 +40800 2047 9011 1103.3997
a range +40200 +40800 2048 2022 0.0537
a range +40200 +40800 2049 2019 0.0555
a range +40200 +40800 2050 9009 1104.8046
a range +40200 +40800 2051 9006 1104.7988
a range +40200 +40800 2052 2053 0.0268
a range +40200 +40800 2053 2052 0.0268
a range +40200 +40800 2054 2017 0.0579
a range +40200 +40800 2055 2015 0.0544
a range +40200 +40800 2056 2009 0.0539
a range +40200 +40800 2057 2058 0.0285
a range +40200 +40800 2058 2057 0.0285
a range +40200 +40800 2059 2060 0.0277
a range +40200 +40800 2060 2059 0.0277
a range +40200 +40800 2061 2006 0.0534
a range +40200 +40800 2062 2014 0.0564
a range +40200 +40800 2063 2013 0.0555
a range +40200 +40800 2064 2012 0.0557
a range +40200 +40800 9001 9010 0.0
a range +40200 +40800 9002 2027 1103.3844
a range +40200 +40800 9003 2005 1104.7649
a range +40200 +40800 9004 9007 0.0
a range +40200 +40800 9005 2034 1103.3967
a range +40200 +40800 9006 2051 1104.7988
a range +40200 +40800 9007 9004 0.0
a range +40200 +40800 9008 2010 1103.3644
a range +40200 +40800 9009 2050 1104.8046
a range +40200 +40800 9010 9001 0.0
a range +40200 +40800 9011 2047 1103.3997
a range +40200 +40800 9012 2007 1104.7735
a range +40800 +41400 2001 2057 0.0544
a range +40800 +41400 2002 2004 0.0332
a range +40800 +41400 2003 9011 1103.3907
a range +40800 +41400 2004 2002 0.0332
a range +40800 +41400 2005 2055 0.0522
a range +40800 +41400 2006 2059 0.0536
a range +40800 +41400 2007 2027 0.0482
a range +40800 +41400 2008 2064 0.0536
a range +40800 +41400 2009 2020 0.0388
a range +40800 +41400 2010 2029 0.0483
a range +40800 +41400 2011 2063 0.057
a range +40800 +41400 2012 2062 0.0555
a range +40800 +41400 2013 2056 0.0538
a range +40800 +41400 2014 2054 0.0552
a range +40800 +41400 2015 2051 0.0537
a range +40800 +41400 2016 2049 0.0537
a range +40800 +41400 2017 2048 0.0552
a range +40800 +41400 2018 2035 0.0525
a range +40800 +41400 2019 2038 0.0525
a range +40800 +41400 2020 2009 0.0388
a range +40800 +41400 2021 2044 0.055
a range +40800 +41400 2022 2034 0.0528
a range +40800 +41400 2023 2032 0.0084
a range +40800 +41400 2024 2031 0.0297
a range +40800 +41400 2025 2036 0.0537
a range +40800 +41400 2026 9005 1103.3918
a range +40800 +41400 2027 2007 0.0482
a range +40800 +41400 2028 2039 0.0538
a range +40800 +41400 2029 2010 0.0483
a range +40800 +41400 2030 9012 1104.7774
a range +40800 +41400 2031 2024 0.0297
a range +40800 +41400 2032 2023 0.0084
a range +40800 +41400 2033 9002 1103.3878
a range +40800 +41400 2034 2022 0.0528
a range +40800 +41400 2035 2018 0.0525
a range +40800 +41400 2036 2025 0.0537
a range +40800 +41400 2037 2052 0.0593
a range +40800 +41400 2038 2019 0.0525
a range +40800 +41400 2039 2028 0.0538
a range +40800 +41400 2040 9009 1104.7876
a range +40800 +41400 2041 2042 0.0243
a range +40800 +41400 2042 2041 0.0243
a range +40800 +41400 2043 2045 0.0451
a range +40800 +41400 2044 2021 0.055
a range +40800 +41400 2045 2043 0.0451
a range +40800 +41400 2046 9008 1103.3762
a range +40800 +41400 2047 9006 1103.5829
a range +40800 +41400 2048 2017 0.0552
a range +40800 +41400 2049 2016 0.0537
a range +40800 +41400 2050 9003 1104.8046
a range +40800 +41400 2051 2015 0.0537
a range +40800 +41400 2052 2037 0.0593
a range +40800 +41400 2053 2061 0.02
a range +40800 +41400 2054 2014 0.0552
a range +40800 +41400 2055 2005 0.0522
a range +40800 +41400 2056 2013 0.0538
a range +40800 +41400 2057 2001 0.0544
a range +40800 +41400 2058 2060 0.049
a range +40800 +41400 2059 2006 0.0536
a range +40800 +41400 2060 2058 0.049
a range +40800 +41400 2061 2053 0.02
a range +40800 +41400 2062 2012 0.0555
a range +40800 +41400 2063 2011 0.057
a range +40800 +41400 2064 2008 0.0536
a range +40800 +41400 9001 9004 0.0
a range +40800 +41400 9002 2033 1103.3878
a range +40800 +41400 9003 2050 1104.8046
a range +40800 +41400 9004 9001 0.0
a range +40800 +41400 9005 2026 1103.3918
a range +40800 +41400 9006 2047 1103.5829
a range +40800 +41400 9007 9010 0.0
a range +40800 +41400 9008 2046 1103.3762
a range +40800 +41400 9009 2040 1104.7876
a range +40800 +41400 9010 9007 0.0
a range +40800 +41400 9011 2003 1103.3907
a range +40800 +41400 9012 2030 1104.7774
a range +41400 +42000 2001 2007 0.0337
a range +41400 +42000 2002 9009 1104.7826
a range +41400 +42000 2003 2009 0.016
a range +41400 +42000 2004 2020 0.0445
a range +41400 +42000 2005 2054 0.0532
a range +41400 +42000 2006 2060 0.0548
a range +41400 +42000 2007 2001 0.0337
a range +41400 +42000 2008 2063 0.0543
a range +41400 +42000 2009 2003 0.016
a range +41400 +42000 2010 9011 1103.3644
a range +41400 +42000 2011 2064 0.0561
a range +41400 +42000 2012 2056 0.0544
a range +41400 +42000 2013 2062 0.0561
a range +41400 +42000 2014 2057 0.0571
a range +41400 +42000 2015 2053 0.0549
a range +41400 +42000 2016 2052 0.0542
a range +41400 +42000 2017 2034 0.052
a range +41400 +42000 2018 2051 0.0573
a range +41400 +42000 2019 2050 0.0572
a range +41400 +42000 2020 2004 0.0445
a range +41400 +42000 2021 2055 0.0559
a range +41400 +42000 2022 2049 0.0578
a range +41400 +42000 2023 2044 0.0548
a range +41400 +42000 2024 2048 0.056
a range +41400 +42000 2025 2047 0.0316
a range +41400 +42000 2026 9002 1103.3918
a range +41400 +42000 2027 9008 1103.3844
a range +41400 +42000 2028 2045 0.0563
a range +41400 +42000 2029 2041 0.0294
a range +41400 +42000 2030 2038 0.0251
a range +41400 +42000 2031 2037 0.0347
a range +41400 +42000 2032 2035 0.0538
a range +41400 +42000 2033 9012 1104.7829
a range +41400 +42000 2034 2017 0.052
a range +41400 +42000 2035 2032 0.0538
a range +41400 +42000 2036 2043 0.0171
a range +41400 +42000 2037 2031 0.0347
a range +41400 +42000 2038 2030 0.0251
a range +41400 +42000 2039 2042 0.0573
a range +41400 +42000 2040 9003 1104.7876
a range +41400 +42000 2041 2029 0.0294
a range +41400 +42000 2042 2039 0.0573
a range +41400 +42000 2043 2036 0.0171
a range +41400 +42000 2044 2023 0.0548
a range +41400 +42000 2045 2028 0.0563
a range +41400 +42000 2046 9006 1103.7201
a range +41400 +42000 2047 2025 0.0316
a range +41400 +42000 2048 2024 0.056
a range +41400 +42000 2049 2022 0.0578
a range +41400 +42000 2050 2019 0.0572
a range +41400 +42000 2051 2018 0.0573
a range +41400 +42000 2052 2016 0.0542
a range +41400 +42000 2053 2015 0.0549
a range +41400 +42000 2054 2005 0.0532
a range +41400 +42000 2055 2021 0.0559
a range +41400 +42000 2056 2012 0.0544
a range +41400 +42000 2057 2014 0.0571
a range +41400 +42000 2058 9005 1103.3988
a range +41400 +42000 2059 2061 0.0492
a range +41400 +42000 2060 2006 0.0548
a range +41400 +42000 2061 2059 0.0492
a range +41400 +42000 2062 2013 0.0561
a range +41400 +42000 2063 2008 0.0543
a range +41400 +42000 2064 2011 0.0561
a range +41400 +42000 9001 9007 0.0
a range +41400 +42000 9002 2026 1103.3918
a range +41400 +42000 9003 2040 1104.7876
a range +41400 +42000 9004 9010 0.0
a range +41400 +42000 9005 2058 1103.3988
a range +41400 +42000 9006 2046 1103.7201
a range +41400 +42000 9007 9001 0.0
a range +41400 +42000 9008 2027 1103.3844
a range +41400 +42000 9009 2002 1104.7826
a range +41400 +42000 9010 9004 0.0
a range +41400 +42000 9011 2010 1103.3644
a range +41400 +42000 9012 2033 1104.7829
a range +42000 +42600 2001 2012 0.0426
a range +42000 +42600 2002 2040 0.0487
a range +42000 +42600 2003 2026 0.0465
a range +42000 +42600 2004 9011 1103.3832
a range +42000 +42600 2005 9002 1103.3783
a range +42000 +42600 2006 9008 1103.3787
a range +42000 +42600 2007 2063 0.0535
a range +42000 +42600 2008 2061 0.0547
a range +42000 +42600 2009 9003 1103.8281
a range +42000 +42600 2010 2032 0.0495
a range +42000 +42600 2011 2062 0.0563
a range +42000 +42600 2012 2001 0.0426
a range +42000 +42600 2013 2064 0.0566
a range +42000 +42600 2014 2055 0.054
a range +42000 +42600 2015 2057 0.0565
a range +42000 +42600 2016 2051 0.0539
a range +42000 +42600 2017 2052 0.0573
a range +42000 +42600 2018 2054 0.0567
a range +42000 +42600 2019 2046 0.0537
a range +42000 +42600 2020 2050 0.0566
a range +42000 +42600 2021 2049 0.0567
a range +42000 +42600 2022 2047 0.0545
a range +42000 +42600 2023 2043 0.0537
a range +42000 +42600 2024 2044 0.0541
a range +42000 +42600 2025 9005 1103.3967
a range +42000 +42600 2026 2003 0.0465
a range +42000 +42600 2027 2041 0.0281
a range +42000 +42600 2028 2042 0.005
a range +42000 +42600 2029 2038 0.0396
a range +42000 +42600 2030 2037 0.0235
a range +42000 +42600 2031 2036 0.0487
a range +42000 +42600 2032 2010 0.0495
a range +42000 +42600 2033 2035 0.0423
a range +42000 +42600 2034 9012 1104.7739
a range +42000 +42600 2035 2033 0.0423
a range +42000 +42600 2036 2031 0.0487
a range +42000 +42600 2037 2030 0.0235
a range +42000 +42600 2038 2029 0.0396
a range +42000 +42600 2039 2048 0.0576
a range +42000 +42600 2040 2002 0.0487
a range +42000 +42600 2041 2027 0.0281
a range +42000 +42600 2042 2028 0.005
a range +42000 +42600 2043 2023 0.0537
a range +42000 +42600 2044 2024 0.0541
a range +42000 +42600 2045 9006 1103.8585
a range +42000 +42600 2046 2019 0.0537
a range +42000 +42600 2047 2022 0.0545
a range +42000 +42600 2048 2039 0.0576
a range +42000 +42600 2049 2021 0.0567
a range +42000 +42600 2050 2020 0.0566
a range +42000 +42600 2051 2016 0.0539
a range +42000 +42600 2052 2017 0.0573
a range +42000 +42600 2053 2060 0.0309
a range +42000 +42600 2054 2018 0.0567
a range +42000 +42600 2055 2014 0.054
a range +42000 +42600 2056 2059 0.0646
a range +42000 +42600 2057 2015 0.0565
a range +42000 +42600 2058 9009 1104.7863
a range +42000 +42600 2059 2056 0.0646
a range +42000 +42600 2060 2053 0.0309
a range +42000 +42600 2061 2008 0.0547
a range +42000 +42600 2062 2011 0.0563
a range +42000 +42600 2063 2007 0.0535
a range +42000 +42600 2064 2013 0.0566
a range +42000 +42600 9001 9010 0.0
a range +42000 +42600 9002 2005 1103.3783
a range +42000 +42600 9003 2009 1103.8281
a range +42000 +42600 9004 9007 0.0
a range +42000 +42600 9005 2025 1103.3967
a range +42000 +42600 9006 2045 1103.8585
a range +42000 +42600 9007 9004 0.0
a range +42000 +42600 9008 2006 1103.3787
a range +42000 +42600 9009 2058 1104.7863
a range +42000 +42600 9010 9001 0.0
a range +42000 +42600 9011 2004 1103.3832
a range +42000 +42600 9012 2034 1104.7739
a range +42600 +43200 2001 2013 0.0394
a range +42600 +43200 2002 2025 0.048
a range +42600 +43200 2003 2010 0.0067
a range +42600 +43200 2004 9003 1104.7684
a range +42600 +43200 2005 2007 0.0326
a range +42600 +43200 2006 9012 1104.7669
a range +42600 +43200 2007 2005 0.0326
a range +42600 +43200 2008 2060 0.0536
a range +42600 +43200 2009 2054 0.0549
a range +42600 +43200 2010 2003 0.0067
a range +42600 +43200 2011 2040 0.0513
a range +42600 +43200 2012 2063 0.0572
a range +42600 +43200 2013 2001 0.0394
a range +42600 +43200 2014 2064 0.0566
a range +42600 +43200 2015 2062 0.0566
a range +42600 +43200 2016 2059 0.0572
a range +42600 +43200 2017 2061 0.0573
a range +42600 +43200 2018 2058 0.0579
a range +42600 +43200 2019 2057 0.0587
a range +42600 +43200 2020 2056 0.0561
a range +42600 +43200 2021 2051 0.0575
a range +42600 +43200 2022 2055 0.0572
a range +42600 +43200 2023 2053 0.0559
a range +42600 +43200 2024 2052 0.0555
a range +42600 +43200 2025 2002 0.048
a range +42600 +43200 2026 2050 0.0576
a range +42600 +43200 2027 2049 0.0579
a range +42600 +43200 2028 2047 0.0558
a range +42600 +43200 2029 2046 0.0558
a range +42600 +43200 2030 2044 0.0423
a range +42600 +43200 2031 2043 0.0517
a range +42600 +43200 2032 2042 0.0556
a range +42600 +43200 2033 2041 0.0381
a range +42600 +43200 2034 2036 0.0437
a range +42600 +43200 2035 2037 0.0433
a range +42600 +43200 2036 2034 0.0437
a range +42600 +43200 2037 2035 0.0433
a range +42600 +43200 2038 2048 0.0574
a range +42600 +43200 2039 9006 1104.7849
a range +42600 +43200 2040 2011 0.0513
a range +42600 +43200 2041 2033 0.0381
a range +42600 +43200 2042 2032 0.0556
a range +42600 +43200 2043 2031 0.0517
a range +42600 +43200 2044 2030 0.0423
a range +42600 +43200 2045 9009 1103.8585
a range +42600 +43200 2046 2029 0.0558
a range +42600 +43200 2047 2028 0.0558
a range +42600 +43200 2048 2038 0.0574
a range +42600 +43200 2049 2027 0.0579
a range +42600 +43200 2050 2026 0.0576
a range +42600 +43200 2051 2021 0.0575
a range +42600 +43200 2052 2024 0.0555
a range +42600 +43200 2053 2023 0.0559
a range +42600 +43200 2054 2009 0.0549
a range +42600 +43200 2055 2022 0.0572
a range +42600 +43200 2056 2020 0.0561
a range +42600 +43200 2057 2019 0.0587
a range +42600 +43200 2058 2018 0.0579
a range +42600 +43200 2059 2016 0.0572
a range +42600 +43200 2060 2008 0.0536
a range +42600 +43200 2061 2017 0.0573
a range +42600 +43200 2062 2015 0.0566
a range +42600 +43200 2063 2012 0.0572
a range +42600 +43200 2064 2014 0.0566
a range +42600 +43200 9001 9004 0.0
a range +42600 +43200 9002 9011 0.0
a range +42600 +43200 9003 2004 1104.7684
a range +42600 +43200 9004 9001 0.0
a range +42600 +43200 9005 9008 0.0
a range +42600 +43200 9006 2039 1104.7849
a range +42600 +43200 9007 9010 0.0
a range +42600 +43200 9008 9005 0.0
a range +42600 +43200 9009 2045 1103.8585
a range +42600 +43200 9010 9007 0.0
a range +42600 +43200 9011 9002 0.0
a range +42600 +43200 9012 2006 1104.7669
a range +43200 +43800 2001 2014 0.0296
a range +43200 +43800 2002 2039 0.051
a range +43200 +43800 2003 2025 0.0479
a range +43200 +43800 2004 2054 0.0529
a range +43200 +43800 2005 2062 0.054
a range +43200 +43800 2006 2007 0.0178
a range +43200 +43800 2007 2006 0.0178
a range +43200 +43800 2008 2056 0.0533
a range +43200 +43800 2009 2011 0.0351
a range +43200 +43800 2010 9012 1103.7358
a range +43200 +43800 2011 2009 0.0351
a range +43200 +43800 2012 2061 0.0556
a range +43200 +43800 2013 2060 0.0559
a range +43200 +43800 2014 2001 0.0296
a range +43200 +43800 2015 2064 0.0562
a range +43200 +43800 2016 2063 0.057
a range +43200 +43800 2017 2058 0.0583
a range +43200 +43800 2018 2057 0.0576
a range +43200 +43800 2019 2052 0.0578
a range +43200 +43800 2020 2049 0.0577
a range +43200 +43800 2021 2053 0.0581
a range +43200 +43800 2022 2046 0.0552
a range +43200 +43800 2023 2042 0.0538
a range +43200 +43800 2024 2050 0.0577
a range +43200 +43800 2025 2003 0.0479
a range +43200 +43800 2026 2047 0.0425
a range +43200 +43800 2027 2045 0.0558
a range +43200 +43800 2028 2043 0.0562
a range +43200 +43800 2029 2040 0.0538
a range +43200 +43800 2030 2041 0.0433
a range +43200 +43800 2031 2035 0.0539
a range +43200 +43800 2032 9006 1104.7656
a range +43200 +43800 2033 2034 0.022
a range +43200 +43800 2034 2033 0.022
a range +43200 +43800 2035 2031 0.0539
a range +43200 +43800 2036 2037 0.0232
a range +43200 +43800 2037 2036 0.0232
a range +43200 +43800 2038 9009 1104.7768
a range +43200 +43800 2039 2002 0.051
a range +43200 +43800 2040 2029 0.0538
a range +43200 +43800 2041 2030 0.0433
a range +43200 +43800 2042 2023 0.0538
a range +43200 +43800 2043 2028 0.0562
a range +43200 +43800 2044 2051 0.061
a range +43200 +43800 2045 2027 0.0558
a range +43200 +43800 2046 2022 0.0552
a range +43200 +43800 2047 2026 0.0425
a range +43200 +43800 2048 2055 0.0609
a range +43200 +43800 2049 2020 0.0577
a range +43200 +43800 2050 2024 0.0577
a range +43200 +43800 2051 2044 0.061
a range +43200 +43800 2052 2019 0.0578
a range +43200 +43800 2053 2021 0.0581
a range +43200 +43800 2054 2004 0.0529
a range +43200 +43800 2055 2048 0.0609
a range +43200 +43800 2056 2008 0.0533
a range +43200 +43800 2057 2018 0.0576
a range +43200 +43800 2058 2017 0.0583
a range +43200 +43800 2059 9003 1104.7811
a range +43200 +43800 2060 2013 0.0559
a range +43200 +43800 2061 2012 0.0556
a range +43200 +43800 2062 2005 0.054
a range +43200 +43800 2063 2016 0.057
a range +43200 +43800 2064 2015 0.0562
a range +43200 +43800 9001 9007 0.0
a range +43200 +43800 9002 9008 0.0
a range +43200 +43800 9003 2059 1104.7811
a range +43200 +43800 9004 9010 0.0
a range +43200 +43800 9005 9011 0.0
a range +43200 +43800 9006 2032 1104.7656
a range +43200 +43800 9007 9001 0.0
a range +43200 +43800 9008 9002 0.0
a range +43200 +43800 9009 2038 1104.7768
a range +43200 +43800 9010 9004 0.0
a range +43200 +43800 9011 9005 0.0
a range +43200 +43800 9012 2010 1103.7358
a range +43800 +44400 2001 2009 0.0426
a range +43800 +44400 2002 2032 0.0477
a range +43800 +44400 2003 2064 0.054
a range +43800 +44400 2004 2006 0.0322
a range +43800 +44400 2005 2013 0.0427
a range +43800 +44400 2006 2004 0.0322
a range +43800 +44400 2007 2010 0.0429
a range +43800 +44400 2008 2054 0.0528
a range +43800 +44400 2009 2001 0.0426
a range +43800 +44400 2010 2007 0.0429
a range +43800 +44400 2011 2061 0.0568
a range +43800 +44400 2012 2060 0.0554
a range +43800 +44400 2013 2005 0.0427
a range +43800 +44400 2014 2063 0.0556
a range +43800 +44400 2015 2056 0.0546
a range +43800 +44400 2016 2062 0.0563
a range +43800 +44400 2017 2057 0.0575
a range +43800 +44400 2018 2053 0.058
a range +43800 +44400 2019 2051 0.0564
a range +43800 +44400 2020 2048 0.0543
a range +43800 +44400 2021 2050 0.0581
a range +43800 +44400 2022 2052 0.0573
a range +43800 +44400 2023 2041 0.0545
a range +43800 +44400 2024 2042 0.0543
a range +43800 +44400 2025 2049 0.0575
a range +43800 +44400 2026 2046 0.0426
a range +43800 +44400 2027 2040 0.0482
a range +43800 +44400 2028 2037 0.0353
a range +43800 +44400 2029 2045 0.0564
a range +43800 +44400 2030 2036 0.034
a range +43800 +44400 2031 2039 0.0158
a range +43800 +44400 2032 2002 0.0477
a range +43800 +44400 2033 9009 1104.7829
a range +43800 +44400 2034 2035 0.0238
a range +43800 +44400 2035 2034 0.0238
a range +43800 +44400 2036 2030 0.034
a range +43800 +44400 2037 2028 0.0353
a range +43800 +44400 2038 2047 0.0575
a range +43800 +44400 2039 2031 0.0158
a range +43800 +44400 2040 2027 0.0482
a range +43800 +44400 2041 2023 0.0545
a range +43800 +44400 2042 2024 0.0543
a range +43800 +44400 2043 9003 1104.1388
a range +43800 +44400 2044 9012 1103.9981
a range +43800 +44400 2045 2029 0.0564
a range +43800 +44400 2046 2026 0.0426
a range +43800 +44400 2047 2038 0.0575
a range +43800 +44400 2048 2020 0.0543
a range +43800 +44400 2049 2025 0.0575
a range +43800 +44400 2050 2021 0.0581
a range +43800 +44400 2051 2019 0.0564
a range +43800 +44400 2052 2022 0.0573
a range +43800 +44400 2053 2018 0.058
a range +43800 +44400 2054 2008 0.0528
a range +43800 +44400 2055 2058 0.0649
a range +43800 +44400 2056 2015 0.0546
a range +43800 +44400 2057 2017 0.0575
a range +43800 +44400 2058 2055 0.0649
a range +43800 +44400 2059 9006 1104.7811
a range +43800 +44400 2060 2012 0.0554
a range +43800 +44400 2061 2011 0.0568
a range +43800 +44400 2062 2016 0.0563
a range +43800 +44400 2063 2014 0.0556
a range +43800 +44400 2064 2003 0.054
a range +43800 +44400 9001 9010 0.0
a range +43800 +44400 9002 9005 0.0
a range +43800 +44400 9003 2043 1104.1388
a range +43800 +44400 9004 9007 0.0
a range +43800 +44400 9005 9002 0.0
a range +43800 +44400 9006 2059 1104.7811
a range +43800 +44400 9007 9004 0.0
a range +43800 +44400 9008 9011 0.0
a range +43800 +44400 9009 2033 1104.7829
a range +43800 +44400 9010 9001 0.0
a range +43800 +44400 9011 9008 0.0
a range +43800 +44400 9012 2044 1103.9981
a range +44400 +45000 2001 2015 0.0196
a range +44400 +45000 2002 2064 0.0536
a range +44400 +45000 2003 2032 0.0465
a range +44400 +45000 2004 2010 0.0125
a range +44400 +45000 2005 2006 0.0174
a range +44400 +45000 2006 2005 0.0174
a range +44400 +45000 2007 2062 0.0546
a range +44400 +45000 2008 2057 0.0539
a range +44400 +45000 2009 2063 0.0566
a range +44400 +45000 2010 2004 0.0125
a range +44400 +45000 2011 2060 0.0565
a range +44400 +45000 2012 2058 0.0565
a range +44400 +45000 2013 2061 0.0563
a range +44400 +45000 2014 2056 0.0543
a range +44400 +45000 2015 2001 0.0196
a range +44400 +45000 2016 2055 0.0562
a range +44400 +45000 2017 2053 0.0568
a range +44400 +45000 2018 2052 0.056
a range +44400 +45000 2019 2048 0.0551
a range +44400 +45000 2020 2054 0.0577
a range +44400 +45000 2021 2047 0.0541
a range +44400 +45000 2022 2045 0.0549
a range +44400 +45000 2023 2051 0.0578
a range +44400 +45000 2024 2049 0.0562
a range +44400 +45000 2025 2050 0.0579
a range +44400 +45000 2026 2044 0.0561
a range +44400 +45000 2027 2046 0.0556
a range +44400 +45000 2028 2041 0.0204
a range +44400 +45000 2029 2042 0.0244
a range +44400 +45000 2030 2039 0.0358
a range +44400 +45000 2031 2034 0.0543
a range +44400 +45000 2032 2003 0.0465
a range +44400 +45000 2033 2040 0.022
a range +44400 +45000 2034 2031 0.0543
a range +44400 +45000 2035 2036 0.0239
a range +44400 +45000 2036 2035 0.0239
a range +44400 +45000 2037 9009 1104.7672
a range +44400 +45000 2038 9003 1104.7768
a range +44400 +45000 2039 2030 0.0358
a range +44400 +45000 2040 2033 0.022
a range +44400 +45000 2041 2028 0.0204
a range +44400 +45000 2042 2029 0.0244
a range +44400 +45000 2043 9006 1104.1388
a range +44400 +45000 2044 2026 0.0561
a range +44400 +45000 2045 2022 0.0549
a range +44400 +45000 2046 2027 0.0556
a range +44400 +45000 2047 2021 0.0541
a range +44400 +45000 2048 2019 0.0551
a range +44400 +45000 2049 2024 0.0562
a range +44400 +45000 2050 2025 0.0579
a range +44400 +45000 2051 2023 0.0578
a range +44400 +45000 2052 2018 0.056
a range +44400 +45000 2053 2017 0.0568
a range +44400 +45000 2054 2020 0.0577
a range +44400 +45000 2055 2016 0.0562
a range +44400 +45000 2056 2014 0.0543
a range +44400 +45000 2057 2008 0.0539
a range +44400 +45000 2058 2012 0.0565
a range +44400 +45000 2059 9012 1104.7811
a range +44400 +45000 2060 2011 0.0565
a range +44400 +45000 2061 2013 0.0563
a range +44400 +45000 2062 2007 0.0546
a range +44400 +45000 2063 2009 0.0566
a range +44400 +45000 2064 2002 0.0536
a range +44400 +45000 9001 9004 0.0
a range +44400 +45000 9002 9011 0.0
a range +44400 +45000 9003 2038 1104.7768
a range +44400 +45000 9004 9001 0.0
a range +44400 +45000 9005 9008 0.0
a range +44400 +45000 9006 2043 1104.1388
a range +44400 +45000 9007 9010 0.0
a range +44400 +45000 9008 9005 0.0
a range +44400 +45000 9009 2037 1104.7672
a range +44400 +45000 9010 9007 0.0
a range +44400 +45000 9011 9002 0.0
a range +44400 +45000 9012 2059 1104.7811
a range +45000 +45600 2001 2016 0.0186
a range +45000 +45600 2002 2059 0.0539
a range +45000 +45600 2003 2043 0.0504
a range +45000 +45600 2004 2037 0.0482
a range +45000 +45600 2005 2011 0.0187
a range +45000 +45600 2006 2008 0.0335
a range +45000 +45600 2007 2038 0.0505
a range +45000 +45600 2008 2006 0.0335
a range +45000 +45600 2009 2031 0.0497
a range +45000 +45600 2010 2012 0.0349
a range +45000 +45600 2011 2005 0.0187
a range +45000 +45600 2012 2010 0.0349
a range +45000 +45600 2013 2058 0.0555
a range +45000 +45600 2014 2061 0.0569
a range +45000 +45600 2015 2063 0.0555
a range +45000 +45600 2016 2001 0.0186
a range +45000 +45600 2017 2064 0.0581
a range +45000 +45600 2018 2062 0.0586
a range +45000 +45600 2019 2056 0.0568
a range +45000 +45600 2020 2057 0.0579
a range +45000 +45600 2021 2054 0.0568
a range +45000 +45600 2022 2051 0.0558
a range +45000 +45600 2023 2055 0.0565
a range +45000 +45600 2024 2047 0.0546
a range +45000 +45600 2025 2052 0.0582
a range +45000 +45600 2026 2049 0.058
a range +45000 +45600 2027 2050 0.0575
a range +45000 +45600 2028 2048 0.04
a range +45000 +45600 2029 2044 0.0564
a range +45000 +45600 2030 9009 1104.7774
a range +45000 +45600 2031 2009 0.0497
a range +45000 +45600 2032 2046 0.0041
a range +45000 +45600 2033 2045 0.0485
a range +45000 +45600 2034 2041 0.0216
a range +45000 +45600 2035 2040 0.0549
a range +45000 +45600 2036 2039 0.055
a range +45000 +45600 2037 2004 0.0482
a range +45000 +45600 2038 2007 0.0505
a range +45000 +45600 2039 2036 0.055
a range +45000 +45600 2040 2035 0.0549
a range +45000 +45600 2041 2034 0.0216
a range +45000 +45600 2042 9012 1104.2567
a range +45000 +45600 2043 2003 0.0504
a range +45000 +45600 2044 2029 0.0564
a range +45000 +45600 2045 2033 0.0485
a range +45000 +45600 2046 2032 0.0041
a range +45000 +45600 2047 2024 0.0546
a range +45000 +45600 2048 2028 0.04
a range +45000 +45600 2049 2026 0.058
a range +45000 +45600 2050 2027 0.0575
a range +45000 +45600 2051 2022 0.0558
a range +45000 +45600 2052 2025 0.0582
a range +45000 +45600 2053 9006 1104.7563
a range +45000 +45600 2054 2021 0.0568
a range +45000 +45600 2055 2023 0.0565
a range +45000 +45600 2056 2019 0.0568
a range +45000 +45600 2057 2020 0.0579
a range +45000 +45600 2058 2013 0.0555
a range +45000 +45600 2059 2002 0.0539
a range +45000 +45600 2060 9003 1104.7717
a range +45000 +45600 2061 2014 0.0569
a range +45000 +45600 2062 2018 0.0586
a range +45000 +45600 2063 2015 0.0555
a range +45000 +45600 2064 2017 0.0581
a range +45000 +45600 9001 9007 0.0
a range +45000 +45600 9002 9008 0.0
a range +45000 +45600 9003 2060 1104.7717
a range +45000 +45600 9004 9010 0.0
a range +45000 +45600 9005 9011 0.0
a range +45000 +45600 9006 2053 1104.7563
a range +45000 +45600 9007 9001 0.0
a range +45000 +45600 9008 9002 0.0
a range +45000 +45600 9009 2030 1104.7774
a range +45000 +45600 9010 9004 0.0
a range +45000 +45600 9011 9005 0.0
a range +45000 +45600 9012 2042 1104.2567
a range +45600 +46200 2001 2017 0.0453
a range +45600 +46200 2002 2043 0.0499
a range +45600 +46200 2003 2042 0.0506
a range +45600 +46200 2004 2012 0.0428
a range +45600 +46200 2005 2036 0.0512
a range +45600 +46200 2006 2009 0.0427
a range +45600 +46200 2007 2030 0.0463
a range +45600 +46200 2008 2023 0.0461
a range +45600 +46200 2009 2006 0.0427
a range +45600 +46200 2010 2016 0.0356
a range +45600 +46200 2011 9009 1103.6443
a range +45600 +46200 2012 2004 0.0428
a range +45600 +46200 2013 2059 0.0561
a range +45600 +46200 2014 2031 0.0482
a range +45600 +46200 2015 2037 0.0502
a range +45600 +46200 2016 2010 0.0356
a range +45600 +46200 2017 2001 0.0453
a range +45600 +46200 2018 2064 0.0574
a range +45600 +46200 2019 2063 0.0589
a range +45600 +46200 2020 2062 0.0577
a range +45600 +46200 2021 2061 0.0575
a range +45600 +46200 2022 9006 1104.7771
a range +45600 +46200 2023 2008 0.0461
a range +45600 +46200 2024 2058 0.0579
a range +45600 +46200 2025 2057 0.0594
a range +45600 +46200 2026 2056 0.0579
a range +45600 +46200 2027 2055 0.0573
a range +45600 +46200 2028 2054 0.0585
a range +45600 +46200 2029 2052 0.0583
a range +45600 +46200 2030 2007 0.0463
a range +45600 +46200 2031 2014 0.0482
a range +45600 +46200 2032 2051 0.0573
a range +45600 +46200 2033 2050 0.0373
a range +45600 +46200 2034 2049 0.0603
a range +45600 +46200 2035 2048 0.037
a range +45600 +46200 2036 2005 0.0512
a range +45600 +46200 2037 2015 0.0502
a range +45600 +46200 2038 2047 0.0575
a range +45600 +46200 2039 2046 0.0093
a range +45600 +46200 2040 2045 0.0336
a range +45600 +46200 2041 2044 0.0581
a range +45600 +46200 2042 2003 0.0506
a range +45600 +46200 2043 2002 0.0499
a range +45600 +46200 2044 2041 0.0581
a range +45600 +46200 2045 2040 0.0336
a range +45600 +46200 2046 2039 0.0093
a range +45600 +46200 2047 2038 0.0575
a range +45600 +46200 2048 2035 0.037
a range +45600 +46200 2049 2034 0.0603
a range +45600 +46200 2050 2033 0.0373
a range +45600 +46200 2051 2032 0.0573
a range +45600 +46200 2052 2029 0.0583
a range +45600 +46200 2053 9003 1104.7563
a range +45600 +46200 2054 2028 0.0585
a range +45600 +46200 2055 2027 0.0573
a range +45600 +46200 2056 2026 0.0579
a range +45600 +46200 2057 2025 0.0594
a range +45600 +46200 2058 2024 0.0579
a range +45600 +46200 2059 2013 0.0561
a range +45600 +46200 2060 9012 1104.7717
a range +45600 +46200 2061 2021 0.0575
a range +45600 +46200 2062 2020 0.0577
a range +45600 +46200 2063 2019 0.0589
a range +45600 +46200 2064 2018 0.0574
a range +45600 +46200 9001 9010 0.0
a range +45600 +46200 9003 2053 1104.7563
a range +45600 +46200 9004 9007 0.0
a range +45600 +46200 9006 2022 1104.7771
a range +45600 +46200 9007 9004 0.0
a range +45600 +46200 9009 2011 1103.6443
a range +45600 +46200 9010 9001 0.0
a range +45600 +46200 9012 2060 1104.7717
a range +46200 +46800 2001 2018 0.0446
a range +46200 +46800 2002 2037 0.0502
a range +46200 +46800 2003 2053 0.0528
a range +46200 +46800 2004 2042 0.05
a range +46200 +46800 2005 2041 0.0501
a range +46200 +46800 2006 2010 0.0411
a range +46200 +46800 2007 2036 0.0491
a range +46200 +46800 2008 2030 0.0478
a range +46200 +46800 2009 2023 0.0206
a range +46200 +46800 2010 2006 0.0411
a range +46200 +46800 2011 9012 1103.6443
a range +46200 +46800 2012 2022 0.0466
a range +46200 +46800 2013 2057 0.0553
a range +46200 +46800 2014 2059 0.0568
a range +46200 +46800 2015 2021 0.0258
a range +46200 +46800 2016 2064 0.0554
a range +46200 +46800 2017 2063 0.0573
a range +46200 +46800 2018 2001 0.0446
a range +46200 +46800 2019 2062 0.0585
a range +46200 +46800 2020 2061 0.0582
a range +46200 +46800 2021 2015 0.0258
a range +46200 +46800 2022 2012 0.0466
a range +46200 +46800 2023 2009 0.0206
a range +46200 +46800 2024 2056 0.0574
a range +46200 +46800 2025 2058 0.0595
a range +46200 +46800 2026 2055 0.0588
a range +46200 +46800 2027 2048 0.0406
a range +46200 +46800 2028 2051 0.0574
a range +46200 +46800 2029 9006 1104.7832
a range +46200 +46800 2030 2008 0.0478
a range +46200 +46800 2031 2050 0.0581
a range +46200 +46800 2032 2049 0.058
a range +46200 +46800 2033 2046 0.0366
a range +46200 +46800 2034 2045 0.0573
a range +46200 +46800 2035 2043 0.0307
a range +46200 +46800 2036 2007 0.0491
a range +46200 +46800 2037 2002 0.0502
a range +46200 +46800 2038 2044 0.0267
a range +46200 +46800 2039 2040 0.0237
a range +46200 +46800 2040 2039 0.0237
a range +46200 +46800 2041 2005 0.0501
a range +46200 +46800 2042 2004 0.05
a range +46200 +46800 2043 2035 0.0307
a range +46200 +46800 2044 2038 0.0267
a range +46200 +46800 2045 2034 0.0573
a range +46200 +46800 2046 2033 0.0366
a range +46200 +46800 2047 2054 0.061
a range +46200 +46800 2048 2027 0.0406
a range +46200 +46800 2049 2032 0.058
a range +46200 +46800 2050 2031 0.0581
a range +46200 +46800 2051 2028 0.0574
a range +46200 +46800 2052 9003 1104.7797
a range +46200 +46800 2053 2003 0.0528
a range +46200 +46800 2054 2047 0.061
a range +46200 +46800 2055 2026 0.0588
a range +46200 +46800 2056 2024 0.0574
a range +46200 +46800 2057 2013 0.0553
a range +46200 +46800 2058 2025 0.0595
a range +46200 +46800 2059 2014 0.0568
a range +46200 +46800 2060 9009 1104.7717
a range +46200 +46800 2061 2020 0.0582
a range +46200 +46800 2062 2019 0.0585
a range +46200 +46800 2063 2017 0.0573
a range +46200 +46800 2064 2016 0.0554
a range +46200 +46800 9001 9004 0.0
a range +45600 +46800 9002 9005 0.0
a range +46200 +46800 9003 2052 1104.7797
a range +46200 +46800 9004 9001 0.0
a range +45600 +46800 9005 9002 0.0
a range +46200 +46800 9006 2029 1104.7832
a range +46200 +46800 9007 9010 0.0
a range +45600 +46800 9008 9011 0.0
a range +46200 +46800 9009 2060 1104.7717
a range +46200 +46800 9010 9007 0.0
a range +45600 +46800 9011 9008 0.0
a range +46200 +46800 9012 2011 1103.6443
a range +46800 +47400 2001 2019 0.0282
a range +46800 +47400 2002 2042 0.0512
a range +46800 +47400 2003 2060 0.0535
a range +46800 +47400 2004 2041 0.0506
a range +46800 +47400 2005 2029 0.0472
a range +46800 +47400 2006 2012 0.0217
a range +46800 +47400 2007 2022 0.0449
a range +46800 +47400 2008 2021 0.0468
a range +46800 +47400 2009 2036 0.0509
a range +46800 +47400 2010 2020 0.0464
a range +46800 +47400 2011 9006 1103.6443
a range +46800 +47400 2012 2006 0.0217
a range +46800 +47400 2013 2030 0.0483
a range +46800 +47400 2014 2058 0.0558
a range +46800 +47400 2015 2059 0.0567
a range +46800 +47400 2016 2061 0.0416
a range +46800 +47400 2017 2062 0.0583
a range +46800 +47400 2018 2063 0.058
a range +46800 +47400 2019 2001 0.0282
a range +46800 +47400 2020 2010 0.0464
a range +46800 +47400 2021 2008 0.0468
a range +46800 +47400 2022 2007 0.0449
a range +46800 +47400 2023 2064 0.0582
a range +46800 +47400 2024 2057 0.0581
a range +46800 +47400 2025 2056 0.0582
a range +46800 +47400 2026 2054 0.0583
a range +46800 +47400 2027 2047 0.0513
a range +46800 +47400 2028 2055 0.0573
a range +46800 +47400 2029 2005 0.0472
a range +46800 +47400 2030 2013 0.0483
a range +46800 +47400 2031 2051 0.0578
a range +46800 +47400 2032 2050 0.0585
a range +46800 +47400 2033 2049 0.0401
a range +46800 +47400 2034 2048 0.0252
a range +46800 +47400 2035 9003 1104.7649
a range +46800 +47400 2036 2009 0.0509
a range +46800 +47400 2037 2046 0.0574
a range +46800 +47400 2038 2045 0.0199
a range +46800 +47400 2039 2044 0.0381
a range +46800 +47400 2040 2043 0.0577
a range +46800 +47400 2041 2004 0.0506
a range +46800 +47400 2042 2002 0.0512
a range +46800 +47400 2043 2040 0.0577
a range +46800 +47400 2044 2039 0.0381
a range +46800 +47400 2045 2038 0.0199
a range +46800 +47400 2046 2037 0.0574
a range +46800 +47400 2047 2027 0.0513
a range +46800 +47400 2048 2034 0.0252
a range +46800 +47400 2049 2033 0.0401
a range +46800 +47400 2050 2032 0.0585
a range +46800 +47400 2051 2031 0.0578
a range +46800 +47400 2052 9009 1104.7797
a range +46800 +47400 2053 9012 1104.7563
a range +46800 +47400 2054 2026 0.0583
a range +46800 +47400 2055 2028 0.0573
a range +46800 +47400 2056 2025 0.0582
a range +46800 +47400 2057 2024 0.0581
a range +46800 +47400 2058 2014 0.0558
a range +46800 +47400 2059 2015 0.0567
a range +46800 +47400 2060 2003 0.0535
a range +46800 +47400 2061 2016 0.0416
a range +46800 +47400 2062 2017 0.0583
a range +46800 +47400 2063 2018 0.058
a range +46800 +47400 2064 2023 0.0582
a range +46800 +47400 9001 9007 0.0
a range +46800 +47400 9002 9008 0.0
a range +46800 +47400 9003 2035 1104.7649
a range +46800 +47400 9004 9010 0.0
a range +46800 +47400 9005 9011 0.0
a range +46800 +47400 9006 2011 1103.6443
a range +46800 +47400 9007 9001 0.0
a range +46800 +47400 9008 9002 0.0
a range +46800 +47400 9009 2052 1104.7797
a range +46800 +47400 9010 9004 0.0
a range +46800 +47400 9011 9005 0.0
a range +46800 +47400 9012 2053 1104.7563
a range +47400 +48000 2001 2020 0.0448
a range +47400 +48000 2002 2052 0.0528
a range +47400 +48000 2003 2011 0.043
a range +47400 +48000 2004 2029 0.0474
a range +47400 +48000 2005 2028 0.0481
a range +47400 +48000 2006 2013 0.017
a range +47400 +48000 2007 2015 0.043
a range +47400 +48000 2008 2055 0.0536
a range +47400 +48000 2009 2022 0.0161
a range +47400 +48000 2010 2021 0.0367
a range +47400 +48000 2011 2003 0.043
a range +47400 +48000 2012 2059 0.057
a range +47400 +48000 2013 2006 0.017
a range +47400 +48000 2014 2051 0.0542
a range +47400 +48000 2015 2007 0.043
a range +47400 +48000 2016 2042 0.0523
a range +47400 +48000 2017 2030 0.0505
a range +47400 +48000 2018 2056 0.0577
a range +47400 +48000 2019 2036 0.0531
a range +47400 +48000 2020 2001 0.0448
a range +47400 +48000 2021 2010 0.0367
a range +47400 +48000 2022 2009 0.0161
a range +47400 +48000 2023 2063 0.058
a range +47400 +48000 2024 2064 0.0573
a range +47400 +48000 2025 2062 0.0608
a range +47400 +48000 2026 2057 0.0614
a range +47400 +48000 2027 2054 0.0577
a range +47400 +48000 2028 2005 0.0481
a range +47400 +48000 2029 2004 0.0474
a range +47400 +48000 2030 2017 0.0505
a range +47400 +48000 2031 2033 0.054
a range +47400 +48000 2032 2058 0.0601
a range +47400 +48000 2033 2031 0.054
a range +47400 +48000 2034 2047 0.0398
a range +47400 +48000 2035 9012 1104.7649
a range +47400 +48000 2036 2019 0.0531
a range +47400 +48000 2037 2049 0.0485
a range +47400 +48000 2038 2046 0.0305
a range +47400 +48000 2039 2045 0.017
a range +47400 +48000 2040 2048 0.0367
a range +47400 +48000 2041 9003 1104.3991
a range +47400 +48000 2042 2016 0.0523
a range +47400 +48000 2043 2044 0.0242
a range +47400 +48000 2044 2043 0.0242
a range +47400 +48000 2045 2039 0.017
a range +47400 +48000 2046 2038 0.0305
a range +47400 +48000 2047 2034 0.0398
a range +47400 +48000 2048 2040 0.0367
a range +47400 +48000 2049 2037 0.0485
a range +47400 +48000 2050 2061 0.0644
a range +47400 +48000 2051 2014 0.0542
a range +47400 +48000 2052 2002 0.0528
a range +47400 +48000 2053 9009 1104.7563
a range +47400 +48000 2054 2027 0.0577
a range +47400 +48000 2055 2008 0.0536
a range +47400 +48000 2056 2018 0.0577
a range +47400 +48000 2057 2026 0.0614
a range +47400 +48000 2058 2032 0.0601
a range +47400 +48000 2059 2012 0.057
a range +47400 +48000 2060 9006 1104.7717
a range +47400 +48000 2061 2050 0.0644
a range +47400 +48000 2062 2025 0.0608
a range +47400 +48000 2063 2023 0.058
a range +47400 +48000 2064 2024 0.0573
a range +47400 +48000 9001 9010 0.0
a range +47400 +48000 9002 9011 0.0
a range +47400 +48000 9003 2041 1104.3991
a range +47400 +48000 9004 9007 0.0
a range +47400 +48000 9005 9008 0.0
a range +47400 +48000 9006 2060 1104.7717
a range +47400 +48000 9007 9004 0.0
a range +47400 +48000 9008 9005 0.0
a range +47400 +48000 9009 2053 1104.7563
a range +47400 +48000 9010 9001 0.0
a range +47400 +48000 9011 9002 0.0
a range +47400 +48000 9012 2035 1104.7649
a range +48000 +48600 2001 2023 0.0451
a range +48000 +48600 2002 2053 0.0518
a range +48000 +48600 2003 2021 0.0369
a range +48000 +48600 2004 2060 0.0536
a range +48000 +48600 2005 2010 0.0287
a range +48000 +48600 2006 2011 0.0321
a range +48000 +48600 2007 2059 0.0541
a range +48000 +48600 2008 2051 0.0519
a range +48000 +48600 2009 2052 0.054
a range +48000 +48600 2010 2005 0.0287
a range +48000 +48600 2011 2006 0.0321
a range +48000 +48600 2012 2041 0.0529
a range +48000 +48600 2013 2022 0.047
a range +48000 +48600 2014 2050 0.0541
a range +48000 +48600 2015 2036 0.0519
a range +48000 +48600 2016 2029 0.0353
a range +48000 +48600 2017 2056 0.0563
a range +48000 +48600 2018 2061 0.0595
a range +48000 +48600 2019 2064 0.058
a range +48000 +48600 2020 2063 0.0595
a range +48000 +48600 2021 2003 0.0369
a range +48000 +48600 2022 2013 0.047
a range +48000 +48600 2023 2001 0.0451
a range +48000 +48600 2024 2062 0.0574
a range +48000 +48600 2025 2055 0.0578
a range +48000 +48600 2026 2045 0.0426
a range +48000 +48600 2027 2037 0.0539
a range +48000 +48600 2028 9012 1104.7841
a range +48000 +48600 2029 2016 0.0353
a range +48000 +48600 2030 2058 0.0608
a range +48000 +48600 2031 2057 0.0605
a range +48000 +48600 2032 2054 0.0574
a range +48000 +48600 2033 2047 0.0242
a range +48000 +48600 2034 9009 1104.7739
a range +48000 +48600 2035 9006 1104.7649
a range +48000 +48600 2036 2015 0.0519
a range +48000 +48600 2037 2027 0.0539
a range +48000 +48600 2038 2049 0.0367
a range +48000 +48600 2039 2043 0.0534
a range +48000 +48600 2040 2046 0.0158
a range +48000 +48600 2041 2012 0.0529
a range +48000 +48600 2042 2044 0.044
a range +48000 +48600 2043 2039 0.0534
a range +48000 +48600 2044 2042 0.044
a range +48000 +48600 2045 2026 0.0426
a range +48000 +48600 2046 2040 0.0158
a range +48000 +48600 2047 2033 0.0242
a range +48000 +48600 2048 9003 1104.5421
a range +48000 +48600 2049 2038 0.0367
a range +48000 +48600 2050 2014 0.0541
a range +48000 +48600 2051 2008 0.0519
a range +48000 +48600 2052 2009 0.054
a range +48000 +48600 2053 2002 0.0518
a range +48000 +48600 2054 2032 0.0574
a range +48000 +48600 2055 2025 0.0578
a range +48000 +48600 2056 2017 0.0563
a range +48000 +48600 2057 2031 0.0605
a range +48000 +48600 2058 2030 0.0608
a range +48000 +48600 2059 2007 0.0541
a range +48000 +48600 2060 2004 0.0536
a range +48000 +48600 2061 2018 0.0595
a range +48000 +48600 2062 2024 0.0574
a range +48000 +48600 2063 2020 0.0595
a range +48000 +48600 2064 2019 0.058
a range +48000 +48600 9001 9004 0.0
a range +48000 +48600 9002 9005 0.0
a range +48000 +48600 9003 2048 1104.5421
a range +48000 +48600 9004 9001 0.0
a range +48000 +48600 9005 9002 0.0
a range +48000 +48600 9006 2035 1104.7649
a range +48000 +48600 9007 9010 0.0
a range +48000 +48600 9008 9011 0.0
a range +48000 +48600 9009 2034 1104.7739
a range +48000 +48600 9010 9007 0.0
a range +48000 +48600 9011 9008 0.0
a range +48000 +48600 9012 2028 1104.7841
a range +48600 +49200 2001 2024 0.0455
a range +48600 +49200 2002 2041 0.0506
a range +48600 +49200 2003 2011 0.043
a range +48600 +49200 2004 2053 0.0535
a range +48600 +49200 2005 2060 0.0535
a range +48600 +49200 2006 2016 0.0427
a range +48600 +49200 2007 2052 0.0527
a range +48600 +49200 2008 2050 0.0527
a range +48600 +49200 2009 2010 0.0186
a range +48600 +49200 2010 2009 0.0186
a range +48600 +49200 2011 2003 0.043
a range +48600 +49200 2012 2035 0.051
a range +48600 +49200 2013 2055 0.0549
a range +48600 +49200 2014 2049 0.054
a range +48600 +49200 2015 2029 0.0488
a range +48600 +49200 2016 2006 0.0427
a range +48600 +49200 2017 2051 0.0558
a range +48600 +49200 2018 2047 0.0542
a range +48600 +49200 2019 2021 0.0384
a range +48600 +49200 2020 2022 0.0366
a range +48600 +49200 2021 2019 0.0384
a range +48600 +49200 2022 2020 0.0366
a range +48600 +49200 2023 2062 0.0574
a range +48600 +49200 2024 2001 0.0455
a range +48600 +49200 2025 2064 0.06
a range +48600 +49200 2026 2063 0.0597
a range +48600 +49200 2027 2061 0.0601
a range +48600 +49200 2028 9006 1104.7841
a range +48600 +49200 2029 2015 0.0488
a range +48600 +49200 2030 2057 0.0607
a range +48600 +49200 2031 2058 0.0606
a range +48600 +49200 2032 2056 0.0574
a range +48600 +49200 2033 2054 0.0601
a range +48600 +49200 2034 9003 1104.7739
a range +48600 +49200 2035 2012 0.051
a range +48600 +49200 2036 2044 0.0358
a range +48600 +49200 2037 2046 0.0574
a range +48600 +49200 2038 2043 0.0416
a range +48600 +49200 2039 9009 1104.7849
a range +48600 +49200 2040 9012 1104.7876
a range +48600 +49200 2041 2002 0.0506
a range +48600 +49200 2042 2045 0.0582
a range +48600 +49200 2043 2038 0.0416
a range +48600 +49200 2044 2036 0.0358
a range +48600 +49200 2045 2042 0.0582
a range +48600 +49200 2046 2037 0.0574
a range +48600 +49200 2047 2018 0.0542
a range +48600 +49200 2048 2059 0.0472
a range +48600 +49200 2049 2014 0.054
a range +48600 +49200 2050 2008 0.0527
a range +48600 +49200 2051 2017 0.0558
a range +48600 +49200 2052 2007 0.0527
a range +48600 +49200 2053 2004 0.0535
a range +48600 +49200 2054 2033 0.0601
a range +48600 +49200 2055 2013 0.0549
a range +48600 +49200 2056 2032 0.0574
a range +48600 +49200 2057 2030 0.0607
a range +48600 +49200 2058 2031 0.0606
a range +48600 +49200 2059 2048 0.0472
a range +48600 +49200 2060 2005 0.0535
a range +48600 +49200 2061 2027 0.0601
a range +48600 +49200 2062 2023 0.0574
a range +48600 +49200 2063 2026 0.0597
a range +48600 +49200 2064 2025 0.06
a range +48600 +49200 9001 9007 0.0
a range +48600 +49200 9002 9008 0.0
a range +48600 +49200 9003 2034 1104.7739
a range +48600 +49200 9004 9010 0.0
a range +48600 +49200 9005 9011 0.0
a range +48600 +49200 9006 2028 1104.7841
a range +48600 +49200 9007 9001 0.0
a range +48600 +49200 9008 9002 0.0
a range +48600 +49200 9009 2039 1104.7849
a range +48600 +49200 9010 9004 0.0
a range +48600 +49200 9011 9005 0.0
a range +48600 +49200 9012 2040 1104.7876
a range +49200 +49800 2001 2022 0.0468
a range +49200 +49800 2002 2010 0.0428
a range +49200 +49800 2003 2005 0.0323
a range +49200 +49800 2004 2052 0.0534
a range +49200 +49800 2005 2003 0.0323
a range +49200 +49800 2007 2011 0.0424
a range +49200 +49800 2008 2049 0.0534
a range +49200 +49800 2009 2060 0.0572
a range +49200 +49800 2010 2002 0.0428
a range +49200 +49800 2011 2007 0.0424
a range +49200 +49800 2012 2048 0.0547
a range +49200 +49800 2013 2054 0.0556
a range +49200 +49800 2015 2035 0.0515
a range +49200 +49800 2016 2028 0.0337
a range +49200 +49800 2017 2055 0.0572
a range +49200 +49800 2018 2050 0.058
a range +49200 +49800 2019 2061 0.0581
a range +49200 +49800 2020 2021 0.0204
a range +49200 +49800 2021 2020 0.0204
a range +49200 +49800 2022 2001 0.0468
a range +49200 +49800 2023 2058 0.0588
a range +49200 +49800 2024 2063 0.0582
a range +49200 +49800 2025 2053 0.0576
a range +49200 +49800 2026 2064 0.0594
a range +49200 +49800 2027 9012 1104.7794
a range +49200 +49800 2028 2016 0.0337
a range +49200 +49800 2029 2057 0.0609
a range +49200 +49800 2030 2056 0.0578
a range +49200 +49800 2031 2062 0.0593
a range +49200 +49800 2032 2047 0.0563
a range +49200 +49800 2033 9003 1104.7829
a range +49200 +49800 2034 9006 1104.7739
a range +49200 +49800 2035 2015 0.0515
a range +49200 +49800 2036 2051 0.0601
a range +49200 +49800 2037 2045 0.0371
a range +49200 +49800 2038 2039 0.0216
a range +49200 +49800 2039 2038 0.0216
a range +49200 +49800 2040 2044 0.0501
a range +49200 +49800 2041 2046 0.059
a range +49200 +49800 2042 2043 0.0232
a range +49200 +49800 2043 2042 0.0232
a range +49200 +49800 2044 2040 0.0501
a range +49200 +49800 2045 2037 0.0371
a range +49200 +49800 2046 2041 0.059
a range +49200 +49800 2047 2032 0.0563
a range +49200 +49800 2048 2012 0.0547
a range +49200 +49800 2049 2008 0.0534
a range +49200 +49800 2050 2018 0.058
a range +49200 +49800 2051 2036 0.0601
a range +49200 +49800 2052 2004 0.0534
a range +49200 +49800 2053 2025 0.0576
a range +49200 +49800 2054 2013 0.0556
a range +49200 +49800 2055 2017 0.0572
a range +49200 +49800 2056 2030 0.0578
a range +49200 +49800 2057 2029 0.0609
a range +49200 +49800 2058 2023 0.0588
a range +49200 +49800 2059 9009 1104.7811
a range +49200 +49800 2060 2009 0.0572
a range +49200 +49800 2061 2019 0.0581
a range +49200 +49800 2062 2031 0.0593
a range +49200 +49800 2063 2024 0.0582
a range +49200 +49800 2064 2026 0.0594
a range +49200 +49800 9001 9010 0.0
a range +49200 +49800 9002 9011 0.0
a range +49200 +49800 9003 2033 1104.7829
a range +49200 +49800 9004 9007 0.0
a range +49200 +49800 9005 9008 0.0
a range +49200 +49800 9006 2034 1104.7739
a range +49200 +49800 9007 9004 0.0
a range +49200 +49800 9008 9005 0.0
a range +49200 +49800 9009 2059 1104.7811
a range +49200 +49800 9010 9001 0.0
a range +49200 +49800 9011 9002 0.0
a range +49200 +49800 9012 2027 1104.7794
a range +49800 +50400 2001 2025 0.0473
a range +49800 +50400 2002 2060 0.0539
a range +49800 +50400 2003 2034 0.0485
a range +49800 +50400 2004 2005 0.0173
a range +49800 +50400 2005 2004 0.0173
a range +49200 +50400 2006 2014 0.0428
a range +49800 +50400 2007 2028 0.0491
a range +49800 +50400 2008 2027 0.0491
a range +49800 +50400 2009 2015 0.036
a range +49800 +50400 2010 2019 0.0468
a range +49800 +50400 2011 2020 0.0464
a range +49800 +50400 2012 2057 0.0415
a range +49800 +50400 2013 2053 0.0552
a range +49200 +50400 2014 2006 0.0428
a range +49800 +50400 2015 2009 0.036
a range +49800 +50400 2016 2058 0.0556
a range +49800 +50400 2017 2050 0.0567
a range +49800 +50400 2018 2059 0.0577
a range +49800 +50400 2019 2010 0.0468
a range +49800 +50400 2020 2011 0.0464
a range +49800 +50400 2021 9003 1104.7925
a range +49800 +50400 2022 2064 0.0587
a range +49800 +50400 2023 2026 0.0502
a range +49800 +50400 2024 2061 0.0579
a range +49800 +50400 2025 2001 0.0473
a range +49800 +50400 2026 2023 0.0502
a range +49800 +50400 2027 2008 0.0491
a range +49800 +50400 2028 2007 0.0491
a range +49800 +50400 2029 2054 0.0579
a range +49800 +50400 2030 2063 0.0615
a range +49800 +50400 2031 2056 0.0573
a range +49800 +50400 2032 2062 0.0613
a range +49800 +50400 2033 9006 1104.7829
a range +49800 +50400 2034 2003 0.0485
a range +49800 +50400 2035 2052 0.0467
a range +49800 +50400 2036 2055 0.0262
a range +49800 +50400 2037 2051 0.0605
a range +49800 +50400 2038 2041 0.0577
a range +49800 +50400 2039 2049 0.0276
a range +49800 +50400 2040 2042 0.0576
a range +49800 +50400 2041 2038 0.0577
a range +49800 +50400 2042 2040 0.0576
a range +49800 +50400 2043 2046 0.0582
a range +49800 +50400 2044 2045 0.0248
a range +49800 +50400 2045 2044 0.0248
a range +49800 +50400 2046 2043 0.0582
a range +49800 +50400 2047 9009 1104.6853
a range +49800 +50400 2048 9012 1104.5421
a range +49800 +50400 2049 2039 0.0276
a range +49800 +50400 2050 2017 0.0567
a range +49800 +50400 2051 2037 0.0605
a range +49800 +50400 2052 2035 0.0467
a range +49800 +50400 2053 2013 0.0552
a range +49800 +50400 2054 2029 0.0579
a range +49800 +50400 2055 2036 0.0262
a range +49800 +50400 2056 2031 0.0573
a range +49800 +50400 2057 2012 0.0415
a range +49800 +50400 2058 2016 0.0556
a range +49800 +50400 2059 2018 0.0577
a range +49800 +50400 2060 2002 0.0539
a range +49800 +50400 2061 2024 0.0579
a range +49800 +50400 2062 2032 0.0613
a range +49800 +50400 2063 2030 0.0615
a range +49800 +50400 2064 2022 0.0587
a range +49800 +50400 9001 9004 0.0
a range +49800 +50400 9002 9005 0.0
a range +49800 +50400 9003 2021 1104.7925
a range +49800 +50400 9004 9001 0.0
a range +49800 +50400 9005 9002 0.0
a range +49800 +50400 9006 2033 1104.7829
a range +49800 +50400 9007 9010 0.0
a range +49800 +50400 9008 9011 0.0
a range +49800 +50400 9009 2047 1104.6853
a range +49800 +50400 9010 9007 0.0
a range +49800 +50400 9011 9008 0.0
a range +49800 +50400 9012 2048 1104.5421
a range +50400 +51000 2001 2021 0.046
a range +50400 +51000 2002 2034 0.0509
a range +50400 +51000 2003 2033 0.0481
a range +50400 +51000 2004 2043 0.052
a range +50400 +51000 2005 2012 0.0187
a range +50400 +51000 2006 2017 0.036
a range +50400 +51000 2007 2060 0.0536
a range +50400 +51000 2008 2053 0.0533
a range +50400 +51000 2009 2046 0.0545
a range +50400 +51000 2010 2027 0.0482
a range +50400 +51000 2011 2059 0.0554
a range +50400 +51000 2012 2005 0.0187
a range +50400 +51000 2013 2050 0.0548
a range +50400 +51000 2014 2052 0.0542
a range +50400 +51000 2015 2022 0.0464
a range +50400 +51000 2016 2057 0.0557
a range +50400 +51000 2017 2006 0.036
a range +50400 +51000 2018 2055 0.0558
a range +50400 +51000 2019 2058 0.0574
a range +50400 +51000 2020 2051 0.0556
a range +50400 +51000 2021 2001 0.046
a range +50400 +51000 2022 2015 0.0464
a range +50400 +51000 2023 2035 0.052
a range +50400 +51000 2024 2054 0.0562
a range +50400 +51000 2025 2063 0.0603
a range +50400 +51000 2026 2036 0.054
a range +50400 +51000 2027 2010 0.0482
a range +50400 +51000 2028 2049 0.0578
a range +50400 +51000 2029 2056 0.0576
a range +50400 +51000 2030 2040 0.0538
a range +50400 +51000 2031 2048 0.0565
a range +50400 +51000 2032 2045 0.0207
a range +50400 +51000 2033 2003 0.0481
a range +50400 +51000 2034 2002 0.0509
a range +50400 +51000 2035 2023 0.052
a range +50400 +51000 2036 2026 0.054
a range +50400 +51000 2037 2062 0.0403
a range +50400 +51000 2038 2042 0.0529
a range +50400 +51000 2039 2061 0.0617
a range +50400 +51000 2040 2030 0.0538
a range +50400 +51000 2041 9012 1104.3991
a range +50400 +51000 2042 2038 0.0529
a range +50400 +51000 2043 2004 0.052
a range +50400 +51000 2044 9009 1103.9981
a range +50400 +51000 2045 2032 0.0207
a range +50400 +51000 2046 2009 0.0545
a range +50400 +51000 2047 9003 1104.6853
a range +50400 +51000 2048 2031 0.0565
a range +50400 +51000 2049 2028 0.0578
a range +50400 +51000 2050 2013 0.0548
a range +50400 +51000 2051 2020 0.0556
a range +50400 +51000 2052 2014 0.0542
a range +50400 +51000 2053 2008 0.0533
a range +50400 +51000 2054 2024 0.0562
a range +50400 +51000 2055 2018 0.0558
a range +50400 +51000 2056 2029 0.0576
a range +50400 +51000 2057 2016 0.0557
a range +50400 +51000 2058 2019 0.0574
a range +50400 +51000 2059 2011 0.0554
a range +50400 +51000 2060 2007 0.0536
a range +50400 +51000 2061 2039 0.0617
a range +50400 +51000 2062 2037 0.0403
a range +50400 +51000 2063 2025 0.0603
a range +50400 +51000 2064 9006 1104.7778
a range +50400 +51000 9001 9007 0.0
a range +50400 +51000 9002 9008 0.0
a range +50400 +51000 9003 2047 1104.6853
a range +50400 +51000 9004 9010 0.0
a range +50400 +51000 9005 9011 0.0
a range +50400 +51000 9006 2064 1104.7778
a range +50400 +51000 9007 9001 0.0
a range +50400 +51000 9008 9002 0.0
a range +50400 +51000 9009 2044 1103.9981
a range +50400 +51000 9010 9004 0.0
a range +50400 +51000 9011 9005 0.0
a range +50400 +51000 9012 2041 1104.3991
a range +51000 +51600 2001 2028 0.0465
a range +51000 +51600 2002 2033 0.0507
a range +51000 +51600 2003 2027 0.047
a range +51000 +51600 2004 9009 1104.7684
a range +51000 +51600 2005 2009 0.0385
a range +51000 +51600 2006 2018 0.0447
a range +51000 +51600 2007 2026 0.0478
a range +51000 +51600 2008 2058 0.0543
a range +51000 +51600 2009 2005 0.0385
a range +51000 +51600 2010 2060 0.0568
a range +51000 +51600 2011 2057 0.0564
a range +51000 +51600 2012 2055 0.0545
a range +51000 +51600 2013 2049 0.0538
a range +51000 +51600 2014 2053 0.0557
a range +51000 +51600 2015 2061 0.0564
a range +51000 +51600 2016 2054 0.0555
a range +51000 +51600 2017 2046 0.0548
a range +51000 +51600 2018 2006 0.0447
a range +51000 +51600 2019 2059 0.058
a range +51000 +51600 2020 2052 0.0572
a range +51000 +51600 2021 2063 0.0574
a range +51000 +51600 2022 2062 0.0583
a range +51000 +51600 2023 2056 0.0581
a range +51000 +51600 2024 2045 0.0545
a range +51000 +51600 2025 2048 0.044
a range +51000 +51600 2026 2007 0.0478
a range +51000 +51600 2027 2003 0.047
a range +51000 +51600 2028 2001 0.0465
a range +51000 +51600 2029 2051 0.0579
a range +51000 +51600 2030 2050 0.0588
a range +51000 +51600 2031 2044 0.0412
a range +51000 +51600 2032 2043 0.0557
a range +51000 +51600 2033 2002 0.0507
a range +51000 +51600 2034 2042 0.0336
a range +51000 +51600 2035 2041 0.0166
a range +51000 +51600 2036 2038 0.0427
a range +51000 +51600 2037 2039 0.0415
a range +51000 +51600 2038 2036 0.0427
a range +51000 +51600 2039 2037 0.0415
a range +51000 +51600 2040 9006 1104.7876
a range +51000 +51600 2041 2035 0.0166
a range +51000 +51600 2042 2034 0.0336
a range +51000 +51600 2043 2032 0.0557
a range +51000 +51600 2044 2031 0.0412
a range +51000 +51600 2045 2024 0.0545
a range +51000 +51600 2046 2017 0.0548
a range +51000 +51600 2047 9012 1104.6853
a range +51000 +51600 2048 2025 0.044
a range +51000 +51600 2049 2013 0.0538
a range +51000 +51600 2050 2030 0.0588
a range +51000 +51600 2051 2029 0.0579
a range +51000 +51600 2052 2020 0.0572
a range +51000 +51600 2053 2014 0.0557
a range +51000 +51600 2054 2016 0.0555
a range +51000 +51600 2055 2012 0.0545
a range +51000 +51600 2056 2023 0.0581
a range +51000 +51600 2057 2011 0.0564
a range +51000 +51600 2058 2008 0.0543
a range +51000 +51600 2059 2019 0.058
a range +51000 +51600 2060 2010 0.0568
a range +51000 +51600 2061 2015 0.0564
a range +51000 +51600 2062 2022 0.0583
a range +51000 +51600 2063 2021 0.0574
a range +51000 +51600 2064 9003 1104.7778
a range +51000 +51600 9001 9010 0.0
a range +51000 +51600 9002 9011 0.0
a range +51000 +51600 9003 2064 1104.7778
a range +51000 +51600 9004 9007 0.0
a range +51000 +51600 9005 9008 0.0
a range +51000 +51600 9006 2040 1104.7876
a range +51000 +51600 9007 9004 0.0
a range +51000 +51600 9008 9005 0.0
a range +51000 +51600 9009 2004 1104.7684
a range +51000 +51600 9010 9001 0.0
a range +51000 +51600 9011 9002 0.0
a range +51000 +51600 9012 2047 1104.6853
a range +51600 +52200 2001 2027 0.0467
a range +51600 +52200 2002 9003 1104.7826
a range +51600 +52200 2003 2040 0.0511
a range +51600 +52200 2004 9006 1104.7684
a range +51600 +52200 2005 2013 0.0283
a range +51600 +52200 2006 2019 0.0467
a range +51600 +52200 2007 2046 0.0499
a range +51600 +52200 2008 9009 1104.7812
a range +51600 +52200 2009 2033 0.0516
a range +51600 +52200 2010 2026 0.0491
a range +51600 +52200 2011 2058 0.0569
a range +51600 +52200 2012 2053 0.0538
a range +51600 +52200 2013 2005 0.0283
a range +51600 +52200 2014 2060 0.0554
a range +51600 +52200 2015 2054 0.0557
a range +51600 +52200 2016 2050 0.0558
a range +51600 +52200 2017 2059 0.0573
a range +51600 +52200 2018 2048 0.0549
a range +51600 +52200 2019 2006 0.0467
a range +51600 +52200 2020 2047 0.0544
a range +51600 +52200 2021 2057 0.0581
a range +51600 +52200 2022 2063 0.0578
a range +51600 +52200 2023 2061 0.0588
a range +51600 +52200 2024 2055 0.0581
a range +51600 +52200 2025 2051 0.0579
a range +51600 +52200 2026 2010 0.0491
a range +51600 +52200 2027 2001 0.0467
a range +51600 +52200 2028 2056 0.0591
a range +51600 +52200 2029 2049 0.0575
a range +51600 +52200 2030 2062 0.0595
a range +51600 +52200 2031 2045 0.0276
a range +51600 +52200 2032 2044 0.0409
a range +51600 +52200 2033 2009 0.0516
a range +51600 +52200 2034 2052 0.0456
a range +51600 +52200 2035 2042 0.0106
a range +51600 +52200 2036 2043 0.0171
a range +51600 +52200 2037 2041 0.0491
a range +51600 +52200 2038 9012 1104.7768
a range +51600 +52200 2039 2064 0.0609
a range +51600 +52200 2040 2003 0.0511
a range +51600 +52200 2041 2037 0.0491
a range +51600 +52200 2042 2035 0.0106
a range +51600 +52200 2043 2036 0.0171
a range +51600 +52200 2044 2032 0.0409
a range +51600 +52200 2045 2031 0.0276
a range +51600 +52200 2046 2007 0.0499
a range +51600 +52200 2047 2020 0.0544
a range +51600 +52200 2048 2018 0.0549
a range +51600 +52200 2049 2029 0.0575
a range +51600 +52200 2050 2016 0.0558
a range +51600 +52200 2051 2025 0.0579
a range +51600 +52200 2052 2034 0.0456
a range +51600 +52200 2053 2012 0.0538
a range +51600 +52200 2054 2015 0.0557
a range +51600 +52200 2055 2024 0.0581
a range +51600 +52200 2056 2028 0.0591
a range +51600 +52200 2057 2021 0.0581
a range +51600 +52200 2058 2011 0.0569
a range +51600 +52200 2059 2017 0.0573
a range +51600 +52200 2060 2014 0.0554
a range +51600 +52200 2061 2023 0.0588
a range +51600 +52200 2062 2030 0.0595
a range +51600 +52200 2063 2022 0.0578
a range +51600 +52200 2064 2039 0.0609
a range +51600 +52200 9001 9004 0.0
a range +51600 +52200 9002 9005 0.0
a range +51600 +52200 9003 2002 1104.7826
a range +51600 +52200 9004 9001 0.0
a range +51600 +52200 9005 9002 0.0
a range +51600 +52200 9006 2004 1104.7684
a range +51600 +52200 9007 9010 0.0
a range +51600 +52200 9008 9011 0.0
a range +51600 +52200 9009 2008 1104.7812
a range +51600 +52200 9010 9007 0.0
a range +51600 +52200 9011 9008 0.0
a range +51600 +52200 9012 2038 1104.7768
a range +52200 +52800 2001 2030 0.0487
a range +52200 +52800 2002 2010 0.0428
a range +52200 +52800 2003 2059 0.0541
a range +52200 +52800 2004 9004 1105.0608
a range +52200 +52800 2005 2016 0.0428
a range +52200 +52800 2006 2021 0.0456
a range +52200 +52800 2007 2040 0.0499
a range +52200 +52800 2008 2052 0.0438
a range +52200 +52800 2009 2062 0.0547
a range +52200 +52800 2010 2002 0.0428
a range +52200 +52800 2011 9007 1104.4086
a range +52200 +52800 2012 2050 0.0556
a range +52200 +52800 2013 2048 0.0521
a range +52200 +52800 2014 2047 0.052
a range +52200 +52800 2015 2060 0.0433
a range +52200 +52800 2016 2005 0.0428
a range +52200 +52800 2017 2049 0.0579
a range +52200 +52800 2018 2029 0.0502
a range +52200 +52800 2019 2055 0.0576
a range +52200 +52800 2020 2058 0.0575
a range +52200 +52800 2021 2006 0.0456
a range +52200 +52800 2022 2025 0.0502
a range +52200 +52800 2023 2057 0.0582
a range +52200 +52800 2024 2053 0.0576
a range +52200 +52800 2025 2022 0.0502
a range +52200 +52800 2026 9010 1105.0671
a range +52200 +52800 2027 2051 0.0575
a range +52200 +52800 2028 2063 0.0599
a range +52200 +52800 2029 2018 0.0502
a range +52200 +52800 2030 2001 0.0487
a range +52200 +52800 2031 2054 0.0576
a range +52200 +52800 2032 2038 0.0289
a range +52200 +52800 2033 2056 0.0595
a range +52200 +52800 2034 2064 0.0619
a range +52200 +52800 2035 9009 1104.7649
a range +52200 +52800 2036 2042 0.0149
a range +52200 +52800 2037 2044 0.0248
a range +52200 +52800 2038 2032 0.0289
a range +52200 +52800 2039 9001 1105.062
a range +52200 +52800 2040 2007 0.0499
a range +52200 +52800 2041 2043 0.0441
a range +52200 +52800 2042 2036 0.0149
a range +52200 +52800 2043 2041 0.0441
a range +52200 +52800 2044 2037 0.0248
a range +52200 +52800 2045 9012 1103.8585
a range +52200 +52800 2046 9003 1104.8041
a range +52200 +52800 2047 2014 0.052
a range +52200 +52800 2048 2013 0.0521
a range +52200 +52800 2049 2017 0.0579
a range +52200 +52800 2050 2012 0.0556
a range +52200 +52800 2051 2027 0.0575
a range +52200 +52800 2052 2008 0.0438
a range +52200 +52800 2053 2024 0.0576
a range +52200 +52800 2054 2031 0.0576
a range +52200 +52800 2055 2019 0.0576
a range +52200 +52800 2056 2033 0.0595
a range +52200 +52800 2057 2023 0.0582
a range +52200 +52800 2058 2020 0.0575
a range +52200 +52800 2059 2003 0.0541
a range +52200 +52800 2060 2015 0.0433
a range +52200 +52800 2061 9006 1104.7647
a range +52200 +52800 2062 2009 0.0547
a range +52200 +52800 2063 2028 0.0599
a range +52200 +52800 2064 2034 0.0619
a range +52200 +52800 9001 2039 1105.062
a range +52200 +52800 9002 9008 0.0
a range +52200 +52800 9003 2046 1104.8041
a range +52200 +52800 9004 2004 1105.0608
a range +52200 +52800 9005 9011 0.0
a range +52200 +52800 9006 2061 1104.7647
a range +52200 +52800 9007 2011 1104.4086
a range +52200 +52800 9008 9002 0.0
a range +52200 +52800 9009 2035 1104.7649
a range +52200 +52800 9010 2026 1105.0671
a range +52200 +52800 9011 9005 0.0
a range +52200 +52800 9012 2045 1103.8585
a range +52800 +53400 2001 2026 0.0475
a range +52800 +53400 2002 9006 1104.7826
a range +52800 +53400 2003 2058 0.0537
a range +52800 +53400 2004 9001 1105.0608
a range +52800 +53400 2005 2018 0.0466
a range +52800 +53400 2006 2022 0.0449
a range +52800 +53400 2007 2057 0.0537
a range +52800 +53400 2008 2048 0.0515
a range +52800 +53400 2009 2040 0.0501
a range +52800 +53400 2010 2017 0.0464
a range +52800 +53400 2011 2036 0.0507
a range +52800 +53400 2012 2049 0.0543
a range +52800 +53400 2013 2052 0.0547
a range +52800 +53400 2014 2021 0.0467
a range +52800 +53400 2015 2050 0.0552
a range +52800 +53400 2016 2060 0.0564
a range +52800 +53400 2017 2010 0.0464
a range +52800 +53400 2018 2005 0.0466
a range +52800 +53400 2019 2054 0.0555
a range +52800 +53400 2020 2059 0.0582
a range +52800 +53400 2021 2014 0.0467
a range +52800 +53400 2022 2006 0.0449
a range +52800 +53400 2023 2047 0.0557
a range +52800 +53400 2024 2046 0.054
a range +52800 +53400 2025 2035 0.0538
a range +52800 +53400 2026 2001 0.0475
a range +52800 +53400 2027 2053 0.0573
a range +52800 +53400 2028 2064 0.0596
a range +52800 +53400 2029 2039 0.0538
a range +52800 +53400 2030 2055 0.0572
a range +52800 +53400 2031 2042 0.056
a range +52800 +53400 2032 9003 1104.7656
a range +52800 +53400 2033 2062 0.0628
a range +52800 +53400 2034 2056 0.0607
a range +52800 +53400 2035 2025 0.0538
a range +52800 +53400 2036 2011 0.0507
a range +52800 +53400 2037 2043 0.0251
a range +52800 +53400 2038 9010 1105.069
a range +52800 +53400 2039 2029 0.0538
a range +52800 +53400 2040 2009 0.0501
a range +52800 +53400 2041 2051 0.0513
a range +52800 +53400 2042 2031 0.056
a range +52800 +53400 2043 2037 0.0251
a range +52800 +53400 2044 9007 1104.0104
a range +52800 +53400 2045 9004 1103.8763
a range +52800 +53400 2046 2024 0.054
a range +52800 +53400 2047 2023 0.0557
a range +52800 +53400 2048 2008 0.0515
a range +52800 +53400 2049 2012 0.0543
a range +52800 +53400 2050 2015 0.0552
a range +52800 +53400 2051 2041 0.0513
a range +52800 +53400 2052 2013 0.0547
a range +52800 +53400 2053 2027 0.0573
a range +52800 +53400 2054 2019 0.0555
a range +52800 +53400 2055 2030 0.0572
a range +52800 +53400 2056 2034 0.0607
a range +52800 +53400 2057 2007 0.0537
a range +52800 +53400 2058 2003 0.0537
a range +52800 +53400 2059 2020 0.0582
a range +52800 +53400 2060 2016 0.0564
a range +52800 +53400 2061 9009 1104.7647
a range +52800 +53400 2062 2033 0.0628
a range +52800 +53400 2063 9012 1104.7687
a range +52800 +53400 2064 2028 0.0596
a range +52800 +53400 9001 2004 1105.0608
a range +52800 +53400 9002 9011 0.0
a range +52800 +53400 9003 2032 1104.7656
a range +52800 +53400 9004 2045 1103.8763
a range +52800 +53400 9005 9008 0.0
a range +52800 +53400 9006 2002 1104.7826
a range +52800 +53400 9007 2044 1104.0104
a range +52800 +53400 9008 9005 0.0
a range +52800 +53400 9009 2061 1104.7647
a range +52800 +53400 9010 2038 1105.069
a range +52800 +53400 9011 9002 0.0
a range +52800 +53400 9012 2063 1104.7687
a range +53400 +54000 2001 2029 0.0481
a range +53400 +54000 2002 9007 1105.0481
a range +53400 +54000 2003 9004 1105.0533
a range +53400 +54000 2004 2039 0.0508
a range +53400 +54000 2005 2038 0.051
a range +53400 +54000 2006 2023 0.041
a range +53400 +54000 2007 2056 0.0522
a range +53400 +54000 2008 2010 0.0428
a range +53400 +54000 2009 2059 0.0561
a range +53400 +54000 2010 2008 0.0428
a range +53400 +54000 2011 9001 1104.4086
a range +53400 +54000 2012 2052 0.0547
a range +53400 +54000 2013 2051 0.0538
a range +53400 +54000 2014 2048 0.0536
a range +53400 +54000 2015 2058 0.0559
a range +53400 +54000 2016 2053 0.0544
a range +53400 +54000 2017 2060 0.0588
a range +53400 +54000 2018 2046 0.0538
a range +53400 +54000 2019 2042 0.0541
a range +53400 +54000 2020 2041 0.0545
a range +53400 +54000 2021 2062 0.0575
a range +53400 +54000 2022 2057 0.0594
a range +53400 +54000 2023 2006 0.041
a range +53400 +54000 2024 2043 0.0543
a range +53400 +54000 2025 2054 0.0581
a range +53400 +54000 2026 2040 0.0331
a range +53400 +54000 2027 2033 0.0349
a range +53400 +54000 2028 2050 0.0576
a range +53400 +54000 2029 2001 0.0481
a range +53400 +54000 2030 2049 0.059
a range +53400 +54000 2031 2063 0.0613
a range +53400 +54000 2032 9009 1104.7656
a range +53400 +54000 2033 2027 0.0349
a range +53400 +54000 2034 9010 1105.0458
a range +53400 +54000 2035 2055 0.0239
a range +53400 +54000 2036 2047 0.0576
a range +53400 +54000 2037 9012 1104.7672
a range +53400 +54000 2038 2005 0.051
a range +53400 +54000 2039 2004 0.0508
a range +53400 +54000 2040 2026 0.0331
a range +53400 +54000 2041 2020 0.0545
a range +53400 +54000 2042 2019 0.0541
a range +53400 +54000 2043 2024 0.0543
a range +53400 +54000 2044 9006 1103.9981
a range +53400 +54000 2045 2064 0.0459
a range +53400 +54000 2046 2018 0.0538
a range +53400 +54000 2047 2036 0.0576
a range +53400 +54000 2048 2014 0.0536
a range +53400 +54000 2049 2030 0.059
a range +53400 +54000 2050 2028 0.0576
a range +53400 +54000 2051 2013 0.0538
a range +53400 +54000 2052 2012 0.0547
a range +53400 +54000 2053 2016 0.0544
a range +53400 +54000 2054 2025 0.0581
a range +53400 +54000 2055 2035 0.0239
a range +53400 +54000 2056 2007 0.0522
a range +53400 +54000 2057 2022 0.0594
a range +53400 +54000 2058 2015 0.0559
a range +53400 +54000 2059 2009 0.0561
a range +53400 +54000 2060 2017 0.0588
a range +53400 +54000 2061 9003 1104.7647
a range +53400 +54000 2062 2021 0.0575
a range +53400 +54000 2063 2031 0.0613
a range +53400 +54000 2064 2045 0.0459
a range +53400 +54000 9001 2011 1104.4086
a range +53400 +54000 9002 9005 0.0
a range +53400 +54000 9003 2061 1104.7647
a range +53400 +54000 9004 2003 1105.0533
a range +53400 +54000 9005 9002 0.0
a range +53400 +54000 9006 2044 1103.9981
a range +53400 +54000 9007 2002 1105.0481
a range +53400 +54000 9008 9011 0.0
a range +53400 +54000 9009 2032 1104.7656
a range +53400 +54000 9010 2034 1105.0458
a range +53400 +54000 9011 9008 0.0
a range +53400 +54000 9012 2037 1104.7672
a range +54000 +54600 2001 2033 0.0503
a range +54000 +54600 2002 2063 0.0537
a range +54000 +54600 2003 2038 0.0502
a range +54000 +54600 2004 2032 0.0472
a range +54000 +54600 2005 2017 0.0459
a range +54000 +54600 2006 2024 0.0398
a range +54000 +54600 2007 2039 0.049
a range +54000 +54600 2008 2059 0.0544
a range +54000 +54600 2009 2064 0.0565
a range +54000 +54600 2010 2022 0.0215
a range +54000 +54600 2011 9004 1104.4086
a range +54000 +54600 2012 2043 0.0544
a range +54000 +54600 2013 2047 0.0537
a range +54000 +54600 2014 2046 0.0536
a range +54000 +54600 2015 2052 0.0537
a range +54000 +54600 2016 2056 0.0551
a range +54000 +54600 2017 2005 0.0459
a range +54000 +54600 2018 2060 0.0588
a range +54000 +54600 2019 2053 0.0571
a range +54000 +54600 2020 9001 1105.043
a range +54000 +54600 2021 2058 0.0585
a range +54000 +54600 2022 2010 0.0215
a range +54000 +54600 2023 9007 1105.0538
a range +54000 +54600 2024 2006 0.0398
a range +54000 +54600 2025 2042 0.0561
a range +54000 +54600 2026 2051 0.0574
a range +54000 +54600 2027 2057 0.0615
a range +54000 +54600 2028 2034 0.0312
a range +54000 +54600 2029 2050 0.0583
a range +54000 +54600 2030 2054 0.0578
a range +54000 +54600 2031 9012 1104.77
a range +54000 +54600 2032 2004 0.0472
a range +54000 +54600 2033 2001 0.0503
a range +54000 +54600 2034 2028 0.0312
a range +54000 +54600 2035 2049 0.0602
a range +54000 +54600 2036 2048 0.0494
a range +54000 +54600 2037 9006 1104.7672
a range +54000 +54600 2038 2003 0.0502
a range +54000 +54600 2039 2007 0.049
a range +54000 +54600 2040 2041 0.0576
a range +54000 +54600 2041 2040 0.0576
a range +54000 +54600 2042 2025 0.0561
a range +54000 +54600 2043 2012 0.0544
a range +54000 +54600 2044 9003 1103.9981
a range +54000 +54600 2045 9010 1103.8763
a range +54000 +54600 2046 2014 0.0536
a range +54000 +54600 2047 2013 0.0537
a range +54000 +54600 2048 2036 0.0494
a range +54000 +54600 2049 2035 0.0602
a range +54000 +54600 2050 2029 0.0583
a range +54000 +54600 2051 2026 0.0574
a range +54000 +54600 2052 2015 0.0537
a range +54000 +54600 2053 2019 0.0571
a range +54000 +54600 2054 2030 0.0578
a range +54000 +54600 2055 9009 1104.7508
a range +54000 +54600 2056 2016 0.0551
a range +54000 +54600 2057 2027 0.0615
a range +54000 +54600 2058 2021 0.0585
a range +54000 +54600 2059 2008 0.0544
a range +54000 +54600 2060 2018 0.0588
a range +54000 +54600 2061 2062 0.0277
a range +54000 +54600 2062 2061 0.0277
a range +54000 +54600 2063 2002 0.0537
a range +54000 +54600 2064 2009 0.0565
a range +54000 +54600 9001 2020 1105.043
a range +54000 +54600 9002 9008 0.0
a range +54000 +54600 9003 2044 1103.9981
a range +54000 +54600 9004 2011 1104.4086
a range +54000 +54600 9005 9011 0.0
a range +54000 +54600 9006 2037 1104.7672
a range +54000 +54600 9007 2023 1105.0538
a range +54000 +54600 9008 9002 0.0
a range +54000 +54600 9009 2055 1104.7508
a range +54000 +54600 9010 2045 1103.8763
a range +54000 +54600 9011 9005 0.0
a range +54000 +54600 9012 2031 1104.77
a range +54600 +55200 2001 2034 0.0506
a range +54600 +55200 2002 2058 0.0544
a range +54600 +55200 2003 2044 0.05
a range +54600 +55200 2004 2038 0.0506
a range +54600 +55200 2005 2037 0.0504
a range +54600 +55200 2006 2025 0.0469
a range +54600 +55200 2007 2064 0.0544
a range +54600 +55200 2008 2047 0.0507
a range +54600 +55200 2009 2024 0.0468
a range +54600 +55200 2010 2030 0.0347
a range +54600 +55200 2011 9010 1104.4086
a range +54600 +55200 2012 2039 0.0507
a range +54600 +55200 2013 2042 0.0544
a range +54600 +55200 2014 2041 0.0545
a range +54600 +55200 2015 2049 0.0543
a range +54600 +55200 2016 2048 0.0531
a range +54600 +55200 2017 2028 0.0506
a range +54600 +55200 2018 2045 0.0548
a range +54600 +55200 2019 2060 0.0582
a range +54600 +55200 2020 2046 0.0556
a range +54600 +55200 2021 2032 0.0504
a range +54600 +55200 2022 2056 0.0562
a range +54600 +55200 2023 9001 1105.0538
a range +54600 +55200 2024 2009 0.0468
a range +54600 +55200 2025 2006 0.0469
a range +54600 +55200 2026 2059 0.0611
a range +54600 +55200 2027 2063 0.0598
a range +54600 +55200 2028 2017 0.0506
a range +54600 +55200 2029 2053 0.0577
a range +54600 +55200 2030 2010 0.0347
a range +54600 +55200 2031 9006 1104.77
a range +54600 +55200 2032 2021 0.0504
a range +54600 +55200 2033 2057 0.0615
a range +54600 +55200 2034 2001 0.0506
a range +54600 +55200 2035 2051 0.0586
a range +54600 +55200 2036 2052 0.0466
a range +54600 +55200 2037 2005 0.0504
a range +54600 +55200 2038 2004 0.0506
a range +54600 +55200 2039 2012 0.0507
a range +54600 +55200 2040 2050 0.0163
a range +54600 +55200 2041 2014 0.0545
a range +54600 +55200 2042 2013 0.0544
a range +54600 +55200 2043 9009 1104.1388
a range +54600 +55200 2044 2003 0.05
a range +54600 +55200 2045 2018 0.0548
a range +54600 +55200 2046 2020 0.0556
a range +54600 +55200 2047 2008 0.0507
a range +54600 +55200 2048 2016 0.0531
a range +54600 +55200 2049 2015 0.0543
a range +54600 +55200 2050 2040 0.0163
a range +54600 +55200 2051 2035 0.0586
a range +54600 +55200 2052 2036 0.0466
a range +54600 +55200 2053 2029 0.0577
a range +54600 +55200 2054 9007 1105.0539
a range +54600 +55200 2055 9004 1105.0769
a range +54600 +55200 2056 2022 0.0562
a range +54600 +55200 2057 2033 0.0615
a range +54600 +55200 2058 2002 0.0544
a range +54600 +55200 2059 2026 0.0611
a range +54600 +55200 2060 2019 0.0582
a range +54600 +55200 2061 9012 1104.7647
a range +54600 +55200 2062 9003 1104.7633
a range +54600 +55200 2063 2027 0.0598
a range +54600 +55200 2064 2007 0.0544
a range +54600 +55200 9001 2023 1105.0538
a range +54600 +55200 9002 9011 0.0
a range +54600 +55200 9003 2062 1104.7633
a range +54600 +55200 9004 2055 1105.0769
a range +54600 +55200 9005 9008 0.0
a range +54600 +55200 9006 2031 1104.77
a range +54600 +55200 9007 2054 1105.0539
a range +54600 +55200 9008 9005 0.0
a range +54600 +55200 9009 2043 1104.1388
a range +54600 +55200 9010 2011 1104.4086
a range +54600 +55200 9011 9002 0.0
a range +54600 +55200 9012 2061 1104.7647
a range +55200 +55800 2001 2032 0.0484
a range +55200 +55800 2002 2061 0.0538
a range +55200 +55800 2003 2037 0.0495
a range +55200 +55800 2004 2044 0.0513
a range +55200 +55800 2005 2021 0.045
a range +55200 +55800 2006 2028 0.0463
a range +55200 +55800 2007 2058 0.054
a range +55200 +55800 2008 2011 0.0431
a range +55200 +55800 2009 2038 0.0509
a range +55200 +55800 2010 2024 0.0193
a range +55200 +55800 2011 2008 0.0431
a range +55200 +55800 2012 2051 0.0543
a range +55200 +55800 2013 2020 0.0466
a range +55200 +55800 2014 2042 0.0529
a range +55200 +55800 2015 2048 0.0547
a range +55200 +55800 2016 2047 0.0545
a range +55200 +55800 2017 2041 0.0556
a range +55200 +55800 2018 2049 0.0565
a range +55200 +55800 2019 2040 0.0523
a range +55200 +55800 2020 2013 0.0466
a range +55200 +55800 2021 2005 0.045
a range +55200 +55800 2022 9010 1105.0377
a range +55200 +55800 2023 9006 1104.759
a range +55200 +55800 2024 2010 0.0193
a range +55200 +55800 2025 2060 0.0614
a range +55200 +55800 2026 2053 0.0589
a range +55200 +55800 2027 2064 0.0596
a range +55200 +55800 2028 2006 0.0463
a range +55200 +55800 2029 2063 0.0592
a range +55200 +55800 2030 9007 1105.0482
a range +55200 +55800 2031 9009 1104.77
a range +55200 +55800 2032 2001 0.0484
a range +55200 +55800 2033 2059 0.0608
a range +55200 +55800 2034 2057 0.0612
a range +55200 +55800 2035 2056 0.0605
a range +55200 +55800 2036 2050 0.0597
a range +55200 +55800 2037 2003 0.0495
a range +55200 +55800 2038 2009 0.0509
a range +55200 +55800 2039 2052 0.0601
a range +55200 +55800 2040 2019 0.0523
a range +55200 +55800 2041 2017 0.0556
a range +55200 +55800 2042 2014 0.0529
a range +55200 +55800 2043 9004 1104.1448
a range +55200 +55800 2044 2004 0.0513
a range +55200 +55800 2045 2046 0.0232
a range +55200 +55800 2046 2045 0.0232
a range +55200 +55800 2047 2016 0.0545
a range +55200 +55800 2048 2015 0.0547
a range +55200 +55800 2049 2018 0.0565
a range +55200 +55800 2050 2036 0.0597
a range +55200 +55800 2051 2012 0.0543
a range +55200 +55800 2052 2039 0.0601
a range +55200 +55800 2053 2026 0.0589
a range +55200 +55800 2054 9003 1104.7452
a range +55200 +55800 2055 9012 1104.7508
a range +55200 +55800 2056 2035 0.0605
a range +55200 +55800 2057 2034 0.0612
a range +55200 +55800 2058 2007 0.054
a range +55200 +55800 2059 2033 0.0608
a range +55200 +55800 2060 2025 0.0614
a range +55200 +55800 2061 2002 0.0538
a range +55200 +55800 2062 9001 1105.0598
a range +55200 +55800 2063 2029 0.0592
a range +55200 +55800 2064 2027 0.0596
a range +55200 +55800 9001 2062 1105.0598
a range +55200 +55800 9002 9005 0.0
a range +55200 +55800 9003 2054 1104.7452
a range +55200 +55800 9004 2043 1104.1448
a range +55200 +55800 9005 9002 0.0
a range +55200 +55800 9006 2023 1104.759
a range +55200 +55800 9007 2030 1105.0482
a range +55200 +55800 9008 9011 0.0
a range +55200 +55800 9009 2031 1104.77
a range +55200 +55800 9010 2022 1105.0377
a range +55200 +55800 9011 9008 0.0
a range +55200 +55800 9012 2055 1104.7508
a range +55800 +56400 2001 2035 0.0513
a range +55800 +56400 2002 2044 0.0501
a range +55800 +56400 2003 2022 0.0238
a range +55800 +56400 2004 2061 0.054
a range +55800 +56400 2005 2024 0.0294
a range +55800 +56400 2006 2020 0.046
a range +55800 +56400 2007 2037 0.0513
a range +55800 +56400 2008 2046 0.0513
a range +55800 +56400 2009 2058 0.0566
a range +55800 +56400 2010 2011 0.0193
a range +55800 +56400 2011 2010 0.0193
a range +55800 +56400 2012 2038 0.0506
a range +55800 +56400 2013 2019 0.0218
a range +55800 +56400 2014 2045 0.0527
a range +55800 +56400 2015 2047 0.0533
a range +55800 +56400 2016 2031 0.0482
a range +55800 +56400 2017 2018 0.0195
a range +55800 +56400 2018 2017 0.0195
a range +55800 +56400 2019 2013 0.0218
a range +55800 +56400 2020 2006 0.046
a range +55800 +56400 2021 2064 0.0588
a range +55800 +56400 2022 2003 0.0238
a range +55800 +56400 2023 9004 1105.0538
a range +55800 +56400 2024 2005 0.0294
a range +55800 +56400 2025 2059 0.0615
a range +55800 +56400 2026 2060 0.061
a range +55800 +56400 2027 2056 0.0589
a range +55800 +56400 2028 2057 0.0615
a range +55800 +56400 2029 2048 0.0557
a range +55800 +56400 2030 9010 1105.0482
a range +55800 +56400 2031 2016 0.0482
a range +55800 +56400 2032 2053 0.0578
a range +55800 +56400 2033 2063 0.0624
a range +55800 +56400 2034 2051 0.0514
a range +55800 +56400 2035 2001 0.0513
a range +55800 +56400 2036 9006 1104.7621
a range +55800 +56400 2037 2007 0.0513
a range +55800 +56400 2038 2012 0.0506
a range +55800 +56400 2039 2050 0.0107
a range +55800 +56400 2040 2052 0.0429
a range +55800 +56400 2041 2049 0.0611
a range +55800 +56400 2042 9003 1104.2567
a range +55800 +56400 2043 9012 1104.1388
a range +55800 +56400 2044 2002 0.0501
a range +55800 +56400 2045 2014 0.0527
a range +55800 +56400 2046 2008 0.0513
a range +55800 +56400 2047 2015 0.0533
a range +55800 +56400 2048 2029 0.0557
a range +55800 +56400 2049 2041 0.0611
a range +55800 +56400 2050 2039 0.0107
a range +55800 +56400 2051 2034 0.0514
a range +55800 +56400 2052 2040 0.0429
a range +55800 +56400 2053 2032 0.0578
a range +55800 +56400 2054 9009 1104.7452
a range +55800 +56400 2055 9001 1105.0769
a range +55800 +56400 2056 2027 0.0589
a range +55800 +56400 2057 2028 0.0615
a range +55800 +56400 2058 2009 0.0566
a range +55800 +56400 2059 2025 0.0615
a range +55800 +56400 2060 2026 0.061
a range +55800 +56400 2061 2004 0.054
a range +55800 +56400 2062 9007 1105.0598
a range +55800 +56400 2063 2033 0.0624
a range +55800 +56400 2064 2021 0.0588
a range +55800 +56400 9001 2055 1105.0769
a range +55800 +56400 9002 9008 0.0
a range +55800 +56400 9003 2042 1104.2567
a range +55800 +56400 9004 2023 1105.0538
a range +55800 +56400 9005 9011 0.0
a range +55800 +56400 9006 2036 1104.7621
a range +55800 +56400 9007 2062 1105.0598
a range +55800 +56400 9008 9002 0.0
a range +55800 +56400 9009 2054 1104.7452
a range +55800 +56400 9010 2030 1105.0482
a range +55800 +56400 9011 9005 0.0
a range +55800 +56400 9012 2043 1104.1388
a range +56400 +57000 2001 2038 0.0488
a range +56400 +57000 2002 2055 0.0474
a range +56400 +57000 2003 2061 0.0537
a range +56400 +57000 2004 2031 0.0479
a range +56400 +57000 2005 2020 0.0452
a range +56400 +57000 2006 2027 0.0491
a range +56400 +57000 2007 2043 0.0512
a range +56400 +57000 2008 2025 0.0474
a range +56400 +57000 2009 2037 0.0506
a range +56400 +57000 2010 2028 0.0496
a range +56400 +57000 2011 2012 0.0184
a range +56400 +57000 2012 2011 0.0184
a range +56400 +57000 2013 2018 0.0164
a range +56400 +57000 2014 2019 0.0038
a range +56400 +57000 2015 2016 0.0192
a range +56400 +57000 2016 2015 0.0192
a range +56400 +57000 2017 2047 0.0542
a range +56400 +57000 2018 2013 0.0164
a range +56400 +57000 2019 2014 0.0038
a range +56400 +57000 2020 2005 0.0452
a range +56400 +57000 2021 2060 0.0582
a range +56400 +57000 2022 9007 1105.0377
a range +56400 +57000 2023 9010 1105.0538
a range +56400 +57000 2024 2059 0.0592
a range +56400 +57000 2025 2008 0.0474
a range +56400 +57000 2026 2058 0.0593
a range +56400 +57000 2027 2006 0.0491
a range +56400 +57000 2028 2010 0.0496
a range +56400 +57000 2029 9001 1105.0495
a range +56400 +57000 2030 9003 1104.7774
a range +56400 +57000 2031 2004 0.0479
a range +56400 +57000 2032 2057 0.0604
a range +56400 +57000 2033 2064 0.0619
a range +56400 +57000 2034 2063 0.0629
a range +56400 +57000 2035 2053 0.0271
a range +56400 +57000 2036 9012 1104.7621
a range +56400 +57000 2037 2009 0.0506
a range +56400 +57000 2038 2001 0.0488
a range +56400 +57000 2039 2056 0.046
a range +56400 +57000 2040 2051 0.0263
a range +56400 +57000 2041 2052 0.0358
a range +56400 +57000 2042 9009 1104.2567
a range +56400 +57000 2043 2007 0.0512
a range +56400 +57000 2044 2050 0.0439
a range +56400 +57000 2045 2049 0.0187
a range +56400 +57000 2046 2048 0.046
a range +56400 +57000 2047 2017 0.0542
a range +56400 +57000 2048 2046 0.046
a range +56400 +57000 2049 2045 0.0187
a range +56400 +57000 2050 2044 0.0439
a range +56400 +57000 2051 2040 0.0263
a range +56400 +57000 2052 2041 0.0358
a range +56400 +57000 2053 2035 0.0271
a range +56400 +57000 2054 9006 1104.7452
a range +56400 +57000 2055 2002 0.0474
a range +56400 +57000 2056 2039 0.046
a range +56400 +57000 2057 2032 0.0604
a range +56400 +57000 2058 2026 0.0593
a range +56400 +57000 2059 2024 0.0592
a range +56400 +57000 2060 2021 0.0582
a range +56400 +57000 2061 2003 0.0537
a range +56400 +57000 2062 9004 1105.0598
a range +56400 +57000 2063 2034 0.0629
a range +56400 +57000 2064 2033 0.0619
a range +56400 +57000 9001 2029 1105.0495
a range +56400 +57000 9002 9011 0.0
a range +56400 +57000 9003 2030 1104.7774
a range +56400 +57000 9004 2062 1105.0598
a range +56400 +57000 9005 9008 0.0
a range +56400 +57000 9006 2054 1104.7452
a range +56400 +57000 9007 2022 1105.0377
a range +56400 +57000 9008 9005 0.0
a range +56400 +57000 9009 2042 1104.2567
a range +56400 +57000 9010 2023 1105.0538
a range +56400 +57000 9011 9002 0.0
a range +56400 +57000 9012 2036 1104.7621
a range +57000 +57600 2001 2039 0.049
a range +57000 +57600 2002 2057 0.0535
a range +57000 +57600 2003 2063 0.0514
a range +57000 +57600 2004 2021 0.0453
a range +57000 +57600 2005 2030 0.0475
a range +57000 +57600 2006 2026 0.0473
a range +57000 +57600 2007 2061 0.0546
a range +57000 +57600 2008 2018 0.0238
a range +57000 +57600 2009 2043 0.0541
a range +57000 +57600 2010 2042 0.0542
a range +57000 +57600 2011 2013 0.0344
a range +57000 +57600 2012 2019 0.0465
a range +57000 +57600 2013 2011 0.0344
a range +57000 +57600 2014 2025 0.0482
a range +57000 +57600 2015 2017 0.0464
a range +57000 +57600 2016 2037 0.0511
a range +57000 +57600 2017 2015 0.0464
a range +57000 +57600 2018 2008 0.0238
a range +57000 +57600 2019 2012 0.0465
a range +57000 +57600 2020 2031 0.0501
a range +57000 +57600 2021 2004 0.0453
a range +57000 +57600 2022 9001 1105.0377
a range +57000 +57600 2023 9003 1104.759
a range +57000 +57600 2024 2027 0.0504
a range +57000 +57600 2025 2014 0.0482
a range +57000 +57600 2026 2006 0.0473
a range +57000 +57600 2027 2024 0.0504
a range +57000 +57600 2028 2060 0.0612
a range +57000 +57600 2029 9004 1105.0495
a range +57000 +57600 2030 2005 0.0475
a range +57000 +57600 2031 2020 0.0501
a range +57000 +57600 2032 2064 0.061
a range +57000 +57600 2033 2058 0.0397
a range +57000 +57600 2034 2059 0.0605
a range +57000 +57600 2035 2050 0.0596
a range +57000 +57600 2036 9009 1104.7621
a range +57000 +57600 2037 2016 0.0511
a range +57000 +57600 2038 2056 0.0454
a range +57000 +57600 2039 2001 0.049
a range +57000 +57600 2040 2049 0.0294
a range +57000 +57600 2041 2048 0.0239
a range +57000 +57600 2042 2010 0.0542
a range +57000 +57600 2043 2009 0.0541
a range +57000 +57600 2044 2052 0.0612
a range +57000 +57600 2045 2051 0.04
a range +57000 +57600 2046 2047 0.025
a range +57000 +57600 2047 2046 0.025
a range +57000 +57600 2048 2041 0.0239
a range +57000 +57600 2049 2040 0.0294
a range +57000 +57600 2050 2035 0.0596
a range +57000 +57600 2051 2045 0.04
a range +57000 +57600 2052 2044 0.0612
a range +57000 +57600 2053 9007 1105.0348
a range +57000 +57600 2054 9012 1104.7452
a range +57000 +57600 2055 9010 1105.0769
a range +57000 +57600 2056 2038 0.0454
a range +57000 +57600 2057 2002 0.0535
a range +57000 +57600 2058 2033 0.0397
a range +57000 +57600 2059 2034 0.0605
a range +57000 +57600 2060 2028 0.0612
a range +57000 +57600 2061 2007 0.0546
a range +57000 +57600 2062 9006 1104.7633
a range +57000 +57600 2063 2003 0.0514
a range +57000 +57600 2064 2032 0.061
a range +57000 +57600 9001 2022 1105.0377
a range +57000 +57600 9002 9005 0.0
a range +57000 +57600 9003 2023 1104.759
a range +57000 +57600 9004 2029 1105.0495
a range +57000 +57600 9005 9002 0.0
a range +57000 +57600 9006 2062 1104.7633
a range +57000 +57600 9007 2053 1105.0348
a range +57000 +57600 9008 9011 0.0
a range +57000 +57600 9009 2036 1104.7621
a range +57000 +57600 9010 2055 1105.0769
a range +57000 +57600 9011 9008 0.0
a range +57000 +57600 9012 2054 1104.7452
a range +57600 +58200 2001 2031 0.0494
a range +57600 +58200 2002 2054 0.0486
a range +57600 +58200 2003 2035 0.051
a range +57600 +58200 2004 2036 0.0493
a range +57600 +58200 2005 2019 0.0462
a range +57600 +58200 2006 2033 0.0511
a range +57600 +58200 2007 2053 0.0524
a range +57600 +58200 2008 2044 0.0518
a range +57600 +58200 2009 2061 0.0554
a range +57600 +58200 2010 2023 0.0035
a range +57600 +58200 2011 2017 0.0251
a range +57600 +58200 2012 2021 0.0465
a range +57600 +58200 2013 2046 0.0522
a range +57600 +58200 2014 2040 0.0506
a range +57600 +58200 2015 2025 0.0491
a range +57600 +58200 2016 2018 0.0466
a range +57600 +58200 2017 2011 0.0251
a range +57600 +58200 2018 2016 0.0466
a range +57600 +58200 2019 2005 0.0462
a range +57600 +58200 2020 2064 0.0574
a range +57600 +58200 2021 2012 0.0465
a range +57600 +58200 2022 9004 1105.0377
a range +57600 +58200 2023 2010 0.0035
a range +57600 +58200 2024 2060 0.0573
a range +57600 +58200 2025 2015 0.0491
a range +57600 +58200 2026 2052 0.0572
a range +57600 +58200 2027 2058 0.0591
a range +57600 +58200 2028 9001 1105.0553
a range +57600 +58200 2029 9007 1105.0495
a range +57600 +58200 2030 9006 1104.7774
a range +57600 +58200 2031 2001 0.0494
a range +57600 +58200 2032 2059 0.0597
a range +57600 +58200 2033 2006 0.0511
a range +57600 +58200 2034 2055 0.0601
a range +57600 +58200 2035 2003 0.051
a range +57600 +58200 2036 2004 0.0493
a range +57600 +58200 2037 2056 0.0444
a range +57600 +58200 2038 2057 0.0616
a range +57600 +58200 2039 2051 0.024
a range +57600 +58200 2040 2014 0.0506
a range +57600 +58200 2041 9009 1104.3991
a range +57600 +58200 2042 9010 1104.2571
a range +57600 +58200 2043 2049 0.0473
a range +57600 +58200 2044 2008 0.0518
a range +57600 +58200 2045 2050 0.0219
a range +57600 +58200 2046 2013 0.0522
a range +57600 +58200 2047 2048 0.0251
a range +57600 +58200 2048 2047 0.0251
a range +57600 +58200 2049 2043 0.0473
a range +57600 +58200 2050 2045 0.0219
a range +57600 +58200 2051 2039 0.024
a range +57600 +58200 2052 2026 0.0572
a range +57600 +58200 2053 2007 0.0524
a range +57600 +58200 2054 2002 0.0486
a range +57600 +58200 2055 2034 0.0601
a range +57600 +58200 2056 2037 0.0444
a range +57600 +58200 2057 2038 0.0616
a range +57600 +58200 2058 2027 0.0591
a range +57600 +58200 2059 2032 0.0597
a range +57600 +58200 2060 2024 0.0573
a range +57600 +58200 2061 2009 0.0554
a range +57600 +58200 2062 9012 1104.7633
a range +57600 +58200 2063 9003 1104.7687
a range +57600 +58200 2064 2020 0.0574
a range +57600 +58200 9001 2028 1105.0553
a range +57600 +58200 9002 9008 0.0
a range +57600 +58200 9003 2063 1104.7687
a range +57600 +58200 9004 2022 1105.0377
a range +57600 +58200 9005 9011 0.0
a range +57600 +58200 9006 2030 1104.7774
a range +57600 +58200 9007 2029 1105.0495
a range +57600 +58200 9008 9002 0.0
a range +57600 +58200 9009 2041 1104.3991
a range +57600 +58200 9010 2042 1104.2571
a range +57600 +58200 9011 9005 0.0
a range +57600 +58200 9012 2062 1104.7633
a range +58200 +58800 2001 2037 0.0513
a range +58200 +58800 2002 2036 0.0511
a range +58200 +58800 2003 9003 1104.7756
a range +58200 +58800 2004 2035 0.0482
a range +58200 +58800 2005 2023 0.0276
a range +58200 +58800 2006 2030 0.0466
a range +58200 +58800 2007 2054 0.0526
a range +58200 +58800 2008 2017 0.0453
a range +58200 +58800 2009 2053 0.0543
a range +58200 +58800 2010 9007 1104.4995
a range +58200 +58800 2011 2022 0.0344
a range +58200 +58800 2012 2042 0.0535
a range +58200 +58800 2013 2027 0.0288
a range +58200 +58800 2014 2018 0.0211
a range +58200 +58800 2015 2019 0.0185
a range +58200 +58800 2016 2025 0.0488
a range +58200 +58800 2017 2008 0.0453
a range +58200 +58800 2018 2014 0.0211
a range +58200 +58800 2019 2015 0.0185
a range +58200 +58800 2020 2060 0.0572
a range +58200 +58800 2021 9001 1105.0337
a range +58200 +58800 2022 2011 0.0344
a range +58200 +58800 2023 2005 0.0276
a range +58200 +58800 2024 2051 0.0569
a range +58200 +58800 2025 2016 0.0488
a range +58200 +58800 2026 2048 0.0423
a range +58200 +58800 2027 2013 0.0288
a range +58200 +58800 2028 9004 1105.0553
a range +58200 +58800 2029 9009 1104.7832
a range +58200 +58800 2030 2006 0.0466
a range +58200 +58800 2031 2061 0.0593
a range +58200 +58800 2032 2052 0.0587
a range +58200 +58800 2033 2055 0.0598
a range +58200 +58800 2034 2058 0.061
a range +58200 +58800 2035 2004 0.0482
a range +58200 +58800 2036 2002 0.0511
a range +58200 +58800 2037 2001 0.0513
a range +58200 +58800 2038 2063 0.061
a range +58200 +58800 2039 2059 0.0626
a range +58200 +58800 2040 2057 0.0156
a range +58200 +58800 2041 9006 1104.3991
a range +58200 +58800 2042 2012 0.0535
a range +58200 +58800 2043 2056 0.0305
a range +58200 +58800 2044 2049 0.0309
a range +58200 +58800 2045 2047 0.0445
a range +58200 +58800 2046 2050 0.004
a range +58200 +58800 2047 2045 0.0445
a range +58200 +58800 2048 2026 0.0423
a range +58200 +58800 2049 2044 0.0309
a range +58200 +58800 2050 2046 0.004
a range +58200 +58800 2051 2024 0.0569
a range +58200 +58800 2052 2032 0.0587
a range +58200 +58800 2053 2009 0.0543
a range +58200 +58800 2054 2007 0.0526
a range +58200 +58800 2055 2033 0.0598
a range +58200 +58800 2056 2043 0.0305
a range +58200 +58800 2057 2040 0.0156
a range +58200 +58800 2058 2034 0.061
a range +58200 +58800 2059 2039 0.0626
a range +58200 +58800 2060 2020 0.0572
a range +58200 +58800 2061 2031 0.0593
a range +58200 +58800 2062 9010 1105.0598
a range +58200 +58800 2063 2038 0.061
a range +58200 +58800 2064 9012 1104.7778
a range +58200 +58800 9001 2021 1105.0337
a range +58200 +58800 9002 9011 0.0
a range +58200 +58800 9003 2003 1104.7756
a range +58200 +58800 9004 2028 1105.0553
a range +58200 +58800 9005 9008 0.0
a range +58200 +58800 9006 2041 1104.3991
a range +58200 +58800 9007 2010 1104.4995
a range +58200 +58800 9008 9005 0.0
a range +58200 +58800 9009 2029 1104.7832
a range +58200 +58800 9010 2062 1105.0598
a range +58200 +58800 9011 9002 0.0
a range +58200 +58800 9012 2064 1104.7778
a range +58800 +59400 2001 2036 0.0507
a range +58800 +59400 2002 2035 0.0503
a range +58800 +59400 2003 9006 1104.7756
a range +58800 +59400 2004 2034 0.0507
a range +58800 +59400 2005 2022 0.0445
a range +58800 +59400 2006 2029 0.048
a range +58800 +59400 2007 9003 1104.7735
a range +58800 +59400 2008 2045 0.051
a range +58800 +59400 2009 2056 0.0553
a range +58800 +59400 2010 9001 1104.4995
a range +58800 +59400 2011 2018 0.0386
a range +58800 +59400 2012 2040 0.0505
a range +58800 +59400 2013 2044 0.0529
a range +58800 +59400 2014 2027 0.0181
a range +58800 +59400 2015 2028 0.0159
a range +58800 +59400 2016 2019 0.0354
a range +58800 +59400 2017 2025 0.0229
a range +58800 +59400 2018 2011 0.0386
a range +58800 +59400 2019 2016 0.0354
a range +58800 +59400 2020 2055 0.0569
a range +58800 +59400 2021 9004 1105.0337
a range +58800 +59400 2022 2005 0.0445
a range +58800 +59400 2023 2060 0.0575
a range +58800 +59400 2024 9010 1105.072
a range +58800 +59400 2025 2017 0.0229
a range +58800 +59400 2026 2061 0.0607
a range +58800 +59400 2027 2014 0.0181
a range +58800 +59400 2028 2015 0.0159
a range +58800 +59400 2029 2006 0.048
a range +58800 +59400 2030 2059 0.0604
a range +58800 +59400 2031 2064 0.0614
a range +58800 +59400 2032 2063 0.0612
a range +58800 +59400 2033 2053 0.0491
a range +58800 +59400 2034 2004 0.0507
a range +58800 +59400 2035 2002 0.0503
a range +58800 +59400 2036 2001 0.0507
a range +58800 +59400 2037 2057 0.0621
a range +58800 +59400 2038 2054 0.0547
a range +58800 +59400 2039 2048 0.0574
a range +58800 +59400 2040 2012 0.0505
a range +58800 +59400 2041 9007 1104.3927
a range +58800 +59400 2042 2052 0.0492
a range +58800 +59400 2043 2051 0.0613
a range +58800 +59400 2044 2013 0.0529
a range +58800 +59400 2045 2008 0.051
a range +58800 +59400 2046 2049 0.0275
a range +58800 +59400 2047 2050 0.0278
a range +58800 +59400 2048 2039 0.0574
a range +58800 +59400 2049 2046 0.0275
a range +58800 +59400 2050 2047 0.0278
a range +58800 +59400 2051 2043 0.0613
a range +58800 +59400 2052 2042 0.0492
a range +58800 +59400 2053 2033 0.0491
a range +58800 +59400 2054 2038 0.0547
a range +58800 +59400 2055 2020 0.0569
a range +58800 +59400 2056 2009 0.0553
a range +58800 +59400 2057 2037 0.0621
a range +58800 +59400 2058 9012 1104.7863
a range +58800 +59400 2059 2030 0.0604
a range +58800 +59400 2060 2023 0.0575
a range +58800 +59400 2061 2026 0.0607
a range +58800 +59400 2062 9009 1104.7633
a range +58800 +59400 2063 2032 0.0612
a range +58800 +59400 2064 2031 0.0614
a range +58800 +59400 9001 2010 1104.4995
a range +58800 +59400 9002 9005 0.0
a range +58800 +59400 9003 2007 1104.7735
a range +58800 +59400 9004 2021 1105.0337
a range +58800 +59400 9005 9002 0.0
a range +58800 +59400 9006 2003 1104.7756
a range +58800 +59400 9007 2041 1104.3927
a range +58800 +59400 9008 9011 0.0
a range +58800 +59400 9009 2062 1104.7633
a range +58800 +59400 9010 2024 1105.072
a range +58800 +59400 9011 9008 0.0
a range +58800 +59400 9012 2058 1104.7863
a range +59400 +60000 2001 2040 0.05
a range +59400 +60000 2002 2062 0.0498
a range +59400 +60000 2003 9007 1105.0533
a range +59400 +60000 2004 2028 0.0467
a range +59400 +60000 2005 2034 0.051
a range +59400 +60000 2006 2032 0.0467
a range +59400 +60000 2007 9006 1104.7735
a range +59400 +60000 2008 9003 1104.7812
a range +59400 +60000 2009 2035 0.05
a range +59400 +60000 2010 2031 0.0171
a range +59400 +60000 2011 2021 0.0466
a range +59400 +60000 2012 9010 1104.3179
a range +59400 +60000 2013 2045 0.0543
a range +59400 +60000 2014 2026 0.0356
a range +59400 +60000 2015 2041 0.0521
a range +59400 +60000 2016 9009 1104.7018
a range +59400 +60000 2017 2024 0.0204
a range +59400 +60000 2018 9012 1104.7727
a range +59400 +60000 2019 2030 0.0505
a range +59400 +60000 2020 2053 0.0564
a range +59400 +60000 2021 2011 0.0466
a range +59400 +60000 2022 2061 0.0576
a range +59400 +60000 2023 2059 0.0585
a range +59400 +60000 2024 2017 0.0204
a range +59400 +60000 2025 2046 0.0239
a range +59400 +60000 2026 2014 0.0356
a range +59400 +60000 2027 9001 1105.0629
a range +59400 +60000 2028 2004 0.0467
a range +59400 +60000 2029 2060 0.0606
a range +59400 +60000 2030 2019 0.0505
a range +59400 +60000 2031 2010 0.0171
a range +59400 +60000 2032 2006 0.0467
a range +59400 +60000 2033 2052 0.0441
a range +59400 +60000 2034 2005 0.051
a range +59400 +60000 2035 2009 0.05
a range +59400 +60000 2036 2063 0.0614
a range +59400 +60000 2037 2058 0.0616
a range +59400 +60000 2038 2055 0.0525
a range +59400 +60000 2039 2057 0.0305
a range +59400 +60000 2040 2001 0.05
a range +59400 +60000 2041 2015 0.0521
a range +59400 +60000 2042 2056 0.0433
a range +59400 +60000 2043 2054 0.0278
a range +59400 +60000 2044 2051 0.0614
a range +59400 +60000 2045 2013 0.0543
a range +59400 +60000 2046 2025 0.0239
a range +59400 +60000 2047 2064 0.0459
a range +59400 +60000 2048 9004 1104.5294
a range +59400 +60000 2049 2050 0.0248
a range +59400 +60000 2050 2049 0.0248
a range +59400 +60000 2051 2044 0.0614
a range +59400 +60000 2052 2033 0.0441
a range +59400 +60000 2053 2020 0.0564
a range +59400 +60000 2054 2043 0.0278
a range +59400 +60000 2055 2038 0.0525
a range +59400 +60000 2056 2042 0.0433
a range +59400 +60000 2057 2039 0.0305
a range +59400 +60000 2058 2037 0.0616
a range +59400 +60000 2059 2023 0.0585
a range +59400 +60000 2060 2029 0.0606
a range +59400 +60000 2061 2022 0.0576
a range +59400 +60000 2062 2002 0.0498
a range +59400 +60000 2063 2036 0.0614
a range +59400 +60000 2064 2047 0.0459
a range +59400 +60000 9001 2027 1105.0629
a range +59400 +60000 9002 9008 0.0
a range +59400 +60000 9003 2008 1104.7812
a range +59400 +60000 9004 2048 1104.5294
a range +59400 +60000 9005 9011 0.0
a range +59400 +60000 9006 2007 1104.7735
a range +59400 +60000 9007 2003 1105.0533
a range +59400 +60000 9008 9002 0.0
a range +59400 +60000 9009 2016 1104.7018
a range +59400 +60000 9010 2012 1104.3179
a range +59400 +60000 9011 9005 0.0
a range +59400 +60000 9012 2018 1104.7727
a range +60000 +60600 2001 2041 0.0506
a range +60000 +60600 2002 2056 0.0535
a range +60000 +60600 2003 2062 0.0546
a range +60000 +60600 2004 2009 0.0275
a range +60000 +60600 2005 2025 0.0465
a range +60000 +60600 2006 2031 0.0472
a range +60000 +60600 2007 2034 0.0488
a range +60000 +60600 2008 9006 1104.7812
a range +60000 +60600 2009 2004 0.0275
a range +60000 +60600 2010 2035 0.0516
a range +60000 +60600 2011 2023 0.0189
a range +60000 +60600 2012 2018 0.0267
a range +60000 +60600 2013 9003 1104.2262
a range +60000 +60600 2014 2044 0.0542
a range +60000 +60600 2015 2046 0.0547
a range +60000 +60600 2016 2045 0.052
a range +60000 +60600 2017 2040 0.0364
a range +60000 +60600 2018 2012 0.0267
a range +60000 +60600 2019 2026 0.0341
a range +60000 +60600 2020 2033 0.0531
a range +60000 +60600 2021 2059 0.0591
a range +60000 +60600 2022 2060 0.0588
a range +60000 +60600 2023 2011 0.0189
a range +60000 +60600 2024 9007 1105.072
a range +60000 +60600 2025 2005 0.0465
a range +60000 +60600 2026 2019 0.0341
a range +60000 +60600 2027 9004 1105.0629
a range +60000 +60600 2028 9010 1105.0553
a range +60000 +60600 2029 2061 0.0599
a range +60000 +60600 2030 2053 0.0575
a range +60000 +60600 2031 2006 0.0472
a range +60000 +60600 2032 2055 0.0582
a range +60000 +60600 2033 2020 0.0531
a range +60000 +60600 2034 2007 0.0488
a range +60000 +60600 2035 2010 0.0516
a range +60000 +60600 2036 2058 0.0611
a range +60000 +60600 2037 2054 0.0384
a range +60000 +60600 2038 2052 0.0595
a range +60000 +60600 2039 2063 0.0612
a range +60000 +60600 2040 2017 0.0364
a range +60000 +60600 2041 2001 0.0506
a range +60000 +60600 2042 2051 0.0611
a range +60000 +60600 2043 2057 0.0584
a range +60000 +60600 2044 2014 0.0542
a range +60000 +60600 2045 2016 0.052
a range +60000 +60600 2046 2015 0.0547
a range +60000 +60600 2047 2049 0.0447
a range +60000 +60600 2048 9001 1104.5294
a range +60000 +60600 2049 2047 0.0447
a range +60000 +60600 2050 9012 1104.8046
a range +60000 +60600 2051 2042 0.0611
a range +60000 +60600 2052 2038 0.0595
a range +60000 +60600 2053 2030 0.0575
a range +60000 +60600 2054 2037 0.0384
a range +60000 +60600 2055 2032 0.0582
a range +60000 +60600 2056 2002 0.0535
a range +60000 +60600 2057 2043 0.0584
a range +60000 +60600 2058 2036 0.0611
a range +60000 +60600 2059 2021 0.0591
a range +60000 +60600 2060 2022 0.0588
a range +60000 +60600 2061 2029 0.0599
a range +60000 +60600 2062 2003 0.0546
a range +60000 +60600 2063 2039 0.0612
a range +60000 +60600 2064 9009 1104.7778
a range +60000 +60600 9001 2048 1104.5294
a range +60000 +60600 9002 9011 0.0
a range +60000 +60600 9003 2013 1104.2262
a range +60000 +60600 9004 2027 1105.0629
a range +60000 +60600 9005 9008 0.0
a range +60000 +60600 9006 2008 1104.7812
a range +60000 +60600 9007 2024 1105.072
a range +60000 +60600 9008 9005 0.0
a range +60000 +60600 9009 2064 1104.7778
a range +60000 +60600 9010 2028 1105.0553
a range +60000 +60600 9011 9002 0.0
a range +60000 +60600 9012 2050 1104.8046
a range +60600 +61200 2001 2042 0.0509
a range +60600 +61200 2002 2051 0.0522
a range +60600 +61200 2003 2055 0.0526
a range +60600 +61200 2004 2062 0.0544
a range +60600 +61200 2005 2026 0.0482
a range +60600 +61200 2006 2034 0.0513
a range +60600 +61200 2007 2050 0.0517
a range +60600 +61200 2008 2043 0.0512
a range +60600 +61200 2009 9006 1104.6067
a range +60600 +61200 2010 9004 1104.4995
a range +60600 +61200 2011 2024 0.0119
a range +60600 +61200 2012 9012 1104.321
a range +60600 +61200 2013 2039 0.051
a range +60600 +61200 2014 9003 1104.132
a range +60600 +61200 2015 2045 0.0539
a range +60600 +61200 2016 2041 0.0535
a range +60600 +61200 2017 2038 0.0522
a range +60600 +61200 2018 2020 0.0385
a range +60600 +61200 2019 2029 0.0277
a range +60600 +61200 2020 2018 0.0385
a range +60600 +61200 2021 2052 0.056
a range +60600 +61200 2022 2059 0.0588
a range +60600 +61200 2023 2049 0.0571
a range +60600 +61200 2024 2011 0.0119
a range +60600 +61200 2025 2061 0.0611
a range +60600 +61200 2026 2005 0.0482
a range +60600 +61200 2027 9010 1105.0629
a range +60600 +61200 2028 2058 0.0595
a range +60600 +61200 2029 2019 0.0277
a range +60600 +61200 2030 2064 0.059
a range +60600 +61200 2031 2060 0.0601
a range +60600 +61200 2032 2048 0.0562
a range +60600 +61200 2033 9007 1105.0456
a range +60600 +61200 2034 2006 0.0513
a range +60600 +61200 2035 2054 0.0109
a range +60600 +61200 2036 2057 0.0609
a range +60600 +61200 2037 2053 0.0406
a range +60600 +61200 2038 2017 0.0522
a range +60600 +61200 2039 2013 0.051
a range +60600 +61200 2040 2056 0.0459
a range +60600 +61200 2041 2016 0.0535
a range +60600 +61200 2042 2001 0.0509
a range +60600 +61200 2043 2008 0.0512
a range +60600 +61200 2044 2046 0.0443
a range +60600 +61200 2045 2015 0.0539
a range +60600 +61200 2046 2044 0.0443
a range +60600 +61200 2047 9001 1104.6671
a range +60600 +61200 2048 2032 0.0562
a range +60600 +61200 2049 2023 0.0571
a range +60600 +61200 2050 2007 0.0517
a range +60600 +61200 2051 2002 0.0522
a range +60600 +61200 2052 2021 0.056
a range +60600 +61200 2053 2037 0.0406
a range +60600 +61200 2054 2035 0.0109
a range +60600 +61200 2055 2003 0.0526
a range +60600 +61200 2056 2040 0.0459
a range +60600 +61200 2057 2036 0.0609
a range +60600 +61200 2058 2028 0.0595
a range +60600 +61200 2059 2022 0.0588
a range +60600 +61200 2060 2031 0.0601
a range +60600 +61200 2061 2025 0.0611
a range +60600 +61200 2062 2004 0.0544
a range +60600 +61200 2063 9009 1104.7687
a range +60600 +61200 2064 2030 0.059
a range +60600 +61200 9001 2047 1104.6671
a range +60600 +61200 9002 9005 0.0
a range +60600 +61200 9003 2014 1104.132
a range +60600 +61200 9004 2010 1104.4995
a range +60600 +61200 9005 9002 0.0
a range +60600 +61200 9006 2009 1104.6067
a range +60600 +61200 9007 2033 1105.0456
a range +60600 +61200 9008 9011 0.0
a range +60600 +61200 9009 2063 1104.7687
a range +60600 +61200 9010 2027 1105.0629
a range +60600 +61200 9011 9008 0.0
a range +60600 +61200 9012 2012 1104.321
a range +61200 +61800 2001 2043 0.0511
a range +61200 +61800 2002 9004 1105.0481
a range +61200 +61800 2003 2054 0.0522
a range +61200 +61800 2004 2040 0.0501
a range +61200 +61800 2005 2033 0.0507
a range +61200 +61800 2006 2038 0.0499
a range +61200 +61800 2007 2055 0.0537
a range +61200 +61800 2008 2016 0.0263
a range +61200 +61800 2009 2034 0.0509
a range +61200 +61800 2010 2059 0.0557
a range +61200 +61800 2011 2025 0.0267
a range +61200 +61800 2012 9009 1104.321
a range +61200 +61800 2013 2032 0.0464
a range +61200 +61800 2014 2039 0.0515
a range +61200 +61800 2015 9003 1104.7971
a range +61200 +61800 2016 2008 0.0263
a range +61200 +61800 2017 2045 0.0541
a range +61200 +61800 2018 2044 0.0558
a range +61200 +61800 2019 2035 0.0096
a range +61200 +61800 2020 2042 0.0539
a range +61200 +61800 2021 2029 0.023
a range +61200 +61800 2022 2058 0.0573
a range +61200 +61800 2023 2052 0.0565
a range +61200 +61800 2024 9006 1104.7508
a range +61200 +61800 2025 2011 0.0267
a range +61200 +61800 2026 9001 1105.0671
a range +61200 +61800 2027 2062 0.0604
a range +61200 +61800 2028 2061 0.0606
a range +61200 +61800 2029 2021 0.023
a range +61200 +61800 2030 2060 0.0603
a range +61200 +61800 2031 2053 0.0589
a range +61200 +61800 2032 2013 0.0464
a range +61200 +61800 2033 2005 0.0507
a range +61200 +61800 2034 2009 0.0509
a range +61200 +61800 2035 2019 0.0096
a range +61200 +61800 2036 2056 0.0436
a range +61200 +61800 2037 2064 0.0613
a range +61200 +61800 2038 2006 0.0499
a range +61200 +61800 2039 2014 0.0515
a range +61200 +61800 2040 2004 0.0501
a range +61200 +61800 2041 2057 0.0634
a range +61200 +61800 2042 2020 0.0539
a range +61200 +61800 2043 2001 0.0511
a range +61200 +61800 2044 2018 0.0558
a range +61200 +61800 2045 2017 0.0541
a range +61200 +61800 2046 2051 0.0224
a range +61200 +61800 2047 9007 1104.6671
a range +61200 +61800 2048 2050 0.0487
a range +61200 +61800 2049 9012 1104.793
a range +61200 +61800 2050 2048 0.0487
a range +61200 +61800 2051 2046 0.0224
a range +61200 +61800 2052 2023 0.0565
a range +61200 +61800 2053 2031 0.0589
a range +61200 +61800 2054 2003 0.0522
a range +61200 +61800 2055 2007 0.0537
a range +61200 +61800 2056 2036 0.0436
a range +61200 +61800 2057 2041 0.0634
a range +61200 +61800 2058 2022 0.0573
a range +61200 +61800 2059 2010 0.0557
a range +61200 +61800 2060 2030 0.0603
a range +61200 +61800 2061 2028 0.0606
a range +61200 +61800 2062 2027 0.0604
a range +61200 +61800 2063 9010 1105.0674
a range +61200 +61800 2064 2037 0.0613
a range +61200 +61800 9001 2026 1105.0671
a range +61200 +61800 9002 9008 0.0
a range +61200 +61800 9003 2015 1104.7971
a range +61200 +61800 9004 2002 1105.0481
a range +61200 +61800 9005 9011 0.0
a range +61200 +61800 9006 2024 1104.7508
a range +61200 +61800 9007 2047 1104.6671
a range +61200 +61800 9008 9002 0.0
a range +61200 +61800 9009 2012 1104.321
a range +61200 +61800 9010 2063 1105.0674
a range +61200 +61800 9011 9005 0.0
a range +61200 +61800 9012 2049 1104.793
a range +61800 +62400 2001 2044 0.0499
a range +61800 +62400 2002 2050 0.0535
a range +61800 +62400 2003 2052 0.0517
a range +61800 +62400 2004 2033 0.0504
a range +61800 +62400 2005 2040 0.0505
a range +61800 +62400 2006 2037 0.0491
a range +61800 +62400 2007 2051 0.052
a range +61800 +62400 2008 2042 0.0517
a range +61800 +62400 2009 2057 0.0328
a range +61800 +62400 2010 2017 0.036
a range +61800 +62400 2011 2027 0.049
a range +61800 +62400 2012 9003 1104.321
a range +61800 +62400 2013 2043 0.0546
a range +61800 +62400 2014 2038 0.0505
a range +61800 +62400 2015 2039 0.0516
a range +61800 +62400 2016 9012 1104.7018
a range +61800 +62400 2017 2010 0.036
a range +61800 +62400 2018 2041 0.0553
a range +61800 +62400 2019 2032 0.0501
a range +61800 +62400 2020 9006 1104.7989
a range +61800 +62400 2021 9010 1105.0337
a range +61800 +62400 2022 2054 0.0578
a range +61800 +62400 2023 2024 0.0207
a range +61800 +62400 2024 2023 0.0207
a range +61800 +62400 2025 9007 1105.0656
a range +61800 +62400 2026 9004 1105.0671
a range +61800 +62400 2027 2011 0.049
a range +61800 +62400 2028 2062 0.0604
a range +61800 +62400 2029 2059 0.0607
a range +61800 +62400 2030 2061 0.0596
a range +61800 +62400 2031 2055 0.0576
a range +61800 +62400 2032 2019 0.0501
a range +61800 +62400 2033 2004 0.0504
a range +61800 +62400 2034 2060 0.0579
a range +61800 +62400 2035 2058 0.0615
a range +61800 +62400 2036 2053 0.029
a range +61800 +62400 2037 2006 0.0491
a range +61800 +62400 2038 2014 0.0505
a range +61800 +62400 2039 2015 0.0516
a range +61800 +62400 2040 2005 0.0505
a range +61800 +62400 2041 2018 0.0553
a range +61800 +62400 2042 2008 0.0517
a range +61800 +62400 2043 2013 0.0546
a range +61800 +62400 2044 2001 0.0499
a range +61800 +62400 2045 2056 0.0348
a range +61800 +62400 2046 9009 1104.8041
a range +61800 +62400 2047 2063 0.0629
a range +61800 +62400 2048 2049 0.0576
a range +61800 +62400 2049 2048 0.0576
a range +61800 +62400 2050 2002 0.0535
a range +61800 +62400 2051 2007 0.052
a range +61800 +62400 2052 2003 0.0517
a range +61800 +62400 2053 2036 0.029
a range +61800 +62400 2054 2022 0.0578
a range +61800 +62400 2055 2031 0.0576
a range +61800 +62400 2056 2045 0.0348
a range +61800 +62400 2057 2009 0.0328
a range +61800 +62400 2058 2035 0.0615
a range +61800 +62400 2059 2029 0.0607
a range +61800 +62400 2060 2034 0.0579
a range +61800 +62400 2061 2030 0.0596
a range +61800 +62400 2062 2028 0.0604
a range +61800 +62400 2063 2047 0.0629
a range +61800 +62400 2064 9001 1105.0694
a range +61800 +62400 9001 2064 1105.0694
a range +61800 +62400 9002 9011 0.0
a range +61800 +62400 9003 2012 1104.321
a range +61800 +62400 9004 2026 1105.0671
a range +61800 +62400 9005 9008 0.0
a range +61800 +62400 9006 2020 1104.7989
a range +61800 +62400 9007 2025 1105.0656
a range +61800 +62400 9008 9005 0.0
a range +61800 +62400 9009 2046 1104.8041
a range +61800 +62400 9010 2021 1105.0337
a range +61800 +62400 9011 9002 0.0
a range +61800 +62400 9012 2016 1104.7018
a range +62400 +63000 2001 2047 0.0505
a range +62400 +63000 2002 2048 0.051
a range +62400 +63000 2003 2004 0.0175
a range +62400 +63000 2004 2003 0.0175
a range +62400 +63000 2005 2039 0.0496
a range +62400 +63000 2006 2040 0.0509
a range +62400 +63000 2007 2049 0.0522
a range +62400 +63000 2008 2041 0.0509
a range +62400 +63000 2009 2054 0.0536
a range +62400 +63000 2010 2053 0.0546
a range +62400 +63000 2011 2026 0.0495
a range +62400 +63000 2012 2033 0.0507
a range +62400 +63000 2013 9009 1104.2262
a range +62400 +63000 2014 2043 0.0531
a range +62400 +63000 2015 2042 0.0534
a range +62400 +63000 2016 9003 1104.7018
a range +62400 +63000 2017 2036 0.053
a range +62400 +63000 2018 2031 0.0504
a range +62400 +63000 2019 2025 0.0476
a range +62400 +63000 2020 2027 0.0307
a range +62400 +63000 2021 9007 1105.0337
a range +62400 +63000 2022 2032 0.0289
a range +62400 +63000 2023 2050 0.0557
a range +62400 +63000 2024 9004 1105.072
a range +62400 +63000 2025 2019 0.0476
a range +62400 +63000 2026 2011 0.0495
a range +62400 +63000 2027 2020 0.0307
a range +62400 +63000 2028 2059 0.0613
a range +62400 +63000 2029 2058 0.0613
a range +62400 +63000 2030 2052 0.0581
a range +62400 +63000 2031 2018 0.0504
a range +62400 +63000 2032 2022 0.0289
a range +62400 +63000 2033 2012 0.0507
a range +62400 +63000 2034 2062 0.0623
a range +62400 +63000 2035 2057 0.0628
a range +62400 +63000 2036 2017 0.053
a range +62400 +63000 2037 2055 0.04
a range +62400 +63000 2038 2051 0.0602
a range +62400 +63000 2039 2005 0.0496
a range +62400 +63000 2040 2006 0.0509
a range +62400 +63000 2041 2008 0.0509
a range +62400 +63000 2042 2015 0.0534
a range +62400 +63000 2043 2014 0.0531
a range +62400 +63000 2044 2056 0.025
a range +62400 +63000 2045 9001 1104.9462
a range +62400 +63000 2046 9012 1104.8041
a range +62400 +63000 2047 2001 0.0505
a range +62400 +63000 2048 2002 0.051
a range +62400 +63000 2049 2007 0.0522
a range +62400 +63000 2050 2023 0.0557
a range +62400 +63000 2051 2038 0.0602
a range +62400 +63000 2052 2030 0.0581
a range +62400 +63000 2053 2010 0.0546
a range +62400 +63000 2054 2009 0.0536
a range +62400 +63000 2055 2037 0.04
a range +62400 +63000 2056 2044 0.025
a range +62400 +63000 2057 2035 0.0628
a range +62400 +63000 2058 2029 0.0613
a range +62400 +63000 2059 2028 0.0613
a range +62400 +63000 2060 2061 0.0256
a range +62400 +63000 2061 2060 0.0256
a range +62400 +63000 2062 2034 0.0623
a range +62400 +63000 2063 9006 1104.7687
a range +62400 +63000 2064 9010 1105.0694
a range +62400 +63000 9001 2045 1104.9462
a range +62400 +63000 9002 9005 0.0
a range +62400 +63000 9003 2016 1104.7018
a range +62400 +63000 9004 2024 1105.072
a range +62400 +63000 9005 9002 0.0
a range +62400 +63000 9006 2063 1104.7687
a range +62400 +63000 9007 2021 1105.0337
a range +62400 +63000 9008 9011 0.0
a range +62400 +63000 9009 2013 1104.2262
a range +62400 +63000 9010 2064 1105.0694
a range +62400 +63000 9011 9008 0.0
a range +62400 +63000 9012 2046 1104.8041
a range +63000 +63600 2001 9012 1104.7848
a range +63000 +63600 2002 2046 0.0518
a range +63000 +63600 2003 2039 0.0486
a range +63000 +63600 2004 2025 0.0476
a range +63000 +63600 2005 2027 0.0489
a range +63000 +63600 2006 2036 0.0483
a range +63000 +63600 2007 2047 0.0511
a range +63000 +63600 2008 2032 0.0466
a range +63000 +63600 2009 2051 0.0558
a range +63000 +63600 2010 2050 0.0539
a range +63000 +63600 2011 2030 0.0353
a range +63000 +63600 2012 9004 1104.3179
a range +63000 +63600 2013 2040 0.0501
a range +63000 +63600 2014 2023 0.0466
a range +63000 +63600 2015 2044 0.0525
a range +63000 +63600 2016 2043 0.0525
a range +63000 +63600 2017 2037 0.0527
a range +63000 +63600 2018 9009 1104.7727
a range +63000 +63600 2019 2020 0.0214
a range +63000 +63600 2020 2019 0.0214
a range +63000 +63600 2021 2048 0.0538
a range +63000 +63600 2022 2053 0.0566
a range +63000 +63600 2023 2014 0.0466
a range +63000 +63600 2024 9003 1104.7508
a range +63000 +63600 2025 2004 0.0476
a range +63000 +63600 2026 2062 0.0605
a range +63000 +63600 2027 2005 0.0489
a range +63000 +63600 2028 2052 0.0574
a range +63000 +63600 2029 2064 0.0593
a range +63000 +63600 2030 2011 0.0353
a range +63000 +63600 2031 2059 0.0601
a range +63000 +63600 2032 2008 0.0466
a range +63000 +63600 2033 2061 0.0619
a range +63000 +63600 2034 2054 0.0341
a range +63000 +63600 2035 2060 0.0608
a range +63000 +63600 2036 2006 0.0483
a range +63000 +63600 2037 2017 0.0527
a range +63000 +63600 2038 2058 0.061
a range +63000 +63600 2039 2003 0.0486
a range +63000 +63600 2040 2013 0.0501
a range +63000 +63600 2041 2055 0.0396
a range +63000 +63600 2042 2057 0.0626
a range +63000 +63600 2043 2016 0.0525
a range +63000 +63600 2044 2015 0.0525
a range +63000 +63600 2045 9007 1104.9462
a range +63000 +63600 2046 2002 0.0518
a range +63000 +63600 2047 2007 0.0511
a range +63000 +63600 2048 2021 0.0538
a range +63000 +63600 2049 9010 1105.0807
a range +63000 +63600 2050 2010 0.0539
a range +63000 +63600 2051 2009 0.0558
a range +63000 +63600 2052 2028 0.0574
a range +63000 +63600 2053 2022 0.0566
a range +63000 +63600 2054 2034 0.0341
a range +63000 +63600 2055 2041 0.0396
a range +63000 +63600 2056 9006 1104.7711
a range +63000 +63600 2057 2042 0.0626
a range +63000 +63600 2058 2038 0.061
a range +63000 +63600 2059 2031 0.0601
a range +63000 +63600 2060 2035 0.0608
a range +63000 +63600 2061 2033 0.0619
a range +63000 +63600 2062 2026 0.0605
a range +63000 +63600 2063 9001 1105.0674
a range +63000 +63600 2064 2029 0.0593
a range +63000 +63600 9001 2063 1105.0674
a range +63000 +63600 9002 9008 0.0
a range +63000 +63600 9003 2024 1104.7508
a range +63000 +63600 9004 2012 1104.3179
a range +63000 +63600 9005 9011 0.0
a range +63000 +63600 9006 2056 1104.7711
a range +63000 +63600 9007 2045 1104.9462
a range +63000 +63600 9008 9002 0.0
a range +63000 +63600 9009 2018 1104.7727
a range +63000 +63600 9010 2049 1105.0807
a range +63000 +63600 9011 9005 0.0
a range +63000 +63600 9012 2001 1104.7848
a range +63600 +64200 2001 2048 0.0512
a range +63600 +64200 2002 2030 0.0479
a range +63600 +64200 2003 2045 0.0516
a range +63600 +64200 2004 2024 0.0189
a range +63600 +64200 2005 2044 0.051
a range +63600 +64200 2006 2039 0.0501
a range +63600 +64200 2007 2025 0.047
a range +63600 +64200 2008 2038 0.0512
a range +63600 +64200 2009 2019 0.0465
a range +63600 +64200 2010 2064 0.0436
a range +63600 +64200 2011 2031 0.0218
a range +63600 +64200 2012 9001 1104.3179
a range +63600 +64200 2013 2029 0.0487
a range +63600 +64200 2014 2033 0.0501
a range +63600 +64200 2015 2040 0.051
a range +63600 +64200 2016 2046 0.0522
a range +63600 +64200 2017 2043 0.0539
a range +63600 +64200 2018 2026 0.0234
a range +63600 +64200 2019 2009 0.0465
a range +63600 +64200 2020 9010 1105.043
a range +63600 +64200 2021 2022 0.019
a range +63600 +64200 2022 2021 0.019
a range +63600 +64200 2023 9009 1104.759
a range +63600 +64200 2024 2004 0.0189
a range +63600 +64200 2025 2007 0.047
a range +63600 +64200 2026 2018 0.0234
a range +63600 +64200 2027 2060 0.0612
a range +63600 +64200 2028 2053 0.0235
a range +63600 +64200 2029 2013 0.0487
a range +63600 +64200 2030 2002 0.0479
a range +63600 +64200 2031 2011 0.0218
a range +63600 +64200 2032 9012 1104.7656
a range +63600 +64200 2033 2014 0.0501
a range +63600 +64200 2034 2061 0.0615
a range +63600 +64200 2035 2062 0.0609
a range +63600 +64200 2036 2059 0.0612
a range +63600 +64200 2037 2052 0.0593
a range +63600 +64200 2038 2008 0.0512
a range +63600 +64200 2039 2006 0.0501
a range +63600 +64200 2040 2015 0.051
a range +63600 +64200 2041 2058 0.0614
a range +63600 +64200 2042 2055 0.0211
a range +63600 +64200 2043 2017 0.0539
a range +63600 +64200 2044 2005 0.051
a range +63600 +64200 2045 2003 0.0516
a range +63600 +64200 2046 2016 0.0522
a range +63600 +64200 2047 2057 0.0323
a range +63600 +64200 2048 2001 0.0512
a range +63600 +64200 2049 9006 1104.793
a range +63600 +64200 2050 9004 1105.061
a range +63600 +64200 2051 2054 0.061
a range +63600 +64200 2052 2037 0.0593
a range +63600 +64200 2053 2028 0.0235
a range +63600 +64200 2054 2051 0.061
a range +63600 +64200 2055 2042 0.0211
a range +63600 +64200 2056 9003 1104.7711
a range +63600 +64200 2057 2047 0.0323
a range +63600 +64200 2058 2041 0.0614
a range +63600 +64200 2059 2036 0.0612
a range +63600 +64200 2060 2027 0.0612
a range +63600 +64200 2061 2034 0.0615
a range +63600 +64200 2062 2035 0.0609
a range +63600 +64200 2063 9007 1105.0674
a range +63600 +64200 2064 2010 0.0436
a range +63600 +64200 9001 2012 1104.3179
a range +63600 +64200 9002 9011 0.0
a range +63600 +64200 9003 2056 1104.7711
a range +63600 +64200 9004 2050 1105.061
a range +63600 +64200 9005 9008 0.0
a range +63600 +64200 9006 2049 1104.793
a range +63600 +64200 9007 2063 1105.0674
a range +63600 +64200 9008 9005 0.0
a range +63600 +64200 9009 2023 1104.759
a range +63600 +64200 9010 2020 1105.043
a range +63600 +64200 9011 9002 0.0
a range +63600 +64200 9012 2032 1104.7656
a range +64200 +64800 2001 9010 1105.0486
a range +64200 +64800 2002 2045 0.0501
a range +64200 +64800 2003 2023 0.0102
a range +64200 +64800 2004 2017 0.046
a range +64200 +64800 2005 2032 0.0472
a range +64200 +64800 2006 2035 0.0507
a range +64200 +64800 2007 2044 0.0525
a range +64200 +64800 2008 2031 0.0481
a range +64200 +64800 2009 2039 0.0523
a range +64200 +64800 2010 2063 0.0558
a range +64200 +64800 2011 2033 0.0511
a range +64200 +64800 2012 2046 0.0542
a range +64200 +64800 2013 2028 0.0485
a range +64200 +64800 2014 9009 1104.7853
a range +64200 +64800 2015 2026 0.0359
a range +64200 +64800 2016 9006 1104.7018
a range +64200 +64800 2017 2004 0.046
a range +64200 +64800 2018 2025 0.0364
a range +64200 +64800 2019 9012 1104.7904
a range +64200 +64800 2020 9007 1105.043
a range +64200 +64800 2021 2038 0.0423
a range +64200 +64800 2022 2050 0.0565
a range +64200 +64800 2023 2003 0.0102
a range +64200 +64800 2024 9001 1105.072
a range +64200 +64800 2025 2018 0.0364
a range +64200 +64800 2026 2015 0.0359
a range +64200 +64800 2027 2059 0.0613
a range +64200 +64800 2028 2013 0.0485
a range +64200 +64800 2029 2055 0.0397
a range +64200 +64800 2030 2051 0.0579
a range +64200 +64800 2031 2008 0.0481
a range +64200 +64800 2032 2005 0.0472
a range +64200 +64800 2033 2011 0.0511
a range +64200 +64800 2034 2053 0.0379
a range +64200 +64800 2035 2006 0.0507
a range +64200 +64800 2036 2062 0.0182
a range +64200 +64800 2037 2061 0.0618
a range +64200 +64800 2038 2021 0.0423
a range +64200 +64800 2039 2009 0.0523
a range +64200 +64800 2040 2060 0.0619
a range +64200 +64800 2041 2054 0.0213
a range +64200 +64800 2042 2058 0.0634
a range +64200 +64800 2043 2052 0.0611
a range +64200 +64800 2044 2007 0.0525
a range +64200 +64800 2045 2002 0.0501
a range +64200 +64800 2046 2012 0.0542
a range +64200 +64800 2047 2056 0.0608
a range +64200 +64800 2048 2057 0.0473
a range +64200 +64800 2049 9003 1104.793
a range +64200 +64800 2050 2022 0.0565
a range +64200 +64800 2051 2030 0.0579
a range +64200 +64800 2052 2043 0.0611
a range +64200 +64800 2053 2034 0.0379
a range +64200 +64800 2054 2041 0.0213
a range +64200 +64800 2055 2029 0.0397
a range +64200 +64800 2056 2047 0.0608
a range +64200 +64800 2057 2048 0.0473
a range +64200 +64800 2058 2042 0.0634
a range +64200 +64800 2059 2027 0.0613
a range +64200 +64800 2060 2040 0.0619
a range +64200 +64800 2061 2037 0.0618
a range +64200 +64800 2062 2036 0.0182
a range +64200 +64800 2063 2010 0.0558
a range +64200 +64800 2064 9004 1105.0694
a range +64200 +64800 9001 2024 1105.072
a range +64200 +64800 9002 9005 0.0
a range +64200 +64800 9003 2049 1104.793
a range +64200 +64800 9004 2064 1105.0694
a range +64200 +64800 9005 9002 0.0
a range +64200 +64800 9006 2016 1104.7018
a range +64200 +64800 9007 2020 1105.043
a range +64200 +64800 9008 9011 0.0
a range +64200 +64800 9009 2014 1104.7853
a range +64200 +64800 9010 2001 1105.0486
a range +64200 +64800 9011 9008 0.0
a range +64200 +64800 9012 2019 1104.7904
a range +64800 +65400 2001 2046 0.0511
a range +64800 +65400 2002 2022 0.0312
a range +64800 +65400 2003 2024 0.045
a range +64800 +65400 2004 2018 0.0462
a range +64800 +65400 2005 2042 0.0512
a range +64800 +65400 2006 2041 0.05
a range +64800 +65400 2007 2023 0.0448
a range +64800 +65400 2008 9012 1104.7812
a range +64800 +65400 2009 2044 0.0546
a range +64800 +65400 2010 2038 0.0508
a range +64800 +65400 2011 2032 0.0166
a range +64800 +65400 2012 9007 1104.3179
a range +64800 +65400 2013 2034 0.0511
a range +64800 +65400 2014 2029 0.0484
a range +64800 +65400 2015 2020 0.0118
a range +64800 +65400 2016 2039 0.0522
a range +64800 +65400 2017 2028 0.0503
a range +64800 +65400 2018 2004 0.0462
a range +64800 +65400 2019 9009 1104.7904
a range +64800 +65400 2020 2015 0.0118
a range +64800 +65400 2021 2026 0.0501
a range +64800 +65400 2022 2002 0.0312
a range +64800 +65400 2023 2007 0.0448
a range +64800 +65400 2024 2003 0.045
a range +64800 +65400 2025 2045 0.0292
a range +64800 +65400 2026 2021 0.0501
a range +64800 +65400 2027 2052 0.0572
a range +64800 +65400 2028 2017 0.0503
a range +64800 +65400 2029 2014 0.0484
a range +64800 +65400 2030 2048 0.0564
a range +64800 +65400 2031 9010 1105.0526
a range +64800 +65400 2032 2011 0.0166
a range +64800 +65400 2033 2060 0.0613
a range +64800 +65400 2034 2013 0.0511
a range +64800 +65400 2035 2061 0.0306
a range +64800 +65400 2036 2054 0.0164
a range +64800 +65400 2037 2059 0.0628
a range +64800 +65400 2038 2010 0.0508
a range +64800 +65400 2039 2016 0.0522
a range +64800 +65400 2040 2062 0.0609
a range +64800 +65400 2041 2006 0.05
a range +64800 +65400 2042 2005 0.0512
a range +64800 +65400 2043 2058 0.0635
a range +64800 +65400 2044 2009 0.0546
a range +64800 +65400 2045 2025 0.0292
a range +64800 +65400 2046 2001 0.0511
a range +64800 +65400 2047 2053 0.0474
a range +64800 +65400 2048 2030 0.0564
a range +64800 +65400 2049 9004 1105.0807
a range +64800 +65400 2050 2057 0.0222
a range +64800 +65400 2051 9003 1104.7988
a range +64800 +65400 2052 2027 0.0572
a range +64800 +65400 2053 2047 0.0474
a range +64800 +65400 2054 2036 0.0164
a range +64800 +65400 2055 9006 1104.7508
a range +64800 +65400 2056 9001 1105.0876
a range +64800 +65400 2057 2050 0.0222
a range +64800 +65400 2058 2043 0.0635
a range +64800 +65400 2059 2037 0.0628
a range +64800 +65400 2060 2033 0.0613
a range +64800 +65400 2061 2035 0.0306
a range +64800 +65400 2062 2040 0.0609
a range +64800 +65400 2063 2064 0.0271
a range +64800 +65400 2064 2063 0.0271
a range +64800 +65400 9001 2056 1105.0876
a range +64800 +65400 9002 9008 0.0
a range +64800 +65400 9003 2051 1104.7988
a range +64800 +65400 9004 2049 1105.0807
a range +64800 +65400 9005 9011 0.0
a range +64800 +65400 9006 2055 1104.7508
a range +64800 +65400 9007 2012 1104.3179
a range +64800 +65400 9008 9002 0.0
a range +64800 +65400 9009 2019 1104.7904
a range +64800 +65400 9010 2031 1105.0526
a range +64800 +65400 9011 9005 0.0
a range +64800 +65400 9012 2008 1104.7812
a range +65400 +66000 2001 2049 0.0522
a range +65400 +66000 2002 9001 1105.0481
a range +65400 +66000 2003 2030 0.0475
a range +65400 +66000 2004 2012 0.0261
a range +65400 +66000 2005 2064 0.0534
a range +65400 +66000 2006 2042 0.052
a range +65400 +66000 2007 2045 0.0511
a range +65400 +66000 2008 2037 0.0506
a range +65400 +66000 2009 2055 0.0542
a range +65400 +66000 2010 9010 1104.4995
a range +65400 +66000 2011 2028 0.0496
a range +65400 +66000 2012 2004 0.0261
a range +65400 +66000 2013 2023 0.0466
a range +65400 +66000 2014 2032 0.0494
a range +65400 +66000 2015 2034 0.0506
a range +65400 +66000 2016 2044 0.0531
a range +65400 +66000 2017 9009 1104.7569
a range +65400 +66000 2018 9003 1104.7727
a range +65400 +66000 2019 2027 0.0151
a range +65400 +66000 2020 2029 0.0162
a range +65400 +66000 2021 2033 0.0529
a range +65400 +66000 2022 2038 0.0336
a range +65400 +66000 2023 2013 0.0466
a range +65400 +66000 2024 2025 0.016
a range +65400 +66000 2025 2024 0.016
a range +65400 +66000 2026 2043 0.0566
a range +65400 +66000 2027 2019 0.0151
a range +65400 +66000 2028 2011 0.0496
a range +65400 +66000 2029 2020 0.0162
a range +65400 +66000 2030 2003 0.0475
a range +65400 +66000 2031 9004 1105.0526
a range +65400 +66000 2032 2014 0.0494
a range +65400 +66000 2033 2021 0.0529
a range +65400 +66000 2034 2015 0.0506
a range +65400 +66000 2035 2063 0.0611
a range +65400 +66000 2036 2061 0.0156
a range +65400 +66000 2037 2008 0.0506
a range +65400 +66000 2038 2022 0.0336
a range +65400 +66000 2039 2062 0.0615
a range +65400 +66000 2040 2059 0.0611
a range +65400 +66000 2041 2060 0.0457
a range +65400 +66000 2042 2006 0.052
a range +65400 +66000 2043 2026 0.0566
a range +65400 +66000 2044 2016 0.0531
a range +65400 +66000 2045 2007 0.0511
a range +65400 +66000 2046 2057 0.0243
a range +65400 +66000 2047 2054 0.0609
a range +65400 +66000 2048 2053 0.0303
a range +65400 +66000 2049 2001 0.0522
a range +65400 +66000 2050 2052 0.047
a range +65400 +66000 2051 9007 1105.0382
a range +65400 +66000 2052 2050 0.047
a range +65400 +66000 2053 2048 0.0303
a range +65400 +66000 2054 2047 0.0609
a range +65400 +66000 2055 2009 0.0542
a range +65400 +66000 2056 9012 1104.7711
a range +65400 +66000 2057 2046 0.0243
a range +65400 +66000 2058 9006 1104.7863
a range +65400 +66000 2059 2040 0.0611
a range +65400 +66000 2060 2041 0.0457
a range +65400 +66000 2061 2036 0.0156
a range +65400 +66000 2062 2039 0.0615
a range +65400 +66000 2063 2035 0.0611
a range +65400 +66000 2064 2005 0.0534
a range +65400 +66000 9001 2002 1105.0481
a range +65400 +66000 9002 9011 0.0
a range +65400 +66000 9003 2018 1104.7727
a range +65400 +66000 9004 2031 1105.0526
a range +65400 +66000 9005 9008 0.0
a range +65400 +66000 9006 2058 1104.7863
a range +65400 +66000 9007 2051 1105.0382
a range +65400 +66000 9008 9005 0.0
a range +65400 +66000 9009 2017 1104.7569
a range +65400 +66000 9010 2010 1104.4995
a range +65400 +66000 9011 9002 0.0
a range +65400 +66000 9012 2056 1104.7711
a range +66000 +66600 2001 2045 0.0505
a range +66000 +66600 2002 2038 0.0508
a range +66000 +66600 2003 2012 0.0429
a range +66000 +66600 2004 2030 0.0477
a range +66000 +66600 2005 2031 0.0465
a range +66000 +66600 2006 2043 0.0518
a range +66000 +66600 2007 2008 0.0185
a range +66000 +66600 2008 2007 0.0185
a range +66000 +66600 2009 2021 0.0262
a range +66000 +66600 2010 2037 0.0503
a range +66000 +66600 2011 2035 0.0515
a range +66000 +66600 2012 2003 0.0429
a range +66000 +66600 2013 2026 0.0365
a range +66000 +66600 2014 2028 0.008
a range +66000 +66600 2015 2027 0.022
a range +66000 +66600 2016 2023 0.0377
a range +66000 +66600 2017 9006 1104.7569
a range +66000 +66600 2018 2029 0.0505
a range +66000 +66600 2019 9003 1104.7904
a range +66000 +66600 2020 2044 0.0553
a range +66000 +66600 2021 2009 0.0262
a range +66000 +66600 2022 2024 0.0384
a range +66000 +66600 2023 2016 0.0377
a range +66000 +66600 2024 2022 0.0384
a range +66000 +66600 2025 9004 1105.0656
a range +66000 +66600 2026 2013 0.0365
a range +66000 +66600 2027 2015 0.022
a range +66000 +66600 2028 2014 0.008
a range +66000 +66600 2029 2018 0.0505
a range +66000 +66600 2030 2004 0.0477
a range +66000 +66600 2031 2005 0.0465
a range +66000 +66600 2032 2061 0.0592
a range +66000 +66600 2033 2051 0.0392
a range +66000 +66600 2034 2050 0.0534
a range +66000 +66600 2035 2011 0.0515
a range +66000 +66600 2036 2060 0.0608
a range +66000 +66600 2037 2010 0.0503
a range +66000 +66600 2038 2002 0.0508
a range +66000 +66600 2039 2055 0.0591
a range +66000 +66600 2040 2054 0.0603
a range +66000 +66600 2041 2059 0.0571
a range +66000 +66600 2042 2053 0.028
a range +66000 +66600 2043 2006 0.0518
a range +66000 +66600 2044 2020 0.0553
a range +66000 +66600 2045 2001 0.0505
a range +66000 +66600 2046 2052 0.0432
a range +66000 +66600 2047 9010 1104.6671
a range +66000 +66600 2048 2064 0.0635
a range +66000 +66600 2049 9009 1104.793
a range +66000 +66600 2050 2034 0.0534
a range +66000 +66600 2051 2033 0.0392
a range +66000 +66600 2052 2046 0.0432
a range +66000 +66600 2053 2042 0.028
a range +66000 +66600 2054 2040 0.0603
a range +66000 +66600 2055 2039 0.0591
a range +66000 +66600 2056 9007 1105.0876
a range +66000 +66600 2057 9012 1104.785
a range +66000 +66600 2058 9001 1105.0551
a range +66000 +66600 2059 2041 0.0571
a range +66000 +66600 2060 2036 0.0608
a range +66000 +66600 2061 2032 0.0592
a range +66000 +66600 2062 2063 0.0263
a range +66000 +66600 2063 2062 0.0263
a range +66000 +66600 2064 2048 0.0635
a range +66000 +66600 9001 2058 1105.0551
a range +66000 +66600 9002 9005 0.0
a range +66000 +66600 9003 2019 1104.7904
a range +66000 +66600 9004 2025 1105.0656
a range +66000 +66600 9005 9002 0.0
a range +66000 +66600 9006 2017 1104.7569
a range +66000 +66600 9007 2056 1105.0876
a range +66000 +66600 9008 9011 0.0
a range +66000 +66600 9009 2049 1104.793
a range +66000 +66600 9010 2047 1104.6671
a range +66000 +66600 9011 9008 0.0
a range +66000 +66600 9012 2057 1104.785
a range +66600 +67200 2001 2050 0.0535
a range +66600 +67200 2002 2031 0.0485
a range +66600 +67200 2003 9001 1105.0533
a range +66600 +67200 2004 2055 0.0524
a range +66600 +67200 2005 2035 0.0503
a range +66600 +67200 2006 2044 0.0506
a range +66600 +67200 2007 2029 0.0476
a range +66600 +67200 2008 2036 0.05
a range +66600 +67200 2009 9012 1104.6067
a range +66600 +67200 2010 2043 0.0544
a range +66600 +67200 2011 2034 0.05
a range +66600 +67200 2012 2037 0.052
a range +66600 +67200 2013 2033 0.0507
a range +66600 +67200 2014 2015 0.0191
a range +66600 +67200 2015 2014 0.0191
a range +66600 +67200 2016 2030 0.0383
a range +66600 +67200 2017 9003 1104.7569
a range +66600 +67200 2018 2028 0.0289
a range +66600 +67200 2019 9006 1104.7904
a range +66600 +67200 2020 2026 0.045
a range +66600 +67200 2021 2023 0.0371
a range +66600 +67200 2022 2025 0.0504
a range +66600 +67200 2023 2021 0.0371
a range +66600 +67200 2024 2027 0.0457
a range +66600 +67200 2025 2022 0.0504
a range +66600 +67200 2026 2020 0.045
a range +66600 +67200 2027 2024 0.0457
a range +66600 +67200 2028 2018 0.0289
a range +66600 +67200 2029 2007 0.0476
a range +66600 +67200 2030 2016 0.0383
a range +66600 +67200 2031 2002 0.0485
a range +66600 +67200 2032 2060 0.06
a range +66600 +67200 2033 2013 0.0507
a range +66600 +67200 2034 2011 0.05
a range +66600 +67200 2035 2005 0.0503
a range +66600 +67200 2036 2008 0.05
a range +66600 +67200 2037 2012 0.052
a range +66600 +67200 2038 2062 0.0614
a range +66600 +67200 2039 2058 0.0608
a range +66600 +67200 2040 2061 0.0609
a range +66600 +67200 2041 2053 0.0184
a range +66600 +67200 2042 2059 0.0631
a range +66600 +67200 2043 2010 0.0544
a range +66600 +67200 2044 2006 0.0506
a range +66600 +67200 2045 2054 0.0612
a range +66600 +67200 2046 2064 0.0454
a range +66600 +67200 2047 2052 0.0295
a range +66600 +67200 2048 2051 0.035
a range +66600 +67200 2049 9007 1105.0807
a range +66600 +67200 2050 2001 0.0535
a range +66600 +67200 2051 2048 0.035
a range +66600 +67200 2052 2047 0.0295
a range +66600 +67200 2053 2041 0.0184
a range +66600 +67200 2054 2045 0.0612
a range +66600 +67200 2055 2004 0.0524
a range +66600 +67200 2056 9010 1105.0876
a range +66600 +67200 2057 9009 1104.785
a range +66600 +67200 2058 2039 0.0608
a range +66600 +67200 2059 2042 0.0631
a range +66600 +67200 2060 2032 0.06
a range +66600 +67200 2061 2040 0.0609
a range +66600 +67200 2062 2038 0.0614
a range +66600 +67200 2063 9004 1105.0674
a range +66600 +67200 2064 2046 0.0454
a range +66600 +67200 9001 2003 1105.0533
a range +66600 +67200 9002 9008 0.0
a range +66600 +67200 9003 2017 1104.7569
a range +66600 +67200 9004 2063 1105.0674
a range +66600 +67200 9005 9011 0.0
a range +66600 +67200 9006 2019 1104.7904
a range +66600 +67200 9007 2049 1105.0807
a range +66600 +67200 9008 9002 0.0
a range +66600 +67200 9009 2057 1104.785
a range +66600 +67200 9010 2056 1105.0876
a range +66600 +67200 9011 9005 0.0
a range +66600 +67200 9012 2009 1104.6067
a range +67200 +67800 2001 2051 0.0525
a range +67200 +67800 2002 9010 1105.0481
a range +67200 +67800 2003 2036 0.0504
a range +67200 +67800 2004 2063 0.0545
a range +67200 +67800 2005 2043 0.0501
a range +67200 +67800 2006 2045 0.051
a range +67200 +67800 2007 9004 1105.0624
a range +67200 +67800 2008 9001 1105.0545
a range +67200 +67800 2009 2042 0.0525
a range +67200 +67800 2010 2055 0.0549
a range +67200 +67800 2011 2037 0.0502
a range +67200 +67800 2012 2029 0.0499
a range +67200 +67800 2013 9012 1104.7669
a range +67200 +67800 2014 2034 0.0505
a range +67200 +67800 2015 9009 1104.7971
a range +67200 +67800 2016 2038 0.0506
a range +67200 +67800 2017 2033 0.0391
a range +67200 +67800 2018 2032 0.0468
a range +67200 +67800 2019 2028 0.0091
a range +67200 +67800 2020 9003 1104.7989
a range +67200 +67800 2021 2030 0.0223
a range +67200 +67800 2022 2023 0.0211
a range +67200 +67800 2023 2022 0.0211
a range +67200 +67800 2024 2026 0.0318
a range +67200 +67800 2025 2027 0.04
a range +67200 +67800 2026 2024 0.0318
a range +67200 +67800 2027 2025 0.04
a range +67200 +67800 2028 2019 0.0091
a range +67200 +67800 2029 2012 0.0499
a range +67200 +67800 2030 2021 0.0223
a range +67200 +67800 2031 2049 0.0579
a range +67200 +67800 2032 2018 0.0468
a range +67200 +67800 2033 2017 0.0391
a range +67200 +67800 2034 2014 0.0505
a range +67200 +67800 2035 2059 0.0612
a range +67200 +67800 2036 2003 0.0504
a range +67200 +67800 2037 2011 0.0502
a range +67200 +67800 2038 2016 0.0506
a range +67200 +67800 2039 2060 0.0609
a range +67200 +67800 2040 2058 0.0187
a range +67200 +67800 2041 2062 0.0258
a range +67200 +67800 2042 2009 0.0525
a range +67200 +67800 2043 2005 0.0501
a range +67200 +67800 2044 2057 0.0476
a range +67200 +67800 2045 2006 0.051
a range +67200 +67800 2046 2056 0.0476
a range +67200 +67800 2047 2061 0.0583
a range +67200 +67800 2048 2054 0.0427
a range +67200 +67800 2049 2031 0.0579
a range +67200 +67800 2050 2053 0.062
a range +67200 +67800 2051 2001 0.0525
a range +67200 +67800 2052 9006 1104.7797
a range +67200 +67800 2053 2050 0.062
a range +67200 +67800 2054 2048 0.0427
a range +67200 +67800 2055 2010 0.0549
a range +67200 +67800 2056 2046 0.0476
a range +67200 +67800 2057 2044 0.0476
a range +67200 +67800 2058 2040 0.0187
a range +67200 +67800 2059 2035 0.0612
a range +67200 +67800 2060 2039 0.0609
a range +67200 +67800 2061 2047 0.0583
a range +67200 +67800 2062 2041 0.0258
a range +67200 +67800 2063 2004 0.0545
a range +67200 +67800 2064 9007 1105.0694
a range +67200 +67800 9001 2008 1105.0545
a range +67200 +67800 9002 9011 0.0
a range +67200 +67800 9003 2020 1104.7989
a range +67200 +67800 9004 2007 1105.0624
a range +67200 +67800 9005 9008 0.0
a range +67200 +67800 9006 2052 1104.7797
a range +67200 +67800 9007 2064 1105.0694
a range +67200 +67800 9008 9005 0.0
a range +67200 +67800 9009 2015 1104.7971
a range +67200 +67800 9010 2002 1105.0481
a range +67200 +67800 9011 9002 0.0
a range +67200 +67800 9012 2013 1104.7669
a range +67800 +68400 2001 9003 1104.7848
a range +67800 +68400 2002 2011 0.0428
a range +67800 +68400 2003 2015 0.0427
a range +67800 +68400 2004 2050 0.0179
a range +67800 +68400 2005 2045 0.0505
a range +67800 +68400 2006 2049 0.0518
a range +67800 +68400 2007 9007 1105.0624
a range +67800 +68400 2008 9004 1105.0545
a range +67800 +68400 2009 2030 0.036
a range +67800 +68400 2010 2036 0.0512
a range +67800 +68400 2011 2002 0.0428
a range +67800 +68400 2012 2034 0.0521
a range +67800 +68400 2013 9001 1104.9865
a range +67800 +68400 2014 9010 1104.8928
a range +67800 +68400 2015 2003 0.0427
a range +67800 +68400 2016 2033 0.0519
a range +67800 +68400 2017 2042 0.0561
a range +67800 +68400 2018 2027 0.0177
a range +67800 +68400 2019 2041 0.0543
a range +67800 +68400 2020 2043 0.0541
a range +67800 +68400 2021 2056 0.0577
a range +67800 +68400 2022 2029 0.036
a range +67800 +68400 2023 2054 0.057
a range +67800 +68400 2024 2032 0.0141
a range +67800 +68400 2025 9009 1104.7664
a range +67800 +68400 2026 2028 0.0412
a range +67800 +68400 2027 2018 0.0177
a range +67800 +68400 2028 2026 0.0412
a range +67800 +68400 2029 2022 0.036
a range +67800 +68400 2030 2009 0.036
a range +67800 +68400 2031 2052 0.0589
a range +67800 +68400 2032 2024 0.0141
a range +67800 +68400 2033 2016 0.0519
a range +67800 +68400 2034 2012 0.0521
a range +67800 +68400 2035 9006 1104.7649
a range +67800 +68400 2036 2010 0.0512
a range +67800 +68400 2037 2063 0.0528
a range +67800 +68400 2038 2061 0.0622
a range +67800 +68400 2039 2053 0.0607
a range +67800 +68400 2040 2055 0.0601
a range +67800 +68400 2041 2019 0.0543
a range +67800 +68400 2042 2017 0.0561
a range +67800 +68400 2043 2020 0.0541
a range +67800 +68400 2044 2062 0.0464
a range +67800 +68400 2045 2005 0.0505
a range +67800 +68400 2046 2060 0.049
a range +67800 +68400 2047 2059 0.034
a range +67800 +68400 2048 2058 0.0473
a range +67800 +68400 2049 2006 0.0518
a range +67800 +68400 2050 2004 0.0179
a range +67800 +68400 2051 9012 1104.7988
a range +67800 +68400 2052 2031 0.0589
a range +67800 +68400 2053 2039 0.0607
a range +67800 +68400 2054 2023 0.057
a range +67800 +68400 2055 2040 0.0601
a range +67800 +68400 2056 2021 0.0577
a range +67800 +68400 2057 2064 0.0259
a range +67800 +68400 2058 2048 0.0473
a range +67800 +68400 2059 2047 0.034
a range +67800 +68400 2060 2046 0.049
a range +67800 +68400 2061 2038 0.0622
a range +67800 +68400 2062 2044 0.0464
a range +67800 +68400 2063 2037 0.0528
a range +67800 +68400 2064 2057 0.0259
a range +67800 +68400 9001 2013 1104.9865
a range +67800 +68400 9002 9005 0.0
a range +67800 +68400 9003 2001 1104.7848
a range +67800 +68400 9004 2008 1105.0545
a range +67800 +68400 9005 9002 0.0
a range +67800 +68400 9006 2035 1104.7649
a range +67800 +68400 9007 2007 1105.0624
a range +67800 +68400 9008 9011 0.0
a range +67800 +68400 9009 2025 1104.7664
a range +67800 +68400 9010 2014 1104.8928
a range +67800 +68400 9011 9008 0.0
a range +67800 +68400 9012 2051 1104.7988
a range +68400 +69000 2001 9009 1104.7848
a range +68400 +69000 2002 2008 0.0328
a range +68400 +69000 2003 2019 0.0455
a range +68400 +69000 2004 2064 0.0479
a range +68400 +69000 2005 2047 0.0502
a range +68400 +69000 2006 9006 1104.7669
a range +68400 +69000 2007 9001 1105.0624
a range +68400 +69000 2008 2002 0.0328
a range +68400 +69000 2009 2029 0.0437
a range +68400 +69000 2010 2034 0.0523
a range +68400 +69000 2011 2042 0.0547
a range +68400 +69000 2012 2036 0.0502
a range +68400 +69000 2013 9004 1104.9865
a range +68400 +69000 2014 2024 0.047
a range +68400 +69000 2015 2033 0.0515
a range +68400 +69000 2016 2032 0.0498
a range +68400 +69000 2017 2031 0.0438
a range +68400 +69000 2018 2035 0.0284
a range +68400 +69000 2019 2003 0.0455
a range +68400 +69000 2020 2030 0.0324
a range +68400 +69000 2021 2027 0.0445
a range +68400 +69000 2022 9012 1104.7771
a range +68400 +69000 2023 2048 0.0555
a range +68400 +69000 2024 2014 0.047
a range +68400 +69000 2025 2026 0.0212
a range +68400 +69000 2026 2025 0.0212
a range +68400 +69000 2027 2021 0.0445
a range +68400 +69000 2028 9003 1104.7841
a range +68400 +69000 2029 2009 0.0437
a range +68400 +69000 2030 2020 0.0324
a range +68400 +69000 2031 2017 0.0438
a range +68400 +69000 2032 2016 0.0498
a range +68400 +69000 2033 2015 0.0515
a range +68400 +69000 2034 2010 0.0523
a range +68400 +69000 2035 2018 0.0284
a range +68400 +69000 2036 2012 0.0502
a range +68400 +69000 2037 2060 0.0626
a range +68400 +69000 2038 2059 0.0628
a range +68400 +69000 2039 2054 0.0597
a range +68400 +69000 2040 2053 0.0594
a range +68400 +69000 2041 2063 0.0345
a range +68400 +69000 2042 2011 0.0547
a range +68400 +69000 2043 2062 0.0248
a range +68400 +69000 2044 2061 0.0466
a range +68400 +69000 2045 2058 0.0262
a range +68400 +69000 2046 2055 0.061
a range +68400 +69000 2047 2005 0.0502
a range +68400 +69000 2048 2023 0.0555
a range +68400 +69000 2049 2056 0.025
a range +68400 +69000 2050 2051 0.0263
a range +68400 +69000 2051 2050 0.0263
a range +68400 +69000 2052 9010 1105.0277
a range +68400 +69000 2053 2040 0.0594
a range +68400 +69000 2054 2039 0.0597
a range +68400 +69000 2055 2046 0.061
a range +68400 +69000 2056 2049 0.025
a range +68400 +69000 2057 9007 1105.0646
a range +68400 +69000 2058 2045 0.0262
a range +68400 +69000 2059 2038 0.0628
a range +68400 +69000 2060 2037 0.0626
a range +68400 +69000 2061 2044 0.0466
a range +68400 +69000 2062 2043 0.0248
a range +68400 +69000 2063 2041 0.0345
a range +68400 +69000 2064 2004 0.0479
a range +68400 +69000 9001 2007 1105.0624
a range +68400 +69000 9002 9008 0.0
a range +68400 +69000 9003 2028 1104.7841
a range +68400 +69000 9004 2013 1104.9865
a range +68400 +69000 9005 9011 0.0
a range +68400 +69000 9006 2006 1104.7669
a range +68400 +69000 9007 2057 1105.0646
a range +68400 +69000 9008 9002 0.0
a range +68400 +69000 9009 2001 1104.7848
a range +68400 +69000 9010 2052 1105.0277
a range +68400 +69000 9011 9005 0.0
a range +68400 +69000 9012 2022 1104.7771
a range +69000 +69600 2001 9006 1104.7848
a range +69000 +69600 2002 2009 0.0169
a range +69000 +69600 2003 2046 0.052
a range +69000 +69600 2004 2016 0.0406
a range +69000 +69600 2005 2063 0.0538
a range +69000 +69600 2006 2048 0.05
a range +69000 +69600 2007 2041 0.0516
a range +69000 +69600 2008 9007 1105.0545
a range +69000 +69600 2009 2002 0.0169
a range +69000 +69600 2010 2039 0.0514
a range +69000 +69600 2011 2038 0.0507
a range +69000 +69600 2012 2028 0.0499
a range +69000 +69600 2013 2025 0.0433
a range +69000 +69600 2014 9004 1104.8928
a range +69000 +69600 2015 9001 1104.7753
a range +69000 +69600 2016 2004 0.0406
a range +69000 +69600 2017 2032 0.0332
a range +69000 +69600 2018 2040 0.0477
a range +69000 +69600 2019 2037 0.0524
a range +69000 +69600 2020 2031 0.046
a range +69000 +69600 2021 2042 0.0541
a range +69000 +69600 2022 2030 0.0227
a range +69000 +69600 2023 2033 0.052
a range +69000 +69600 2024 9012 1104.7508
a range +69000 +69600 2025 2013 0.0433
a range +69000 +69600 2026 2027 0.0221
a range +69000 +69600 2027 2026 0.0221
a range +69000 +69600 2028 2012 0.0499
a range +69000 +69600 2029 2062 0.0602
a range +69000 +69600 2030 2022 0.0227
a range +69000 +69600 2031 2020 0.046
a range +69000 +69600 2032 2017 0.0332
a range +69000 +69600 2033 2023 0.052
a range +69000 +69600 2034 9009 1104.7739
a range +69000 +69600 2035 9003 1104.7649
a range +69000 +69600 2036 2064 0.0618
a range +69000 +69600 2037 2019 0.0524
a range +69000 +69600 2038 2011 0.0507
a range +69000 +69600 2039 2010 0.0514
a range +69000 +69600 2040 2018 0.0477
a range +69000 +69600 2041 2007 0.0516
a range +69000 +69600 2042 2021 0.0541
a range +69000 +69600 2043 2061 0.0321
a range +69000 +69600 2044 2060 0.0632
a range +69000 +69600 2045 2059 0.0346
a range +69000 +69600 2046 2003 0.052
a range +69000 +69600 2047 2058 0.0252
a range +69000 +69600 2048 2006 0.05
a range +69000 +69600 2049 2057 0.0203
a range +69000 +69600 2050 2056 0.0462
a range +69000 +69600 2051 9010 1105.0382
a range +69000 +69600 2052 2055 0.0618
a range +69000 +69600 2053 2054 0.0239
a range +69000 +69600 2054 2053 0.0239
a range +69000 +69600 2055 2052 0.0618
a range +69000 +69600 2056 2050 0.0462
a range +69000 +69600 2057 2049 0.0203
a range +69000 +69600 2058 2047 0.0252
a range +69000 +69600 2059 2045 0.0346
a range +69000 +69600 2060 2044 0.0632
a range +69000 +69600 2061 2043 0.0321
a range +69000 +69600 2062 2029 0.0602
a range +69000 +69600 2063 2005 0.0538
a range +69000 +69600 2064 2036 0.0618
a range +69000 +69600 9001 2015 1104.7753
a range +69000 +69600 9002 9011 0.0
a range +69000 +69600 9003 2035 1104.7649
a range +69000 +69600 9004 2014 1104.8928
a range +69000 +69600 9005 9008 0.0
a range +69000 +69600 9006 2001 1104.7848
a range +69000 +69600 9007 2008 1105.0545
a range +69000 +69600 9008 9005 0.0
a range +69000 +69600 9009 2034 1104.7739
a range +69000 +69600 9010 2051 1105.0382
a range +69000 +69600 9011 9002 0.0
a range +69000 +69600 9012 2024 1104.7508
a range +69600 +70200 2001 2010 0.0431
a range +69600 +70200 2002 2028 0.0477
a range +69600 +70200 2003 2056 0.0435
a range +69600 +70200 2004 2019 0.0456
a range +69600 +70200 2005 9003 1104.7649
a range +69600 +70200 2006 2064 0.0537
a range +69600 +70200 2007 2033 0.0502
a range +69600 +70200 2008 2040 0.0508
a range +69600 +70200 2009 2027 0.05
a range +69600 +70200 2010 2001 0.0431
a range +69600 +70200 2011 2043 0.0527
a range +69600 +70200 2012 2047 0.0518
a range +69600 +70200 2013 2041 0.0525
a range +69600 +70200 2014 9001 1104.8928
a range +69600 +70200 2015 2018 0.0338
a range +69600 +70200 2016 2036 0.0502
a range +69600 +70200 2017 2039 0.0357
a range +69600 +70200 2018 2015 0.0338
a range +69600 +70200 2019 2004 0.0456
a range +69600 +70200 2020 2037 0.0372
a range +69600 +70200 2021 2032 0.0501
a range +69600 +70200 2022 2031 0.018
a range +69600 +70200 2023 2030 0.0335
a range +69600 +70200 2024 2029 0.0506
a range +69600 +70200 2025 9012 1104.7664
a range +69600 +70200 2026 9009 1104.7719
a range +69600 +70200 2027 2009 0.05
a range +69600 +70200 2028 2002 0.0477
a range +69600 +70200 2029 2024 0.0506
a range +69600 +70200 2030 2023 0.0335
a range +69600 +70200 2031 2022 0.018
a range +69600 +70200 2032 2021 0.0501
a range +69600 +70200 2033 2007 0.0502
a range +69600 +70200 2034 9006 1104.7739
a range +69600 +70200 2035 2045 0.0576
a range +69600 +70200 2036 2016 0.0502
a range +69600 +70200 2037 2020 0.0372
a range +69600 +70200 2038 2060 0.0615
a range +69600 +70200 2039 2017 0.0357
a range +69600 +70200 2040 2008 0.0508
a range +69600 +70200 2041 2013 0.0525
a range +69600 +70200 2042 2063 0.0275
a range +69600 +70200 2043 2011 0.0527
a range +69600 +70200 2044 2059 0.0626
a range +69600 +70200 2045 2035 0.0576
a range +69600 +70200 2046 2061 0.064
a range +69600 +70200 2047 2012 0.0518
a range +69600 +70200 2048 9010 1104.5294
a range +69600 +70200 2049 2058 0.0321
a range +69600 +70200 2050 9007 1105.061
a range +69600 +70200 2051 2053 0.0474
a range +69600 +70200 2052 2054 0.0469
a range +69600 +70200 2053 2051 0.0474
a range +69600 +70200 2054 2052 0.0469
a range +69600 +70200 2055 2062 0.0205
a range +69600 +70200 2056 2003 0.0435
a range +69600 +70200 2057 9004 1105.0646
a range +69600 +70200 2058 2049 0.0321
a range +69600 +70200 2059 2044 0.0626
a range +69600 +70200 2060 2038 0.0615
a range +69600 +70200 2061 2046 0.064
a range +69600 +70200 2062 2055 0.0205
a range +69600 +70200 2063 2042 0.0275
a range +69600 +70200 2064 2006 0.0537
a range +69600 +70200 9001 2014 1104.8928
a range +69600 +70200 9002 9005 0.0
a range +69600 +70200 9003 2005 1104.7649
a range +69600 +70200 9004 2057 1105.0646
a range +69600 +70200 9005 9002 0.0
a range +69600 +70200 9006 2034 1104.7739
a range +69600 +70200 9007 2050 1105.061
a range +69600 +70200 9008 9011 0.0
a range +69600 +70200 9009 2026 1104.7719
a range +69600 +70200 9010 2048 1104.5294
a range +69600 +70200 9011 9008 0.0
a range +69600 +70200 9012 2025 1104.7664
a range +70200 +70800 2001 2052 0.0518
a range +70200 +70800 2002 2027 0.0466
a range +70200 +70800 2003 2016 0.0322
a range +70200 +70800 2004 2022 0.024
a range +70200 +70800 2005 2014 0.0431
a range +70200 +70800 2006 9009 1104.7669
a range +70200 +70800 2007 2048 0.0508
a range +70200 +70800 2008 2026 0.0476
a range +70200 +70800 2009 2032 0.0487
a range +70200 +70800 2010 2062 0.0559
a range +70200 +70800 2011 2039 0.0505
a range +70200 +70800 2012 2025 0.0352
a range +70200 +70800 2013 2024 0.038
a range +70200 +70800 2014 2005 0.0431
a range +70200 +70800 2015 9004 1104.7753
a range +70200 +70800 2016 2003 0.0322
a range +70200 +70800 2017 9007 1105.0814
a range +70200 +70800 2018 9012 1104.7727
a range +70200 +70800 2019 2030 0.0437
a range +70200 +70800 2020 2040 0.0521
a range +70200 +70800 2021 2037 0.0394
a range +70200 +70800 2022 2004 0.024
a range +70200 +70800 2023 2036 0.0525
a range +70200 +70800 2024 2013 0.038
a range +70200 +70800 2025 2012 0.0352
a range +70200 +70800 2026 2008 0.0476
a range +70200 +70800 2027 2002 0.0466
a range +70200 +70800 2028 2029 0.0209
a range +70200 +70800 2029 2028 0.0209
a range +70200 +70800 2030 2019 0.0437
a range +70200 +70800 2031 2047 0.0306
a range +70200 +70800 2032 2009 0.0487
a range +70200 +70800 2033 9006 1104.7829
a range +70200 +70800 2034 9003 1104.7739
a range +70200 +70800 2035 2064 0.0629
a range +70200 +70800 2036 2023 0.0525
a range +70200 +70800 2037 2021 0.0394
a range +70200 +70800 2038 2053 0.0596
a range +70200 +70800 2039 2011 0.0505
a range +70200 +70800 2040 2020 0.0521
a range +70200 +70800 2041 2061 0.0326
a range +70200 +70800 2042 2060 0.0451
a range +70200 +70800 2043 2063 0.0339
a range +70200 +70800 2044 2058 0.0479
a range +70200 +70800 2045 2055 0.0513
a range +70200 +70800 2046 2059 0.0274
a range +70200 +70800 2047 2031 0.0306
a range +70200 +70800 2048 2007 0.0508
a range +70200 +70800 2049 2054 0.0619
a range +70200 +70800 2050 9010 1105.061
a range +70200 +70800 2051 2056 0.0614
a range +70200 +70800 2052 2001 0.0518
a range +70200 +70800 2053 2038 0.0596
a range +70200 +70800 2054 2049 0.0619
a range +70200 +70800 2055 2045 0.0513
a range +70200 +70800 2056 2051 0.0614
a range +70200 +70800 2057 9001 1105.0646
a range +70200 +70800 2058 2044 0.0479
a range +70200 +70800 2059 2046 0.0274
a range +70200 +70800 2060 2042 0.0451
a range +70200 +70800 2061 2041 0.0326
a range +70200 +70800 2062 2010 0.0559
a range +70200 +70800 2063 2043 0.0339
a range +70200 +70800 2064 2035 0.0629
a range +70200 +70800 9001 2057 1105.0646
a range +70200 +70800 9002 9008 0.0
a range +70200 +70800 9003 2034 1104.7739
a range +70200 +70800 9004 2015 1104.7753
a range +70200 +70800 9005 9011 0.0
a range +70200 +70800 9006 2033 1104.7829
a range +70200 +70800 9007 2017 1105.0814
a range +70200 +70800 9008 9002 0.0
a range +70200 +70800 9009 2006 1104.7669
a range +70200 +70800 9010 2050 1105.061
a range +70200 +70800 9011 9005 0.0
a range +70200 +70800 9012 2018 1104.7727
a range +70800 +71400 2001 2053 0.0375
a range +70800 +71400 2002 2029 0.0471
a range +70800 +71400 2003 2048 0.0516
a range +70800 +71400 2004 2026 0.048
a range +70800 +71400 2005 2046 0.0508
a range +70800 +71400 2006 2051 0.047
a range +70800 +71400 2007 2032 0.0468
a range +70800 +71400 2008 2039 0.0499
a range +70800 +71400 2009 2028 0.0472
a range +70800 +71400 2010 2061 0.0555
a range +70800 +71400 2011 2041 0.0535
a range +70800 +71400 2012 9009 1104.7538
a range +70800 +71400 2013 2037 0.0507
a range +70800 +71400 2014 2036 0.0511
a range +70800 +71400 2015 2031 0.0484
a range +70800 +71400 2016 2034 0.0511
a range +70800 +71400 2017 9001 1105.0814
a range +70800 +71400 2018 2038 0.0532
a range +70800 +71400 2019 9007 1105.0617
a range +70800 +71400 2020 2035 0.0175
a range +70800 +71400 2021 9012 1104.7925
a range +70800 +71400 2022 2027 0.0502
a range +70800 +71400 2023 2025 0.0271
a range +70800 +71400 2024 2030 0.0442
a range +70800 +71400 2025 2023 0.0271
a range +70800 +71400 2026 2004 0.048
a range +70800 +71400 2027 2022 0.0502
a range +70800 +71400 2028 2009 0.0472
a range +70800 +71400 2029 2002 0.0471
a range +70800 +71400 2030 2024 0.0442
a range +70800 +71400 2031 2015 0.0484
a range +70800 +71400 2032 2007 0.0468
a range +70800 +71400 2033 9003 1104.7829
a range +70800 +71400 2034 2016 0.0511
a range +70800 +71400 2035 2020 0.0175
a range +70800 +71400 2036 2014 0.0511
a range +70800 +71400 2037 2013 0.0507
a range +70800 +71400 2038 2018 0.0532
a range +70800 +71400 2039 2008 0.0499
a range +70800 +71400 2040 2063 0.0628
a range +70800 +71400 2041 2011 0.0535
a range +70800 +71400 2042 2062 0.0042
a range +70800 +71400 2043 2060 0.0457
a range +70800 +71400 2044 2055 0.0341
a range +70800 +71400 2045 2052 0.0543
a range +70800 +71400 2046 2005 0.0508
a range +70800 +71400 2047 9006 1104.6853
a range +70800 +71400 2048 2003 0.0516
a range +70800 +71400 2049 2059 0.0482
a range +70800 +71400 2050 2058 0.0077
a range +70800 +71400 2051 2006 0.047
a range +70800 +71400 2052 2045 0.0543
a range +70800 +71400 2053 2001 0.0375
a range +70800 +71400 2054 2064 0.0521
a range +70800 +71400 2055 2044 0.0341
a range +70800 +71400 2056 9004 1105.0876
a range +70800 +71400 2057 9010 1105.0646
a range +70800 +71400 2058 2050 0.0077
a range +70800 +71400 2059 2049 0.0482
a range +70800 +71400 2060 2043 0.0457
a range +70800 +71400 2061 2010 0.0555
a range +70800 +71400 2062 2042 0.0042
a range +70800 +71400 2063 2040 0.0628
a range +70800 +71400 2064 2054 0.0521
a range +70800 +71400 9001 2017 1105.0814
a range +70800 +71400 9002 9011 0.0
a range +70800 +71400 9003 2033 1104.7829
a range +70800 +71400 9004 2056 1105.0876
a range +70800 +71400 9005 9008 0.0
a range +70800 +71400 9006 2047 1104.6853
a range +70800 +71400 9007 2019 1105.0617
a range +70800 +71400 9008 9005 0.0
a range +70800 +71400 9009 2012 1104.7538
a range +70800 +71400 9010 2057 1105.0646
a range +70800 +71400 9011 9002 0.0
a range +70800 +71400 9012 2021 1104.7925
a range +71400 +72000 2001 2054 0.0352
a range +71400 +72000 2002 2049 0.0521
a range +71400 +72000 2003 9010 1105.0533
a range +71400 +72000 2004 2047 0.0509
a range +71400 +72000 2005 2048 0.0508
a range +71400 +72000 2006 2046 0.0505
a range +71400 +72000 2007 2012 0.0316
a range +71400 +72000 2008 2033 0.0511
a range +71400 +72000 2009 2026 0.0498
a range +71400 +72000 2010 2058 0.0103
a range +71400 +72000 2011 2045 0.0545
a range +71400 +72000 2012 2007 0.0316
a range +71400 +72000 2013 9012 1104.7669
a range +71400 +72000 2014 2037 0.0513
a range +71400 +72000 2015 2032 0.0493
a range +71400 +72000 2016 2035 0.0501
a range +71400 +72000 2017 2044 0.0543
a range +71400 +72000 2018 2034 0.0344
a range +71400 +72000 2019 9001 1105.0617
a range +71400 +72000 2020 2039 0.0531
a range +71400 +72000 2021 2043 0.0537
a range +71400 +72000 2022 2040 0.0308
a range +71400 +72000 2023 2031 0.0143
a range +71400 +72000 2024 9009 1104.7508
a range +71400 +72000 2025 9006 1104.7664
a range +71400 +72000 2026 2009 0.0498
a range +71400 +72000 2027 2029 0.0403
a range +71400 +72000 2028 2030 0.0396
a range +71400 +72000 2029 2027 0.0403
a range +71400 +72000 2030 2028 0.0396
a range +71400 +72000 2031 2023 0.0143
a range +71400 +72000 2032 2015 0.0493
a range +71400 +72000 2033 2008 0.0511
a range +71400 +72000 2034 2018 0.0344
a range +71400 +72000 2035 2016 0.0501
a range +71400 +72000 2036 2041 0.0334
a range +71400 +72000 2037 2014 0.0513
a range +71400 +72000 2038 2064 0.0574
a range +71400 +72000 2039 2020 0.0531
a range +71400 +72000 2040 2022 0.0308
a range +71400 +72000 2041 2036 0.0334
a range +71400 +72000 2042 2061 0.0242
a range +71400 +72000 2043 2021 0.0537
a range +71400 +72000 2044 2017 0.0543
a range +71400 +72000 2045 2011 0.0545
a range +71400 +72000 2046 2006 0.0505
a range +71400 +72000 2047 2004 0.0509
a range +71400 +72000 2048 2005 0.0508
a range +71400 +72000 2049 2002 0.0521
a range +71400 +72000 2050 2060 0.0522
a range +71400 +72000 2051 9004 1105.0382
a range +71400 +72000 2052 2053 0.0268
a range +71400 +72000 2053 2052 0.0268
a range +71400 +72000 2054 2001 0.0352
a range +71400 +72000 2055 9007 1105.0769
a range +71400 +72000 2056 2063 0.0305
a range +71400 +72000 2057 9003 1104.785
a range +71400 +72000 2058 2010 0.0103
a range +71400 +72000 2059 2062 0.0649
a range +71400 +72000 2060 2050 0.0522
a range +71400 +72000 2061 2042 0.0242
a range +71400 +72000 2062 2059 0.0649
a range +71400 +72000 2063 2056 0.0305
a range +71400 +72000 2064 2038 0.0574
a range +71400 +72000 9001 2019 1105.0617
a range +71400 +72000 9002 9005 0.0
a range +71400 +72000 9003 2057 1104.785
a range +71400 +72000 9004 2051 1105.0382
a range +71400 +72000 9005 9002 0.0
a range +71400 +72000 9006 2025 1104.7664
a range +71400 +72000 9007 2055 1105.0769
a range +71400 +72000 9008 9011 0.0
a range +71400 +72000 9009 2024 1104.7508
a range +71400 +72000 9010 2003 1105.0533
a range +71400 +72000 9011 9008 0.0
a range +71400 +72000 9012 2013 1104.7669
a range +72000 +72600 2001 2055 0.0361
a range +72000 +72600 2002 2026 0.0476
a range +72000 +72600 2003 2047 0.0517
a range +72000 +72600 2004 2013 0.0426
a range +72000 +72600 2005 2049 0.0372
a range +72000 +72600 2006 2063 0.0538
a range +72000 +72600 2007 9010 1105.0624
a range +72000 +72600 2008 2035 0.0507
a range +72000 +72600 2009 2041 0.0542
a range +72000 +72600 2010 2040 0.0512
a range +72000 +72600 2011 2048 0.0524
a range +72000 +72600 2012 2027 0.0407
a range +72000 +72600 2013 2004 0.0426
a range +72000 +72600 2014 2016 0.0353
a range +72000 +72600 2015 2038 0.0506
a range +72000 +72600 2016 2014 0.0353
a range +72000 +72600 2017 9004 1105.0814
a range +72000 +72600 2018 2033 0.0421
a range +72000 +72600 2019 2039 0.0525
a range +72000 +72600 2020 2036 0.0227
a range +72000 +72600 2021 2034 0.0522
a range +72000 +72600 2022 2042 0.0548
a range +72000 +72600 2023 2037 0.0432
a range +72000 +72600 2024 9006 1104.7508
a range +72000 +72600 2025 2031 0.0392
a range +72000 +72600 2026 2002 0.0476
a range +72000 +72600 2027 2012 0.0407
a range +72000 +72600 2028 9012 1104.7841
a range +72000 +72600 2029 9003 1104.7832
a range +72000 +72600 2030 2032 0.0401
a range +72000 +72600 2031 2025 0.0392
a range +72000 +72600 2032 2030 0.0401
a range +72000 +72600 2033 2018 0.0421
a range +72000 +72600 2034 2021 0.0522
a range +72000 +72600 2035 2008 0.0507
a range +72000 +72600 2036 2020 0.0227
a range +72000 +72600 2037 2023 0.0432
a range +72000 +72600 2038 2015 0.0506
a range +72000 +72600 2039 2019 0.0525
a range +72000 +72600 2040 2010 0.0512
a range +72000 +72600 2041 2009 0.0542
a range +72000 +72600 2042 2022 0.0548
a range +72000 +72600 2043 2059 0.063
a range +72000 +72600 2044 2064 0.0471
a range +72000 +72600 2045 2062 0.0613
a range +72000 +72600 2046 9007 1104.806
a range +72000 +72600 2047 2003 0.0517
a range +72000 +72600 2048 2011 0.0524
a range +72000 +72600 2049 2005 0.0372
a range +72000 +72600 2050 9001 1105.061
a range +72000 +72600 2051 2061 0.0546
a range +72000 +72600 2052 2060 0.027
a range +72000 +72600 2053 2058 0.0605
a range +72000 +72600 2054 2056 0.0482
a range +72000 +72600 2055 2001 0.0361
a range +72000 +72600 2056 2054 0.0482
a range +72000 +72600 2057 9009 1104.785
a range +72000 +72600 2058 2053 0.0605
a range +72000 +72600 2059 2043 0.063
a range +72000 +72600 2060 2052 0.027
a range +72000 +72600 2061 2051 0.0546
a range +72000 +72600 2062 2045 0.0613
a range +72000 +72600 2063 2006 0.0538
a range +72000 +72600 2064 2044 0.0471
a range +72000 +72600 9001 2050 1105.061
a range +72000 +72600 9002 9008 0.0
a range +72000 +72600 9003 2029 1104.7832
a range +72000 +72600 9004 2017 1105.0814
a range +72000 +72600 9005 9011 0.0
a range +72000 +72600 9006 2024 1104.7508
a range +72000 +72600 9007 2046 1104.806
a range +72000 +72600 9008 9002 0.0
a range +72000 +72600 9009 2057 1104.785
a range +72000 +72600 9010 2007 1105.0624
a range +72000 +72600 9011 9005 0.0
a range +72000 +72600 9012 2028 1104.7841
a range +72600 +73200 2001 2056 0.0397
a range +72600 +73200 2002 2047 0.0521
a range +72600 +73200 2003 2050 0.0136
a range +72600 +73200 2004 2027 0.0492
a range +72600 +73200 2005 2051 0.0356
a range +72600 +73200 2006 9003 1104.7669
a range +72600 +73200 2007 2024 0.0449
a range +72600 +73200 2008 2020 0.0191
a range +72600 +73200 2009 2025 0.0487
a range +72600 +73200 2010 2033 0.0511
a range +72600 +73200 2011 2044 0.0532
a range +72600 +73200 2012 9006 1104.7538
a range +72600 +73200 2013 2038 0.0509
a range +72600 +73200 2014 2017 0.0367
a range +72600 +73200 2015 9007 1104.7753
a range +72600 +73200 2016 2026 0.0495
a range +72600 +73200 2017 2014 0.0367
a range +72600 +73200 2018 2043 0.0545
a range +72600 +73200 2019 2034 0.0283
a range +72600 +73200 2020 2008 0.0191
a range +72600 +73200 2021 2036 0.0367
a range +72600 +73200 2022 2039 0.0286
a range +72600 +73200 2023 2040 0.0182
a range +72600 +73200 2024 2007 0.0449
a range +72600 +73200 2025 2009 0.0487
a range +72600 +73200 2026 2016 0.0495
a range +72600 +73200 2027 2004 0.0492
a range +72600 +73200 2028 2035 0.0094
a range +72600 +73200 2029 2037 0.0243
a range +72600 +73200 2030 2042 0.0435
a range +72600 +73200 2031 9012 1104.77
a range +72600 +73200 2032 9009 1104.7656
a range +72600 +73200 2033 2010 0.0511
a range +72600 +73200 2034 2019 0.0283
a range +72600 +73200 2035 2028 0.0094
a range +72600 +73200 2036 2021 0.0367
a range +72600 +73200 2037 2029 0.0243
a range +72600 +73200 2038 2013 0.0509
a range +72600 +73200 2039 2022 0.0286
a range +72600 +73200 2040 2023 0.0182
a range +72600 +73200 2041 9010 1105.0374
a range +72600 +73200 2042 2030 0.0435
a range +72600 +73200 2043 2018 0.0545
a range +72600 +73200 2044 2011 0.0532
a range +72600 +73200 2045 2063 0.0569
a range +72600 +73200 2046 9004 1104.806
a range +72600 +73200 2047 2002 0.0521
a range +72600 +73200 2048 2062 0.0469
a range +72600 +73200 2049 9001 1105.0807
a range +72600 +73200 2050 2003 0.0136
a range +72600 +73200 2051 2005 0.0356
a range +72600 +73200 2052 2061 0.0385
a range +72600 +73200 2053 2060 0.0309
a range +72600 +73200 2054 2059 0.0608
a range +72600 +73200 2055 2057 0.0546
a range +72600 +73200 2056 2001 0.0397
a range +72600 +73200 2057 2055 0.0546
a range +72600 +73200 2058 2064 0.0501
a range +72600 +73200 2059 2054 0.0608
a range +72600 +73200 2060 2053 0.0309
a range +72600 +73200 2061 2052 0.0385
a range +72600 +73200 2062 2048 0.0469
a range +72600 +73200 2063 2045 0.0569
a range +72600 +73200 2064 2058 0.0501
a range +72600 +73200 9001 2049 1105.0807
a range +72600 +73200 9002 9011 0.0
a range +72600 +73200 9003 2006 1104.7669
a range +72600 +73200 9004 2046 1104.806
a range +72600 +73200 9005 9008 0.0
a range +72600 +73200 9006 2012 1104.7538
a range +72600 +73200 9007 2015 1104.7753
a range +72600 +73200 9008 9005 0.0
a range +72600 +73200 9009 2032 1104.7656
a range +72600 +73200 9010 2041 1105.0374
a range +72600 +73200 9011 9002 0.0
a range +72600 +73200 9012 2031 1104.77
a range +73200 +73800 2001 2058 0.054
a range +73200 +73800 2002 2016 0.0219
a range +73200 +73800 2003 2017 0.0459
a range +73200 +73800 2004 2046 0.0505
a range +73200 +73800 2005 2052 0.0394
a range +73200 +73800 2006 2060 0.0267
a range +73200 +73800 2007 2042 0.051
a range +73200 +73800 2008 9010 1105.0545
a range +73200 +73800 2009 2024 0.0338
a range +73200 +73800 2010 2045 0.0534
a range +73200 +73800 2011 2047 0.054
a range +73200 +73800 2012 2032 0.0336
a range +73200 +73800 2013 2036 0.0517
a range +73200 +73800 2014 9007 1104.8928
a range +73200 +73800 2015 2043 0.0536
a range +73200 +73800 2016 2002 0.0219
a range +73200 +73800 2017 2003 0.0459
a range +73200 +73800 2018 2039 0.049
a range +73200 +73800 2019 2044 0.055
a range +73200 +73800 2020 9004 1105.043
a range +73200 +73800 2021 2035 0.036
a range +73200 +73800 2022 2037 0.0417
a range +73200 +73800 2023 2026 0.0428
a range +73200 +73800 2024 2009 0.0338
a range +73200 +73800 2025 2033 0.0237
a range +73200 +73800 2026 2023 0.0428
a range +73200 +73800 2027 2034 0.0195
a range +73200 +73800 2028 2038 0.0537
a range +73200 +73800 2029 2031 0.0405
a range +73200 +73800 2030 9012 1104.7774
a range +73200 +73800 2031 2029 0.0405
a range +73200 +73800 2032 2012 0.0336
a range +73200 +73800 2033 2025 0.0237
a range +73200 +73800 2034 2027 0.0195
a range +73200 +73800 2035 2021 0.036
a range +73200 +73800 2036 2013 0.0517
a range +73200 +73800 2037 2022 0.0417
a range +73200 +73800 2038 2028 0.0537
a range +73200 +73800 2039 2018 0.049
a range +73200 +73800 2040 2064 0.0609
a range +73200 +73800 2041 2056 0.0609
a range +73200 +73800 2042 2007 0.051
a range +73200 +73800 2043 2015 0.0536
a range +73200 +73800 2044 2019 0.055
a range +73200 +73800 2045 2010 0.0534
a range +73200 +73800 2046 2004 0.0505
a range +73200 +73800 2047 2011 0.054
a range +73200 +73800 2048 2061 0.0469
a range +73200 +73800 2049 9003 1104.793
a range +73200 +73800 2050 9009 1104.8046
a range +73200 +73800 2051 9001 1105.0382
a range +73200 +73800 2052 2005 0.0394
a range +73200 +73800 2053 2062 0.0311
a range +73200 +73800 2054 2063 0.0312
a range +73200 +73800 2055 2059 0.0648
a range +73200 +73800 2056 2041 0.0609
a range +73200 +73800 2057 9006 1104.785
a range +73200 +73800 2058 2001 0.054
a range +73200 +73800 2059 2055 0.0648
a range +73200 +73800 2060 2006 0.0267
a range +73200 +73800 2061 2048 0.0469
a range +73200 +73800 2062 2053 0.0311
a range +73200 +73800 2063 2054 0.0312
a range +73200 +73800 2064 2040 0.0609
a range +73200 +73800 9001 2051 1105.0382
a range +73200 +73800 9002 9005 0.0
a range +73200 +73800 9003 2049 1104.793
a range +73200 +73800 9004 2020 1105.043
a range +73200 +73800 9005 9002 0.0
a range +73200 +73800 9006 2057 1104.785
a range +73200 +73800 9007 2014 1104.8928
a range +73200 +73800 9008 9011 0.0
a range +73200 +73800 9009 2050 1104.8046
a range +73200 +73800 9010 2008 1105.0545
a range +73200 +73800 9011 9008 0.0
a range +73200 +73800 9012 2030 1104.7774
a range +73800 +74400 2001 9001 1105.0486
a range +73800 +74400 2002 2014 0.0416
a range +73800 +74400 2003 2057 0.0212
a range +73800 +74400 2004 2049 0.0296
a range +73800 +74400 2005 2055 0.0522
a range +73800 +74400 2006 2050 0.0482
a range +73800 +74400 2007 2035 0.0498
a range +73800 +74400 2008 2024 0.0461
a range +73800 +74400 2009 2045 0.0523
a range +73800 +74400 2010 2044 0.0518
a range +73800 +74400 2011 2046 0.0525
a range +73800 +74400 2012 2023 0.0351
a range +73800 +74400 2013 9007 1104.9865
a range +73800 +74400 2014 2002 0.0416
a range +73800 +74400 2015 9010 1104.7753
a range +73800 +74400 2016 2040 0.0518
a range +73800 +74400 2017 2034 0.0422
a range +73800 +74400 2018 2037 0.0531
a range +73800 +74400 2019 2043 0.0546
a range +73800 +74400 2020 2038 0.0526
a range +73800 +74400 2021 2039 0.0438
a range +73800 +74400 2022 2036 0.0476
a range +73800 +74400 2023 2012 0.0351
a range +73800 +74400 2024 2008 0.0461
a range +73800 +74400 2025 2032 0.0208
a range +73800 +74400 2026 2033 0.0234
a range +73800 +74400 2027 2028 0.0227
a range +73800 +74400 2028 2027 0.0227
a range +73800 +74400 2029 9012 1104.7832
a range +73800 +74400 2030 9009 1104.7774
a range +73800 +74400 2031 9006 1104.77
a range +73800 +74400 2032 2025 0.0208
a range +73800 +74400 2033 2026 0.0234
a range +73800 +74400 2034 2017 0.0422
a range +73800 +74400 2035 2007 0.0498
a range +73800 +74400 2036 2022 0.0476
a range +73800 +74400 2037 2018 0.0531
a range +73800 +74400 2038 2020 0.0526
a range +73800 +74400 2039 2021 0.0438
a range +73800 +74400 2040 2016 0.0518
a range +73800 +74400 2041 2064 0.0637
a range +73800 +74400 2042 2054 0.0054
a range +73800 +74400 2043 2019 0.0546
a range +73800 +74400 2044 2010 0.0518
a range +73800 +74400 2045 2009 0.0523
a range +73800 +74400 2046 2011 0.0525
a range +73800 +74400 2047 2062 0.0634
a range +73800 +74400 2048 2063 0.0628
a range +73800 +74400 2049 2004 0.0296
a range +73800 +74400 2050 2006 0.0482
a range +73800 +74400 2051 2060 0.0379
a range +73800 +74400 2052 9004 1105.0277
a range +73800 +74400 2053 2061 0.02
a range +73800 +74400 2054 2042 0.0054
a range +73800 +74400 2055 2005 0.0522
a range +73800 +74400 2056 2059 0.0644
a range +73800 +74400 2057 2003 0.0212
a range +73800 +74400 2058 9003 1104.7863
a range +73800 +74400 2059 2056 0.0644
a range +73800 +74400 2060 2051 0.0379
a range +73800 +74400 2061 2053 0.02
a range +73800 +74400 2062 2047 0.0634
a range +73800 +74400 2063 2048 0.0628
a range +73800 +74400 2064 2041 0.0637
a range +73800 +74400 9001 2001 1105.0486
a range +73800 +74400 9002 9008 0.0
a range +73800 +74400 9003 2058 1104.7863
a range +73800 +74400 9004 2052 1105.0277
a range +73800 +74400 9005 9011 0.0
a range +73800 +74400 9006 2031 1104.77
a range +73800 +74400 9007 2013 1104.9865
a range +73800 +74400 9008 9002 0.0
a range +73800 +74400 9009 2030 1104.7774
a range +73800 +74400 9010 2015 1104.7753
a range +73800 +74400 9011 9005 0.0
a range +73800 +74400 9012 2029 1104.7832
a range +74400 +75000 2001 9007 1105.0486
a range +74400 +75000 2002 2015 0.0329
a range +74400 +75000 2003 2031 0.0465
a range +74400 +75000 2004 2023 0.0108
a range +74400 +75000 2005 2050 0.0346
a range +74400 +75000 2006 9004 1105.0672
a range +74400 +75000 2007 2016 0.0366
a range +74400 +75000 2008 2012 0.0405
a range +74400 +75000 2009 2048 0.0531
a range +74400 +75000 2010 2057 0.0263
a range +74400 +75000 2011 2049 0.0547
a range +74400 +75000 2012 2008 0.0405
a range +74400 +75000 2013 9010 1104.9865
a range +74400 +75000 2014 2035 0.0504
a range +74400 +75000 2015 2002 0.0329
a range +74400 +75000 2016 2007 0.0366
a range +74400 +75000 2017 2026 0.0221
a range +74400 +75000 2018 2024 0.037
a range +74400 +75000 2019 2033 0.0439
a range +74400 +75000 2020 2034 0.0303
a range +74400 +75000 2021 2046 0.0541
a range +74400 +75000 2022 2041 0.0539
a range +74400 +75000 2023 2004 0.0108
a range +74400 +75000 2024 2018 0.037
a range +74400 +75000 2025 2043 0.0563
a range +74400 +75000 2026 2017 0.0221
a range +74400 +75000 2027 2037 0.0472
a range +74400 +75000 2028 2036 0.0149
a range +74400 +75000 2029 9009 1104.7832
a range +74400 +75000 2030 2040 0.0473
a range +74400 +75000 2031 2003 0.0465
a range +74400 +75000 2032 2039 0.009
a range +74400 +75000 2033 2019 0.0439
a range +74400 +75000 2034 2020 0.0303
a range +74400 +75000 2035 2014 0.0504
a range +74400 +75000 2036 2028 0.0149
a range +74400 +75000 2037 2027 0.0472
a range +74400 +75000 2038 9003 1104.7768
a range +74400 +75000 2039 2032 0.009
a range +74400 +75000 2040 2030 0.0473
a range +74400 +75000 2041 2022 0.0539
a range +74400 +75000 2042 2064 0.0488
a range +74400 +75000 2043 2025 0.0563
a range +74400 +75000 2044 2063 0.0466
a range +74400 +75000 2045 9012 1104.7925
a range +74400 +75000 2046 2021 0.0541
a range +74400 +75000 2047 2060 0.0485
a range +74400 +75000 2048 2009 0.0531
a range +74400 +75000 2049 2011 0.0547
a range +74400 +75000 2050 2005 0.0346
a range +74400 +75000 2051 2062 0.0645
a range +74400 +75000 2052 9001 1105.0277
a range +74400 +75000 2053 2059 0.0487
a range +74400 +75000 2054 2061 0.0219
a range +74400 +75000 2055 2056 0.0259
a range +74400 +75000 2056 2055 0.0259
a range +74400 +75000 2057 2010 0.0263
a range +74400 +75000 2058 9006 1104.7863
a range +74400 +75000 2059 2053 0.0487
a range +74400 +75000 2060 2047 0.0485
a range +74400 +75000 2061 2054 0.0219
a range +74400 +75000 2062 2051 0.0645
a range +74400 +75000 2063 2044 0.0466
a range +74400 +75000 2064 2042 0.0488
a range +74400 +75000 9001 2052 1105.0277
a range +74400 +75000 9002 9011 0.0
a range +74400 +75000 9003 2038 1104.7768
a range +74400 +75000 9004 2006 1105.0672
a range +74400 +75000 9005 9008 0.0
a range +74400 +75000 9006 2058 1104.7863
a range +74400 +75000 9007 2001 1105.0486
a range +74400 +75000 9008 9005 0.0
a range +74400 +75000 9009 2029 1104.7832
a range +74400 +75000 9010 2013 1104.9865
a range +74400 +75000 9011 9002 0.0
a range +74400 +75000 9012 2045 1104.7925
a range +75000 +75600 2001 9004 1105.0486
a range +75000 +75600 2002 2017 0.0456
a range +75000 +75600 2003 2049 0.0282
a range +75000 +75600 2004 2057 0.0339
a range +75000 +75600 2005 2056 0.0532
a range +75000 +75600 2006 2061 0.0232
a range +75000 +75600 2007 2021 0.0461
a range +75000 +75600 2008 2034 0.0498
a range +75000 +75600 2009 2050 0.0537
a range +75000 +75600 2010 2046 0.0542
a range +75000 +75600 2011 9001 1105.0714
a range +75000 +75600 2012 2013 0.0187
a range +75000 +75600 2013 2012 0.0187
a range +75000 +75600 2014 2020 0.02
a range +75000 +75600 2015 2030 0.04
a range +75000 +75600 2016 2027 0.0345
a range +75000 +75600 2017 2002 0.0456
a range +75000 +75600 2018 2042 0.0542
a range +75000 +75600 2019 9012 1104.7904
a range +75000 +75600 2020 2014 0.02
a range +75000 +75600 2021 2007 0.0461
a range +75000 +75600 2022 2043 0.0548
a range +75000 +75600 2023 2039 0.0092
a range +75000 +75600 2024 2033 0.0364
a range +75000 +75600 2025 2041 0.0525
a range +75000 +75600 2026 2032 0.039
a range +75000 +75600 2027 2016 0.0345
a range +75000 +75600 2028 2040 0.0542
a range +75000 +75600 2029 2035 0.0289
a range +75000 +75600 2030 2015 0.04
a range +75000 +75600 2031 9010 1105.0526
a range +75000 +75600 2032 2026 0.039
a range +75000 +75600 2033 2024 0.0364
a range +75000 +75600 2034 2008 0.0498
a range +75000 +75600 2035 2029 0.0289
a range +75000 +75600 2036 2045 0.0516
a range +75000 +75600 2037 9007 1105.0698
a range +75000 +75600 2038 9006 1104.7768
a range +75000 +75600 2039 2023 0.0092
a range +75000 +75600 2040 2028 0.0542
a range +75000 +75600 2041 2025 0.0525
a range +75000 +75600 2042 2018 0.0542
a range +75000 +75600 2043 2022 0.0548
a range +75000 +75600 2044 9003 1104.7698
a range +75000 +75600 2045 2036 0.0516
a range +75000 +75600 2046 2010 0.0542
a range +75000 +75600 2047 2055 0.0611
a range +75000 +75600 2048 2060 0.0471
a range +75000 +75600 2049 2003 0.0282
a range +75000 +75600 2050 2009 0.0537
a range +75000 +75600 2051 2064 0.057
a range +75000 +75600 2052 2059 0.0297
a range +75000 +75600 2053 2063 0.048
a range +75000 +75600 2054 2062 0.0074
a range +75000 +75600 2055 2047 0.0611
a range +75000 +75600 2056 2005 0.0532
a range +75000 +75600 2057 2004 0.0339
a range +75000 +75600 2058 9009 1104.7863
a range +75000 +75600 2059 2052 0.0297
a range +75000 +75600 2060 2048 0.0471
a range +75000 +75600 2061 2006 0.0232
a range +75000 +75600 2062 2054 0.0074
a range +75000 +75600 2063 2053 0.048
a range +75000 +75600 2064 2051 0.057
a range +75000 +75600 9001 2011 1105.0714
a range +75000 +75600 9002 9005 0.0
a range +75000 +75600 9003 2044 1104.7698
a range +75000 +75600 9004 2001 1105.0486
a range +75000 +75600 9005 9002 0.0
a range +75000 +75600 9006 2038 1104.7768
a range +75000 +75600 9007 2037 1105.0698
a range +75000 +75600 9008 9011 0.0
a range +75000 +75600 9009 2058 1104.7863
a range +75000 +75600 9010 2031 1105.0526
a range +75000 +75600 9011 9008 0.0
a range +75000 +75600 9012 2019 1104.7904
a range +75600 +76200 2001 2064 0.0258
a range +75600 +76200 2002 2024 0.045
a range +75600 +76200 2003 2051 0.0207
a range +75600 +76200 2004 2048 0.0515
a range +75600 +76200 2005 2059 0.025
a range +75600 +76200 2006 9007 1105.0672
a range +75600 +76200 2007 2019 0.0116
a range +75600 +76200 2008 2028 0.047
a range +75600 +76200 2009 2049 0.0538
a range +75600 +76200 2010 2047 0.0526
a range +75600 +76200 2011 2050 0.0538
a range +75600 +76200 2012 9010 1105.0807
a range +75600 +76200 2013 2035 0.051
a range +75600 +76200 2014 9006 1104.7853
a range +75600 +76200 2015 9012 1104.7971
a range +75600 +76200 2016 2020 0.0241
a range +75600 +76200 2017 2027 0.0325
a range +75600 +76200 2018 2036 0.0307
a range +75600 +76200 2019 2007 0.0116
a range +75600 +76200 2020 2016 0.0241
a range +75600 +76200 2021 2041 0.054
a range +75600 +76200 2022 2033 0.0527
a range +75600 +76200 2023 2029 0.0476
a range +75600 +76200 2024 2002 0.045
a range +75600 +76200 2025 2039 0.0284
a range +75600 +76200 2026 2042 0.0423
a range +75600 +76200 2027 2017 0.0325
a range +75600 +76200 2028 2008 0.047
a range +75600 +76200 2029 2023 0.0476
a range +75600 +76200 2030 9003 1104.7774
a range +75600 +76200 2031 2032 0.0214
a range +75600 +76200 2032 2031 0.0214
a range +75600 +76200 2033 2022 0.0527
a range +75600 +76200 2034 2040 0.041
a range +75600 +76200 2035 2013 0.051
a range +75600 +76200 2036 2018 0.0307
a range +75600 +76200 2037 9001 1105.0698
a range +75600 +76200 2038 9009 1104.7768
a range +75600 +76200 2039 2025 0.0284
a range +75600 +76200 2040 2034 0.041
a range +75600 +76200 2041 2021 0.054
a range +75600 +76200 2042 2026 0.0423
a range +75600 +76200 2043 2055 0.017
a range +75600 +76200 2044 2053 0.057
a range +75600 +76200 2045 2057 0.0328
a range +75600 +76200 2046 2063 0.0627
a range +75600 +76200 2047 2010 0.0526
a range +75600 +76200 2048 2004 0.0515
a range +75600 +76200 2049 2009 0.0538
a range +75600 +76200 2050 2011 0.0538
a range +75600 +76200 2051 2003 0.0207
a range +75600 +76200 2052 2062 0.0529
a range +75600 +76200 2053 2044 0.057
a range +75600 +76200 2054 2060 0.0438
a range +75600 +76200 2055 2043 0.017
a range +75600 +76200 2056 2061 0.057
a range +75600 +76200 2057 2045 0.0328
a range +75600 +76200 2058 9004 1105.0551
a range +75600 +76200 2059 2005 0.025
a range +75600 +76200 2060 2054 0.0438
a range +75600 +76200 2061 2056 0.057
a range +75600 +76200 2062 2052 0.0529
a range +75600 +76200 2063 2046 0.0627
a range +75600 +76200 2064 2001 0.0258
a range +75600 +76200 9001 2037 1105.0698
a range +75600 +76200 9002 9008 0.0
a range +75600 +76200 9003 2030 1104.7774
a range +75600 +76200 9004 2058 1105.0551
a range +75600 +76200 9005 9011 0.0
a range +75600 +76200 9006 2014 1104.7853
a range +75600 +76200 9007 2006 1105.0672
a range +75600 +76200 9008 9002 0.0
a range +75600 +76200 9009 2038 1104.7768
a range +75600 +76200 9010 2012 1105.0807
a range +75600 +76200 9011 9005 0.0
a range +75600 +76200 9012 2015 1104.7971
a range +76200 +76800 2001 2059 0.0541
a range +76200 +76800 2002 2011 0.0357
a range +76200 +76800 2003 9010 1105.0533
a range +76200 +76800 2004 2045 0.0508
a range +76200 +76800 2005 2058 0.0346
a range +76200 +76800 2006 9001 1105.0672
a range +76200 +76800 2007 2015 0.0224
a range +76200 +76800 2008 2029 0.0485
a range +76200 +76800 2009 2047 0.0545
a range +76200 +76800 2010 2025 0.0241
a range +76200 +76800 2011 2002 0.0357
a range +76200 +76800 2012 9007 1105.0807
a range +76200 +76800 2013 2020 0.035
a range +76200 +76800 2014 9012 1104.7853
a range +76200 +76800 2015 2007 0.0224
a range +76200 +76800 2016 2022 0.0265
a range +76200 +76800 2017 2035 0.044
a range +76200 +76800 2018 2019 0.0206
a range +76200 +76800 2019 2018 0.0206
a range +76200 +76800 2020 2013 0.035
a range +76200 +76800 2021 2031 0.0328
a range +76200 +76800 2022 2016 0.0265
a range +76200 +76800 2023 2038 0.0263
a range +76200 +76800 2024 2040 0.0225
a range +76200 +76800 2025 2010 0.0241
a range +76200 +76800 2026 2041 0.0423
a range +76200 +76800 2027 2042 0.0226
a range +76200 +76800 2028 2033 0.047
a range +76200 +76800 2029 2008 0.0485
a range +76200 +76800 2030 9004 1105.0482
a range +76200 +76800 2031 2021 0.0328
a range +76200 +76800 2032 2036 0.0541
a range +76200 +76800 2033 2028 0.047
a range +76200 +76800 2034 2039 0.0549
a range +76200 +76800 2035 2017 0.044
a range +76200 +76800 2036 2032 0.0541
a range +76200 +76800 2037 2050 0.0504
a range +76200 +76800 2038 2023 0.0263
a range +76200 +76800 2039 2034 0.0549
a range +76200 +76800 2040 2024 0.0225
a range +76200 +76800 2041 2026 0.0423
a range +76200 +76800 2042 2027 0.0226
a range +76200 +76800 2043 2064 0.0483
a range +76200 +76800 2044 9006 1104.7698
a range +76200 +76800 2045 2004 0.0508
a range +76200 +76800 2046 2062 0.0627
a range +76200 +76800 2047 2009 0.0545
a range +76200 +76800 2048 2052 0.0253
a range +76200 +76800 2049 9009 1104.793
a range +76200 +76800 2050 2037 0.0504
a range +76200 +76800 2051 2057 0.0411
a range +76200 +76800 2052 2048 0.0253
a range +76200 +76800 2053 2056 0.0614
a range +76200 +76800 2054 9003 1104.7452
a range +76200 +76800 2055 2061 0.0409
a range +76200 +76800 2056 2053 0.0614
a range +76200 +76800 2057 2051 0.0411
a range +76200 +76800 2058 2005 0.0346
a range +76200 +76800 2059 2001 0.0541
a range +76200 +76800 2060 2063 0.0643
a range +76200 +76800 2061 2055 0.0409
a range +76200 +76800 2062 2046 0.0627
a range +76200 +76800 2063 2060 0.0643
a range +76200 +76800 2064 2043 0.0483
a range +76200 +76800 9001 2006 1105.0672
a range +76200 +76800 9002 9011 0.0
a range +76200 +76800 9003 2054 1104.7452
a range +76200 +76800 9004 2030 1105.0482
a range +76200 +76800 9005 9008 0.0
a range +76200 +76800 9006 2044 1104.7698
a range +76200 +76800 9007 2012 1105.0807
a range +76200 +76800 9008 9005 0.0
a range +76200 +76800 9009 2049 1104.793
a range +76200 +76800 9010 2003 1105.0533
a range +76200 +76800 9011 9002 0.0
a range +76200 +76800 9012 2014 1104.7853
a range +76800 +77400 2001 2060 0.0535
a range +76800 +77400 2002 2023 0.0281
a range +76800 +77400 2003 9001 1105.0533
a range +76800 +77400 2004 2054 0.0525
a range +76800 +77400 2005 9006 1104.7649
a range +76800 +77400 2006 2015 0.0357
a range +76800 +77400 2007 2018 0.024
a range +76800 +77400 2008 9010 1105.0545
a range +76800 +77400 2009 2016 0.02
a range +76800 +77400 2010 2056 0.0536
a range +76800 +77400 2011 2051 0.054
a range +76800 +77400 2012 9004 1105.0807
a range +76800 +77400 2013 2014 0.0195
a range +76800 +77400 2014 2013 0.0195
a range +76800 +77400 2015 2006 0.0357
a range +76800 +77400 2016 2009 0.02
a range +76800 +77400 2017 2019 0.0371
a range +76800 +77400 2018 2007 0.024
a range +76800 +77400 2019 2017 0.0371
a range +76800 +77400 2020 2045 0.0539
a range +76800 +77400 2021 2040 0.0529
a range +76800 +77400 2022 2044 0.0538
a range +76800 +77400 2023 2002 0.0281
a range +76800 +77400 2024 2038 0.0286
a range +76800 +77400 2025 2034 0.0384
a range +76800 +77400 2026 2031 0.0516
a range +76800 +77400 2027 2043 0.0309
a range +76800 +77400 2028 9007 1105.0553
a range +76800 +77400 2029 2047 0.0564
a range +76800 +77400 2030 2035 0.046
a range +76800 +77400 2031 2026 0.0516
a range +76800 +77400 2032 9012 1104.7656
a range +76800 +77400 2033 2039 0.0423
a range +76800 +77400 2034 2025 0.0384
a range +76800 +77400 2035 2030 0.046
a range +76800 +77400 2036 2049 0.0561
a range +76800 +77400 2037 9003 1104.7672
a range +76800 +77400 2038 2024 0.0286
a range +76800 +77400 2039 2033 0.0423
a range +76800 +77400 2040 2021 0.0529
a range +76800 +77400 2041 2042 0.0243
a range +76800 +77400 2042 2041 0.0243
a range +76800 +77400 2043 2027 0.0309
a range +76800 +77400 2044 2022 0.0538
a range +76800 +77400 2045 2020 0.0539
a range +76800 +77400 2046 2053 0.0591
a range +76800 +77400 2047 2029 0.0564
a range +76800 +77400 2048 2055 0.0546
a range +76800 +77400 2049 2036 0.0561
a range +76800 +77400 2050 2063 0.0609
a range +76800 +77400 2051 2011 0.054
a range +76800 +77400 2052 2058 0.0428
a range +76800 +77400 2053 2046 0.0591
a range +76800 +77400 2054 2004 0.0525
a range +76800 +77400 2055 2048 0.0546
a range +76800 +77400 2056 2010 0.0536
a range +76800 +77400 2057 2062 0.0642
a range +76800 +77400 2058 2052 0.0428
a range +76800 +77400 2059 2061 0.0492
a range +76800 +77400 2060 2001 0.0535
a range +76800 +77400 2061 2059 0.0492
a range +76800 +77400 2062 2057 0.0642
a range +76800 +77400 2063 2050 0.0609
a range +76800 +77400 2064 9009 1104.7778
a range +76800 +77400 9001 2003 1105.0533
a range +76800 +77400 9002 9005 0.0
a range +76800 +77400 9003 2037 1104.7672
a range +76800 +77400 9004 2012 1105.0807
a range +76800 +77400 9005 9002 0.0
a range +76800 +77400 9006 2005 1104.7649
a range +76800 +77400 9007 2028 1105.0553
a range +76800 +77400 9008 9011 0.0
a range +76800 +77400 9009 2064 1104.7778
a range +76800 +77400 9010 2008 1105.0545
a range +76800 +77400 9011 9008 0.0
a range +76800 +77400 9012 2032 1104.7656
a range +77400 +78000 2001 2063 0.0254
a range +77400 +78000 2002 9007 1105.0481
a range +77400 +78000 2003 9009 1104.7756
a range +77400 +78000 2004 2051 0.0232
a range +77400 +78000 2005 2053 0.0438
a range +77400 +78000 2006 2062 0.033
a range +77400 +78000 2007 2017 0.037
a range +77400 +78000 2008 2013 0.0285
a range +77400 +78000 2009 9004 1105.0388
a range +77400 +78000 2010 2054 0.0559
a range +77400 +78000 2011 2056 0.0537
a range +77400 +78000 2012 2019 0.0376
a range +77400 +78000 2013 2008 0.0285
a range +77400 +78000 2014 9010 1104.8928
a range +77400 +78000 2015 2022 0.0389
a range +77400 +78000 2016 2021 0.0196
a range +77400 +78000 2017 2007 0.037
a range +77400 +78000 2018 9006 1104.7727
a range +77400 +78000 2019 2012 0.0376
a range +77400 +78000 2020 2025 0.0505
a range +77400 +78000 2021 2016 0.0196
a range +77400 +78000 2022 2015 0.0389
a range +77400 +78000 2023 9001 1105.0538
a range +77400 +78000 2024 2035 0.0521
a range +77400 +78000 2025 2020 0.0505
a range +77400 +78000 2026 2039 0.0452
a range +77400 +78000 2027 2036 0.0328
a range +77400 +78000 2028 2046 0.056
a range +77400 +78000 2029 2043 0.0317
a range +77400 +78000 2030 2031 0.022
a range +77400 +78000 2031 2030 0.022
a range +77400 +78000 2032 2034 0.0493
a range +77400 +78000 2033 2048 0.0256
a range +77400 +78000 2034 2032 0.0493
a range +77400 +78000 2035 2024 0.0521
a range +77400 +78000 2036 2027 0.0328
a range +77400 +78000 2037 2042 0.0367
a range +77400 +78000 2038 2040 0.042
a range +77400 +78000 2039 2026 0.0452
a range +77400 +78000 2040 2038 0.042
a range +77400 +78000 2041 2050 0.0612
a range +77400 +78000 2042 2037 0.0367
a range +77400 +78000 2043 2029 0.0317
a range +77400 +78000 2044 2047 0.0585
a range +77400 +78000 2045 2061 0.058
a range +77400 +78000 2046 2028 0.056
a range +77400 +78000 2047 2044 0.0585
a range +77400 +78000 2048 2033 0.0256
a range +77400 +78000 2049 2064 0.0309
a range +77400 +78000 2050 2041 0.0612
a range +77400 +78000 2051 2004 0.0232
a range +77400 +78000 2052 2057 0.0564
a range +77400 +78000 2053 2005 0.0438
a range +77400 +78000 2054 2010 0.0559
a range +77400 +78000 2055 9003 1104.7508
a range +77400 +78000 2056 2011 0.0537
a range +77400 +78000 2057 2052 0.0564
a range +77400 +78000 2058 9012 1104.7863
a range +77400 +78000 2059 2060 0.0277
a range +77400 +78000 2060 2059 0.0277
a range +77400 +78000 2061 2045 0.058
a range +77400 +78000 2062 2006 0.033
a range +77400 +78000 2063 2001 0.0254
a range +77400 +78000 2064 2049 0.0309
a range +77400 +78000 9001 2023 1105.0538
a range +77400 +78000 9002 9008 0.0
a range +77400 +78000 9003 2055 1104.7508
a range +77400 +78000 9004 2009 1105.0388
a range +77400 +78000 9005 9011 0.0
a range +77400 +78000 9006 2018 1104.7727
a range +77400 +78000 9007 2002 1105.0481
a range +77400 +78000 9008 9002 0.0
a range +77400 +78000 9009 2003 1104.7756
a range +77400 +78000 9010 2014 1104.8928
a range +77400 +78000 9011 9005 0.0
a range +77400 +78000 9012 2058 1104.7863
a range +78000 +78600 2001 2057 0.0361
a range +78000 +78600 2002 2018 0.0458
a range +78000 +78600 2003 2029 0.0478
a range +78000 +78600 2004 2056 0.0432
a range +78000 +78600 2005 9004 1105.0665
a range +78000 +78600 2006 2047 0.0518
a range +78000 +78600 2007 2013 0.0166
a range +78000 +78600 2008 2015 0.0108
a range +78000 +78600 2009 9010 1105.0388
a range +78000 +78600 2010 2041 0.0513
a range +78000 +78600 2011 2052 0.0469
a range +78000 +78600 2012 2030 0.0495
a range +78000 +78600 2013 2007 0.0166
a range +78000 +78600 2014 2021 0.0365
a range +78000 +78600 2015 2008 0.0108
a range +78000 +78600 2016 2024 0.0466
a range +78000 +78600 2017 9001 1105.0814
a range +78000 +78600 2018 2002 0.0458
a range +78000 +78600 2019 2045 0.0529
a range +78000 +78600 2020 2028 0.0143
a range +78000 +78600 2021 2014 0.0365
a range +78000 +78600 2022 2035 0.0489
a range +78000 +78600 2023 2046 0.0544
a range +78000 +78600 2024 2016 0.0466
a range +78000 +78600 2025 2044 0.0559
a range +78000 +78600 2026 2036 0.0479
a range +78000 +78600 2027 9009 1104.7794
a range +78000 +78600 2028 2020 0.0143
a range +78000 +78600 2029 2003 0.0478
a range +78000 +78600 2030 2012 0.0495
a range +78000 +78600 2031 2033 0.0461
a range +78000 +78600 2032 9007 1105.0598
a range +78000 +78600 2033 2031 0.0461
a range +78000 +78600 2034 9012 1104.7739
a range +78000 +78600 2035 2022 0.0489
a range +78000 +78600 2036 2026 0.0479
a range +78000 +78600 2037 2040 0.0552
a range +78000 +78600 2038 2050 0.0318
a range +78000 +78600 2039 9003 1104.7849
a range +78000 +78600 2040 2037 0.0552
a range +78000 +78600 2041 2010 0.0513
a range +78000 +78600 2042 2048 0.0446
a range +78000 +78600 2043 9006 1104.7506
a range +78000 +78600 2044 2025 0.0559
a range +78000 +78600 2045 2019 0.0529
a range +78000 +78600 2046 2023 0.0544
a range +78000 +78600 2047 2006 0.0518
a range +78000 +78600 2048 2042 0.0446
a range +78000 +78600 2049 2063 0.0482
a range +78000 +78600 2050 2038 0.0318
a range +78000 +78600 2051 2059 0.0182
a range +78000 +78600 2052 2011 0.0469
a range +78000 +78600 2053 2055 0.0466
a range +78000 +78600 2054 2058 0.0644
a range +78000 +78600 2055 2053 0.0466
a range +78000 +78600 2056 2004 0.0432
a range +78000 +78600 2057 2001 0.0361
a range +78000 +78600 2058 2054 0.0644
a range +78000 +78600 2059 2051 0.0182
a range +78000 +78600 2060 2062 0.0493
a range +78000 +78600 2061 2064 0.0649
a range +78000 +78600 2062 2060 0.0493
a range +78000 +78600 2063 2049 0.0482
a range +78000 +78600 2064 2061 0.0649
a range +78000 +78600 9001 2017 1105.0814
a range +78000 +78600 9002 9011 0.0
a range +78000 +78600 9003 2039 1104.7849
a range +78000 +78600 9004 2005 1105.0665
a range +78000 +78600 9005 9008 0.0
a range +78000 +78600 9006 2043 1104.7506
a range +78000 +78600 9007 2032 1105.0598
a range +78000 +78600 9008 9005 0.0
a range +78000 +78600 9009 2027 1104.7794
a range +78000 +78600 9010 2009 1105.0388
a range +78000 +78600 9011 9002 0.0
a range +78000 +78600 9012 2034 1104.7739
a range +78600 +79200 2001 2062 0.0357
a range +78600 +79200 2002 2019 0.0413
a range +78600 +79200 2003 2015 0.0427
a range +78600 +79200 2004 2059 0.0189
a range +78600 +79200 2005 2061 0.0367
a range +78600 +79200 2006 2052 0.0422
a range +78600 +79200 2007 9007 1105.0624
a range +78600 +79200 2008 2014 0.0126
a range +78600 +79200 2009 9011 1105.046
a range +78600 +79200 2010 2049 0.0541
a range +78600 +79200 2011 2053 0.0538
a range +78600 +79200 2012 2026 0.0381
a range +78600 +79200 2013 9008 1104.9984
a range +78600 +79200 2014 2008 0.0126
a range +78600 +79200 2015 2003 0.0427
a range +78600 +79200 2016 9002 1105.0417
a range +78600 +79200 2017 9005 1105.0886
a range +78600 +79200 2018 9001 1105.0774
a range +78600 +79200 2019 2002 0.0413
a range +78600 +79200 2020 9010 1105.043
a range +78600 +79200 2021 2045 0.0536
a range +78600 +79200 2022 2028 0.0466
a range +78600 +79200 2023 9004 1105.0538
a range +78600 +79200 2024 2036 0.0526
a range +78600 +79200 2025 2037 0.0541
a range +78600 +79200 2026 2012 0.0381
a range +78600 +79200 2027 2035 0.0167
a range +78600 +79200 2028 2022 0.0466
a range +78600 +79200 2029 2039 0.0506
a range +78600 +79200 2030 2047 0.057
a range +78600 +79200 2031 2040 0.0319
a range +78600 +79200 2032 2041 0.0564
a range +78600 +79200 2033 2038 0.0548
a range +78600 +79200 2034 2046 0.0522
a range +78600 +79200 2035 2027 0.0167
a range +78600 +79200 2036 2024 0.0526
a range +78600 +79200 2037 2025 0.0541
a range +78600 +79200 2038 2033 0.0548
a range +78600 +79200 2039 2029 0.0506
a range +78600 +79200 2040 2031 0.0319
a range +78600 +79200 2041 2032 0.0564
a range +78600 +79200 2042 2050 0.0611
a range +78600 +79200 2043 2048 0.0579
a range +78600 +79200 2044 2054 0.048
a range +78600 +79200 2045 2021 0.0536
a range +78600 +79200 2046 2034 0.0522
a range +78600 +79200 2047 2030 0.057
a range +78600 +79200 2048 2043 0.0579
a range +78600 +79200 2049 2010 0.0541
a range +78600 +79200 2050 2042 0.0611
a range +78600 +79200 2051 2058 0.0202
a range +78600 +79200 2052 2006 0.0422
a range +78600 +79200 2053 2011 0.0538
a range +78600 +79200 2054 2044 0.048
a range +78600 +79200 2055 2063 0.0183
a range +78600 +79200 2056 2064 0.0267
a range +78600 +79200 2057 2060 0.0651
a range +78600 +79200 2058 2051 0.0202
a range +78600 +79200 2059 2004 0.0189
a range +78600 +79200 2060 2057 0.0651
a range +78600 +79200 2061 2005 0.0367
a range +78600 +79200 2062 2001 0.0357
a range +78600 +79200 2063 2055 0.0183
a range +78600 +79200 2064 2056 0.0267
a range +78600 +79200 9001 2018 1105.0774
a range +78600 +79200 9002 2016 1105.0417
a range +78600 +79200 9003 9009 0.0
a range +78600 +79200 9004 2023 1105.0538
a range +78600 +79200 9005 2017 1105.0886
a range +78600 +79200 9006 9012 0.0
a range +78600 +79200 9007 2007 1105.0624
a range +78600 +79200 9008 2013 1104.9984
a range +78600 +79200 9009 9003 0.0
a range +78600 +79200 9010 2020 1105.043
a range +78600 +79200 9011 2009 1105.046
a range +78600 +79200 9012 9006 0.0
a range +79200 +79800 2001 2015 0.0196
a range +79200 +79800 2002 2020 0.0401
a range +79200 +79800 2003 2041 0.0483
a range +79200 +79800 2004 2058 0.0174
a range +79200 +79800 2005 2054 0.0517
a range +79200 +79800 2006 2053 0.0352
a range +79200 +79800 2007 2014 0.0078
a range +79200 +79800 2008 2022 0.0439
a range +79200 +79800 2009 9001 1105.0388
a range +79200 +79800 2010 9010 1105.0537
a range +79200 +79800 2011 2019 0.0466
a range +79200 +79800 2012 2044 0.0541
a range +79200 +79800 2013 9005 1104.9984
a range +79200 +79800 2014 2007 0.0078
a range +79200 +79800 2015 2001 0.0196
a range +79200 +79800 2016 9008 1105.0417
a range +79200 +79800 2017 9011 1105.0886
a range +79200 +79800 2018 9002 1105.0846
a range +79200 +79800 2019 2011 0.0466
a range +79200 +79800 2020 2002 0.0401
a range +79200 +79800 2021 2028 0.0333
a range +79200 +79800 2022 2008 0.0439
a range +79200 +79800 2023 9007 1105.0538
a range +79200 +79800 2024 2037 0.0528
a range +79200 +79800 2025 2038 0.0425
a range +79200 +79800 2026 2034 0.0249
a range +79200 +79800 2027 2039 0.0543
a range +79200 +79800 2028 2021 0.0333
a range +79200 +79800 2029 2036 0.0165
a range +79200 +79800 2030 2045 0.0416
a range +79200 +79800 2031 2046 0.0214
a range +79200 +79800 2032 2040 0.0151
a range +79200 +79800 2033 2042 0.0502
a range +79200 +79800 2034 2026 0.0249
a range +79200 +79800 2035 2047 0.0532
a range +79200 +79800 2036 2029 0.0165
a range +79200 +79800 2037 2024 0.0528
a range +79200 +79800 2038 2025 0.0425
a range +79200 +79800 2039 2027 0.0543
a range +79200 +79800 2040 2032 0.0151
a range +79200 +79800 2041 2003 0.0483
a range +79200 +79800 2042 2033 0.0502
a range +79200 +79800 2043 2050 0.0588
a range +79200 +79800 2044 2012 0.0541
a range +79200 +79800 2045 2030 0.0416
a range +79200 +79800 2046 2031 0.0214
a range +79200 +79800 2047 2035 0.0532
a range +79200 +79800 2048 9004 1105.0279
a range +79200 +79800 2049 2062 0.0605
a range +79200 +79800 2050 2043 0.0588
a range +79200 +79800 2051 2052 0.0246
a range +79200 +79800 2052 2051 0.0246
a range +79200 +79800 2053 2006 0.0352
a range +79200 +79800 2054 2005 0.0517
a range +79200 +79800 2055 2060 0.0567
a range +79200 +79800 2056 2057 0.0376
a range +79200 +79800 2057 2056 0.0376
a range +79200 +79800 2058 2004 0.0174
a range +79200 +79800 2059 2064 0.0644
a range +79200 +79800 2060 2055 0.0567
a range +79200 +79800 2061 2063 0.0498
a range +79200 +79800 2062 2049 0.0605
a range +79200 +79800 2063 2061 0.0498
a range +79200 +79800 2064 2059 0.0644
a range +79200 +79800 9001 2009 1105.0388
a range +79200 +79800 9002 2018 1105.0846
a range +79200 +79800 9003 9012 0.0
a range +79200 +79800 9004 2048 1105.0279
a range +79200 +79800 9005 2013 1104.9984
a range +79200 +79800 9006 9009 0.0
a range +79200 +79800 9007 2023 1105.0538
a range +79200 +79800 9008 2016 1105.0417
a range +79200 +79800 9009 9006 0.0
a range +79200 +79800 9010 2010 1105.0537
a range +79200 +79800 9011 2017 1105.0886
a range +79200 +79800 9012 9003 0.0
a range +79800 +80400 2001 2013 0.0394
a range +79800 +80400 2002 9010 1105.0481
a range +79800 +80400 2003 2028 0.0493
a range +79800 +80400 2004 9007 1105.0608
a range +79800 +80400 2005 2057 0.0468
a range +79800 +80400 2006 2059 0.0391
a range +79800 +80400 2007 9002 1105.0697
a range +79800 +80400 2008 2009 0.0398
a range +79800 +80400 2009 2008 0.0398
a range +79800 +80400 2010 2048 0.0387
a range +79800 +80400 2011 2054 0.0541
a range +79800 +80400 2012 2031 0.0344
a range +79800 +80400 2013 2001 0.0394
a range +79800 +80400 2014 2020 0.02
a range +79800 +80400 2015 2023 0.0469
a range +79800 +80400 2016 2019 0.0354
a range +79800 +80400 2017 2018 0.0195
a range +79800 +80400 2018 2017 0.0195
a range +79800 +80400 2019 2016 0.0354
a range +79800 +80400 2020 2014 0.02
a range +79800 +80400 2021 9004 1105.0337
a range +79800 +80400 2022 9008 1105.0449
a range +79800 +80400 2023 2015 0.0469
a range +79800 +80400 2024 2041 0.0539
a range +79800 +80400 2025 2040 0.0162
a range +79800 +80400 2026 9001 1105.0671
a range +79800 +80400 2027 9005 1105.0701
a range +79800 +80400 2028 2003 0.0493
a range +79800 +80400 2029 2034 0.0441
a range +79800 +80400 2030 2046 0.0413
a range +79800 +80400 2031 2012 0.0344
a range +79800 +80400 2032 2033 0.0346
a range +79800 +80400 2033 2032 0.0346
a range +79800 +80400 2034 2029 0.0441
a range +79800 +80400 2035 2044 0.0485
a range +79800 +80400 2036 9011 1105.0706
a range +79800 +80400 2037 2038 0.0232
a range +79800 +80400 2038 2037 0.0232
a range +79800 +80400 2039 2042 0.0573
a range +79800 +80400 2040 2025 0.0162
a range +79800 +80400 2041 2024 0.0539
a range +79800 +80400 2042 2039 0.0573
a range +79800 +80400 2043 2053 0.0441
a range +79800 +80400 2044 2035 0.0485
a range +79800 +80400 2045 2060 0.0485
a range +79800 +80400 2046 2030 0.0413
a range +79800 +80400 2047 2051 0.0171
a range +79800 +80400 2048 2010 0.0387
a range +79800 +80400 2049 2052 0.0612
a range +79800 +80400 2050 2061 0.0646
a range +79800 +80400 2051 2047 0.0171
a range +79800 +80400 2052 2049 0.0612
a range +79800 +80400 2053 2043 0.0441
a range +79800 +80400 2054 2011 0.0541
a range +79800 +80400 2055 2064 0.0377
a range +79800 +80400 2056 2062 0.0442
a range +79800 +80400 2057 2005 0.0468
a range +79800 +80400 2058 2063 0.0651
a range +79800 +80400 2059 2006 0.0391
a range +79800 +80400 2060 2045 0.0485
a range +79800 +80400 2061 2050 0.0646
a range +79800 +80400 2062 2056 0.0442
a range +79800 +80400 2063 2058 0.0651
a range +79800 +80400 2064 2055 0.0377
a range +79800 +80400 9001 2026 1105.0671
a range +79800 +80400 9002 2007 1105.0697
a range +79800 +80400 9003 9006 0.0
a range +79800 +80400 9004 2021 1105.0337
a range +79800 +80400 9005 2027 1105.0701
a range +79800 +80400 9006 9003 0.0
a range +79800 +80400 9007 2004 1105.0608
a range +79800 +80400 9008 2022 1105.0449
a range +79800 +80400 9009 9012 0.0
a range +79800 +80400 9010 2002 1105.0481
a range +79800 +80400 9011 2036 1105.0706
a range +79800 +80400 9012 9009 0.0
a range +80400 +81000 2001 2061 0.0472
a range +80400 +81000 2002 2004 0.0332
a range +80400 +81000 2003 2012 0.0359
a range +80400 +81000 2004 2002 0.0332
a range +80400 +81000 2005 9001 1105.0665
a range +80400 +81000 2006 2054 0.0312
a range +80400 +81000 2007 2016 0.0366
a range +80400 +81000 2008 2029 0.0302
a range +80400 +81000 2009 2024 0.0338
a range +80400 +81000 2010 2052 0.0356
a range +80400 +81000 2011 9002 1105.0787
a range +80400 +81000 2012 2003 0.0359
a range +80400 +81000 2013 2020 0.035
a range +80400 +81000 2014 2021 0.0365
a range +80400 +81000 2015 2022 0.0389
a range +80400 +81000 2016 2007 0.0366
a range +80400 +81000 2017 2019 0.0371
a range +80400 +81000 2018 9011 1105.0846
a range +80400 +81000 2019 2017 0.0371
a range +80400 +81000 2020 2013 0.035
a range +80400 +81000 2021 2014 0.0365
a range +80400 +81000 2022 2015 0.0389
a range +80400 +81000 2023 2034 0.0491
a range +80400 +81000 2024 2009 0.0338
a range +80400 +81000 2025 2035 0.0508
a range +80400 +81000 2026 9004 1105.0671
a range +80400 +81000 2027 2044 0.0436
a range +80400 +81000 2028 2039 0.0538
a range +80400 +81000 2029 2008 0.0302
a range +80400 +81000 2030 2043 0.0431
a range +80400 +81000 2031 2038 0.0182
a range +80400 +81000 2032 2037 0.0462
a range +80400 +81000 2033 9010 1105.0456
a range +80400 +81000 2034 2023 0.0491
a range +80400 +81000 2035 2025 0.0508
a range +80400 +81000 2036 2046 0.0578
a range +80400 +81000 2037 2032 0.0462
a range +80400 +81000 2038 2031 0.0182
a range +80400 +81000 2039 2028 0.0538
a range +80400 +81000 2040 2042 0.0576
a range +80400 +81000 2041 2047 0.0451
a range +80400 +81000 2042 2040 0.0576
a range +80400 +81000 2043 2030 0.0431
a range +80400 +81000 2044 2027 0.0436
a range +80400 +81000 2045 2048 0.0587
a range +80400 +81000 2046 2036 0.0578
a range +80400 +81000 2047 2041 0.0451
a range +80400 +81000 2048 2045 0.0587
a range +80400 +81000 2049 2060 0.061
a range +80400 +81000 2050 2055 0.0612
a range +80400 +81000 2051 9007 1105.0382
a range +80400 +81000 2052 2010 0.0356
a range +80400 +81000 2053 9008 1105.0421
a range +80400 +81000 2054 2006 0.0312
a range +80400 +81000 2055 2050 0.0612
a range +80400 +81000 2056 2058 0.0524
a range +80400 +81000 2057 2063 0.049
a range +80400 +81000 2058 2056 0.0524
a range +80400 +81000 2059 9005 1105.0551
a range +80400 +81000 2060 2049 0.061
a range +80400 +81000 2061 2001 0.0472
a range +80400 +81000 2062 2064 0.0493
a range +80400 +81000 2063 2057 0.049
a range +80400 +81000 2064 2062 0.0493
a range +80400 +81000 9001 2005 1105.0665
a range +80400 +81000 9002 2011 1105.0787
a range +80400 +81000 9003 9009 0.0
a range +80400 +81000 9004 2026 1105.0671
a range +80400 +81000 9005 2059 1105.0551
a range +80400 +81000 9006 9012 0.0
a range +80400 +81000 9007 2051 1105.0382
a range +80400 +81000 9008 2053 1105.0421
a range +80400 +81000 9009 9003 0.0
a range +80400 +81000 9010 2033 1105.0456
a range +80400 +81000 9011 2018 1105.0846
a range +80400 +81000 9012 9006 0.0
a range +81000 +81600 2001 2002 0.0173
a range +81000 +81600 2002 2001 0.0173
a range +81000 +81600 2003 2018 0.0441
a range +81000 +81600 2004 9005 1105.068
a range +81000 +81600 2005 9008 1105.0737
a range +81000 +81600 2006 2057 0.0536
a range +81000 +81600 2007 2063 0.0308
a range +81000 +81600 2008 2060 0.0476
a range +81000 +81600 2009 2056 0.0536
a range +81000 +81600 2010 2051 0.0173
a range +81000 +81600 2011 9010 1105.0714
a range +81000 +81600 2012 2045 0.0195
a range +81000 +81600 2013 2040 0.0514
a range +81000 +81600 2014 2055 0.0168
a range +81000 +81600 2015 2043 0.0375
a range +81000 +81600 2016 2042 0.0383
a range +81000 +81600 2017 9002 1105.0886
a range +81000 +81600 2018 2003 0.0441
a range +81000 +81600 2019 2038 0.0501
a range +81000 +81600 2020 2037 0.0372
a range +81000 +81600 2021 2036 0.0367
a range +81000 +81600 2022 2032 0.0289
a range +81000 +81600 2023 2030 0.0335
a range +81000 +81600 2024 2034 0.0479
a range +81000 +81600 2025 2027 0.04
a range +81000 +81600 2026 2035 0.0367
a range +81000 +81600 2027 2025 0.04
a range +81000 +81600 2028 2044 0.0439
a range +81000 +81600 2029 9011 1105.0567
a range +81000 +81600 2030 2023 0.0335
a range +81000 +81600 2031 2041 0.0533
a range +81000 +81600 2032 2022 0.0289
a range +81000 +81600 2033 9001 1105.0456
a range +81000 +81600 2034 2024 0.0479
a range +81000 +81600 2035 2026 0.0367
a range +81000 +81600 2036 2021 0.0367
a range +81000 +81600 2037 2020 0.0372
a range +81000 +81600 2038 2019 0.0501
a range +81000 +81600 2039 2047 0.0309
a range +81000 +81600 2040 2013 0.0514
a range +81000 +81600 2041 2031 0.0533
a range +81000 +81600 2042 2016 0.0383
a range +81000 +81600 2043 2015 0.0375
a range +81000 +81600 2044 2028 0.0439
a range +81000 +81600 2045 2012 0.0195
a range +81000 +81600 2046 2054 0.061
a range +81000 +81600 2047 2039 0.0309
a range +81000 +81600 2048 9007 1105.0279
a range +81000 +81600 2049 2061 0.0645
a range +81000 +81600 2050 2062 0.0645
a range +81000 +81600 2051 2010 0.0173
a range +81000 +81600 2052 9004 1105.0277
a range +81000 +81600 2053 2064 0.0607
a range +81000 +81600 2054 2046 0.061
a range +81000 +81600 2055 2014 0.0168
a range +81000 +81600 2056 2009 0.0536
a range +81000 +81600 2057 2006 0.0536
a range +81000 +81600 2058 2059 0.0253
a range +81000 +81600 2059 2058 0.0253
a range +81000 +81600 2060 2008 0.0476
a range +81000 +81600 2061 2049 0.0645
a range +81000 +81600 2062 2050 0.0645
a range +81000 +81600 2063 2007 0.0308
a range +81000 +81600 2064 2053 0.0607
a range +81000 +81600 9001 2033 1105.0456
a range +81000 +81600 9002 2017 1105.0886
a range +81000 +81600 9003 9012 0.0
a range +81000 +81600 9004 2052 1105.0277
a range +81000 +81600 9005 2004 1105.068
a range +81000 +81600 9006 9009 0.0
a range +81000 +81600 9007 2048 1105.0279
a range +81000 +81600 9008 2005 1105.0737
a range +81000 +81600 9009 9006 0.0
a range +81000 +81600 9010 2011 1105.0714
a range +81000 +81600 9011 2029 1105.0567
a range +81000 +81600 9012 9003 0.0
a range +81600 +82200 2001 2003 0.033
a range +81600 +82200 2002 2011 0.0357
a range +81600 +82200 2003 2001 0.033
a range +81600 +82200 2004 2005 0.0173
a range +81600 +82200 2005 2004 0.0173
a range +81600 +82200 2006 2058 0.0492
a range +81600 +82200 2007 2062 0.0155
a range +81600 +82200 2008 2063 0.019
a range +81600 +82200 2009 2061 0.0511
a range +81600 +82200 2010 2018 0.0464
a range +81600 +82200 2011 2002 0.0357
a range +81600 +82200 2012 9011 1105.0879
a range +81600 +82200 2013 2060 0.0432
a range +81600 +82200 2014 2022 0.0464
a range +81600 +82200 2015 2056 0.0471
a range +81600 +82200 2016 2044 0.0523
a range +81600 +82200 2017 9004 1105.0814
a range +81600 +82200 2018 2010 0.0464
a range +81600 +82200 2019 2042 0.0082
a range +81600 +82200 2020 2038 0.0488
a range +81600 +82200 2021 2037 0.0394
a range +81600 +82200 2022 2014 0.0464
a range +81600 +82200 2023 2028 0.0501
a range +81600 +82200 2024 9008 1105.0792
a range +81600 +82200 2025 9001 1105.0656
a range +81600 +82200 2026 9007 1105.0671
a range +81600 +82200 2027 2036 0.0328
a range +81600 +82200 2028 2023 0.0501
a range +81600 +82200 2029 2031 0.0405
a range +81600 +82200 2030 2032 0.0401
a range +81600 +82200 2031 2029 0.0405
a range +81600 +82200 2032 2030 0.0401
a range +81600 +82200 2033 9005 1105.0528
a range +81600 +82200 2034 2043 0.0469
a range +81600 +82200 2035 2046 0.0574
a range +81600 +82200 2036 2027 0.0328
a range +81600 +82200 2037 2021 0.0394
a range +81600 +82200 2038 2020 0.0488
a range +81600 +82200 2039 2041 0.0576
a range +81600 +82200 2040 2047 0.0173
a range +81600 +82200 2041 2039 0.0576
a range +81600 +82200 2042 2019 0.0082
a range +81600 +82200 2043 2034 0.0469
a range +81600 +82200 2044 2016 0.0523
a range +81600 +82200 2045 2053 0.0611
a range +81600 +82200 2046 2035 0.0574
a range +81600 +82200 2047 2040 0.0173
a range +81600 +82200 2048 9010 1105.0279
a range +81600 +82200 2049 2051 0.0472
a range +81600 +82200 2050 2064 0.0443
a range +81600 +82200 2051 2049 0.0472
a range +81600 +82200 2052 9002 1105.0349
a range +81600 +82200 2053 2045 0.0611
a range +81600 +82200 2054 2055 0.0265
a range +81600 +82200 2055 2054 0.0265
a range +81600 +82200 2056 2015 0.0471
a range +81600 +82200 2057 2059 0.0497
a range +81600 +82200 2058 2006 0.0492
a range +81600 +82200 2059 2057 0.0497
a range +81600 +82200 2060 2013 0.0432
a range +81600 +82200 2061 2009 0.0511
a range +81600 +82200 2062 2007 0.0155
a range +81600 +82200 2063 2008 0.019
a range +81600 +82200 2064 2050 0.0443
a range +81600 +82200 9001 2025 1105.0656
a range +81600 +82200 9002 2052 1105.0349
a range +81600 +82200 9003 9006 0.0
a range +81600 +82200 9004 2017 1105.0814
a range +81600 +82200 9005 2033 1105.0528
a range +81600 +82200 9006 9003 0.0
a range +81600 +82200 9007 2026 1105.0671
a range +81600 +82200 9008 2024 1105.0792
a range +81600 +82200 9009 9012 0.0
a range +81600 +82200 9010 2048 1105.0279
a range +81600 +82200 9011 2012 1105.0879
a range +81600 +82200 9012 9009 0.0
a range +82200 +82800 2001 2007 0.0337
a range +82200 +82800 2002 2048 0.0248
a range +82200 +82800 2003 2012 0.0359
a range +82200 +82800 2004 2034 0.0506
a range +82200 +82800 2005 2009 0.0385
a range +82200 +82800 2006 9002 1105.0744
a range +82200 +82800 2007 2001 0.0337
a range +82200 +82800 2008 2064 0.0353
a range +82200 +82800 2009 2005 0.0385
a range +82200 +82800 2010 2011 0.0193
a range +82200 +82800 2011 2010 0.0193
a range +82200 +82800 2012 2003 0.0359
a range +82200 +82800 2013 2063 0.0325
a range +82200 +82800 2014 2062 0.0105
a range +82200 +82800 2015 2061 0.0307
a range +82200 +82800 2016 2056 0.0534
a range +82200 +82800 2017 9010 1105.0814
a range +82200 +82800 2018 2060 0.0574
a range +82200 +82800 2019 2044 0.0397
a range +82200 +82800 2020 2054 0.0159
a range +82200 +82800 2021 2041 0.0261
a range +82200 +82800 2022 2039 0.0286
a range +82200 +82800 2023 2027 0.05
a range +82200 +82800 2024 9007 1105.072
a range +82200 +82800 2025 9004 1105.0656
a range +82200 +82800 2026 2038 0.0522
a range +82200 +82800 2027 2023 0.05
a range +82200 +82800 2028 2037 0.0353
a range +82200 +82800 2029 2036 0.0165
a range +82200 +82800 2030 2035 0.046
a range +82200 +82800 2031 2032 0.0214
a range +82200 +82800 2032 2031 0.0214
a range +82200 +82800 2033 9011 1105.0528
a range +82200 +82800 2034 2004 0.0506
a range +82200 +82800 2035 2030 0.046
a range +82200 +82800 2036 2029 0.0165
a range +82200 +82800 2037 2028 0.0353
a range +82200 +82800 2038 2026 0.0522
a range +82200 +82800 2039 2022 0.0286
a range +82200 +82800 2040 9001 1105.0519
a range +82200 +82800 2041 2021 0.0261
a range +82200 +82800 2042 2047 0.0587
a range +82200 +82800 2043 2045 0.0451
a range +82200 +82800 2044 2019 0.0397
a range +82200 +82800 2045 2043 0.0451
a range +82200 +82800 2046 2058 0.005
a range +82200 +82800 2047 2042 0.0587
a range +82200 +82800 2048 2002 0.0248
a range +82200 +82800 2049 2055 0.0471
a range +82200 +82800 2050 2059 0.0307
a range +82200 +82800 2051 9008 1105.0454
a range +82200 +82800 2052 9005 1105.0349
a range +82200 +82800 2053 2057 0.0646
a range +82200 +82800 2054 2020 0.0159
a range +82200 +82800 2055 2049 0.0471
a range +82200 +82800 2056 2016 0.0534
a range +82200 +82800 2057 2053 0.0646
a range +82200 +82800 2058 2046 0.005
a range +82200 +82800 2059 2050 0.0307
a range +82200 +82800 2060 2018 0.0574
a range +82200 +82800 2061 2015 0.0307
a range +82200 +82800 2062 2014 0.0105
a range +82200 +82800 2063 2013 0.0325
a range +82200 +82800 2064 2008 0.0353
a range +82200 +82800 9001 2040 1105.0519
a range +82200 +82800 9002 2006 1105.0744
a range +82200 +82800 9003 9009 0.0
a range +82200 +82800 9004 2025 1105.0656
a range +82200 +82800 9005 2052 1105.0349
a range +82200 +82800 9006 9012 0.0
a range +82200 +82800 9007 2024 1105.072
a range +82200 +82800 9008 2051 1105.0454
a range +82200 +82800 9009 9003 0.0
a range +82200 +82800 9010 2017 1105.0814
a range +82200 +82800 9011 2033 1105.0528
a range +82200 +82800 9012 9006 0.0
a range +82800 +83400 2001 2008 0.0182
a range +82800 +83400 2002 2052 0.0389
a range +82800 +83400 2003 2017 0.0335
a range +82800 +83400 2004 2012 0.0261
a range +82800 +83400 2005 2007 0.0326
a range +82800 +83400 2006 2056 0.0393
a range +82800 +83400 2007 2005 0.0326
a range +82800 +83400 2008 2001 0.0182
a range +82800 +83400 2009 2033 0.0229
a range +82800 +83400 2010 2026 0.0397
a range +82800 +83400 2011 2013 0.0344
a range +82800 +83400 2012 2004 0.0261
a range +82800 +83400 2013 2011 0.0344
a range +82800 +83400 2014 2064 0.0423
a range +82800 +83400 2015 2063 0.029
a range +82800 +83400 2016 2062 0.0408
a range +82800 +83400 2017 2003 0.0335
a range +82800 +83400 2018 2055 0.0118
a range +82800 +83400 2019 2050 0.0569
a range +82800 +83400 2020 2053 0.0103
a range +82800 +83400 2021 2060 0.0252
a range +82800 +83400 2022 2045 0.0542
a range +82800 +83400 2023 2044 0.0546
a range +82800 +83400 2024 9005 1105.0792
a range +82800 +83400 2025 9011 1105.0729
a range +82800 +83400 2026 2010 0.0397
a range +82800 +83400 2027 2043 0.0309
a range +82800 +83400 2028 2041 0.0204
a range +82800 +83400 2029 2039 0.0506
a range +82800 +83400 2030 2034 0.053
a range +82800 +83400 2031 2037 0.0347
a range +82800 +83400 2032 9010 1105.0598
a range +82800 +83400 2033 2009 0.0229
a range +82800 +83400 2034 2030 0.053
a range +82800 +83400 2035 2036 0.0239
a range +82800 +83400 2036 2035 0.0239
a range +82800 +83400 2037 2031 0.0347
a range +82800 +83400 2038 2048 0.0558
a range +82800 +83400 2039 2029 0.0506
a range +82800 +83400 2040 9008 1105.0591
a range +82800 +83400 2041 2028 0.0204
a range +82800 +83400 2042 2049 0.0583
a range +82800 +83400 2043 2027 0.0309
a range +82800 +83400 2044 2023 0.0546
a range +82800 +83400 2045 2022 0.0542
a range +82800 +83400 2046 9007 1105.0578
a range +82800 +83400 2047 9004 1105.0361
a range +82800 +83400 2048 2038 0.0558
a range +82800 +83400 2049 2042 0.0583
a range +82800 +83400 2050 2019 0.0569
a range +82800 +83400 2051 9002 1105.0454
a range +82800 +83400 2052 2002 0.0389
a range +82800 +83400 2053 2020 0.0103
a range +82800 +83400 2054 2057 0.0646
a range +82800 +83400 2055 2018 0.0118
a range +82800 +83400 2056 2006 0.0393
a range +82800 +83400 2057 2054 0.0646
a range +82800 +83400 2058 2061 0.0639
a range +82800 +83400 2059 9001 1105.0478
a range +82800 +83400 2060 2021 0.0252
a range +82800 +83400 2061 2058 0.0639
a range +82800 +83400 2062 2016 0.0408
a range +82800 +83400 2063 2015 0.029
a range +82800 +83400 2064 2014 0.0423
a range +82800 +83400 9001 2059 1105.0478
a range +82800 +83400 9002 2051 1105.0454
a range +82800 +83400 9003 9012 0.0
a range +82800 +83400 9004 2047 1105.0361
a range +82800 +83400 9005 2024 1105.0792
a range +82800 +83400 9006 9009 0.0
a range +82800 +83400 9007 2046 1105.0578
a range +82800 +83400 9008 2040 1105.0591
a range +82800 +83400 9009 9006 0.0
a range +82800 +83400 9010 2032 1105.0598
a range +82800 +83400 9011 2025 1105.0729
a range +82800 +83400 9012 9003 0.0
a range +83400 +84000 2001 2009 0.0286
a range +83400 +84000 2002 2051 0.0326
a range +83400 +84000 2003 2052 0.0368
a range +83400 +84000 2004 2050 0.0179
a range +83400 +84000 2005 9005 1105.0737
a range +83400 +84000 2006 2055 0.033
a range +83400 +84000 2007 2047 0.0516
a range +83400 +84000 2008 2062 0.0175
a range +83400 +84000 2009 2001 0.0286
a range +83400 +84000 2010 2033 0.0325
a range +83400 +84000 2011 2025 0.0267
a range +83400 +84000 2012 9008 1105.0879
a range +83400 +84000 2013 2017 0.0257
a range +83400 +84000 2014 2063 0.0238
a range +83400 +84000 2015 2064 0.0424
a range +83400 +84000 2016 2061 0.0416
a range +83400 +84000 2017 2013 0.0257
a range +83400 +84000 2018 2056 0.0156
a range +83400 +84000 2019 2054 0.0126
a range +83400 +84000 2020 2060 0.034
a range +83400 +84000 2021 2053 0.0171
a range +83400 +84000 2022 2048 0.0283
a range +83400 +84000 2023 2045 0.0245
a range +83400 +84000 2024 9010 1105.072
a range +83400 +84000 2025 2011 0.0267
a range +83400 +84000 2026 2049 0.0298
a range +83400 +84000 2027 2038 0.0538
a range +83400 +84000 2028 2043 0.0252
a range +83400 +84000 2029 2042 0.0244
a range +83400 +84000 2030 2041 0.0433
a range +83400 +84000 2031 2036 0.0487
a range +83400 +84000 2032 9011 1105.0671
a range +83400 +84000 2033 2010 0.0325
a range +83400 +84000 2034 2044 0.0559
a range +83400 +84000 2035 2037 0.0433
a range +83400 +84000 2036 2031 0.0487
a range +83400 +84000 2037 2035 0.0433
a range +83400 +84000 2038 2027 0.0538
a range +83400 +84000 2039 9001 1105.062
a range +83400 +84000 2040 9007 1105.0519
a range +83400 +84000 2041 2030 0.0433
a range +83400 +84000 2042 2029 0.0244
a range +83400 +84000 2043 2028 0.0252
a range +83400 +84000 2044 2034 0.0559
a range +83400 +84000 2045 2023 0.0245
a range +83400 +84000 2046 9004 1105.0578
a range +83400 +84000 2047 2007 0.0516
a range +83400 +84000 2048 2022 0.0283
a range +83400 +84000 2049 2026 0.0298
a range +83400 +84000 2050 2004 0.0179
a range +83400 +84000 2051 2002 0.0326
a range +83400 +84000 2052 2003 0.0368
a range +83400 +84000 2053 2021 0.0171
a range +83400 +84000 2054 2019 0.0126
a range +83400 +84000 2055 2006 0.033
a range +83400 +84000 2056 2018 0.0156
a range +83400 +84000 2057 2058 0.0285
a range +83400 +84000 2058 2057 0.0285
a range +83400 +84000 2059 9002 1105.0551
a range +83400 +84000 2060 2020 0.034
a range +83400 +84000 2061 2016 0.0416
a range +83400 +84000 2062 2008 0.0175
a range +83400 +84000 2063 2014 0.0238
a range +83400 +84000 2064 2015 0.0424
a range +83400 +84000 9001 2039 1105.062
a range +83400 +84000 9002 2059 1105.0551
a range +83400 +84000 9003 9006 0.0
a range +83400 +84000 9004 2046 1105.0578
a range +83400 +84000 9005 2005 1105.0737
a range +83400 +84000 9006 9003 0.0
a range +83400 +84000 9007 2040 1105.0519
a range +83400 +84000 9008 2012 1105.0879
a range +83400 +84000 9009 9012 0.0
a range +83400 +84000 9010 2024 1105.072
a range +83400 +84000 9011 2032 1105.0671
a range +83400 +84000 9012 9009 0.0
a range +84000 +84600 2001 2010 0.0383
a range +84000 +84600 2002 2047 0.0195
a range +84000 +84600 2003 2046 0.0115
a range +84000 +84600 2004 2040 0.0265
a range +84000 +84600 2005 9007 1105.0665
a range +84000 +84600 2006 9010 1105.0672
a range +84000 +84600 2007 2025 0.0472
a range +84000 +84600 2008 2061 0.0337
a range +84000 +84600 2009 2017 0.0443
a range +84000 +84600 2010 2001 0.0383
a range +84000 +84600 2011 2024 0.0119
a range +84000 +84600 2012 9005 1105.0879
a range +84000 +84600 2013 2021 0.0449
a range +84000 +84600 2014 2057 0.0547
a range +84000 +84600 2015 2062 0.022
a range +84000 +84600 2016 2023 0.0377
a range +84000 +84600 2017 2009 0.0443
a range +84000 +84600 2018 2063 0.019
a range +84000 +84600 2019 2056 0.036
a range +84000 +84600 2020 2055 0.0367
a range +84000 +84600 2021 2013 0.0449
a range +84000 +84600 2022 2054 0.0504
a range +84000 +84600 2023 2016 0.0377
a range +84000 +84600 2024 2011 0.0119
a range +84000 +84600 2025 2007 0.0472
a range +84000 +84600 2026 2053 0.0578
a range +84000 +84600 2027 2049 0.046
a range +84000 +84600 2028 2048 0.04
a range +84000 +84600 2029 2045 0.0522
a range +84000 +84600 2030 2044 0.0423
a range +84000 +84600 2031 2034 0.0537
a range +84000 +84600 2032 9001 1105.0598
a range +84000 +84600 2033 2042 0.0502
a range +84000 +84600 2034 2031 0.0537
a range +84000 +84600 2035 2043 0.0307
a range +84000 +84600 2036 2041 0.0334
a range +84000 +84600 2037 2038 0.0232
a range +84000 +84600 2038 2037 0.0232
a range +84000 +84600 2039 9002 1105.0692
a range +84000 +84600 2040 2004 0.0265
a range +84000 +84600 2041 2036 0.0334
a range +84000 +84600 2042 2033 0.0502
a range +84000 +84600 2043 2035 0.0307
a range +84000 +84600 2044 2030 0.0423
a range +84000 +84600 2045 2029 0.0522
a range +84000 +84600 2046 2003 0.0115
a range +84000 +84600 2047 2002 0.0195
a range +84000 +84600 2048 2028 0.04
a range +84000 +84600 2049 2027 0.046
a range +84000 +84600 2050 9008 1105.0682
a range +84000 +84600 2051 9011 1105.0454
a range +84000 +84600 2052 2064 0.0627
a range +84000 +84600 2053 2026 0.0578
a range +84000 +84600 2054 2022 0.0504
a range +84000 +84600 2055 2020 0.0367
a range +84000 +84600 2056 2019 0.036
a range +84000 +84600 2057 2014 0.0547
a range +84000 +84600 2058 2060 0.049
a range +84000 +84600 2059 9004 1105.0478
a range +84000 +84600 2060 2058 0.049
a range +84000 +84600 2061 2008 0.0337
a range +84000 +84600 2062 2015 0.022
a range +84000 +84600 2063 2018 0.019
a range +84000 +84600 2064 2052 0.0627
a range +84000 +84600 9001 2032 1105.0598
a range +84000 +84600 9002 2039 1105.0692
a range +84000 +84600 9003 9009 0.0
a range +84000 +84600 9004 2059 1105.0478
a range +84000 +84600 9005 2012 1105.0879
a range +84000 +84600 9006 9012 0.0
a range +84000 +84600 9007 2005 1105.0665
a range +84000 +84600 9008 2050 1105.0682
a range +84000 +84600 9009 9003 0.0
a range +84000 +84600 9010 2006 1105.0672
a range +84000 +84600 9011 2051 1105.0454
a range +84000 +84600 9012 9006 0.0
a range +84600 +85200 2001 2014 0.0296
a range +84600 +85200 2002 2050 0.0306
a range +84600 +85200 2003 2040 0.0095
a range +84600 +85200 2004 2046 0.0158
a range +84600 +85200 2005 2062 0.048
a range +84600 +85200 2006 9005 1105.0744
a range +84600 +85200 2007 2032 0.0488
a range +84600 +85200 2008 2057 0.0489
a range +84600 +85200 2009 2025 0.0305
a range +84600 +85200 2010 2024 0.0193
a range +84600 +85200 2011 2023 0.0189
a range +84600 +85200 2012 9002 1105.0879
a range +84600 +85200 2013 2064 0.0426
a range +84600 +85200 2014 2001 0.0296
a range +84600 +85200 2015 2055 0.0331
a range +84600 +85200 2016 2058 0.045
a range +84600 +85200 2017 2049 0.0162
a range +84600 +85200 2018 2030 0.05
a range +84600 +85200 2019 2061 0.0294
a range +84600 +85200 2020 2044 0.0499
a range +84600 +85200 2021 2054 0.0359
a range +84600 +85200 2022 2026 0.0497
a range +84600 +85200 2023 2011 0.0189
a range +84600 +85200 2024 2010 0.0193
a range +84600 +85200 2025 2009 0.0305
a range +84600 +85200 2026 2022 0.0497
a range +84600 +85200 2027 2053 0.0409
a range +84600 +85200 2028 2042 0.005
a range +84600 +85200 2029 2043 0.0317
a range +84600 +85200 2030 2018 0.05
a range +84600 +85200 2031 9007 1105.0526
a range +84600 +85200 2032 2007 0.0488
a range +84600 +85200 2033 2047 0.0242
a range +84600 +85200 2034 2041 0.0216
a range +84600 +85200 2035 2051 0.0586
a range +84600 +85200 2036 9010 1105.0633
a range +84600 +85200 2037 2048 0.0562
a range +84600 +85200 2038 9001 1105.069
a range +84600 +85200 2039 9004 1105.062
a range +84600 +85200 2040 2003 0.0095
a range +84600 +85200 2041 2034 0.0216
a range +84600 +85200 2042 2028 0.005
a range +84600 +85200 2043 2029 0.0317
a range +84600 +85200 2044 2020 0.0499
a range +84600 +85200 2045 9008 1105.0853
a range +84600 +85200 2046 2004 0.0158
a range +84600 +85200 2047 2033 0.0242
a range +84600 +85200 2048 2037 0.0562
a range +84600 +85200 2049 2017 0.0162
a range +84600 +85200 2050 2002 0.0306
a range +84600 +85200 2051 2035 0.0586
a range +84600 +85200 2052 2063 0.0615
a range +84600 +85200 2053 2027 0.0409
a range +84600 +85200 2054 2021 0.0359
a range +84600 +85200 2055 2015 0.0331
a range +84600 +85200 2056 2060 0.0628
a range +84600 +85200 2057 2008 0.0489
a range +84600 +85200 2058 2016 0.045
a range +84600 +85200 2059 9011 1105.0551
a range +84600 +85200 2060 2056 0.0628
a range +84600 +85200 2061 2019 0.0294
a range +84600 +85200 2062 2005 0.048
a range +84600 +85200 2063 2052 0.0615
a range +84600 +85200 2064 2013 0.0426
a range +84600 +85200 9001 2038 1105.069
a range +84600 +85200 9002 2012 1105.0879
a range +84600 +85200 9003 9012 0.0
a range +84600 +85200 9004 2039 1105.062
a range +84600 +85200 9005 2006 1105.0744
a range +84600 +85200 9006 9009 0.0
a range +84600 +85200 9007 2031 1105.0526
a range +84600 +85200 9008 2045 1105.0853
a range +84600 +85200 9009 9006 0.0
a range +84600 +85200 9010 2036 1105.0633
a range +84600 +85200 9011 2059 1105.0551
a range +84600 +85200 9012 9003 0.0
a range +85200 +85800 2001 2016 0.0186
a range +85200 +85800 2002 2032 0.0273
a range +85200 +85800 2003 2031 0.023
a range +85200 +85800 2004 2024 0.0189
a range +85200 +85800 2005 9010 1105.0665
a range +85200 +85800 2006 9011 1105.0744
a range +85200 +85800 2007 2011 0.0424
a range +85200 +85800 2008 2055 0.023
a range +85200 +85800 2009 2023 0.0206
a range +85200 +85800 2010 2064 0.0436
a range +85200 +85800 2011 2007 0.0424
a range +85200 +85800 2012 9001 1105.0807
a range +85200 +85800 2013 2062 0.0278
a range +85200 +85800 2014 2061 0.0263
a range +85200 +85800 2015 2060 0.0433
a range +85200 +85800 2016 2001 0.0186
a range +85200 +85800 2017 2063 0.0342
a range +85200 +85800 2018 2058 0.0554
a range +85200 +85800 2019 2057 0.0547
a range +85200 +85800 2020 2052 0.0313
a range +85200 +85800 2021 2051 0.0306
a range +85200 +85800 2022 2053 0.0357
a range +85200 +85800 2023 2009 0.0206
a range +85200 +85800 2024 2004 0.0189
a range +85200 +85800 2025 2050 0.0223
a range +85200 +85800 2026 2054 0.0455
a range +85200 +85800 2027 2047 0.0513
a range +85200 +85800 2028 2049 0.0569
a range +85200 +85800 2029 2041 0.0294
a range +85200 +85800 2030 2043 0.0431
a range +85200 +85800 2031 2003 0.023
a range +85200 +85800 2032 2002 0.0273
a range +85200 +85800 2033 2044 0.0562
a range +85200 +85800 2034 2042 0.0336
a range +85200 +85800 2035 2040 0.0549
a range +85200 +85800 2036 2037 0.0232
a range +85200 +85800 2037 2036 0.0232
a range +85200 +85800 2038 9002 1105.0762
a range +85200 +85800 2039 9008 1105.0692
a range +85200 +85800 2040 2035 0.0549
a range +85200 +85800 2041 2029 0.0294
a range +85200 +85800 2042 2034 0.0336
a range +85200 +85800 2043 2030 0.0431
a range +85200 +85800 2044 2033 0.0562
a range +85200 +85800 2045 9004 1105.078
a range +85200 +85800 2046 9005 1105.065
a range +85200 +85800 2047 2027 0.0513
a range +85200 +85800 2048 2056 0.0599
a range +85200 +85800 2049 2028 0.0569
a range +85200 +85800 2050 2025 0.0223
a range +85200 +85800 2051 2021 0.0306
a range +85200 +85800 2052 2020 0.0313
a range +85200 +85800 2053 2022 0.0357
a range +85200 +85800 2054 2026 0.0455
a range +85200 +85800 2055 2008 0.023
a range +85200 +85800 2056 2048 0.0599
a range +85200 +85800 2057 2019 0.0547
a range +85200 +85800 2058 2018 0.0554
a range +85200 +85800 2059 9007 1105.0478
a range +85200 +85800 2060 2015 0.0433
a range +85200 +85800 2061 2014 0.0263
a range +85200 +85800 2062 2013 0.0278
a range +85200 +85800 2063 2017 0.0342
a range +85200 +85800 2064 2010 0.0436
a range +85200 +85800 9001 2012 1105.0807
a range +85200 +85800 9002 2038 1105.0762
a range +85200 +85800 9003 9006 0.0
a range +85200 +85800 9004 2045 1105.078
a range +85200 +85800 9005 2046 1105.065
a range +85200 +85800 9006 9003 0.0
a range +85200 +85800 9007 2059 1105.0478
a range +85200 +85800 9008 2039 1105.0692
a range +85200 +85800 9009 9012 0.0
a range +85200 +85800 9010 2005 1105.0665
a range +85200 +85800 9011 2006 1105.0744
a range +85200 +85800 9012 9009 0.0
a range +85800 +86400 2001 2017 0.0361
a range +85800 +86400 2002 2064 0.027
a range +85800 +86400 2003 2063 0.0514
a range +85800 +86400 2004 9010 1105.0608
a range +85800 +86400 2005 2028 0.0416
a range +85800 +86400 2006 2007 0.0178
a range +85800 +86400 2007 2006 0.0178
a range +85800 +86400 2008 2012 0.0405
a range +85800 +86400 2009 2062 0.0547
a range +85800 +86400 2010 2061 0.0548
a range +85800 +86400 2011 9007 1105.0714
a range +85800 +86400 2012 2008 0.0405
a range +85800 +86400 2013 2058 0.054
a range +85800 +86400 2014 2060 0.0434
a range +85800 +86400 2015 2057 0.0524
a range +85800 +86400 2016 2055 0.0478
a range +85800 +86400 2017 2001 0.0361
a range +85800 +86400 2018 2054 0.0329
a range +85800 +86400 2019 2053 0.0314
a range +85800 +86400 2020 2056 0.0521
a range +85800 +86400 2021 2052 0.011
a range +85800 +86400 2022 2051 0.0118
a range +85800 +86400 2023 2050 0.0119
a range +85800 +86400 2024 2049 0.011
a range +85800 +86400 2025 2048 0.044
a range +85800 +86400 2026 2046 0.0426
a range +85800 +86400 2027 2044 0.0436
a range +85800 +86400 2028 2005 0.0416
a range +85800 +86400 2029 2059 0.0428
a range +85800 +86400 2030 2033 0.0532
a range +85800 +86400 2031 9002 1105.0598
a range +85800 +86400 2032 2041 0.0564
a range +85800 +86400 2033 2030 0.0532
a range +85800 +86400 2034 2043 0.0469
a range +85800 +86400 2035 2042 0.0106
a range +85800 +86400 2036 9008 1105.0706
a range +85800 +86400 2037 2047 0.0563
a range +85800 +86400 2038 9004 1105.069
a range +85800 +86400 2039 9005 1105.0692
a range +85800 +86400 2040 9011 1105.0591
a range +85800 +86400 2041 2032 0.0564
a range +85800 +86400 2042 2035 0.0106
a range +85800 +86400 2043 2034 0.0469
a range +85800 +86400 2044 2027 0.0436
a range +85800 +86400 2045 9001 1105.078
a range +85800 +86400 2046 2026 0.0426
a range +85800 +86400 2047 2037 0.0563
a range +85800 +86400 2048 2025 0.044
a range +85800 +86400 2049 2024 0.011
a range +85800 +86400 2050 2023 0.0119
a range +85800 +86400 2051 2022 0.0118
a range +85800 +86400 2052 2021 0.011
a range +85800 +86400 2053 2019 0.0314
a range +85800 +86400 2054 2018 0.0329
a range +85800 +86400 2055 2016 0.0478
a range +85800 +86400 2056 2020 0.0521
a range +85800 +86400 2057 2015 0.0524
a range +85800 +86400 2058 2013 0.054
a range +85800 +86400 2059 2029 0.0428
a range +85800 +86400 2060 2014 0.0434
a range +85800 +86400 2061 2010 0.0548
a range +85800 +86400 2062 2009 0.0547
a range +85800 +86400 2063 2003 0.0514
a range +85800 +86400 2064 2002 0.027
a range +85800 +86400 9001 2045 1105.078
a range +85800 +86400 9002 2031 1105.0598
a range +85800 +86400 9003 9009 0.0
a range +85800 +86400 9004 2038 1105.069
a range +85800 +86400 9005 2039 1105.0692
a range +85800 +86400 9006 9012 0.0
a range +85800 +86400 9007 2011 1105.0714
a range +85800 +86400 9008 2036 1105.0706
a range +85800 +86400 9009 9003 0.0
a range +85800 +86400 9010 2004 1105.0608
a range +85800 +86400 9011 2040 1105.0591
a range +85800 +86400 9012 9006 0.0
