a contact +0 +600 1001 2042 10000
a contact +0 +600 1001 2014 10000
a contact +0 +600 1002 2044 10000
a contact +0 +600 1002 2061 10000
a contact +0 +600 1003 2046 10000
a contact +0 +600 1003 2026 10000
a contact +0 +600 1004 2004 10000
a contact +0 +600 1005 2038 10000
a contact +0 +600 1006 2037 10000
a contact +0 +600 1006 2008 10000
a contact +0 +600 1007 2031 10000
a contact +0 +600 1008 2043 10000
a contact +0 +600 1009 2045 10000
a contact +0 +600 1009 2050 10000
a contact +0 +600 2004 1004 10000
a contact +0 +600 2008 1006 10000
a contact +0 +600 2014 1001 10000
a contact +0 +600 2026 1003 10000
a contact +0 +600 2031 1007 10000
a contact +0 +600 2037 1006 10000
a contact +0 +600 2038 1005 10000
a contact +0 +600 2042 1001 10000
a contact +0 +600 2043 1008 10000
a contact +0 +600 2044 1002 10000
a contact +0 +600 2045 1009 10000
a contact +0 +600 2046 1003 10000
a contact +0 +600 2050 1009 10000
a contact +0 +600 2061 1002 10000
a contact +600 +1200 1001 2023 10000
a contact +0 +1200 1002 2062 10000
a contact +0 +1200 1005 2027 10000
a contact +600 +1200 1005 2054 10000
a contact +0 +1200 1006 2060 10000
a contact +0 +1200 1007 2032 10000
a contact +600 +1200 1009 2003 10000
a contact +600 +1200 2003 1009 10000
a contact +600 +1200 2023 1001 10000
a contact +0 +1200 2027 1005 10000
a contact +0 +1200 2032 1007 10000
a contact +600 +1200 2054 1005 10000
a contact +0 +1200 2060 1006 10000
a contact +0 +1200 2062 1002 10000
a contact +1200 +1800 1002 2060 10000
a contact +0 +1800 1004 2010 10000
a contact +600 +1800 1006 2001 10000
a contact +1200 +1800 1006 2054 10000
a contact +600 +1800 1008 2004 10000
a contact +0 +1800 1008 2017 10000
a contact +0 +1800 1009 2057 10000
a contact +600 +1800 2001 1006 10000
a contact +600 +1800 2004 1008 10000
a contact +0 +1800 2010 1004 10000
a contact +0 +1800 2017 1008 10000
a contact +1200 +1800 2054 1006 10000
a contact +0 +1800 2057 1009 10000
a contact +1200 +1800 2060 1002 10000
a contact +0 +2400 1001 2034 10000
a contact +1200 +2400 1001 2002 10000
a contact +0 +2400 1003 9006 100000
a contact +600 +2400 1003 9005 100000
a contact +600 +2400 1007 2043 10000
a contact +1200 +2400 1007 2007 10000
a contact +1800 +2400 1008 2063 10000
a contact +1200 +2400 1009 2038 10000
a contact +600 +2400 1009 2047 10000
a contact +1200 +2400 2002 1001 10000
a contact +1200 +2400 2007 1007 10000
a contact +0 +2400 2034 1001 10000
a contact +1200 +2400 2038 1009 10000
a contact +600 +2400 2043 1007 10000
a contact +600 +2400 2047 1009 10000
a contact +1800 +2400 2063 1008 10000
a contact +600 +2400 9005 1003 100000
a contact +0 +2400 9006 1003 100000
a contact +600 +3000 1002 2044 10000
a contact +0 +3000 1004 2015 10000
a contact +1200 +3000 1005 9003 100000
a contact +0 +3000 1005 9004 100000
a contact +600 +3000 1006 2035 10000
a contact +1800 +3000 1009 2045 10000
a contact +2400 +3000 1009 2050 10000
a contact +2400 +3000 1009 2024 10000
a contact +0 +3000 2015 1004 10000
a contact +2400 +3000 2024 1009 10000
a contact +600 +3000 2035 1006 10000
a contact +600 +3000 2044 1002 10000
a contact +1800 +3000 2045 1009 10000
a contact +2400 +3000 2050 1009 10000
a contact +1200 +3000 9003 1005 100000
a contact +0 +3000 9004 1005 100000
a contact +2400 +3600 1003 2032 10000
a contact +600 +3600 1003 9001 100000
a contact +3000 +3600 1005 9005 100000
a contact +1800 +3600 1006 2058 10000
a contact +3000 +3600 1006 2061 10000
a contact +1800 +3600 1006 2020 10000
a contact +2400 +3600 1008 2040 10000
a contact +1800 +3600 2020 1006 10000
a contact +2400 +3600 2032 1003 10000
a contact +2400 +3600 2040 1008 10000
a contact +1800 +3600 2058 1006 10000
a contact +3000 +3600 2061 1006 10000
a contact +600 +3600 9001 1003 100000
a contact +3000 +3600 9005 1005 100000
a contact +3000 +4200 1002 2060 10000
a contact +1800 +4200 1002 2003 10000
a contact +3000 +4200 1005 2004 10000
a contact +3600 +4200 1005 9006 100000
a contact +2400 +4200 1007 2007 10000
a contact +2400 +4200 1007 2022 10000
a contact +3000 +4200 1009 2009 10000
a contact +3000 +4200 1009 9003 100000
a contact +1800 +4200 2003 1002 10000
a contact +3000 +4200 2004 1005 10000
a contact +2400 +4200 2007 1007 10000
a contact +3000 +4200 2009 1009 10000
a contact +2400 +4200 2022 1007 10000
a contact +3000 +4200 2060 1002 10000
a contact +3000 +4200 9003 1009 100000
a contact +3600 +4200 9006 1005 100000
a contact +600 +4800 1002 2037 10000
a contact +4200 +4800 1002 2061 10000
a contact +3600 +4800 1003 9002 100000
a contact +3600 +4800 1008 2057 10000
a contact +4200 +4800 1009 2040 10000
a contact +600 +4800 2037 1002 10000
a contact +4200 +4800 2040 1009 10000
a contact +3600 +4800 2057 1008 10000
a contact +4200 +4800 2061 1002 10000
a contact +3600 +4800 9002 1003 100000
a contact +600 +5400 1001 2008 10000
a contact +2400 +5400 1001 2054 10000
a contact +2400 +5400 1003 2018 10000
a contact +600 +5400 1004 2046 10000
a contact +1800 +5400 1004 2055 10000
a contact +3600 +5400 1006 2047 10000
a contact +4200 +5400 1007 2022 10000
a contact +1800 +5400 1008 2001 10000
a contact +1800 +5400 2001 1008 10000
a contact +600 +5400 2008 1001 10000
a contact +2400 +5400 2018 1003 10000
a contact +4200 +5400 2022 1007 10000
a contact +600 +5400 2046 1004 10000
a contact +3600 +5400 2047 1006 10000
a contact +2400 +5400 2054 1001 10000
a contact +1800 +5400 2055 1004 10000
a contact +4800 +6000 1002 2007 10000
a contact +4800 +6000 1002 2057 10000
a contact +4200 +6000 1002 9005 100000
a contact +4800 +6000 1003 9006 100000
a contact +5400 +6000 1003 9002 100000
a contact +3600 +6000 1006 2045 10000
a contact +5400 +6000 1006 2036 10000
a contact +5400 +6000 1007 2040 10000
a contact +4200 +6000 1007 2050 10000
a contact +4800 +6000 1009 2051 10000
a contact +4800 +6000 2007 1002 10000
a contact +5400 +6000 2036 1006 10000
a contact +5400 +6000 2040 1007 10000
a contact +3600 +6000 2045 1006 10000
a contact +4200 +6000 2050 1007 10000
a contact +4800 +6000 2051 1009 10000
a contact +4800 +6000 2057 1002 10000
a contact +5400 +6000 9002 1003 100000
a contact +4200 +6000 9005 1002 100000
a contact +4800 +6000 9006 1003 100000
a contact +6000 +6600 1006 2018 10000
a contact +6000 +6600 1007 2050 10000
a contact +6000 +6600 1007 2051 10000
a contact +5400 +6600 1008 2029 10000
a contact +3000 +6600 1009 2034 10000
a contact +6000 +6600 2018 1006 10000
a contact +5400 +6600 2029 1008 10000
a contact +3000 +6600 2034 1009 10000
a contact +6000 +6600 2050 1007 10000
a contact +6000 +6600 2051 1007 10000
a contact +5400 +7200 1001 2022 10000
a contact +5400 +7200 1001 2009 10000
a contact +6000 +7200 1002 2056 10000
a contact +6000 +7200 1002 9004 100000
a contact +6000 +7200 1003 2039 10000
a contact +3600 +7200 1003 2049 10000
a contact +4200 +7200 1005 9003 100000
a contact +1200 +7200 1005 2005 10000
a contact +0 +7200 1007 2048 10000
a contact +6600 +7200 1007 2018 10000
a contact +4800 +7200 1008 2003 10000
a contact +6600 +7200 1008 2002 10000
a contact +6600 +7200 2002 1008 10000
a contact +4800 +7200 2003 1008 10000
a contact +1200 +7200 2005 1005 10000
a contact +5400 +7200 2009 1001 10000
a contact +6600 +7200 2018 1007 10000
a contact +5400 +7200 2022 1001 10000
a contact +6000 +7200 2039 1003 10000
a contact +0 +7200 2048 1007 10000
a contact +3600 +7200 2049 1003 10000
a contact +6000 +7200 2056 1002 10000
a contact +4200 +7200 9003 1005 100000
a contact +6000 +7200 9004 1002 100000
a contact +2400 +7800 1001 2042 10000
a contact +7200 +7800 1001 2004 10000
a contact +7200 +7800 1002 9005 100000
a contact +6000 +7800 1003 2010 10000
a contact +5400 +7800 1004 2062 10000
a contact +3000 +7800 1004 2059 10000
a contact +7200 +7800 1005 9004 100000
a contact +6600 +7800 1006 2021 10000
a contact +6000 +7800 1006 2041 10000
a contact +7200 +7800 1007 2039 10000
a contact +7200 +7800 1008 2035 10000
a contact +7200 +7800 2004 1001 10000
a contact +6000 +7800 2010 1003 10000
a contact +6600 +7800 2021 1006 10000
a contact +7200 +7800 2035 1008 10000
a contact +7200 +7800 2039 1007 10000
a contact +6000 +7800 2041 1006 10000
a contact +2400 +7800 2042 1001 10000
a contact +3000 +7800 2059 1004 10000
a contact +5400 +7800 2062 1004 10000
a contact +7200 +7800 9004 1005 100000
a contact +7200 +7800 9005 1002 100000
a contact +7800 +8400 1001 2029 10000
a contact +7200 +8400 1008 2028 10000
a contact +7800 +8400 1008 2024 10000
a contact +6600 +8400 1009 2045 10000
a contact +7800 +8400 2024 1008 10000
a contact +7200 +8400 2028 1008 10000
a contact +7800 +8400 2029 1001 10000
a contact +6600 +8400 2045 1009 10000
a contact +7800 +9000 1002 9004 100000
a contact +7800 +9000 1003 2056 10000
a contact +7200 +9000 1003 2044 10000
a contact +7800 +9000 1004 2062 10000
a contact +7800 +9000 1006 2023 10000
a contact +7800 +9000 1006 2057 10000
a contact +7200 +9000 1007 2054 10000
a contact +7800 +9000 1007 2059 10000
a contact +7200 +9000 1007 2048 10000
a contact +8400 +9000 1008 2043 10000
a contact +7800 +9000 2023 1006 10000
a contact +8400 +9000 2043 1008 10000
a contact +7200 +9000 2044 1003 10000
a contact +7200 +9000 2048 1007 10000
a contact +7200 +9000 2054 1007 10000
a contact +7800 +9000 2056 1003 10000
a contact +7800 +9000 2057 1006 10000
a contact +7800 +9000 2059 1007 10000
a contact +7800 +9000 2062 1004 10000
a contact +7800 +9000 9004 1002 100000
a contact +6000 +9600 1002 9006 100000
a contact +7800 +9600 1004 2007 10000
a contact +9000 +9600 1007 2060 10000
a contact +7800 +9600 2007 1004 10000
a contact +9000 +9600 2060 1007 10000
a contact +6000 +9600 9006 1002 100000
a contact +8400 +10200 1001 2010 10000
a contact +7200 +10200 1001 2051 10000
a contact +9000 +10200 1003 2035 10000
a contact +7200 +10200 1003 2003 10000
a contact +9000 +10200 1003 2019 10000
a contact +5400 +10200 1004 2030 10000
a contact +7200 +10200 1005 2016 10000
a contact +9000 +10200 1006 2018 10000
a contact +9000 +10200 1006 2026 10000
a contact +3600 +10200 1006 2012 10000
a contact +0 +10200 1008 2006 10000
a contact +8400 +10200 1008 2015 10000
a contact +9000 +10200 1008 2002 10000
a contact +4200 +10200 1009 9001 100000
a contact +9000 +10200 2002 1008 10000
a contact +7200 +10200 2003 1003 10000
a contact +0 +10200 2006 1008 10000
a contact +8400 +10200 2010 1001 10000
a contact +3600 +10200 2012 1006 10000
a contact +8400 +10200 2015 1008 10000
a contact +7200 +10200 2016 1005 10000
a contact +9000 +10200 2018 1006 10000
a contact +9000 +10200 2019 1003 10000
a contact +9000 +10200 2026 1006 10000
a contact +5400 +10200 2030 1004 10000
a contact +9000 +10200 2035 1003 10000
a contact +7200 +10200 2051 1001 10000
a contact +4200 +10200 9001 1009 100000
a contact +7200 +10800 1002 9002 100000
a contact +9000 +10800 1002 9005 100000
a contact +9000 +10800 1004 9004 100000
a contact +7800 +10800 1005 2001 10000
a contact +9000 +10800 1007 2028 10000
a contact +9000 +10800 1007 2034 10000
a contact +10200 +10800 1008 2009 10000
a contact +7800 +10800 2001 1005 10000
a contact +10200 +10800 2009 1008 10000
a contact +9000 +10800 2028 1007 10000
a contact +9000 +10800 2034 1007 10000
a contact +7200 +10800 9002 1002 100000
a contact +9000 +10800 9004 1004 100000
a contact +9000 +10800 9005 1002 100000
a contact +10200 +11400 1001 2027 10000
a contact +10800 +11400 1002 9004 100000
a contact +10200 +11400 1003 2011 10000
a contact +10200 +11400 1003 2012 10000
a contact +9600 +11400 1004 2032 10000
a contact +10200 +11400 1004 2051 10000
a contact +10200 +11400 1006 2010 10000
a contact +10800 +11400 1007 2004 10000
a contact +10200 +11400 1008 2020 10000
a contact +8400 +11400 1009 2033 10000
a contact +10800 +11400 2004 1007 10000
a contact +10200 +11400 2010 1006 10000
a contact +10200 +11400 2011 1003 10000
a contact +10200 +11400 2012 1003 10000
a contact +10200 +11400 2020 1008 10000
a contact +10200 +11400 2027 1001 10000
a contact +9600 +11400 2032 1004 10000
a contact +8400 +11400 2033 1009 10000
a contact +10200 +11400 2051 1004 10000
a contact +10800 +11400 9004 1002 100000
a contact +7800 +12000 1001 2042 10000
a contact +11400 +12000 1001 2047 10000
a contact +11400 +12000 1004 2064 10000
a contact +11400 +12000 1004 9006 100000
a contact +10800 +12000 1005 2029 10000
a contact +11400 +12000 1007 2002 10000
a contact +10800 +12000 1008 9005 100000
a contact +10200 +12000 1008 2021 10000
a contact +11400 +12000 2002 1007 10000
a contact +10200 +12000 2021 1008 10000
a contact +10800 +12000 2029 1005 10000
a contact +7800 +12000 2042 1001 10000
a contact +11400 +12000 2047 1001 10000
a contact +11400 +12000 2064 1004 10000
a contact +10800 +12000 9005 1008 100000
a contact +11400 +12000 9006 1004 100000
a contact +10200 +12600 1001 2059 10000
a contact +11400 +12600 1003 2045 10000
a contact +11400 +12600 1003 2026 10000
a contact +12000 +12600 1004 2016 10000
a contact +4200 +12600 1005 2031 10000
a contact +12000 +12600 1005 2054 10000
a contact +12000 +12600 1008 2004 10000
a contact +12000 +12600 2004 1008 10000
a contact +12000 +12600 2016 1004 10000
a contact +11400 +12600 2026 1003 10000
a contact +4200 +12600 2031 1005 10000
a contact +11400 +12600 2045 1003 10000
a contact +12000 +12600 2054 1005 10000
a contact +10200 +12600 2059 1001 10000
a contact +12000 +13200 1001 2007 10000
a contact +9600 +13200 1002 2014 10000
a contact +12600 +13200 1003 2018 10000
a contact +12600 +13200 1005 2062 10000
a contact +11400 +13200 1006 2020 10000
a contact +9600 +13200 1007 2008 10000
a contact +10800 +13200 1007 2017 10000
a contact +12000 +13200 1008 2041 10000
a contact +11400 +13200 1008 9003 100000
a contact +12000 +13200 2007 1001 10000
a contact +9600 +13200 2008 1007 10000
a contact +9600 +13200 2014 1002 10000
a contact +10800 +13200 2017 1007 10000
a contact +12600 +13200 2018 1003 10000
a contact +11400 +13200 2020 1006 10000
a contact +12000 +13200 2041 1008 10000
a contact +12600 +13200 2062 1005 10000
a contact +11400 +13200 9003 1008 100000
a contact +13200 +13800 1001 2004 10000
a contact +12000 +13800 1001 2011 10000
a contact +12000 +13800 1004 2063 10000
a contact +13200 +13800 1006 2010 10000
a contact +12000 +13800 1007 2043 10000
a contact +13200 +13800 1008 9001 100000
a contact +13200 +13800 1008 2048 10000
a contact +12600 +13800 1008 2028 10000
a contact +11400 +13800 1009 2038 10000
a contact +13200 +13800 2004 1001 10000
a contact +13200 +13800 2010 1006 10000
a contact +12000 +13800 2011 1001 10000
a contact +12600 +13800 2028 1008 10000
a contact +11400 +13800 2038 1009 10000
a contact +12000 +13800 2043 1007 10000
a contact +13200 +13800 2048 1008 10000
a contact +12000 +13800 2063 1004 10000
a contact +13200 +13800 9001 1008 100000
a contact +13800 +14400 1001 2053 10000
a contact +13200 +14400 1002 9006 100000
a contact +13200 +14400 1003 2015 10000
a contact +13800 +14400 1004 2043 10000
a contact +13800 +14400 1006 2032 10000
a contact +6000 +14400 1009 2037 10000
a contact +13200 +14400 2015 1003 10000
a contact +13800 +14400 2032 1006 10000
a contact +6000 +14400 2037 1009 10000
a contact +13800 +14400 2043 1004 10000
a contact +13800 +14400 2053 1001 10000
a contact +13200 +14400 9006 1002 100000
a contact +14400 +15000 1001 9006 100000
a contact +11400 +15000 1002 2001 10000
a contact +12600 +15000 1003 2050 10000
a contact +10800 +15000 1004 9002 100000
a contact +14400 +15000 1006 2061 10000
a contact +13800 +15000 1008 2023 10000
a contact +13800 +15000 1008 2017 10000
a contact +11400 +15000 2001 1002 10000
a contact +13800 +15000 2017 1008 10000
a contact +13800 +15000 2023 1008 10000
a contact +12600 +15000 2050 1003 10000
a contact +14400 +15000 2061 1006 10000
a contact +10800 +15000 9002 1004 100000
a contact +14400 +15000 9006 1001 100000
a contact +12600 +15600 1001 2054 10000
a contact +13800 +15600 1001 9004 100000
a contact +15000 +15600 1001 9002 100000
a contact +15000 +15600 1004 2050 10000
a contact +13200 +15600 1007 2045 10000
a contact +13800 +15600 1008 9001 100000
a contact +14400 +15600 1009 2060 10000
a contact +13200 +15600 2045 1007 10000
a contact +15000 +15600 2050 1004 10000
a contact +12600 +15600 2054 1001 10000
a contact +14400 +15600 2060 1009 10000
a contact +13800 +15600 9001 1008 100000
a contact +15000 +15600 9002 1001 100000
a contact +13800 +15600 9004 1001 100000
a contact +15600 +16200 1001 9006 100000
a contact +14400 +16200 1003 2064 10000
a contact +10200 +16200 1003 2046 10000
a contact +14400 +16200 1004 2016 10000
a contact +15000 +16200 1006 2002 10000
a contact +13800 +16200 1007 2029 10000
a contact +15000 +16200 1008 2063 10000
a contact +15000 +16200 2002 1006 10000
a contact +14400 +16200 2016 1004 10000
a contact +13800 +16200 2029 1007 10000
a contact +10200 +16200 2046 1003 10000
a contact +15000 +16200 2063 1008 10000
a contact +14400 +16200 2064 1003 10000
a contact +15600 +16200 9006 1001 100000
a contact +16200 +16800 1001 2053 10000
a contact +15000 +16800 1003 2035 10000
a contact +16200 +16800 1004 2030 10000
a contact +13200 +16800 1005 2047 10000
a contact +13800 +16800 1009 2020 10000
a contact +13800 +16800 2020 1009 10000
a contact +16200 +16800 2030 1004 10000
a contact +15000 +16800 2035 1003 10000
a contact +13200 +16800 2047 1005 10000
a contact +16200 +16800 2053 1001 10000
a contact +15600 +17400 1001 2060 10000
a contact +16800 +17400 1001 2006 10000
a contact +16800 +17400 1004 2008 10000
a contact +12600 +17400 1005 2033 10000
a contact +10200 +17400 1006 2003 10000
a contact +15600 +17400 1007 2021 10000
a contact +16200 +17400 1007 2012 10000
a contact +15000 +17400 1008 2048 10000
a contact +15600 +17400 1008 9005 100000
a contact +10200 +17400 2003 1006 10000
a contact +16800 +17400 2006 1001 10000
a contact +16800 +17400 2008 1004 10000
a contact +16200 +17400 2012 1007 10000
a contact +15600 +17400 2021 1007 10000
a contact +12600 +17400 2033 1005 10000
a contact +15000 +17400 2048 1008 10000
a contact +15600 +17400 2060 1001 10000
a contact +15600 +17400 9005 1008 100000
a contact +17400 +18000 1001 2029 10000
a contact +16800 +18000 1003 2018 10000
a contact +17400 +18000 1004 2030 10000
a contact +17400 +18000 1006 9003 100000
a contact +17400 +18000 1007 2053 10000
a contact +13200 +18000 1007 2058 10000
a contact +17400 +18000 1008 2039 10000
a contact +16200 +18000 1008 9002 100000
a contact +16800 +18000 1009 2049 10000
a contact +15600 +18000 1009 2027 10000
a contact +16800 +18000 2018 1003 10000
a contact +15600 +18000 2027 1009 10000
a contact +17400 +18000 2029 1001 10000
a contact +17400 +18000 2030 1004 10000
a contact +17400 +18000 2039 1008 10000
a contact +16800 +18000 2049 1009 10000
a contact +17400 +18000 2053 1007 10000
a contact +13200 +18000 2058 1007 10000
a contact +16200 +18000 9002 1008 100000
a contact +17400 +18000 9003 1006 100000
a contact +18000 +18600 1001 9003 100000
a contact +17400 +18600 1001 2005 10000
a contact +18000 +18600 1003 2032 10000
a contact +18000 +18600 1004 2043 10000
a contact +17400 +18600 1007 2004 10000
a contact +18000 +18600 1009 2060 10000
a contact +17400 +18600 2004 1007 10000
a contact +17400 +18600 2005 1001 10000
a contact +18000 +18600 2032 1003 10000
a contact +18000 +18600 2043 1004 10000
a contact +18000 +18600 2060 1009 10000
a contact +18000 +18600 9003 1001 100000
a contact +18600 +19200 1004 2006 10000
a contact +15600 +19200 1004 2045 10000
a contact +18000 +19200 1008 2048 10000
a contact +17400 +19200 1008 2007 10000
a contact +18600 +19200 2006 1004 10000
a contact +17400 +19200 2007 1008 10000
a contact +15600 +19200 2045 1004 10000
a contact +18000 +19200 2048 1008 10000
a contact +18600 +19800 1001 2002 10000
a contact +15000 +19800 1002 2031 10000
a contact +18000 +19800 1007 2037 10000
a contact +18600 +19800 1007 2054 10000
a contact +18600 +19800 2002 1001 10000
a contact +15000 +19800 2031 1002 10000
a contact +18000 +19800 2037 1007 10000
a contact +18600 +19800 2054 1007 10000
a contact +19800 +20400 1001 9001 100000
a contact +18600 +20400 1001 2018 10000
a contact +10800 +20400 1002 2056 10000
a contact +14400 +20400 1002 2015 10000
a contact +18600 +20400 1003 2051 10000
a contact +16200 +20400 1003 2038 10000
a contact +16200 +20400 1003 2023 10000
a contact +16800 +20400 1005 2001 10000
a contact +18000 +20400 1006 9002 100000
a contact +16200 +20400 1006 2009 10000
a contact +10200 +20400 1006 2040 10000
a contact +18000 +20400 1007 9005 100000
a contact +19800 +20400 1007 9003 100000
a contact +19200 +20400 1008 2057 10000
a contact +18600 +20400 1009 2033 10000
a contact +16800 +20400 2001 1005 10000
a contact +16200 +20400 2009 1006 10000
a contact +14400 +20400 2015 1002 10000
a contact +18600 +20400 2018 1001 10000
a contact +16200 +20400 2023 1003 10000
a contact +18600 +20400 2033 1009 10000
a contact +16200 +20400 2038 1003 10000
a contact +10200 +20400 2040 1006 10000
a contact +18600 +20400 2051 1003 10000
a contact +10800 +20400 2056 1002 10000
a contact +19200 +20400 2057 1008 10000
a contact +19800 +20400 9001 1001 100000
a contact +18000 +20400 9002 1006 100000
a contact +19800 +20400 9003 1007 100000
a contact +18000 +20400 9005 1007 100000
a contact +19800 +21000 1002 2007 10000
a contact +20400 +21000 1003 9005 100000
a contact +20400 +21000 1007 2004 10000
a contact +19800 +21000 1007 2035 10000
a contact +20400 +21000 1007 9004 100000
a contact +19200 +21000 1008 2011 10000
a contact +20400 +21000 1009 2020 10000
a contact +20400 +21000 2004 1007 10000
a contact +19800 +21000 2007 1002 10000
a contact +19200 +21000 2011 1008 10000
a contact +20400 +21000 2020 1009 10000
a contact +19800 +21000 2035 1007 10000
a contact +20400 +21000 9004 1007 100000
a contact +20400 +21000 9005 1003 100000
a contact +20400 +21600 1002 2054 10000
a contact +20400 +21600 1003 2045 10000
a contact +20400 +21600 1003 9003 100000
a contact +19200 +21600 1004 2049 10000
a contact +20400 +21600 1005 2044 10000
a contact +20400 +21600 1006 2002 10000
a contact +20400 +21600 1006 2018 10000
a contact +21000 +21600 1007 2003 10000
a contact +20400 +21600 1008 2026 10000
a contact +21000 +21600 1009 2008 10000
a contact +20400 +21600 2002 1006 10000
a contact +21000 +21600 2003 1007 10000
a contact +21000 +21600 2008 1009 10000
a contact +20400 +21600 2018 1006 10000
a contact +20400 +21600 2026 1008 10000
a contact +20400 +21600 2044 1005 10000
a contact +20400 +21600 2045 1003 10000
a contact +19200 +21600 2049 1004 10000
a contact +20400 +21600 2054 1002 10000
a contact +20400 +21600 9003 1003 100000
a contact +15600 +22200 1001 2052 10000
a contact +21000 +22200 1003 2017 10000
a contact +21600 +22200 1006 2043 10000
a contact +18000 +22200 1008 2061 10000
a contact +18000 +22200 1009 2039 10000
a contact +21000 +22200 2017 1003 10000
a contact +18000 +22200 2039 1009 10000
a contact +21600 +22200 2043 1006 10000
a contact +15600 +22200 2052 1001 10000
a contact +18000 +22200 2061 1008 10000
a contact +22200 +22800 1003 9003 100000
a contact +21600 +22800 1008 2008 10000
a contact +21600 +22800 1009 2038 10000
a contact +21600 +22800 2008 1008 10000
a contact +21600 +22800 2038 1009 10000
a contact +22200 +22800 9003 1003 100000
a contact +22200 +23400 1001 2057 10000
a contact +20400 +23400 1001 2032 10000
a contact +21600 +23400 1002 2049 10000
a contact +21600 +23400 1003 2007 10000
a contact +21600 +23400 1004 2059 10000
a contact +22800 +23400 1008 2011 10000
a contact +21600 +23400 2007 1003 10000
a contact +22800 +23400 2011 1008 10000
a contact +20400 +23400 2032 1001 10000
a contact +21600 +23400 2049 1002 10000
a contact +22200 +23400 2057 1001 10000
a contact +21600 +23400 2059 1004 10000
a contact +22800 +24000 1003 2016 10000
a contact +21600 +24000 1003 9002 100000
a contact +17400 +24000 1005 2021 10000
a contact +21600 +24000 1005 2015 10000
a contact +21600 +24000 1006 9004 100000
a contact +21600 +24000 1007 9006 100000
a contact +21000 +24000 1008 2060 10000
a contact +22200 +24000 1008 2006 10000
a contact +22800 +24000 1009 2037 10000
a contact +22200 +24000 2006 1008 10000
a contact +21600 +24000 2015 1005 10000
a contact +22800 +24000 2016 1003 10000
a contact +17400 +24000 2021 1005 10000
a contact +22800 +24000 2037 1009 10000
a contact +21000 +24000 2060 1008 10000
a contact +21600 +24000 9002 1003 100000
a contact +21600 +24000 9004 1006 100000
a contact +21600 +24000 9006 1007 100000
a contact +23400 +24600 1002 2038 10000
a contact +20400 +24600 1002 2046 10000
a contact +23400 +24600 1003 2002 10000
a contact +24000 +24600 1003 9004 100000
a contact +10200 +24600 1005 2036 10000
a contact +20400 +24600 1006 2031 10000
a contact +21000 +24600 1007 9005 100000
a contact +24000 +24600 1008 2058 10000
a contact +24000 +24600 1009 2050 10000
a contact +23400 +24600 2002 1003 10000
a contact +20400 +24600 2031 1006 10000
a contact +10200 +24600 2036 1005 10000
a contact +23400 +24600 2038 1002 10000
a contact +20400 +24600 2046 1002 10000
a contact +24000 +24600 2050 1009 10000
a contact +24000 +24600 2058 1008 10000
a contact +24000 +24600 9004 1003 100000
a contact +21000 +24600 9005 1007 100000
a contact +23400 +25200 1001 2062 10000
a contact +23400 +25200 1001 2045 10000
a contact +24600 +25200 1002 2023 10000
a contact +21000 +25200 1002 2053 10000
a contact +24600 +25200 1003 2041 10000
a contact +24600 +25200 1003 9003 100000
a contact +12600 +25200 1004 2013 10000
a contact +23400 +25200 1004 2020 10000
a contact +24600 +25200 1005 2037 10000
a contact +24600 +25200 1007 9006 100000
a contact +24000 +25200 1008 2014 10000
a contact +10200 +25200 1009 2019 10000
a contact +22200 +25200 1009 2063 10000
a contact +12600 +25200 2013 1004 10000
a contact +24000 +25200 2014 1008 10000
a contact +10200 +25200 2019 1009 10000
a contact +23400 +25200 2020 1004 10000
a contact +24600 +25200 2023 1002 10000
a contact +24600 +25200 2037 1005 10000
a contact +24600 +25200 2041 1003 10000
a contact +23400 +25200 2045 1001 10000
a contact +21000 +25200 2053 1002 10000
a contact +23400 +25200 2062 1001 10000
a contact +22200 +25200 2063 1009 10000
a contact +24600 +25200 9003 1003 100000
a contact +24600 +25200 9006 1007 100000
a contact +25200 +25800 1004 2029 10000
a contact +24600 +25800 1006 2002 10000
a contact +24000 +25800 1007 9002 100000
a contact +24600 +25800 1008 2006 10000
a contact +25200 +25800 1009 2023 10000
a contact +24600 +25800 2002 1006 10000
a contact +24600 +25800 2006 1008 10000
a contact +25200 +25800 2023 1009 10000
a contact +25200 +25800 2029 1004 10000
a contact +24000 +25800 9002 1007 100000
a contact +24600 +26400 1002 2051 10000
a contact +25200 +26400 1003 2005 10000
a contact +25200 +26400 1003 2052 10000
a contact +24000 +26400 1005 2021 10000
a contact +25200 +26400 1005 2030 10000
a contact +24000 +26400 1006 2025 10000
a contact +22200 +26400 1006 2033 10000
a contact +25800 +26400 1008 2026 10000
a contact +25200 +26400 1008 2012 10000
a contact +25200 +26400 1009 2063 10000
a contact +24600 +26400 1009 2027 10000
a contact +25200 +26400 2005 1003 10000
a contact +25200 +26400 2012 1008 10000
a contact +24000 +26400 2021 1005 10000
a contact +24000 +26400 2025 1006 10000
a contact +25800 +26400 2026 1008 10000
a contact +24600 +26400 2027 1009 10000
a contact +25200 +26400 2030 1005 10000
a contact +22200 +26400 2033 1006 10000
a contact +24600 +26400 2051 1002 10000
a contact +25200 +26400 2052 1003 10000
a contact +25200 +26400 2063 1009 10000
a contact +25200 +27000 1001 2024 10000
a contact +25200 +27000 1002 2018 10000
a contact +26400 +27000 1003 2038 10000
a contact +26400 +27000 1005 2061 10000
a contact +25800 +27000 1006 2010 10000
a contact +26400 +27000 1006 2053 10000
a contact +26400 +27000 1008 2029 10000
a contact +25800 +27000 1009 2017 10000
a contact +25800 +27000 2010 1006 10000
a contact +25800 +27000 2017 1009 10000
a contact +25200 +27000 2018 1002 10000
a contact +25200 +27000 2024 1001 10000
a contact +26400 +27000 2029 1008 10000
a contact +26400 +27000 2038 1003 10000
a contact +26400 +27000 2053 1006 10000
a contact +26400 +27000 2061 1005 10000
a contact +20400 +27600 1001 2009 10000
a contact +27000 +27600 1001 2054 10000
a contact +26400 +27600 1002 2052 10000
a contact +25200 +27600 1002 2056 10000
a contact +26400 +27600 1006 2049 10000
a contact +21000 +27600 1007 2022 10000
a contact +25200 +27600 1007 2041 10000
a contact +26400 +27600 1008 2032 10000
a contact +26400 +27600 1009 2042 10000
a contact +27000 +27600 1009 2013 10000
a contact +26400 +27600 1009 9003 100000
a contact +20400 +27600 2009 1001 10000
a contact +27000 +27600 2013 1009 10000
a contact +21000 +27600 2022 1007 10000
a contact +26400 +27600 2032 1008 10000
a contact +25200 +27600 2041 1007 10000
a contact +26400 +27600 2042 1009 10000
a contact +26400 +27600 2049 1006 10000
a contact +26400 +27600 2052 1002 10000
a contact +27000 +27600 2054 1001 10000
a contact +25200 +27600 2056 1002 10000
a contact +26400 +27600 9003 1009 100000
a contact +27000 +28200 1003 2046 10000
a contact +25800 +28200 1004 2062 10000
a contact +27000 +28200 1005 2002 10000
a contact +26400 +28200 1005 2014 10000
a contact +27600 +28200 1008 2029 10000
a contact +23400 +28200 1008 2059 10000
a contact +27000 +28200 2002 1005 10000
a contact +26400 +28200 2014 1005 10000
a contact +27600 +28200 2029 1008 10000
a contact +27000 +28200 2046 1003 10000
a contact +23400 +28200 2059 1008 10000
a contact +25800 +28200 2062 1004 10000
a contact +27600 +28800 1001 2032 10000
a contact +27000 +28800 1002 2047 10000
a contact +26400 +28800 1003 9004 100000
a contact +28200 +28800 1003 2043 10000
a contact +24000 +28800 1005 2039 10000
a contact +28200 +28800 1005 2029 10000
a contact +27600 +28800 1006 2003 10000
a contact +28200 +28800 1008 2038 10000
a contact +27600 +28800 1009 2054 10000
a contact +27600 +28800 2003 1006 10000
a contact +28200 +28800 2029 1005 10000
a contact +27600 +28800 2032 1001 10000
a contact +28200 +28800 2038 1008 10000
a contact +24000 +28800 2039 1005 10000
a contact +28200 +28800 2043 1003 10000
a contact +27000 +28800 2047 1002 10000
a contact +27600 +28800 2054 1009 10000
a contact +26400 +28800 9004 1003 100000
a contact +27600 +29400 1001 2024 10000
a contact +28800 +29400 1002 2009 10000
a contact +28800 +29400 1003 2032 10000
a contact +27000 +29400 1006 2017 10000
a contact +27000 +29400 1006 2018 10000
a contact +27600 +29400 1007 2022 10000
a contact +27000 +29400 1008 2064 10000
a contact +28200 +29400 1008 2002 10000
a contact +27600 +29400 1009 2049 10000
a contact +28200 +29400 2002 1008 10000
a contact +28800 +29400 2009 1002 10000
a contact +27000 +29400 2017 1006 10000
a contact +27000 +29400 2018 1006 10000
a contact +27600 +29400 2022 1007 10000
a contact +27600 +29400 2024 1001 10000
a contact +28800 +29400 2032 1003 10000
a contact +27600 +29400 2049 1009 10000
a contact +27000 +29400 2064 1008 10000
a contact +25200 +30000 1001 2028 10000
a contact +27600 +30000 1002 9001 100000
a contact +28200 +30000 1004 2031 10000
a contact +25200 +30000 1004 2035 10000
a contact +28800 +30000 1005 2011 10000
a contact +28800 +30000 1005 2030 10000
a contact +28200 +30000 1005 2004 10000
a contact +29400 +30000 1006 2009 10000
a contact +27600 +30000 1007 2058 10000
a contact +25800 +30000 1007 2034 10000
a contact +29400 +30000 1008 2008 10000
a contact +27600 +30000 1009 9002 100000
a contact +28200 +30000 2004 1005 10000
a contact +29400 +30000 2008 1008 10000
a contact +29400 +30000 2009 1006 10000
a contact +28800 +30000 2011 1005 10000
a contact +25200 +30000 2028 1001 10000
a contact +28800 +30000 2030 1005 10000
a contact +28200 +30000 2031 1004 10000
a contact +25800 +30000 2034 1007 10000
a contact +25200 +30000 2035 1004 10000
a contact +27600 +30000 2058 1007 10000
a contact +27600 +30000 9001 1002 100000
a contact +27600 +30000 9002 1009 100000
a contact +28800 +30600 1001 2025 10000
a contact +30000 +30600 1001 2058 10000
a contact +28800 +30600 1006 2026 10000
a contact +30000 +30600 1008 2050 10000
a contact +28800 +30600 1008 2023 10000
a contact +28800 +30600 2023 1008 10000
a contact +28800 +30600 2025 1001 10000
a contact +28800 +30600 2026 1006 10000
a contact +30000 +30600 2050 1008 10000
a contact +30000 +30600 2058 1001 10000
a contact +30600 +31200 1006 2037 10000
a contact +30600 +31200 1008 2045 10000
a contact +30600 +31200 2037 1006 10000
a contact +30600 +31200 2045 1008 10000
a contact +30000 +31800 1002 2051 10000
a contact +30000 +31800 1009 2054 10000
a contact +28800 +31800 1009 9006 100000
a contact +30000 +31800 2051 1002 10000
a contact +30000 +31800 2054 1009 10000
a contact +28800 +31800 9006 1009 100000
a contact +30600 +32400 1001 2052 10000
a contact +29400 +32400 1001 2027 10000
a contact +30600 +32400 1001 2025 10000
a contact +27600 +32400 1002 2055 10000
a contact +30000 +32400 1005 2062 10000
a contact +31200 +32400 1006 2050 10000
a contact +29400 +32400 1006 2044 10000
a contact +30000 +32400 1006 2046 10000
a contact +29400 +32400 1007 2041 10000
a contact +31200 +32400 1008 2014 10000
a contact +30600 +32400 1008 2024 10000
a contact +31800 +32400 1009 2029 10000
a contact +31200 +32400 2014 1008 10000
a contact +30600 +32400 2024 1008 10000
a contact +30600 +32400 2025 1001 10000
a contact +29400 +32400 2027 1001 10000
a contact +31800 +32400 2029 1009 10000
a contact +29400 +32400 2041 1007 10000
a contact +29400 +32400 2044 1006 10000
a contact +30000 +32400 2046 1006 10000
a contact +31200 +32400 2050 1006 10000
a contact +30600 +32400 2052 1001 10000
a contact +27600 +32400 2055 1002 10000
a contact +30000 +32400 2062 1005 10000
a contact +32400 +33000 1001 2052 10000
a contact +32400 +33000 1001 2010 10000
a contact +24000 +33000 1003 2015 10000
a contact +29400 +33000 1003 2043 10000
a contact +19200 +33000 1004 2048 10000
a contact +32400 +33000 1006 2006 10000
a contact +32400 +33000 1006 9005 100000
a contact +30000 +33000 1007 2028 10000
a contact +30000 +33000 1007 2057 10000
a contact +32400 +33000 1008 2037 10000
a contact +29400 +33000 1009 2022 10000
a contact +32400 +33000 2006 1006 10000
a contact +32400 +33000 2010 1001 10000
a contact +24000 +33000 2015 1003 10000
a contact +29400 +33000 2022 1009 10000
a contact +30000 +33000 2028 1007 10000
a contact +32400 +33000 2037 1008 10000
a contact +29400 +33000 2043 1003 10000
a contact +19200 +33000 2048 1004 10000
a contact +32400 +33000 2052 1001 10000
a contact +30000 +33000 2057 1007 10000
a contact +32400 +33000 9005 1006 100000
a contact +32400 +33600 1001 2032 10000
a contact +32400 +33600 1002 2049 10000
a contact +30000 +33600 1004 2042 10000
a contact +33000 +33600 1007 2051 10000
a contact +29400 +33600 1008 2060 10000
a contact +32400 +33600 2032 1001 10000
a contact +30000 +33600 2042 1004 10000
a contact +32400 +33600 2049 1002 10000
a contact +33000 +33600 2051 1007 10000
a contact +29400 +33600 2060 1008 10000
a contact +33000 +34200 1001 2004 10000
a contact +33000 +34200 1001 2038 10000
a contact +33600 +34200 1002 2006 10000
a contact +29400 +34200 1002 2017 10000
a contact +33000 +34200 1003 2016 10000
a contact +30000 +34200 1005 2063 10000
a contact +33000 +34200 1006 2058 10000
a contact +33000 +34200 1007 2041 10000
a contact +33600 +34200 1008 2050 10000
a contact +33000 +34200 1008 2057 10000
a contact +31800 +34200 1009 2012 10000
a contact +33000 +34200 2004 1001 10000
a contact +33600 +34200 2006 1002 10000
a contact +31800 +34200 2012 1009 10000
a contact +33000 +34200 2016 1003 10000
a contact +29400 +34200 2017 1002 10000
a contact +33000 +34200 2038 1001 10000
a contact +33000 +34200 2041 1007 10000
a contact +33600 +34200 2050 1008 10000
a contact +33000 +34200 2057 1008 10000
a contact +33000 +34200 2058 1006 10000
a contact +30000 +34200 2063 1005 10000
a contact +34200 +34800 1002 2022 10000
a contact +31800 +34800 1002 9001 100000
a contact +34200 +34800 1002 2006 10000
a contact +33000 +34800 1003 2018 10000
a contact +33000 +34800 1004 2033 10000
a contact +33600 +34800 1004 2055 10000
a contact +30000 +34800 1005 2030 10000
a contact +34200 +34800 1005 2062 10000
a contact +32400 +34800 1006 9003 100000
a contact +32400 +34800 1008 2013 10000
a contact +34200 +34800 2006 1002 10000
a contact +32400 +34800 2013 1008 10000
a contact +33000 +34800 2018 1003 10000
a contact +34200 +34800 2022 1002 10000
a contact +30000 +34800 2030 1005 10000
a contact +33000 +34800 2033 1004 10000
a contact +33600 +34800 2055 1004 10000
a contact +34200 +34800 2062 1005 10000
a contact +31800 +34800 9001 1002 100000
a contact +32400 +34800 9003 1006 100000
a contact +34800 +35400 1002 2046 10000
a contact +34800 +35400 1003 2048 10000
a contact +34200 +35400 1003 2040 10000
a contact +30000 +35400 1004 2001 10000
a contact +34800 +35400 1005 2004 10000
a contact +34800 +35400 1006 9001 100000
a contact +33600 +35400 1007 2008 10000
a contact +34200 +35400 1008 2003 10000
a contact +32400 +35400 1009 2024 10000
a contact +30000 +35400 2001 1004 10000
a contact +34200 +35400 2003 1008 10000
a contact +34800 +35400 2004 1005 10000
a contact +33600 +35400 2008 1007 10000
a contact +32400 +35400 2024 1009 10000
a contact +34200 +35400 2040 1003 10000
a contact +34800 +35400 2046 1002 10000
a contact +34800 +35400 2048 1003 10000
a contact +34800 +35400 9001 1006 100000
a contact +34800 +36000 1002 2052 10000
a contact +34800 +36000 1002 9004 100000
a contact +35400 +36000 1003 2006 10000
a contact +34800 +36000 1004 2032 10000
a contact +35400 +36000 1005 2019 10000
a contact +34800 +36000 1005 2033 10000
a contact +34200 +36000 1007 2058 10000
a contact +32400 +36000 1007 2027 10000
a contact +34800 +36000 1008 9003 100000
a contact +35400 +36000 2006 1003 10000
a contact +35400 +36000 2019 1005 10000
a contact +32400 +36000 2027 1007 10000
a contact +34800 +36000 2032 1004 10000
a contact +34800 +36000 2033 1005 10000
a contact +34800 +36000 2052 1002 10000
a contact +34200 +36000 2058 1007 10000
a contact +34800 +36000 9003 1008 100000
a contact +34800 +36000 9004 1002 100000
a contact +33600 +36600 1001 2064 10000
a contact +34200 +36600 1001 2025 10000
a contact +34200 +36600 1001 2050 10000
a contact +36000 +36600 1004 2004 10000
a contact +32400 +36600 1005 2014 10000
a contact +34200 +36600 1006 2042 10000
a contact +35400 +36600 1006 2048 10000
a contact +35400 +36600 1007 2030 10000
a contact +36000 +36600 1007 2060 10000
a contact +34200 +36600 1008 9005 100000
a contact +35400 +36600 1008 2037 10000
a contact +33000 +36600 1009 2045 10000
a contact +36000 +36600 2004 1004 10000
a contact +32400 +36600 2014 1005 10000
a contact +34200 +36600 2025 1001 10000
a contact +35400 +36600 2030 1007 10000
a contact +35400 +36600 2037 1008 10000
a contact +34200 +36600 2042 1006 10000
a contact +33000 +36600 2045 1009 10000
a contact +35400 +36600 2048 1006 10000
a contact +34200 +36600 2050 1001 10000
a contact +36000 +36600 2060 1007 10000
a contact +33600 +36600 2064 1001 10000
a contact +34200 +36600 9005 1008 100000
a contact +36600 +37200 1001 2040 10000
a contact +35400 +37200 1003 2010 10000
a contact +34800 +37200 1004 2062 10000
a contact +36000 +37200 1005 2029 10000
a contact +36000 +37200 1005 2044 10000
a contact +36600 +37200 1005 2051 10000
a contact +33000 +37200 1006 2036 10000
a contact +36600 +37200 1008 2061 10000
a contact +36600 +37200 1009 2037 10000
a contact +35400 +37200 2010 1003 10000
a contact +36000 +37200 2029 1005 10000
a contact +33000 +37200 2036 1006 10000
a contact +36600 +37200 2037 1009 10000
a contact +36600 +37200 2040 1001 10000
a contact +36000 +37200 2044 1005 10000
a contact +36600 +37200 2051 1005 10000
a contact +36600 +37200 2061 1008 10000
a contact +34800 +37200 2062 1004 10000
a contact +37200 +37800 1001 9001 100000
a contact +36000 +37800 1002 2018 10000
a contact +28800 +37800 1003 2053 10000
a contact +36000 +37800 1007 2054 10000
a contact +36600 +37800 1007 2058 10000
a contact +36000 +37800 1008 2027 10000
a contact +35400 +37800 1009 2015 10000
a contact +35400 +37800 2015 1009 10000
a contact +36000 +37800 2018 1002 10000
a contact +36000 +37800 2027 1008 10000
a contact +28800 +37800 2053 1003 10000
a contact +36000 +37800 2054 1007 10000
a contact +36600 +37800 2058 1007 10000
a contact +37200 +37800 9001 1001 100000
a contact +36600 +38400 1001 2041 10000
a contact +36600 +38400 1001 2047 10000
a contact +37800 +38400 1001 2032 10000
a contact +36000 +38400 1002 2033 10000
a contact +37800 +38400 1003 2058 10000
a contact +37200 +38400 1005 2056 10000
a contact +37200 +38400 1008 2001 10000
a contact +34200 +38400 1009 2031 10000
a contact +37800 +38400 1009 2055 10000
a contact +37200 +38400 2001 1008 10000
a contact +34200 +38400 2031 1009 10000
a contact +37800 +38400 2032 1001 10000
a contact +36000 +38400 2033 1002 10000
a contact +36600 +38400 2041 1001 10000
a contact +36600 +38400 2047 1001 10000
a contact +37800 +38400 2055 1009 10000
a contact +37200 +38400 2056 1005 10000
a contact +37800 +38400 2058 1003 10000
a contact +36600 +39000 1006 2013 10000
a contact +36600 +39000 2013 1006 10000
a contact +38400 +39600 1001 9006 100000
a contact +38400 +39600 1001 2008 10000
a contact +38400 +39600 1001 9002 100000
a contact +37800 +39600 1002 2015 10000
a contact +37200 +39600 1003 2026 10000
a contact +38400 +39600 1003 2060 10000
a contact +36000 +39600 1003 2052 10000
a contact +36600 +39600 1004 2045 10000
a contact +38400 +39600 1005 2009 10000
a contact +37200 +39600 1005 2050 10000
a contact +36600 +39600 1006 9003 100000
a contact +37200 +39600 1006 2046 10000
a contact +37800 +39600 1007 2042 10000
a contact +37800 +39600 1007 2006 10000
a contact +37800 +39600 1008 2053 10000
a contact +37200 +39600 1009 2010 10000
a contact +37800 +39600 2006 1007 10000
a contact +38400 +39600 2008 1001 10000
a contact +38400 +39600 2009 1005 10000
a contact +37200 +39600 2010 1009 10000
a contact +37800 +39600 2015 1002 10000
a contact +37200 +39600 2026 1003 10000
a contact +37800 +39600 2042 1007 10000
a contact +36600 +39600 2045 1004 10000
a contact +37200 +39600 2046 1006 10000
a contact +37200 +39600 2050 1005 10000
a contact +36000 +39600 2052 1003 10000
a contact +37800 +39600 2053 1008 10000
a contact +38400 +39600 2060 1003 10000
a contact +38400 +39600 9002 1001 100000
a contact +36600 +39600 9003 1006 100000
a contact +38400 +39600 9006 1001 100000
a contact +36600 +40200 1007 2011 10000
a contact +36600 +40200 1008 2049 10000
a contact +36600 +40200 2011 1007 10000
a contact +36600 +40200 2049 1008 10000
a contact +38400 +40800 1002 2048 10000
a contact +39600 +40800 1003 2013 10000
a contact +39000 +40800 1006 2047 10000
a contact +40200 +40800 1008 9003 100000
a contact +39600 +40800 2013 1003 10000
a contact +39000 +40800 2047 1006 10000
a contact +38400 +40800 2048 1002 10000
a contact +40200 +40800 9003 1008 100000
a contact +40800 +41400 1002 2051 10000
a contact +39600 +41400 1002 2045 10000
a contact +39600 +41400 1003 2029 10000
a contact +39600 +41400 1007 2026 10000
a contact +39600 +41400 1007 2054 10000
a contact +40800 +41400 1008 2008 10000
a contact +38400 +41400 1008 9005 100000
a contact +38400 +41400 1009 2001 10000
a contact +39600 +41400 1009 2042 10000
a contact +38400 +41400 2001 1009 10000
a contact +40800 +41400 2008 1008 10000
a contact +39600 +41400 2026 1007 10000
a contact +39600 +41400 2029 1003 10000
a contact +39600 +41400 2042 1009 10000
a contact +39600 +41400 2045 1002 10000
a contact +40800 +41400 2051 1002 10000
a contact +39600 +41400 2054 1007 10000
a contact +38400 +41400 9005 1008 100000
a contact +39600 +42000 1001 2034 10000
a contact +41400 +42000 1002 2037 10000
a contact +39600 +42000 1004 2003 10000
a contact +39600 +42000 1005 9001 100000
a contact +41400 +42000 1008 2036 10000
a contact +39600 +42000 1008 2009 10000
a contact +39600 +42000 2003 1004 10000
a contact +39600 +42000 2009 1008 10000
a contact +39600 +42000 2034 1001 10000
a contact +41400 +42000 2036 1008 10000
a contact +41400 +42000 2037 1002 10000
a contact +39600 +42000 9001 1005 100000
a contact +42000 +42600 1002 2060 10000
a contact +41400 +42600 1002 2024 10000
a contact +41400 +42600 1003 2043 10000
a contact +39600 +42600 1006 2015 10000
a contact +40200 +42600 1007 2041 10000
a contact +42000 +42600 1008 2006 10000
a contact +41400 +42600 1008 2001 10000
a contact +41400 +42600 2001 1008 10000
a contact +42000 +42600 2006 1008 10000
a contact +39600 +42600 2015 1006 10000
a contact +41400 +42600 2024 1002 10000
a contact +40200 +42600 2041 1007 10000
a contact +41400 +42600 2043 1003 10000
a contact +42000 +42600 2060 1002 10000
a contact +42000 +43200 1001 2005 10000
a contact +41400 +43200 1007 2033 10000
a contact +42000 +43200 1008 2047 10000
a contact +41400 +43200 1009 2049 10000
a contact +38400 +43200 1009 2039 10000
a contact +42000 +43200 2005 1001 10000
a contact +41400 +43200 2033 1007 10000
a contact +38400 +43200 2039 1009 10000
a contact +42000 +43200 2047 1008 10000
a contact +41400 +43200 2049 1009 10000
a contact +43200 +43800 1001 2059 10000
a contact +42000 +43800 1004 2036 10000
a contact +42600 +43800 1006 2058 10000
a contact +41400 +43800 1007 2016 10000
a contact +43200 +43800 1007 2004 10000
a contact +43200 +43800 1008 2022 10000
a contact +42600 +43800 1008 9002 100000
a contact +43200 +43800 2004 1007 10000
a contact +41400 +43800 2016 1007 10000
a contact +43200 +43800 2022 1008 10000
a contact +42000 +43800 2036 1004 10000
a contact +42600 +43800 2058 1006 10000
a contact +43200 +43800 2059 1001 10000
a contact +42600 +43800 9002 1008 100000
a contact +42600 +44400 1002 2028 10000
a contact +40800 +44400 1003 2019 10000
a contact +42600 +44400 1003 2026 10000
a contact +39600 +44400 1005 2046 10000
a contact +42600 +44400 1007 2035 10000
a contact +41400 +44400 1009 2023 10000
a contact +40800 +44400 2019 1003 10000
a contact +41400 +44400 2023 1009 10000
a contact +42600 +44400 2026 1003 10000
a contact +42600 +44400 2028 1002 10000
a contact +42600 +44400 2035 1007 10000
a contact +39600 +44400 2046 1005 10000
a contact +43800 +45000 1001 2004 10000
a contact +39600 +45000 1001 9004 100000
a contact +42600 +45000 1002 2055 10000
a contact +43800 +45000 1004 2018 10000
a contact +44400 +45000 1005 2002 10000
a contact +43800 +45000 1006 2063 10000
a contact +40800 +45000 1006 2044 10000
a contact +43800 +45000 1007 2030 10000
a contact +44400 +45000 1007 2032 10000
a contact +43800 +45000 1007 2008 10000
a contact +44400 +45000 2002 1005 10000
a contact +43800 +45000 2004 1001 10000
a contact +43800 +45000 2008 1007 10000
a contact +43800 +45000 2018 1004 10000
a contact +43800 +45000 2030 1007 10000
a contact +44400 +45000 2032 1007 10000
a contact +40800 +45000 2044 1006 10000
a contact +42600 +45000 2055 1002 10000
a contact +43800 +45000 2063 1006 10000
a contact +39600 +45000 9004 1001 100000
a contact +45000 +45600 1001 9006 100000
a contact +45000 +45600 1002 2047 10000
a contact +37200 +45600 1004 2040 10000
a contact +45000 +45600 1007 2056 10000
a contact +45000 +45600 1007 2055 10000
a contact +44400 +45600 1009 2059 10000
a contact +37200 +45600 2040 1004 10000
a contact +45000 +45600 2047 1002 10000
a contact +45000 +45600 2055 1007 10000
a contact +45000 +45600 2056 1007 10000
a contact +44400 +45600 2059 1009 10000
a contact +45000 +45600 9006 1001 100000
a contact +45000 +46200 1001 9002 100000
a contact +44400 +46200 1003 2016 10000
a contact +45000 +46200 1004 2005 10000
a contact +35400 +46200 1004 2017 10000
a contact +45000 +46200 1006 2029 10000
a contact +43800 +46200 1008 2043 10000
a contact +45000 +46200 2005 1004 10000
a contact +44400 +46200 2016 1003 10000
a contact +35400 +46200 2017 1004 10000
a contact +45000 +46200 2029 1006 10000
a contact +43800 +46200 2043 1008 10000
a contact +45000 +46200 9002 1001 100000
a contact +45600 +46800 1001 2040 10000
a contact +46200 +46800 1003 2026 10000
a contact +45600 +46800 1004 2028 10000
a contact +42000 +46800 1005 2034 10000
a contact +45000 +46800 1005 2038 10000
a contact +46200 +46800 1006 2004 10000
a contact +45600 +46800 1007 2039 10000
a contact +45600 +46800 1007 2051 10000
a contact +46200 +46800 2004 1006 10000
a contact +46200 +46800 2026 1003 10000
a contact +45600 +46800 2028 1004 10000
a contact +42000 +46800 2034 1005 10000
a contact +45000 +46800 2038 1005 10000
a contact +45600 +46800 2039 1007 10000
a contact +45600 +46800 2040 1001 10000
a contact +45600 +46800 2051 1007 10000
a contact +46800 +47400 1001 2053 10000
a contact +35400 +47400 1002 2057 10000
a contact +45600 +47400 1002 2024 10000
a contact +46800 +47400 1005 2031 10000
a contact +46800 +47400 1007 2004 10000
a contact +42600 +47400 1008 2012 10000
a contact +43200 +47400 1009 2010 10000
a contact +43200 +47400 1009 2054 10000
a contact +45600 +47400 1009 2032 10000
a contact +46800 +47400 2004 1007 10000
a contact +43200 +47400 2010 1009 10000
a contact +42600 +47400 2012 1008 10000
a contact +45600 +47400 2024 1002 10000
a contact +46800 +47400 2031 1005 10000
a contact +45600 +47400 2032 1009 10000
a contact +46800 +47400 2053 1001 10000
a contact +43200 +47400 2054 1009 10000
a contact +35400 +47400 2057 1002 10000
a contact +47400 +48000 1001 2030 10000
a contact +47400 +48000 1002 2006 10000
a contact +44400 +48000 1002 2037 10000
a contact +44400 +48000 1003 2014 10000
a contact +46200 +48000 1004 2029 10000
a contact +46200 +48000 1004 2064 10000
a contact +37200 +48000 1005 2061 10000
a contact +46800 +48000 1005 2011 10000
a contact +45000 +48000 1006 2062 10000
a contact +46800 +48000 1007 2016 10000
a contact +46200 +48000 1008 2005 10000
a contact +47400 +48000 1009 2058 10000
a contact +47400 +48000 1009 2038 10000
a contact +46200 +48000 2005 1008 10000
a contact +47400 +48000 2006 1002 10000
a contact +46800 +48000 2011 1005 10000
a contact +44400 +48000 2014 1003 10000
a contact +46800 +48000 2016 1007 10000
a contact +46200 +48000 2029 1004 10000
a contact +47400 +48000 2030 1001 10000
a contact +44400 +48000 2037 1002 10000
a contact +47400 +48000 2038 1009 10000
a contact +47400 +48000 2058 1009 10000
a contact +37200 +48000 2061 1005 10000
a contact +45000 +48000 2062 1006 10000
a contact +46200 +48000 2064 1004 10000
a contact +47400 +48600 1008 2017 10000
a contact +43800 +48600 1008 2003 10000
a contact +43800 +48600 2003 1008 10000
a contact +47400 +48600 2017 1008 10000
a contact +48000 +49200 1001 2053 10000
a contact +46800 +49200 1003 9002 100000
a contact +48000 +49200 1004 9001 100000
a contact +48000 +49200 1004 2030 10000
a contact +48000 +49200 1006 2010 10000
a contact +39600 +49200 1006 2050 10000
a contact +46800 +49200 1006 2034 10000
a contact +45000 +49200 1007 9004 100000
a contact +47400 +49200 1007 9006 100000
a contact +48000 +49200 1007 2022 10000
a contact +48000 +49200 1008 2004 10000
a contact +47400 +49200 1009 2031 10000
a contact +48000 +49200 2004 1008 10000
a contact +48000 +49200 2010 1006 10000
a contact +48000 +49200 2022 1007 10000
a contact +48000 +49200 2030 1004 10000
a contact +47400 +49200 2031 1009 10000
a contact +46800 +49200 2034 1006 10000
a contact +39600 +49200 2050 1006 10000
a contact +48000 +49200 2053 1001 10000
a contact +48000 +49200 9001 1004 100000
a contact +46800 +49200 9002 1003 100000
a contact +45000 +49200 9004 1007 100000
a contact +47400 +49200 9006 1007 100000
a contact +46200 +49800 1001 2045 10000
a contact +49200 +49800 1004 9005 100000
a contact +49200 +49800 1009 9001 100000
a contact +46200 +49800 2045 1001 10000
a contact +49200 +49800 9001 1009 100000
a contact +49200 +49800 9005 1004 100000
a contact +48000 +50400 1002 2023 10000
a contact +49200 +50400 1004 2061 10000
a contact +49800 +50400 1004 9001 100000
a contact +48000 +50400 1005 2014 10000
a contact +49200 +50400 1007 9002 100000
a contact +48600 +50400 1008 2032 10000
a contact +48000 +50400 1009 2064 10000
a contact +48000 +50400 2014 1005 10000
a contact +48000 +50400 2023 1002 10000
a contact +48600 +50400 2032 1008 10000
a contact +49200 +50400 2061 1004 10000
a contact +48000 +50400 2064 1009 10000
a contact +49800 +50400 9001 1004 100000
a contact +49200 +50400 9002 1007 100000
a contact +39600 +51000 1001 2007 10000
a contact +48000 +51000 1002 2025 10000
a contact +48000 +51000 1005 2002 10000
a contact +49200 +51000 1006 2047 10000
a contact +49200 +51000 1007 2018 10000
a contact +48000 +51000 2002 1005 10000
a contact +39600 +51000 2007 1001 10000
a contact +49200 +51000 2018 1007 10000
a contact +48000 +51000 2025 1002 10000
a contact +49200 +51000 2047 1006 10000
a contact +49800 +51600 1001 2003 10000
a contact +51000 +51600 1002 2010 10000
a contact +50400 +51600 1002 2029 10000
a contact +46800 +51600 1004 2001 10000
a contact +51000 +51600 1006 2025 10000
a contact +49200 +51600 1007 2019 10000
a contact +50400 +51600 1008 2042 10000
a contact +49200 +51600 1008 2039 10000
a contact +50400 +51600 1009 2020 10000
a contact +46800 +51600 2001 1004 10000
a contact +49800 +51600 2003 1001 10000
a contact +51000 +51600 2010 1002 10000
a contact +49200 +51600 2019 1007 10000
a contact +50400 +51600 2020 1009 10000
a contact +51000 +51600 2025 1006 10000
a contact +50400 +51600 2029 1002 10000
a contact +49200 +51600 2039 1008 10000
a contact +50400 +51600 2042 1008 10000
a contact +51600 +52200 1001 2043 10000
a contact +51000 +52200 1001 2064 10000
a contact +49200 +52200 1001 2004 10000
a contact +49200 +52200 1003 2046 10000
a contact +49200 +52200 1006 2026 10000
a contact +51600 +52200 1007 2058 10000
a contact +49800 +52200 1009 2053 10000
a contact +49200 +52200 2004 1001 10000
a contact +49200 +52200 2026 1006 10000
a contact +51600 +52200 2043 1001 10000
a contact +49200 +52200 2046 1003 10000
a contact +49800 +52200 2053 1009 10000
a contact +51600 +52200 2058 1007 10000
a contact +51000 +52200 2064 1001 10000
a contact +52200 +52800 1001 2051 10000
a contact +50400 +52800 1004 9004 100000
a contact +47400 +52800 1005 2054 10000
a contact +52200 +52800 1006 2053 10000
a contact +51600 +52800 1008 2010 10000
a contact +51600 +52800 2010 1008 10000
a contact +52200 +52800 2051 1001 10000
a contact +52200 +52800 2053 1006 10000
a contact +47400 +52800 2054 1005 10000
a contact +50400 +52800 9004 1004 100000
a contact +52800 +53400 1001 2010 10000
a contact +52200 +53400 1001 2044 10000
a contact +50400 +53400 1004 2013 10000
a contact +51000 +53400 1005 2014 10000
a contact +52800 +53400 1005 2053 10000
a contact +51000 +53400 1007 2035 10000
a contact +48000 +53400 1009 2041 10000
a contact +52800 +53400 2010 1001 10000
a contact +50400 +53400 2013 1004 10000
a contact +51000 +53400 2014 1005 10000
a contact +51000 +53400 2035 1007 10000
a contact +48000 +53400 2041 1009 10000
a contact +52200 +53400 2044 1001 10000
a contact +52800 +53400 2053 1005 10000
a contact +53400 +54000 1001 2013 10000
a contact +52200 +54000 1001 2063 10000
a contact +51600 +54000 1002 2001 10000
a contact +39600 +54000 1003 2052 10000
a contact +48000 +54000 1003 2015 10000
a contact +53400 +54000 1005 2056 10000
a contact +51600 +54000 1006 2023 10000
a contact +51600 +54000 1008 2012 10000
a contact +52800 +54000 1008 2031 10000
a contact +51600 +54000 2001 1002 10000
a contact +51600 +54000 2012 1008 10000
a contact +53400 +54000 2013 1001 10000
a contact +48000 +54000 2015 1003 10000
a contact +51600 +54000 2023 1006 10000
a contact +52800 +54000 2031 1008 10000
a contact +39600 +54000 2052 1003 10000
a contact +53400 +54000 2056 1005 10000
a contact +52200 +54000 2063 1001 10000
a contact +54000 +54600 1002 2023 10000
a contact +51600 +54600 1004 2045 10000
a contact +53400 +54600 1004 9001 100000
a contact +54000 +54600 1005 2037 10000
a contact +52200 +54600 1007 2064 10000
a contact +54000 +54600 1008 2017 10000
a contact +54000 +54600 2017 1008 10000
a contact +54000 +54600 2023 1002 10000
a contact +54000 +54600 2037 1005 10000
a contact +51600 +54600 2045 1004 10000
a contact +52200 +54600 2064 1007 10000
a contact +53400 +54600 9001 1004 100000
a contact +54000 +55200 1001 2041 10000
a contact +54600 +55200 1002 2030 10000
a contact +51600 +55200 1002 2020 10000
a contact +52800 +55200 1004 2059 10000
a contact +53400 +55200 1005 2048 10000
a contact +50400 +55200 1007 2011 10000
a contact +54600 +55200 1008 2053 10000
a contact +54000 +55200 1008 2039 10000
a contact +50400 +55200 2011 1007 10000
a contact +51600 +55200 2020 1002 10000
a contact +54600 +55200 2030 1002 10000
a contact +54000 +55200 2039 1008 10000
a contact +54000 +55200 2041 1001 10000
a contact +53400 +55200 2048 1005 10000
a contact +54600 +55200 2053 1008 10000
a contact +52800 +55200 2059 1004 10000
a contact +53400 +55800 1001 2051 10000
a contact +55200 +55800 1001 2033 10000
a contact +55200 +55800 1002 2006 10000
a contact +54600 +55800 1005 2063 10000
a contact +54600 +55800 1007 2047 10000
a contact +53400 +55800 1007 2038 10000
a contact +55200 +55800 2006 1002 10000
a contact +55200 +55800 2033 1001 10000
a contact +53400 +55800 2038 1007 10000
a contact +54600 +55800 2047 1007 10000
a contact +53400 +55800 2051 1001 10000
a contact +54600 +55800 2063 1005 10000
a contact +54000 +56400 1001 2032 10000
a contact +55800 +56400 1002 2062 10000
a contact +54000 +56400 1003 2001 10000
a contact +52200 +56400 1003 2049 10000
a contact +55200 +56400 1004 9005 100000
a contact +55200 +56400 1005 2029 10000
a contact +49200 +56400 1006 2024 10000
a contact +52800 +56400 1006 2061 10000
a contact +55800 +56400 1007 2038 10000
a contact +55200 +56400 1008 2021 10000
a contact +55200 +56400 1008 2022 10000
a contact +54000 +56400 2001 1003 10000
a contact +55200 +56400 2021 1008 10000
a contact +55200 +56400 2022 1008 10000
a contact +49200 +56400 2024 1006 10000
a contact +55200 +56400 2029 1005 10000
a contact +54000 +56400 2032 1001 10000
a contact +55800 +56400 2038 1007 10000
a contact +52200 +56400 2049 1003 10000
a contact +52800 +56400 2061 1006 10000
a contact +55800 +56400 2062 1002 10000
a contact +55200 +56400 9005 1004 100000
a contact +47400 +57000 1002 2055 10000
a contact +56400 +57000 1002 2007 10000
a contact +54600 +57000 1004 2026 10000
a contact +50400 +57000 1005 2016 10000
a contact +56400 +57000 1006 9001 100000
a contact +54000 +57000 1006 2050 10000
a contact +55800 +57000 1007 2013 10000
a contact +56400 +57000 1008 2002 10000
a contact +56400 +57000 2002 1008 10000
a contact +56400 +57000 2007 1002 10000
a contact +55800 +57000 2013 1007 10000
a contact +50400 +57000 2016 1005 10000
a contact +54600 +57000 2026 1004 10000
a contact +54000 +57000 2050 1006 10000
a contact +47400 +57000 2055 1002 10000
a contact +56400 +57000 9001 1006 100000
a contact +54000 +57600 1003 2035 10000
a contact +56400 +57600 1003 2048 10000
a contact +55200 +57600 1007 2064 10000
a contact +57000 +57600 1007 2050 10000
a contact +56400 +57600 1008 2011 10000
a contact +57000 +57600 1008 2059 10000
a contact +56400 +57600 2011 1008 10000
a contact +54000 +57600 2035 1003 10000
a contact +56400 +57600 2048 1003 10000
a contact +57000 +57600 2050 1007 10000
a contact +57000 +57600 2059 1008 10000
a contact +55200 +57600 2064 1007 10000
a contact +57000 +58200 1002 2009 10000
a contact +55200 +58200 1002 2019 10000
a contact +57600 +58200 1003 2044 10000
a contact +57000 +58200 1004 2020 10000
a contact +56400 +58200 1004 2004 10000
a contact +57000 +58200 1006 2016 10000
a contact +57600 +58200 1008 2010 10000
a contact +57600 +58200 1008 2055 10000
a contact +56400 +58200 2004 1004 10000
a contact +57000 +58200 2009 1002 10000
a contact +57600 +58200 2010 1008 10000
a contact +57000 +58200 2016 1006 10000
a contact +55200 +58200 2019 1002 10000
a contact +57000 +58200 2020 1004 10000
a contact +57600 +58200 2044 1003 10000
a contact +57600 +58200 2055 1008 10000
a contact +56400 +58800 1001 9005 100000
a contact +57000 +58800 1002 2006 10000
a contact +58200 +58800 1003 2050 10000
a contact +54600 +58800 1004 2043 10000
a contact +58200 +58800 1004 2022 10000
a contact +58200 +58800 1007 2027 10000
a contact +58200 +58800 1008 9001 100000
a contact +57000 +58800 2006 1002 10000
a contact +58200 +58800 2022 1004 10000
a contact +58200 +58800 2027 1007 10000
a contact +54600 +58800 2043 1004 10000
a contact +58200 +58800 2050 1003 10000
a contact +58200 +58800 9001 1008 100000
a contact +56400 +58800 9005 1001 100000
a contact +58800 +59400 1001 2053 10000
a contact +58200 +59400 1002 2013 10000
a contact +58800 +59400 1002 2043 10000
a contact +58800 +59400 1004 2011 10000
a contact +56400 +59400 1005 2012 10000
a contact +56400 +59400 1007 2024 10000
a contact +58200 +59400 1008 2010 10000
a contact +58200 +59400 2010 1008 10000
a contact +58800 +59400 2011 1004 10000
a contact +56400 +59400 2012 1005 10000
a contact +58200 +59400 2013 1002 10000
a contact +56400 +59400 2024 1007 10000
a contact +58800 +59400 2043 1002 10000
a contact +58800 +59400 2053 1001 10000
a contact +55800 +60000 1001 2017 10000
a contact +55800 +60000 1001 2063 10000
a contact +56400 +60000 1003 2003 10000
a contact +57600 +60000 1003 2033 10000
a contact +58800 +60000 1003 2056 10000
a contact +58800 +60000 1004 2062 10000
a contact +58200 +60000 1004 2055 10000
a contact +57000 +60000 1005 2041 10000
a contact +58800 +60000 1007 2034 10000
a contact +57600 +60000 1007 2058 10000
a contact +48600 +60000 1008 2005 10000
a contact +56400 +60000 2003 1003 10000
a contact +48600 +60000 2005 1008 10000
a contact +55800 +60000 2017 1001 10000
a contact +57600 +60000 2033 1003 10000
a contact +58800 +60000 2034 1007 10000
a contact +57000 +60000 2041 1005 10000
a contact +58200 +60000 2055 1004 10000
a contact +58800 +60000 2056 1003 10000
a contact +57600 +60000 2058 1007 10000
a contact +58800 +60000 2062 1004 10000
a contact +55800 +60000 2063 1001 10000
a contact +59400 +60600 1001 2009 10000
a contact +59400 +60600 1002 2043 10000
a contact +59400 +60600 1002 2045 10000
a contact +58200 +60600 1002 2016 10000
a contact +60000 +60600 1004 2061 10000
a contact +58200 +60600 1006 2004 10000
a contact +56400 +60600 1006 2023 10000
a contact +59400 +60600 1007 2035 10000
a contact +58800 +60600 1008 2064 10000
a contact +60000 +60600 1008 2029 10000
a contact +59400 +60600 1008 9005 100000
a contact +53400 +60600 1009 2014 10000
a contact +58200 +60600 2004 1006 10000
a contact +59400 +60600 2009 1001 10000
a contact +53400 +60600 2014 1009 10000
a contact +58200 +60600 2016 1002 10000
a contact +56400 +60600 2023 1006 10000
a contact +60000 +60600 2029 1008 10000
a contact +59400 +60600 2035 1007 10000
a contact +59400 +60600 2043 1002 10000
a contact +59400 +60600 2045 1002 10000
a contact +60000 +60600 2061 1004 10000
a contact +58800 +60600 2064 1008 10000
a contact +59400 +60600 9005 1008 100000
a contact +60000 +61200 1001 2021 10000
a contact +60000 +61200 1003 2010 10000
a contact +60600 +61200 1004 2014 10000
a contact +60000 +61200 1005 2006 10000
a contact +59400 +61200 1005 2047 10000
a contact +57000 +61200 1006 9004 100000
a contact +60000 +61200 1007 2011 10000
a contact +60600 +61200 1009 2062 10000
a contact +60000 +61200 2006 1005 10000
a contact +60000 +61200 2010 1003 10000
a contact +60000 +61200 2011 1007 10000
a contact +60600 +61200 2014 1004 10000
a contact +60000 +61200 2021 1001 10000
a contact +59400 +61200 2047 1005 10000
a contact +60600 +61200 2062 1009 10000
a contact +57000 +61200 9004 1006 100000
a contact +61200 +61800 1004 2049 10000
a contact +59400 +61800 1004 2012 10000
a contact +61200 +61800 1005 2010 10000
a contact +61200 +61800 1006 9006 100000
a contact +60600 +61800 1007 2044 10000
a contact +60000 +61800 1007 2059 10000
a contact +60600 +61800 1008 2015 10000
a contact +60600 +61800 1008 2057 10000
a contact +61200 +61800 1009 2006 10000
a contact +61200 +61800 2006 1009 10000
a contact +61200 +61800 2010 1005 10000
a contact +59400 +61800 2012 1004 10000
a contact +60600 +61800 2015 1008 10000
a contact +60600 +61800 2044 1007 10000
a contact +61200 +61800 2049 1004 10000
a contact +60600 +61800 2057 1008 10000
a contact +60000 +61800 2059 1007 10000
a contact +61200 +61800 9006 1006 100000
a contact +61200 +62400 1003 9001 100000
a contact +60000 +62400 1003 2022 10000
a contact +55800 +62400 1005 2051 10000
a contact +61200 +62400 1005 2037 10000
a contact +60600 +62400 1006 2027 10000
a contact +61800 +62400 1007 2021 10000
a contact +60600 +62400 1008 2039 10000
a contact +61800 +62400 2021 1007 10000
a contact +60000 +62400 2022 1003 10000
a contact +60600 +62400 2027 1006 10000
a contact +61200 +62400 2037 1005 10000
a contact +60600 +62400 2039 1008 10000
a contact +55800 +62400 2051 1005 10000
a contact +61200 +62400 9001 1003 100000
a contact +60600 +63000 1002 2058 10000
a contact +61800 +63000 1004 2010 10000
a contact +61800 +63000 1004 2009 10000
a contact +62400 +63000 1005 2038 10000
a contact +61800 +63000 1005 2054 10000
a contact +60600 +63000 1006 2064 10000
a contact +61800 +63000 1006 2011 10000
a contact +61800 +63000 1007 2008 10000
a contact +61800 +63000 1008 2060 10000
a contact +62400 +63000 1008 9004 100000
a contact +61800 +63000 1009 2012 10000
a contact +61800 +63000 2008 1007 10000
a contact +61800 +63000 2009 1004 10000
a contact +61800 +63000 2010 1004 10000
a contact +61800 +63000 2011 1006 10000
a contact +61800 +63000 2012 1009 10000
a contact +62400 +63000 2038 1005 10000
a contact +61800 +63000 2054 1005 10000
a contact +60600 +63000 2058 1002 10000
a contact +61800 +63000 2060 1008 10000
a contact +60600 +63000 2064 1006 10000
a contact +62400 +63000 9004 1008 100000
a contact +60600 +63600 1001 2001 10000
a contact +62400 +63600 1003 2030 10000
a contact +63000 +63600 1004 2011 10000
a contact +62400 +63600 1005 2047 10000
a contact +63000 +63600 1005 2014 10000
a contact +62400 +63600 1006 9005 100000
a contact +62400 +63600 1007 2007 10000
a contact +61200 +63600 1007 2056 10000
a contact +63000 +63600 1008 9004 100000
a contact +61800 +63600 1008 2033 10000
a contact +60600 +63600 2001 1001 10000
a contact +62400 +63600 2007 1007 10000
a contact +63000 +63600 2011 1004 10000
a contact +63000 +63600 2014 1005 10000
a contact +62400 +63600 2030 1003 10000
a contact +61800 +63600 2033 1008 10000
a contact +62400 +63600 2047 1005 10000
a contact +61200 +63600 2056 1007 10000
a contact +63000 +63600 9004 1008 100000
a contact +62400 +63600 9005 1006 100000
a contact +63600 +64200 1001 2031 10000
a contact +60600 +64200 1002 2005 10000
a contact +63000 +64200 1002 2023 10000
a contact +63600 +64200 1003 2007 10000
a contact +60000 +64200 1003 2046 10000
a contact +60000 +64200 1004 2018 10000
a contact +63600 +64200 1006 9004 100000
a contact +63000 +64200 1006 2006 10000
a contact +63600 +64200 1007 2010 10000
a contact +63600 +64200 1008 2045 10000
a contact +63000 +64200 1009 2008 10000
a contact +60600 +64200 2005 1002 10000
a contact +63000 +64200 2006 1006 10000
a contact +63600 +64200 2007 1003 10000
a contact +63000 +64200 2008 1009 10000
a contact +63600 +64200 2010 1007 10000
a contact +60000 +64200 2018 1004 10000
a contact +63000 +64200 2023 1002 10000
a contact +63600 +64200 2031 1001 10000
a contact +63600 +64200 2045 1008 10000
a contact +60000 +64200 2046 1003 10000
a contact +63600 +64200 9004 1006 100000
a contact +64200 +64800 1003 2012 10000
a contact +63000 +64800 1005 2039 10000
a contact +63600 +64800 1005 2001 10000
a contact +63000 +64800 1006 2015 10000
a contact +63000 +64800 1007 2029 10000
a contact +63600 +64800 1008 2060 10000
a contact +63600 +64800 2001 1005 10000
a contact +64200 +64800 2012 1003 10000
a contact +63000 +64800 2015 1006 10000
a contact +63000 +64800 2029 1007 10000
a contact +63000 +64800 2039 1005 10000
a contact +63600 +64800 2060 1008 10000
a contact +60000 +65400 1001 2034 10000
a contact +64800 +65400 1003 2051 10000
a contact +63600 +65400 1004 2062 10000
a contact +64200 +65400 1004 2061 10000
a contact +64800 +65400 1005 2004 10000
a contact +63600 +65400 1007 2002 10000
a contact +64800 +65400 1007 2011 10000
a contact +64200 +65400 1008 9001 100000
a contact +63000 +65400 1008 2052 10000
a contact +51600 +65400 1009 2025 10000
a contact +63600 +65400 2002 1007 10000
a contact +64800 +65400 2004 1005 10000
a contact +64800 +65400 2011 1007 10000
a contact +51600 +65400 2025 1009 10000
a contact +60000 +65400 2034 1001 10000
a contact +64800 +65400 2051 1003 10000
a contact +63000 +65400 2052 1008 10000
a contact +64200 +65400 2061 1004 10000
a contact +63600 +65400 2062 1004 10000
a contact +64200 +65400 9001 1008 100000
a contact +62400 +66000 1003 2027 10000
a contact +65400 +66000 1004 2029 10000
a contact +65400 +66000 1004 2010 10000
a contact +64800 +66000 1005 2023 10000
a contact +64200 +66000 1007 2033 10000
a contact +65400 +66000 1007 2035 10000
a contact +65400 +66000 1007 2063 10000
a contact +64200 +66000 1009 2059 10000
a contact +65400 +66000 2010 1004 10000
a contact +64800 +66000 2023 1005 10000
a contact +62400 +66000 2027 1003 10000
a contact +65400 +66000 2029 1004 10000
a contact +64200 +66000 2033 1007 10000
a contact +65400 +66000 2035 1007 10000
a contact +64200 +66000 2059 1009 10000
a contact +65400 +66000 2063 1007 10000
a contact +65400 +66600 1005 2052 10000
a contact +66000 +66600 1007 9001 100000
a contact +65400 +66600 1008 2038 10000
a contact +64800 +66600 1008 2009 10000
a contact +64800 +66600 2009 1008 10000
a contact +65400 +66600 2038 1008 10000
a contact +65400 +66600 2052 1005 10000
a contact +66000 +66600 9001 1007 100000
a contact +61200 +67200 1001 2016 10000
a contact +60600 +67200 1002 2026 10000
a contact +66000 +67200 1004 2045 10000
a contact +66000 +67200 1007 2039 10000
a contact +66600 +67200 1008 2032 10000
a contact +52200 +67200 1009 2028 10000
a contact +66000 +67200 1009 2011 10000
a contact +66000 +67200 2011 1009 10000
a contact +61200 +67200 2016 1001 10000
a contact +60600 +67200 2026 1002 10000
a contact +52200 +67200 2028 1009 10000
a contact +66600 +67200 2032 1008 10000
a contact +66000 +67200 2039 1007 10000
a contact +66000 +67200 2045 1004 10000
a contact +65400 +67800 1001 2060 10000
a contact +64200 +67800 1002 2003 10000
a contact +65400 +67800 1003 2061 10000
a contact +63000 +67800 1004 2036 10000
a contact +66600 +67800 1005 2004 10000
a contact +64800 +67800 1006 2022 10000
a contact +67200 +67800 1007 2016 10000
a contact +64200 +67800 2003 1002 10000
a contact +66600 +67800 2004 1005 10000
a contact +67200 +67800 2016 1007 10000
a contact +64800 +67800 2022 1006 10000
a contact +63000 +67800 2036 1004 10000
a contact +65400 +67800 2060 1001 10000
a contact +65400 +67800 2061 1003 10000
a contact +64200 +68400 1001 2008 10000
a contact +67200 +68400 1004 2010 10000
a contact +66000 +68400 1007 2041 10000
a contact +67200 +68400 1008 2011 10000
a contact +64200 +68400 2008 1001 10000
a contact +67200 +68400 2010 1004 10000
a contact +67200 +68400 2011 1008 10000
a contact +66000 +68400 2041 1007 10000
a contact +67200 +69000 1001 2013 10000
a contact +67800 +69000 1002 2004 10000
a contact +67800 +69000 1003 2030 10000
a contact +64200 +69000 1003 2048 10000
a contact +66000 +69000 1004 2063 10000
a contact +67800 +69000 1004 2024 10000
a contact +64200 +69000 1006 2021 10000
a contact +64200 +69000 1006 2042 10000
a contact +67800 +69000 1007 2043 10000
a contact +67200 +69000 1009 2012 10000
a contact +67200 +69000 1009 2019 10000
a contact +65400 +69000 1009 2017 10000
a contact +67800 +69000 2004 1002 10000
a contact +67200 +69000 2012 1009 10000
a contact +67200 +69000 2013 1001 10000
a contact +65400 +69000 2017 1009 10000
a contact +67200 +69000 2019 1009 10000
a contact +64200 +69000 2021 1006 10000
a contact +67800 +69000 2024 1004 10000
a contact +67800 +69000 2030 1003 10000
a contact +64200 +69000 2042 1006 10000
a contact +67800 +69000 2043 1007 10000
a contact +64200 +69000 2048 1003 10000
a contact +66000 +69000 2063 1004 10000
a contact +67800 +69600 1001 2001 10000
a contact +68400 +69600 1001 2003 10000
a contact +67200 +69600 1002 2045 10000
a contact +66000 +69600 1003 2059 10000
a contact +69000 +69600 1003 2046 10000
a contact +69000 +69600 1006 2051 10000
a contact +68400 +69600 1007 2006 10000
a contact +69000 +69600 1009 2040 10000
a contact +67800 +69600 2001 1001 10000
a contact +68400 +69600 2003 1001 10000
a contact +68400 +69600 2006 1007 10000
a contact +69000 +69600 2040 1009 10000
a contact +67200 +69600 2045 1002 10000
a contact +69000 +69600 2046 1003 10000
a contact +69000 +69600 2051 1006 10000
a contact +66000 +69600 2059 1003 10000
a contact +69600 +70200 1001 2019 10000
a contact +69000 +70200 1001 2022 10000
a contact +68400 +70200 1004 2011 10000
a contact +69000 +70200 1004 2047 10000
a contact +69000 +70200 1007 2041 10000
a contact +68400 +70200 1008 2053 10000
a contact +68400 +70200 2011 1004 10000
a contact +69600 +70200 2019 1001 10000
a contact +69000 +70200 2022 1001 10000
a contact +69000 +70200 2041 1007 10000
a contact +69000 +70200 2047 1004 10000
a contact +68400 +70200 2053 1008 10000
a contact +69600 +70800 1002 2006 10000
a contact +67800 +70800 1005 2029 10000
a contact +67800 +70800 1006 2054 10000
a contact +69600 +70800 1006 2024 10000
a contact +69600 +70800 1007 2038 10000
a contact +70200 +70800 1007 2046 10000
a contact +66600 +70800 1008 2049 10000
a contact +69000 +70800 1009 2023 10000
a contact +69600 +70800 2006 1002 10000
a contact +69000 +70800 2023 1009 10000
a contact +69600 +70800 2024 1006 10000
a contact +67800 +70800 2029 1005 10000
a contact +69600 +70800 2038 1007 10000
a contact +70200 +70800 2046 1007 10000
a contact +66600 +70800 2049 1008 10000
a contact +67800 +70800 2054 1006 10000
a contact +69000 +71400 1003 2028 10000
a contact +69600 +71400 1003 2042 10000
a contact +69000 +71400 1004 2048 10000
a contact +70200 +71400 1004 2016 10000
a contact +70800 +71400 1005 9004 100000
a contact +70800 +71400 1006 2032 10000
a contact +66600 +71400 1007 2056 10000
a contact +70800 +71400 1007 2029 10000
a contact +70800 +71400 1009 2018 10000
a contact +70200 +71400 2016 1004 10000
a contact +70800 +71400 2018 1009 10000
a contact +69000 +71400 2028 1003 10000
a contact +70800 +71400 2029 1007 10000
a contact +70800 +71400 2032 1006 10000
a contact +69600 +71400 2042 1003 10000
a contact +69000 +71400 2048 1004 10000
a contact +66600 +71400 2056 1007 10000
a contact +70800 +71400 9004 1005 100000
a contact +69600 +72000 1001 2037 10000
a contact +63600 +72000 1005 9005 100000
a contact +69000 +72000 1006 2064 10000
a contact +70800 +72000 1008 2036 10000
a contact +69000 +72000 1009 2063 10000
a contact +70800 +72000 2036 1008 10000
a contact +69600 +72000 2037 1001 10000
a contact +69000 +72000 2063 1009 10000
a contact +69000 +72000 2064 1006 10000
a contact +63600 +72000 9005 1005 100000
a contact +69000 +72600 1002 2052 10000
a contact +71400 +72600 1003 2056 10000
a contact +71400 +72600 1004 9003 100000
a contact +71400 +72600 1004 2030 10000
a contact +71400 +72600 1005 2005 10000
a contact +70800 +72600 1006 2050 10000
a contact +72000 +72600 1006 2043 10000
a contact +71400 +72600 1007 2051 10000
a contact +71400 +72600 1007 2041 10000
a contact +65400 +72600 1008 2058 10000
a contact +69600 +72600 1009 2059 10000
a contact +71400 +72600 1009 2039 10000
a contact +71400 +72600 2005 1005 10000
a contact +71400 +72600 2030 1004 10000
a contact +71400 +72600 2039 1009 10000
a contact +71400 +72600 2041 1007 10000
a contact +72000 +72600 2043 1006 10000
a contact +70800 +72600 2050 1006 10000
a contact +71400 +72600 2051 1007 10000
a contact +69000 +72600 2052 1002 10000
a contact +71400 +72600 2056 1003 10000
a contact +65400 +72600 2058 1008 10000
a contact +69600 +72600 2059 1009 10000
a contact +71400 +72600 9003 1004 100000
a contact +71400 +73200 1003 2033 10000
a contact +72000 +73200 1005 9002 100000
a contact +72600 +73200 1005 2056 10000
a contact +70800 +73200 1007 2011 10000
a contact +72600 +73200 1007 9001 100000
a contact +72600 +73200 1007 2029 10000
a contact +72000 +73200 1008 2007 10000
a contact +72000 +73200 2007 1008 10000
a contact +70800 +73200 2011 1007 10000
a contact +72600 +73200 2029 1007 10000
a contact +71400 +73200 2033 1003 10000
a contact +72600 +73200 2056 1005 10000
a contact +72600 +73200 9001 1007 100000
a contact +72000 +73200 9002 1005 100000
a contact +66000 +73800 1005 2044 10000
a contact +72600 +73800 1006 2037 10000
a contact +73200 +73800 1007 2043 10000
a contact +70200 +73800 1008 2015 10000
a contact +70200 +73800 2015 1008 10000
a contact +72600 +73800 2037 1006 10000
a contact +73200 +73800 2043 1007 10000
a contact +66000 +73800 2044 1005 10000
a contact +72000 +74400 1001 2019 10000
a contact +72600 +74400 1003 2005 10000
a contact +70200 +74400 1004 2013 10000
a contact +72600 +74400 1004 2026 10000
a contact +73800 +74400 1006 2043 10000
a contact +73200 +74400 1007 9004 100000
a contact +73800 +74400 1007 2036 10000
a contact +73200 +74400 1008 2058 10000
a contact +72000 +74400 1009 2040 10000
a contact +72600 +74400 2005 1003 10000
a contact +70200 +74400 2013 1004 10000
a contact +72000 +74400 2019 1001 10000
a contact +72600 +74400 2026 1004 10000
a contact +73800 +74400 2036 1007 10000
a contact +72000 +74400 2040 1009 10000
a contact +73800 +74400 2043 1006 10000
a contact +73200 +74400 2058 1008 10000
a contact +73200 +74400 9004 1007 100000
a contact +74400 +75000 1006 2052 10000
a contact +73200 +75000 1007 2046 10000
a contact +74400 +75000 1008 2044 10000
a contact +74400 +75000 1009 2038 10000
a contact +74400 +75000 2038 1009 10000
a contact +74400 +75000 2044 1008 10000
a contact +73200 +75000 2046 1007 10000
a contact +74400 +75000 2052 1006 10000
a contact +74400 +75600 1001 2009 10000
a contact +69600 +75600 1003 2060 10000
a contact +74400 +75600 1004 9005 100000
a contact +73200 +75600 1005 2029 10000
a contact +75000 +75600 1006 2004 10000
a contact +75000 +75600 1007 2043 10000
a contact +75000 +75600 1008 2052 10000
a contact +73800 +75600 1008 2056 10000
a contact +72600 +75600 1008 2003 10000
a contact +72600 +75600 2003 1008 10000
a contact +75000 +75600 2004 1006 10000
a contact +74400 +75600 2009 1001 10000
a contact +73200 +75600 2029 1005 10000
a contact +75000 +75600 2043 1007 10000
a contact +75000 +75600 2052 1008 10000
a contact +73800 +75600 2056 1008 10000
a contact +69600 +75600 2060 1003 10000
a contact +74400 +75600 9005 1004 100000
a contact +70200 +76200 1001 2027 10000
a contact +70800 +76200 1002 2025 10000
a contact +73200 +76200 1003 2035 10000
a contact +74400 +76200 1003 2006 10000
a contact +72600 +76200 1006 2057 10000
a contact +75600 +76200 1007 2009 10000
a contact +74400 +76200 1007 2026 10000
a contact +75600 +76200 1008 2021 10000
a contact +75600 +76200 1008 2049 10000
a contact +75000 +76200 1009 2051 10000
a contact +74400 +76200 2006 1003 10000
a contact +75600 +76200 2009 1007 10000
a contact +75600 +76200 2021 1008 10000
a contact +70800 +76200 2025 1002 10000
a contact +74400 +76200 2026 1007 10000
a contact +70200 +76200 2027 1001 10000
a contact +73200 +76200 2035 1003 10000
a contact +75600 +76200 2049 1008 10000
a contact +75000 +76200 2051 1009 10000
a contact +72600 +76200 2057 1006 10000
a contact +76200 +76800 1001 2022 10000
a contact +75600 +76800 1001 2059 10000
a contact +76200 +76800 1002 2015 10000
a contact +76200 +76800 1003 2040 10000
a contact +75600 +76800 1004 2029 10000
a contact +73200 +76800 1005 2024 10000
a contact +73800 +76800 1005 2039 10000
a contact +76200 +76800 1008 2049 10000
a contact +75600 +76800 1008 2058 10000
a contact +72600 +76800 1009 2030 10000
a contact +76200 +76800 2015 1002 10000
a contact +76200 +76800 2022 1001 10000
a contact +73200 +76800 2024 1005 10000
a contact +75600 +76800 2029 1004 10000
a contact +72600 +76800 2030 1009 10000
a contact +73800 +76800 2039 1005 10000
a contact +76200 +76800 2040 1003 10000
a contact +76200 +76800 2049 1008 10000
a contact +75600 +76800 2058 1008 10000
a contact +75600 +76800 2059 1001 10000
a contact +76800 +77400 1003 2053 10000
a contact +75600 +77400 1003 2054 10000
a contact +74400 +77400 1004 2064 10000
a contact +76800 +77400 1005 2024 10000
a contact +76200 +77400 1006 2008 10000
a contact +71400 +77400 1006 2012 10000
a contact +76200 +77400 1007 2063 10000
a contact +76200 +77400 1007 2007 10000
a contact +76800 +77400 1008 2004 10000
a contact +76800 +77400 2004 1008 10000
a contact +76200 +77400 2007 1007 10000
a contact +76200 +77400 2008 1006 10000
a contact +71400 +77400 2012 1006 10000
a contact +76800 +77400 2024 1005 10000
a contact +76800 +77400 2053 1003 10000
a contact +75600 +77400 2054 1003 10000
a contact +76200 +77400 2063 1007 10000
a contact +74400 +77400 2064 1004 10000
a contact +77400 +78000 1007 2008 10000
a contact +76800 +78000 1009 9002 100000
a contact +77400 +78000 2008 1007 10000
a contact +76800 +78000 9002 1009 100000
a contact +76800 +78600 1001 2021 10000
a contact +70200 +78600 1001 2002 10000
a contact +72600 +78600 1002 2017 10000
a contact +76800 +78600 1002 2030 10000
a contact +77400 +78600 1003 2027 10000
a contact +77400 +78600 1004 2007 10000
a contact +72600 +78600 1004 9006 100000
a contact +76800 +78600 1004 2028 10000
a contact +76800 +78600 1005 2056 10000
a contact +77400 +78600 1005 2052 10000
a contact +75600 +78600 1006 2003 10000
a contact +77400 +78600 1006 2035 10000
a contact +77400 +78600 1006 2064 10000
a contact +76800 +78600 1008 2014 10000
a contact +76200 +78600 1008 2062 10000
a contact +77400 +78600 1008 2038 10000
a contact +72600 +78600 1009 2031 10000
a contact +78000 +78600 1009 2015 10000
a contact +70200 +78600 2002 1001 10000
a contact +75600 +78600 2003 1006 10000
a contact +77400 +78600 2007 1004 10000
a contact +76800 +78600 2014 1008 10000
a contact +78000 +78600 2015 1009 10000
a contact +72600 +78600 2017 1002 10000
a contact +76800 +78600 2021 1001 10000
a contact +77400 +78600 2027 1003 10000
a contact +76800 +78600 2028 1004 10000
a contact +76800 +78600 2030 1002 10000
a contact +72600 +78600 2031 1009 10000
a contact +77400 +78600 2035 1006 10000
a contact +77400 +78600 2038 1008 10000
a contact +77400 +78600 2052 1005 10000
a contact +76800 +78600 2056 1005 10000
a contact +76200 +78600 2062 1008 10000
a contact +77400 +78600 2064 1006 10000
a contact +72600 +78600 9006 1004 100000
a contact +78600 +79200 1001 2027 10000
a contact +76800 +79200 1001 9005 100000
a contact +64200 +79200 1002 2020 10000
a contact +76200 +79200 1003 2026 10000
a contact +78600 +79200 1004 2029 10000
a contact +75600 +79200 1005 2019 10000
a contact +78600 +79200 1005 2035 10000
a contact +78600 +79200 1006 9003 100000
a contact +78000 +79200 1007 2032 10000
a contact +74400 +79200 1007 2023 10000
a contact +78600 +79200 1008 2050 10000
a contact +78600 +79200 1008 2015 10000
a contact +76200 +79200 1009 9004 100000
a contact +78600 +79200 2015 1008 10000
a contact +75600 +79200 2019 1005 10000
a contact +64200 +79200 2020 1002 10000
a contact +74400 +79200 2023 1007 10000
a contact +76200 +79200 2026 1003 10000
a contact +78600 +79200 2027 1001 10000
a contact +78600 +79200 2029 1004 10000
a contact +78000 +79200 2032 1007 10000
a contact +78600 +79200 2035 1005 10000
a contact +78600 +79200 2050 1008 10000
a contact +78600 +79200 9003 1006 100000
a contact +76200 +79200 9004 1009 100000
a contact +76800 +79200 9005 1001 100000
a contact +78600 +79800 1002 2054 10000
a contact +78600 +79800 1004 2043 10000
a contact +79200 +79800 1005 2058 10000
a contact +79200 +79800 1006 9001 100000
a contact +77400 +79800 1007 2039 10000
a contact +78600 +79800 1008 2037 10000
a contact +79200 +79800 1009 2040 10000
a contact +78600 +79800 1009 2064 10000
a contact +78600 +79800 2037 1008 10000
a contact +77400 +79800 2039 1007 10000
a contact +79200 +79800 2040 1009 10000
a contact +78600 +79800 2043 1004 10000
a contact +78600 +79800 2054 1002 10000
a contact +79200 +79800 2058 1005 10000
a contact +78600 +79800 2064 1009 10000
a contact +79200 +79800 9001 1006 100000
a contact +79200 +80400 1002 2018 10000
a contact +79800 +80400 1002 2030 10000
a contact +78600 +80400 1002 2053 10000
a contact +79800 +80400 1005 2025 10000
a contact +79800 +80400 1006 9003 100000
a contact +79800 +80400 1009 2061 10000
a contact +79200 +80400 2018 1002 10000
a contact +79800 +80400 2025 1005 10000
a contact +79800 +80400 2030 1002 10000
a contact +78600 +80400 2053 1002 10000
a contact +79800 +80400 2061 1009 10000
a contact +79800 +80400 9003 1006 100000
a contact +78600 +81000 1003 2017 10000
a contact +79800 +81000 1004 2013 10000
a contact +79200 +81000 1004 2057 10000
a contact +78600 +81000 1006 2044 10000
a contact +79200 +81000 1007 2049 10000
a contact +79800 +81000 1008 2036 10000
a contact +79800 +81000 2013 1004 10000
a contact +78600 +81000 2017 1003 10000
a contact +79800 +81000 2036 1008 10000
a contact +78600 +81000 2044 1006 10000
a contact +79200 +81000 2049 1007 10000
a contact +79200 +81000 2057 1004 10000
a contact +79200 +81600 1001 2038 10000
a contact +80400 +81600 1002 2002 10000
a contact +81000 +81600 1006 2030 10000
a contact +81000 +81600 1007 2037 10000
a contact +79800 +81600 1007 2028 10000
a contact +79200 +81600 1007 2063 10000
a contact +81000 +81600 1008 2024 10000
a contact +79200 +81600 1008 2020 10000
a contact +80400 +81600 1009 2025 10000
a contact +79800 +81600 1009 2042 10000
a contact +80400 +81600 2002 1002 10000
a contact +79200 +81600 2020 1008 10000
a contact +81000 +81600 2024 1008 10000
a contact +80400 +81600 2025 1009 10000
a contact +79800 +81600 2028 1007 10000
a contact +81000 +81600 2030 1006 10000
a contact +81000 +81600 2037 1007 10000
a contact +79200 +81600 2038 1001 10000
a contact +79800 +81600 2042 1009 10000
a contact +79200 +81600 2063 1007 10000
a contact +80400 +82200 1002 2004 10000
a contact +81600 +82200 1002 2018 10000
a contact +77400 +82200 1003 2055 10000
a contact +81000 +82200 1004 2051 10000
a contact +81000 +82200 1004 2003 10000
a contact +78600 +82200 1005 2047 10000
a contact +78600 +82200 1009 9002 100000
a contact +81000 +82200 2003 1004 10000
a contact +80400 +82200 2004 1002 10000
a contact +81600 +82200 2018 1002 10000
a contact +78600 +82200 2047 1005 10000
a contact +81000 +82200 2051 1004 10000
a contact +77400 +82200 2055 1003 10000
a contact +78600 +82200 9002 1009 100000
a contact +81600 +82800 1001 9004 100000
a contact +78600 +82800 1001 2012 10000
a contact +82200 +82800 1004 2024 10000
a contact +78600 +82800 1004 2021 10000
a contact +81600 +82800 1006 2035 10000
a contact +80400 +82800 1006 2064 10000
a contact +81600 +82800 1007 2010 10000
a contact +79200 +82800 1008 2014 10000
a contact +82200 +82800 1009 2043 10000
a contact +81600 +82800 2010 1007 10000
a contact +78600 +82800 2012 1001 10000
a contact +79200 +82800 2014 1008 10000
a contact +78600 +82800 2021 1004 10000
a contact +82200 +82800 2024 1004 10000
a contact +81600 +82800 2035 1006 10000
a contact +82200 +82800 2043 1009 10000
a contact +80400 +82800 2064 1006 10000
a contact +81600 +82800 9004 1001 100000
a contact +82800 +83400 1001 2022 10000
a contact +82800 +83400 1001 2055 10000
a contact +82200 +83400 1002 2002 10000
a contact +80400 +83400 1002 2048 10000
a contact +81000 +83400 1003 2031 10000
a contact +82800 +83400 1004 2007 10000
a contact +82200 +83400 1004 2030 10000
a contact +82200 +83400 1005 2058 10000
a contact +81600 +83400 1008 2040 10000
a contact +81600 +83400 1008 2033 10000
a contact +82200 +83400 2002 1002 10000
a contact +82800 +83400 2007 1004 10000
a contact +82800 +83400 2022 1001 10000
a contact +82200 +83400 2030 1004 10000
a contact +81000 +83400 2031 1003 10000
a contact +81600 +83400 2033 1008 10000
a contact +81600 +83400 2040 1008 10000
a contact +80400 +83400 2048 1002 10000
a contact +82800 +83400 2055 1001 10000
a contact +82200 +83400 2058 1005 10000
a contact +79200 +84000 1001 2041 10000
a contact +83400 +84000 1001 2026 10000
a contact +83400 +84000 1002 2029 10000
a contact +79200 +84000 1003 2056 10000
a contact +78600 +84000 1006 2062 10000
a contact +82800 +84000 1006 2021 10000
a contact +82800 +84000 1006 9004 100000
a contact +83400 +84000 1008 2017 10000
a contact +82800 +84000 1009 2035 10000
a contact +83400 +84000 2017 1008 10000
a contact +82800 +84000 2021 1006 10000
a contact +83400 +84000 2026 1001 10000
a contact +83400 +84000 2029 1002 10000
a contact +82800 +84000 2035 1009 10000
a contact +79200 +84000 2041 1001 10000
a contact +79200 +84000 2056 1003 10000
a contact +78600 +84000 2062 1006 10000
a contact +82800 +84000 9004 1006 100000
a contact +84000 +84600 1001 2063 10000
a contact +84000 +84600 1001 9004 100000
a contact +83400 +84600 1001 2045 10000
a contact +84000 +84600 1002 2021 10000
a contact +83400 +84600 1002 2002 10000
a contact +83400 +84600 1003 2005 10000
a contact +82200 +84600 1003 2060 10000
a contact +83400 +84600 1004 2009 10000
a contact +84000 +84600 1006 2029 10000
a contact +81600 +84600 1007 2038 10000
a contact +82800 +84600 1007 2018 10000
a contact +82800 +84600 1008 2043 10000
a contact +81600 +84600 1009 2042 10000
a contact +81600 +84600 1009 2046 10000
a contact +84000 +84600 1009 2012 10000
a contact +83400 +84600 2002 1002 10000
a contact +83400 +84600 2005 1003 10000
a contact +83400 +84600 2009 1004 10000
a contact +84000 +84600 2012 1009 10000
a contact +82800 +84600 2018 1007 10000
a contact +84000 +84600 2021 1002 10000
a contact +84000 +84600 2029 1006 10000
a contact +81600 +84600 2038 1007 10000
a contact +81600 +84600 2042 1009 10000
a contact +82800 +84600 2043 1008 10000
a contact +83400 +84600 2045 1001 10000
a contact +81600 +84600 2046 1009 10000
a contact +82200 +84600 2060 1003 10000
a contact +84000 +84600 2063 1001 10000
a contact +84000 +84600 9004 1001 100000
a contact +84600 +85200 1002 2031 10000
a contact +84600 +85200 1002 2046 10000
a contact +83400 +85200 1004 2036 10000
a contact +80400 +85200 1005 2008 10000
a contact +83400 +85200 1005 2027 10000
a contact +84000 +85200 1006 2015 10000
a contact +84000 +85200 1006 2011 10000
a contact +84600 +85200 1007 2058 10000
a contact +81600 +85200 1007 2025 10000
a contact +83400 +85200 1008 2048 10000
a contact +80400 +85200 2008 1005 10000
a contact +84000 +85200 2011 1006 10000
a contact +84000 +85200 2015 1006 10000
a contact +81600 +85200 2025 1007 10000
a contact +83400 +85200 2027 1005 10000
a contact +84600 +85200 2031 1002 10000
a contact +83400 +85200 2036 1004 10000
a contact +84600 +85200 2046 1002 10000
a contact +83400 +85200 2048 1008 10000
a contact +84600 +85200 2058 1007 10000
a contact +84600 +85800 1001 2035 10000
a contact +84600 +85800 1001 2044 10000
a contact +84600 +85800 1001 2053 10000
a contact +84600 +85800 1003 2038 10000
a contact +84600 +85800 1004 2004 10000
a contact +79200 +85800 1005 2032 10000
a contact +85200 +85800 1005 2011 10000
a contact +85200 +85800 1005 2022 10000
a contact +84600 +85800 1006 2009 10000
a contact +85200 +85800 1006 2027 10000
a contact +85200 +85800 1007 2039 10000
a contact +84000 +85800 1008 2034 10000
a contact +84600 +85800 1008 2061 10000
a contact +84600 +85800 1009 2064 10000
a contact +84600 +85800 2004 1004 10000
a contact +84600 +85800 2009 1006 10000
a contact +85200 +85800 2011 1005 10000
a contact +85200 +85800 2022 1005 10000
a contact +85200 +85800 2027 1006 10000
a contact +79200 +85800 2032 1005 10000
a contact +84000 +85800 2034 1008 10000
a contact +84600 +85800 2035 1001 10000
a contact +84600 +85800 2038 1003 10000
a contact +85200 +85800 2039 1007 10000
a contact +84600 +85800 2044 1001 10000
a contact +84600 +85800 2053 1001 10000
a contact +84600 +85800 2061 1008 10000
a contact +84600 +85800 2064 1009 10000
a contact +85800 +86400 1001 2029 10000
a contact +85800 +86400 1001 2022 10000
a contact +85800 +86400 1001 9004 100000
a contact +85200 +86400 1002 2014 10000
a contact +85200 +86400 1002 2063 10000
a contact +82200 +86400 1002 2047 10000
a contact +84600 +86400 1003 2043 10000
a contact +85800 +86400 1003 2010 10000
a contact +84000 +86400 1003 2003 10000
a contact +85200 +86400 1004 2033 10000
a contact +85800 +86400 1004 2064 10000
a contact +82800 +86400 1004 2020 10000
a contact +85800 +86400 1005 2054 10000
a contact +85800 +86400 1005 2044 10000
a contact +85800 +86400 1005 2061 10000
a contact +85200 +86400 1006 2018 10000
a contact +85800 +86400 1006 2025 10000
a contact +85800 +86400 1006 2009 10000
a contact +85800 +86400 1007 2037 10000
a contact +85200 +86400 1007 2051 10000
a contact +84600 +86400 1007 2001 10000
a contact +85800 +86400 1008 2053 10000
a contact +85200 +86400 1008 2023 10000
a contact +85800 +86400 1008 2006 10000
a contact +85800 +86400 1009 2015 10000
a contact +84600 +86400 1009 2049 10000
a contact +84600 +86400 1009 2042 10000
a contact +84600 +86400 2001 1007 10000
a contact +84000 +86400 2003 1003 10000
a contact +85800 +86400 2006 1008 10000
a contact +85800 +86400 2009 1006 10000
a contact +85800 +86400 2010 1003 10000
a contact +85200 +86400 2014 1002 10000
a contact +85800 +86400 2015 1009 10000
a contact +85200 +86400 2018 1006 10000
a contact +82800 +86400 2020 1004 10000
a contact +85800 +86400 2022 1001 10000
a contact +85200 +86400 2023 1008 10000
a contact +85800 +86400 2025 1006 10000
a contact +85800 +86400 2029 1001 10000
a contact +85200 +86400 2033 1004 10000
a contact +85800 +86400 2037 1007 10000
a contact +84600 +86400 2042 1009 10000
a contact +84600 +86400 2043 1003 10000
a contact +85800 +86400 2044 1005 10000
a contact +82200 +86400 2047 1002 10000
a contact +84600 +86400 2049 1009 10000
a contact +85200 +86400 2051 1007 10000
a contact +85800 +86400 2053 1008 10000
a contact +85800 +86400 2054 1005 10000
a contact +85800 +86400 2061 1005 10000
a contact +85200 +86400 2063 1002 10000
a contact +85800 +86400 2064 1004 10000
a contact +85800 +86400 9004 1001 100000

a range +0 +600 1001 2042 0
a range +0 +600 1001 2014 0
a range +0 +600 1002 2044 0
a range +0 +600 1002 2061 0
a range +0 +600 1003 2046 0
a range +0 +600 1003 2026 0
a range +0 +600 1004 2004 0
a range +0 +600 1005 2038 0
a range +0 +600 1006 2037 0
a range +0 +600 1006 2008 0
a range +0 +600 1007 2031 0
a range +0 +600 1008 2043 0
a range +0 +600 1009 2045 0
a range +0 +600 1009 2050 0
a range +0 +600 2004 1004 0
a range +0 +600 2008 1006 0
a range +0 +600 2014 1001 0
a range +0 +600 2026 1003 0
a range +0 +600 2031 1007 0
a range +0 +600 2037 1006 0
a range +0 +600 2038 1005 0
a range +0 +600 2042 1001 0
a range +0 +600 2043 1008 0
a range +0 +600 2044 1002 0
a range +0 +600 2045 1009 0
a range +0 +600 2046 1003 0
a range +0 +600 2050 1009 0
a range +0 +600 2061 1002 0
a range +600 +1200 1001 2023 0
a range +0 +1200 1002 2062 0
a range +0 +1200 1005 2027 0
a range +600 +1200 1005 2054 0
a range +0 +1200 1006 2060 0
a range +0 +1200 1007 2032 0
a range +600 +1200 1009 2003 0
a range +600 +1200 2003 1009 0
a range +600 +1200 2023 1001 0
a range +0 +1200 2027 1005 0
a range +0 +1200 2032 1007 0
a range +600 +1200 2054 1005 0
a range +0 +1200 2060 1006 0
a range +0 +1200 2062 1002 0
a range +1200 +1800 1002 2060 0
a range +0 +1800 1004 2010 0
a range +600 +1800 1006 2001 0
a range +1200 +1800 1006 2054 0
a range +600 +1800 1008 2004 0
a range +0 +1800 1008 2017 0
a range +0 +1800 1009 2057 0
a range +600 +1800 2001 1006 0
a range +600 +1800 2004 1008 0
a range +0 +1800 2010 1004 0
a range +0 +1800 2017 1008 0
a range +1200 +1800 2054 1006 0
a range +0 +1800 2057 1009 0
a range +1200 +1800 2060 1002 0
a range +0 +2400 1001 2034 0
a range +1200 +2400 1001 2002 0
a range +0 +2400 1003 9006 0
a range +600 +2400 1003 9005 0
a range +600 +2400 1007 2043 0
a range +1200 +2400 1007 2007 0
a range +1800 +2400 1008 2063 0
a range +1200 +2400 1009 2038 0
a range +600 +2400 1009 2047 0
a range +1200 +2400 2002 1001 0
a range +1200 +2400 2007 1007 0
a range +0 +2400 2034 1001 0
a range +1200 +2400 2038 1009 0
a range +600 +2400 2043 1007 0
a range +600 +2400 2047 1009 0
a range +1800 +2400 2063 1008 0
a range +600 +2400 9005 1003 0
a range +0 +2400 9006 1003 0
a range +600 +3000 1002 2044 0
a range +0 +3000 1004 2015 0
a range +1200 +3000 1005 9003 0
a range +0 +3000 1005 9004 0
a range +600 +3000 1006 2035 0
a range +1800 +3000 1009 2045 0
a range +2400 +3000 1009 2050 0
a range +2400 +3000 1009 2024 0
a range +0 +3000 2015 1004 0
a range +2400 +3000 2024 1009 0
a range +600 +3000 2035 1006 0
a range +600 +3000 2044 1002 0
a range +1800 +3000 2045 1009 0
a range +2400 +3000 2050 1009 0
a range +1200 +3000 9003 1005 0
a range +0 +3000 9004 1005 0
a range +2400 +3600 1003 2032 0
a range +600 +3600 1003 9001 0
a range +3000 +3600 1005 9005 0
a range +1800 +3600 1006 2058 0
a range +3000 +3600 1006 2061 0
a range +1800 +3600 1006 2020 0
a range +2400 +3600 1008 2040 0
a range +1800 +3600 2020 1006 0
a range +2400 +3600 2032 1003 0
a range +2400 +3600 2040 1008 0
a range +1800 +3600 2058 1006 0
a range +3000 +3600 2061 1006 0
a range +600 +3600 9001 1003 0
a range +3000 +3600 9005 1005 0
a range +3000 +4200 1002 2060 0
a range +1800 +4200 1002 2003 0
a range +3000 +4200 1005 2004 0
a range +3600 +4200 1005 9006 0
a range +2400 +4200 1007 2007 0
a range +2400 +4200 1007 2022 0
a range +3000 +4200 1009 2009 0
a range +3000 +4200 1009 9003 0
a range +1800 +4200 2003 1002 0
a range +3000 +4200 2004 1005 0
a range +2400 +4200 2007 1007 0
a range +3000 +4200 2009 1009 0
a range +2400 +4200 2022 1007 0
a range +3000 +4200 2060 1002 0
a range +3000 +4200 9003 1009 0
a range +3600 +4200 9006 1005 0
a range +600 +4800 1002 2037 0
a range +4200 +4800 1002 2061 0
a range +3600 +4800 1003 9002 0
a range +3600 +4800 1008 2057 0
a range +4200 +4800 1009 2040 0
a range +600 +4800 2037 1002 0
a range +4200 +4800 2040 1009 0
a range +3600 +4800 2057 1008 0
a range +4200 +4800 2061 1002 0
a range +3600 +4800 9002 1003 0
a range +600 +5400 1001 2008 0
a range +2400 +5400 1001 2054 0
a range +2400 +5400 1003 2018 0
a range +600 +5400 1004 2046 0
a range +1800 +5400 1004 2055 0
a range +3600 +5400 1006 2047 0
a range +4200 +5400 1007 2022 0
a range +1800 +5400 1008 2001 0
a range +1800 +5400 2001 1008 0
a range +600 +5400 2008 1001 0
a range +2400 +5400 2018 1003 0
a range +4200 +5400 2022 1007 0
a range +600 +5400 2046 1004 0
a range +3600 +5400 2047 1006 0
a range +2400 +5400 2054 1001 0
a range +1800 +5400 2055 1004 0
a range +4800 +6000 1002 2007 0
a range +4800 +6000 1002 2057 0
a range +4200 +6000 1002 9005 0
a range +4800 +6000 1003 9006 0
a range +5400 +6000 1003 9002 0
a range +3600 +6000 1006 2045 0
a range +5400 +6000 1006 2036 0
a range +5400 +6000 1007 2040 0
a range +4200 +6000 1007 2050 0
a range +4800 +6000 1009 2051 0
a range +4800 +6000 2007 1002 0
a range +5400 +6000 2036 1006 0
a range +5400 +6000 2040 1007 0
a range +3600 +6000 2045 1006 0
a range +4200 +6000 2050 1007 0
a range +4800 +6000 2051 1009 0
a range +4800 +6000 2057 1002 0
a range +5400 +6000 9002 1003 0
a range +4200 +6000 9005 1002 0
a range +4800 +6000 9006 1003 0
a range +6000 +6600 1006 2018 0
a range +6000 +6600 1007 2050 0
a range +6000 +6600 1007 2051 0
a range +5400 +6600 1008 2029 0
a range +3000 +6600 1009 2034 0
a range +6000 +6600 2018 1006 0
a range +5400 +6600 2029 1008 0
a range +3000 +6600 2034 1009 0
a range +6000 +6600 2050 1007 0
a range +6000 +6600 2051 1007 0
a range +5400 +7200 1001 2022 0
a range +5400 +7200 1001 2009 0
a range +6000 +7200 1002 2056 0
a range +6000 +7200 1002 9004 0
a range +6000 +7200 1003 2039 0
a range +3600 +7200 1003 2049 0
a range +4200 +7200 1005 9003 0
a range +1200 +7200 1005 2005 0
a range +0 +7200 1007 2048 0
a range +6600 +7200 1007 2018 0
a range +4800 +7200 1008 2003 0
a range +6600 +7200 1008 2002 0
a range +6600 +7200 2002 1008 0
a range +4800 +7200 2003 1008 0
a range +1200 +7200 2005 1005 0
a range +5400 +7200 2009 1001 0
a range +6600 +7200 2018 1007 0
a range +5400 +7200 2022 1001 0
a range +6000 +7200 2039 1003 0
a range +0 +7200 2048 1007 0
a range +3600 +7200 2049 1003 0
a range +6000 +7200 2056 1002 0
a range +4200 +7200 9003 1005 0
a range +6000 +7200 9004 1002 0
a range +2400 +7800 1001 2042 0
a range +7200 +7800 1001 2004 0
a range +7200 +7800 1002 9005 0
a range +6000 +7800 1003 2010 0
a range +5400 +7800 1004 2062 0
a range +3000 +7800 1004 2059 0
a range +7200 +7800 1005 9004 0
a range +6600 +7800 1006 2021 0
a range +6000 +7800 1006 2041 0
a range +7200 +7800 1007 2039 0
a range +7200 +7800 1008 2035 0
a range +7200 +7800 2004 1001 0
a range +6000 +7800 2010 1003 0
a range +6600 +7800 2021 1006 0
a range +7200 +7800 2035 1008 0
a range +7200 +7800 2039 1007 0
a range +6000 +7800 2041 1006 0
a range +2400 +7800 2042 1001 0
a range +3000 +7800 2059 1004 0
a range +5400 +7800 2062 1004 0
a range +7200 +7800 9004 1005 0
a range +7200 +7800 9005 1002 0
a range +7800 +8400 1001 2029 0
a range +7200 +8400 1008 2028 0
a range +7800 +8400 1008 2024 0
a range +6600 +8400 1009 2045 0
a range +7800 +8400 2024 1008 0
a range +7200 +8400 2028 1008 0
a range +7800 +8400 2029 1001 0
a range +6600 +8400 2045 1009 0
a range +7800 +9000 1002 9004 0
a range +7800 +9000 1003 2056 0
a range +7200 +9000 1003 2044 0
a range +7800 +9000 1004 2062 0
a range +7800 +9000 1006 2023 0
a range +7800 +9000 1006 2057 0
a range +7200 +9000 1007 2054 0
a range +7800 +9000 1007 2059 0
a range +7200 +9000 1007 2048 0
a range +8400 +9000 1008 2043 0
a range +7800 +9000 2023 1006 0
a range +8400 +9000 2043 1008 0
a range +7200 +9000 2044 1003 0
a range +7200 +9000 2048 1007 0
a range +7200 +9000 2054 1007 0
a range +7800 +9000 2056 1003 0
a range +7800 +9000 2057 1006 0
a range +7800 +9000 2059 1007 0
a range +7800 +9000 2062 1004 0
a range +7800 +9000 9004 1002 0
a range +6000 +9600 1002 9006 0
a range +7800 +9600 1004 2007 0
a range +9000 +9600 1007 2060 0
a range +7800 +9600 2007 1004 0
a range +9000 +9600 2060 1007 0
a range +6000 +9600 9006 1002 0
a range +8400 +10200 1001 2010 0
a range +7200 +10200 1001 2051 0
a range +9000 +10200 1003 2035 0
a range +7200 +10200 1003 2003 0
a range +9000 +10200 1003 2019 0
a range +5400 +10200 1004 2030 0
a range +7200 +10200 1005 2016 0
a range +9000 +10200 1006 2018 0
a range +9000 +10200 1006 2026 0
a range +3600 +10200 1006 2012 0
a range +0 +10200 1008 2006 0
a range +8400 +10200 1008 2015 0
a range +9000 +10200 1008 2002 0
a range +4200 +10200 1009 9001 0
a range +9000 +10200 2002 1008 0
a range +7200 +10200 2003 1003 0
a range +0 +10200 2006 1008 0
a range +8400 +10200 2010 1001 0
a range +3600 +10200 2012 1006 0
a range +8400 +10200 2015 1008 0
a range +7200 +10200 2016 1005 0
a range +9000 +10200 2018 1006 0
a range +9000 +10200 2019 1003 0
a range +9000 +10200 2026 1006 0
a range +5400 +10200 2030 1004 0
a range +9000 +10200 2035 1003 0
a range +7200 +10200 2051 1001 0
a range +4200 +10200 9001 1009 0
a range +7200 +10800 1002 9002 0
a range +9000 +10800 1002 9005 0
a range +9000 +10800 1004 9004 0
a range +7800 +10800 1005 2001 0
a range +9000 +10800 1007 2028 0
a range +9000 +10800 1007 2034 0
a range +10200 +10800 1008 2009 0
a range +7800 +10800 2001 1005 0
a range +10200 +10800 2009 1008 0
a range +9000 +10800 2028 1007 0
a range +9000 +10800 2034 1007 0
a range +7200 +10800 9002 1002 0
a range +9000 +10800 9004 1004 0
a range +9000 +10800 9005 1002 0
a range +10200 +11400 1001 2027 0
a range +10800 +11400 1002 9004 0
a range +10200 +11400 1003 2011 0
a range +10200 +11400 1003 2012 0
a range +9600 +11400 1004 2032 0
a range +10200 +11400 1004 2051 0
a range +10200 +11400 1006 2010 0
a range +10800 +11400 1007 2004 0
a range +10200 +11400 1008 2020 0
a range +8400 +11400 1009 2033 0
a range +10800 +11400 2004 1007 0
a range +10200 +11400 2010 1006 0
a range +10200 +11400 2011 1003 0
a range +10200 +11400 2012 1003 0
a range +10200 +11400 2020 1008 0
a range +10200 +11400 2027 1001 0
a range +9600 +11400 2032 1004 0
a range +8400 +11400 2033 1009 0
a range +10200 +11400 2051 1004 0
a range +10800 +11400 9004 1002 0
a range +7800 +12000 1001 2042 0
a range +11400 +12000 1001 2047 0
a range +11400 +12000 1004 2064 0
a range +11400 +12000 1004 9006 0
a range +10800 +12000 1005 2029 0
a range +11400 +12000 1007 2002 0
a range +10800 +12000 1008 9005 0
a range +10200 +12000 1008 2021 0
a range +11400 +12000 2002 1007 0
a range +10200 +12000 2021 1008 0
a range +10800 +12000 2029 1005 0
a range +7800 +12000 2042 1001 0
a range +11400 +12000 2047 1001 0
a range +11400 +12000 2064 1004 0
a range +10800 +12000 9005 1008 0
a range +11400 +12000 9006 1004 0
a range +10200 +12600 1001 2059 0
a range +11400 +12600 1003 2045 0
a range +11400 +12600 1003 2026 0
a range +12000 +12600 1004 2016 0
a range +4200 +12600 1005 2031 0
a range +12000 +12600 1005 2054 0
a range +12000 +12600 1008 2004 0
a range +12000 +12600 2004 1008 0
a range +12000 +12600 2016 1004 0
a range +11400 +12600 2026 1003 0
a range +4200 +12600 2031 1005 0
a range +11400 +12600 2045 1003 0
a range +12000 +12600 2054 1005 0
a range +10200 +12600 2059 1001 0
a range +12000 +13200 1001 2007 0
a range +9600 +13200 1002 2014 0
a range +12600 +13200 1003 2018 0
a range +12600 +13200 1005 2062 0
a range +11400 +13200 1006 2020 0
a range +9600 +13200 1007 2008 0
a range +10800 +13200 1007 2017 0
a range +12000 +13200 1008 2041 0
a range +11400 +13200 1008 9003 0
a range +12000 +13200 2007 1001 0
a range +9600 +13200 2008 1007 0
a range +9600 +13200 2014 1002 0
a range +10800 +13200 2017 1007 0
a range +12600 +13200 2018 1003 0
a range +11400 +13200 2020 1006 0
a range +12000 +13200 2041 1008 0
a range +12600 +13200 2062 1005 0
a range +11400 +13200 9003 1008 0
a range +13200 +13800 1001 2004 0
a range +12000 +13800 1001 2011 0
a range +12000 +13800 1004 2063 0
a range +13200 +13800 1006 2010 0
a range +12000 +13800 1007 2043 0
a range +13200 +13800 1008 9001 0
a range +13200 +13800 1008 2048 0
a range +12600 +13800 1008 2028 0
a range +11400 +13800 1009 2038 0
a range +13200 +13800 2004 1001 0
a range +13200 +13800 2010 1006 0
a range +12000 +13800 2011 1001 0
a range +12600 +13800 2028 1008 0
a range +11400 +13800 2038 1009 0
a range +12000 +13800 2043 1007 0
a range +13200 +13800 2048 1008 0
a range +12000 +13800 2063 1004 0
a range +13200 +13800 9001 1008 0
a range +13800 +14400 1001 2053 0
a range +13200 +14400 1002 9006 0
a range +13200 +14400 1003 2015 0
a range +13800 +14400 1004 2043 0
a range +13800 +14400 1006 2032 0
a range +6000 +14400 1009 2037 0
a range +13200 +14400 2015 1003 0
a range +13800 +14400 2032 1006 0
a range +6000 +14400 2037 1009 0
a range +13800 +14400 2043 1004 0
a range +13800 +14400 2053 1001 0
a range +13200 +14400 9006 1002 0
a range +14400 +15000 1001 9006 0
a range +11400 +15000 1002 2001 0
a range +12600 +15000 1003 2050 0
a range +10800 +15000 1004 9002 0
a range +14400 +15000 1006 2061 0
a range +13800 +15000 1008 2023 0
a range +13800 +15000 1008 2017 0
a range +11400 +15000 2001 1002 0
a range +13800 +15000 2017 1008 0
a range +13800 +15000 2023 1008 0
a range +12600 +15000 2050 1003 0
a range +14400 +15000 2061 1006 0
a range +10800 +15000 9002 1004 0
a range +14400 +15000 9006 1001 0
a range +12600 +15600 1001 2054 0
a range +13800 +15600 1001 9004 0
a range +15000 +15600 1001 9002 0
a range +15000 +15600 1004 2050 0
a range +13200 +15600 1007 2045 0
a range +13800 +15600 1008 9001 0
a range +14400 +15600 1009 2060 0
a range +13200 +15600 2045 1007 0
a range +15000 +15600 2050 1004 0
a range +12600 +15600 2054 1001 0
a range +14400 +15600 2060 1009 0
a range +13800 +15600 9001 1008 0
a range +15000 +15600 9002 1001 0
a range +13800 +15600 9004 1001 0
a range +15600 +16200 1001 9006 0
a range +14400 +16200 1003 2064 0
a range +10200 +16200 1003 2046 0
a range +14400 +16200 1004 2016 0
a range +15000 +16200 1006 2002 0
a range +13800 +16200 1007 2029 0
a range +15000 +16200 1008 2063 0
a range +15000 +16200 2002 1006 0
a range +14400 +16200 2016 1004 0
a range +13800 +16200 2029 1007 0
a range +10200 +16200 2046 1003 0
a range +15000 +16200 2063 1008 0
a range +14400 +16200 2064 1003 0
a range +15600 +16200 9006 1001 0
a range +16200 +16800 1001 2053 0
a range +15000 +16800 1003 2035 0
a range +16200 +16800 1004 2030 0
a range +13200 +16800 1005 2047 0
a range +13800 +16800 1009 2020 0
a range +13800 +16800 2020 1009 0
a range +16200 +16800 2030 1004 0
a range +15000 +16800 2035 1003 0
a range +13200 +16800 2047 1005 0
a range +16200 +16800 2053 1001 0
a range +15600 +17400 1001 2060 0
a range +16800 +17400 1001 2006 0
a range +16800 +17400 1004 2008 0
a range +12600 +17400 1005 2033 0
a range +10200 +17400 1006 2003 0
a range +15600 +17400 1007 2021 0
a range +16200 +17400 1007 2012 0
a range +15000 +17400 1008 2048 0
a range +15600 +17400 1008 9005 0
a range +10200 +17400 2003 1006 0
a range +16800 +17400 2006 1001 0
a range +16800 +17400 2008 1004 0
a range +16200 +17400 2012 1007 0
a range +15600 +17400 2021 1007 0
a range +12600 +17400 2033 1005 0
a range +15000 +17400 2048 1008 0
a range +15600 +17400 2060 1001 0
a range +15600 +17400 9005 1008 0
a range +17400 +18000 1001 2029 0
a range +16800 +18000 1003 2018 0
a range +17400 +18000 1004 2030 0
a range +17400 +18000 1006 9003 0
a range +17400 +18000 1007 2053 0
a range +13200 +18000 1007 2058 0
a range +17400 +18000 1008 2039 0
a range +16200 +18000 1008 9002 0
a range +16800 +18000 1009 2049 0
a range +15600 +18000 1009 2027 0
a range +16800 +18000 2018 1003 0
a range +15600 +18000 2027 1009 0
a range +17400 +18000 2029 1001 0
a range +17400 +18000 2030 1004 0
a range +17400 +18000 2039 1008 0
a range +16800 +18000 2049 1009 0
a range +17400 +18000 2053 1007 0
a range +13200 +18000 2058 1007 0
a range +16200 +18000 9002 1008 0
a range +17400 +18000 9003 1006 0
a range +18000 +18600 1001 9003 0
a range +17400 +18600 1001 2005 0
a range +18000 +18600 1003 2032 0
a range +18000 +18600 1004 2043 0
a range +17400 +18600 1007 2004 0
a range +18000 +18600 1009 2060 0
a range +17400 +18600 2004 1007 0
a range +17400 +18600 2005 1001 0
a range +18000 +18600 2032 1003 0
a range +18000 +18600 2043 1004 0
a range +18000 +18600 2060 1009 0
a range +18000 +18600 9003 1001 0
a range +18600 +19200 1004 2006 0
a range +15600 +19200 1004 2045 0
a range +18000 +19200 1008 2048 0
a range +17400 +19200 1008 2007 0
a range +18600 +19200 2006 1004 0
a range +17400 +19200 2007 1008 0
a range +15600 +19200 2045 1004 0
a range +18000 +19200 2048 1008 0
a range +18600 +19800 1001 2002 0
a range +15000 +19800 1002 2031 0
a range +18000 +19800 1007 2037 0
a range +18600 +19800 1007 2054 0
a range +18600 +19800 2002 1001 0
a range +15000 +19800 2031 1002 0
a range +18000 +19800 2037 1007 0
a range +18600 +19800 2054 1007 0
a range +19800 +20400 1001 9001 0
a range +18600 +20400 1001 2018 0
a range +10800 +20400 1002 2056 0
a range +14400 +20400 1002 2015 0
a range +18600 +20400 1003 2051 0
a range +16200 +20400 1003 2038 0
a range +16200 +20400 1003 2023 0
a range +16800 +20400 1005 2001 0
a range +18000 +20400 1006 9002 0
a range +16200 +20400 1006 2009 0
a range +10200 +20400 1006 2040 0
a range +18000 +20400 1007 9005 0
a range +19800 +20400 1007 9003 0
a range +19200 +20400 1008 2057 0
a range +18600 +20400 1009 2033 0
a range +16800 +20400 2001 1005 0
a range +16200 +20400 2009 1006 0
a range +14400 +20400 2015 1002 0
a range +18600 +20400 2018 1001 0
a range +16200 +20400 2023 1003 0
a range +18600 +20400 2033 1009 0
a range +16200 +20400 2038 1003 0
a range +10200 +20400 2040 1006 0
a range +18600 +20400 2051 1003 0
a range +10800 +20400 2056 1002 0
a range +19200 +20400 2057 1008 0
a range +19800 +20400 9001 1001 0
a range +18000 +20400 9002 1006 0
a range +19800 +20400 9003 1007 0
a range +18000 +20400 9005 1007 0
a range +19800 +21000 1002 2007 0
a range +20400 +21000 1003 9005 0
a range +20400 +21000 1007 2004 0
a range +19800 +21000 1007 2035 0
a range +20400 +21000 1007 9004 0
a range +19200 +21000 1008 2011 0
a range +20400 +21000 1009 2020 0
a range +20400 +21000 2004 1007 0
a range +19800 +21000 2007 1002 0
a range +19200 +21000 2011 1008 0
a range +20400 +21000 2020 1009 0
a range +19800 +21000 2035 1007 0
a range +20400 +21000 9004 1007 0
a range +20400 +21000 9005 1003 0
a range +20400 +21600 1002 2054 0
a range +20400 +21600 1003 2045 0
a range +20400 +21600 1003 9003 0
a range +19200 +21600 1004 2049 0
a range +20400 +21600 1005 2044 0
a range +20400 +21600 1006 2002 0
a range +20400 +21600 1006 2018 0
a range +21000 +21600 1007 2003 0
a range +20400 +21600 1008 2026 0
a range +21000 +21600 1009 2008 0
a range +20400 +21600 2002 1006 0
a range +21000 +21600 2003 1007 0
a range +21000 +21600 2008 1009 0
a range +20400 +21600 2018 1006 0
a range +20400 +21600 2026 1008 0
a range +20400 +21600 2044 1005 0
a range +20400 +21600 2045 1003 0
a range +19200 +21600 2049 1004 0
a range +20400 +21600 2054 1002 0
a range +20400 +21600 9003 1003 0
a range +15600 +22200 1001 2052 0
a range +21000 +22200 1003 2017 0
a range +21600 +22200 1006 2043 0
a range +18000 +22200 1008 2061 0
a range +18000 +22200 1009 2039 0
a range +21000 +22200 2017 1003 0
a range +18000 +22200 2039 1009 0
a range +21600 +22200 2043 1006 0
a range +15600 +22200 2052 1001 0
a range +18000 +22200 2061 1008 0
a range +22200 +22800 1003 9003 0
a range +21600 +22800 1008 2008 0
a range +21600 +22800 1009 2038 0
a range +21600 +22800 2008 1008 0
a range +21600 +22800 2038 1009 0
a range +22200 +22800 9003 1003 0
a range +22200 +23400 1001 2057 0
a range +20400 +23400 1001 2032 0
a range +21600 +23400 1002 2049 0
a range +21600 +23400 1003 2007 0
a range +21600 +23400 1004 2059 0
a range +22800 +23400 1008 2011 0
a range +21600 +23400 2007 1003 0
a range +22800 +23400 2011 1008 0
a range +20400 +23400 2032 1001 0
a range +21600 +23400 2049 1002 0
a range +22200 +23400 2057 1001 0
a range +21600 +23400 2059 1004 0
a range +22800 +24000 1003 2016 0
a range +21600 +24000 1003 9002 0
a range +17400 +24000 1005 2021 0
a range +21600 +24000 1005 2015 0
a range +21600 +24000 1006 9004 0
a range +21600 +24000 1007 9006 0
a range +21000 +24000 1008 2060 0
a range +22200 +24000 1008 2006 0
a range +22800 +24000 1009 2037 0
a range +22200 +24000 2006 1008 0
a range +21600 +24000 2015 1005 0
a range +22800 +24000 2016 1003 0
a range +17400 +24000 2021 1005 0
a range +22800 +24000 2037 1009 0
a range +21000 +24000 2060 1008 0
a range +21600 +24000 9002 1003 0
a range +21600 +24000 9004 1006 0
a range +21600 +24000 9006 1007 0
a range +23400 +24600 1002 2038 0
a range +20400 +24600 1002 2046 0
a range +23400 +24600 1003 2002 0
a range +24000 +24600 1003 9004 0
a range +10200 +24600 1005 2036 0
a range +20400 +24600 1006 2031 0
a range +21000 +24600 1007 9005 0
a range +24000 +24600 1008 2058 0
a range +24000 +24600 1009 2050 0
a range +23400 +24600 2002 1003 0
a range +20400 +24600 2031 1006 0
a range +10200 +24600 2036 1005 0
a range +23400 +24600 2038 1002 0
a range +20400 +24600 2046 1002 0
a range +24000 +24600 2050 1009 0
a range +24000 +24600 2058 1008 0
a range +24000 +24600 9004 1003 0
a range +21000 +24600 9005 1007 0
a range +23400 +25200 1001 2062 0
a range +23400 +25200 1001 2045 0
a range +24600 +25200 1002 2023 0
a range +21000 +25200 1002 2053 0
a range +24600 +25200 1003 2041 0
a range +24600 +25200 1003 9003 0
a range +12600 +25200 1004 2013 0
a range +23400 +25200 1004 2020 0
a range +24600 +25200 1005 2037 0
a range +24600 +25200 1007 9006 0
a range +24000 +25200 1008 2014 0
a range +10200 +25200 1009 2019 0
a range +22200 +25200 1009 2063 0
a range +12600 +25200 2013 1004 0
a range +24000 +25200 2014 1008 0
a range +10200 +25200 2019 1009 0
a range +23400 +25200 2020 1004 0
a range +24600 +25200 2023 1002 0
a range +24600 +25200 2037 1005 0
a range +24600 +25200 2041 1003 0
a range +23400 +25200 2045 1001 0
a range +21000 +25200 2053 1002 0
a range +23400 +25200 2062 1001 0
a range +22200 +25200 2063 1009 0
a range +24600 +25200 9003 1003 0
a range +24600 +25200 9006 1007 0
a range +25200 +25800 1004 2029 0
a range +24600 +25800 1006 2002 0
a range +24000 +25800 1007 9002 0
a range +24600 +25800 1008 2006 0
a range +25200 +25800 1009 2023 0
a range +24600 +25800 2002 1006 0
a range +24600 +25800 2006 1008 0
a range +25200 +25800 2023 1009 0
a range +25200 +25800 2029 1004 0
a range +24000 +25800 9002 1007 0
a range +24600 +26400 1002 2051 0
a range +25200 +26400 1003 2005 0
a range +25200 +26400 1003 2052 0
a range +24000 +26400 1005 2021 0
a range +25200 +26400 1005 2030 0
a range +24000 +26400 1006 2025 0
a range +22200 +26400 1006 2033 0
a range +25800 +26400 1008 2026 0
a range +25200 +26400 1008 2012 0
a range +25200 +26400 1009 2063 0
a range +24600 +26400 1009 2027 0
a range +25200 +26400 2005 1003 0
a range +25200 +26400 2012 1008 0
a range +24000 +26400 2021 1005 0
a range +24000 +26400 2025 1006 0
a range +25800 +26400 2026 1008 0
a range +24600 +26400 2027 1009 0
a range +25200 +26400 2030 1005 0
a range +22200 +26400 2033 1006 0
a range +24600 +26400 2051 1002 0
a range +25200 +26400 2052 1003 0
a range +25200 +26400 2063 1009 0
a range +25200 +27000 1001 2024 0
a range +25200 +27000 1002 2018 0
a range +26400 +27000 1003 2038 0
a range +26400 +27000 1005 2061 0
a range +25800 +27000 1006 2010 0
a range +26400 +27000 1006 2053 0
a range +26400 +27000 1008 2029 0
a range +25800 +27000 1009 2017 0
a range +25800 +27000 2010 1006 0
a range +25800 +27000 2017 1009 0
a range +25200 +27000 2018 1002 0
a range +25200 +27000 2024 1001 0
a range +26400 +27000 2029 1008 0
a range +26400 +27000 2038 1003 0
a range +26400 +27000 2053 1006 0
a range +26400 +27000 2061 1005 0
a range +20400 +27600 1001 2009 0
a range +27000 +27600 1001 2054 0
a range +26400 +27600 1002 2052 0
a range +25200 +27600 1002 2056 0
a range +26400 +27600 1006 2049 0
a range +21000 +27600 1007 2022 0
a range +25200 +27600 1007 2041 0
a range +26400 +27600 1008 2032 0
a range +26400 +27600 1009 2042 0
a range +27000 +27600 1009 2013 0
a range +26400 +27600 1009 9003 0
a range +20400 +27600 2009 1001 0
a range +27000 +27600 2013 1009 0
a range +21000 +27600 2022 1007 0
a range +26400 +27600 2032 1008 0
a range +25200 +27600 2041 1007 0
a range +26400 +27600 2042 1009 0
a range +26400 +27600 2049 1006 0
a range +26400 +27600 2052 1002 0
a range +27000 +27600 2054 1001 0
a range +25200 +27600 2056 1002 0
a range +26400 +27600 9003 1009 0
a range +27000 +28200 1003 2046 0
a range +25800 +28200 1004 2062 0
a range +27000 +28200 1005 2002 0
a range +26400 +28200 1005 2014 0
a range +27600 +28200 1008 2029 0
a range +23400 +28200 1008 2059 0
a range +27000 +28200 2002 1005 0
a range +26400 +28200 2014 1005 0
a range +27600 +28200 2029 1008 0
a range +27000 +28200 2046 1003 0
a range +23400 +28200 2059 1008 0
a range +25800 +28200 2062 1004 0
a range +27600 +28800 1001 2032 0
a range +27000 +28800 1002 2047 0
a range +26400 +28800 1003 9004 0
a range +28200 +28800 1003 2043 0
a range +24000 +28800 1005 2039 0
a range +28200 +28800 1005 2029 0
a range +27600 +28800 1006 2003 0
a range +28200 +28800 1008 2038 0
a range +27600 +28800 1009 2054 0
a range +27600 +28800 2003 1006 0
a range +28200 +28800 2029 1005 0
a range +27600 +28800 2032 1001 0
a range +28200 +28800 2038 1008 0
a range +24000 +28800 2039 1005 0
a range +28200 +28800 2043 1003 0
a range +27000 +28800 2047 1002 0
a range +27600 +28800 2054 1009 0
a range +26400 +28800 9004 1003 0
a range +27600 +29400 1001 2024 0
a range +28800 +29400 1002 2009 0
a range +28800 +29400 1003 2032 0
a range +27000 +29400 1006 2017 0
a range +27000 +29400 1006 2018 0
a range +27600 +29400 1007 2022 0
a range +27000 +29400 1008 2064 0
a range +28200 +29400 1008 2002 0
a range +27600 +29400 1009 2049 0
a range +28200 +29400 2002 1008 0
a range +28800 +29400 2009 1002 0
a range +27000 +29400 2017 1006 0
a range +27000 +29400 2018 1006 0
a range +27600 +29400 2022 1007 0
a range +27600 +29400 2024 1001 0
a range +28800 +29400 2032 1003 0
a range +27600 +29400 2049 1009 0
a range +27000 +29400 2064 1008 0
a range +25200 +30000 1001 2028 0
a range +27600 +30000 1002 9001 0
a range +28200 +30000 1004 2031 0
a range +25200 +30000 1004 2035 0
a range +28800 +30000 1005 2011 0
a range +28800 +30000 1005 2030 0
a range +28200 +30000 1005 2004 0
a range +29400 +30000 1006 2009 0
a range +27600 +30000 1007 2058 0
a range +25800 +30000 1007 2034 0
a range +29400 +30000 1008 2008 0
a range +27600 +30000 1009 9002 0
a range +28200 +30000 2004 1005 0
a range +29400 +30000 2008 1008 0
a range +29400 +30000 2009 1006 0
a range +28800 +30000 2011 1005 0
a range +25200 +30000 2028 1001 0
a range +28800 +30000 2030 1005 0
a range +28200 +30000 2031 1004 0
a range +25800 +30000 2034 1007 0
a range +25200 +30000 2035 1004 0
a range +27600 +30000 2058 1007 0
a range +27600 +30000 9001 1002 0
a range +27600 +30000 9002 1009 0
a range +28800 +30600 1001 2025 0
a range +30000 +30600 1001 2058 0
a range +28800 +30600 1006 2026 0
a range +30000 +30600 1008 2050 0
a range +28800 +30600 1008 2023 0
a range +28800 +30600 2023 1008 0
a range +28800 +30600 2025 1001 0
a range +28800 +30600 2026 1006 0
a range +30000 +30600 2050 1008 0
a range +30000 +30600 2058 1001 0
a range +30600 +31200 1006 2037 0
a range +30600 +31200 1008 2045 0
a range +30600 +31200 2037 1006 0
a range +30600 +31200 2045 1008 0
a range +30000 +31800 1002 2051 0
a range +30000 +31800 1009 2054 0
a range +28800 +31800 1009 9006 0
a range +30000 +31800 2051 1002 0
a range +30000 +31800 2054 1009 0
a range +28800 +31800 9006 1009 0
a range +30600 +32400 1001 2052 0
a range +29400 +32400 1001 2027 0
a range +30600 +32400 1001 2025 0
a range +27600 +32400 1002 2055 0
a range +30000 +32400 1005 2062 0
a range +31200 +32400 1006 2050 0
a range +29400 +32400 1006 2044 0
a range +30000 +32400 1006 2046 0
a range +29400 +32400 1007 2041 0
a range +31200 +32400 1008 2014 0
a range +30600 +32400 1008 2024 0
a range +31800 +32400 1009 2029 0
a range +31200 +32400 2014 1008 0
a range +30600 +32400 2024 1008 0
a range +30600 +32400 2025 1001 0
a range +29400 +32400 2027 1001 0
a range +31800 +32400 2029 1009 0
a range +29400 +32400 2041 1007 0
a range +29400 +32400 2044 1006 0
a range +30000 +32400 2046 1006 0
a range +31200 +32400 2050 1006 0
a range +30600 +32400 2052 1001 0
a range +27600 +32400 2055 1002 0
a range +30000 +32400 2062 1005 0
a range +32400 +33000 1001 2052 0
a range +32400 +33000 1001 2010 0
a range +24000 +33000 1003 2015 0
a range +29400 +33000 1003 2043 0
a range +19200 +33000 1004 2048 0
a range +32400 +33000 1006 2006 0
a range +32400 +33000 1006 9005 0
a range +30000 +33000 1007 2028 0
a range +30000 +33000 1007 2057 0
a range +32400 +33000 1008 2037 0
a range +29400 +33000 1009 2022 0
a range +32400 +33000 2006 1006 0
a range +32400 +33000 2010 1001 0
a range +24000 +33000 2015 1003 0
a range +29400 +33000 2022 1009 0
a range +30000 +33000 2028 1007 0
a range +32400 +33000 2037 1008 0
a range +29400 +33000 2043 1003 0
a range +19200 +33000 2048 1004 0
a range +32400 +33000 2052 1001 0
a range +30000 +33000 2057 1007 0
a range +32400 +33000 9005 1006 0
a range +32400 +33600 1001 2032 0
a range +32400 +33600 1002 2049 0
a range +30000 +33600 1004 2042 0
a range +33000 +33600 1007 2051 0
a range +29400 +33600 1008 2060 0
a range +32400 +33600 2032 1001 0
a range +30000 +33600 2042 1004 0
a range +32400 +33600 2049 1002 0
a range +33000 +33600 2051 1007 0
a range +29400 +33600 2060 1008 0
a range +33000 +34200 1001 2004 0
a range +33000 +34200 1001 2038 0
a range +33600 +34200 1002 2006 0
a range +29400 +34200 1002 2017 0
a range +33000 +34200 1003 2016 0
a range +30000 +34200 1005 2063 0
a range +33000 +34200 1006 2058 0
a range +33000 +34200 1007 2041 0
a range +33600 +34200 1008 2050 0
a range +33000 +34200 1008 2057 0
a range +31800 +34200 1009 2012 0
a range +33000 +34200 2004 1001 0
a range +33600 +34200 2006 1002 0
a range +31800 +34200 2012 1009 0
a range +33000 +34200 2016 1003 0
a range +29400 +34200 2017 1002 0
a range +33000 +34200 2038 1001 0
a range +33000 +34200 2041 1007 0
a range +33600 +34200 2050 1008 0
a range +33000 +34200 2057 1008 0
a range +33000 +34200 2058 1006 0
a range +30000 +34200 2063 1005 0
a range +34200 +34800 1002 2022 0
a range +31800 +34800 1002 9001 0
a range +34200 +34800 1002 2006 0
a range +33000 +34800 1003 2018 0
a range +33000 +34800 1004 2033 0
a range +33600 +34800 1004 2055 0
a range +30000 +34800 1005 2030 0
a range +34200 +34800 1005 2062 0
a range +32400 +34800 1006 9003 0
a range +32400 +34800 1008 2013 0
a range +34200 +34800 2006 1002 0
a range +32400 +34800 2013 1008 0
a range +33000 +34800 2018 1003 0
a range +34200 +34800 2022 1002 0
a range +30000 +34800 2030 1005 0
a range +33000 +34800 2033 1004 0
a range +33600 +34800 2055 1004 0
a range +34200 +34800 2062 1005 0
a range +31800 +34800 9001 1002 0
a range +32400 +34800 9003 1006 0
a range +34800 +35400 1002 2046 0
a range +34800 +35400 1003 2048 0
a range +34200 +35400 1003 2040 0
a range +30000 +35400 1004 2001 0
a range +34800 +35400 1005 2004 0
a range +34800 +35400 1006 9001 0
a range +33600 +35400 1007 2008 0
a range +34200 +35400 1008 2003 0
a range +32400 +35400 1009 2024 0
a range +30000 +35400 2001 1004 0
a range +34200 +35400 2003 1008 0
a range +34800 +35400 2004 1005 0
a range +33600 +35400 2008 1007 0
a range +32400 +35400 2024 1009 0
a range +34200 +35400 2040 1003 0
a range +34800 +35400 2046 1002 0
a range +34800 +35400 2048 1003 0
a range +34800 +35400 9001 1006 0
a range +34800 +36000 1002 2052 0
a range +34800 +36000 1002 9004 0
a range +35400 +36000 1003 2006 0
a range +34800 +36000 1004 2032 0
a range +35400 +36000 1005 2019 0
a range +34800 +36000 1005 2033 0
a range +34200 +36000 1007 2058 0
a range +32400 +36000 1007 2027 0
a range +34800 +36000 1008 9003 0
a range +35400 +36000 2006 1003 0
a range +35400 +36000 2019 1005 0
a range +32400 +36000 2027 1007 0
a range +34800 +36000 2032 1004 0
a range +34800 +36000 2033 1005 0
a range +34800 +36000 2052 1002 0
a range +34200 +36000 2058 1007 0
a range +34800 +36000 9003 1008 0
a range +34800 +36000 9004 1002 0
a range +33600 +36600 1001 2064 0
a range +34200 +36600 1001 2025 0
a range +34200 +36600 1001 2050 0
a range +36000 +36600 1004 2004 0
a range +32400 +36600 1005 2014 0
a range +34200 +36600 1006 2042 0
a range +35400 +36600 1006 2048 0
a range +35400 +36600 1007 2030 0
a range +36000 +36600 1007 2060 0
a range +34200 +36600 1008 9005 0
a range +35400 +36600 1008 2037 0
a range +33000 +36600 1009 2045 0
a range +36000 +36600 2004 1004 0
a range +32400 +36600 2014 1005 0
a range +34200 +36600 2025 1001 0
a range +35400 +36600 2030 1007 0
a range +35400 +36600 2037 1008 0
a range +34200 +36600 2042 1006 0
a range +33000 +36600 2045 1009 0
a range +35400 +36600 2048 1006 0
a range +34200 +36600 2050 1001 0
a range +36000 +36600 2060 1007 0
a range +33600 +36600 2064 1001 0
a range +34200 +36600 9005 1008 0
a range +36600 +37200 1001 2040 0
a range +35400 +37200 1003 2010 0
a range +34800 +37200 1004 2062 0
a range +36000 +37200 1005 2029 0
a range +36000 +37200 1005 2044 0
a range +36600 +37200 1005 2051 0
a range +33000 +37200 1006 2036 0
a range +36600 +37200 1008 2061 0
a range +36600 +37200 1009 2037 0
a range +35400 +37200 2010 1003 0
a range +36000 +37200 2029 1005 0
a range +33000 +37200 2036 1006 0
a range +36600 +37200 2037 1009 0
a range +36600 +37200 2040 1001 0
a range +36000 +37200 2044 1005 0
a range +36600 +37200 2051 1005 0
a range +36600 +37200 2061 1008 0
a range +34800 +37200 2062 1004 0
a range +37200 +37800 1001 9001 0
a range +36000 +37800 1002 2018 0
a range +28800 +37800 1003 2053 0
a range +36000 +37800 1007 2054 0
a range +36600 +37800 1007 2058 0
a range +36000 +37800 1008 2027 0
a range +35400 +37800 1009 2015 0
a range +35400 +37800 2015 1009 0
a range +36000 +37800 2018 1002 0
a range +36000 +37800 2027 1008 0
a range +28800 +37800 2053 1003 0
a range +36000 +37800 2054 1007 0
a range +36600 +37800 2058 1007 0
a range +37200 +37800 9001 1001 0
a range +36600 +38400 1001 2041 0
a range +36600 +38400 1001 2047 0
a range +37800 +38400 1001 2032 0
a range +36000 +38400 1002 2033 0
a range +37800 +38400 1003 2058 0
a range +37200 +38400 1005 2056 0
a range +37200 +38400 1008 2001 0
a range +34200 +38400 1009 2031 0
a range +37800 +38400 1009 2055 0
a range +37200 +38400 2001 1008 0
a range +34200 +38400 2031 1009 0
a range +37800 +38400 2032 1001 0
a range +36000 +38400 2033 1002 0
a range +36600 +38400 2041 1001 0
a range +36600 +38400 2047 1001 0
a range +37800 +38400 2055 1009 0
a range +37200 +38400 2056 1005 0
a range +37800 +38400 2058 1003 0
a range +36600 +39000 1006 2013 0
a range +36600 +39000 2013 1006 0
a range +38400 +39600 1001 9006 0
a range +38400 +39600 1001 2008 0
a range +38400 +39600 1001 9002 0
a range +37800 +39600 1002 2015 0
a range +37200 +39600 1003 2026 0
a range +38400 +39600 1003 2060 0
a range +36000 +39600 1003 2052 0
a range +36600 +39600 1004 2045 0
a range +38400 +39600 1005 2009 0
a range +37200 +39600 1005 2050 0
a range +36600 +39600 1006 9003 0
a range +37200 +39600 1006 2046 0
a range +37800 +39600 1007 2042 0
a range +37800 +39600 1007 2006 0
a range +37800 +39600 1008 2053 0
a range +37200 +39600 1009 2010 0
a range +37800 +39600 2006 1007 0
a range +38400 +39600 2008 1001 0
a range +38400 +39600 2009 1005 0
a range +37200 +39600 2010 1009 0
a range +37800 +39600 2015 1002 0
a range +37200 +39600 2026 1003 0
a range +37800 +39600 2042 1007 0
a range +36600 +39600 2045 1004 0
a range +37200 +39600 2046 1006 0
a range +37200 +39600 2050 1005 0
a range +36000 +39600 2052 1003 0
a range +37800 +39600 2053 1008 0
a range +38400 +39600 2060 1003 0
a range +38400 +39600 9002 1001 0
a range +36600 +39600 9003 1006 0
a range +38400 +39600 9006 1001 0
a range +36600 +40200 1007 2011 0
a range +36600 +40200 1008 2049 0
a range +36600 +40200 2011 1007 0
a range +36600 +40200 2049 1008 0
a range +38400 +40800 1002 2048 0
a range +39600 +40800 1003 2013 0
a range +39000 +40800 1006 2047 0
a range +40200 +40800 1008 9003 0
a range +39600 +40800 2013 1003 0
a range +39000 +40800 2047 1006 0
a range +38400 +40800 2048 1002 0
a range +40200 +40800 9003 1008 0
a range +40800 +41400 1002 2051 0
a range +39600 +41400 1002 2045 0
a range +39600 +41400 1003 2029 0
a range +39600 +41400 1007 2026 0
a range +39600 +41400 1007 2054 0
a range +40800 +41400 1008 2008 0
a range +38400 +41400 1008 9005 0
a range +38400 +41400 1009 2001 0
a range +39600 +41400 1009 2042 0
a range +38400 +41400 2001 1009 0
a range +40800 +41400 2008 1008 0
a range +39600 +41400 2026 1007 0
a range +39600 +41400 2029 1003 0
a range +39600 +41400 2042 1009 0
a range +39600 +41400 2045 1002 0
a range +40800 +41400 2051 1002 0
a range +39600 +41400 2054 1007 0
a range +38400 +41400 9005 1008 0
a range +39600 +42000 1001 2034 0
a range +41400 +42000 1002 2037 0
a range +39600 +42000 1004 2003 0
a range +39600 +42000 1005 9001 0
a range +41400 +42000 1008 2036 0
a range +39600 +42000 1008 2009 0
a range +39600 +42000 2003 1004 0
a range +39600 +42000 2009 1008 0
a range +39600 +42000 2034 1001 0
a range +41400 +42000 2036 1008 0
a range +41400 +42000 2037 1002 0
a range +39600 +42000 9001 1005 0
a range +42000 +42600 1002 2060 0
a range +41400 +42600 1002 2024 0
a range +41400 +42600 1003 2043 0
a range +39600 +42600 1006 2015 0
a range +40200 +42600 1007 2041 0
a range +42000 +42600 1008 2006 0
a range +41400 +42600 1008 2001 0
a range +41400 +42600 2001 1008 0
a range +42000 +42600 2006 1008 0
a range +39600 +42600 2015 1006 0
a range +41400 +42600 2024 1002 0
a range +40200 +42600 2041 1007 0
a range +41400 +42600 2043 1003 0
a range +42000 +42600 2060 1002 0
a range +42000 +43200 1001 2005 0
a range +41400 +43200 1007 2033 0
a range +42000 +43200 1008 2047 0
a range +41400 +43200 1009 2049 0
a range +38400 +43200 1009 2039 0
a range +42000 +43200 2005 1001 0
a range +41400 +43200 2033 1007 0
a range +38400 +43200 2039 1009 0
a range +42000 +43200 2047 1008 0
a range +41400 +43200 2049 1009 0
a range +43200 +43800 1001 2059 0
a range +42000 +43800 1004 2036 0
a range +42600 +43800 1006 2058 0
a range +41400 +43800 1007 2016 0
a range +43200 +43800 1007 2004 0
a range +43200 +43800 1008 2022 0
a range +42600 +43800 1008 9002 0
a range +43200 +43800 2004 1007 0
a range +41400 +43800 2016 1007 0
a range +43200 +43800 2022 1008 0
a range +42000 +43800 2036 1004 0
a range +42600 +43800 2058 1006 0
a range +43200 +43800 2059 1001 0
a range +42600 +43800 9002 1008 0
a range +42600 +44400 1002 2028 0
a range +40800 +44400 1003 2019 0
a range +42600 +44400 1003 2026 0
a range +39600 +44400 1005 2046 0
a range +42600 +44400 1007 2035 0
a range +41400 +44400 1009 2023 0
a range +40800 +44400 2019 1003 0
a range +41400 +44400 2023 1009 0
a range +42600 +44400 2026 1003 0
a range +42600 +44400 2028 1002 0
a range +42600 +44400 2035 1007 0
a range +39600 +44400 2046 1005 0
a range +43800 +45000 1001 2004 0
a range +39600 +45000 1001 9004 0
a range +42600 +45000 1002 2055 0
a range +43800 +45000 1004 2018 0
a range +44400 +45000 1005 2002 0
a range +43800 +45000 1006 2063 0
a range +40800 +45000 1006 2044 0
a range +43800 +45000 1007 2030 0
a range +44400 +45000 1007 2032 0
a range +43800 +45000 1007 2008 0
a range +44400 +45000 2002 1005 0
a range +43800 +45000 2004 1001 0
a range +43800 +45000 2008 1007 0
a range +43800 +45000 2018 1004 0
a range +43800 +45000 2030 1007 0
a range +44400 +45000 2032 1007 0
a range +40800 +45000 2044 1006 0
a range +42600 +45000 2055 1002 0
a range +43800 +45000 2063 1006 0
a range +39600 +45000 9004 1001 0
a range +45000 +45600 1001 9006 0
a range +45000 +45600 1002 2047 0
a range +37200 +45600 1004 2040 0
a range +45000 +45600 1007 2056 0
a range +45000 +45600 1007 2055 0
a range +44400 +45600 1009 2059 0
a range +37200 +45600 2040 1004 0
a range +45000 +45600 2047 1002 0
a range +45000 +45600 2055 1007 0
a range +45000 +45600 2056 1007 0
a range +44400 +45600 2059 1009 0
a range +45000 +45600 9006 1001 0
a range +45000 +46200 1001 9002 0
a range +44400 +46200 1003 2016 0
a range +45000 +46200 1004 2005 0
a range +35400 +46200 1004 2017 0
a range +45000 +46200 1006 2029 0
a range +43800 +46200 1008 2043 0
a range +45000 +46200 2005 1004 0
a range +44400 +46200 2016 1003 0
a range +35400 +46200 2017 1004 0
a range +45000 +46200 2029 1006 0
a range +43800 +46200 2043 1008 0
a range +45000 +46200 9002 1001 0
a range +45600 +46800 1001 2040 0
a range +46200 +46800 1003 2026 0
a range +45600 +46800 1004 2028 0
a range +42000 +46800 1005 2034 0
a range +45000 +46800 1005 2038 0
a range +46200 +46800 1006 2004 0
a range +45600 +46800 1007 2039 0
a range +45600 +46800 1007 2051 0
a range +46200 +46800 2004 1006 0
a range +46200 +46800 2026 1003 0
a range +45600 +46800 2028 1004 0
a range +42000 +46800 2034 1005 0
a range +45000 +46800 2038 1005 0
a range +45600 +46800 2039 1007 0
a range +45600 +46800 2040 1001 0
a range +45600 +46800 2051 1007 0
a range +46800 +47400 1001 2053 0
a range +35400 +47400 1002 2057 0
a range +45600 +47400 1002 2024 0
a range +46800 +47400 1005 2031 0
a range +46800 +47400 1007 2004 0
a range +42600 +47400 1008 2012 0
a range +43200 +47400 1009 2010 0
a range +43200 +47400 1009 2054 0
a range +45600 +47400 1009 2032 0
a range +46800 +47400 2004 1007 0
a range +43200 +47400 2010 1009 0
a range +42600 +47400 2012 1008 0
a range +45600 +47400 2024 1002 0
a range +46800 +47400 2031 1005 0
a range +45600 +47400 2032 1009 0
a range +46800 +47400 2053 1001 0
a range +43200 +47400 2054 1009 0
a range +35400 +47400 2057 1002 0
a range +47400 +48000 1001 2030 0
a range +47400 +48000 1002 2006 0
a range +44400 +48000 1002 2037 0
a range +44400 +48000 1003 2014 0
a range +46200 +48000 1004 2029 0
a range +46200 +48000 1004 2064 0
a range +37200 +48000 1005 2061 0
a range +46800 +48000 1005 2011 0
a range +45000 +48000 1006 2062 0
a range +46800 +48000 1007 2016 0
a range +46200 +48000 1008 2005 0
a range +47400 +48000 1009 2058 0
a range +47400 +48000 1009 2038 0
a range +46200 +48000 2005 1008 0
a range +47400 +48000 2006 1002 0
a range +46800 +48000 2011 1005 0
a range +44400 +48000 2014 1003 0
a range +46800 +48000 2016 1007 0
a range +46200 +48000 2029 1004 0
a range +47400 +48000 2030 1001 0
a range +44400 +48000 2037 1002 0
a range +47400 +48000 2038 1009 0
a range +47400 +48000 2058 1009 0
a range +37200 +48000 2061 1005 0
a range +45000 +48000 2062 1006 0
a range +46200 +48000 2064 1004 0
a range +47400 +48600 1008 2017 0
a range +43800 +48600 1008 2003 0
a range +43800 +48600 2003 1008 0
a range +47400 +48600 2017 1008 0
a range +48000 +49200 1001 2053 0
a range +46800 +49200 1003 9002 0
a range +48000 +49200 1004 9001 0
a range +48000 +49200 1004 2030 0
a range +48000 +49200 1006 2010 0
a range +39600 +49200 1006 2050 0
a range +46800 +49200 1006 2034 0
a range +45000 +49200 1007 9004 0
a range +47400 +49200 1007 9006 0
a range +48000 +49200 1007 2022 0
a range +48000 +49200 1008 2004 0
a range +47400 +49200 1009 2031 0
a range +48000 +49200 2004 1008 0
a range +48000 +49200 2010 1006 0
a range +48000 +49200 2022 1007 0
a range +48000 +49200 2030 1004 0
a range +47400 +49200 2031 1009 0
a range +46800 +49200 2034 1006 0
a range +39600 +49200 2050 1006 0
a range +48000 +49200 2053 1001 0
a range +48000 +49200 9001 1004 0
a range +46800 +49200 9002 1003 0
a range +45000 +49200 9004 1007 0
a range +47400 +49200 9006 1007 0
a range +46200 +49800 1001 2045 0
a range +49200 +49800 1004 9005 0
a range +49200 +49800 1009 9001 0
a range +46200 +49800 2045 1001 0
a range +49200 +49800 9001 1009 0
a range +49200 +49800 9005 1004 0
a range +48000 +50400 1002 2023 0
a range +49200 +50400 1004 2061 0
a range +49800 +50400 1004 9001 0
a range +48000 +50400 1005 2014 0
a range +49200 +50400 1007 9002 0
a range +48600 +50400 1008 2032 0
a range +48000 +50400 1009 2064 0
a range +48000 +50400 2014 1005 0
a range +48000 +50400 2023 1002 0
a range +48600 +50400 2032 1008 0
a range +49200 +50400 2061 1004 0
a range +48000 +50400 2064 1009 0
a range +49800 +50400 9001 1004 0
a range +49200 +50400 9002 1007 0
a range +39600 +51000 1001 2007 0
a range +48000 +51000 1002 2025 0
a range +48000 +51000 1005 2002 0
a range +49200 +51000 1006 2047 0
a range +49200 +51000 1007 2018 0
a range +48000 +51000 2002 1005 0
a range +39600 +51000 2007 1001 0
a range +49200 +51000 2018 1007 0
a range +48000 +51000 2025 1002 0
a range +49200 +51000 2047 1006 0
a range +49800 +51600 1001 2003 0
a range +51000 +51600 1002 2010 0
a range +50400 +51600 1002 2029 0
a range +46800 +51600 1004 2001 0
a range +51000 +51600 1006 2025 0
a range +49200 +51600 1007 2019 0
a range +50400 +51600 1008 2042 0
a range +49200 +51600 1008 2039 0
a range +50400 +51600 1009 2020 0
a range +46800 +51600 2001 1004 0
a range +49800 +51600 2003 1001 0
a range +51000 +51600 2010 1002 0
a range +49200 +51600 2019 1007 0
a range +50400 +51600 2020 1009 0
a range +51000 +51600 2025 1006 0
a range +50400 +51600 2029 1002 0
a range +49200 +51600 2039 1008 0
a range +50400 +51600 2042 1008 0
a range +51600 +52200 1001 2043 0
a range +51000 +52200 1001 2064 0
a range +49200 +52200 1001 2004 0
a range +49200 +52200 1003 2046 0
a range +49200 +52200 1006 2026 0
a range +51600 +52200 1007 2058 0
a range +49800 +52200 1009 2053 0
a range +49200 +52200 2004 1001 0
a range +49200 +52200 2026 1006 0
a range +51600 +52200 2043 1001 0
a range +49200 +52200 2046 1003 0
a range +49800 +52200 2053 1009 0
a range +51600 +52200 2058 1007 0
a range +51000 +52200 2064 1001 0
a range +52200 +52800 1001 2051 0
a range +50400 +52800 1004 9004 0
a range +47400 +52800 1005 2054 0
a range +52200 +52800 1006 2053 0
a range +51600 +52800 1008 2010 0
a range +51600 +52800 2010 1008 0
a range +52200 +52800 2051 1001 0
a range +52200 +52800 2053 1006 0
a range +47400 +52800 2054 1005 0
a range +50400 +52800 9004 1004 0
a range +52800 +53400 1001 2010 0
a range +52200 +53400 1001 2044 0
a range +50400 +53400 1004 2013 0
a range +51000 +53400 1005 2014 0
a range +52800 +53400 1005 2053 0
a range +51000 +53400 1007 2035 0
a range +48000 +53400 1009 2041 0
a range +52800 +53400 2010 1001 0
a range +50400 +53400 2013 1004 0
a range +51000 +53400 2014 1005 0
a range +51000 +53400 2035 1007 0
a range +48000 +53400 2041 1009 0
a range +52200 +53400 2044 1001 0
a range +52800 +53400 2053 1005 0
a range +53400 +54000 1001 2013 0
a range +52200 +54000 1001 2063 0
a range +51600 +54000 1002 2001 0
a range +39600 +54000 1003 2052 0
a range +48000 +54000 1003 2015 0
a range +53400 +54000 1005 2056 0
a range +51600 +54000 1006 2023 0
a range +51600 +54000 1008 2012 0
a range +52800 +54000 1008 2031 0
a range +51600 +54000 2001 1002 0
a range +51600 +54000 2012 1008 0
a range +53400 +54000 2013 1001 0
a range +48000 +54000 2015 1003 0
a range +51600 +54000 2023 1006 0
a range +52800 +54000 2031 1008 0
a range +39600 +54000 2052 1003 0
a range +53400 +54000 2056 1005 0
a range +52200 +54000 2063 1001 0
a range +54000 +54600 1002 2023 0
a range +51600 +54600 1004 2045 0
a range +53400 +54600 1004 9001 0
a range +54000 +54600 1005 2037 0
a range +52200 +54600 1007 2064 0
a range +54000 +54600 1008 2017 0
a range +54000 +54600 2017 1008 0
a range +54000 +54600 2023 1002 0
a range +54000 +54600 2037 1005 0
a range +51600 +54600 2045 1004 0
a range +52200 +54600 2064 1007 0
a range +53400 +54600 9001 1004 0
a range +54000 +55200 1001 2041 0
a range +54600 +55200 1002 2030 0
a range +51600 +55200 1002 2020 0
a range +52800 +55200 1004 2059 0
a range +53400 +55200 1005 2048 0
a range +50400 +55200 1007 2011 0
a range +54600 +55200 1008 2053 0
a range +54000 +55200 1008 2039 0
a range +50400 +55200 2011 1007 0
a range +51600 +55200 2020 1002 0
a range +54600 +55200 2030 1002 0
a range +54000 +55200 2039 1008 0
a range +54000 +55200 2041 1001 0
a range +53400 +55200 2048 1005 0
a range +54600 +55200 2053 1008 0
a range +52800 +55200 2059 1004 0
a range +53400 +55800 1001 2051 0
a range +55200 +55800 1001 2033 0
a range +55200 +55800 1002 2006 0
a range +54600 +55800 1005 2063 0
a range +54600 +55800 1007 2047 0
a range +53400 +55800 1007 2038 0
a range +55200 +55800 2006 1002 0
a range +55200 +55800 2033 1001 0
a range +53400 +55800 2038 1007 0
a range +54600 +55800 2047 1007 0
a range +53400 +55800 2051 1001 0
a range +54600 +55800 2063 1005 0
a range +54000 +56400 1001 2032 0
a range +55800 +56400 1002 2062 0
a range +54000 +56400 1003 2001 0
a range +52200 +56400 1003 2049 0
a range +55200 +56400 1004 9005 0
a range +55200 +56400 1005 2029 0
a range +49200 +56400 1006 2024 0
a range +52800 +56400 1006 2061 0
a range +55800 +56400 1007 2038 0
a range +55200 +56400 1008 2021 0
a range +55200 +56400 1008 2022 0
a range +54000 +56400 2001 1003 0
a range +55200 +56400 2021 1008 0
a range +55200 +56400 2022 1008 0
a range +49200 +56400 2024 1006 0
a range +55200 +56400 2029 1005 0
a range +54000 +56400 2032 1001 0
a range +55800 +56400 2038 1007 0
a range +52200 +56400 2049 1003 0
a range +52800 +56400 2061 1006 0
a range +55800 +56400 2062 1002 0
a range +55200 +56400 9005 1004 0
a range +47400 +57000 1002 2055 0
a range +56400 +57000 1002 2007 0
a range +54600 +57000 1004 2026 0
a range +50400 +57000 1005 2016 0
a range +56400 +57000 1006 9001 0
a range +54000 +57000 1006 2050 0
a range +55800 +57000 1007 2013 0
a range +56400 +57000 1008 2002 0
a range +56400 +57000 2002 1008 0
a range +56400 +57000 2007 1002 0
a range +55800 +57000 2013 1007 0
a range +50400 +57000 2016 1005 0
a range +54600 +57000 2026 1004 0
a range +54000 +57000 2050 1006 0
a range +47400 +57000 2055 1002 0
a range +56400 +57000 9001 1006 0
a range +54000 +57600 1003 2035 0
a range +56400 +57600 1003 2048 0
a range +55200 +57600 1007 2064 0
a range +57000 +57600 1007 2050 0
a range +56400 +57600 1008 2011 0
a range +57000 +57600 1008 2059 0
a range +56400 +57600 2011 1008 0
a range +54000 +57600 2035 1003 0
a range +56400 +57600 2048 1003 0
a range +57000 +57600 2050 1007 0
a range +57000 +57600 2059 1008 0
a range +55200 +57600 2064 1007 0
a range +57000 +58200 1002 2009 0
a range +55200 +58200 1002 2019 0
a range +57600 +58200 1003 2044 0
a range +57000 +58200 1004 2020 0
a range +56400 +58200 1004 2004 0
a range +57000 +58200 1006 2016 0
a range +57600 +58200 1008 2010 0
a range +57600 +58200 1008 2055 0
a range +56400 +58200 2004 1004 0
a range +57000 +58200 2009 1002 0
a range +57600 +58200 2010 1008 0
a range +57000 +58200 2016 1006 0
a range +55200 +58200 2019 1002 0
a range +57000 +58200 2020 1004 0
a range +57600 +58200 2044 1003 0
a range +57600 +58200 2055 1008 0
a range +56400 +58800 1001 9005 0
a range +57000 +58800 1002 2006 0
a range +58200 +58800 1003 2050 0
a range +54600 +58800 1004 2043 0
a range +58200 +58800 1004 2022 0
a range +58200 +58800 1007 2027 0
a range +58200 +58800 1008 9001 0
a range +57000 +58800 2006 1002 0
a range +58200 +58800 2022 1004 0
a range +58200 +58800 2027 1007 0
a range +54600 +58800 2043 1004 0
a range +58200 +58800 2050 1003 0
a range +58200 +58800 9001 1008 0
a range +56400 +58800 9005 1001 0
a range +58800 +59400 1001 2053 0
a range +58200 +59400 1002 2013 0
a range +58800 +59400 1002 2043 0
a range +58800 +59400 1004 2011 0
a range +56400 +59400 1005 2012 0
a range +56400 +59400 1007 2024 0
a range +58200 +59400 1008 2010 0
a range +58200 +59400 2010 1008 0
a range +58800 +59400 2011 1004 0
a range +56400 +59400 2012 1005 0
a range +58200 +59400 2013 1002 0
a range +56400 +59400 2024 1007 0
a range +58800 +59400 2043 1002 0
a range +58800 +59400 2053 1001 0
a range +55800 +60000 1001 2017 0
a range +55800 +60000 1001 2063 0
a range +56400 +60000 1003 2003 0
a range +57600 +60000 1003 2033 0
a range +58800 +60000 1003 2056 0
a range +58800 +60000 1004 2062 0
a range +58200 +60000 1004 2055 0
a range +57000 +60000 1005 2041 0
a range +58800 +60000 1007 2034 0
a range +57600 +60000 1007 2058 0
a range +48600 +60000 1008 2005 0
a range +56400 +60000 2003 1003 0
a range +48600 +60000 2005 1008 0
a range +55800 +60000 2017 1001 0
a range +57600 +60000 2033 1003 0
a range +58800 +60000 2034 1007 0
a range +57000 +60000 2041 1005 0
a range +58200 +60000 2055 1004 0
a range +58800 +60000 2056 1003 0
a range +57600 +60000 2058 1007 0
a range +58800 +60000 2062 1004 0
a range +55800 +60000 2063 1001 0
a range +59400 +60600 1001 2009 0
a range +59400 +60600 1002 2043 0
a range +59400 +60600 1002 2045 0
a range +58200 +60600 1002 2016 0
a range +60000 +60600 1004 2061 0
a range +58200 +60600 1006 2004 0
a range +56400 +60600 1006 2023 0
a range +59400 +60600 1007 2035 0
a range +58800 +60600 1008 2064 0
a range +60000 +60600 1008 2029 0
a range +59400 +60600 1008 9005 0
a range +53400 +60600 1009 2014 0
a range +58200 +60600 2004 1006 0
a range +59400 +60600 2009 1001 0
a range +53400 +60600 2014 1009 0
a range +58200 +60600 2016 1002 0
a range +56400 +60600 2023 1006 0
a range +60000 +60600 2029 1008 0
a range +59400 +60600 2035 1007 0
a range +59400 +60600 2043 1002 0
a range +59400 +60600 2045 1002 0
a range +60000 +60600 2061 1004 0
a range +58800 +60600 2064 1008 0
a range +59400 +60600 9005 1008 0
a range +60000 +61200 1001 2021 0
a range +60000 +61200 1003 2010 0
a range +60600 +61200 1004 2014 0
a range +60000 +61200 1005 2006 0
a range +59400 +61200 1005 2047 0
a range +57000 +61200 1006 9004 0
a range +60000 +61200 1007 2011 0
a range +60600 +61200 1009 2062 0
a range +60000 +61200 2006 1005 0
a range +60000 +61200 2010 1003 0
a range +60000 +61200 2011 1007 0
a range +60600 +61200 2014 1004 0
a range +60000 +61200 2021 1001 0
a range +59400 +61200 2047 1005 0
a range +60600 +61200 2062 1009 0
a range +57000 +61200 9004 1006 0
a range +61200 +61800 1004 2049 0
a range +59400 +61800 1004 2012 0
a range +61200 +61800 1005 2010 0
a range +61200 +61800 1006 9006 0
a range +60600 +61800 1007 2044 0
a range +60000 +61800 1007 2059 0
a range +60600 +61800 1008 2015 0
a range +60600 +61800 1008 2057 0
a range +61200 +61800 1009 2006 0
a range +61200 +61800 2006 1009 0
a range +61200 +61800 2010 1005 0
a range +59400 +61800 2012 1004 0
a range +60600 +61800 2015 1008 0
a range +60600 +61800 2044 1007 0
a range +61200 +61800 2049 1004 0
a range +60600 +61800 2057 1008 0
a range +60000 +61800 2059 1007 0
a range +61200 +61800 9006 1006 0
a range +61200 +62400 1003 9001 0
a range +60000 +62400 1003 2022 0
a range +55800 +62400 1005 2051 0
a range +61200 +62400 1005 2037 0
a range +60600 +62400 1006 2027 0
a range +61800 +62400 1007 2021 0
a range +60600 +62400 1008 2039 0
a range +61800 +62400 2021 1007 0
a range +60000 +62400 2022 1003 0
a range +60600 +62400 2027 1006 0
a range +61200 +62400 2037 1005 0
a range +60600 +62400 2039 1008 0
a range +55800 +62400 2051 1005 0
a range +61200 +62400 9001 1003 0
a range +60600 +63000 1002 2058 0
a range +61800 +63000 1004 2010 0
a range +61800 +63000 1004 2009 0
a range +62400 +63000 1005 2038 0
a range +61800 +63000 1005 2054 0
a range +60600 +63000 1006 2064 0
a range +61800 +63000 1006 2011 0
a range +61800 +63000 1007 2008 0
a range +61800 +63000 1008 2060 0
a range +62400 +63000 1008 9004 0
a range +61800 +63000 1009 2012 0
a range +61800 +63000 2008 1007 0
a range +61800 +63000 2009 1004 0
a range +61800 +63000 2010 1004 0
a range +61800 +63000 2011 1006 0
a range +61800 +63000 2012 1009 0
a range +62400 +63000 2038 1005 0
a range +61800 +63000 2054 1005 0
a range +60600 +63000 2058 1002 0
a range +61800 +63000 2060 1008 0
a range +60600 +63000 2064 1006 0
a range +62400 +63000 9004 1008 0
a range +60600 +63600 1001 2001 0
a range +62400 +63600 1003 2030 0
a range +63000 +63600 1004 2011 0
a range +62400 +63600 1005 2047 0
a range +63000 +63600 1005 2014 0
a range +62400 +63600 1006 9005 0
a range +62400 +63600 1007 2007 0
a range +61200 +63600 1007 2056 0
a range +63000 +63600 1008 9004 0
a range +61800 +63600 1008 2033 0
a range +60600 +63600 2001 1001 0
a range +62400 +63600 2007 1007 0
a range +63000 +63600 2011 1004 0
a range +63000 +63600 2014 1005 0
a range +62400 +63600 2030 1003 0
a range +61800 +63600 2033 1008 0
a range +62400 +63600 2047 1005 0
a range +61200 +63600 2056 1007 0
a range +63000 +63600 9004 1008 0
a range +62400 +63600 9005 1006 0
a range +63600 +64200 1001 2031 0
a range +60600 +64200 1002 2005 0
a range +63000 +64200 1002 2023 0
a range +63600 +64200 1003 2007 0
a range +60000 +64200 1003 2046 0
a range +60000 +64200 1004 2018 0
a range +63600 +64200 1006 9004 0
a range +63000 +64200 1006 2006 0
a range +63600 +64200 1007 2010 0
a range +63600 +64200 1008 2045 0
a range +63000 +64200 1009 2008 0
a range +60600 +64200 2005 1002 0
a range +63000 +64200 2006 1006 0
a range +63600 +64200 2007 1003 0
a range +63000 +64200 2008 1009 0
a range +63600 +64200 2010 1007 0
a range +60000 +64200 2018 1004 0
a range +63000 +64200 2023 1002 0
a range +63600 +64200 2031 1001 0
a range +63600 +64200 2045 1008 0
a range +60000 +64200 2046 1003 0
a range +63600 +64200 9004 1006 0
a range +64200 +64800 1003 2012 0
a range +63000 +64800 1005 2039 0
a range +63600 +64800 1005 2001 0
a range +63000 +64800 1006 2015 0
a range +63000 +64800 1007 2029 0
a range +63600 +64800 1008 2060 0
a range +63600 +64800 2001 1005 0
a range +64200 +64800 2012 1003 0
a range +63000 +64800 2015 1006 0
a range +63000 +64800 2029 1007 0
a range +63000 +64800 2039 1005 0
a range +63600 +64800 2060 1008 0
a range +60000 +65400 1001 2034 0
a range +64800 +65400 1003 2051 0
a range +63600 +65400 1004 2062 0
a range +64200 +65400 1004 2061 0
a range +64800 +65400 1005 2004 0
a range +63600 +65400 1007 2002 0
a range +64800 +65400 1007 2011 0
a range +64200 +65400 1008 9001 0
a range +63000 +65400 1008 2052 0
a range +51600 +65400 1009 2025 0
a range +63600 +65400 2002 1007 0
a range +64800 +65400 2004 1005 0
a range +64800 +65400 2011 1007 0
a range +51600 +65400 2025 1009 0
a range +60000 +65400 2034 1001 0
a range +64800 +65400 2051 1003 0
a range +63000 +65400 2052 1008 0
a range +64200 +65400 2061 1004 0
a range +63600 +65400 2062 1004 0
a range +64200 +65400 9001 1008 0
a range +62400 +66000 1003 2027 0
a range +65400 +66000 1004 2029 0
a range +65400 +66000 1004 2010 0
a range +64800 +66000 1005 2023 0
a range +64200 +66000 1007 2033 0
a range +65400 +66000 1007 2035 0
a range +65400 +66000 1007 2063 0
a range +64200 +66000 1009 2059 0
a range +65400 +66000 2010 1004 0
a range +64800 +66000 2023 1005 0
a range +62400 +66000 2027 1003 0
a range +65400 +66000 2029 1004 0
a range +64200 +66000 2033 1007 0
a range +65400 +66000 2035 1007 0
a range +64200 +66000 2059 1009 0
a range +65400 +66000 2063 1007 0
a range +65400 +66600 1005 2052 0
a range +66000 +66600 1007 9001 0
a range +65400 +66600 1008 2038 0
a range +64800 +66600 1008 2009 0
a range +64800 +66600 2009 1008 0
a range +65400 +66600 2038 1008 0
a range +65400 +66600 2052 1005 0
a range +66000 +66600 9001 1007 0
a range +61200 +67200 1001 2016 0
a range +60600 +67200 1002 2026 0
a range +66000 +67200 1004 2045 0
a range +66000 +67200 1007 2039 0
a range +66600 +67200 1008 2032 0
a range +52200 +67200 1009 2028 0
a range +66000 +67200 1009 2011 0
a range +66000 +67200 2011 1009 0
a range +61200 +67200 2016 1001 0
a range +60600 +67200 2026 1002 0
a range +52200 +67200 2028 1009 0
a range +66600 +67200 2032 1008 0
a range +66000 +67200 2039 1007 0
a range +66000 +67200 2045 1004 0
a range +65400 +67800 1001 2060 0
a range +64200 +67800 1002 2003 0
a range +65400 +67800 1003 2061 0
a range +63000 +67800 1004 2036 0
a range +66600 +67800 1005 2004 0
a range +64800 +67800 1006 2022 0
a range +67200 +67800 1007 2016 0
a range +64200 +67800 2003 1002 0
a range +66600 +67800 2004 1005 0
a range +67200 +67800 2016 1007 0
a range +64800 +67800 2022 1006 0
a range +63000 +67800 2036 1004 0
a range +65400 +67800 2060 1001 0
a range +65400 +67800 2061 1003 0
a range +64200 +68400 1001 2008 0
a range +67200 +68400 1004 2010 0
a range +66000 +68400 1007 2041 0
a range +67200 +68400 1008 2011 0
a range +64200 +68400 2008 1001 0
a range +67200 +68400 2010 1004 0
a range +67200 +68400 2011 1008 0
a range +66000 +68400 2041 1007 0
a range +67200 +69000 1001 2013 0
a range +67800 +69000 1002 2004 0
a range +67800 +69000 1003 2030 0
a range +64200 +69000 1003 2048 0
a range +66000 +69000 1004 2063 0
a range +67800 +69000 1004 2024 0
a range +64200 +69000 1006 2021 0
a range +64200 +69000 1006 2042 0
a range +67800 +69000 1007 2043 0
a range +67200 +69000 1009 2012 0
a range +67200 +69000 1009 2019 0
a range +65400 +69000 1009 2017 0
a range +67800 +69000 2004 1002 0
a range +67200 +69000 2012 1009 0
a range +67200 +69000 2013 1001 0
a range +65400 +69000 2017 1009 0
a range +67200 +69000 2019 1009 0
a range +64200 +69000 2021 1006 0
a range +67800 +69000 2024 1004 0
a range +67800 +69000 2030 1003 0
a range +64200 +69000 2042 1006 0
a range +67800 +69000 2043 1007 0
a range +64200 +69000 2048 1003 0
a range +66000 +69000 2063 1004 0
a range +67800 +69600 1001 2001 0
a range +68400 +69600 1001 2003 0
a range +67200 +69600 1002 2045 0
a range +66000 +69600 1003 2059 0
a range +69000 +69600 1003 2046 0
a range +69000 +69600 1006 2051 0
a range +68400 +69600 1007 2006 0
a range +69000 +69600 1009 2040 0
a range +67800 +69600 2001 1001 0
a range +68400 +69600 2003 1001 0
a range +68400 +69600 2006 1007 0
a range +69000 +69600 2040 1009 0
a range +67200 +69600 2045 1002 0
a range +69000 +69600 2046 1003 0
a range +69000 +69600 2051 1006 0
a range +66000 +69600 2059 1003 0
a range +69600 +70200 1001 2019 0
a range +69000 +70200 1001 2022 0
a range +68400 +70200 1004 2011 0
a range +69000 +70200 1004 2047 0
a range +69000 +70200 1007 2041 0
a range +68400 +70200 1008 2053 0
a range +68400 +70200 2011 1004 0
a range +69600 +70200 2019 1001 0
a range +69000 +70200 2022 1001 0
a range +69000 +70200 2041 1007 0
a range +69000 +70200 2047 1004 0
a range +68400 +70200 2053 1008 0
a range +69600 +70800 1002 2006 0
a range +67800 +70800 1005 2029 0
a range +67800 +70800 1006 2054 0
a range +69600 +70800 1006 2024 0
a range +69600 +70800 1007 2038 0
a range +70200 +70800 1007 2046 0
a range +66600 +70800 1008 2049 0
a range +69000 +70800 1009 2023 0
a range +69600 +70800 2006 1002 0
a range +69000 +70800 2023 1009 0
a range +69600 +70800 2024 1006 0
a range +67800 +70800 2029 1005 0
a range +69600 +70800 2038 1007 0
a range +70200 +70800 2046 1007 0
a range +66600 +70800 2049 1008 0
a range +67800 +70800 2054 1006 0
a range +69000 +71400 1003 2028 0
a range +69600 +71400 1003 2042 0
a range +69000 +71400 1004 2048 0
a range +70200 +71400 1004 2016 0
a range +70800 +71400 1005 9004 0
a range +70800 +71400 1006 2032 0
a range +66600 +71400 1007 2056 0
a range +70800 +71400 1007 2029 0
a range +70800 +71400 1009 2018 0
a range +70200 +71400 2016 1004 0
a range +70800 +71400 2018 1009 0
a range +69000 +71400 2028 1003 0
a range +70800 +71400 2029 1007 0
a range +70800 +71400 2032 1006 0
a range +69600 +71400 2042 1003 0
a range +69000 +71400 2048 1004 0
a range +66600 +71400 2056 1007 0
a range +70800 +71400 9004 1005 0
a range +69600 +72000 1001 2037 0
a range +63600 +72000 1005 9005 0
a range +69000 +72000 1006 2064 0
a range +70800 +72000 1008 2036 0
a range +69000 +72000 1009 2063 0
a range +70800 +72000 2036 1008 0
a range +69600 +72000 2037 1001 0
a range +69000 +72000 2063 1009 0
a range +69000 +72000 2064 1006 0
a range +63600 +72000 9005 1005 0
a range +69000 +72600 1002 2052 0
a range +71400 +72600 1003 2056 0
a range +71400 +72600 1004 9003 0
a range +71400 +72600 1004 2030 0
a range +71400 +72600 1005 2005 0
a range +70800 +72600 1006 2050 0
a range +72000 +72600 1006 2043 0
a range +71400 +72600 1007 2051 0
a range +71400 +72600 1007 2041 0
a range +65400 +72600 1008 2058 0
a range +69600 +72600 1009 2059 0
a range +71400 +72600 1009 2039 0
a range +71400 +72600 2005 1005 0
a range +71400 +72600 2030 1004 0
a range +71400 +72600 2039 1009 0
a range +71400 +72600 2041 1007 0
a range +72000 +72600 2043 1006 0
a range +70800 +72600 2050 1006 0
a range +71400 +72600 2051 1007 0
a range +69000 +72600 2052 1002 0
a range +71400 +72600 2056 1003 0
a range +65400 +72600 2058 1008 0
a range +69600 +72600 2059 1009 0
a range +71400 +72600 9003 1004 0
a range +71400 +73200 1003 2033 0
a range +72000 +73200 1005 9002 0
a range +72600 +73200 1005 2056 0
a range +70800 +73200 1007 2011 0
a range +72600 +73200 1007 9001 0
a range +72600 +73200 1007 2029 0
a range +72000 +73200 1008 2007 0
a range +72000 +73200 2007 1008 0
a range +70800 +73200 2011 1007 0
a range +72600 +73200 2029 1007 0
a range +71400 +73200 2033 1003 0
a range +72600 +73200 2056 1005 0
a range +72600 +73200 9001 1007 0
a range +72000 +73200 9002 1005 0
a range +66000 +73800 1005 2044 0
a range +72600 +73800 1006 2037 0
a range +73200 +73800 1007 2043 0
a range +70200 +73800 1008 2015 0
a range +70200 +73800 2015 1008 0
a range +72600 +73800 2037 1006 0
a range +73200 +73800 2043 1007 0
a range +66000 +73800 2044 1005 0
a range +72000 +74400 1001 2019 0
a range +72600 +74400 1003 2005 0
a range +70200 +74400 1004 2013 0
a range +72600 +74400 1004 2026 0
a range +73800 +74400 1006 2043 0
a range +73200 +74400 1007 9004 0
a range +73800 +74400 1007 2036 0
a range +73200 +74400 1008 2058 0
a range +72000 +74400 1009 2040 0
a range +72600 +74400 2005 1003 0
a range +70200 +74400 2013 1004 0
a range +72000 +74400 2019 1001 0
a range +72600 +74400 2026 1004 0
a range +73800 +74400 2036 1007 0
a range +72000 +74400 2040 1009 0
a range +73800 +74400 2043 1006 0
a range +73200 +74400 2058 1008 0
a range +73200 +74400 9004 1007 0
a range +74400 +75000 1006 2052 0
a range +73200 +75000 1007 2046 0
a range +74400 +75000 1008 2044 0
a range +74400 +75000 1009 2038 0
a range +74400 +75000 2038 1009 0
a range +74400 +75000 2044 1008 0
a range +73200 +75000 2046 1007 0
a range +74400 +75000 2052 1006 0
a range +74400 +75600 1001 2009 0
a range +69600 +75600 1003 2060 0
a range +74400 +75600 1004 9005 0
a range +73200 +75600 1005 2029 0
a range +75000 +75600 1006 2004 0
a range +75000 +75600 1007 2043 0
a range +75000 +75600 1008 2052 0
a range +73800 +75600 1008 2056 0
a range +72600 +75600 1008 2003 0
a range +72600 +75600 2003 1008 0
a range +75000 +75600 2004 1006 0
a range +74400 +75600 2009 1001 0
a range +73200 +75600 2029 1005 0
a range +75000 +75600 2043 1007 0
a range +75000 +75600 2052 1008 0
a range +73800 +75600 2056 1008 0
a range +69600 +75600 2060 1003 0
a range +74400 +75600 9005 1004 0
a range +70200 +76200 1001 2027 0
a range +70800 +76200 1002 2025 0
a range +73200 +76200 1003 2035 0
a range +74400 +76200 1003 2006 0
a range +72600 +76200 1006 2057 0
a range +75600 +76200 1007 2009 0
a range +74400 +76200 1007 2026 0
a range +75600 +76200 1008 2021 0
a range +75600 +76200 1008 2049 0
a range +75000 +76200 1009 2051 0
a range +74400 +76200 2006 1003 0
a range +75600 +76200 2009 1007 0
a range +75600 +76200 2021 1008 0
a range +70800 +76200 2025 1002 0
a range +74400 +76200 2026 1007 0
a range +70200 +76200 2027 1001 0
a range +73200 +76200 2035 1003 0
a range +75600 +76200 2049 1008 0
a range +75000 +76200 2051 1009 0
a range +72600 +76200 2057 1006 0
a range +76200 +76800 1001 2022 0
a range +75600 +76800 1001 2059 0
a range +76200 +76800 1002 2015 0
a range +76200 +76800 1003 2040 0
a range +75600 +76800 1004 2029 0
a range +73200 +76800 1005 2024 0
a range +73800 +76800 1005 2039 0
a range +76200 +76800 1008 2049 0
a range +75600 +76800 1008 2058 0
a range +72600 +76800 1009 2030 0
a range +76200 +76800 2015 1002 0
a range +76200 +76800 2022 1001 0
a range +73200 +76800 2024 1005 0
a range +75600 +76800 2029 1004 0
a range +72600 +76800 2030 1009 0
a range +73800 +76800 2039 1005 0
a range +76200 +76800 2040 1003 0
a range +76200 +76800 2049 1008 0
a range +75600 +76800 2058 1008 0
a range +75600 +76800 2059 1001 0
a range +76800 +77400 1003 2053 0
a range +75600 +77400 1003 2054 0
a range +74400 +77400 1004 2064 0
a range +76800 +77400 1005 2024 0
a range +76200 +77400 1006 2008 0
a range +71400 +77400 1006 2012 0
a range +76200 +77400 1007 2063 0
a range +76200 +77400 1007 2007 0
a range +76800 +77400 1008 2004 0
a range +76800 +77400 2004 1008 0
a range +76200 +77400 2007 1007 0
a range +76200 +77400 2008 1006 0
a range +71400 +77400 2012 1006 0
a range +76800 +77400 2024 1005 0
a range +76800 +77400 2053 1003 0
a range +75600 +77400 2054 1003 0
a range +76200 +77400 2063 1007 0
a range +74400 +77400 2064 1004 0
a range +77400 +78000 1007 2008 0
a range +76800 +78000 1009 9002 0
a range +77400 +78000 2008 1007 0
a range +76800 +78000 9002 1009 0
a range +76800 +78600 1001 2021 0
a range +70200 +78600 1001 2002 0
a range +72600 +78600 1002 2017 0
a range +76800 +78600 1002 2030 0
a range +77400 +78600 1003 2027 0
a range +77400 +78600 1004 2007 0
a range +72600 +78600 1004 9006 0
a range +76800 +78600 1004 2028 0
a range +76800 +78600 1005 2056 0
a range +77400 +78600 1005 2052 0
a range +75600 +78600 1006 2003 0
a range +77400 +78600 1006 2035 0
a range +77400 +78600 1006 2064 0
a range +76800 +78600 1008 2014 0
a range +76200 +78600 1008 2062 0
a range +77400 +78600 1008 2038 0
a range +72600 +78600 1009 2031 0
a range +78000 +78600 1009 2015 0
a range +70200 +78600 2002 1001 0
a range +75600 +78600 2003 1006 0
a range +77400 +78600 2007 1004 0
a range +76800 +78600 2014 1008 0
a range +78000 +78600 2015 1009 0
a range +72600 +78600 2017 1002 0
a range +76800 +78600 2021 1001 0
a range +77400 +78600 2027 1003 0
a range +76800 +78600 2028 1004 0
a range +76800 +78600 2030 1002 0
a range +72600 +78600 2031 1009 0
a range +77400 +78600 2035 1006 0
a range +77400 +78600 2038 1008 0
a range +77400 +78600 2052 1005 0
a range +76800 +78600 2056 1005 0
a range +76200 +78600 2062 1008 0
a range +77400 +78600 2064 1006 0
a range +72600 +78600 9006 1004 0
a range +78600 +79200 1001 2027 0
a range +76800 +79200 1001 9005 0
a range +64200 +79200 1002 2020 0
a range +76200 +79200 1003 2026 0
a range +78600 +79200 1004 2029 0
a range +75600 +79200 1005 2019 0
a range +78600 +79200 1005 2035 0
a range +78600 +79200 1006 9003 0
a range +78000 +79200 1007 2032 0
a range +74400 +79200 1007 2023 0
a range +78600 +79200 1008 2050 0
a range +78600 +79200 1008 2015 0
a range +76200 +79200 1009 9004 0
a range +78600 +79200 2015 1008 0
a range +75600 +79200 2019 1005 0
a range +64200 +79200 2020 1002 0
a range +74400 +79200 2023 1007 0
a range +76200 +79200 2026 1003 0
a range +78600 +79200 2027 1001 0
a range +78600 +79200 2029 1004 0
a range +78000 +79200 2032 1007 0
a range +78600 +79200 2035 1005 0
a range +78600 +79200 2050 1008 0
a range +78600 +79200 9003 1006 0
a range +76200 +79200 9004 1009 0
a range +76800 +79200 9005 1001 0
a range +78600 +79800 1002 2054 0
a range +78600 +79800 1004 2043 0
a range +79200 +79800 1005 2058 0
a range +79200 +79800 1006 9001 0
a range +77400 +79800 1007 2039 0
a range +78600 +79800 1008 2037 0
a range +79200 +79800 1009 2040 0
a range +78600 +79800 1009 2064 0
a range +78600 +79800 2037 1008 0
a range +77400 +79800 2039 1007 0
a range +79200 +79800 2040 1009 0
a range +78600 +79800 2043 1004 0
a range +78600 +79800 2054 1002 0
a range +79200 +79800 2058 1005 0
a range +78600 +79800 2064 1009 0
a range +79200 +79800 9001 1006 0
a range +79200 +80400 1002 2018 0
a range +79800 +80400 1002 2030 0
a range +78600 +80400 1002 2053 0
a range +79800 +80400 1005 2025 0
a range +79800 +80400 1006 9003 0
a range +79800 +80400 1009 2061 0
a range +79200 +80400 2018 1002 0
a range +79800 +80400 2025 1005 0
a range +79800 +80400 2030 1002 0
a range +78600 +80400 2053 1002 0
a range +79800 +80400 2061 1009 0
a range +79800 +80400 9003 1006 0
a range +78600 +81000 1003 2017 0
a range +79800 +81000 1004 2013 0
a range +79200 +81000 1004 2057 0
a range +78600 +81000 1006 2044 0
a range +79200 +81000 1007 2049 0
a range +79800 +81000 1008 2036 0
a range +79800 +81000 2013 1004 0
a range +78600 +81000 2017 1003 0
a range +79800 +81000 2036 1008 0
a range +78600 +81000 2044 1006 0
a range +79200 +81000 2049 1007 0
a range +79200 +81000 2057 1004 0
a range +79200 +81600 1001 2038 0
a range +80400 +81600 1002 2002 0
a range +81000 +81600 1006 2030 0
a range +81000 +81600 1007 2037 0
a range +79800 +81600 1007 2028 0
a range +79200 +81600 1007 2063 0
a range +81000 +81600 1008 2024 0
a range +79200 +81600 1008 2020 0
a range +80400 +81600 1009 2025 0
a range +79800 +81600 1009 2042 0
a range +80400 +81600 2002 1002 0
a range +79200 +81600 2020 1008 0
a range +81000 +81600 2024 1008 0
a range +80400 +81600 2025 1009 0
a range +79800 +81600 2028 1007 0
a range +81000 +81600 2030 1006 0
a range +81000 +81600 2037 1007 0
a range +79200 +81600 2038 1001 0
a range +79800 +81600 2042 1009 0
a range +79200 +81600 2063 1007 0
a range +80400 +82200 1002 2004 0
a range +81600 +82200 1002 2018 0
a range +77400 +82200 1003 2055 0
a range +81000 +82200 1004 2051 0
a range +81000 +82200 1004 2003 0
a range +78600 +82200 1005 2047 0
a range +78600 +82200 1009 9002 0
a range +81000 +82200 2003 1004 0
a range +80400 +82200 2004 1002 0
a range +81600 +82200 2018 1002 0
a range +78600 +82200 2047 1005 0
a range +81000 +82200 2051 1004 0
a range +77400 +82200 2055 1003 0
a range +78600 +82200 9002 1009 0
a range +81600 +82800 1001 9004 0
a range +78600 +82800 1001 2012 0
a range +82200 +82800 1004 2024 0
a range +78600 +82800 1004 2021 0
a range +81600 +82800 1006 2035 0
a range +80400 +82800 1006 2064 0
a range +81600 +82800 1007 2010 0
a range +79200 +82800 1008 2014 0
a range +82200 +82800 1009 2043 0
a range +81600 +82800 2010 1007 0
a range +78600 +82800 2012 1001 0
a range +79200 +82800 2014 1008 0
a range +78600 +82800 2021 1004 0
a range +82200 +82800 2024 1004 0
a range +81600 +82800 2035 1006 0
a range +82200 +82800 2043 1009 0
a range +80400 +82800 2064 1006 0
a range +81600 +82800 9004 1001 0
a range +82800 +83400 1001 2022 0
a range +82800 +83400 1001 2055 0
a range +82200 +83400 1002 2002 0
a range +80400 +83400 1002 2048 0
a range +81000 +83400 1003 2031 0
a range +82800 +83400 1004 2007 0
a range +82200 +83400 1004 2030 0
a range +82200 +83400 1005 2058 0
a range +81600 +83400 1008 2040 0
a range +81600 +83400 1008 2033 0
a range +82200 +83400 2002 1002 0
a range +82800 +83400 2007 1004 0
a range +82800 +83400 2022 1001 0
a range +82200 +83400 2030 1004 0
a range +81000 +83400 2031 1003 0
a range +81600 +83400 2033 1008 0
a range +81600 +83400 2040 1008 0
a range +80400 +83400 2048 1002 0
a range +82800 +83400 2055 1001 0
a range +82200 +83400 2058 1005 0
a range +79200 +84000 1001 2041 0
a range +83400 +84000 1001 2026 0
a range +83400 +84000 1002 2029 0
a range +79200 +84000 1003 2056 0
a range +78600 +84000 1006 2062 0
a range +82800 +84000 1006 2021 0
a range +82800 +84000 1006 9004 0
a range +83400 +84000 1008 2017 0
a range +82800 +84000 1009 2035 0
a range +83400 +84000 2017 1008 0
a range +82800 +84000 2021 1006 0
a range +83400 +84000 2026 1001 0
a range +83400 +84000 2029 1002 0
a range +82800 +84000 2035 1009 0
a range +79200 +84000 2041 1001 0
a range +79200 +84000 2056 1003 0
a range +78600 +84000 2062 1006 0
a range +82800 +84000 9004 1006 0
a range +84000 +84600 1001 2063 0
a range +84000 +84600 1001 9004 0
a range +83400 +84600 1001 2045 0
a range +84000 +84600 1002 2021 0
a range +83400 +84600 1002 2002 0
a range +83400 +84600 1003 2005 0
a range +82200 +84600 1003 2060 0
a range +83400 +84600 1004 2009 0
a range +84000 +84600 1006 2029 0
a range +81600 +84600 1007 2038 0
a range +82800 +84600 1007 2018 0
a range +82800 +84600 1008 2043 0
a range +81600 +84600 1009 2042 0
a range +81600 +84600 1009 2046 0
a range +84000 +84600 1009 2012 0
a range +83400 +84600 2002 1002 0
a range +83400 +84600 2005 1003 0
a range +83400 +84600 2009 1004 0
a range +84000 +84600 2012 1009 0
a range +82800 +84600 2018 1007 0
a range +84000 +84600 2021 1002 0
a range +84000 +84600 2029 1006 0
a range +81600 +84600 2038 1007 0
a range +81600 +84600 2042 1009 0
a range +82800 +84600 2043 1008 0
a range +83400 +84600 2045 1001 0
a range +81600 +84600 2046 1009 0
a range +82200 +84600 2060 1003 0
a range +84000 +84600 2063 1001 0
a range +84000 +84600 9004 1001 0
a range +84600 +85200 1002 2031 0
a range +84600 +85200 1002 2046 0
a range +83400 +85200 1004 2036 0
a range +80400 +85200 1005 2008 0
a range +83400 +85200 1005 2027 0
a range +84000 +85200 1006 2015 0
a range +84000 +85200 1006 2011 0
a range +84600 +85200 1007 2058 0
a range +81600 +85200 1007 2025 0
a range +83400 +85200 1008 2048 0
a range +80400 +85200 2008 1005 0
a range +84000 +85200 2011 1006 0
a range +84000 +85200 2015 1006 0
a range +81600 +85200 2025 1007 0
a range +83400 +85200 2027 1005 0
a range +84600 +85200 2031 1002 0
a range +83400 +85200 2036 1004 0
a range +84600 +85200 2046 1002 0
a range +83400 +85200 2048 1008 0
a range +84600 +85200 2058 1007 0
a range +84600 +85800 1001 2035 0
a range +84600 +85800 1001 2044 0
a range +84600 +85800 1001 2053 0
a range +84600 +85800 1003 2038 0
a range +84600 +85800 1004 2004 0
a range +79200 +85800 1005 2032 0
a range +85200 +85800 1005 2011 0
a range +85200 +85800 1005 2022 0
a range +84600 +85800 1006 2009 0
a range +85200 +85800 1006 2027 0
a range +85200 +85800 1007 2039 0
a range +84000 +85800 1008 2034 0
a range +84600 +85800 1008 2061 0
a range +84600 +85800 1009 2064 0
a range +84600 +85800 2004 1004 0
a range +84600 +85800 2009 1006 0
a range +85200 +85800 2011 1005 0
a range +85200 +85800 2022 1005 0
a range +85200 +85800 2027 1006 0
a range +79200 +85800 2032 1005 0
a range +84000 +85800 2034 1008 0
a range +84600 +85800 2035 1001 0
a range +84600 +85800 2038 1003 0
a range +85200 +85800 2039 1007 0
a range +84600 +85800 2044 1001 0
a range +84600 +85800 2053 1001 0
a range +84600 +85800 2061 1008 0
a range +84600 +85800 2064 1009 0
a range +85800 +86400 1001 2029 0
a range +85800 +86400 1001 2022 0
a range +85800 +86400 1001 9004 0
a range +85200 +86400 1002 2014 0
a range +85200 +86400 1002 2063 0
a range +82200 +86400 1002 2047 0
a range +84600 +86400 1003 2043 0
a range +85800 +86400 1003 2010 0
a range +84000 +86400 1003 2003 0
a range +85200 +86400 1004 2033 0
a range +85800 +86400 1004 2064 0
a range +82800 +86400 1004 2020 0
a range +85800 +86400 1005 2054 0
a range +85800 +86400 1005 2044 0
a range +85800 +86400 1005 2061 0
a range +85200 +86400 1006 2018 0
a range +85800 +86400 1006 2025 0
a range +85800 +86400 1006 2009 0
a range +85800 +86400 1007 2037 0
a range +85200 +86400 1007 2051 0
a range +84600 +86400 1007 2001 0
a range +85800 +86400 1008 2053 0
a range +85200 +86400 1008 2023 0
a range +85800 +86400 1008 2006 0
a range +85800 +86400 1009 2015 0
a range +84600 +86400 1009 2049 0
a range +84600 +86400 1009 2042 0
a range +84600 +86400 2001 1007 0
a range +84000 +86400 2003 1003 0
a range +85800 +86400 2006 1008 0
a range +85800 +86400 2009 1006 0
a range +85800 +86400 2010 1003 0
a range +85200 +86400 2014 1002 0
a range +85800 +86400 2015 1009 0
a range +85200 +86400 2018 1006 0
a range +82800 +86400 2020 1004 0
a range +85800 +86400 2022 1001 0
a range +85200 +86400 2023 1008 0
a range +85800 +86400 2025 1006 0
a range +85800 +86400 2029 1001 0
a range +85200 +86400 2033 1004 0
a range +85800 +86400 2037 1007 0
a range +84600 +86400 2042 1009 0
a range +84600 +86400 2043 1003 0
a range +85800 +86400 2044 1005 0
a range +82200 +86400 2047 1002 0
a range +84600 +86400 2049 1009 0
a range +85200 +86400 2051 1007 0
a range +85800 +86400 2053 1008 0
a range +85800 +86400 2054 1005 0
a range +85800 +86400 2061 1005 0
a range +85200 +86400 2063 1002 0
a range +85800 +86400 2064 1004 0
a range +85800 +86400 9004 1001 0
