a contact +0 +600 2001 9002 1000
a contact +0 +600 2002 9001 1000
a contact +0 +600 9001 2002 1000
a contact +0 +600 9002 2001 1000
a contact +600 +1200 2001 2003 1000
a contact +600 +1200 2002 9002 1000
a contact +600 +1200 2003 2001 1000
a contact +600 +1200 2004 2006 1000
a contact +600 +1200 2005 2007 1000
a contact +600 +1200 2006 2004 1000
a contact +600 +1200 2007 2005 1000
a contact +600 +1200 2008 9001 1000
a contact +600 +1200 9001 2008 1000
a contact +600 +1200 9002 2002 1000
a contact +1200 +1800 2001 2005 1000
a contact +1200 +1800 2002 2006 1000
a contact +1200 +1800 2003 9002 1000
a contact +1200 +1800 2004 9001 1000
a contact +1200 +1800 2005 2001 1000
a contact +1200 +1800 2006 2002 1000
a contact +1200 +1800 2007 2008 1000
a contact +1200 +1800 2008 2007 1000
a contact +1200 +1800 9001 2004 1000
a contact +1200 +1800 9002 2003 1000
a contact +1800 +2400 2001 2006 1000
a contact +1800 +2400 2002 2003 1000
a contact +1800 +2400 2003 2002 1000
a contact +1800 +2400 2004 9002 1000
a contact +1800 +2400 2005 2008 1000
a contact +1800 +2400 2006 2001 1000
a contact +1800 +2400 2007 9001 1000
a contact +1800 +2400 2008 2005 1000
a contact +1800 +2400 9001 2007 1000
a contact +1800 +2400 9002 2004 1000
a contact +2400 +3000 2001 2007 1000
a contact +2400 +3000 2002 2004 1000
a contact +2400 +3000 2003 2006 1000
a contact +2400 +3000 2004 2002 1000
a contact +2400 +3000 2005 9001 1000
a contact +2400 +3000 2006 2003 1000
a contact +2400 +3000 2007 2001 1000
a contact +2400 +3000 2008 9002 1000
a contact +2400 +3000 9001 2005 1000
a contact +2400 +3000 9002 2008 1000
a contact +3000 +3600 2001 9001 1000
a contact +3000 +3600 2002 2008 1000
a contact +3000 +3600 2003 2005 1000
a contact +3000 +3600 2004 2007 1000
a contact +3000 +3600 2005 2003 1000
a contact +3000 +3600 2006 9002 1000
a contact +3000 +3600 2007 2004 1000
a contact +3000 +3600 2008 2002 1000
a contact +3000 +3600 9001 2001 1000
a contact +3000 +3600 9002 2006 1000
a contact +3600 +4200 2002 2007 1000
a contact +3600 +4200 2003 2008 1000
a contact +3600 +4200 2005 9002 1000
a contact +3600 +4200 2006 9001 1000
a contact +3600 +4200 2007 2002 1000
a contact +3600 +4200 2008 2003 1000
a contact +3600 +4200 9001 2006 1000
a contact +3600 +4200 9002 2005 1000
a contact +3600 +4800 2001 2004 1000
a contact +4200 +4800 2002 2005 1000
a contact +4200 +4800 2003 9001 1000
a contact +3600 +4800 2004 2001 1000
a contact +4200 +4800 2005 2002 1000
a contact +4200 +4800 2006 2008 1000
a contact +4200 +4800 2007 9002 1000
a contact +4200 +4800 2008 2006 1000
a contact +4200 +4800 9001 2003 1000
a contact +4200 +4800 9002 2007 1000
a contact +4800 +5400 2001 2008 1000
a contact +4800 +5400 2002 9002 1000
a contact +4800 +5400 2003 2004 1000
a contact +4800 +5400 2004 2003 1000
a contact +4800 +5400 2005 9001 1000
a contact +4800 +5400 2006 2007 1000
a contact +4800 +5400 2007 2006 1000
a contact +4800 +5400 2008 2001 1000
a contact +4800 +5400 9001 2005 1000
a contact +4800 +5400 9002 2002 1000
a contact +5400 +6000 2001 2005 1000
a contact +5400 +6000 2002 9001 1000
a contact +5400 +6000 2003 2007 1000
a contact +5400 +6000 2004 2008 1000
a contact +5400 +6000 2005 2001 1000
a contact +5400 +6000 2006 9002 1000
a contact +5400 +6000 2007 2003 1000
a contact +5400 +6000 2008 2004 1000
a contact +5400 +6000 9001 2002 1000
a contact +5400 +6000 9002 2006 1000
a contact +6000 +6600 2003 9002 1000
a contact +6000 +6600 2004 2005 1000
a contact +6000 +6600 2005 2004 1000
a contact +6000 +6600 2006 2007 1000
a contact +6000 +6600 2007 2006 1000
a contact +6000 +6600 2008 9001 1000
a contact +6000 +6600 9001 2008 1000
a contact +6000 +6600 9002 2003 1000
a contact +6000 +7200 2001 2002 1000
a contact +6000 +7200 2002 2001 1000
a contact +6600 +7200 2003 2005 1000
a contact +6600 +7200 2004 2007 1000
a contact +6600 +7200 2005 2003 1000
a contact +6600 +7200 2006 9001 1000
a contact +6600 +7200 2007 2004 1000
a contact +6600 +7200 2008 9002 1000
a contact +6600 +7200 9001 2006 1000
a contact +6600 +7200 9002 2008 1000
a contact +7200 +7800 2001 2003 1000
a contact +7200 +7800 2002 2008 1000
a contact +7200 +7800 2003 2001 1000
a contact +7200 +7800 2004 2006 1000
a contact +7200 +7800 2005 9002 1000
a contact +7200 +7800 2006 2004 1000
a contact +7200 +7800 2007 9001 1000
a contact +7200 +7800 2008 2002 1000
a contact +7200 +7800 9001 2007 1000
a contact +7200 +7800 9002 2005 1000
a contact +7800 +8400 2001 2006 1000
a contact +7800 +8400 2002 2005 1000
a contact +7800 +8400 2003 9001 1000
a contact +7800 +8400 2004 2008 1000
a contact +7800 +8400 2005 2002 1000
a contact +7800 +8400 2006 2001 1000
a contact +7800 +8400 2007 9002 1000
a contact +7800 +8400 2008 2004 1000
a contact +7800 +8400 9001 2003 1000
a contact +7800 +8400 9002 2007 1000
a contact +8400 +9000 2001 9001 1000
a contact +8400 +9000 2002 2003 1000
a contact +8400 +9000 2003 2002 1000
a contact +8400 +9000 2004 9002 1000
a contact +8400 +9000 2005 2006 1000
a contact +8400 +9000 2006 2005 1000
a contact +8400 +9000 2007 2008 1000
a contact +8400 +9000 2008 2007 1000
a contact +8400 +9000 9001 2001 1000
a contact +8400 +9000 9002 2004 1000
a contact +9000 +9600 2001 9002 1000
a contact +9000 +9600 2002 2007 1000
a contact +9000 +9600 2003 2006 1000
a contact +9000 +9600 2004 9001 1000
a contact +9000 +9600 2005 2008 1000
a contact +9000 +9600 2006 2003 1000
a contact +9000 +9600 2007 2002 1000
a contact +9000 +9600 2008 2005 1000
a contact +9000 +9600 9001 2004 1000
a contact +9000 +9600 9002 2001 1000
a contact +9600 +10200 2001 9001 1000
a contact +9600 +10200 2002 2004 1000
a contact +9600 +10200 2003 2007 1000
a contact +9600 +10200 2004 2002 1000
a contact +9600 +10200 2005 2006 1000
a contact +9600 +10200 2006 2005 1000
a contact +9600 +10200 2007 2003 1000
a contact +9600 +10200 2008 9002 1000
a contact +9600 +10200 9001 2001 1000
a contact +9600 +10200 9002 2008 1000
a contact +10200 +10800 2001 9002 1000
a contact +10200 +10800 2002 9001 1000
a contact +10200 +10800 2003 2004 1000
a contact +10200 +10800 2004 2003 1000
a contact +10200 +10800 2005 2007 1000
a contact +10200 +10800 2006 2008 1000
a contact +10200 +10800 2007 2005 1000
a contact +10200 +10800 2008 2006 1000
a contact +10200 +10800 9001 2002 1000
a contact +10200 +10800 9002 2001 1000
a contact +10800 +11400 2001 2008 1000
a contact +10800 +11400 2002 2006 1000
a contact +10800 +11400 2003 9002 1000
a contact +10800 +11400 2004 2005 1000
a contact +10800 +11400 2005 2004 1000
a contact +10800 +11400 2006 2002 1000
a contact +10800 +11400 2007 9001 1000
a contact +10800 +11400 2008 2001 1000
a contact +10800 +11400 9001 2007 1000
a contact +10800 +11400 9002 2003 1000
a contact +11400 +12000 2001 2007 1000
a contact +11400 +12000 2002 9002 1000
a contact +11400 +12000 2003 2008 1000
a contact +11400 +12000 2004 9001 1000
a contact +11400 +12000 2005 2006 1000
a contact +11400 +12000 2006 2005 1000
a contact +11400 +12000 2007 2001 1000
a contact +11400 +12000 2008 2003 1000
a contact +11400 +12000 9001 2004 1000
a contact +11400 +12000 9002 2002 1000
a contact +12000 +12600 2001 2003 1000
a contact +12000 +12600 2002 2006 1000
a contact +12000 +12600 2003 2001 1000
a contact +12000 +12600 2004 9002 1000
a contact +12000 +12600 2005 2007 1000
a contact +12000 +12600 2006 2002 1000
a contact +12000 +12600 2007 2005 1000
a contact +12000 +12600 2008 9001 1000
a contact +12000 +12600 9001 2008 1000
a contact +12000 +12600 9002 2004 1000
a contact +12600 +13200 2001 2005 1000
a contact +12600 +13200 2002 2004 1000
a contact +12600 +13200 2003 9001 1000
a contact +12600 +13200 2004 2002 1000
a contact +12600 +13200 2005 2001 1000
a contact +12600 +13200 2006 2008 1000
a contact +12600 +13200 2007 9002 1000
a contact +12600 +13200 2008 2006 1000
a contact +12600 +13200 9001 2003 1000
a contact +12600 +13200 9002 2007 1000
a contact +13200 +13800 2001 9001 1000
a contact +13200 +13800 2002 2008 1000
a contact +13200 +13800 2003 2004 1000
a contact +13200 +13800 2004 2003 1000
a contact +13200 +13800 2005 9002 1000
a contact +13200 +13800 2006 2007 1000
a contact +13200 +13800 2007 2006 1000
a contact +13200 +13800 2008 2002 1000
a contact +13200 +13800 9001 2001 1000
a contact +13200 +13800 9002 2005 1000
a contact +13800 +14400 2001 2004 1000
a contact +13800 +14400 2002 2003 1000
a contact +13800 +14400 2003 2002 1000
a contact +13800 +14400 2004 2001 1000
a contact +13800 +14400 2005 9001 1000
a contact +13800 +14400 2006 9002 1000
a contact +13800 +14400 2007 2008 1000
a contact +13800 +14400 2008 2007 1000
a contact +13800 +14400 9001 2005 1000
a contact +13800 +14400 9002 2006 1000
a contact +14400 +15000 2001 2008 1000
a contact +14400 +15000 2002 2007 1000
a contact +14400 +15000 2003 9002 1000
a contact +14400 +15000 2004 2005 1000
a contact +14400 +15000 2005 2004 1000
a contact +14400 +15000 2006 9001 1000
a contact +14400 +15000 2007 2002 1000
a contact +14400 +15000 2008 2001 1000
a contact +14400 +15000 9001 2006 1000
a contact +14400 +15000 9002 2003 1000
a contact +15000 +15600 2001 2007 1000
a contact +15000 +15600 2002 2005 1000
a contact +15000 +15600 2003 2006 1000
a contact +15000 +15600 2004 9001 1000
a contact +15000 +15600 2005 2002 1000
a contact +15000 +15600 2006 2003 1000
a contact +15000 +15600 2007 2001 1000
a contact +15000 +15600 2008 9002 1000
a contact +15000 +15600 9001 2004 1000
a contact +15000 +15600 9002 2008 1000
a contact +15600 +16200 2001 2003 1000
a contact +15600 +16200 2003 2001 1000
a contact +15600 +16200 2004 2006 1000
a contact +15600 +16200 2005 2008 1000
a contact +15600 +16200 2006 2004 1000
a contact +15600 +16200 2007 9002 1000
a contact +15600 +16200 2008 2005 1000
a contact +15600 +16200 9002 2007 1000
a contact +16200 +16800 2001 2006 1000
a contact +16200 +16800 2003 2008 1000
a contact +16200 +16800 2004 2007 1000
a contact +16200 +16800 2005 9002 1000
a contact +16200 +16800 2006 2001 1000
a contact +16200 +16800 2007 2004 1000
a contact +16200 +16800 2008 2003 1000
a contact +16200 +16800 9002 2005 1000
a contact +16800 +17400 2001 2005 1000
a contact +16800 +17400 2002 2003 1000
a contact +16800 +17400 2003 2002 1000
a contact +16800 +17400 2004 2008 1000
a contact +16800 +17400 2005 2001 1000
a contact +16800 +17400 2006 9002 1000
a contact +16800 +17400 2008 2004 1000
a contact +16800 +17400 9002 2006 1000
a contact +17400 +18000 2001 2004 1000
a contact +17400 +18000 2002 9002 1000
a contact +17400 +18000 2003 2008 1000
a contact +17400 +18000 2004 2001 1000
a contact +17400 +18000 2005 2007 1000
a contact +17400 +18000 2007 2005 1000
a contact +17400 +18000 2008 2003 1000
a contact +17400 +18000 9002 2002 1000
a contact +18000 +18600 2001 2006 1000
a contact +18000 +18600 2002 2005 1000
a contact +18000 +18600 2003 2007 1000
a contact +18000 +18600 2004 9002 1000
a contact +18000 +18600 2005 2002 1000
a contact +18000 +18600 2006 2001 1000
a contact +18000 +18600 2007 2003 1000
a contact +18000 +18600 9002 2004 1000
a contact +18600 +19200 2001 9002 1000
a contact +18600 +19200 2002 2006 1000
a contact +18600 +19200 2003 2004 1000
a contact +18600 +19200 2004 2003 1000
a contact +18600 +19200 2005 2008 1000
a contact +18600 +19200 2006 2002 1000
a contact +18600 +19200 2008 2005 1000
a contact +18600 +19200 9002 2001 1000
a contact +19200 +19800 2001 2007 1000
a contact +19200 +19800 2002 2004 1000
a contact +19200 +19800 2004 2002 1000
a contact +19200 +19800 2006 2008 1000
a contact +19200 +19800 2007 2001 1000
a contact +19200 +19800 2008 2006 1000
a contact +19800 +20400 2001 2008 1000
a contact +19800 +20400 2002 2007 1000
a contact +19200 +20400 2003 2005 1000
a contact +19800 +20400 2004 2006 1000
a contact +19200 +20400 2005 2003 1000
a contact +19800 +20400 2006 2004 1000
a contact +19800 +20400 2007 2002 1000
a contact +19800 +20400 2008 2001 1000
a contact +20400 +21000 2001 9002 1000
a contact +20400 +21000 2002 2008 1000
a contact +20400 +21000 2003 2007 1000
a contact +20400 +21000 2004 2005 1000
a contact +20400 +21000 2005 2004 1000
a contact +20400 +21000 2007 2003 1000
a contact +20400 +21000 2008 2002 1000
a contact +20400 +21000 9002 2001 1000
a contact +21000 +21600 2001 2003 1000
a contact +21000 +21600 2002 9002 1000
a contact +21000 +21600 2003 2001 1000
a contact +21000 +21600 2004 2008 1000
a contact +21000 +21600 2006 2007 1000
a contact +21000 +21600 2007 2006 1000
a contact +21000 +21600 2008 2004 1000
a contact +21000 +21600 9002 2002 1000
a contact +21600 +22200 2001 2005 1000
a contact +21600 +22200 2003 2006 1000
a contact +21600 +22200 2004 2007 1000
a contact +21600 +22200 2005 2001 1000
a contact +21600 +22200 2006 2003 1000
a contact +21600 +22200 2007 2004 1000
a contact +21600 +22200 2008 9002 1000
a contact +21600 +22200 9002 2008 1000
a contact +22200 +22800 2002 2003 1000
a contact +22200 +22800 2003 2002 1000
a contact +22200 +22800 2004 9002 1000
a contact +22200 +22800 2005 2006 1000
a contact +22200 +22800 2006 2005 1000
a contact +22200 +22800 2007 2008 1000
a contact +22200 +22800 2008 2007 1000
a contact +22200 +22800 9002 2004 1000
a contact +22800 +23400 2001 2006 1000
a contact +22800 +23400 2002 2004 1000
a contact +22800 +23400 2003 9002 1000
a contact +22800 +23400 2004 2002 1000
a contact +22800 +23400 2005 2008 1000
a contact +22800 +23400 2006 2001 1000
a contact +22800 +23400 2008 2005 1000
a contact +22800 +23400 9002 2003 1000
a contact +23400 +24000 2001 2007 1000
a contact +23400 +24000 2002 2006 1000
a contact +23400 +24000 2003 2004 1000
a contact +23400 +24000 2004 2003 1000
a contact +23400 +24000 2005 9002 1000
a contact +23400 +24000 2006 2002 1000
a contact +23400 +24000 2007 2001 1000
a contact +23400 +24000 9002 2005 1000
a contact +24000 +24600 2001 2004 1000
a contact +24000 +24600 2002 2008 1000
a contact +24000 +24600 2003 2007 1000
a contact +24000 +24600 2004 2001 1000
a contact +24000 +24600 2006 9002 1000
a contact +24000 +24600 2007 2003 1000
a contact +24000 +24600 2008 2002 1000
a contact +24000 +24600 9002 2006 1000
a contact +24600 +25200 2001 2008 1000
a contact +24600 +25200 2003 2005 1000
a contact +24600 +25200 2004 2006 1000
a contact +24600 +25200 2005 2003 1000
a contact +24600 +25200 2006 2004 1000
a contact +24600 +25200 2007 9002 1000
a contact +24600 +25200 2008 2001 1000
a contact +24600 +25200 9002 2007 1000
a contact +25200 +25800 2001 9002 1000
a contact +25200 +25800 2002 2007 1000
a contact +25200 +25800 2003 2006 1000
a contact +25200 +25800 2004 2005 1000
a contact +25200 +25800 2005 2004 1000
a contact +25200 +25800 2006 2003 1000
a contact +25200 +25800 2007 2002 1000
a contact +25200 +25800 9002 2001 1000
a contact +25800 +26400 2001 2003 1000
a contact +25800 +26400 2002 2005 1000
a contact +25800 +26400 2003 2001 1000
a contact +25800 +26400 2005 2002 1000
a contact +25800 +26400 2006 2007 1000
a contact +25800 +26400 2007 2006 1000
a contact +25800 +26400 2008 9002 1000
a contact +25800 +26400 9002 2008 1000
a contact +26400 +27000 2001 2004 1000
a contact +26400 +27000 2003 9002 1000
a contact +26400 +27000 2004 2001 1000
a contact +26400 +27000 2005 2006 1000
a contact +26400 +27000 2006 2005 1000
a contact +26400 +27000 2007 2008 1000
a contact +26400 +27000 2008 2007 1000
a contact +26400 +27000 9002 2003 1000
a contact +27000 +27600 2001 2006 1000
a contact +27000 +27600 2002 9002 1000
a contact +27000 +27600 2004 2008 1000
a contact +27000 +27600 2005 2007 1000
a contact +27000 +27600 2006 2001 1000
a contact +27000 +27600 2007 2005 1000
a contact +27000 +27600 2008 2004 1000
a contact +27000 +27600 9002 2002 1000
a contact +27600 +28200 2001 2005 1000
a contact +27600 +28200 2002 2003 1000
a contact +27600 +28200 2003 2002 1000
a contact +27600 +28200 2004 9002 1000
a contact +27600 +28200 2005 2001 1000
a contact +27600 +28200 2006 2008 1000
a contact +27600 +28200 2008 2006 1000
a contact +27600 +28200 9002 2004 1000
a contact +28200 +28800 2001 2008 1000
a contact +28200 +28800 2002 2005 1000
a contact +28200 +28800 2004 2007 1000
a contact +28200 +28800 2005 2002 1000
a contact +28200 +28800 2006 9002 1000
a contact +28200 +28800 2007 2004 1000
a contact +28200 +28800 2008 2001 1000
a contact +28200 +28800 9002 2006 1000
a contact +28800 +29400 2002 2004 1000
a contact +28800 +29400 2003 2008 1000
a contact +28800 +29400 2004 2002 1000
a contact +28800 +29400 2005 9002 1000
a contact +28800 +29400 2006 2007 1000
a contact +28800 +29400 2007 2006 1000
a contact +28800 +29400 2008 2003 1000
a contact +28800 +29400 9002 2005 1000
a contact +29400 +30000 2002 2008 1000
a contact +29400 +30000 2003 2004 1000
a contact +29400 +30000 2004 2003 1000
a contact +29400 +30000 2005 2006 1000
a contact +29400 +30000 2006 2005 1000
a contact +29400 +30000 2007 9002 1000
a contact +29400 +30000 2008 2002 1000
a contact +29400 +30000 9002 2007 1000
a contact +30000 +30600 2001 9002 1000
a contact +30000 +30600 2002 2007 1000
a contact +30000 +30600 2003 2006 1000
a contact +30000 +30600 2004 2005 1000
a contact +30000 +30600 2005 2004 1000
a contact +30000 +30600 2006 2003 1000
a contact +30000 +30600 2007 2002 1000
a contact +30000 +30600 2008 9003 1000
a contact +30000 +30600 9002 2001 1000
a contact +30000 +30600 9003 2008 1000
a contact +30600 +31200 2001 9003 1000
a contact +30600 +31200 2002 9002 1000
a contact +30600 +31200 2003 2005 1000
a contact +30600 +31200 2004 2006 1000
a contact +30600 +31200 2005 2003 1000
a contact +30600 +31200 2006 2004 1000
a contact +30600 +31200 2007 2008 1000
a contact +30600 +31200 2008 2007 1000
a contact +30600 +31200 9002 2002 1000
a contact +30600 +31200 9003 2001 1000
a contact +31200 +31800 2001 2003 1000
a contact +31200 +31800 2002 9003 1000
a contact +31200 +31800 2003 2001 1000
a contact +31200 +31800 2004 2007 1000
a contact +31200 +31800 2005 2008 1000
a contact +31200 +31800 2006 9002 1000
a contact +31200 +31800 2007 2004 1000
a contact +31200 +31800 2008 2005 1000
a contact +31200 +31800 9002 2006 1000
a contact +31200 +31800 9003 2002 1000
a contact +31800 +32400 2001 9002 1000
a contact +31800 +32400 2002 2003 1000
a contact +31800 +32400 2003 2002 1000
a contact +31800 +32400 2004 9003 1000
a contact +31800 +32400 2005 2007 1000
a contact +31800 +32400 2006 2008 1000
a contact +31800 +32400 2007 2005 1000
a contact +31800 +32400 2008 2006 1000
a contact +31800 +32400 9002 2001 1000
a contact +31800 +32400 9003 2004 1000
a contact +32400 +33000 2001 2007 1000
a contact +32400 +33000 2002 2004 1000
a contact +32400 +33000 2003 2008 1000
a contact +32400 +33000 2004 2002 1000
a contact +32400 +33000 2005 9002 1000
a contact +32400 +33000 2006 9003 1000
a contact +32400 +33000 2007 2001 1000
a contact +32400 +33000 2008 2003 1000
a contact +32400 +33000 9002 2005 1000
a contact +32400 +33000 9003 2006 1000
a contact +33000 +33600 2001 2006 1000
a contact +33000 +33600 2002 2005 1000
a contact +33000 +33600 2003 9002 1000
a contact +33000 +33600 2004 2008 1000
a contact +33000 +33600 2005 2002 1000
a contact +33000 +33600 2006 2001 1000
a contact +33000 +33600 2007 9003 1000
a contact +33000 +33600 2008 2004 1000
a contact +33000 +33600 9002 2003 1000
a contact +33000 +33600 9003 2007 1000
a contact +33600 +34200 2001 2004 1000
a contact +33600 +34200 2002 2006 1000
a contact +33600 +34200 2003 2007 1000
a contact +33600 +34200 2004 2001 1000
a contact +33600 +34200 2005 9003 1000
a contact +33600 +34200 2006 2002 1000
a contact +33600 +34200 2007 2003 1000
a contact +33600 +34200 2008 9002 1000
a contact +33600 +34200 9002 2008 1000
a contact +33600 +34200 9003 2005 1000
a contact +34200 +34800 2001 2005 1000
a contact +34200 +34800 2002 2008 1000
a contact +34200 +34800 2003 9003 1000
a contact +34200 +34800 2004 9002 1000
a contact +34200 +34800 2005 2001 1000
a contact +34200 +34800 2006 2007 1000
a contact +34200 +34800 2007 2006 1000
a contact +34200 +34800 2008 2002 1000
a contact +34200 +34800 9002 2004 1000
a contact +34200 +34800 9003 2003 1000
a contact +34800 +35400 2001 9003 1000
a contact +34800 +35400 2002 2006 1000
a contact +34800 +35400 2003 2004 1000
a contact +34800 +35400 2004 2003 1000
a contact +34800 +35400 2005 2008 1000
a contact +34800 +35400 2006 2002 1000
a contact +34800 +35400 2007 9002 1000
a contact +34800 +35400 2008 2005 1000
a contact +34800 +35400 9002 2007 1000
a contact +34800 +35400 9003 2001 1000
a contact +35400 +36000 2001 2003 1000
a contact +35400 +36000 2002 2007 1000
a contact +35400 +36000 2003 2001 1000
a contact +35400 +36000 2004 9003 1000
a contact +35400 +36000 2005 2006 1000
a contact +35400 +36000 2006 2005 1000
a contact +35400 +36000 2007 2002 1000
a contact +35400 +36000 2008 9002 1000
a contact +35400 +36000 9002 2008 1000
a contact +35400 +36000 9003 2004 1000
a contact +36000 +36600 2001 2007 1000
a contact +36000 +36600 2002 2004 1000
a contact +36000 +36600 2003 2008 1000
a contact +36000 +36600 2004 2002 1000
a contact +36000 +36600 2005 9002 1000
a contact +36000 +36600 2006 9003 1000
a contact +36000 +36600 2007 2001 1000
a contact +36000 +36600 2008 2003 1000
a contact +36000 +36600 9002 2005 1000
a contact +36000 +36600 9003 2006 1000
a contact +36600 +37200 2001 2004 1000
a contact +36600 +37200 2002 9003 1000
a contact +36600 +37200 2003 2005 1000
a contact +36600 +37200 2004 2001 1000
a contact +36600 +37200 2005 2003 1000
a contact +36600 +37200 2006 2008 1000
a contact +36600 +37200 2007 9002 1000
a contact +36600 +37200 2008 2006 1000
a contact +36600 +37200 9002 2007 1000
a contact +36600 +37200 9003 2002 1000
a contact +37200 +37800 2001 2005 1000
a contact +37200 +37800 2002 9002 1000
a contact +37200 +37800 2003 2007 1000
a contact +37200 +37800 2004 2006 1000
a contact +37200 +37800 2005 2001 1000
a contact +37200 +37800 2006 2004 1000
a contact +37200 +37800 2007 2003 1000
a contact +37200 +37800 2008 9003 1000
a contact +37200 +37800 9002 2002 1000
a contact +37200 +37800 9003 2008 1000
a contact +37800 +38400 2001 9003 1000
a contact +37800 +38400 2002 2006 1000
a contact +37800 +38400 2003 9002 1000
a contact +37800 +38400 2004 2005 1000
a contact +37800 +38400 2005 2004 1000
a contact +37800 +38400 2006 2002 1000
a contact +37800 +38400 2007 2008 1000
a contact +37800 +38400 2008 2007 1000
a contact +37800 +38400 9002 2003 1000
a contact +37800 +38400 9003 2001 1000
a contact +38400 +39000 2001 2006 1000
a contact +38400 +39000 2002 2008 1000
a contact +38400 +39000 2003 9003 1000
a contact +38400 +39000 2004 9002 1000
a contact +38400 +39000 2005 2007 1000
a contact +38400 +39000 2006 2001 1000
a contact +38400 +39000 2007 2005 1000
a contact +38400 +39000 2008 2002 1000
a contact +38400 +39000 9002 2004 1000
a contact +38400 +39000 9003 2003 1000
a contact +39000 +39600 2001 2004 1000
a contact +39000 +39600 2002 9002 1000
a contact +39000 +39600 2003 2006 1000
a contact +39000 +39600 2004 2001 1000
a contact +39000 +39600 2005 9003 1000
a contact +39000 +39600 2006 2003 1000
a contact +39000 +39600 2007 2008 1000
a contact +39000 +39600 2008 2007 1000
a contact +39000 +39600 9002 2002 1000
a contact +39000 +39600 9003 2005 1000
a contact +39600 +40200 2001 2007 1000
a contact +39600 +40200 2002 9003 1000
a contact +39600 +40200 2003 2004 1000
a contact +39600 +40200 2004 2003 1000
a contact +39600 +40200 2005 2008 1000
a contact +39600 +40200 2006 9002 1000
a contact +39600 +40200 2007 2001 1000
a contact +39600 +40200 2008 2005 1000
a contact +39600 +40200 9002 2006 1000
a contact +39600 +40200 9003 2002 1000
a contact +40200 +40800 2001 9002 1000
a contact +40200 +40800 2002 2005 1000
a contact +40200 +40800 2003 2006 1000
a contact +40200 +40800 2004 2008 1000
a contact +40200 +40800 2005 2002 1000
a contact +40200 +40800 2006 2003 1000
a contact +40200 +40800 2007 9003 1000
a contact +40200 +40800 2008 2004 1000
a contact +40200 +40800 9002 2001 1000
a contact +40200 +40800 9003 2007 1000
a contact +40800 +41400 2002 2007 1000
a contact +40800 +41400 2003 9003 1000
a contact +40800 +41400 2004 2006 1000
a contact +40800 +41400 2005 9002 1000
a contact +40800 +41400 2006 2004 1000
a contact +40800 +41400 2007 2002 1000
a contact +40800 +41400 9002 2005 1000
a contact +40800 +41400 9003 2003 1000
a contact +40800 +42000 2001 2008 1000
a contact +41400 +42000 2002 2005 1000
a contact +41400 +42000 2003 9002 1000
a contact +41400 +42000 2004 2007 1000
a contact +41400 +42000 2005 2002 1000
a contact +41400 +42000 2006 9003 1000
a contact +41400 +42000 2007 2004 1000
a contact +40800 +42000 2008 2001 1000
a contact +41400 +42000 9002 2003 1000
a contact +41400 +42000 9003 2006 1000
a contact +42000 +42600 2001 9002 1000
a contact +42000 +42600 2002 2004 1000
a contact +42000 +42600 2003 2005 1000
a contact +42000 +42600 2004 2002 1000
a contact +42000 +42600 2005 2003 1000
a contact +42000 +42600 2006 2008 1000
a contact +42000 +42600 2007 9003 1000
a contact +42000 +42600 2008 2006 1000
a contact +42000 +42600 9002 2001 1000
a contact +42000 +42600 9003 2007 1000
a contact +42600 +43200 2001 2003 1000
a contact +42600 +43200 2003 2001 1000
a contact +42600 +43200 2004 2008 1000
a contact +42600 +43200 2005 9003 1000
a contact +42600 +43200 2006 2007 1000
a contact +42600 +43200 2007 2006 1000
a contact +42600 +43200 2008 2004 1000
a contact +42600 +43200 9003 2005 1000
a contact +43200 +43800 2001 2006 1000
a contact +43200 +43800 2003 2007 1000
a contact +43200 +43800 2004 2005 1000
a contact +43200 +43800 2005 2004 1000
a contact +43200 +43800 2006 2001 1000
a contact +43200 +43800 2007 2003 1000
a contact +43200 +43800 2008 9003 1000
a contact +43200 +43800 9003 2008 1000
a contact +43800 +44400 2003 2008 1000
a contact +43800 +44400 2004 9003 1000
a contact +43800 +44400 2005 2007 1000
a contact +43800 +44400 2007 2005 1000
a contact +43800 +44400 2008 2003 1000
a contact +43800 +44400 9003 2004 1000
a contact +44400 +45000 2004 2007 1000
a contact +44400 +45000 2005 2006 1000
a contact +44400 +45000 2006 2005 1000
a contact +44400 +45000 2007 2004 1000
a contact +44400 +45000 2008 9003 1000
a contact +44400 +45000 9003 2008 1000
a contact +43800 +45600 2001 2002 1000
a contact +43800 +45600 2002 2001 1000
a contact +45000 +45600 2003 2004 1000
a contact +45000 +45600 2004 2003 1000
a contact +45000 +45600 2005 2008 1000
a contact +45000 +45600 2007 9003 1000
a contact +45000 +45600 2008 2005 1000
a contact +45000 +45600 9003 2007 1000
a contact +45600 +46200 2001 2005 1000
a contact +45600 +46200 2002 9003 1000
a contact +45600 +46200 2003 2008 1000
a contact +45600 +46200 2004 2007 1000
a contact +45600 +46200 2005 2001 1000
a contact +45600 +46200 2007 2004 1000
a contact +45600 +46200 2008 2003 1000
a contact +45600 +46200 9003 2002 1000
a contact +46200 +46800 2001 2007 1000
a contact +46200 +46800 2002 2008 1000
a contact +46200 +46800 2003 2005 1000
a contact +46200 +46800 2005 2003 1000
a contact +46200 +46800 2006 9003 1000
a contact +46200 +46800 2007 2001 1000
a contact +46200 +46800 2008 2002 1000
a contact +46200 +46800 9003 2006 1000
a contact +46800 +47400 2001 2008 1000
a contact +46800 +47400 2002 2006 1000
a contact +46800 +47400 2003 2007 1000
a contact +46800 +47400 2005 9003 1000
a contact +46800 +47400 2006 2002 1000
a contact +46800 +47400 2007 2003 1000
a contact +46800 +47400 2008 2001 1000
a contact +46800 +47400 9003 2005 1000
a contact +47400 +48000 2001 2003 1000
a contact +47400 +48000 2003 2001 1000
a contact +47400 +48000 2004 9003 1000
a contact +47400 +48000 2005 2007 1000
a contact +47400 +48000 2006 2008 1000
a contact +47400 +48000 2007 2005 1000
a contact +47400 +48000 2008 2006 1000
a contact +47400 +48000 9003 2004 1000
a contact +48000 +48600 2001 2004 1000
a contact +48000 +48600 2003 9003 1000
a contact +48000 +48600 2004 2001 1000
a contact +48000 +48600 2005 2006 1000
a contact +48000 +48600 2006 2005 1000
a contact +48000 +48600 2007 2008 1000
a contact +48000 +48600 2008 2007 1000
a contact +48000 +48600 9003 2003 1000
a contact +48600 +49200 2001 9003 1000
a contact +48600 +49200 2002 2006 1000
a contact +48600 +49200 2003 2005 1000
a contact +48600 +49200 2004 2008 1000
a contact +48600 +49200 2005 2003 1000
a contact +48600 +49200 2006 2002 1000
a contact +48600 +49200 2008 2004 1000
a contact +48600 +49200 9003 2001 1000
a contact +49200 +49800 2001 2006 1000
a contact +49200 +49800 2002 9003 1000
a contact +49200 +49800 2003 2008 1000
a contact +49200 +49800 2006 2001 1000
a contact +49200 +49800 2008 2003 1000
a contact +49200 +49800 9003 2002 1000
a contact +49800 +50400 2001 2008 1000
a contact +49800 +50400 2002 2007 1000
a contact +49200 +50400 2004 2005 1000
a contact +49200 +50400 2005 2004 1000
a contact +49800 +50400 2006 9003 1000
a contact +49800 +50400 2007 2002 1000
a contact +49800 +50400 2008 2001 1000
a contact +49800 +50400 9003 2006 1000
a contact +50400 +51000 2001 2007 1000
a contact +50400 +51000 2002 2008 1000
a contact +50400 +51000 2003 2006 1000
a contact +50400 +51000 2005 9003 1000
a contact +50400 +51000 2006 2003 1000
a contact +50400 +51000 2007 2001 1000
a contact +50400 +51000 2008 2002 1000
a contact +50400 +51000 9003 2005 1000
a contact +51000 +51600 2003 2004 1000
a contact +51000 +51600 2004 2003 1000
a contact +51000 +51600 2006 2007 1000
a contact +51000 +51600 2007 2006 1000
a contact +51000 +51600 2008 9003 1000
a contact +51000 +51600 9003 2008 1000
a contact +51600 +52200 2003 9003 1000
a contact +51600 +52200 2004 2006 1000
a contact +51600 +52200 2005 2007 1000
a contact +51600 +52200 2006 2004 1000
a contact +51600 +52200 2007 2005 1000
a contact +51600 +52200 9003 2003 1000
a contact +52200 +52800 2003 2006 1000
a contact +52200 +52800 2004 9003 1000
a contact +52200 +52800 2005 2008 1000
a contact +52200 +52800 2006 2003 1000
a contact +52200 +52800 2007 9001 1000
a contact +52200 +52800 2008 2005 1000
a contact +52200 +52800 9001 2007 1000
a contact +52200 +52800 9003 2004 1000
a contact +51000 +53400 2001 2002 1000
a contact +51000 +53400 2002 2001 1000
a contact +52800 +53400 2003 2005 1000
a contact +52800 +53400 2004 2006 1000
a contact +52800 +53400 2005 2003 1000
a contact +52800 +53400 2006 2004 1000
a contact +52800 +53400 2007 9003 1000
a contact +52800 +53400 2008 9001 1000
a contact +52800 +53400 9001 2008 1000
a contact +52800 +53400 9003 2007 1000
a contact +53400 +54000 2001 9003 1000
a contact +53400 +54000 2002 2004 1000
a contact +53400 +54000 2003 9001 1000
a contact +53400 +54000 2004 2002 1000
a contact +53400 +54000 2005 2006 1000
a contact +53400 +54000 2006 2005 1000
a contact +53400 +54000 2007 2008 1000
a contact +53400 +54000 2008 2007 1000
a contact +53400 +54000 9001 2003 1000
a contact +53400 +54000 9003 2001 1000
a contact +54000 +54600 2001 2002 1000
a contact +54000 +54600 2002 2001 1000
a contact +54000 +54600 2003 9003 1000
a contact +54000 +54600 2004 2007 1000
a contact +54000 +54600 2005 9001 1000
a contact +54000 +54600 2006 2008 1000
a contact +54000 +54600 2007 2004 1000
a contact +54000 +54600 2008 2006 1000
a contact +54000 +54600 9001 2005 1000
a contact +54000 +54600 9003 2003 1000
a contact +54600 +55200 2001 2003 1000
a contact +54600 +55200 2002 2007 1000
a contact +54600 +55200 2003 2001 1000
a contact +54600 +55200 2004 2008 1000
a contact +54600 +55200 2005 9003 1000
a contact +54600 +55200 2006 9001 1000
a contact +54600 +55200 2007 2002 1000
a contact +54600 +55200 2008 2004 1000
a contact +54600 +55200 9001 2006 1000
a contact +54600 +55200 9003 2005 1000
a contact +55200 +55800 2001 2004 1000
a contact +55200 +55800 2002 2005 1000
a contact +55200 +55800 2003 9001 1000
a contact +55200 +55800 2004 2001 1000
a contact +55200 +55800 2005 2002 1000
a contact +55200 +55800 2006 2007 1000
a contact +55200 +55800 2007 2006 1000
a contact +55200 +55800 2008 9003 1000
a contact +55200 +55800 9001 2003 1000
a contact +55200 +55800 9003 2008 1000
a contact +55800 +56400 2002 2004 1000
a contact +55800 +56400 2003 2007 1000
a contact +55800 +56400 2004 2002 1000
a contact +55800 +56400 2006 9003 1000
a contact +55800 +56400 2007 2003 1000
a contact +55800 +56400 2008 9001 1000
a contact +55800 +56400 9001 2008 1000
a contact +55800 +56400 9003 2006 1000
a contact +55800 +57000 2001 2005 1000
a contact +56400 +57000 2002 9001 1000
a contact +56400 +57000 2003 2008 1000
a contact +56400 +57000 2004 2006 1000
a contact +55800 +57000 2005 2001 1000
a contact +56400 +57000 2006 2004 1000
a contact +56400 +57000 2007 9003 1000
a contact +56400 +57000 2008 2003 1000
a contact +56400 +57000 9001 2002 1000
a contact +56400 +57000 9003 2007 1000
a contact +57000 +57600 2001 2002 1000
a contact +57000 +57600 2002 2001 1000
a contact +57000 +57600 2003 2006 1000
a contact +57000 +57600 2004 9003 1000
a contact +57000 +57600 2005 2008 1000
a contact +57000 +57600 2006 2003 1000
a contact +57000 +57600 2007 9001 1000
a contact +57000 +57600 2008 2005 1000
a contact +57000 +57600 9001 2007 1000
a contact +57000 +57600 9003 2004 1000
a contact +57600 +58200 2001 2007 1000
a contact +57600 +58200 2002 9003 1000
a contact +57600 +58200 2003 2004 1000
a contact +57600 +58200 2004 2003 1000
a contact +57600 +58200 2005 9001 1000
a contact +57600 +58200 2006 2008 1000
a contact +57600 +58200 2007 2001 1000
a contact +57600 +58200 2008 2006 1000
a contact +57600 +58200 9001 2005 1000
a contact +57600 +58200 9003 2002 1000
a contact +58200 +58800 2001 9003 1000
a contact +58200 +58800 2002 9001 1000
a contact +58200 +58800 2003 2007 1000
a contact +58200 +58800 2004 2008 1000
a contact +58200 +58800 2005 2006 1000
a contact +58200 +58800 2006 2005 1000
a contact +58200 +58800 2007 2003 1000
a contact +58200 +58800 2008 2004 1000
a contact +58200 +58800 9001 2002 1000
a contact +58200 +58800 9003 2001 1000
a contact +58800 +59400 2001 2008 1000
a contact +58800 +59400 2002 2006 1000
a contact +58800 +59400 2003 9003 1000
a contact +58800 +59400 2004 9001 1000
a contact +58800 +59400 2005 2007 1000
a contact +58800 +59400 2006 2002 1000
a contact +58800 +59400 2007 2005 1000
a contact +58800 +59400 2008 2001 1000
a contact +58800 +59400 9001 2004 1000
a contact +58800 +59400 9003 2003 1000
a contact +59400 +60000 2001 2003 1000
a contact +59400 +60000 2003 2001 1000
a contact +59400 +60000 2004 9003 1000
a contact +59400 +60000 2006 9001 1000
a contact +59400 +60000 2007 2008 1000
a contact +59400 +60000 2008 2007 1000
a contact +59400 +60000 9001 2006 1000
a contact +59400 +60000 9003 2004 1000
a contact +60000 +60600 2001 2006 1000
a contact +59400 +60600 2002 2005 1000
a contact +60000 +60600 2003 9001 1000
a contact +60000 +60600 2004 2007 1000
a contact +59400 +60600 2005 2002 1000
a contact +60000 +60600 2006 2001 1000
a contact +60000 +60600 2007 2004 1000
a contact +60000 +60600 2008 9003 1000
a contact +60000 +60600 9001 2003 1000
a contact +60000 +60600 9003 2008 1000
a contact +60600 +61200 2001 9001 1000
a contact +60600 +61200 2002 2006 1000
a contact +60600 +61200 2003 2008 1000
a contact +60600 +61200 2006 2002 1000
a contact +60600 +61200 2007 9003 1000
a contact +60600 +61200 2008 2003 1000
a contact +60600 +61200 9001 2001 1000
a contact +60600 +61200 9003 2007 1000
a contact +61200 +61800 2001 2002 1000
a contact +61200 +61800 2002 2001 1000
a contact +61200 +61800 2003 2007 1000
a contact +60600 +61800 2004 2005 1000
a contact +60600 +61800 2005 2004 1000
a contact +61200 +61800 2006 9003 1000
a contact +61200 +61800 2007 2003 1000
a contact +61200 +61800 2008 9001 1000
a contact +61200 +61800 9001 2008 1000
a contact +61200 +61800 9003 2006 1000
a contact +61800 +62400 2001 9003 1000
a contact +61800 +62400 2002 2007 1000
a contact +61800 +62400 2003 2005 1000
a contact +61800 +62400 2004 9001 1000
a contact +61800 +62400 2005 2003 1000
a contact +61800 +62400 2006 2008 1000
a contact +61800 +62400 2007 2002 1000
a contact +61800 +62400 2008 2006 1000
a contact +61800 +62400 9001 2004 1000
a contact +61800 +62400 9003 2001 1000
a contact +62400 +63000 2001 2006 1000
a contact +62400 +63000 2002 2008 1000
a contact +62400 +63000 2003 2004 1000
a contact +62400 +63000 2004 2003 1000
a contact +62400 +63000 2005 9003 1000
a contact +62400 +63000 2006 2001 1000
a contact +62400 +63000 2007 9001 1000
a contact +62400 +63000 2008 2002 1000
a contact +62400 +63000 9001 2007 1000
a contact +62400 +63000 9003 2005 1000
a contact +63000 +63600 2001 9001 1000
a contact +63000 +63600 2002 9003 1000
a contact +63000 +63600 2003 2006 1000
a contact +63000 +63600 2004 2007 1000
a contact +63000 +63600 2005 2008 1000
a contact +63000 +63600 2006 2003 1000
a contact +63000 +63600 2007 2004 1000
a contact +63000 +63600 2008 2005 1000
a contact +63000 +63600 9001 2001 1000
a contact +63000 +63600 9003 2002 1000
a contact +63600 +64200 2001 2005 1000
a contact +63600 +64200 2002 9001 1000
a contact +63600 +64200 2003 9003 1000
a contact +63600 +64200 2004 2006 1000
a contact +63600 +64200 2005 2001 1000
a contact +63600 +64200 2006 2004 1000
a contact +63600 +64200 2007 2008 1000
a contact +63600 +64200 2008 2007 1000
a contact +63600 +64200 9001 2002 1000
a contact +63600 +64200 9003 2003 1000
a contact +64200 +64800 2001 2003 1000
a contact +64200 +64800 2002 2008 1000
a contact +64200 +64800 2003 2001 1000
a contact +64200 +64800 2004 9003 1000
a contact +64200 +64800 2005 2007 1000
a contact +64200 +64800 2006 9001 1000
a contact +64200 +64800 2007 2005 1000
a contact +64200 +64800 2008 2002 1000
a contact +64200 +64800 9001 2006 1000
a contact +64200 +64800 9003 2004 1000
a contact +64800 +65400 2001 2008 1000
a contact +64800 +65400 2002 2007 1000
a contact +64800 +65400 2003 2004 1000
a contact +64800 +65400 2004 2003 1000
a contact +64800 +65400 2005 9001 1000
a contact +64800 +65400 2006 9003 1000
a contact +64800 +65400 2007 2002 1000
a contact +64800 +65400 2008 2001 1000
a contact +64800 +65400 9001 2005 1000
a contact +64800 +65400 9003 2006 1000
a contact +65400 +66000 2001 2007 1000
a contact +65400 +66000 2002 2004 1000
a contact +65400 +66000 2003 9001 1000
a contact +65400 +66000 2004 2002 1000
a contact +65400 +66000 2005 2006 1000
a contact +65400 +66000 2006 2005 1000
a contact +65400 +66000 2007 2001 1000
a contact +65400 +66000 2008 9003 1000
a contact +65400 +66000 9001 2003 1000
a contact +65400 +66000 9003 2008 1000
a contact +66000 +66600 2002 9003 1000
a contact +66000 +66600 2003 2005 1000
a contact +66000 +66600 2005 2003 1000
a contact +66000 +66600 2008 9001 1000
a contact +66000 +66600 9001 2008 1000
a contact +66000 +66600 9003 2002 1000
a contact +66000 +67200 2001 2004 1000
a contact +66600 +67200 2002 9001 1000
a contact +66600 +67200 2003 2008 1000
a contact +66000 +67200 2004 2001 1000
a contact +66600 +67200 2005 9003 1000
a contact +66000 +67200 2006 2007 1000
a contact +66000 +67200 2007 2006 1000
a contact +66600 +67200 2008 2003 1000
a contact +66600 +67200 9001 2002 1000
a contact +66600 +67200 9003 2005 1000
a contact +67200 +67800 2001 2002 1000
a contact +67200 +67800 2002 2001 1000
a contact +67200 +67800 2003 2006 1000
a contact +67200 +67800 2004 9001 1000
a contact +67200 +67800 2005 2008 1000
a contact +67200 +67800 2006 2003 1000
a contact +67200 +67800 2007 9003 1000
a contact +67200 +67800 2008 2005 1000
a contact +67200 +67800 9001 2004 1000
a contact +67200 +67800 9003 2007 1000
a contact +67800 +68400 2001 9003 1000
a contact +67800 +68400 2002 2007 1000
a contact +67800 +68400 2003 2005 1000
a contact +67800 +68400 2004 2008 1000
a contact +67800 +68400 2005 2003 1000
a contact +67800 +68400 2006 9001 1000
a contact +67800 +68400 2007 2002 1000
a contact +67800 +68400 2008 2004 1000
a contact +67800 +68400 9001 2006 1000
a contact +67800 +68400 9003 2001 1000
a contact +68400 +69000 2001 2008 1000
a contact +68400 +69000 2002 2006 1000
a contact +68400 +69000 2003 2007 1000
a contact +68400 +69000 2004 9003 1000
a contact +68400 +69000 2005 9001 1000
a contact +68400 +69000 2006 2002 1000
a contact +68400 +69000 2007 2003 1000
a contact +68400 +69000 2008 2001 1000
a contact +68400 +69000 9001 2005 1000
a contact +68400 +69000 9003 2004 1000
a contact +69000 +69600 2001 2005 1000
a contact +69000 +69600 2002 2008 1000
a contact +69000 +69600 2003 9003 1000
a contact +69000 +69600 2004 2006 1000
a contact +69000 +69600 2005 2001 1000
a contact +69000 +69600 2006 2004 1000
a contact +69000 +69600 2007 9001 1000
a contact +69000 +69600 2008 2002 1000
a contact +69000 +69600 9001 2007 1000
a contact +69000 +69600 9003 2003 1000
a contact +69600 +70200 2001 9001 1000
a contact +69600 +70200 2002 9003 1000
a contact +69600 +70200 2003 2006 1000
a contact +69600 +70200 2004 2005 1000
a contact +69600 +70200 2005 2004 1000
a contact +69600 +70200 2006 2003 1000
a contact +69600 +70200 2007 2008 1000
a contact +69600 +70200 2008 2007 1000
a contact +69600 +70200 9001 2001 1000
a contact +69600 +70200 9003 2002 1000
a contact +70200 +70800 2001 2002 1000
a contact +70200 +70800 2002 2001 1000
a contact +70200 +70800 2003 9001 1000
a contact +70200 +70800 2004 2007 1000
a contact +70200 +70800 2005 2006 1000
a contact +70200 +70800 2006 2005 1000
a contact +70200 +70800 2007 2004 1000
a contact +70200 +70800 2008 9003 1000
a contact +70200 +70800 9001 2003 1000
a contact +70200 +70800 9003 2008 1000
a contact +70800 +71400 2001 2003 1000
a contact +70800 +71400 2002 2005 1000
a contact +70800 +71400 2003 2001 1000
a contact +70800 +71400 2004 9001 1000
a contact +70800 +71400 2005 2002 1000
a contact +70800 +71400 2006 2008 1000
a contact +70800 +71400 2007 9003 1000
a contact +70800 +71400 2008 2006 1000
a contact +70800 +71400 9001 2004 1000
a contact +70800 +71400 9003 2007 1000
a contact +71400 +72000 2001 2006 1000
a contact +71400 +72000 2002 9001 1000
a contact +71400 +72000 2003 2007 1000
a contact +71400 +72000 2004 2008 1000
a contact +71400 +72000 2005 9003 1000
a contact +71400 +72000 2006 2001 1000
a contact +71400 +72000 2007 2003 1000
a contact +71400 +72000 2008 2004 1000
a contact +71400 +72000 9001 2002 1000
a contact +71400 +72000 9003 2005 1000
a contact +72000 +72600 2001 2007 1000
a contact +72000 +72600 2002 2005 1000
a contact +72000 +72600 2003 2004 1000
a contact +72000 +72600 2004 2003 1000
a contact +72000 +72600 2005 2002 1000
a contact +72000 +72600 2006 9003 1000
a contact +72000 +72600 2007 2001 1000
a contact +72000 +72600 2008 9001 1000
a contact +72000 +72600 9001 2008 1000
a contact +72000 +72600 9003 2006 1000
a contact +72600 +73200 2001 9003 1000
a contact +72600 +73200 2002 2004 1000
a contact +72600 +73200 2003 2008 1000
a contact +72600 +73200 2004 2002 1000
a contact +72600 +73200 2005 2007 1000
a contact +72600 +73200 2006 9001 1000
a contact +72600 +73200 2007 2005 1000
a contact +72600 +73200 2008 2003 1000
a contact +72600 +73200 9001 2006 1000
a contact +72600 +73200 9003 2001 1000
a contact +73200 +73800 2001 2005 1000
a contact +73200 +73800 2002 2006 1000
a contact +73200 +73800 2003 9003 1000
a contact +73200 +73800 2004 2008 1000
a contact +73200 +73800 2005 2001 1000
a contact +73200 +73800 2006 2002 1000
a contact +73200 +73800 2007 9001 1000
a contact +73200 +73800 2008 2004 1000
a contact +73200 +73800 9001 2007 1000
a contact +73200 +73800 9003 2003 1000
a contact +73800 +74400 2001 2006 1000
a contact +73800 +74400 2002 2007 1000
a contact +73800 +74400 2003 2004 1000
a contact +73800 +74400 2004 2003 1000
a contact +73800 +74400 2005 9001 1000
a contact +73800 +74400 2006 2001 1000
a contact +73800 +74400 2007 2002 1000
a contact +73800 +74400 2008 9003 1000
a contact +73800 +74400 9001 2005 1000
a contact +73800 +74400 9003 2008 1000
a contact +74400 +75000 2001 2004 1000
a contact +74400 +75000 2002 2008 1000
a contact +74400 +75000 2003 9001 1000
a contact +74400 +75000 2004 2001 1000
a contact +74400 +75000 2005 2006 1000
a contact +74400 +75000 2006 2005 1000
a contact +74400 +75000 2007 9003 1000
a contact +74400 +75000 2008 2002 1000
a contact +74400 +75000 9001 2003 1000
a contact +74400 +75000 9003 2007 1000
a contact +75000 +75600 2001 9001 1000
a contact +75000 +75600 2002 2004 1000
a contact +75000 +75600 2003 2005 1000
a contact +75000 +75600 2004 2002 1000
a contact +75000 +75600 2005 2003 1000
a contact +75000 +75600 2006 9003 1000
a contact +75000 +75600 2007 2008 1000
a contact +75000 +75600 2008 2007 1000
a contact +75000 +75600 9001 2001 1000
a contact +75000 +75600 9003 2006 1000
a contact +75600 +76200 2001 2002 1000
a contact +75600 +76200 2002 2001 1000
a contact +75600 +76200 2003 9003 1000
a contact +75600 +76200 2004 2007 1000
a contact +75600 +76200 2005 2008 1000
a contact +75600 +76200 2006 9001 1000
a contact +75600 +76200 2007 2004 1000
a contact +75600 +76200 2008 2005 1000
a contact +75600 +76200 9001 2006 1000
a contact +75600 +76200 9003 2003 1000
a contact +76200 +76800 2001 2003 1000
a contact +76200 +76800 2002 9003 1000
a contact +76200 +76800 2003 2001 1000
a contact +76200 +76800 2004 2006 1000
a contact +76200 +76800 2005 2007 1000
a contact +76200 +76800 2006 2004 1000
a contact +76200 +76800 2007 2005 1000
a contact +76200 +76800 2008 9001 1000
a contact +76200 +76800 9001 2008 1000
a contact +76200 +76800 9003 2002 1000
a contact +76800 +77400 2001 2007 1000
a contact +76800 +77400 2002 2008 1000
a contact +76800 +77400 2003 2006 1000
a contact +76800 +77400 2004 9003 1000
a contact +76800 +77400 2005 9001 1000
a contact +76800 +77400 2006 2003 1000
a contact +76800 +77400 2007 2001 1000
a contact +76800 +77400 2008 2002 1000
a contact +76800 +77400 9001 2005 1000
a contact +76800 +77400 9003 2004 1000
a contact +77400 +78000 2001 9003 1000
a contact +77400 +78000 2002 9001 1000
a contact +77400 +78000 2003 2007 1000
a contact +77400 +78000 2004 2005 1000
a contact +77400 +78000 2005 2004 1000
a contact +77400 +78000 2006 2008 1000
a contact +77400 +78000 2007 2003 1000
a contact +77400 +78000 2008 2006 1000
a contact +77400 +78000 9001 2002 1000
a contact +77400 +78000 9003 2001 1000
a contact +78000 +78600 2001 2008 1000
a contact +78000 +78600 2002 2004 1000
a contact +78000 +78600 2003 2006 1000
a contact +78000 +78600 2004 2002 1000
a contact +78000 +78600 2005 9003 1000
a contact +78000 +78600 2006 2003 1000
a contact +78000 +78600 2007 9001 1000
a contact +78000 +78600 2008 2001 1000
a contact +78000 +78600 9001 2007 1000
a contact +78000 +78600 9003 2005 1000
a contact +78600 +79200 2001 2003 1000
a contact +78600 +79200 2003 2001 1000
a contact +78600 +79200 2004 9001 1000
a contact +78600 +79200 2005 2006 1000
a contact +78600 +79200 2006 2005 1000
a contact +78600 +79200 2008 9002 1000
a contact +78600 +79200 9001 2004 1000
a contact +78600 +79200 9002 2008 1000
a contact +79200 +79800 2001 9001 1000
a contact +78600 +79800 2002 2007 1000
a contact +79200 +79800 2003 9002 1000
a contact +79200 +79800 2004 2005 1000
a contact +79200 +79800 2005 2004 1000
a contact +79200 +79800 2006 2008 1000
a contact +78600 +79800 2007 2002 1000
a contact +79200 +79800 2008 2006 1000
a contact +79200 +79800 9001 2001 1000
a contact +79200 +79800 9002 2003 1000
a contact +79800 +80400 2001 2004 1000
a contact +79800 +80400 2002 2006 1000
a contact +79800 +80400 2003 9001 1000
a contact +79800 +80400 2004 2001 1000
a contact +79800 +80400 2005 2008 1000
a contact +79800 +80400 2006 2002 1000
a contact +79800 +80400 2007 9002 1000
a contact +79800 +80400 2008 2005 1000
a contact +79800 +80400 9001 2003 1000
a contact +79800 +80400 9002 2007 1000
a contact +80400 +81000 2001 2002 1000
a contact +80400 +81000 2002 2001 1000
a contact +80400 +81000 2003 2008 1000
a contact +80400 +81000 2004 9001 1000
a contact +80400 +81000 2005 2007 1000
a contact +80400 +81000 2006 9002 1000
a contact +80400 +81000 2007 2005 1000
a contact +80400 +81000 2008 2003 1000
a contact +80400 +81000 9001 2004 1000
a contact +80400 +81000 9002 2006 1000
a contact +81000 +81600 2001 2008 1000
a contact +81000 +81600 2002 9001 1000
a contact +81000 +81600 2004 9002 1000
a contact +81000 +81600 2008 2001 1000
a contact +81000 +81600 9001 2002 1000
a contact +81000 +81600 9002 2004 1000
a contact +81600 +82200 2001 9001 1000
a contact +81600 +82200 2002 9002 1000
a contact +81000 +82200 2003 2005 1000
a contact +81600 +82200 2004 2008 1000
a contact +81000 +82200 2005 2003 1000
a contact +81000 +82200 2006 2007 1000
a contact +81000 +82200 2007 2006 1000
a contact +81600 +82200 2008 2004 1000
a contact +81600 +82200 9001 2001 1000
a contact +81600 +82200 9002 2002 1000
a contact +82200 +82800 2001 2006 1000
a contact +82200 +82800 2002 2005 1000
a contact +82200 +82800 2003 9001 1000
a contact +82200 +82800 2004 9002 1000
a contact +82200 +82800 2005 2002 1000
a contact +82200 +82800 2006 2001 1000
a contact +82200 +82800 2007 2008 1000
a contact +82200 +82800 2008 2007 1000
a contact +82200 +82800 9001 2003 1000
a contact +82200 +82800 9002 2004 1000
a contact +82800 +83400 2001 2007 1000
a contact +82800 +83400 2002 9002 1000
a contact +82800 +83400 2003 2008 1000
a contact +82800 +83400 2004 2006 1000
a contact +82800 +83400 2005 9001 1000
a contact +82800 +83400 2006 2004 1000
a contact +82800 +83400 2007 2001 1000
a contact +82800 +83400 2008 2003 1000
a contact +82800 +83400 9001 2005 1000
a contact +82800 +83400 9002 2002 1000
a contact +83400 +84000 2001 2002 1000
a contact +83400 +84000 2002 2001 1000
a contact +83400 +84000 2003 2004 1000
a contact +83400 +84000 2004 2003 1000
a contact +83400 +84000 2005 9002 1000
a contact +83400 +84000 2006 2007 1000
a contact +83400 +84000 2007 2006 1000
a contact +83400 +84000 2008 9001 1000
a contact +83400 +84000 9001 2008 1000
a contact +83400 +84000 9002 2005 1000
a contact +84000 +84600 2004 2007 1000
a contact +84000 +84600 2006 9001 1000
a contact +84000 +84600 2007 2004 1000
a contact +84000 +84600 2008 9002 1000
a contact +84000 +84600 9001 2006 1000
a contact +84000 +84600 9002 2008 1000
a contact +84000 +85200 2001 2005 1000
a contact +84600 +85200 2004 2008 1000
a contact +84000 +85200 2005 2001 1000
a contact +84600 +85200 2006 9002 1000
a contact +84600 +85200 2007 9001 1000
a contact +84600 +85200 2008 2004 1000
a contact +84600 +85200 9001 2007 1000
a contact +84600 +85200 9002 2006 1000
a contact +85200 +85800 2001 2004 1000
a contact +85200 +85800 2004 2001 1000
a contact +85200 +85800 2005 2006 1000
a contact +85200 +85800 2006 2005 1000
a contact +85200 +85800 2007 9002 1000
a contact +85200 +85800 2008 9001 1000
a contact +85200 +85800 9001 2008 1000
a contact +85200 +85800 9002 2007 1000
a contact +85800 +86400 2001 2006 1000
a contact +84000 +86400 2002 2003 1000
a contact +84000 +86400 2003 2002 1000
a contact +85800 +86400 2004 2005 1000
a contact +85800 +86400 2005 2004 1000
a contact +85800 +86400 2006 2001 1000
a contact +85800 +86400 2007 9001 1000
a contact +85800 +86400 2008 9002 1000
a contact +85800 +86400 9001 2007 1000
a contact +85800 +86400 9002 2008 1000

a range +0 +600 2001 9002 1103.3976
a range +0 +600 2002 9001 1102.3445
a range +0 +600 9001 2002 1102.3445
a range +0 +600 9002 2001 1103.3976
a range +600 +1200 2001 2003 0.046
a range +600 +1200 2002 9002 1102.3248
a range +600 +1200 2003 2001 0.046
a range +600 +1200 2004 2006 0.0569
a range +600 +1200 2005 2007 0.0403
a range +600 +1200 2006 2004 0.0569
a range +600 +1200 2007 2005 0.0403
a range +600 +1200 2008 9001 1102.3573
a range +600 +1200 9001 2008 1102.3573
a range +600 +1200 9002 2002 1102.3248
a range +1200 +1800 2001 2005 0.0488
a range +1200 +1800 2002 2006 0.052
a range +1200 +1800 2003 9002 1103.4107
a range +1200 +1800 2004 9001 1102.354
a range +1200 +1800 2005 2001 0.0488
a range +1200 +1800 2006 2002 0.052
a range +1200 +1800 2007 2008 0.0196
a range +1200 +1800 2008 2007 0.0196
a range +1200 +1800 9001 2004 1102.354
a range +1200 +1800 9002 2003 1103.4107
a range +1800 +2400 2001 2006 0.0518
a range +1800 +2400 2002 2003 0.0466
a range +1800 +2400 2003 2002 0.0466
a range +1800 +2400 2004 9002 1103.3968
a range +1800 +2400 2005 2008 0.0624
a range +1800 +2400 2006 2001 0.0518
a range +1800 +2400 2007 9001 1102.3511
a range +1800 +2400 2008 2005 0.0624
a range +1800 +2400 9001 2007 1102.3511
a range +1800 +2400 9002 2004 1103.3968
a range +2400 +3000 2001 2007 0.0535
a range +2400 +3000 2002 2004 0.0495
a range +2400 +3000 2003 2006 0.0537
a range +2400 +3000 2004 2002 0.0495
a range +2400 +3000 2005 9001 1102.3424
a range +2400 +3000 2006 2003 0.0537
a range +2400 +3000 2007 2001 0.0535
a range +2400 +3000 2008 9002 1103.392
a range +2400 +3000 9001 2005 1102.3424
a range +2400 +3000 9002 2008 1103.392
a range +3000 +3600 2001 9001 1102.3367
a range +3000 +3600 2002 2008 0.0558
a range +3000 +3600 2003 2005 0.0529
a range +3000 +3600 2004 2007 0.0589
a range +3000 +3600 2005 2003 0.0529
a range +3000 +3600 2006 9002 1102.2169
a range +3000 +3600 2007 2004 0.0589
a range +3000 +3600 2008 2002 0.0558
a range +3000 +3600 9001 2001 1102.3367
a range +3000 +3600 9002 2006 1102.2169
a range +3600 +4200 2002 2007 0.055
a range +3600 +4200 2003 2008 0.0574
a range +3600 +4200 2005 9002 1103.3882
a range +3600 +4200 2006 9001 1102.2317
a range +3600 +4200 2007 2002 0.055
a range +3600 +4200 2008 2003 0.0574
a range +3600 +4200 9001 2006 1102.2317
a range +3600 +4200 9002 2005 1103.3882
a range +3600 +4800 2001 2004 0.0479
a range +4200 +4800 2002 2005 0.0509
a range +4200 +4800 2003 9001 1102.3386
a range +3600 +4800 2004 2001 0.0479
a range +4200 +4800 2005 2002 0.0509
a range +4200 +4800 2006 2008 0.0632
a range +4200 +4800 2007 9002 1103.3735
a range +4200 +4800 2008 2006 0.0632
a range +4200 +4800 9001 2003 1102.3386
a range +4200 +4800 9002 2007 1103.3735
a range +4800 +5400 2001 2008 0.0536
a range +4800 +5400 2002 9002 1102.3248
a range +4800 +5400 2003 2004 0.0226
a range +4800 +5400 2004 2003 0.0226
a range +4800 +5400 2005 9001 1102.3424
a range +4800 +5400 2006 2007 0.0609
a range +4800 +5400 2007 2006 0.0609
a range +4800 +5400 2008 2001 0.0536
a range +4800 +5400 9001 2005 1102.3424
a range +4800 +5400 9002 2002 1102.3248
a range +5400 +6000 2001 2005 0.0488
a range +5400 +6000 2002 9001 1102.3445
a range +5400 +6000 2003 2007 0.0554
a range +5400 +6000 2004 2008 0.0608
a range +5400 +6000 2005 2001 0.0488
a range +5400 +6000 2006 9002 1102.2169
a range +5400 +6000 2007 2003 0.0554
a range +5400 +6000 2008 2004 0.0608
a range +5400 +6000 9001 2002 1102.3445
a range +5400 +6000 9002 2006 1102.2169
a range +6000 +6600 2003 9002 1103.4107
a range +6000 +6600 2004 2005 0.0244
a range +6000 +6600 2005 2004 0.0244
a range +6000 +6600 2006 2007 0.0609
a range +6000 +6600 2007 2006 0.0609
a range +6000 +6600 2008 9001 1102.3573
a range +6000 +6600 9001 2008 1102.3573
a range +6000 +6600 9002 2003 1103.4107
a range +6000 +7200 2001 2002 0.043
a range +6000 +7200 2002 2001 0.043
a range +6600 +7200 2003 2005 0.052
a range +6600 +7200 2004 2007 0.0589
a range +6600 +7200 2005 2003 0.052
a range +6600 +7200 2006 9001 1102.2317
a range +6600 +7200 2007 2004 0.0589
a range +6600 +7200 2008 9002 1103.392
a range +6600 +7200 9001 2006 1102.2317
a range +6600 +7200 9002 2008 1103.392
a range +7200 +7800 2001 2003 0.0447
a range +7200 +7800 2002 2008 0.0558
a range +7200 +7800 2003 2001 0.0447
a range +7200 +7800 2004 2006 0.0569
a range +7200 +7800 2005 9002 1103.3882
a range +7200 +7800 2006 2004 0.0569
a range +7200 +7800 2007 9001 1102.3511
a range +7200 +7800 2008 2002 0.0558
a range +7200 +7800 9001 2007 1102.3511
a range +7200 +7800 9002 2005 1103.3882
a range +7800 +8400 2001 2006 0.0508
a range +7800 +8400 2002 2005 0.0509
a range +7800 +8400 2003 9001 1102.3386
a range +7800 +8400 2004 2008 0.0608
a range +7800 +8400 2005 2002 0.0509
a range +7800 +8400 2006 2001 0.0508
a range +7800 +8400 2007 9002 1103.3735
a range +7800 +8400 2008 2004 0.0608
a range +7800 +8400 9001 2003 1102.3386
a range +7800 +8400 9002 2007 1103.3735
a range +8400 +9000 2001 9001 1102.3367
a range +8400 +9000 2002 2003 0.0466
a range +8400 +9000 2003 2002 0.0466
a range +8400 +9000 2004 9002 1103.3968
a range +8400 +9000 2005 2006 0.0574
a range +8400 +9000 2006 2005 0.0574
a range +8400 +9000 2007 2008 0.0196
a range +8400 +9000 2008 2007 0.0196
a range +8400 +9000 9001 2001 1102.3367
a range +8400 +9000 9002 2004 1103.3968
a range +9000 +9600 2001 9002 1103.3976
a range +9000 +9600 2002 2007 0.055
a range +9000 +9600 2003 2006 0.0537
a range +9000 +9600 2004 9001 1102.354
a range +9000 +9600 2005 2008 0.0619
a range +9000 +9600 2006 2003 0.0537
a range +9000 +9600 2007 2002 0.055
a range +9000 +9600 2008 2005 0.0619
a range +9000 +9600 9001 2004 1102.354
a range +9000 +9600 9002 2001 1103.3976
a range +9600 +10200 2001 9001 1102.3367
a range +9600 +10200 2002 2004 0.0495
a range +9600 +10200 2003 2007 0.0554
a range +9600 +10200 2004 2002 0.0495
a range +9600 +10200 2005 2006 0.0574
a range +9600 +10200 2006 2005 0.0574
a range +9600 +10200 2007 2003 0.0554
a range +9600 +10200 2008 9002 1103.392
a range +9600 +10200 9001 2001 1102.3367
a range +9600 +10200 9002 2008 1103.392
a range +10200 +10800 2001 9002 1103.3976
a range +10200 +10800 2002 9001 1102.3445
a range +10200 +10800 2003 2004 0.0226
a range +10200 +10800 2004 2003 0.0226
a range +10200 +10800 2005 2007 0.0403
a range +10200 +10800 2006 2008 0.0632
a range +10200 +10800 2007 2005 0.0403
a range +10200 +10800 2008 2006 0.0632
a range +10200 +10800 9001 2002 1102.3445
a range +10200 +10800 9002 2001 1103.3976
a range +10800 +11400 2001 2008 0.0536
a range +10800 +11400 2002 2006 0.0543
a range +10800 +11400 2003 9002 1103.4107
a range +10800 +11400 2004 2005 0.0244
a range +10800 +11400 2005 2004 0.0244
a range +10800 +11400 2006 2002 0.0543
a range +10800 +11400 2007 9001 1102.3511
a range +10800 +11400 2008 2001 0.0536
a range +10800 +11400 9001 2007 1102.3511
a range +10800 +11400 9002 2003 1103.4107
a range +11400 +12000 2001 2007 0.0535
a range +11400 +12000 2002 9002 1102.3248
a range +11400 +12000 2003 2008 0.0574
a range +11400 +12000 2004 9001 1102.354
a range +11400 +12000 2005 2006 0.0574
a range +11400 +12000 2006 2005 0.0574
a range +11400 +12000 2007 2001 0.0535
a range +11400 +12000 2008 2003 0.0574
a range +11400 +12000 9001 2004 1102.354
a range +11400 +12000 9002 2002 1102.3248
a range +12000 +12600 2001 2003 0.0447
a range +12000 +12600 2002 2006 0.0543
a range +12000 +12600 2003 2001 0.0447
a range +12000 +12600 2004 9002 1103.3968
a range +12000 +12600 2005 2007 0.0403
a range +12000 +12600 2006 2002 0.0543
a range +12000 +12600 2007 2005 0.0403
a range +12000 +12600 2008 9001 1102.3573
a range +12000 +12600 9001 2008 1102.3573
a range +12000 +12600 9002 2004 1103.3968
a range +12600 +13200 2001 2005 0.0505
a range +12600 +13200 2002 2004 0.0495
a range +12600 +13200 2003 9001 1102.3386
a range +12600 +13200 2004 2002 0.0495
a range +12600 +13200 2005 2001 0.0505
a range +12600 +13200 2006 2008 0.0632
a range +12600 +13200 2007 9002 1103.3735
a range +12600 +13200 2008 2006 0.0632
a range +12600 +13200 9001 2003 1102.3386
a range +12600 +13200 9002 2007 1103.3735
a range +13200 +13800 2001 9001 1102.3367
a range +13200 +13800 2002 2008 0.0563
a range +13200 +13800 2003 2004 0.0226
a range +13200 +13800 2004 2003 0.0226
a range +13200 +13800 2005 9002 1103.3882
a range +13200 +13800 2006 2007 0.0609
a range +13200 +13800 2007 2006 0.0609
a range +13200 +13800 2008 2002 0.0563
a range +13200 +13800 9001 2001 1102.3367
a range +13200 +13800 9002 2005 1103.3882
a range +13800 +14400 2001 2004 0.0481
a range +13800 +14400 2002 2003 0.0466
a range +13800 +14400 2003 2002 0.0466
a range +13800 +14400 2004 2001 0.0481
a range +13800 +14400 2005 9001 1102.3424
a range +13800 +14400 2006 9002 1103.3222
a range +13800 +14400 2007 2008 0.0196
a range +13800 +14400 2008 2007 0.0196
a range +13800 +14400 9001 2005 1102.3424
a range +13800 +14400 9002 2006 1103.3222
a range +14400 +15000 2001 2008 0.0536
a range +14400 +15000 2002 2007 0.0539
a range +14400 +15000 2003 9002 1103.4107
a range +14400 +15000 2004 2005 0.0244
a range +14400 +15000 2005 2004 0.0244
a range +14400 +15000 2006 9001 1102.3693
a range +14400 +15000 2007 2002 0.0539
a range +14400 +15000 2008 2001 0.0536
a range +14400 +15000 9001 2006 1102.3693
a range +14400 +15000 9002 2003 1103.4107
a range +15000 +15600 2001 2007 0.0535
a range +15000 +15600 2002 2005 0.05
a range +15000 +15600 2003 2006 0.0537
a range +15000 +15600 2004 9001 1102.354
a range +15000 +15600 2005 2002 0.05
a range +15000 +15600 2006 2003 0.0537
a range +15000 +15600 2007 2001 0.0535
a range +15000 +15600 2008 9002 1103.392
a range +15000 +15600 9001 2004 1102.354
a range +15000 +15600 9002 2008 1103.392
a range +15600 +16200 2001 2003 0.0453
a range +15600 +16200 2003 2001 0.0453
a range +15600 +16200 2004 2006 0.0569
a range +15600 +16200 2005 2008 0.0619
a range +15600 +16200 2006 2004 0.0569
a range +15600 +16200 2007 9002 1103.3735
a range +15600 +16200 2008 2005 0.0619
a range +15600 +16200 9002 2007 1103.3735
a range +16200 +16800 2001 2006 0.0501
a range +16200 +16800 2003 2008 0.0582
a range +16200 +16800 2004 2007 0.0574
a range +16200 +16800 2005 9002 1103.3882
a range +16200 +16800 2006 2001 0.0501
a range +16200 +16800 2007 2004 0.0574
a range +16200 +16800 2008 2003 0.0582
a range +16200 +16800 9002 2005 1103.3882
a range +16800 +17400 2001 2005 0.0505
a range +16800 +17400 2002 2003 0.0466
a range +16800 +17400 2003 2002 0.0466
a range +16800 +17400 2004 2008 0.0611
a range +16800 +17400 2005 2001 0.0505
a range +16800 +17400 2006 9002 1103.3222
a range +16800 +17400 2008 2004 0.0611
a range +16800 +17400 9002 2006 1103.3222
a range +17400 +18000 2001 2004 0.0481
a range +17400 +18000 2002 9002 1103.1007
a range +17400 +18000 2003 2008 0.0582
a range +17400 +18000 2004 2001 0.0481
a range +17400 +18000 2005 2007 0.0403
a range +17400 +18000 2007 2005 0.0403
a range +17400 +18000 2008 2003 0.0582
a range +17400 +18000 9002 2002 1103.1007
a range +18000 +18600 2001 2006 0.0501
a range +18000 +18600 2002 2005 0.05
a range +18000 +18600 2003 2007 0.0581
a range +18000 +18600 2004 9002 1103.3968
a range +18000 +18600 2005 2002 0.05
a range +18000 +18600 2006 2001 0.0501
a range +18000 +18600 2007 2003 0.0581
a range +18000 +18600 9002 2004 1103.3968
a range +18600 +19200 2001 9002 1103.3976
a range +18600 +19200 2002 2006 0.0543
a range +18600 +19200 2003 2004 0.0226
a range +18600 +19200 2004 2003 0.0226
a range +18600 +19200 2005 2008 0.0619
a range +18600 +19200 2006 2002 0.0543
a range +18600 +19200 2008 2005 0.0619
a range +18600 +19200 9002 2001 1103.3976
a range +19200 +19800 2001 2007 0.0535
a range +19200 +19800 2002 2004 0.0495
a range +19200 +19800 2004 2002 0.0495
a range +19200 +19800 2006 2008 0.0632
a range +19200 +19800 2007 2001 0.0535
a range +19200 +19800 2008 2006 0.0632
a range +19800 +20400 2001 2008 0.0536
a range +19800 +20400 2002 2007 0.0539
a range +19200 +20400 2003 2005 0.0529
a range +19800 +20400 2004 2006 0.0569
a range +19200 +20400 2005 2003 0.0529
a range +19800 +20400 2006 2004 0.0569
a range +19800 +20400 2007 2002 0.0539
a range +19800 +20400 2008 2001 0.0536
a range +20400 +21000 2001 9002 1103.3976
a range +20400 +21000 2002 2008 0.0563
a range +20400 +21000 2003 2007 0.0581
a range +20400 +21000 2004 2005 0.0244
a range +20400 +21000 2005 2004 0.0244
a range +20400 +21000 2007 2003 0.0581
a range +20400 +21000 2008 2002 0.0563
a range +20400 +21000 9002 2001 1103.3976
a range +21000 +21600 2001 2003 0.0453
a range +21000 +21600 2002 9002 1103.1007
a range +21000 +21600 2003 2001 0.0453
a range +21000 +21600 2004 2008 0.0611
a range +21000 +21600 2006 2007 0.0609
a range +21000 +21600 2007 2006 0.0609
a range +21000 +21600 2008 2004 0.0611
a range +21000 +21600 9002 2002 1103.1007
a range +21600 +22200 2001 2005 0.0487
a range +21600 +22200 2003 2006 0.0537
a range +21600 +22200 2004 2007 0.0574
a range +21600 +22200 2005 2001 0.0487
a range +21600 +22200 2006 2003 0.0537
a range +21600 +22200 2007 2004 0.0574
a range +21600 +22200 2008 9002 1103.392
a range +21600 +22200 9002 2008 1103.392
a range +22200 +22800 2002 2003 0.0466
a range +22200 +22800 2003 2002 0.0466
a range +22200 +22800 2004 9002 1103.3968
a range +22200 +22800 2005 2006 0.0376
a range +22200 +22800 2006 2005 0.0376
a range +22200 +22800 2007 2008 0.0196
a range +22200 +22800 2008 2007 0.0196
a range +22200 +22800 9002 2004 1103.3968
a range +22800 +23400 2001 2006 0.0501
a range +22800 +23400 2002 2004 0.0495
a range +22800 +23400 2003 9002 1103.4107
a range +22800 +23400 2004 2002 0.0495
a range +22800 +23400 2005 2008 0.0617
a range +22800 +23400 2006 2001 0.0501
a range +22800 +23400 2008 2005 0.0617
a range +22800 +23400 9002 2003 1103.4107
a range +23400 +24000 2001 2007 0.0535
a range +23400 +24000 2002 2006 0.0536
a range +23400 +24000 2003 2004 0.0226
a range +23400 +24000 2004 2003 0.0226
a range +23400 +24000 2005 9002 1103.3882
a range +23400 +24000 2006 2002 0.0536
a range +23400 +24000 2007 2001 0.0535
a range +23400 +24000 9002 2005 1103.3882
a range +24000 +24600 2001 2004 0.0469
a range +24000 +24600 2002 2008 0.0563
a range +24000 +24600 2003 2007 0.0581
a range +24000 +24600 2004 2001 0.0469
a range +24000 +24600 2006 9002 1103.3222
a range +24000 +24600 2007 2003 0.0581
a range +24000 +24600 2008 2002 0.0563
a range +24000 +24600 9002 2006 1103.3222
a range +24600 +25200 2001 2008 0.0536
a range +24600 +25200 2003 2005 0.0529
a range +24600 +25200 2004 2006 0.0569
a range +24600 +25200 2005 2003 0.0529
a range +24600 +25200 2006 2004 0.0569
a range +24600 +25200 2007 9002 1103.3735
a range +24600 +25200 2008 2001 0.0536
a range +24600 +25200 9002 2007 1103.3735
a range +25200 +25800 2001 9002 1103.3976
a range +25200 +25800 2002 2007 0.0543
a range +25200 +25800 2003 2006 0.0549
a range +25200 +25800 2004 2005 0.0244
a range +25200 +25800 2005 2004 0.0244
a range +25200 +25800 2006 2003 0.0549
a range +25200 +25800 2007 2002 0.0543
a range +25200 +25800 9002 2001 1103.3976
a range +25800 +26400 2001 2003 0.0453
a range +25800 +26400 2002 2005 0.0507
a range +25800 +26400 2003 2001 0.0453
a range +25800 +26400 2005 2002 0.0507
a range +25800 +26400 2006 2007 0.0609
a range +25800 +26400 2007 2006 0.0609
a range +25800 +26400 2008 9002 1103.392
a range +25800 +26400 9002 2008 1103.392
a range +26400 +27000 2001 2004 0.0469
a range +26400 +27000 2003 9002 1103.4107
a range +26400 +27000 2004 2001 0.0469
a range +26400 +27000 2005 2006 0.0376
a range +26400 +27000 2006 2005 0.0376
a range +26400 +27000 2007 2008 0.0196
a range +26400 +27000 2008 2007 0.0196
a range +26400 +27000 9002 2003 1103.4107
a range +27000 +27600 2001 2006 0.05
a range +27000 +27600 2002 9002 1103.1007
a range +27000 +27600 2004 2008 0.0614
a range +27000 +27600 2005 2007 0.0403
a range +27000 +27600 2006 2001 0.05
a range +27000 +27600 2007 2005 0.0403
a range +27000 +27600 2008 2004 0.0614
a range +27000 +27600 9002 2002 1103.1007
a range +27600 +28200 2001 2005 0.0487
a range +27600 +28200 2002 2003 0.0466
a range +27600 +28200 2003 2002 0.0466
a range +27600 +28200 2004 9002 1103.3968
a range +27600 +28200 2005 2001 0.0487
a range +27600 +28200 2006 2008 0.0632
a range +27600 +28200 2008 2006 0.0632
a range +27600 +28200 9002 2004 1103.3968
a range +28200 +28800 2001 2008 0.0536
a range +28200 +28800 2002 2005 0.0507
a range +28200 +28800 2004 2007 0.0573
a range +28200 +28800 2005 2002 0.0507
a range +28200 +28800 2006 9002 1103.3222
a range +28200 +28800 2007 2004 0.0573
a range +28200 +28800 2008 2001 0.0536
a range +28200 +28800 9002 2006 1103.3222
a range +28800 +29400 2002 2004 0.0495
a range +28800 +29400 2003 2008 0.0583
a range +28800 +29400 2004 2002 0.0495
a range +28800 +29400 2005 9002 1103.3882
a range +28800 +29400 2006 2007 0.0609
a range +28800 +29400 2007 2006 0.0609
a range +28800 +29400 2008 2003 0.0583
a range +28800 +29400 9002 2005 1103.3882
a range +29400 +30000 2002 2008 0.0563
a range +29400 +30000 2003 2004 0.0226
a range +29400 +30000 2004 2003 0.0226
a range +29400 +30000 2005 2006 0.0376
a range +29400 +30000 2006 2005 0.0376
a range +29400 +30000 2007 9002 1103.3735
a range +29400 +30000 2008 2002 0.0563
a range +29400 +30000 9002 2007 1103.3735
a range +30000 +30600 2001 9002 1103.3976
a range +30000 +30600 2002 2007 0.0543
a range +30000 +30600 2003 2006 0.0549
a range +30000 +30600 2004 2005 0.0244
a range +30000 +30600 2005 2004 0.0244
a range +30000 +30600 2006 2003 0.0549
a range +30000 +30600 2007 2002 0.0543
a range +30000 +30600 2008 9003 1104.785
a range +30000 +30600 9002 2001 1103.3976
a range +30000 +30600 9003 2008 1104.785
a range +30600 +31200 2001 9003 1104.7848
a range +30600 +31200 2002 9002 1103.1007
a range +30600 +31200 2003 2005 0.0529
a range +30600 +31200 2004 2006 0.0569
a range +30600 +31200 2005 2003 0.0529
a range +30600 +31200 2006 2004 0.0569
a range +30600 +31200 2007 2008 0.0196
a range +30600 +31200 2008 2007 0.0196
a range +30600 +31200 9002 2002 1103.1007
a range +30600 +31200 9003 2001 1104.7848
a range +31200 +31800 2001 2003 0.0453
a range +31200 +31800 2002 9003 1103.1029
a range +31200 +31800 2003 2001 0.0453
a range +31200 +31800 2004 2007 0.0573
a range +31200 +31800 2005 2008 0.0617
a range +31200 +31800 2006 9002 1103.3222
a range +31200 +31800 2007 2004 0.0573
a range +31200 +31800 2008 2005 0.0617
a range +31200 +31800 9002 2006 1103.3222
a range +31200 +31800 9003 2002 1103.1029
a range +31800 +32400 2001 9002 1103.3976
a range +31800 +32400 2002 2003 0.0464
a range +31800 +32400 2003 2002 0.0464
a range +31800 +32400 2004 9003 1104.7663
a range +31800 +32400 2005 2007 0.0403
a range +31800 +32400 2006 2008 0.0632
a range +31800 +32400 2007 2005 0.0403
a range +31800 +32400 2008 2006 0.0632
a range +31800 +32400 9002 2001 1103.3976
a range +31800 +32400 9003 2004 1104.7663
a range +32400 +33000 2001 2007 0.0522
a range +32400 +33000 2002 2004 0.0495
a range +32400 +33000 2003 2008 0.0583
a range +32400 +33000 2004 2002 0.0495
a range +32400 +33000 2005 9002 1103.3882
a range +32400 +33000 2006 9003 1103.3115
a range +32400 +33000 2007 2001 0.0522
a range +32400 +33000 2008 2003 0.0583
a range +32400 +33000 9002 2005 1103.3882
a range +32400 +33000 9003 2006 1103.3115
a range +33000 +33600 2001 2006 0.05
a range +33000 +33600 2002 2005 0.0507
a range +33000 +33600 2003 9002 1103.4107
a range +33000 +33600 2004 2008 0.0614
a range +33000 +33600 2005 2002 0.0507
a range +33000 +33600 2006 2001 0.05
a range +33000 +33600 2007 9003 1104.794
a range +33000 +33600 2008 2004 0.0614
a range +33000 +33600 9002 2003 1103.4107
a range +33000 +33600 9003 2007 1104.794
a range +33600 +34200 2001 2004 0.0475
a range +33600 +34200 2002 2006 0.0529
a range +33600 +34200 2003 2007 0.0581
a range +33600 +34200 2004 2001 0.0475
a range +33600 +34200 2005 9003 1104.7826
a range +33600 +34200 2006 2002 0.0529
a range +33600 +34200 2007 2003 0.0581
a range +33600 +34200 2008 9002 1103.392
a range +33600 +34200 9002 2008 1103.392
a range +33600 +34200 9003 2005 1104.7826
a range +34200 +34800 2001 2005 0.0504
a range +34200 +34800 2002 2008 0.0563
a range +34200 +34800 2003 9003 1104.7566
a range +34200 +34800 2004 9002 1103.3968
a range +34200 +34800 2005 2001 0.0504
a range +34200 +34800 2006 2007 0.0609
a range +34200 +34800 2007 2006 0.0609
a range +34200 +34800 2008 2002 0.0563
a range +34200 +34800 9002 2004 1103.3968
a range +34200 +34800 9003 2003 1104.7566
a range +34800 +35400 2001 9003 1104.7848
a range +34800 +35400 2002 2006 0.0529
a range +34800 +35400 2003 2004 0.0226
a range +34800 +35400 2004 2003 0.0226
a range +34800 +35400 2005 2008 0.0617
a range +34800 +35400 2006 2002 0.0529
a range +34800 +35400 2007 9002 1103.3735
a range +34800 +35400 2008 2005 0.0617
a range +34800 +35400 9002 2007 1103.3735
a range +34800 +35400 9003 2001 1104.7848
a range +35400 +36000 2001 2003 0.0453
a range +35400 +36000 2002 2007 0.0543
a range +35400 +36000 2003 2001 0.0453
a range +35400 +36000 2004 9003 1104.7663
a range +35400 +36000 2005 2006 0.0376
a range +35400 +36000 2006 2005 0.0376
a range +35400 +36000 2007 2002 0.0543
a range +35400 +36000 2008 9002 1103.392
a range +35400 +36000 9002 2008 1103.392
a range +35400 +36000 9003 2004 1104.7663
a range +36000 +36600 2001 2007 0.0522
a range +36000 +36600 2002 2004 0.0495
a range +36000 +36600 2003 2008 0.0583
a range +36000 +36600 2004 2002 0.0495
a range +36000 +36600 2005 9002 1103.3882
a range +36000 +36600 2006 9003 1103.3115
a range +36000 +36600 2007 2001 0.0522
a range +36000 +36600 2008 2003 0.0583
a range +36000 +36600 9002 2005 1103.3882
a range +36000 +36600 9003 2006 1103.3115
a range +36600 +37200 2001 2004 0.0475
a range +36600 +37200 2002 9003 1103.8519
a range +36600 +37200 2003 2005 0.0529
a range +36600 +37200 2004 2001 0.0475
a range +36600 +37200 2005 2003 0.0529
a range +36600 +37200 2006 2008 0.0632
a range +36600 +37200 2007 9002 1103.3735
a range +36600 +37200 2008 2006 0.0632
a range +36600 +37200 9002 2007 1103.3735
a range +36600 +37200 9003 2002 1103.8519
a range +37200 +37800 2001 2005 0.0504
a range +37200 +37800 2002 9002 1103.3727
a range +37200 +37800 2003 2007 0.0581
a range +37200 +37800 2004 2006 0.0563
a range +37200 +37800 2005 2001 0.0504
a range +37200 +37800 2006 2004 0.0563
a range +37200 +37800 2007 2003 0.0581
a range +37200 +37800 2008 9003 1104.785
a range +37200 +37800 9002 2002 1103.3727
a range +37200 +37800 9003 2008 1104.785
a range +37800 +38400 2001 9003 1104.7848
a range +37800 +38400 2002 2006 0.0529
a range +37800 +38400 2003 9002 1103.4107
a range +37800 +38400 2004 2005 0.0244
a range +37800 +38400 2005 2004 0.0244
a range +37800 +38400 2006 2002 0.0529
a range +37800 +38400 2007 2008 0.0196
a range +37800 +38400 2008 2007 0.0196
a range +37800 +38400 9002 2003 1103.4107
a range +37800 +38400 9003 2001 1104.7848
a range +38400 +39000 2001 2006 0.0514
a range +38400 +39000 2002 2008 0.0563
a range +38400 +39000 2003 9003 1104.7566
a range +38400 +39000 2004 9002 1103.3968
a range +38400 +39000 2005 2007 0.0403
a range +38400 +39000 2006 2001 0.0514
a range +38400 +39000 2007 2005 0.0403
a range +38400 +39000 2008 2002 0.0563
a range +38400 +39000 9002 2004 1103.3968
a range +38400 +39000 9003 2003 1104.7566
a range +39000 +39600 2001 2004 0.0475
a range +39000 +39600 2002 9002 1103.3727
a range +39000 +39600 2003 2006 0.0558
a range +39000 +39600 2004 2001 0.0475
a range +39000 +39600 2005 9003 1104.7826
a range +39000 +39600 2006 2003 0.0558
a range +39000 +39600 2007 2008 0.0196
a range +39000 +39600 2008 2007 0.0196
a range +39000 +39600 9002 2002 1103.3727
a range +39000 +39600 9003 2005 1104.7826
a range +39600 +40200 2001 2007 0.0522
a range +39600 +40200 2002 9003 1103.8519
a range +39600 +40200 2003 2004 0.0226
a range +39600 +40200 2004 2003 0.0226
a range +39600 +40200 2005 2008 0.0617
a range +39600 +40200 2006 9002 1103.3222
a range +39600 +40200 2007 2001 0.0522
a range +39600 +40200 2008 2005 0.0617
a range +39600 +40200 9002 2006 1103.3222
a range +39600 +40200 9003 2002 1103.8519
a range +40200 +40800 2001 9002 1103.3976
a range +40200 +40800 2002 2005 0.0506
a range +40200 +40800 2003 2006 0.0558
a range +40200 +40800 2004 2008 0.0592
a range +40200 +40800 2005 2002 0.0506
a range +40200 +40800 2006 2003 0.0558
a range +40200 +40800 2007 9003 1104.794
a range +40200 +40800 2008 2004 0.0592
a range +40200 +40800 9002 2001 1103.3976
a range +40200 +40800 9003 2007 1104.794
a range +40800 +41400 2002 2007 0.0537
a range +40800 +41400 2003 9003 1104.7566
a range +40800 +41400 2004 2006 0.0563
a range +40800 +41400 2005 9002 1103.3882
a range +40800 +41400 2006 2004 0.0563
a range +40800 +41400 2007 2002 0.0537
a range +40800 +41400 9002 2005 1103.3882
a range +40800 +41400 9003 2003 1104.7566
a range +40800 +42000 2001 2008 0.0543
a range +41400 +42000 2002 2005 0.0506
a range +41400 +42000 2003 9002 1103.4107
a range +41400 +42000 2004 2007 0.0575
a range +41400 +42000 2005 2002 0.0506
a range +41400 +42000 2006 9003 1104.3991
a range +41400 +42000 2007 2004 0.0575
a range +40800 +42000 2008 2001 0.0543
a range +41400 +42000 9002 2003 1103.4107
a range +41400 +42000 9003 2006 1104.3991
a range +42000 +42600 2001 9002 1103.3976
a range +42000 +42600 2002 2004 0.0495
a range +42000 +42600 2003 2005 0.0392
a range +42000 +42600 2004 2002 0.0495
a range +42000 +42600 2005 2003 0.0392
a range +42000 +42600 2006 2008 0.0632
a range +42000 +42600 2007 9003 1104.794
a range +42000 +42600 2008 2006 0.0632
a range +42000 +42600 9002 2001 1103.3976
a range +42000 +42600 9003 2007 1104.794
a range +42600 +43200 2001 2003 0.0453
a range +42600 +43200 2003 2001 0.0453
a range +42600 +43200 2004 2008 0.0592
a range +42600 +43200 2005 9003 1104.7826
a range +42600 +43200 2006 2007 0.0609
a range +42600 +43200 2007 2006 0.0609
a range +42600 +43200 2008 2004 0.0592
a range +42600 +43200 9003 2005 1104.7826
a range +43200 +43800 2001 2006 0.0514
a range +43200 +43800 2003 2007 0.058
a range +43200 +43800 2004 2005 0.0244
a range +43200 +43800 2005 2004 0.0244
a range +43200 +43800 2006 2001 0.0514
a range +43200 +43800 2007 2003 0.058
a range +43200 +43800 2008 9003 1104.785
a range +43200 +43800 9003 2008 1104.785
a range +43800 +44400 2003 2008 0.0575
a range +43800 +44400 2004 9003 1104.7663
a range +43800 +44400 2005 2007 0.0403
a range +43800 +44400 2007 2005 0.0403
a range +43800 +44400 2008 2003 0.0575
a range +43800 +44400 9003 2004 1104.7663
a range +44400 +45000 2004 2007 0.0575
a range +44400 +45000 2005 2006 0.0376
a range +44400 +45000 2006 2005 0.0376
a range +44400 +45000 2007 2004 0.0575
a range +44400 +45000 2008 9003 1104.785
a range +44400 +45000 9003 2008 1104.785
a range +43800 +45600 2001 2002 0.0426
a range +43800 +45600 2002 2001 0.0426
a range +45000 +45600 2003 2004 0.0226
a range +45000 +45600 2004 2003 0.0226
a range +45000 +45600 2005 2008 0.0617
a range +45000 +45600 2007 9003 1104.794
a range +45000 +45600 2008 2005 0.0617
a range +45000 +45600 9003 2007 1104.794
a range +45600 +46200 2001 2005 0.0487
a range +45600 +46200 2002 9003 1103.8519
a range +45600 +46200 2003 2008 0.0575
a range +45600 +46200 2004 2007 0.0575
a range +45600 +46200 2005 2001 0.0487
a range +45600 +46200 2007 2004 0.0575
a range +45600 +46200 2008 2003 0.0575
a range +45600 +46200 9003 2002 1103.8519
a range +46200 +46800 2001 2007 0.0522
a range +46200 +46800 2002 2008 0.0563
a range +46200 +46800 2003 2005 0.0392
a range +46200 +46800 2005 2003 0.0392
a range +46200 +46800 2006 9003 1104.3991
a range +46200 +46800 2007 2001 0.0522
a range +46200 +46800 2008 2002 0.0563
a range +46200 +46800 9003 2006 1104.3991
a range +46800 +47400 2001 2008 0.0543
a range +46800 +47400 2002 2006 0.0522
a range +46800 +47400 2003 2007 0.058
a range +46800 +47400 2005 9003 1104.7826
a range +46800 +47400 2006 2002 0.0522
a range +46800 +47400 2007 2003 0.058
a range +46800 +47400 2008 2001 0.0543
a range +46800 +47400 9003 2005 1104.7826
a range +47400 +48000 2001 2003 0.0453
a range +47400 +48000 2003 2001 0.0453
a range +47400 +48000 2004 9003 1104.7663
a range +47400 +48000 2005 2007 0.0403
a range +47400 +48000 2006 2008 0.0632
a range +47400 +48000 2007 2005 0.0403
a range +47400 +48000 2008 2006 0.0632
a range +47400 +48000 9003 2004 1104.7663
a range +48000 +48600 2001 2004 0.0472
a range +48000 +48600 2003 9003 1104.7566
a range +48000 +48600 2004 2001 0.0472
a range +48000 +48600 2005 2006 0.0376
a range +48000 +48600 2006 2005 0.0376
a range +48000 +48600 2007 2008 0.0196
a range +48000 +48600 2008 2007 0.0196
a range +48000 +48600 9003 2003 1104.7566
a range +48600 +49200 2001 9003 1104.7848
a range +48600 +49200 2002 2006 0.0522
a range +48600 +49200 2003 2005 0.0392
a range +48600 +49200 2004 2008 0.0592
a range +48600 +49200 2005 2003 0.0392
a range +48600 +49200 2006 2002 0.0522
a range +48600 +49200 2008 2004 0.0592
a range +48600 +49200 9003 2001 1104.7848
a range +49200 +49800 2001 2006 0.0515
a range +49200 +49800 2002 9003 1103.8519
a range +49200 +49800 2003 2008 0.0575
a range +49200 +49800 2006 2001 0.0515
a range +49200 +49800 2008 2003 0.0575
a range +49200 +49800 9003 2002 1103.8519
a range +49800 +50400 2001 2008 0.0543
a range +49800 +50400 2002 2007 0.0554
a range +49200 +50400 2004 2005 0.0244
a range +49200 +50400 2005 2004 0.0244
a range +49800 +50400 2006 9003 1104.3991
a range +49800 +50400 2007 2002 0.0554
a range +49800 +50400 2008 2001 0.0543
a range +49800 +50400 9003 2006 1104.3991
a range +50400 +51000 2001 2007 0.0522
a range +50400 +51000 2002 2008 0.0563
a range +50400 +51000 2003 2006 0.0555
a range +50400 +51000 2005 9003 1104.7826
a range +50400 +51000 2006 2003 0.0555
a range +50400 +51000 2007 2001 0.0522
a range +50400 +51000 2008 2002 0.0563
a range +50400 +51000 9003 2005 1104.7826
a range +51000 +51600 2003 2004 0.0226
a range +51000 +51600 2004 2003 0.0226
a range +51000 +51600 2006 2007 0.061
a range +51000 +51600 2007 2006 0.061
a range +51000 +51600 2008 9003 1104.785
a range +51000 +51600 9003 2008 1104.785
a range +51600 +52200 2003 9003 1104.7566
a range +51600 +52200 2004 2006 0.0571
a range +51600 +52200 2005 2007 0.0403
a range +51600 +52200 2006 2004 0.0571
a range +51600 +52200 2007 2005 0.0403
a range +51600 +52200 9003 2003 1104.7566
a range +52200 +52800 2003 2006 0.0555
a range +52200 +52800 2004 9003 1104.7663
a range +52200 +52800 2005 2008 0.0617
a range +52200 +52800 2006 2003 0.0555
a range +52200 +52800 2007 9001 1105.0799
a range +52200 +52800 2008 2005 0.0617
a range +52200 +52800 9001 2007 1105.0799
a range +52200 +52800 9003 2004 1104.7663
a range +51000 +53400 2001 2002 0.028
a range +51000 +53400 2002 2001 0.028
a range +52800 +53400 2003 2005 0.0392
a range +52800 +53400 2004 2006 0.0571
a range +52800 +53400 2005 2003 0.0392
a range +52800 +53400 2006 2004 0.0571
a range +52800 +53400 2007 9003 1104.794
a range +52800 +53400 2008 9001 1105.0646
a range +52800 +53400 9001 2008 1105.0646
a range +52800 +53400 9003 2007 1104.794
a range +53400 +54000 2001 9003 1104.7848
a range +53400 +54000 2002 2004 0.0502
a range +53400 +54000 2003 9001 1105.0813
a range +53400 +54000 2004 2002 0.0502
a range +53400 +54000 2005 2006 0.0376
a range +53400 +54000 2006 2005 0.0376
a range +53400 +54000 2007 2008 0.0196
a range +53400 +54000 2008 2007 0.0196
a range +53400 +54000 9001 2003 1105.0813
a range +53400 +54000 9003 2001 1104.7848
a range +54000 +54600 2001 2002 0.028
a range +54000 +54600 2002 2001 0.028
a range +54000 +54600 2003 9003 1104.7566
a range +54000 +54600 2004 2007 0.0575
a range +54000 +54600 2005 9001 1105.0454
a range +54000 +54600 2006 2008 0.0632
a range +54000 +54600 2007 2004 0.0575
a range +54000 +54600 2008 2006 0.0632
a range +54000 +54600 9001 2005 1105.0454
a range +54000 +54600 9003 2003 1104.7566
a range +54600 +55200 2001 2003 0.0453
a range +54600 +55200 2002 2007 0.0554
a range +54600 +55200 2003 2001 0.0453
a range +54600 +55200 2004 2008 0.0596
a range +54600 +55200 2005 9003 1104.7826
a range +54600 +55200 2006 9001 1104.3927
a range +54600 +55200 2007 2002 0.0554
a range +54600 +55200 2008 2004 0.0596
a range +54600 +55200 9001 2006 1104.3927
a range +54600 +55200 9003 2005 1104.7826
a range +55200 +55800 2001 2004 0.0465
a range +55200 +55800 2002 2005 0.0513
a range +55200 +55800 2003 9001 1105.0813
a range +55200 +55800 2004 2001 0.0465
a range +55200 +55800 2005 2002 0.0513
a range +55200 +55800 2006 2007 0.061
a range +55200 +55800 2007 2006 0.061
a range +55200 +55800 2008 9003 1104.785
a range +55200 +55800 9001 2003 1105.0813
a range +55200 +55800 9003 2008 1104.785
a range +55800 +56400 2002 2004 0.0502
a range +55800 +56400 2003 2007 0.058
a range +55800 +56400 2004 2002 0.0502
a range +55800 +56400 2006 9003 1104.3991
a range +55800 +56400 2007 2003 0.058
a range +55800 +56400 2008 9001 1105.0646
a range +55800 +56400 9001 2008 1105.0646
a range +55800 +56400 9003 2006 1104.3991
a range +55800 +57000 2001 2005 0.0504
a range +56400 +57000 2002 9001 1104.5907
a range +56400 +57000 2003 2008 0.0587
a range +56400 +57000 2004 2006 0.0571
a range +55800 +57000 2005 2001 0.0504
a range +56400 +57000 2006 2004 0.0571
a range +56400 +57000 2007 9003 1104.794
a range +56400 +57000 2008 2003 0.0587
a range +56400 +57000 9001 2002 1104.5907
a range +56400 +57000 9003 2007 1104.794
a range +57000 +57600 2001 2002 0.028
a range +57000 +57600 2002 2001 0.028
a range +57000 +57600 2003 2006 0.0555
a range +57000 +57600 2004 9003 1104.7663
a range +57000 +57600 2005 2008 0.0617
a range +57000 +57600 2006 2003 0.0555
a range +57000 +57600 2007 9001 1105.0799
a range +57000 +57600 2008 2005 0.0617
a range +57000 +57600 9001 2007 1105.0799
a range +57000 +57600 9003 2004 1104.7663
a range +57600 +58200 2001 2007 0.0522
a range +57600 +58200 2002 9003 1104.6063
a range +57600 +58200 2003 2004 0.0226
a range +57600 +58200 2004 2003 0.0226
a range +57600 +58200 2005 9001 1105.0454
a range +57600 +58200 2006 2008 0.0632
a range +57600 +58200 2007 2001 0.0522
a range +57600 +58200 2008 2006 0.0632
a range +57600 +58200 9001 2005 1105.0454
a range +57600 +58200 9003 2002 1104.6063
a range +58200 +58800 2001 9003 1104.7848
a range +58200 +58800 2002 9001 1104.5907
a range +58200 +58800 2003 2007 0.058
a range +58200 +58800 2004 2008 0.0596
a range +58200 +58800 2005 2006 0.0376
a range +58200 +58800 2006 2005 0.0376
a range +58200 +58800 2007 2003 0.058
a range +58200 +58800 2008 2004 0.0596
a range +58200 +58800 9001 2002 1104.5907
a range +58200 +58800 9003 2001 1104.7848
a range +58800 +59400 2001 2008 0.0543
a range +58800 +59400 2002 2006 0.0544
a range +58800 +59400 2003 9003 1104.7566
a range +58800 +59400 2004 9001 1105.0655
a range +58800 +59400 2005 2007 0.0403
a range +58800 +59400 2006 2002 0.0544
a range +58800 +59400 2007 2005 0.0403
a range +58800 +59400 2008 2001 0.0543
a range +58800 +59400 9001 2004 1105.0655
a range +58800 +59400 9003 2003 1104.7566
a range +59400 +60000 2001 2003 0.0453
a range +59400 +60000 2003 2001 0.0453
a range +59400 +60000 2004 9003 1104.7663
a range +59400 +60000 2006 9001 1104.3927
a range +59400 +60000 2007 2008 0.0196
a range +59400 +60000 2008 2007 0.0196
a range +59400 +60000 9001 2006 1104.3927
a range +59400 +60000 9003 2004 1104.7663
a range +60000 +60600 2001 2006 0.0506
a range +59400 +60600 2002 2005 0.0516
a range +60000 +60600 2003 9001 1105.0813
a range +60000 +60600 2004 2007 0.0575
a range +59400 +60600 2005 2002 0.0516
a range +60000 +60600 2006 2001 0.0506
a range +60000 +60600 2007 2004 0.0575
a range +60000 +60600 2008 9003 1104.785
a range +60000 +60600 9001 2003 1105.0813
a range +60000 +60600 9003 2008 1104.785
a range +60600 +61200 2001 9001 1105.0487
a range +60600 +61200 2002 2006 0.0544
a range +60600 +61200 2003 2008 0.0587
a range +60600 +61200 2006 2002 0.0544
a range +60600 +61200 2007 9003 1104.794
a range +60600 +61200 2008 2003 0.0587
a range +60600 +61200 9001 2001 1105.0487
a range +60600 +61200 9003 2007 1104.794
a range +61200 +61800 2001 2002 0.028
a range +61200 +61800 2002 2001 0.028
a range +61200 +61800 2003 2007 0.058
a range +60600 +61800 2004 2005 0.0244
a range +60600 +61800 2005 2004 0.0244
a range +61200 +61800 2006 9003 1104.3991
a range +61200 +61800 2007 2003 0.058
a range +61200 +61800 2008 9001 1105.0646
a range +61200 +61800 9001 2008 1105.0646
a range +61200 +61800 9003 2006 1104.3991
a range +61800 +62400 2001 9003 1104.7848
a range +61800 +62400 2002 2007 0.0536
a range +61800 +62400 2003 2005 0.0392
a range +61800 +62400 2004 9001 1105.0655
a range +61800 +62400 2005 2003 0.0392
a range +61800 +62400 2006 2008 0.0635
a range +61800 +62400 2007 2002 0.0536
a range +61800 +62400 2008 2006 0.0635
a range +61800 +62400 9001 2004 1105.0655
a range +61800 +62400 9003 2001 1104.7848
a range +62400 +63000 2001 2006 0.0506
a range +62400 +63000 2002 2008 0.0555
a range +62400 +63000 2003 2004 0.0226
a range +62400 +63000 2004 2003 0.0226
a range +62400 +63000 2005 9003 1104.7826
a range +62400 +63000 2006 2001 0.0506
a range +62400 +63000 2007 9001 1105.0799
a range +62400 +63000 2008 2002 0.0555
a range +62400 +63000 9001 2007 1105.0799
a range +62400 +63000 9003 2005 1104.7826
a range +63000 +63600 2001 9001 1105.0487
a range +63000 +63600 2002 9003 1104.6063
a range +63000 +63600 2003 2006 0.0538
a range +63000 +63600 2004 2007 0.0575
a range +63000 +63600 2005 2008 0.0617
a range +63000 +63600 2006 2003 0.0538
a range +63000 +63600 2007 2004 0.0575
a range +63000 +63600 2008 2005 0.0617
a range +63000 +63600 9001 2001 1105.0487
a range +63000 +63600 9003 2002 1104.6063
a range +63600 +64200 2001 2005 0.0487
a range +63600 +64200 2002 9001 1104.5907
a range +63600 +64200 2003 9003 1104.7566
a range +63600 +64200 2004 2006 0.0556
a range +63600 +64200 2005 2001 0.0487
a range +63600 +64200 2006 2004 0.0556
a range +63600 +64200 2007 2008 0.0196
a range +63600 +64200 2008 2007 0.0196
a range +63600 +64200 9001 2002 1104.5907
a range +63600 +64200 9003 2003 1104.7566
a range +64200 +64800 2001 2003 0.0453
a range +64200 +64800 2002 2008 0.0555
a range +64200 +64800 2003 2001 0.0453
a range +64200 +64800 2004 9003 1104.7663
a range +64200 +64800 2005 2007 0.0403
a range +64200 +64800 2006 9001 1104.3927
a range +64200 +64800 2007 2005 0.0403
a range +64200 +64800 2008 2002 0.0555
a range +64200 +64800 9001 2006 1104.3927
a range +64200 +64800 9003 2004 1104.7663
a range +64800 +65400 2001 2008 0.0543
a range +64800 +65400 2002 2007 0.0536
a range +64800 +65400 2003 2004 0.0226
a range +64800 +65400 2004 2003 0.0226
a range +64800 +65400 2005 9001 1105.0454
a range +64800 +65400 2006 9003 1104.3991
a range +64800 +65400 2007 2002 0.0536
a range +64800 +65400 2008 2001 0.0543
a range +64800 +65400 9001 2005 1105.0454
a range +64800 +65400 9003 2006 1104.3991
a range +65400 +66000 2001 2007 0.0525
a range +65400 +66000 2002 2004 0.0485
a range +65400 +66000 2003 9001 1105.0813
a range +65400 +66000 2004 2002 0.0485
a range +65400 +66000 2005 2006 0.0376
a range +65400 +66000 2006 2005 0.0376
a range +65400 +66000 2007 2001 0.0525
a range +65400 +66000 2008 9003 1104.785
a range +65400 +66000 9001 2003 1105.0813
a range +65400 +66000 9003 2008 1104.785
a range +66000 +66600 2002 9003 1104.6063
a range +66000 +66600 2003 2005 0.0392
a range +66000 +66600 2005 2003 0.0392
a range +66000 +66600 2008 9001 1105.0646
a range +66000 +66600 9001 2008 1105.0646
a range +66000 +66600 9003 2002 1104.6063
a range +66000 +67200 2001 2004 0.0486
a range +66600 +67200 2002 9001 1104.5907
a range +66600 +67200 2003 2008 0.0587
a range +66000 +67200 2004 2001 0.0486
a range +66600 +67200 2005 9003 1104.7826
a range +66000 +67200 2006 2007 0.0612
a range +66000 +67200 2007 2006 0.0612
a range +66600 +67200 2008 2003 0.0587
a range +66600 +67200 9001 2002 1104.5907
a range +66600 +67200 9003 2005 1104.7826
a range +67200 +67800 2001 2002 0.028
a range +67200 +67800 2002 2001 0.028
a range +67200 +67800 2003 2006 0.0538
a range +67200 +67800 2004 9001 1105.0655
a range +67200 +67800 2005 2008 0.0617
a range +67200 +67800 2006 2003 0.0538
a range +67200 +67800 2007 9003 1104.794
a range +67200 +67800 2008 2005 0.0617
a range +67200 +67800 9001 2004 1105.0655
a range +67200 +67800 9003 2007 1104.794
a range +67800 +68400 2001 9003 1104.7848
a range +67800 +68400 2002 2007 0.0536
a range +67800 +68400 2003 2005 0.0392
a range +67800 +68400 2004 2008 0.06
a range +67800 +68400 2005 2003 0.0392
a range +67800 +68400 2006 9001 1104.3927
a range +67800 +68400 2007 2002 0.0536
a range +67800 +68400 2008 2004 0.06
a range +67800 +68400 9001 2006 1104.3927
a range +67800 +68400 9003 2001 1104.7848
a range +68400 +69000 2001 2008 0.0543
a range +68400 +69000 2002 2006 0.0537
a range +68400 +69000 2003 2007 0.0579
a range +68400 +69000 2004 9003 1104.7663
a range +68400 +69000 2005 9001 1105.0454
a range +68400 +69000 2006 2002 0.0537
a range +68400 +69000 2007 2003 0.0579
a range +68400 +69000 2008 2001 0.0543
a range +68400 +69000 9001 2005 1105.0454
a range +68400 +69000 9003 2004 1104.7663
a range +69000 +69600 2001 2005 0.0487
a range +69000 +69600 2002 2008 0.0555
a range +69000 +69600 2003 9003 1104.7566
a range +69000 +69600 2004 2006 0.0556
a range +69000 +69600 2005 2001 0.0487
a range +69000 +69600 2006 2004 0.0556
a range +69000 +69600 2007 9001 1105.0799
a range +69000 +69600 2008 2002 0.0555
a range +69000 +69600 9001 2007 1105.0799
a range +69000 +69600 9003 2003 1104.7566
a range +69600 +70200 2001 9001 1105.0487
a range +69600 +70200 2002 9003 1104.6063
a range +69600 +70200 2003 2006 0.0538
a range +69600 +70200 2004 2005 0.0244
a range +69600 +70200 2005 2004 0.0244
a range +69600 +70200 2006 2003 0.0538
a range +69600 +70200 2007 2008 0.0196
a range +69600 +70200 2008 2007 0.0196
a range +69600 +70200 9001 2001 1105.0487
a range +69600 +70200 9003 2002 1104.6063
a range +70200 +70800 2001 2002 0.028
a range +70200 +70800 2002 2001 0.028
a range +70200 +70800 2003 9001 1105.0813
a range +70200 +70800 2004 2007 0.0575
a range +70200 +70800 2005 2006 0.0376
a range +70200 +70800 2006 2005 0.0376
a range +70200 +70800 2007 2004 0.0575
a range +70200 +70800 2008 9003 1104.785
a range +70200 +70800 9001 2003 1105.0813
a range +70200 +70800 9003 2008 1104.785
a range +70800 +71400 2001 2003 0.0453
a range +70800 +71400 2002 2005 0.0505
a range +70800 +71400 2003 2001 0.0453
a range +70800 +71400 2004 9001 1105.0655
a range +70800 +71400 2005 2002 0.0505
a range +70800 +71400 2006 2008 0.0635
a range +70800 +71400 2007 9003 1104.794
a range +70800 +71400 2008 2006 0.0635
a range +70800 +71400 9001 2004 1105.0655
a range +70800 +71400 9003 2007 1104.794
a range +71400 +72000 2001 2006 0.0506
a range +71400 +72000 2002 9001 1104.5907
a range +71400 +72000 2003 2007 0.0579
a range +71400 +72000 2004 2008 0.06
a range +71400 +72000 2005 9003 1104.7826
a range +71400 +72000 2006 2001 0.0506
a range +71400 +72000 2007 2003 0.0579
a range +71400 +72000 2008 2004 0.06
a range +71400 +72000 9001 2002 1104.5907
a range +71400 +72000 9003 2005 1104.7826
a range +72000 +72600 2001 2007 0.0525
a range +72000 +72600 2002 2005 0.0505
a range +72000 +72600 2003 2004 0.0226
a range +72000 +72600 2004 2003 0.0226
a range +72000 +72600 2005 2002 0.0505
a range +72000 +72600 2006 9003 1104.7567
a range +72000 +72600 2007 2001 0.0525
a range +72000 +72600 2008 9001 1105.0646
a range +72000 +72600 9001 2008 1105.0646
a range +72000 +72600 9003 2006 1104.7567
a range +72600 +73200 2001 9003 1104.7848
a range +72600 +73200 2002 2004 0.0485
a range +72600 +73200 2003 2008 0.0587
a range +72600 +73200 2004 2002 0.0485
a range +72600 +73200 2005 2007 0.0403
a range +72600 +73200 2006 9001 1105.0376
a range +72600 +73200 2007 2005 0.0403
a range +72600 +73200 2008 2003 0.0587
a range +72600 +73200 9001 2006 1105.0376
a range +72600 +73200 9003 2001 1104.7848
a range +73200 +73800 2001 2005 0.0503
a range +73200 +73800 2002 2006 0.0537
a range +73200 +73800 2003 9003 1104.7566
a range +73200 +73800 2004 2008 0.06
a range +73200 +73800 2005 2001 0.0503
a range +73200 +73800 2006 2002 0.0537
a range +73200 +73800 2007 9001 1105.0799
a range +73200 +73800 2008 2004 0.06
a range +73200 +73800 9001 2007 1105.0799
a range +73200 +73800 9003 2003 1104.7566
a range +73800 +74400 2001 2006 0.0506
a range +73800 +74400 2002 2007 0.0538
a range +73800 +74400 2003 2004 0.0226
a range +73800 +74400 2004 2003 0.0226
a range +73800 +74400 2005 9001 1105.0454
a range +73800 +74400 2006 2001 0.0506
a range +73800 +74400 2007 2002 0.0538
a range +73800 +74400 2008 9003 1104.785
a range +73800 +74400 9001 2005 1105.0454
a range +73800 +74400 9003 2008 1104.785
a range +74400 +75000 2001 2004 0.0472
a range +74400 +75000 2002 2008 0.0336
a range +74400 +75000 2003 9001 1105.0813
a range +74400 +75000 2004 2001 0.0472
a range +74400 +75000 2005 2006 0.0376
a range +74400 +75000 2006 2005 0.0376
a range +74400 +75000 2007 9003 1104.794
a range +74400 +75000 2008 2002 0.0336
a range +74400 +75000 9001 2003 1105.0813
a range +74400 +75000 9003 2007 1104.794
a range +75000 +75600 2001 9001 1105.0487
a range +75000 +75600 2002 2004 0.0485
a range +75000 +75600 2003 2005 0.0392
a range +75000 +75600 2004 2002 0.0485
a range +75000 +75600 2005 2003 0.0392
a range +75000 +75600 2006 9003 1104.7567
a range +75000 +75600 2007 2008 0.0196
a range +75000 +75600 2008 2007 0.0196
a range +75000 +75600 9001 2001 1105.0487
a range +75000 +75600 9003 2006 1104.7567
a range +75600 +76200 2001 2002 0.028
a range +75600 +76200 2002 2001 0.028
a range +75600 +76200 2003 9003 1104.7566
a range +75600 +76200 2004 2007 0.0575
a range +75600 +76200 2005 2008 0.0617
a range +75600 +76200 2006 9001 1105.0376
a range +75600 +76200 2007 2004 0.0575
a range +75600 +76200 2008 2005 0.0617
a range +75600 +76200 9001 2006 1105.0376
a range +75600 +76200 9003 2003 1104.7566
a range +76200 +76800 2001 2003 0.0464
a range +76200 +76800 2002 9003 1104.7828
a range +76200 +76800 2003 2001 0.0464
a range +76200 +76800 2004 2006 0.0527
a range +76200 +76800 2005 2007 0.0403
a range +76200 +76800 2006 2004 0.0527
a range +76200 +76800 2007 2005 0.0403
a range +76200 +76800 2008 9001 1105.0646
a range +76200 +76800 9001 2008 1105.0646
a range +76200 +76800 9003 2002 1104.7828
a range +76800 +77400 2001 2007 0.0438
a range +76800 +77400 2002 2008 0.0336
a range +76800 +77400 2003 2006 0.0537
a range +76800 +77400 2004 9003 1104.7663
a range +76800 +77400 2005 9001 1105.0454
a range +76800 +77400 2006 2003 0.0537
a range +76800 +77400 2007 2001 0.0438
a range +76800 +77400 2008 2002 0.0336
a range +76800 +77400 9001 2005 1105.0454
a range +76800 +77400 9003 2004 1104.7663
a range +77400 +78000 2001 9003 1104.7848
a range +77400 +78000 2002 9001 1105.0379
a range +77400 +78000 2003 2007 0.0579
a range +77400 +78000 2004 2005 0.0244
a range +77400 +78000 2005 2004 0.0244
a range +77400 +78000 2006 2008 0.0583
a range +77400 +78000 2007 2003 0.0579
a range +77400 +78000 2008 2006 0.0583
a range +77400 +78000 9001 2002 1105.0379
a range +77400 +78000 9003 2001 1104.7848
a range +78000 +78600 2001 2008 0.0364
a range +78000 +78600 2002 2004 0.0485
a range +78000 +78600 2003 2006 0.0537
a range +78000 +78600 2004 2002 0.0485
a range +78000 +78600 2005 9003 1104.7826
a range +78000 +78600 2006 2003 0.0537
a range +78000 +78600 2007 9001 1105.0799
a range +78000 +78600 2008 2001 0.0364
a range +78000 +78600 9001 2007 1105.0799
a range +78000 +78600 9003 2005 1104.7826
a range +78600 +79200 2001 2003 0.0464
a range +78600 +79200 2003 2001 0.0464
a range +78600 +79200 2004 9001 1105.0655
a range +78600 +79200 2005 2006 0.0376
a range +78600 +79200 2006 2005 0.0376
a range +78600 +79200 2008 9002 1105.0718
a range +78600 +79200 9001 2004 1105.0655
a range +78600 +79200 9002 2008 1105.0718
a range +79200 +79800 2001 9001 1105.0487
a range +78600 +79800 2002 2007 0.0538
a range +79200 +79800 2003 9002 1105.0886
a range +79200 +79800 2004 2005 0.0244
a range +79200 +79800 2005 2004 0.0244
a range +79200 +79800 2006 2008 0.0583
a range +78600 +79800 2007 2002 0.0538
a range +79200 +79800 2008 2006 0.0583
a range +79200 +79800 9001 2001 1105.0487
a range +79200 +79800 9002 2003 1105.0886
a range +79800 +80400 2001 2004 0.0472
a range +79800 +80400 2002 2006 0.0378
a range +79800 +80400 2003 9001 1105.0813
a range +79800 +80400 2004 2001 0.0472
a range +79800 +80400 2005 2008 0.0264
a range +79800 +80400 2006 2002 0.0378
a range +79800 +80400 2007 9002 1105.0871
a range +79800 +80400 2008 2005 0.0264
a range +79800 +80400 9001 2003 1105.0813
a range +79800 +80400 9002 2007 1105.0871
a range +80400 +81000 2001 2002 0.028
a range +80400 +81000 2002 2001 0.028
a range +80400 +81000 2003 2008 0.0288
a range +80400 +81000 2004 9001 1105.0655
a range +80400 +81000 2005 2007 0.0403
a range +80400 +81000 2006 9002 1105.0448
a range +80400 +81000 2007 2005 0.0403
a range +80400 +81000 2008 2003 0.0288
a range +80400 +81000 9001 2004 1105.0655
a range +80400 +81000 9002 2006 1105.0448
a range +81000 +81600 2001 2008 0.0364
a range +81000 +81600 2002 9001 1105.0379
a range +81000 +81600 2004 9002 1105.0728
a range +81000 +81600 2008 2001 0.0364
a range +81000 +81600 9001 2002 1105.0379
a range +81000 +81600 9002 2004 1105.0728
a range +81600 +82200 2001 9001 1105.0487
a range +81600 +82200 2002 9002 1105.0451
a range +81000 +82200 2003 2005 0.0392
a range +81600 +82200 2004 2008 0.0073
a range +81000 +82200 2005 2003 0.0392
a range +81000 +82200 2006 2007 0.0612
a range +81000 +82200 2007 2006 0.0612
a range +81600 +82200 2008 2004 0.0073
a range +81600 +82200 9001 2001 1105.0487
a range +81600 +82200 9002 2002 1105.0451
a range +82200 +82800 2001 2006 0.0239
a range +82200 +82800 2002 2005 0.0228
a range +82200 +82800 2003 9001 1105.0813
a range +82200 +82800 2004 9002 1105.0728
a range +82200 +82800 2005 2002 0.0228
a range +82200 +82800 2006 2001 0.0239
a range +82200 +82800 2007 2008 0.0196
a range +82200 +82800 2008 2007 0.0196
a range +82200 +82800 9001 2003 1105.0813
a range +82200 +82800 9002 2004 1105.0728
a range +82800 +83400 2001 2007 0.0438
a range +82800 +83400 2002 9002 1105.0451
a range +82800 +83400 2003 2008 0.0288
a range +82800 +83400 2004 2006 0.0527
a range +82800 +83400 2005 9001 1105.0454
a range +82800 +83400 2006 2004 0.0527
a range +82800 +83400 2007 2001 0.0438
a range +82800 +83400 2008 2003 0.0288
a range +82800 +83400 9001 2005 1105.0454
a range +82800 +83400 9002 2002 1105.0451
a range +83400 +84000 2001 2002 0.028
a range +83400 +84000 2002 2001 0.028
a range +83400 +84000 2003 2004 0.0226
a range +83400 +84000 2004 2003 0.0226
a range +83400 +84000 2005 9002 1105.0527
a range +83400 +84000 2006 2007 0.0612
a range +83400 +84000 2007 2006 0.0612
a range +83400 +84000 2008 9001 1105.0646
a range +83400 +84000 9001 2008 1105.0646
a range +83400 +84000 9002 2005 1105.0527
a range +84000 +84600 2004 2007 0.0166
a range +84000 +84600 2006 9001 1105.0376
a range +84000 +84600 2007 2004 0.0166
a range +84000 +84600 2008 9002 1105.0718
a range +84000 +84600 9001 2006 1105.0376
a range +84000 +84600 9002 2008 1105.0718
a range +84000 +85200 2001 2005 0.0163
a range +84600 +85200 2004 2008 0.0073
a range +84000 +85200 2005 2001 0.0163
a range +84600 +85200 2006 9002 1105.0448
a range +84600 +85200 2007 9001 1105.0799
a range +84600 +85200 2008 2004 0.0073
a range +84600 +85200 9001 2007 1105.0799
a range +84600 +85200 9002 2006 1105.0448
a range +85200 +85800 2001 2004 0.0315
a range +85200 +85800 2004 2001 0.0315
a range +85200 +85800 2005 2006 0.0376
a range +85200 +85800 2006 2005 0.0376
a range +85200 +85800 2007 9002 1105.0871
a range +85200 +85800 2008 9001 1105.0646
a range +85200 +85800 9001 2008 1105.0646
a range +85200 +85800 9002 2007 1105.0871
a range +85800 +86400 2001 2006 0.0239
a range +84000 +86400 2002 2003 0.0446
a range +84000 +86400 2003 2002 0.0446
a range +85800 +86400 2004 2005 0.0244
a range +85800 +86400 2005 2004 0.0244
a range +85800 +86400 2006 2001 0.0239
a range +85800 +86400 2007 9001 1105.0799
a range +85800 +86400 2008 9002 1105.0718
a range +85800 +86400 9001 2007 1105.0799
a range +85800 +86400 9002 2008 1105.0718
